timestamp_UT, r0_L, r0_T, scint_L, scint_R, mean_counts_L, mean_counts_R, bg_flux_mean, bg_flux_std
2025-11-27 19:55:11, 0.1138946708, 0.0827073718, 0.0362699282, 0.0284605792, 2942.7451, 2764.0588, 763.1500, 18.8326
2025-11-27 19:55:16, 0.0866553241, 0.1025327687, 0.0284594293, 0.0328413274, 2865.1884, 2729.4783, 766.6150, 19.3121
2025-11-27 19:55:22, 0.1338070350, 0.1178274346, 0.0463804133, 0.0314473968, 2908.8727, 2762.4727, 763.3950, 17.6609
2025-11-27 19:55:28, 0.1094177822, 0.1030944780, 0.0281039353, 0.0266697623, 2837.4167, 2696.2083, 763.4550, 17.0745
2025-11-27 19:55:33, 0.1704152083, 0.1339981293, 0.0311731734, 0.0355340789, 2948.3968, 2896.7937, 765.7000, 18.9760
2025-11-27 19:55:39, 0.1355619567, 0.1208336863, 0.0395343366, 0.0355541621, 2855.1167, 2758.3167, 767.4350, 18.3672
2025-11-27 19:55:45, 0.0829480093, 0.0856057541, 0.0509066686, 0.0425183508, 2877.1481, 2780.3519, 766.0600, 19.6778
2025-11-27 19:55:50, 0.0783726267, 0.0793650255, 0.0478706982, 0.0481899652, 2908.9867, 2724.7733, 767.3800, 18.9546
2025-11-27 19:55:56, 0.1075001131, 0.0908524616, 0.0496400536, 0.0385944911, 3072.4082, 2830.3061, 765.3700, 18.3819
2025-11-27 19:56:02, 0.1445605504, 0.1033090255, 0.0604743107, 0.0393899752, 3156.4419, 2990.7209, 764.3350, 16.1732
2025-11-27 19:56:07, 0.1235557517, 0.1088671457, 0.0554353638, 0.0522416131, 2821.6957, 2796.4638, 764.8900, 17.8025
2025-11-27 19:56:13, 0.1042229355, 0.1421700806, 0.0400717369, 0.0272956499, 3070.7833, 2892.8500, 764.4950, 19.7714
2025-11-27 19:56:19, 0.1707114294, 0.1262944467, 0.0532344177, 0.0450782898, 3055.5000, 2891.3030, 764.0750, 20.1549
2025-11-27 19:56:25, 0.1312786651, 0.1130539154, 0.0495358206, 0.0521339778, 3096.1493, 2974.1493, 764.1900, 18.5441
2025-11-27 19:56:31, 0.1318193187, 0.1457888960, 0.0278707568, 0.0271747139, 3020.2931, 2790.3966, 765.1400, 17.5576
2025-11-27 19:56:36, 0.2097328715, 0.1359304916, 0.0439394743, 0.0411122978, 3019.1800, 2908.1800, 766.4150, 18.5619
2025-11-27 19:56:42, 0.1695689034, 0.1275778389, 0.0416621644, 0.0255289485, 2976.1429, 2813.2857, 764.9050, 17.5666
2025-11-27 19:56:48, 0.0983272427, 0.1045251173, 0.0332812257, 0.0435174662, 2830.9048, 2775.2698, 767.3050, 18.4849
2025-11-27 19:56:55, 0.1541979142, 0.1598767199, 0.0414140383, 0.0436924214, 2753.7917, 2769.2500, 758.2050, 18.1191
2025-11-27 19:57:00, 0.1603558120, 0.1533949897, 0.0376762751, 0.0365641701, 2961.5000, 2856.8148, 764.9550, 19.4831
2025-11-27 19:57:06, 0.1230800756, 0.1273457091, 0.0343573224, 0.0353275008, 3019.9500, 2852.0000, 768.1950, 19.3697
2025-11-27 19:57:11, 0.2158058888, 0.2054036845, 0.0545215240, 0.0575259667, 2861.8889, 2776.3810, 765.9700, 21.1265
2025-11-27 19:57:17, 0.1107408069, 0.1227435794, 0.0762537300, 0.0488119990, 2916.0517, 2831.1034, 766.3750, 18.6315
2025-11-27 19:57:23, 0.1542959074, 0.1327167054, 0.0432809352, 0.0425683191, 2765.9062, 2686.3750, 772.4600, 22.8409
2025-11-27 19:57:29, 0.1457695765, 0.1226635751, 0.0406615338, 0.0339508041, 2995.9811, 2912.9434, 768.9850, 18.8217
2025-11-27 19:57:35, 0.1757132576, 0.1497548506, 0.0397472984, 0.0311795535, 2818.2600, 2673.8400, 768.8550, 19.1142
2025-11-27 19:57:40, 0.1765591972, 0.2033891363, 0.0578109014, 0.0537996466, 2973.6400, 2845.1800, 769.0450, 19.8425
2025-11-27 19:57:46, 0.1937965832, 0.1734775799, 0.0598701995, 0.0458364910, 2887.5909, 2811.8030, 765.5300, 22.1364
2025-11-27 19:57:52, 0.1039797205, 0.0926562215, 0.0573507271, 0.0602168016, 2808.8983, 2713.1525, 772.1350, 23.3081
2025-11-27 19:57:57, 0.1251248263, 0.1149527885, 0.0721820479, 0.0731796819, 2839.8060, 2753.8657, 769.5000, 20.4749
2025-11-27 19:58:03, 0.0846124143, 0.0945580962, 0.0603902924, 0.0530761885, 2825.6792, 2797.0377, 770.2450, 22.9855
2025-11-27 19:58:09, 0.1413380306, 0.1018951414, 0.0771844266, 0.0872574836, 3047.8393, 2839.8571, 771.2850, 22.5365
2025-11-27 19:58:14, 0.1618388709, 0.1349336075, 0.0484885487, 0.0435634430, 2785.6393, 2661.6230, 770.1600, 20.7508
2025-11-27 19:58:20, 0.1437503347, 0.1206715317, 0.0340744909, 0.0337671735, 2845.3333, 2764.3571, 769.1800, 20.8052
2025-11-27 19:58:26, 0.2375183845, 0.1438967558, 0.0800668584, 0.0493720993, 2886.1471, 2728.1324, 768.0650, 20.5551
2025-11-27 19:58:32, 0.1618277403, 0.1340875172, 0.0558045298, 0.0463116798, 2935.9836, 2938.9508, 763.8750, 18.4266
2025-11-27 19:58:37, 0.1304435144, 0.1370349159, 0.0312876387, 0.0391188676, 2832.2239, 2795.6418, 762.5250, 16.8481
2025-11-27 19:58:43, 0.0990380435, 0.0862588954, 0.0515144023, 0.0521343479, 2915.5143, 2888.4429, 764.9900, 19.9464
2025-11-27 19:58:49, 0.1073133488, 0.1224075310, 0.0548719944, 0.0359441523, 2986.0000, 2852.5143, 763.1900, 19.3921
2025-11-27 19:58:55, 0.0804149443, 0.0734295852, 0.0407233680, 0.0322716055, 3041.8082, 2918.1096, 766.6650, 17.0254
2025-11-27 19:59:00, 0.1976179446, 0.1382881289, 0.0411059497, 0.0356452286, 2961.1905, 2719.5873, 762.6750, 19.7818
2025-11-27 19:59:06, 0.1011376805, 0.0962188062, 0.0889556008, 0.0655271915, 2900.1094, 2863.8750, 763.2100, 17.8305
2025-11-27 19:59:11, 0.1200685200, 0.0899316688, 0.0510379158, 0.0376835250, 2810.9508, 2716.3607, 760.7150, 18.2424
2025-11-27 19:59:17, 0.1464330070, 0.1305389977, 0.0791783990, 0.0593890543, 2973.3710, 2901.6935, 763.5200, 19.1178
2025-11-27 19:59:23, 0.1777262820, 0.1134472557, 0.0589014627, 0.0717357752, 2917.4667, 2820.6167, 762.5150, 17.5926
2025-11-27 19:59:29, 0.1270007855, 0.1284221741, 0.0442404582, 0.0405664543, 3069.2549, 2991.5294, 764.5050, 17.8919
2025-11-27 19:59:34, 0.1332659982, 0.1149115317, 0.0331713960, 0.0337014809, 2750.2500, 2750.5536, 763.2900, 15.9673
2025-11-27 19:59:40, 0.1125692225, 0.1082416657, 0.0413169670, 0.0462192046, 3063.1053, 2872.2456, 765.9400, 17.0299
2025-11-27 19:59:46, 0.1545925990, 0.1834998814, 0.0476724727, 0.0418708855, 2911.6061, 2785.3485, 770.9400, 19.6040
2025-11-27 19:59:51, 0.1516402552, 0.1218729299, 0.0427592889, 0.0355841775, 2905.0649, 2755.7403, 766.3800, 17.4764
2025-11-27 19:59:58, 0.1396591982, 0.1116883940, 0.0300716424, 0.0358355786, 2877.8644, 2821.4576, 769.4300, 19.5450
2025-11-27 20:00:03, 0.1553608850, 0.1479112291, 0.0434284130, 0.0332785804, 3029.0566, 2763.3774, 766.7900, 18.4260
2025-11-27 20:00:09, 0.1946091452, 0.1488893608, 0.0278506056, 0.0329925141, 3001.5926, 2735.6481, 767.7650, 19.0678
2025-11-27 20:00:15, 0.2056437253, 0.1773508523, 0.0267689466, 0.0187816752, 3030.4386, 2837.7193, 766.0150, 17.7675
2025-11-27 20:00:20, 0.1902593721, 0.1709892522, 0.0321247399, 0.0334966371, 2899.3200, 2754.2600, 766.4850, 18.1689
2025-11-27 20:00:26, 0.1647030238, 0.1652380928, 0.0306876144, 0.0327422105, 2897.2951, 2765.3770, 766.5100, 18.2420
2025-11-27 20:00:32, 0.1307258182, 0.1033339426, 0.0504283136, 0.0599277816, 2770.3500, 2795.5667, 770.6800, 17.5062
2025-11-27 20:00:37, 0.1736103779, 0.1594651247, 0.0459998737, 0.0402727425, 2802.7544, 2732.6667, 771.2100, 16.5489
2025-11-27 20:00:43, 0.1215868073, 0.1251444414, 0.0364140338, 0.0348148364, 2980.2976, 2803.8452, 766.5850, 16.6374
2025-11-27 20:00:49, 0.1428894712, 0.1153969990, 0.0658914066, 0.0770741556, 3009.5625, 2886.8958, 768.2050, 16.8681
2025-11-27 20:00:55, 0.0981679882, 0.0976587538, 0.0547365303, 0.0439669077, 2806.4808, 2721.3654, 769.1050, 17.9948
2025-11-27 20:01:00, 0.0780153863, 0.0906235252, 0.0616065907, 0.0528061250, 3102.5273, 2956.1636, 769.0500, 17.8364
2025-11-27 20:01:06, 0.1547390995, 0.1055752699, 0.0380403229, 0.0421259001, 3041.6667, 2928.0175, 767.3100, 18.4709
2025-11-27 20:01:12, 0.0852995499, 0.0774673393, 0.0421379030, 0.0356236203, 2891.2167, 2721.0833, 767.8250, 18.5260
2025-11-27 20:01:18, 0.1238785532, 0.0973120291, 0.0394457344, 0.0322312862, 3050.4789, 2790.4930, 766.9550, 17.2677
2025-11-27 20:01:24, 0.1442784499, 0.1354899050, 0.0384621450, 0.0344157625, 2920.5758, 2754.0606, 765.2100, 17.1054
2025-11-27 20:01:29, 0.1085628489, 0.0900258878, 0.0427312754, 0.0399377009, 3051.8060, 2890.9104, 767.9350, 18.6792
2025-11-27 20:01:35, 0.1213964623, 0.1066474539, 0.0482140518, 0.0463146249, 2826.7308, 2731.0385, 764.3600, 18.5559
2025-11-27 20:01:41, 0.1267405191, 0.1062273279, 0.0477532956, 0.0286092980, 2807.4462, 2694.2462, 764.5250, 18.0668
2025-11-27 20:01:47, 0.1730587970, 0.1686547789, 0.0376449804, 0.0387114363, 3031.3182, 2921.9394, 765.8450, 17.1076
2025-11-27 20:01:52, 0.0888376484, 0.0985157772, 0.0290575928, 0.0221520988, 2807.9400, 2695.3200, 764.7550, 18.8376
2025-11-27 20:01:58, 0.0875003820, 0.0639476426, 0.0494961484, 0.0394199607, 2822.8689, 2636.9344, 760.9700, 16.9641
2025-11-27 20:02:04, 0.1638893481, 0.1076244159, 0.0328566613, 0.0327050354, 2864.3276, 2810.4655, 765.6750, 19.4879
2025-11-27 20:02:09, 0.1590083925, 0.1864310726, 0.0666412243, 0.0302696128, 2992.3488, 2839.9070, 763.1500, 18.4794
2025-11-27 20:02:15, 0.1712914176, 0.1348823194, 0.0658534408, 0.0588567515, 2864.0933, 2826.8000, 763.2050, 15.7090
2025-11-27 20:02:21, 0.1281462878, 0.1412110113, 0.0716569136, 0.0630379340, 2873.1071, 2757.3929, 764.7450, 17.1491
2025-11-27 20:02:26, 0.1315355872, 0.1201076121, 0.0283181830, 0.0311950724, 2902.1452, 2756.4355, 763.9300, 18.0772
2025-11-27 20:02:32, 0.1457886052, 0.1616043581, 0.0327167631, 0.0319552567, 3018.6786, 2794.3571, 762.0850, 17.7634
2025-11-27 20:02:38, 0.1287486544, 0.1123432691, 0.0254222088, 0.0281909756, 2951.2609, 2839.9710, 761.1100, 16.9180
2025-11-27 20:02:43, 0.1440714742, 0.1430306929, 0.0230575450, 0.0266046512, 2955.3966, 2728.6552, 760.2300, 17.9398
2025-11-27 20:02:49, 0.1608451177, 0.1479327074, 0.0290045800, 0.0214600107, 3013.9394, 2681.9242, 762.1750, 17.0201
2025-11-27 20:02:55, 0.0951623173, 0.0974850550, 0.0290478773, 0.0206995719, 3067.4062, 2842.1094, 764.8850, 17.7133
2025-11-27 20:03:01, 0.1477653732, 0.1069706385, 0.0385056586, 0.0376468815, 2924.4667, 2716.2500, 762.1950, 17.1958
2025-11-27 20:03:06, 0.1395058097, 0.1295478499, 0.0308076237, 0.0290771698, 3051.6833, 2928.3333, 763.8950, 17.1786
2025-11-27 20:03:12, 0.1577602998, 0.1464829684, 0.0445080279, 0.0421307111, 2891.0455, 2634.7576, 760.2100, 18.7908
2025-11-27 20:03:18, 0.1463131591, 0.1006930531, 0.0394731531, 0.0366897913, 2913.3333, 2815.3175, 760.6700, 16.7090
2025-11-27 20:03:23, 0.0967845408, 0.0934260839, 0.0425976293, 0.0408629494, 2786.8537, 2653.1463, 765.4100, 18.7915
2025-11-27 20:03:29, 0.1371049037, 0.1280804267, 0.0413424642, 0.0401732904, 2933.8814, 2849.1356, 766.1050, 17.5705
2025-11-27 20:03:35, 0.1312822979, 0.1338998816, 0.0553919827, 0.0594193772, 2645.1778, 2672.5333, 767.5600, 17.8635
2025-11-27 20:03:40, 0.0720930863, 0.0821281799, 0.0535482445, 0.0417501333, 2870.3830, 2860.6809, 763.3550, 17.8633
2025-11-27 20:03:46, 0.0907375688, 0.0863549757, 0.0586827900, 0.0486295766, 2983.0952, 2860.4286, 766.2150, 19.3238
2025-11-27 20:03:52, 0.1437970129, 0.1065660345, 0.0443353648, 0.0414261302, 2809.7755, 2669.3673, 765.8350, 17.9827
2025-11-27 20:03:58, 0.1448540309, 0.1116852103, 0.0813655982, 0.0575970923, 2730.1224, 2666.6939, 764.2800, 18.2459
2025-11-27 20:04:04, 0.1151139098, 0.1053664602, 0.0466257328, 0.0446704237, 2938.5000, 2803.0286, 762.0200, 19.6545
2025-11-27 20:04:09, 0.1484526368, 0.1205394186, 0.0346560139, 0.0413608531, 2717.5849, 2659.7170, 762.8450, 16.7595
2025-11-27 20:04:15, 0.1372378768, 0.0977704891, 0.0597393724, 0.0552192982, 2820.2909, 2752.7818, 761.0700, 17.8313
2025-11-27 20:04:20, 0.1925482077, 0.1350226787, 0.0628910743, 0.0469429878, 2940.7800, 2847.2800, 761.0100, 19.2489
2025-11-27 20:04:26, 0.1240688441, 0.0964330421, 0.0328807236, 0.0416515136, 2802.3846, 2689.2154, 760.1250, 18.4163
2025-11-27 20:04:32, 0.1107078865, 0.1100390460, 0.0491364179, 0.0415253149, 2843.9600, 2670.5800, 758.0750, 18.4024
2025-11-27 20:04:38, 0.1413304809, 0.1523784081, 0.0549773391, 0.0412201927, 2868.3478, 2740.7971, 761.8850, 18.9162
2025-11-27 20:04:44, 0.1526475834, 0.1503367615, 0.0450255881, 0.0316286244, 2942.5455, 2772.6727, 757.9050, 18.9023
2025-11-27 20:04:49, 0.1443296863, 0.1464478007, 0.0678762164, 0.0579338853, 2892.4118, 2839.8529, 758.3850, 18.6748
2025-11-27 20:04:55, 0.1742859449, 0.1471568520, 0.0547920557, 0.0456173067, 3103.4844, 2937.6875, 758.6200, 17.9074
2025-11-27 20:05:01, 0.1583393093, 0.1648809219, 0.0389753485, 0.0450415413, 2812.2462, 2790.6154, 757.2100, 16.6411
2025-11-27 20:05:07, 0.1438749629, 0.1320141129, 0.0471568891, 0.0315085757, 3017.5636, 2824.8545, 761.5100, 20.1923
2025-11-27 20:05:12, 0.1999591737, 0.1509631827, 0.0499961140, 0.0483877079, 2877.1304, 2800.6739, 758.5250, 19.3145
2025-11-27 20:05:18, 0.1649012443, 0.1664670368, 0.0637713753, 0.0632038277, 2925.8939, 2889.8182, 760.4050, 20.1264
2025-11-27 20:05:23, 0.1642319301, 0.1442172313, 0.0437572029, 0.0354220705, 2907.2881, 2848.5932, 762.4700, 19.6102
2025-11-27 20:05:29, 0.1891436288, 0.1477971793, 0.0588921160, 0.0515466475, 3028.6271, 2916.1186, 758.1850, 20.0789
2025-11-27 20:05:35, 0.1570166394, 0.1043567895, 0.0425336916, 0.0363569180, 2848.1481, 2758.7963, 758.3700, 18.9281
2025-11-27 20:05:41, 0.2189736675, 0.1466832859, 0.0370846932, 0.0417420027, 2869.9661, 2858.7966, 759.0100, 19.5980
2025-11-27 20:05:47, 0.1123460561, 0.1240746253, 0.0312741622, 0.0346738932, 2856.4127, 2814.2222, 762.2750, 21.1615
2025-11-27 20:05:52, 0.1887106222, 0.1553168351, 0.0326543812, 0.0325088664, 2930.2034, 2793.4407, 760.0850, 18.6104
2025-11-27 20:05:58, 0.2367973609, 0.1350606042, 0.0387944986, 0.0322186477, 2835.0847, 2758.6949, 762.0950, 21.2331
2025-11-27 20:06:04, 0.1112880277, 0.0949656545, 0.0441071902, 0.0424903979, 2865.2368, 2777.3421, 763.1050, 20.5928
2025-11-27 20:06:09, 0.1407620301, 0.1316908320, 0.0515098510, 0.0470067586, 2826.3067, 2748.0800, 760.0150, 19.5999
2025-11-27 20:06:15, 0.1949670270, 0.1513360312, 0.0449034945, 0.0250639019, 2912.3906, 2836.0156, 761.2950, 19.9431
2025-11-27 20:06:21, 0.1229026312, 0.1645649138, 0.0453289561, 0.0384512668, 2850.7778, 2645.5926, 763.5450, 16.3508
2025-11-27 20:06:26, 0.1263139209, 0.1146504274, 0.0504160511, 0.0393629167, 2814.8596, 2591.5088, 761.8850, 18.4106
2025-11-27 20:06:32, 0.0786064831, 0.0933797928, 0.0748916581, 0.0450883993, 2976.1296, 2797.7778, 758.3650, 17.1631
2025-11-27 20:06:38, 0.1557262858, 0.1049032129, 0.0469861761, 0.0371084274, 2883.2000, 2715.6182, 759.0500, 19.5422
2025-11-27 20:06:44, 0.0632158266, 0.0683981950, 0.0619472195, 0.0515917866, 3017.5303, 2974.2424, 762.1750, 17.5961
2025-11-27 20:06:50, 0.1158102003, 0.0998844846, 0.0513917489, 0.0500428212, 2744.4426, 2685.6230, 759.3700, 17.2975
2025-11-27 20:06:55, 0.1325375010, 0.1591421781, 0.0598215756, 0.0585486213, 2846.4286, 2859.6735, 760.5450, 18.2600
2025-11-27 20:07:01, 0.0990070436, 0.1076213283, 0.0470444193, 0.0469419886, 2869.5818, 2883.8909, 759.8650, 18.9786
2025-11-27 20:07:07, 0.1339647222, 0.1216007916, 0.0559323131, 0.0464219423, 2994.0333, 2862.9000, 765.4800, 17.5733
2025-11-27 20:07:12, 0.0720978367, 0.0749974766, 0.0410697911, 0.0525561318, 2893.1702, 2750.6383, 764.4500, 17.8583
2025-11-27 20:07:18, 0.1632266131, 0.1045152664, 0.0370223422, 0.0459131052, 2829.5345, 2719.2241, 766.8600, 18.1386
2025-11-27 20:07:24, 0.1124236319, 0.1165676000, 0.0653113544, 0.0675909718, 2917.1304, 2899.5000, 765.8550, 17.8049
2025-11-27 20:07:29, 0.1299822679, 0.1287197913, 0.0880359888, 0.0654368713, 3092.4035, 2886.7018, 765.1450, 17.3102
2025-11-27 20:07:35, 0.0717058422, 0.0812411827, 0.0461937224, 0.0333350843, 2833.4821, 2700.5714, 765.7350, 17.9835
2025-11-27 20:07:41, 0.1345481945, 0.1452932951, 0.0900127329, 0.0927538163, 2756.8085, 2824.9362, 764.8700, 18.5745
2025-11-27 20:07:47, 0.0751902880, 0.0945486122, 0.0911889309, 0.0596365861, 3034.2656, 2826.4688, 762.8650, 19.0267
2025-11-27 20:07:52, 0.0899435294, 0.0978529286, 0.0627245884, 0.0604928540, 3051.2553, 3055.0638, 767.6450, 18.3703
2025-11-27 20:07:58, 0.0950630497, 0.1052387772, 0.1607466163, 0.1180789774, 2862.1053, 2827.8158, 762.2450, 16.2876
2025-11-27 20:08:04, 0.1079409102, 0.1163210895, 0.1036190502, 0.1061254901, 2597.4074, 2537.9815, 765.9300, 19.4578
2025-11-27 20:08:09, 0.1943398389, 0.1738734277, 0.0833096403, 0.0707242774, 2969.0204, 2974.5102, 763.3400, 18.2251
2025-11-27 20:08:15, 0.1012697214, 0.0872830889, 0.1440747984, 0.1183698202, 2936.2500, 2848.7292, 762.1750, 18.3097
2025-11-27 20:08:21, 0.0863325231, 0.0688792694, 0.1133493167, 0.0793985396, 2650.6579, 2597.7895, 762.0050, 18.0193
2025-11-27 20:08:27, 0.0974057767, 0.0800082023, 0.0732529181, 0.0904186975, 3222.2791, 3109.3721, 763.7250, 17.3551
2025-11-27 20:08:32, 0.1190807475, 0.1266072264, 0.1273784945, 0.1682899373, 2946.5424, 2925.9492, 761.8600, 16.6160
2025-11-27 20:08:38, 0.0480497271, 0.0560182120, 0.0915895981, 0.0879891063, 2838.7925, 2721.3585, 763.7700, 18.8679
2025-11-27 20:08:44, 0.0513769401, 0.0445151028, 0.0615016854, 0.0673918074, 2792.7419, 2767.3387, 764.6750, 18.2611
2025-11-27 20:08:50, 0.0534470934, 0.0541745328, 0.0602695878, 0.0578122404, 2799.0333, 2707.7333, 762.2850, 18.3416
2025-11-27 20:08:55, 0.0470795716, 0.0553244060, 0.0470768786, 0.0361625271, 2733.5769, 2608.3269, 764.2400, 17.4949
2025-11-27 20:09:01, 0.0728585217, 0.0992593863, 0.0350542083, 0.0308588962, 2929.4493, 2763.0000, 765.1850, 18.7862
2025-11-27 20:09:07, 0.0423915567, 0.0447673182, 0.0390765146, 0.0420399457, 2882.3623, 2635.3333, 765.1800, 19.0294
2025-11-27 20:09:12, 0.0727295152, 0.0625487174, 0.0603393945, 0.0488286373, 2745.9836, 2682.4918, 763.8600, 18.7193
2025-11-27 20:09:18, 0.1266668526, 0.1123584123, 0.0623001278, 0.0652466198, 3019.9000, 2881.4000, 766.2200, 17.3000
2025-11-27 20:09:24, 0.0755857957, 0.0520701076, 0.0814724235, 0.0715767281, 2933.5472, 2854.6604, 766.7350, 18.7041
2025-11-27 20:09:30, 0.0472683892, 0.0578132145, 0.0373884980, 0.0399513511, 2929.6522, 2727.9565, 767.1750, 17.9868
2025-11-27 20:09:35, 0.0951712659, 0.0808863746, 0.0331420840, 0.0410549969, 2957.4902, 2759.7059, 765.6850, 16.9716
2025-11-27 20:09:41, 0.1313916856, 0.1166722864, 0.0354252788, 0.0483598367, 2916.9167, 2738.6167, 765.0900, 17.6415
2025-11-27 20:09:46, 0.0991663633, 0.0842468990, 0.0417965408, 0.0458311290, 2854.1017, 2702.7966, 766.0750, 18.2658
2025-11-27 20:09:52, 0.1377515549, 0.1007309474, 0.0594539661, 0.0579082247, 2910.3881, 2896.4776, 766.9150, 18.2887
2025-11-27 20:09:58, 0.0903883591, 0.0802711556, 0.0402079816, 0.0398371412, 2802.7705, 2682.6066, 765.6650, 16.6308
2025-11-27 20:10:04, 0.1031083613, 0.0991432224, 0.0479370183, 0.0314148796, 3004.7857, 2847.5714, 767.4300, 17.1667
2025-11-27 20:10:10, 0.0975621627, 0.0932000480, 0.0807893322, 0.0688067665, 3011.4902, 2880.8627, 765.8300, 16.9461
2025-11-27 20:10:15, 0.1326316268, 0.1052967792, 0.0671113344, 0.0748529557, 2837.4583, 2715.1667, 765.5350, 19.3481
2025-11-27 20:10:21, 0.1640648558, 0.1445284879, 0.0867712240, 0.0782812771, 2912.6038, 2824.4151, 765.1950, 18.7290
2025-11-27 20:10:27, 0.1495679889, 0.1668236306, 0.0432048996, 0.0402001364, 2963.5574, 2821.6557, 766.5400, 19.2553
2025-11-27 20:10:32, 0.1628325668, 0.1489262957, 0.0428709324, 0.0483347546, 3034.7692, 2902.5000, 766.2400, 18.4340
2025-11-27 20:10:38, 0.1160841413, 0.1216637712, 0.0375960686, 0.0421121062, 2959.1000, 2843.6857, 769.7150, 19.0332
2025-11-27 20:10:44, 0.1288136821, 0.1386352018, 0.0441138819, 0.0412951213, 2857.9636, 2794.0727, 767.6700, 17.8222
2025-11-27 20:10:50, 0.1037390369, 0.0913398880, 0.0872500848, 0.0778394750, 3092.1731, 2989.6538, 766.8250, 19.1506
2025-11-27 20:10:55, 0.1263150914, 0.1122142899, 0.0438957359, 0.0331756895, 2999.7627, 2924.3051, 769.9950, 17.9211
2025-11-27 20:11:01, 0.1091203936, 0.0968810218, 0.0519963549, 0.0383209443, 2812.1077, 2705.4000, 767.9400, 18.2985
2025-11-27 20:11:07, 0.1566992939, 0.1289612699, 0.0390163359, 0.0608149345, 2920.0980, 2958.0784, 765.1000, 16.8745
2025-11-27 20:11:13, 0.0960055991, 0.1142212596, 0.0275082675, 0.0303280426, 2910.4531, 2800.8750, 764.3550, 18.7192
2025-11-27 20:11:18, 0.1421568741, 0.1024111553, 0.0293219829, 0.0301660427, 2748.4265, 2629.7500, 766.9850, 17.7032
2025-11-27 20:11:24, 0.1253989244, 0.0958213046, 0.0344939639, 0.0256290183, 2899.1270, 2747.2698, 765.4700, 20.6286
2025-11-27 20:11:30, 0.1304652183, 0.1179681547, 0.0277802493, 0.0375489045, 2838.7027, 2710.5541, 764.6300, 17.5788
2025-11-27 20:11:35, 0.0841913548, 0.0918690267, 0.0323255482, 0.0312787466, 2911.7746, 2750.5070, 765.3700, 19.3771
2025-11-27 20:11:41, 0.1012277490, 0.1076195591, 0.0342958057, 0.0279747404, 2945.2239, 2834.7612, 762.4550, 17.3190
2025-11-27 20:11:47, 0.1183791175, 0.0951726094, 0.0507738464, 0.0540619959, 2848.6491, 2781.9123, 764.3600, 18.1788
2025-11-27 20:11:52, 0.1845374714, 0.1424699352, 0.0313558958, 0.0327555400, 2748.8478, 2651.1304, 763.2350, 17.5858
2025-11-27 20:11:58, 0.1202895895, 0.1311987720, 0.0703651840, 0.0489058226, 2888.3200, 2773.7800, 763.6750, 19.2216
2025-11-27 20:12:04, 0.1476971803, 0.1206846960, 0.0610818623, 0.0564154061, 2958.4559, 2938.0294, 765.0250, 19.6075
2025-11-27 20:12:10, 0.1291203746, 0.1235201536, 0.0574532060, 0.0533174542, 2846.2667, 2771.8500, 764.7900, 18.7805
2025-11-27 20:12:15, 0.1134728650, 0.1000743865, 0.0711690472, 0.0580315011, 2905.1429, 2875.3651, 762.8750, 20.3858
2025-11-27 20:12:21, 0.0949163445, 0.0960313295, 0.0621685622, 0.0533844189, 2866.4600, 2752.6800, 764.1700, 19.3365
2025-11-27 20:12:27, 0.0938228690, 0.0797765998, 0.0762523466, 0.0593106360, 2721.0357, 2622.7500, 764.2300, 17.8083
2025-11-27 20:12:32, 0.0874111938, 0.0877353954, 0.0308380672, 0.0459552771, 2991.3509, 2960.4912, 763.0000, 18.3886
2025-11-27 20:12:38, 0.0681961929, 0.0881685034, 0.0841891310, 0.0725210276, 2921.9683, 2805.3968, 763.3800, 18.2128
2025-11-27 20:12:44, 0.0822209520, 0.0845771072, 0.0876781992, 0.0636369745, 2881.5667, 2740.1000, 762.4500, 18.3253
2025-11-27 20:12:49, 0.1086901792, 0.0913980255, 0.0821818223, 0.0683205401, 2970.1562, 2884.9375, 764.0450, 17.7658
2025-11-27 20:12:55, 0.1142208876, 0.1242886531, 0.0461313560, 0.0359193792, 2811.1379, 2677.9828, 766.3400, 20.5921
2025-11-27 20:13:01, 0.1350425259, 0.1381349931, 0.0431336502, 0.0386247460, 2975.3390, 2787.1864, 762.9450, 17.8852
2025-11-27 20:13:06, 0.1206815906, 0.1059686294, 0.0468720086, 0.0515299496, 2847.3333, 2741.0400, 761.2200, 17.5226
2025-11-27 20:13:12, 0.0734642422, 0.0734473598, 0.0643666541, 0.0597078754, 3034.9636, 2831.7818, 760.7700, 17.2967
2025-11-27 20:13:18, 0.1338206248, 0.0902820236, 0.0903190663, 0.0590019757, 2975.0526, 2766.0000, 761.4800, 18.2778
2025-11-27 20:13:23, 0.1334368374, 0.1243948216, 0.0352824863, 0.0356185282, 2920.3962, 2635.5660, 768.5300, 18.6566
2025-11-27 20:13:29, 0.0920683687, 0.0833323222, 0.0413268901, 0.0288416396, 2927.1884, 2751.2029, 766.2500, 19.4984
2025-11-27 20:13:35, 0.1169504417, 0.1226143417, 0.0368592928, 0.0301867999, 2924.1930, 2766.2982, 759.1450, 17.9431
2025-11-27 20:13:41, 0.1147615756, 0.0896241994, 0.0466890129, 0.0297833952, 2939.6533, 2824.5200, 764.6650, 18.6253
2025-11-27 20:13:46, 0.1729350691, 0.1335993119, 0.0308057179, 0.0362904671, 2774.4068, 2659.8305, 767.1650, 19.2465
2025-11-27 20:13:52, 0.1124229881, 0.0882576824, 0.0690138600, 0.0602141648, 2936.5690, 2734.7069, 766.8350, 20.8858
2025-11-27 20:13:58, 0.1007938298, 0.1010929060, 0.0548933555, 0.0379222859, 2908.8824, 2797.8971, 768.8300, 18.4659
2025-11-27 20:14:04, 0.1656449151, 0.1727236788, 0.0369060841, 0.0478754957, 2752.0317, 2778.1111, 770.0400, 17.3585
2025-11-27 20:14:09, 0.1018106364, 0.0989986711, 0.0291402050, 0.0196632268, 2970.0400, 2758.5400, 769.4400, 17.5284
2025-11-27 20:14:15, 0.1092243424, 0.0871343993, 0.0567133006, 0.0431314856, 2736.4203, 2701.9855, 767.8550, 15.6286
2025-11-27 20:14:21, 0.1141017217, 0.1130470220, 0.0520778831, 0.0431784895, 3033.9872, 2936.9487, 771.9000, 16.7174
2025-11-27 20:14:26, 0.0878323198, 0.0926438597, 0.0550864706, 0.0402301929, 2840.8551, 2686.4928, 766.6650, 18.7134
2025-11-27 20:14:32, 0.1174288930, 0.0922867301, 0.0418166235, 0.0404559664, 2907.7903, 2787.0000, 765.2850, 19.0414
2025-11-27 20:14:44, 0.1633743897, 0.1403847189, 0.0638341050, 0.0515787249, 2894.0185, 2782.5370, 763.7450, 17.7606
2025-11-27 20:14:50, 0.1029166346, 0.1184535385, 0.0431746133, 0.0324357742, 3023.0286, 2979.1000, 762.2000, 17.6148
2025-11-27 20:14:56, 0.1178380681, 0.1202753264, 0.0574296508, 0.0400864228, 2843.2462, 2780.8462, 766.7950, 18.3974
2025-11-27 20:15:01, 0.1404739246, 0.1113848506, 0.0366894608, 0.0352311885, 2927.6000, 2895.6769, 762.4550, 17.7915
2025-11-27 20:15:07, 0.1307500670, 0.0935392706, 0.0426249340, 0.0299181753, 2880.9375, 2806.1406, 762.8100, 17.9996
2025-11-27 20:15:13, 0.1349949413, 0.1219022548, 0.0494708172, 0.0461731861, 3045.5957, 2827.4043, 759.8600, 18.0793
2025-11-27 20:15:18, 0.1222214122, 0.0978919153, 0.0516481213, 0.0348813080, 3215.2444, 2965.0444, 760.3050, 17.2291
2025-11-27 20:15:24, 0.0898268590, 0.0940120762, 0.0364355901, 0.0356900400, 3062.8197, 2866.9508, 758.3050, 19.1411
2025-11-27 20:15:30, 0.0680345939, 0.0579457257, 0.0388839792, 0.0364306928, 2970.8261, 2804.1304, 764.0250, 19.5134
2025-11-27 20:15:35, 0.1010524569, 0.1236086271, 0.0767591938, 0.0689368819, 2839.8966, 2864.2069, 762.8950, 17.4044
2025-11-27 20:15:41, 0.1267539579, 0.1106882653, 0.0570131539, 0.0453883258, 2883.9038, 2747.9808, 758.1450, 19.1597
2025-11-27 20:15:47, 0.0969374786, 0.0818352209, 0.0765468251, 0.0594403039, 2941.0462, 2774.8000, 755.2100, 17.9356
2025-11-27 20:15:52, 0.1231375479, 0.0997835818, 0.0308094227, 0.0324350950, 2836.8276, 2782.9483, 757.2650, 16.6534
2025-11-27 20:15:58, 0.0971563249, 0.0990082102, 0.0792058010, 0.0581722010, 2906.3000, 2811.9667, 757.4450, 17.5031
2025-11-27 20:16:04, 0.1132256173, 0.1043277198, 0.0443432760, 0.0548302761, 2728.1455, 2751.2182, 757.8550, 17.7990
2025-11-27 20:16:10, 0.1522945626, 0.1285129311, 0.0570218433, 0.0385239455, 2739.3800, 2572.8600, 755.5350, 17.0610
2025-11-27 20:16:15, 0.1071077055, 0.1184538640, 0.0428217768, 0.0457366839, 2769.7925, 2679.5283, 757.7100, 18.8485
2025-11-27 20:16:21, 0.0953465634, 0.0940925628, 0.0362294815, 0.0380263096, 2847.1607, 2858.4464, 757.1800, 18.4924
2025-11-27 20:16:27, 0.1230365736, 0.0824983508, 0.0444637687, 0.0346487859, 2751.2958, 2676.1831, 757.3650, 18.5974
2025-11-27 20:16:33, 0.1066367433, 0.1192551211, 0.0559220925, 0.0542013776, 2829.8679, 2702.3585, 758.7000, 19.5934
2025-11-27 20:16:38, 0.1145774064, 0.1365862916, 0.0537463314, 0.0574041476, 2833.9259, 2799.0000, 761.3800, 16.1758
2025-11-27 20:16:44, 0.1011622736, 0.0790737801, 0.0467443606, 0.0289229939, 2724.3103, 2665.3103, 756.4750, 18.5577
2025-11-27 20:16:50, 0.1157206535, 0.0936195815, 0.0410647366, 0.0372539761, 2902.8906, 2769.5625, 759.2150, 18.3804
2025-11-27 20:16:55, 0.1217594873, 0.1324419743, 0.0458832831, 0.0443896408, 2779.3000, 2818.2000, 756.0250, 17.6118
2025-11-27 20:17:01, 0.0526491759, 0.0664300288, 0.0790979693, 0.0526423444, 2647.6500, 2645.5667, 757.3150, 16.1346
2025-11-27 20:17:07, 0.0469823614, 0.0400504894, 0.0513960241, 0.0525815139, 2794.4054, 2667.2432, 756.7350, 17.6089
2025-11-27 20:17:12, 0.0347362345, 0.0397337137, 0.0491881917, 0.0524423732, 2832.4286, 2684.6753, 755.8600, 17.6873
2025-11-27 20:17:18, 0.1102750680, 0.1118574433, 0.0409113815, 0.0309805587, 3052.2917, 3034.1458, 753.6750, 19.5765
2025-11-27 20:17:24, 0.1149787773, 0.1220811441, 0.0638755068, 0.0427931757, 2994.8701, 2865.7922, 754.9800, 17.5886
2025-11-27 20:17:29, 0.1211253801, 0.1408692575, 0.0431481706, 0.0397323623, 3009.3968, 2876.4921, 757.0800, 18.7993
2025-11-27 20:17:35, 0.1303963189, 0.0837854287, 0.0455048162, 0.0469557966, 2816.1143, 2761.3714, 759.7400, 18.5675
2025-11-27 20:17:41, 0.0714674444, 0.0723768535, 0.0459007592, 0.0374588043, 2838.7143, 2691.1286, 759.7600, 21.2189
2025-11-27 20:17:47, 0.0981520268, 0.0773301518, 0.0388442761, 0.0327762026, 3064.6111, 2885.7222, 755.4950, 18.0569
2025-11-27 20:17:52, 0.1028611788, 0.1233425908, 0.0398520177, 0.0401662725, 2749.0145, 2710.1159, 762.4450, 20.2849
2025-11-27 20:17:58, 0.1794586530, 0.1033790020, 0.0408367678, 0.0415385813, 2915.1831, 2768.8732, 756.5500, 20.1293
2025-11-27 20:18:04, 0.1754629138, 0.1205637610, 0.0330338897, 0.0357340729, 2945.3559, 2750.3051, 761.9500, 21.0689
2025-11-27 20:18:10, 0.1296832724, 0.1286698386, 0.0344527742, 0.0280019652, 2904.8833, 2743.8667, 755.7550, 17.9643
2025-11-27 20:18:16, 0.1401397917, 0.1042031367, 0.0408501404, 0.0381852687, 2954.9194, 2804.8065, 761.5300, 20.0250
2025-11-27 20:18:21, 0.1122804719, 0.1226602553, 0.0268551790, 0.0138831502, 2852.7818, 2728.3091, 765.6800, 20.6540
2025-11-27 20:18:27, 0.1305203105, 0.1153663595, 0.0384760043, 0.0358464244, 2923.1286, 2758.0286, 763.9300, 20.2486
2025-11-27 20:18:33, 0.1253589829, 0.1107328900, 0.0467123643, 0.0611719835, 3086.6458, 2931.0417, 765.8050, 20.3263
2025-11-27 20:18:38, 0.1399914926, 0.1196956408, 0.0553496119, 0.0315972284, 2969.3043, 2875.4348, 764.1650, 20.2264
2025-11-27 20:18:44, 0.1145829548, 0.1217033572, 0.0452741240, 0.0436236881, 2759.3103, 2658.9138, 763.6750, 19.3739
2025-11-27 20:18:50, 0.1420533571, 0.1470103571, 0.0402045691, 0.0385587374, 2913.0702, 2780.2105, 767.0350, 20.4561
2025-11-27 20:18:55, 0.1121430988, 0.1161975590, 0.0301090446, 0.0298394767, 2913.1200, 2859.5000, 761.5150, 18.5032
2025-11-27 20:19:01, 0.1645044921, 0.1163630736, 0.0596961272, 0.0503658867, 2801.8696, 2729.3188, 762.1700, 19.6647
2025-11-27 20:19:07, 0.1854290795, 0.1427749433, 0.0341737283, 0.0420950659, 2805.5538, 2708.2769, 768.1750, 20.5276
2025-11-27 20:19:13, 0.1339616224, 0.1531849591, 0.0667619928, 0.0454997457, 2943.7358, 2832.1321, 771.1400, 20.7437
2025-11-27 20:19:19, 0.1535180834, 0.1142249306, 0.0454683182, 0.0419787119, 2851.3214, 2773.2321, 766.1700, 18.1940
2025-11-27 20:19:24, 0.1081045885, 0.0855320628, 0.0555074720, 0.0473962323, 2840.2623, 2722.3443, 761.7400, 17.8480
2025-11-27 20:19:30, 0.1297587125, 0.1345152625, 0.0596322685, 0.0592339089, 2955.4000, 2898.8000, 762.1750, 17.7176
2025-11-27 20:19:36, 0.1194779938, 0.1170715323, 0.0333004952, 0.0289742971, 2903.4833, 2706.0167, 761.4450, 16.7960
2025-11-27 20:19:41, 0.1377196200, 0.1179365717, 0.0333034019, 0.0506575839, 2783.8167, 2685.5167, 760.3100, 16.7067
2025-11-27 20:19:47, 0.0880705996, 0.0851172220, 0.0303309326, 0.0324643831, 2926.8358, 2738.1194, 760.8500, 17.9877
2025-11-27 20:19:53, 0.1315990206, 0.1177992994, 0.0406138254, 0.0352154363, 2842.5789, 2682.6491, 758.9450, 17.7576
2025-11-27 20:19:58, 0.1060228971, 0.1229836407, 0.0503480961, 0.0429257326, 3015.6727, 2913.7455, 758.2750, 17.0217
2025-11-27 20:20:04, 0.1171242814, 0.1001862374, 0.0302371778, 0.0276195966, 2930.5000, 2824.3125, 762.8100, 18.4009
2025-11-27 20:20:10, 0.1320027931, 0.1103118720, 0.0286027897, 0.0270895156, 3036.1000, 2782.3143, 758.4800, 19.4013
2025-11-27 20:20:15, 0.1627652540, 0.1136631142, 0.0316525888, 0.0268130460, 2734.2800, 2658.1400, 765.8050, 19.2056
2025-11-27 20:20:21, 0.1456306762, 0.1378025633, 0.0299509785, 0.0287936151, 2799.5397, 2651.6032, 760.1800, 18.1046
2025-11-27 20:20:27, 0.1496770314, 0.1295350842, 0.0255307839, 0.0291088791, 3021.2464, 2826.7536, 761.5600, 17.8630
2025-11-27 20:20:33, 0.1518422639, 0.1244565368, 0.0291671872, 0.0316267804, 2944.4154, 2792.8000, 761.2300, 18.2394
2025-11-27 20:20:39, 0.1681981834, 0.1561896070, 0.0340037645, 0.0372703434, 2943.8485, 2832.8485, 759.5000, 17.9889
2025-11-27 20:20:44, 0.1430950270, 0.1131395784, 0.0415235251, 0.0259711653, 3064.2769, 2834.9692, 764.3600, 17.3991
2025-11-27 20:20:50, 0.1486055595, 0.1281571401, 0.0469879893, 0.0343012463, 3023.3478, 2782.8043, 764.1950, 18.1435
2025-11-27 20:20:56, 0.0957533977, 0.0974632489, 0.0392594186, 0.0379902098, 2931.8696, 2714.1159, 763.5150, 18.3548
2025-11-27 20:21:02, 0.1220770597, 0.1098267381, 0.0332729920, 0.0341635558, 2899.0147, 2723.1618, 763.5750, 17.4039
2025-11-27 20:21:07, 0.1138663121, 0.1306687094, 0.0383981735, 0.0283004779, 2941.7500, 2749.4167, 768.0400, 17.6408
2025-11-27 20:21:13, 0.1165258691, 0.1245645808, 0.0459140127, 0.0372725510, 3029.0556, 2857.6528, 766.5650, 19.3001
2025-11-27 20:21:19, 0.1346717430, 0.1495127132, 0.0428566176, 0.0390046436, 2888.0282, 2727.9577, 762.5500, 18.0030
2025-11-27 20:21:24, 0.0563340094, 0.0625297307, 0.0419370433, 0.0405543230, 2893.2083, 2729.7083, 763.0950, 16.8540
2025-11-27 20:21:30, 0.0775351538, 0.0703524118, 0.0314647623, 0.0344278709, 2934.8382, 2680.5882, 765.4950, 17.7857
2025-11-27 20:21:36, 0.0821371389, 0.0860463331, 0.0337328914, 0.0381240283, 3000.6974, 2898.6184, 768.4850, 18.5235
2025-11-27 20:21:42, 0.1185310414, 0.0778365985, 0.0384736951, 0.0292737589, 2867.4510, 2773.5490, 766.8650, 19.1161
2025-11-27 20:21:47, 0.0786272062, 0.0655868022, 0.0367678151, 0.0237155663, 2983.4528, 2743.3019, 765.8500, 17.9735
2025-11-27 20:21:54, 0.1204852065, 0.1430843519, 0.0625881582, 0.0557039657, 3001.9245, 2753.9811, 766.6550, 17.0542
2025-11-27 20:21:59, 0.0823494025, 0.0764976353, 0.0440863374, 0.0351195286, 2919.0167, 2743.8833, 767.1100, 16.1910
2025-11-27 20:22:05, 0.1108352485, 0.0933909552, 0.0388344124, 0.0376027719, 2840.5634, 2735.3803, 769.6550, 17.9590
2025-11-27 20:22:11, 0.0843535169, 0.0954939884, 0.0410505960, 0.0442055268, 2944.3390, 2856.8305, 768.3550, 18.9335
2025-11-27 20:22:16, 0.1148140397, 0.1221849145, 0.0389411288, 0.0361177845, 2936.8772, 2782.3333, 766.7100, 18.2114
2025-11-27 20:22:22, 0.1015293139, 0.1169494491, 0.0373908644, 0.0513512029, 2854.7170, 2807.1509, 769.0050, 17.8610
2025-11-27 20:22:28, 0.1226002526, 0.1102603447, 0.0407326460, 0.0402139315, 2858.0746, 2797.3731, 766.1200, 18.9313
2025-11-27 20:22:33, 0.1068024012, 0.1214533074, 0.0625603873, 0.0459860541, 2954.4340, 2868.7170, 767.9900, 17.0050
2025-11-27 20:22:39, 0.0935333242, 0.0924192365, 0.0687679565, 0.0649659589, 2755.0448, 2664.7761, 770.8300, 19.4664
2025-11-27 20:22:45, 0.1749380475, 0.1075695088, 0.0487251572, 0.0541571516, 3058.7255, 2947.4510, 768.6650, 20.8042
2025-11-27 20:22:50, 0.0802367811, 0.0791468346, 0.0397267237, 0.0319207624, 2798.7115, 2683.0385, 766.4400, 18.2542
2025-11-27 20:22:56, 0.1116654118, 0.0939115104, 0.0465858246, 0.0460549219, 2875.4898, 2777.7959, 766.9100, 19.7505
2025-11-27 20:23:02, 0.1025528085, 0.0973831858, 0.0447442239, 0.0418948346, 2935.1351, 2841.5946, 767.4600, 20.9666
2025-11-27 20:23:07, 0.0876267984, 0.0953561519, 0.0795292498, 0.0691310213, 2917.1724, 2765.8448, 766.4050, 19.5295
2025-11-27 20:23:13, 0.0975861640, 0.0952182168, 0.0540474423, 0.0552768879, 2723.2857, 2637.5714, 765.5400, 20.3297
2025-11-27 20:23:19, 0.1455949299, 0.1244307941, 0.0467410675, 0.0482130012, 2867.3276, 2751.3621, 767.1500, 20.3474
2025-11-27 20:23:25, 0.1235413170, 0.1092555368, 0.0490972260, 0.0484738850, 2998.3250, 2937.4875, 767.1600, 20.1101
2025-11-27 20:23:31, 0.0646088035, 0.0584801715, 0.0430058925, 0.0402310564, 2769.3913, 2696.2174, 766.1900, 20.0822
2025-11-27 20:23:36, 0.0557309642, 0.0698657419, 0.0679351428, 0.0639924657, 2769.8824, 2709.4706, 768.6350, 18.8240
2025-11-27 20:23:42, 0.0604827594, 0.0583567375, 0.0638490229, 0.0605830199, 2870.6571, 2887.5143, 763.0350, 20.3709
2025-11-27 20:23:48, 0.1351411787, 0.1184196262, 0.0527554740, 0.0366579920, 2961.9130, 2833.7246, 763.8700, 19.6047
2025-11-27 20:23:53, 0.0633345605, 0.0844602343, 0.0548324933, 0.0665984599, 2792.9123, 2651.5088, 766.5450, 18.6906
2025-11-27 20:23:59, 0.0821272276, 0.0806039754, 0.0480775977, 0.0541345170, 2865.6774, 2734.0161, 767.6650, 19.8397
2025-11-27 20:24:05, 0.0855171526, 0.0689276706, 0.0388483080, 0.0351851289, 2923.0270, 2842.5811, 760.3600, 19.7198
2025-11-27 20:24:11, 0.1221319818, 0.1046212525, 0.0270462885, 0.0252151282, 3100.4844, 2956.5000, 762.7700, 20.5474
2025-11-27 20:24:16, 0.1068796236, 0.0936837141, 0.0427406699, 0.0401302484, 2721.9455, 2618.6182, 764.8900, 20.7207
2025-11-27 20:24:22, 0.1269640791, 0.0979846130, 0.0365002797, 0.0328958747, 2856.9273, 2797.7091, 764.2600, 16.8740
2025-11-27 20:24:28, 0.1091978854, 0.0881574529, 0.0390146446, 0.0350011137, 2904.8500, 2750.1833, 759.3200, 17.9251
2025-11-27 20:24:34, 0.1947991772, 0.1202234897, 0.0598238616, 0.0726744621, 3129.2586, 2925.7586, 760.7650, 17.0982
2025-11-27 20:24:39, 0.1179984086, 0.0923575064, 0.0377710217, 0.0352248871, 2918.6613, 2667.0323, 761.6500, 18.0332
2025-11-27 20:24:45, 0.1168564540, 0.1007011161, 0.0338225054, 0.0413562957, 2869.6207, 2732.4310, 764.1350, 18.0071
2025-11-27 20:24:51, 0.0697006428, 0.0673200487, 0.0331064996, 0.0287570450, 3015.1333, 2784.6667, 764.2950, 20.1665
2025-11-27 20:24:56, 0.0780334965, 0.0919320056, 0.0719733548, 0.0389794567, 2887.9062, 2791.0469, 761.5000, 18.1389
2025-11-27 20:25:02, 0.0913953573, 0.0844575990, 0.0441127085, 0.0428227765, 2825.8939, 2708.9697, 763.3600, 18.2675
2025-11-27 20:25:08, 0.1017967702, 0.0780842314, 0.0495554333, 0.0442283041, 2927.1552, 2717.2931, 764.0150, 19.2456
2025-11-27 20:25:14, 0.0559391916, 0.0482034109, 0.0429721363, 0.0539676045, 2875.3333, 2761.0145, 761.5850, 17.5320
2025-11-27 20:25:19, 0.0919573288, 0.0946975398, 0.0428759540, 0.0394715815, 2892.3214, 2711.2500, 761.8350, 16.8234
2025-11-27 20:25:25, 0.1233005073, 0.0907539373, 0.0293960847, 0.0404694642, 2948.9375, 2800.8542, 760.9500, 17.9030
2025-11-27 20:25:31, 0.1030746982, 0.0981782268, 0.0514858171, 0.0419094378, 3068.6000, 2873.5667, 762.0150, 17.8881
2025-11-27 20:25:37, 0.0847109782, 0.0980302723, 0.0378765431, 0.0349984543, 2984.0769, 2831.4154, 763.5200, 18.8382
2025-11-27 20:25:42, 0.0741706413, 0.0692497778, 0.0309087785, 0.0431860535, 2795.6269, 2580.4925, 763.9300, 18.8278
2025-11-27 20:25:48, 0.0546249172, 0.0513708970, 0.0500361344, 0.0426082449, 2856.1967, 2808.9836, 761.3900, 19.1687
2025-11-27 20:25:54, 0.0532903040, 0.0565003853, 0.0554842496, 0.0521351390, 2866.0921, 2793.1316, 766.4400, 19.1114
2025-11-27 20:26:00, 0.0896356099, 0.0695008527, 0.0488153032, 0.0504541850, 2927.5636, 2793.4727, 766.0250, 16.5077
2025-11-27 20:26:05, 0.0549915346, 0.0429848325, 0.0765539382, 0.0471307937, 3080.2923, 2728.3231, 764.0600, 18.3106
2025-11-27 20:26:11, 0.0368154659, 0.0313124442, 0.0692501381, 0.0706910763, 2885.8873, 2728.5352, 762.8200, 18.7563
2025-11-27 20:26:16, 0.0383822105, 0.0395831885, 0.0917064877, 0.0745192151, 2982.3200, 2773.3200, 767.2050, 18.1122
2025-11-27 20:26:22, 0.0388323160, 0.0304295340, 0.0583337685, 0.0538614720, 2859.0000, 2715.9231, 764.2450, 18.1669
2025-11-27 20:26:28, 0.0267484795, 0.0255808736, 0.0705005651, 0.0608134785, 2908.2297, 2640.6351, 762.5800, 17.8707
2025-11-27 20:26:34, 0.0401491351, 0.0451087975, 0.0483741343, 0.0513753164, 2853.1053, 2685.5000, 765.4400, 19.3824
2025-11-27 20:26:40, 0.0425302998, 0.0417516755, 0.0466602686, 0.0632798194, 2968.9868, 2772.2895, 765.5750, 19.5639
2025-11-27 20:26:46, 0.0516533143, 0.0412368437, 0.0587882292, 0.0425619320, 2950.5976, 2670.8415, 763.2550, 17.7277
2025-11-27 20:26:51, 0.0670161342, 0.0645249390, 0.0323886914, 0.0359647789, 2795.6441, 2681.9661, 764.7000, 18.7609
2025-11-27 20:26:57, 0.0414765376, 0.0472161108, 0.0384534395, 0.0557462856, 2944.9221, 2835.2597, 764.2650, 17.8831
2025-11-27 20:27:03, 0.0692705660, 0.0686936214, 0.0369040696, 0.0352708223, 2872.5769, 2737.5769, 766.0250, 16.5343
2025-11-27 20:27:08, 0.0365370361, 0.0335320204, 0.0501537380, 0.0382225680, 2930.1277, 2718.5000, 764.4500, 17.6830
2025-11-27 20:27:14, 0.0656574129, 0.0643006106, 0.0446818156, 0.0297977723, 2894.4286, 2776.3377, 762.3500, 19.2028
2025-11-27 20:27:20, 0.0598641126, 0.0527455213, 0.0469200918, 0.0449149402, 2916.0508, 2822.4407, 764.0350, 18.9582
2025-11-27 20:27:25, 0.0562059854, 0.0694975912, 0.0424929297, 0.0341066505, 2877.9643, 2727.0000, 766.8300, 20.4147
2025-11-27 20:27:31, 0.0745471860, 0.0576565570, 0.0552140596, 0.0373606221, 2882.8182, 2714.2273, 763.4950, 17.7910
2025-11-27 20:27:37, 0.0726997915, 0.0875322895, 0.0429984369, 0.0386374216, 2886.2639, 2751.5972, 766.1450, 18.5414
2025-11-27 20:27:42, 0.1819694107, 0.1596614445, 0.0453927789, 0.0353923907, 2853.6709, 2708.1772, 766.6800, 18.6179
2025-11-27 20:27:48, 0.0703606554, 0.0670403660, 0.0339093920, 0.0310422827, 2985.0000, 2864.7969, 763.1900, 17.3027
2025-11-27 20:27:54, 0.1129054467, 0.1240328059, 0.0371266897, 0.0333413300, 2889.9538, 2724.6769, 763.2550, 16.7033
2025-11-27 20:27:59, 0.0679317754, 0.0612507374, 0.0381934209, 0.0334588692, 2905.1452, 2769.2742, 763.4550, 17.8277
2025-11-27 20:28:05, 0.0417398682, 0.0397555013, 0.0380811903, 0.0405823894, 2869.2824, 2681.6824, 762.9200, 16.9456
2025-11-27 20:28:11, 0.0670938913, 0.0759683066, 0.0409952218, 0.0524903598, 3016.0000, 2884.4355, 759.7000, 16.8814
2025-11-27 20:28:16, 0.0754345760, 0.0641681176, 0.0486342134, 0.0394773462, 2786.5000, 2688.1833, 760.4400, 18.9533
2025-11-27 20:28:22, 0.0646664983, 0.0709464174, 0.0418603486, 0.0327682011, 2940.7143, 2818.0390, 758.8750, 18.0347
2025-11-27 20:28:28, 0.0733265903, 0.0859607367, 0.0331304392, 0.0392497667, 2902.1803, 2788.3115, 761.3100, 18.9366
2025-11-27 20:28:33, 0.0670210460, 0.0678883546, 0.0440984653, 0.0411488364, 2874.6143, 2720.9857, 759.4250, 17.5706
2025-11-27 20:28:39, 0.0465863751, 0.0479611690, 0.0391498738, 0.0482337278, 2989.9459, 2763.9189, 762.4850, 18.4656
2025-11-27 20:28:45, 0.0485971927, 0.0628442772, 0.0339929187, 0.0307138080, 2839.5873, 2628.9524, 762.1800, 17.8762
2025-11-27 20:28:51, 0.0702364830, 0.0575696083, 0.0329189832, 0.0297102297, 3017.2500, 2853.3214, 764.0800, 17.7773
2025-11-27 20:28:56, 0.0785474690, 0.0751741745, 0.0414287530, 0.0595705330, 2908.3594, 2778.7188, 764.0200, 17.7944
2025-11-27 20:29:02, 0.0596493535, 0.0624612718, 0.0389699938, 0.0458735640, 2829.8873, 2737.4930, 764.3450, 17.4426
2025-11-27 20:29:08, 0.1054029096, 0.1452954178, 0.0539195443, 0.0573305828, 2949.1273, 2946.1818, 761.5800, 18.1095
2025-11-27 20:29:14, 0.0824598324, 0.0894868183, 0.0327568444, 0.0364336371, 2894.6522, 2767.6232, 765.8600, 19.4941
2025-11-27 20:29:19, 0.0864473917, 0.0953871652, 0.0540662395, 0.0412682387, 3054.4848, 2777.6970, 765.6050, 18.6563
2025-11-27 20:29:25, 0.1221425498, 0.0911693024, 0.0572803980, 0.0399627192, 2843.7042, 2544.8451, 767.6400, 19.1162
2025-11-27 20:29:31, 0.1632830691, 0.1028251308, 0.0409733161, 0.0387002426, 2943.5556, 2793.2698, 769.7900, 18.6635
2025-11-27 20:29:36, 0.0634378567, 0.0838903922, 0.0468372194, 0.0418901156, 2969.4605, 2759.8816, 772.4500, 18.9084
2025-11-27 20:29:43, 0.0932392868, 0.0989693389, 0.0410648086, 0.0439406457, 2988.3793, 2804.9310, 770.1500, 18.4143
2025-11-27 20:29:48, 0.0954679923, 0.0795232447, 0.0565750259, 0.0490810536, 2761.6349, 2596.3175, 771.1450, 20.1543
2025-11-27 20:29:54, 0.0853889872, 0.0815626196, 0.0405918235, 0.0337376484, 2690.6500, 2512.9667, 769.3000, 18.4773
2025-11-27 20:30:00, 0.0927206780, 0.0674945323, 0.0516479719, 0.0429496784, 2879.5714, 2830.5873, 771.7800, 21.4271
2025-11-27 20:30:05, 0.1233996605, 0.0922695062, 0.0392852386, 0.0465882803, 2892.7838, 2804.4595, 771.3350, 18.7134
2025-11-27 20:30:11, 0.1013399305, 0.0862565484, 0.0427241657, 0.0442358746, 2850.4930, 2809.8310, 769.3150, 20.0897
2025-11-27 20:30:17, 0.0742659167, 0.0660730400, 0.0379843642, 0.0443162344, 3010.5909, 2787.0000, 770.2300, 20.3056
2025-11-27 20:30:23, 0.0351532649, 0.0337586574, 0.0595042900, 0.0591090716, 2833.9697, 2692.2879, 771.1400, 19.5328
2025-11-27 20:30:28, 0.0439727366, 0.0422946573, 0.0560176909, 0.0416599144, 2728.0649, 2605.0000, 769.7400, 19.9788
2025-11-27 20:30:34, 0.0357408351, 0.0358988369, 0.0565425921, 0.0487546177, 2948.5974, 2651.0909, 770.8650, 19.8395
2025-11-27 20:30:40, 0.0380755717, 0.0368175471, 0.0908367401, 0.0816685203, 2945.6949, 2740.4746, 773.9200, 18.8821
2025-11-27 20:30:45, 0.0647311204, 0.0586617444, 0.0807730856, 0.0596360367, 2853.0152, 2768.6818, 774.7400, 18.0323
2025-11-27 20:30:51, 0.0584418065, 0.0442601979, 0.0542801186, 0.0446999919, 3038.0441, 2780.9853, 774.5600, 20.2804
2025-11-27 20:30:57, 0.0759904712, 0.0879192424, 0.0525296785, 0.0413812618, 2860.9298, 2694.5088, 776.2200, 19.7335
2025-11-27 20:31:03, 0.0659299840, 0.0703400280, 0.0621089604, 0.0529468654, 2865.5507, 2812.5217, 772.0150, 17.6004
2025-11-27 20:31:08, 0.0620382462, 0.0582620669, 0.0450641426, 0.0356050538, 2902.2830, 2661.4340, 768.8400, 19.1195
2025-11-27 20:31:14, 0.1007831359, 0.0727000189, 0.0401799710, 0.0402398785, 2865.6271, 2756.2373, 768.1500, 17.0343
2025-11-27 20:31:20, 0.0653786977, 0.0630136043, 0.0547590230, 0.0279119030, 2866.3425, 2710.2192, 767.5250, 17.8309
2025-11-27 20:31:25, 0.0679184560, 0.0679419025, 0.0589825211, 0.0432972626, 2991.1618, 2800.6324, 767.8100, 15.9923
2025-11-27 20:31:31, 0.0834716930, 0.0708971383, 0.0538939399, 0.0516137487, 2907.9032, 2798.6774, 770.6150, 18.3828
2025-11-27 20:31:37, 0.1077457366, 0.0950445487, 0.0358085101, 0.0409690621, 2856.2714, 2780.4286, 769.7000, 16.8967
2025-11-27 20:31:43, 0.0896859136, 0.1134456391, 0.0442277776, 0.0524888967, 2913.9464, 2903.9464, 766.9500, 17.8409
2025-11-27 20:31:48, 0.1028232832, 0.1043011420, 0.0691853163, 0.0580401072, 3012.0000, 2920.3051, 766.7850, 17.4708
2025-11-27 20:31:54, 0.0568360547, 0.0575768974, 0.0419770276, 0.0445222311, 2848.6032, 2745.1429, 767.2750, 17.0320
2025-11-27 20:32:00, 0.0291808334, 0.0255458723, 0.0599229159, 0.0586677963, 2783.6548, 2618.2619, 766.2700, 18.6882
2025-11-27 20:32:05, 0.0544580315, 0.0450642779, 0.0556124642, 0.0476623175, 3020.7250, 2776.2250, 766.6700, 17.3972
2025-11-27 20:32:11, 0.0274080817, 0.0304304477, 0.0406181257, 0.0395227155, 2983.8488, 2638.6977, 767.0500, 17.5641
2025-11-27 20:32:17, 0.0342289951, 0.0232961198, 0.0425412598, 0.0596890395, 2936.4744, 2758.5641, 767.8800, 17.0806
2025-11-27 20:32:22, 0.0367501168, 0.0437392119, 0.0636201955, 0.0450737756, 2757.2353, 2588.4118, 766.4600, 18.9742
2025-11-27 20:32:28, 0.0416873303, 0.0377741204, 0.0472396674, 0.0417557289, 2814.3380, 2658.2394, 763.0700, 17.0542
2025-11-27 20:32:34, 0.0792962989, 0.0766854527, 0.0406608820, 0.0412865223, 3059.1613, 2749.6129, 765.8600, 16.7699
2025-11-27 20:32:40, 0.0857535794, 0.0806289801, 0.0352249006, 0.0319953465, 3007.5970, 2795.7761, 766.0150, 18.2292
2025-11-27 20:32:45, 0.0874724092, 0.0795022667, 0.0474566184, 0.0448077988, 2988.1818, 2779.0758, 767.8350, 17.9805
2025-11-27 20:32:51, 0.0436090824, 0.0471691089, 0.0476339514, 0.0434113650, 3002.2533, 2816.2800, 766.5750, 17.8007
2025-11-27 20:32:57, 0.0549399350, 0.0452415206, 0.0455334015, 0.0364908263, 2972.9178, 2630.2877, 768.3150, 16.3023
2025-11-27 20:33:03, 0.1010415676, 0.0779136949, 0.0518998433, 0.0433769655, 3069.5522, 2917.2239, 766.9100, 17.7102
2025-11-27 20:33:08, 0.0446138217, 0.0381283586, 0.0324726990, 0.0364679402, 2922.7183, 2715.1972, 768.1100, 17.6773
2025-11-27 20:33:14, 0.0383183376, 0.0334297853, 0.0577742919, 0.0596681489, 3014.2763, 2712.3421, 767.3800, 17.8660
2025-11-27 20:33:20, 0.0324647441, 0.0304449960, 0.0454104896, 0.0341861693, 2745.7674, 2501.9186, 768.4250, 16.6287
2025-11-27 20:33:25, 0.0255214444, 0.0298571209, 0.0703323901, 0.0515804231, 2673.4521, 2502.7260, 767.6300, 18.3066
2025-11-27 20:33:31, 0.0404648242, 0.0362357849, 0.0484920453, 0.0476288975, 2899.4595, 2645.3243, 768.3550, 18.3722
2025-11-27 20:33:37, 0.0431320026, 0.0359707159, 0.0442595837, 0.0398777202, 2958.1067, 2710.1867, 762.0150, 16.5522
2025-11-27 20:33:42, 0.0352273200, 0.0283695234, 0.0644911219, 0.0574298505, 2861.2297, 2620.1757, 762.3500, 18.2751
2025-11-27 20:33:48, 0.0327391193, 0.0414291781, 0.0643060953, 0.0584778429, 2946.7857, 2783.8286, 761.2350, 16.4833
2025-11-27 20:33:54, 0.0812134482, 0.0712130462, 0.0684508726, 0.0569804266, 2823.7400, 2739.3800, 763.7100, 19.8135
2025-11-27 20:34:00, 0.0575214946, 0.0628479475, 0.0545986473, 0.0541802228, 2986.4667, 2781.3667, 760.6300, 17.4469
2025-11-27 20:34:05, 0.0820812815, 0.0742652500, 0.0521046281, 0.0531354496, 2761.2742, 2662.9516, 761.9200, 17.9831
2025-11-27 20:34:11, 0.0582057757, 0.0635286084, 0.0354134566, 0.0339147564, 2823.2857, 2655.5556, 760.1450, 18.0703
2025-11-27 20:34:16, 0.0711742078, 0.0646733089, 0.0579716175, 0.0541463290, 2872.4921, 2699.9206, 761.4450, 17.9526
2025-11-27 20:34:22, 0.1178837727, 0.1069603841, 0.0362741532, 0.0323598529, 2798.5862, 2733.1724, 757.6950, 17.8693
2025-11-27 20:34:28, 0.0581800726, 0.0491560719, 0.0484729045, 0.0427579117, 2932.0746, 2663.9552, 758.0800, 20.2752
2025-11-27 20:34:33, 0.0521365190, 0.0409666525, 0.0440243505, 0.0535073660, 2905.9765, 2830.1882, 759.1500, 19.8756
2025-11-27 20:34:39, 0.0431341825, 0.0442450759, 0.0501565504, 0.0453358616, 3027.0290, 2833.5217, 760.5300, 17.4994
2025-11-27 20:34:45, 0.0380190185, 0.0331927578, 0.0463334793, 0.0387852128, 2922.2842, 2618.7579, 760.9200, 17.1780
2025-11-27 20:34:50, 0.0443235894, 0.0387671778, 0.0513154109, 0.0421866902, 2980.8590, 2799.8205, 759.7050, 18.5056
2025-11-27 20:34:56, 0.0345765459, 0.0306475745, 0.0521347079, 0.0332677351, 2959.8370, 2591.9891, 758.4700, 17.2395
2025-11-27 20:35:02, 0.0459665637, 0.0371640533, 0.0306436779, 0.0335945924, 2886.1975, 2716.1235, 757.1850, 18.2294
2025-11-27 20:35:07, 0.0502020133, 0.0510786481, 0.0305077901, 0.0477401946, 2931.7606, 2747.7606, 759.2050, 18.3219
2025-11-27 20:35:13, 0.0382211573, 0.0308789793, 0.0374679631, 0.0326620430, 3061.2687, 2693.2836, 760.3000, 17.9950
2025-11-27 20:35:19, 0.0369309119, 0.0349959936, 0.0348626577, 0.0385611202, 2889.3117, 2624.9740, 761.9600, 18.3480
2025-11-27 20:35:24, 0.0847813173, 0.0970698988, 0.0337176986, 0.0332736750, 2864.7500, 2763.3529, 759.0250, 18.1927
2025-11-27 20:35:30, 0.0922156205, 0.0964111628, 0.0329942804, 0.0336188986, 3046.8659, 2901.1707, 758.0850, 17.6156
2025-11-27 20:35:36, 0.0705327573, 0.0726364425, 0.0291295528, 0.0245384215, 2932.0000, 2793.5000, 758.1350, 17.6549
2025-11-27 20:35:41, 0.0794063478, 0.0863189926, 0.0399615763, 0.0294678248, 2998.1290, 2839.2097, 759.0850, 18.3360
2025-11-27 20:35:47, 0.1010309188, 0.0911199597, 0.0306045938, 0.0298936261, 2774.0000, 2714.1039, 760.3450, 17.4770
2025-11-27 20:35:53, 0.0651190215, 0.0654258275, 0.0346382458, 0.0237774384, 2857.6049, 2665.7037, 760.4750, 17.6057
2025-11-27 20:35:59, 0.1170758736, 0.0895994513, 0.0420178106, 0.0328198741, 2876.8475, 2724.5254, 759.5200, 15.3401
2025-11-27 20:36:04, 0.0625768654, 0.0498604015, 0.0444517780, 0.0412135199, 2905.5455, 2773.2576, 758.3150, 16.6762
2025-11-27 20:36:10, 0.1316098460, 0.1026111878, 0.0527731340, 0.0300299844, 2884.4074, 2680.8519, 762.0100, 16.7126
2025-11-27 20:36:16, 0.1317858594, 0.0991976400, 0.0380544363, 0.0310692719, 2921.6818, 2701.2424, 766.1100, 18.6563
2025-11-27 20:36:22, 0.0719184489, 0.0556084682, 0.0435205962, 0.0328882314, 2924.6429, 2700.9107, 766.7700, 17.5133
2025-11-27 20:36:27, 0.0938788548, 0.1020000971, 0.0303197604, 0.0396834852, 2963.7297, 2900.4595, 767.6350, 19.6541
2025-11-27 20:36:33, 0.1184141137, 0.1245701044, 0.0368806275, 0.0370315599, 2832.6027, 2675.7671, 761.3850, 17.7284
2025-11-27 20:36:39, 0.1806370912, 0.1338305589, 0.0345261124, 0.0307675447, 2966.3770, 2842.5738, 758.3350, 17.5503
2025-11-27 20:36:44, 0.0853084003, 0.0923354544, 0.0387565249, 0.0316764744, 2901.8923, 2741.9538, 761.3550, 17.5926
2025-11-27 20:36:50, 0.1412395634, 0.1210493552, 0.0386381266, 0.0404804942, 3000.3125, 2755.1667, 766.7000, 18.9011
2025-11-27 20:36:56, 0.1413632170, 0.1084233250, 0.0410566196, 0.0291139936, 2995.9200, 2863.2267, 765.1650, 19.4339
2025-11-27 20:37:01, 0.1254680993, 0.1062068985, 0.0253532925, 0.0277364401, 2791.3455, 2791.7273, 761.8000, 19.0465
2025-11-27 20:37:07, 0.0790684335, 0.0811209983, 0.0357077495, 0.0328325621, 2782.1169, 2670.1169, 761.9500, 17.3401
2025-11-27 20:37:13, 0.0412732695, 0.0398112986, 0.0456846652, 0.0425015037, 3116.8429, 2680.0000, 761.5250, 17.6525
2025-11-27 20:37:19, 0.0785004221, 0.0643513998, 0.0235308023, 0.0292043680, 2824.0149, 2718.3284, 763.4200, 18.5055
2025-11-27 20:37:24, 0.0797174056, 0.0669635792, 0.0522970969, 0.0395257397, 2915.2778, 2736.2639, 761.4000, 18.7931
2025-11-27 20:37:30, 0.0823292792, 0.0784904378, 0.0250851384, 0.0247866438, 2922.6486, 2771.8514, 762.7400, 19.3885
2025-11-27 20:37:36, 0.0940163780, 0.0694672518, 0.0282490200, 0.0290393083, 2895.7000, 2656.8600, 763.2200, 18.4622
2025-11-27 20:37:41, 0.0716320664, 0.0738258148, 0.0341675347, 0.0280753632, 2832.2787, 2745.3115, 764.0100, 18.7379
2025-11-27 20:37:47, 0.1163865069, 0.0817530892, 0.0441483359, 0.0327063113, 2900.0328, 2793.2459, 763.9200, 18.6028
2025-11-27 20:37:53, 0.0662190810, 0.0602934592, 0.0297066251, 0.0301459873, 2904.2857, 2814.5065, 762.1900, 17.9531
2025-11-27 20:37:59, 0.0598992050, 0.0611202356, 0.0350062743, 0.0412153222, 2983.0000, 2835.9054, 762.6400, 16.1323
2025-11-27 20:38:04, 0.0941364024, 0.0860000874, 0.0288380117, 0.0270857381, 2933.6885, 2770.1639, 761.0400, 16.1297
2025-11-27 20:38:10, 0.1472406053, 0.0976593725, 0.0423895460, 0.0302886694, 2913.8929, 2789.4643, 764.0400, 18.8111
2025-11-27 20:38:16, 0.1288004715, 0.1093563147, 0.0262383056, 0.0227274266, 2898.5556, 2743.6250, 762.8800, 17.9813
2025-11-27 20:38:22, 0.0552545715, 0.0486510295, 0.0391445718, 0.0324508066, 2955.3026, 2727.8684, 761.0050, 17.1080
2025-11-27 20:38:27, 0.0742805240, 0.0691420504, 0.0282884526, 0.0316991822, 2798.9014, 2706.3239, 760.3450, 17.6609
2025-11-27 20:38:33, 0.1311277196, 0.1083486790, 0.0409278994, 0.0316488047, 2893.9231, 2739.5385, 759.7450, 17.3176
2025-11-27 20:38:39, 0.0738239318, 0.0775024347, 0.0395570854, 0.0431393908, 2978.6667, 2847.5606, 759.9950, 17.9810
2025-11-27 20:38:45, 0.0672165293, 0.0477767212, 0.0453739009, 0.0444690473, 2901.9692, 2804.0769, 759.3450, 17.8703
2025-11-27 20:38:50, 0.0722631439, 0.0707092648, 0.0516854010, 0.0263273731, 2953.2639, 2741.6250, 762.5400, 16.8202
2025-11-27 20:38:56, 0.0545115805, 0.0477648371, 0.0351889876, 0.0458309920, 3031.2500, 2802.1806, 762.8150, 16.3545
2025-11-27 20:39:02, 0.0933937015, 0.0769052289, 0.0336953264, 0.0302170578, 2898.0526, 2684.7719, 762.3200, 16.3370
2025-11-27 20:39:07, 0.0691663964, 0.0576899345, 0.0478608641, 0.0439086660, 2909.6719, 2721.0156, 761.6000, 17.9942
2025-11-27 20:39:14, 0.0781989687, 0.0627094646, 0.0400614439, 0.0236092195, 3069.7377, 2789.1311, 758.4650, 18.2299
2025-11-27 20:39:20, 0.0995521392, 0.0786421571, 0.0265303558, 0.0375577131, 3014.2549, 2872.4510, 759.6500, 18.6096
2025-11-27 20:39:25, 0.1096667272, 0.0975395729, 0.0194998425, 0.0185453808, 2938.5536, 2710.8571, 758.6550, 17.3088
2025-11-27 20:39:31, 0.1028485911, 0.1043046619, 0.0266843221, 0.0318710639, 3094.8906, 2848.0781, 760.5450, 19.1128
2025-11-27 20:39:37, 0.0874997914, 0.0938644615, 0.0280461234, 0.0268971424, 2937.6066, 2748.8197, 761.8050, 17.9585
2025-11-27 20:39:43, 0.0863292507, 0.0684128032, 0.0327847557, 0.0459839520, 3008.0395, 2889.3421, 763.3900, 17.7169
2025-11-27 20:39:49, 0.0695113049, 0.0905386735, 0.0326389224, 0.0256391739, 2853.5714, 2677.9048, 761.1100, 18.5404
2025-11-27 20:39:54, 0.1129189828, 0.1157802819, 0.0405371426, 0.0296391251, 2896.7609, 2761.9565, 762.5750, 17.1054
2025-11-27 20:40:00, 0.1051531214, 0.1044622471, 0.0329461633, 0.0252339817, 2882.9861, 2813.2361, 763.6350, 15.8225
2025-11-27 20:40:06, 0.0856756799, 0.0982361746, 0.0476514357, 0.0358275695, 2839.7627, 2671.8644, 765.8700, 18.7985
2025-11-27 20:40:12, 0.0730918249, 0.0706152073, 0.0283512878, 0.0292454174, 2955.2500, 2735.9821, 762.6900, 17.0198
2025-11-27 20:40:17, 0.1165392876, 0.1001671572, 0.0350356196, 0.0268694636, 2831.5574, 2652.0656, 764.3250, 18.4440
2025-11-27 20:40:23, 0.0713259352, 0.0710684565, 0.0234956546, 0.0190770781, 3058.9020, 2793.6667, 759.0350, 17.0492
2025-11-27 20:40:29, 0.0855159025, 0.0714599658, 0.0422752777, 0.0337489346, 2804.4930, 2742.5775, 759.5300, 17.6434
2025-11-27 20:40:34, 0.0956605256, 0.0813332686, 0.0279865420, 0.0217270180, 2966.4286, 2590.9000, 757.3250, 16.8232
2025-11-27 20:40:40, 0.1274429196, 0.1124381802, 0.0309222408, 0.0302063516, 2784.4054, 2731.9865, 758.5300, 17.3300
2025-11-27 20:40:46, 0.0985070516, 0.0947072506, 0.0258441998, 0.0265229926, 2926.0132, 2775.1711, 765.0750, 18.0200
2025-11-27 20:40:52, 0.1445346297, 0.1388219256, 0.0242112175, 0.0261739719, 3076.5000, 2893.1923, 764.1150, 18.2322
2025-11-27 20:40:57, 0.1714012011, 0.1353735462, 0.0452515017, 0.0517243463, 2972.0137, 2806.1918, 756.4300, 19.1258
2025-11-27 20:41:03, 0.1493188886, 0.1456450211, 0.0250520648, 0.0269483469, 2938.7213, 2770.7049, 758.1450, 18.7580
2025-11-27 20:41:09, 0.1260197880, 0.1083720940, 0.0249230485, 0.0288724798, 2762.3333, 2642.8246, 757.8450, 17.5585
2025-11-27 20:41:14, 0.1761174915, 0.1364862988, 0.0229455326, 0.0341878613, 2908.2105, 2819.4737, 759.6550, 19.6458
2025-11-27 20:41:20, 0.1584207248, 0.1592855448, 0.0468356604, 0.0317547745, 2910.6200, 2699.0400, 758.4200, 18.2352
2025-11-27 20:41:26, 0.1603288490, 0.1451630419, 0.0498758584, 0.0479546763, 2841.1077, 2773.1538, 758.1550, 19.1202
2025-11-27 20:41:31, 0.1028734155, 0.1050104411, 0.0375810550, 0.0283443520, 2798.4127, 2642.9683, 759.1400, 18.2206
2025-11-27 20:41:37, 0.1544036309, 0.1204273201, 0.0554072939, 0.0389393163, 2974.1091, 2739.4545, 760.0600, 16.9102
2025-11-27 20:41:43, 0.1321898613, 0.1434861857, 0.0365430610, 0.0269496839, 3008.0159, 2811.3651, 761.7500, 16.8439
2025-11-27 20:41:48, 0.1694219633, 0.1263923731, 0.0449660781, 0.0368547007, 3023.6316, 2756.1754, 762.6800, 16.9705
2025-11-27 20:41:54, 0.1502487039, 0.1427004860, 0.0275754123, 0.0292617405, 2828.4627, 2715.2836, 764.6650, 17.0603
2025-11-27 20:42:00, 0.1425575343, 0.1318514213, 0.0371455539, 0.0308348865, 2957.0000, 2826.8033, 763.7900, 17.5811
2025-11-27 20:42:05, 0.1777148997, 0.1482092071, 0.0416409777, 0.0471099522, 2948.9048, 2885.4603, 761.9000, 17.2224
2025-11-27 20:42:11, 0.1109362031, 0.0961707316, 0.0243301250, 0.0143535102, 2783.4219, 2609.9062, 763.0500, 17.5444
2025-11-27 20:42:17, 0.1271041653, 0.1143527641, 0.0453644747, 0.0290583019, 2997.1695, 2756.3051, 763.9900, 16.6709
2025-11-27 20:42:22, 0.1696362648, 0.1363343436, 0.0367868663, 0.0332194627, 2928.4688, 2743.9375, 760.9050, 17.5629
2025-11-27 20:42:28, 0.1533972027, 0.1158469819, 0.0247074174, 0.0295709382, 3045.5106, 2795.8936, 762.9350, 18.5567
2025-11-27 20:42:34, 0.1916963406, 0.1552700082, 0.0191049331, 0.0231566163, 3052.8254, 2853.8571, 764.8800, 18.0722
2025-11-27 20:42:39, 0.1552324197, 0.1601285380, 0.0351125516, 0.0314617693, 2867.5467, 2715.5467, 764.4750, 18.5021
2025-11-27 20:42:45, 0.1450269488, 0.1078314598, 0.0378509481, 0.0345401343, 3041.3881, 2980.0000, 762.2800, 18.2308
2025-11-27 20:42:51, 0.1018019950, 0.1007042549, 0.0345060369, 0.0474778543, 2885.0667, 2783.7467, 762.8200, 16.5511
2025-11-27 20:42:56, 0.1685289232, 0.1424813191, 0.0398215512, 0.0403841020, 2997.3205, 2843.3718, 764.3400, 17.1940
2025-11-27 20:43:02, 0.1257986113, 0.0894854035, 0.0482235675, 0.0367279422, 2982.4528, 2761.0000, 761.1350, 18.6362
2025-11-27 20:43:08, 0.1020181836, 0.0856204272, 0.0442519342, 0.0407293749, 2910.1176, 2696.0294, 763.5250, 17.7857
2025-11-27 20:43:13, 0.0878279801, 0.0916282784, 0.0395535004, 0.0391730933, 2891.2167, 2682.4167, 764.2800, 17.1613
2025-11-27 20:43:19, 0.1060379150, 0.0904709824, 0.0262791166, 0.0291209467, 2982.8852, 2852.1311, 764.3550, 16.2055
2025-11-27 20:43:25, 0.1631196961, 0.1259715283, 0.0405248773, 0.0282915233, 3014.6441, 2805.2542, 762.5150, 18.4152
2025-11-27 20:43:31, 0.0642967231, 0.0596291732, 0.0367825134, 0.0326918104, 2950.4054, 2809.3243, 759.9000, 18.7232
2025-11-27 20:43:36, 0.0660088626, 0.0648312646, 0.0415612906, 0.0431942943, 2926.8429, 2766.4857, 760.1250, 18.1697
2025-11-27 20:43:42, 0.0525275230, 0.0464565630, 0.0381098051, 0.0436777843, 2955.9500, 2716.7250, 758.1700, 17.6975
2025-11-27 20:43:48, 0.0644398540, 0.0785117510, 0.0611230912, 0.0357119499, 2974.7258, 2752.2097, 760.3250, 19.2338
2025-11-27 20:43:53, 0.1129715485, 0.1031288242, 0.0508688158, 0.0414271553, 2646.1471, 2502.6324, 760.3350, 18.2705
2025-11-27 20:43:59, 0.0932243539, 0.0952861368, 0.0575283154, 0.0478792037, 3057.6494, 2918.5325, 759.0650, 17.3401
2025-11-27 20:44:05, 0.1328181303, 0.1026164199, 0.0667598709, 0.0567925174, 2890.5082, 2720.3443, 760.3750, 18.1183
2025-11-27 20:44:10, 0.0985540693, 0.1141108249, 0.0463648954, 0.0416391737, 2779.0893, 2632.8036, 759.2600, 18.3906
2025-11-27 20:44:16, 0.1112113651, 0.1194875997, 0.0308814203, 0.0376777734, 2963.6622, 2847.7973, 760.4350, 18.9353
2025-11-27 20:44:22, 0.1570163952, 0.1218051100, 0.0774740465, 0.0708991448, 2782.2857, 2782.7143, 762.3550, 19.5323
2025-11-27 20:44:33, 0.1312948939, 0.1276937913, 0.0361535836, 0.0322991811, 3100.5070, 2912.8310, 765.0150, 17.4607
2025-11-27 20:44:39, 0.1067390323, 0.1015917246, 0.0551251420, 0.0669008069, 2756.9412, 2708.9559, 758.3800, 19.5089
2025-11-27 20:44:45, 0.0845647975, 0.0909859994, 0.0726147060, 0.0521294619, 2781.1667, 2839.7593, 761.1550, 18.2014
2025-11-27 20:44:50, 0.2269732152, 0.1406152804, 0.0496971892, 0.0384112987, 2967.2368, 2774.4079, 757.1500, 18.5148
2025-11-27 20:44:56, 0.1090816506, 0.1204829830, 0.0512735425, 0.0387466321, 2890.7971, 2825.7536, 765.5450, 17.9253
2025-11-27 20:45:01, 0.1512519957, 0.1490028598, 0.0463520758, 0.0480317923, 2989.0645, 2838.1935, 764.6500, 19.0813
2025-11-27 20:45:07, 0.1471928719, 0.1364683775, 0.0420729212, 0.0318044321, 2916.0864, 2756.6049, 766.9900, 16.5460
2025-11-27 20:45:13, 0.1159325994, 0.0981977219, 0.0329790066, 0.0317300575, 2884.0000, 2679.8169, 764.0200, 18.3954
2025-11-27 20:45:19, 0.1081954842, 0.1035630793, 0.0392865510, 0.0412676002, 2844.8197, 2787.5574, 767.1900, 18.0473
2025-11-27 20:45:25, 0.0702010668, 0.0615616634, 0.0376420031, 0.0358592681, 2822.5211, 2712.3944, 766.5150, 18.9729
2025-11-27 20:45:30, 0.0647276636, 0.0612498889, 0.0394937758, 0.0280120640, 2967.7705, 2811.0492, 764.4450, 19.0881
2025-11-27 20:45:36, 0.0900577377, 0.0764477068, 0.0344879366, 0.0512834446, 2878.2535, 2720.0141, 766.7000, 18.1940
2025-11-27 20:45:42, 0.0625287899, 0.0527768770, 0.0416182082, 0.0338633698, 2767.1525, 2728.7458, 766.8750, 18.0172
2025-11-27 20:45:48, 0.1540239082, 0.1175390881, 0.0432867547, 0.0421455665, 2977.2812, 2859.9844, 765.4300, 18.4658
2025-11-27 20:45:53, 0.1209709604, 0.0915304927, 0.0491004808, 0.0379241851, 2908.9859, 2798.2958, 766.5050, 16.9293
2025-11-27 20:45:59, 0.1135712621, 0.1527232683, 0.0399394294, 0.0469327861, 2892.9538, 2879.1538, 766.2750, 17.8894
2025-11-27 20:46:05, 0.1203653957, 0.1054042975, 0.0453647219, 0.0384635956, 3063.8507, 2867.5970, 764.9150, 18.4385
2025-11-27 20:46:10, 0.2629677709, 0.2508385512, 0.0225652862, 0.0218334672, 2880.6716, 2720.9851, 767.2650, 19.6322
2025-11-27 20:46:16, 0.1812311720, 0.1590588029, 0.0257015255, 0.0245623509, 3029.5070, 2833.9437, 763.4500, 17.0278
2025-11-27 20:46:22, 0.1774248341, 0.1631017466, 0.0344034545, 0.0302912941, 2803.8947, 2711.0395, 763.8650, 19.1467
2025-11-27 20:46:27, 0.1397019711, 0.1229333489, 0.0305380386, 0.0368819090, 2922.1029, 2756.9265, 763.3850, 19.6397
2025-11-27 20:46:33, 0.1323606433, 0.1219803131, 0.0361254064, 0.0264843028, 2971.2258, 2694.2581, 762.0550, 19.7039
2025-11-27 20:46:39, 0.0937620811, 0.0942184989, 0.0234652252, 0.0313039001, 3009.4848, 2813.8182, 764.7600, 20.3502
2025-11-27 20:46:44, 0.1276966526, 0.1516800977, 0.0351893837, 0.0413329857, 2958.3585, 2780.5283, 765.3800, 17.0861
2025-11-27 20:46:50, 0.0924678554, 0.0934367974, 0.0267145274, 0.0340065811, 2949.7458, 2848.0847, 763.8350, 18.2917
2025-11-27 20:46:55, 0.0788184083, 0.0738293163, 0.0318128312, 0.0249048908, 2817.5600, 2659.7333, 764.8600, 17.5591
2025-11-27 20:47:01, 0.1109742078, 0.0904898264, 0.0197045672, 0.0336691253, 2883.4286, 2680.7571, 765.0850, 17.6428
2025-11-27 20:47:07, 0.1520173512, 0.1333455794, 0.0463211852, 0.0313646041, 3065.9091, 2863.8636, 762.9250, 19.2021
2025-11-27 20:47:13, 0.1056893654, 0.1076542213, 0.0312832955, 0.0262674996, 2939.4154, 2735.2000, 765.1900, 16.8604
2025-11-27 20:47:18, 0.1142645744, 0.0993750331, 0.0317067719, 0.0264262461, 2911.8657, 2693.6269, 763.8800, 18.5819
2025-11-27 20:47:24, 0.1883308738, 0.1642546754, 0.0492101904, 0.0319371254, 2955.0290, 2846.4638, 767.2450, 16.9087
2025-11-27 20:47:29, 0.1685760778, 0.1673605824, 0.0509438175, 0.0484667751, 2806.3902, 2675.6951, 764.8900, 15.4777
2025-11-27 20:47:35, 0.1224825196, 0.1350639044, 0.0387795358, 0.0331330245, 2921.4615, 2820.7436, 765.7750, 17.3345
2025-11-27 20:47:41, 0.1460637571, 0.1153982483, 0.0397258892, 0.0406441750, 2911.5833, 2728.0000, 766.6000, 17.6372
2025-11-27 20:47:47, 0.1146735357, 0.1164427852, 0.0433115184, 0.0401233085, 2912.4286, 2782.2000, 766.9550, 18.6385
2025-11-27 20:47:52, 0.1432482116, 0.1514962389, 0.0437931433, 0.0297724026, 2857.6842, 2718.9123, 766.8500, 17.8686
2025-11-27 20:47:58, 0.1483828125, 0.1185453642, 0.0345978383, 0.0345306079, 3092.7302, 2928.1905, 765.5100, 18.0646
2025-11-27 20:48:03, 0.1046738678, 0.0988338811, 0.0347109950, 0.0300588193, 3016.7619, 2858.4286, 763.1100, 18.6496
2025-11-27 20:48:09, 0.0781482146, 0.0955976880, 0.0349230782, 0.0337524027, 2793.4857, 2642.6429, 764.0550, 19.0896
2025-11-27 20:48:15, 0.0953559025, 0.0975012799, 0.0333470485, 0.0360893948, 2899.4328, 2762.4776, 766.2550, 18.4027
2025-11-27 20:48:21, 0.2226715138, 0.1689570917, 0.0372981981, 0.0368446914, 3040.2500, 2879.6786, 766.1800, 18.3139
2025-11-27 20:48:26, 0.1042106982, 0.0938555847, 0.0354423500, 0.0310995156, 2851.8448, 2730.6724, 764.2900, 17.3155
2025-11-27 20:48:32, 0.2067238239, 0.1270036107, 0.0297570985, 0.0296942494, 2961.9672, 2873.5410, 764.7100, 17.5769
2025-11-27 20:48:38, 0.1684552900, 0.1405540710, 0.0354507440, 0.0350899251, 2798.8750, 2678.7500, 763.2500, 17.3274
2025-11-27 20:48:43, 0.1718714648, 0.1542780023, 0.0388854627, 0.0472459780, 3074.1695, 2858.2881, 762.3900, 16.7511
2025-11-27 20:48:49, 0.1213793523, 0.0920203598, 0.0317030245, 0.0316276283, 2882.3099, 2789.6056, 762.2000, 17.2748
2025-11-27 20:48:54, 0.1445770359, 0.1011846357, 0.0344035942, 0.0331064471, 2920.2769, 2798.4769, 762.8950, 17.6081
2025-11-27 20:49:01, 0.1541771154, 0.1110561878, 0.0402169054, 0.0252538562, 3095.4746, 2895.5593, 760.8200, 17.5159
2025-11-27 20:49:06, 0.1324270821, 0.1338422911, 0.0250117833, 0.0237142713, 2888.9577, 2728.0282, 761.8150, 19.2445
2025-11-27 20:49:12, 0.1774725351, 0.1604832711, 0.0253250860, 0.0231017335, 3081.9592, 2829.4490, 761.3850, 18.1848
2025-11-27 20:49:18, 0.1500311652, 0.1232341048, 0.0206277216, 0.0273176031, 3001.5156, 2816.1250, 760.9700, 19.1157
2025-11-27 20:49:23, 0.0804872064, 0.0852757068, 0.0340361784, 0.0313387270, 3135.5517, 2915.2586, 755.8100, 18.9284
2025-11-27 20:49:29, 0.1150684287, 0.1201893333, 0.0195859741, 0.0216310149, 2925.3333, 2788.1270, 757.4150, 18.2418
2025-11-27 20:49:35, 0.1144759849, 0.1069819585, 0.0335376794, 0.0296499612, 2930.7288, 2832.7627, 756.0850, 19.1979
2025-11-27 20:49:40, 0.1510880695, 0.1152151074, 0.0373538571, 0.0344510009, 2975.4265, 2745.7059, 757.4400, 19.7848
2025-11-27 20:49:46, 0.0887705945, 0.0860716660, 0.0371342273, 0.0306864628, 3085.6727, 2905.7273, 756.2950, 18.7267
2025-11-27 20:49:52, 0.1226729545, 0.1285160698, 0.0292339317, 0.0241459755, 3066.4400, 2800.1000, 756.4250, 18.6291
2025-11-27 20:49:57, 0.0900695761, 0.0887491838, 0.0320637359, 0.0413721603, 2896.0946, 2707.4189, 756.5000, 17.1313
2025-11-27 20:50:03, 0.0926133178, 0.0758232322, 0.0274550759, 0.0255296819, 2919.1159, 2750.0290, 756.7150, 18.4297
2025-11-27 20:50:09, 0.0927335177, 0.0711246789, 0.0314768457, 0.0294683601, 2876.2931, 2730.3966, 754.5650, 18.2002
2025-11-27 20:50:14, 0.1315950924, 0.1156200494, 0.0196712531, 0.0232153640, 2846.6452, 2777.8548, 754.7550, 16.9810
2025-11-27 20:50:20, 0.1790056503, 0.1588934813, 0.0253391200, 0.0192513596, 2800.8545, 2644.0727, 756.7000, 18.8152
2025-11-27 20:50:25, 0.1237506858, 0.1044155052, 0.0335675829, 0.0214153635, 2906.2407, 2755.7407, 759.8850, 19.0660
2025-11-27 20:50:31, 0.1654979281, 0.1510849939, 0.0337126683, 0.0328023431, 2846.0545, 2620.6182, 760.5150, 18.3497
2025-11-27 20:50:37, 0.1360733197, 0.1246234917, 0.0386334934, 0.0261911860, 2994.3529, 2762.2353, 755.0200, 17.5414
2025-11-27 20:50:43, 0.1436195555, 0.1166600991, 0.0445718375, 0.0504240891, 2918.5156, 2736.8594, 763.9000, 17.0429
2025-11-27 20:50:49, 0.1233123013, 0.1122954442, 0.0275324882, 0.0307474996, 2869.4098, 2784.5902, 763.4450, 17.3712
2025-11-27 20:50:54, 0.1482753570, 0.1503475065, 0.0222085537, 0.0266397706, 2903.1111, 2633.7302, 759.2800, 17.6639
2025-11-27 20:51:00, 0.1041508058, 0.0956388469, 0.0348481234, 0.0335953881, 2998.1781, 2748.0274, 761.0600, 17.9203
2025-11-27 20:51:06, 0.1878289593, 0.1251235782, 0.0362513718, 0.0386500520, 2868.2759, 2749.9655, 762.5750, 18.3854
2025-11-27 20:51:12, 0.1208288899, 0.1158569966, 0.0332431806, 0.0257120764, 2900.6379, 2720.4310, 762.4450, 17.3712
2025-11-27 20:51:17, 0.1887434297, 0.1627161444, 0.0261680483, 0.0230659624, 3046.9464, 2818.2143, 761.9850, 18.2870
2025-11-27 20:51:23, 0.1106989508, 0.1039584137, 0.0345412837, 0.0343969390, 2935.8125, 2774.3438, 763.1150, 17.8054
2025-11-27 20:51:28, 0.1594703504, 0.1612156804, 0.0395051828, 0.0364086082, 2827.1455, 2695.4909, 762.3850, 17.3818
2025-11-27 20:51:34, 0.1213767031, 0.0901030891, 0.0335040540, 0.0249518527, 2855.3281, 2654.9688, 759.9250, 17.2832
2025-11-27 20:51:40, 0.1155336922, 0.1131248491, 0.0242381707, 0.0217055148, 2954.0794, 2719.7460, 761.8300, 17.5314
2025-11-27 20:51:46, 0.1351965811, 0.1210429969, 0.0336629327, 0.0237424012, 2966.2321, 2700.8929, 762.7100, 18.7485
2025-11-27 20:51:52, 0.1573011508, 0.1136270052, 0.0276674421, 0.0272223513, 2996.5652, 2845.2609, 761.8350, 18.3662
2025-11-27 20:51:57, 0.1342301669, 0.1358416936, 0.0273308801, 0.0283054821, 2945.1587, 2803.3810, 762.9850, 19.3627
2025-11-27 20:52:03, 0.2036212612, 0.1795802201, 0.0288979489, 0.0219208178, 3033.3167, 2789.7833, 764.7800, 18.6033
2025-11-27 20:52:09, 0.1604477131, 0.1407050375, 0.0248876237, 0.0195797547, 2994.8378, 2766.3378, 762.7600, 16.1376
2025-11-27 20:52:14, 0.1405428813, 0.1340051656, 0.0375709808, 0.0279344381, 2986.4118, 2747.3088, 761.0700, 18.4243
2025-11-27 20:52:20, 0.1030200191, 0.0727715723, 0.0310029752, 0.0226640463, 2943.2273, 2770.7424, 764.0850, 18.2395
2025-11-27 20:52:26, 0.1561418421, 0.1164803574, 0.0331961500, 0.0278411416, 2813.0484, 2684.6613, 761.6000, 18.8486
2025-11-27 20:52:31, 0.1396493452, 0.1360984117, 0.0352040659, 0.0341174513, 3071.0417, 2950.8542, 760.9700, 18.4111
2025-11-27 20:52:37, 0.1340989663, 0.0885068262, 0.0391203513, 0.0263227943, 2859.2500, 2697.4167, 758.3100, 18.4855
2025-11-27 20:52:43, 0.1271891406, 0.1138576239, 0.0278374879, 0.0388933127, 2876.5833, 2743.2333, 758.1800, 18.2699
2025-11-27 20:52:49, 0.1545176420, 0.1318251587, 0.0318525708, 0.0221471854, 2844.7538, 2688.7538, 758.8750, 18.6909
2025-11-27 20:52:54, 0.1160500120, 0.0981482558, 0.0258571095, 0.0311088082, 2844.3281, 2731.5312, 761.4600, 17.4011
2025-11-27 20:53:00, 0.1339830470, 0.1376461664, 0.0198546414, 0.0220339219, 2929.6111, 2745.9074, 762.8200, 18.6193
2025-11-27 20:53:06, 0.1306892841, 0.1230300973, 0.0575525030, 0.0454440135, 2975.7121, 2867.5303, 762.0900, 18.4068
2025-11-27 20:53:11, 0.0998320898, 0.1025617831, 0.0398149877, 0.0414479472, 2920.8364, 2750.1091, 761.0100, 17.6465
2025-11-27 20:53:17, 0.0783013968, 0.0727102909, 0.0214600082, 0.0285099843, 2909.0000, 2747.3380, 763.0400, 17.7724
2025-11-27 20:53:23, 0.0933489276, 0.0808924359, 0.0526153134, 0.0390953175, 2912.0794, 2754.1111, 762.0000, 18.7211
2025-11-27 20:53:28, 0.1020458448, 0.1253288710, 0.0355375017, 0.0357519373, 2985.2687, 2899.6567, 763.2350, 16.5789
2025-11-27 20:53:34, 0.1067184262, 0.0992810912, 0.0554443352, 0.0489246691, 2846.5968, 2722.5806, 765.1550, 16.4791
2025-11-27 20:53:40, 0.0917653603, 0.0911275848, 0.0430801636, 0.0357201847, 2898.7407, 2755.9259, 761.4650, 17.3095
2025-11-27 20:53:46, 0.0978036745, 0.0985990983, 0.0567131072, 0.0451134247, 3160.3091, 2980.7455, 761.9300, 19.2978
2025-11-27 20:53:52, 0.1093274623, 0.1124350658, 0.0423760997, 0.0424714615, 2833.2468, 2756.3766, 764.6100, 16.8318
2025-11-27 20:53:58, 0.0808348966, 0.0700110658, 0.0616014776, 0.0444459102, 2799.6029, 2656.0735, 765.5400, 18.0504
2025-11-27 20:54:09, 0.1399284280, 0.1425608747, 0.0399977724, 0.0550638671, 3026.5849, 2977.9057, 761.3900, 16.6577
2025-11-27 20:54:15, 0.1322418997, 0.1040940595, 0.0247838717, 0.0315328112, 2821.6613, 2712.0484, 765.2800, 18.1654
2025-11-27 20:54:21, 0.1119189976, 0.0729495540, 0.0381822152, 0.0323713936, 2847.1579, 2832.5614, 766.0500, 17.6150
2025-11-27 20:54:26, 0.1535956650, 0.1366108122, 0.0311686530, 0.0253222039, 2833.8533, 2768.1200, 765.3100, 16.6752
2025-11-27 20:54:32, 0.1405666287, 0.1267829285, 0.0367246074, 0.0315208090, 2838.2281, 2706.0526, 763.7500, 17.5239
2025-11-27 20:54:37, 0.1202730710, 0.1604275766, 0.0312053224, 0.0208982317, 2902.6667, 2857.8596, 759.5750, 17.3915
2025-11-27 20:54:43, 0.1067334446, 0.1051618090, 0.0377073919, 0.0325495693, 2803.7115, 2635.3269, 759.7100, 18.8230
2025-11-27 20:54:49, 0.1357143071, 0.1304912167, 0.0511744010, 0.0384302193, 2770.5714, 2854.7755, 767.9200, 20.3903
2025-11-27 20:54:55, 0.1014415025, 0.1186420487, 0.0362705025, 0.0384143975, 2852.4615, 2735.4462, 768.4900, 20.3347
2025-11-27 20:55:01, 0.0876207915, 0.1015449987, 0.0452443332, 0.0474191861, 2813.2029, 2647.7536, 761.4550, 18.7483
2025-11-27 20:55:06, 0.1053118676, 0.0986880485, 0.0555737772, 0.0397404843, 2908.9531, 2677.6875, 759.6600, 17.1180
2025-11-27 20:55:12, 0.1289410767, 0.1149916872, 0.0373385172, 0.0346161382, 2850.0500, 2797.9000, 764.3450, 18.2838
2025-11-27 20:55:18, 0.1445803566, 0.1088410408, 0.0753778174, 0.0645425950, 3118.1698, 2892.6792, 764.9400, 18.1297
2025-11-27 20:55:23, 0.1852621385, 0.1068706610, 0.0475853120, 0.0381761881, 2646.0500, 2690.0750, 770.7050, 19.1075
2025-11-27 20:55:29, 0.0863847900, 0.1015505240, 0.0402777058, 0.0492524263, 2755.1733, 2742.3467, 767.9400, 19.9719
2025-11-27 20:55:35, 0.1281916883, 0.1284930835, 0.0429249593, 0.0345265199, 3019.6032, 2828.8730, 773.3800, 23.0121
2025-11-27 20:55:40, 0.1161579989, 0.0931124421, 0.0357787795, 0.0303847240, 2774.9853, 2694.8382, 772.3250, 24.4620
2025-11-27 20:55:46, 0.1123106312, 0.1465637681, 0.0570410738, 0.0459971764, 2896.8769, 2788.4308, 770.1550, 21.8827
2025-11-27 20:55:52, 0.1493065584, 0.1214844019, 0.0327044484, 0.0322704206, 2953.2714, 2910.3571, 773.1600, 22.5176
2025-11-27 20:55:57, 0.1190070731, 0.0953985104, 0.0650017648, 0.0497564371, 3033.9020, 2768.8627, 772.2100, 21.4375
2025-11-27 20:56:03, 0.1304969571, 0.1261980578, 0.0561761867, 0.0555699016, 2964.2034, 2870.7119, 770.2850, 21.2303
2025-11-27 20:56:09, 0.1653119012, 0.1368485739, 0.0409441954, 0.0317256093, 2849.1148, 2698.6885, 771.1200, 19.5488
2025-11-27 20:56:14, 0.1333496900, 0.1115761010, 0.0398030386, 0.0413139506, 2864.1525, 2764.2881, 775.1000, 20.6688
2025-11-27 20:56:20, 0.1339619828, 0.1370009058, 0.0351884108, 0.0256832232, 3143.8103, 2925.2759, 773.8200, 22.8442
2025-11-27 20:56:26, 0.1044782016, 0.0898880023, 0.0457950919, 0.0358569070, 2949.5536, 2746.5536, 772.5900, 20.7964
2025-11-27 20:56:32, 0.1149111195, 0.1124478528, 0.0340383043, 0.0386217178, 2937.9194, 2796.2903, 779.5300, 21.6109
2025-11-27 20:56:37, 0.1132588415, 0.0882009645, 0.0403147727, 0.0315057942, 2971.5714, 2787.2714, 774.9100, 22.1461
2025-11-27 20:56:43, 0.1435574658, 0.1235232012, 0.0369589936, 0.0368126599, 2937.3077, 2738.9231, 766.6900, 19.3268
2025-11-27 20:56:49, 0.0743958769, 0.0705778327, 0.0444168108, 0.0489498008, 2760.7273, 2712.5303, 768.7450, 18.8380
2025-11-27 20:56:54, 0.1508255072, 0.1148592094, 0.0391003730, 0.0420531975, 2883.3382, 2727.7647, 770.2000, 20.1611
2025-11-27 20:57:00, 0.1027008960, 0.1110388581, 0.0349093934, 0.0294311520, 3079.2264, 2923.0566, 767.7800, 19.1784
2025-11-27 20:57:06, 0.0824290149, 0.0768091071, 0.0276081871, 0.0303416389, 2873.2727, 2743.9091, 767.3150, 17.9765
2025-11-27 20:57:12, 0.1059442228, 0.0897307988, 0.0517979012, 0.0410820647, 2912.7818, 2706.2364, 766.5850, 18.0337
2025-11-27 20:57:17, 0.1209530469, 0.1360381607, 0.0412949236, 0.0431089230, 2968.9846, 2782.9846, 765.6300, 17.4775
2025-11-27 20:57:23, 0.0755073409, 0.0891869128, 0.0396687447, 0.0298004746, 2894.8627, 2799.8431, 762.9100, 17.8259
2025-11-27 20:57:29, 0.0997918840, 0.0856531731, 0.0539273913, 0.0357337396, 2946.2794, 2938.8088, 763.5600, 18.6227
2025-11-27 20:57:34, 0.1986506349, 0.1213971793, 0.0675511161, 0.0481653277, 2861.1493, 2706.3731, 764.9900, 18.7523
2025-11-27 20:57:40, 0.1229909390, 0.1438741749, 0.0464190898, 0.0326999524, 2931.2679, 2829.2679, 763.3500, 18.5107
2025-11-27 20:57:45, 0.0924160229, 0.1030552991, 0.0428297021, 0.0350524595, 2864.2941, 2698.8235, 765.3000, 18.8406
2025-11-27 20:57:51, 0.1031702745, 0.0891500293, 0.0390580179, 0.0534809925, 2901.5507, 2836.2029, 765.1400, 18.8407
2025-11-27 20:57:57, 0.1132177192, 0.1065526451, 0.1200687997, 0.0684199311, 2916.6667, 2797.2982, 764.6500, 17.8555
2025-11-27 20:58:03, 0.0963546485, 0.0932620575, 0.0472337974, 0.0422182893, 2794.8033, 2727.2623, 764.2000, 19.5167
2025-11-27 20:58:09, 0.0798371175, 0.0854617652, 0.0605371769, 0.0581202248, 2856.4118, 2650.7255, 762.7150, 19.8780
2025-11-27 20:58:14, 0.1085692762, 0.1202496056, 0.0319588141, 0.0248218944, 2844.1154, 2744.8846, 763.0200, 17.6895
2025-11-27 20:58:20, 0.1780347615, 0.1442108314, 0.0405729636, 0.0437692701, 2909.7917, 2902.7639, 763.9650, 16.7530
2025-11-27 20:58:26, 0.1129871903, 0.1029386695, 0.0639131206, 0.0642714776, 2970.6271, 2840.2881, 762.4400, 19.4148
2025-11-27 20:58:32, 0.0942259947, 0.0999321267, 0.0410494460, 0.0267865829, 2745.7872, 2687.0426, 764.4500, 17.9027
2025-11-27 20:58:37, 0.1860993374, 0.1773865530, 0.0756518827, 0.0578652529, 2817.2174, 2685.6957, 763.9000, 18.3891
2025-11-27 20:58:43, 0.1244025363, 0.1039637768, 0.0664577414, 0.0474393854, 2827.0137, 2744.0685, 763.4600, 19.2792
2025-11-27 20:58:49, 0.1228454182, 0.1033415336, 0.0505103668, 0.0421566554, 3032.3103, 2919.2241, 764.5750, 19.4243
2025-11-27 20:58:54, 0.0794331521, 0.0647891793, 0.0501489615, 0.0453420819, 2821.9355, 2835.0161, 761.7750, 19.3045
2025-11-27 20:59:00, 0.0772079269, 0.0845848743, 0.0498522079, 0.0621876236, 2888.2308, 2806.9038, 761.0350, 17.9898
2025-11-27 20:59:06, 0.0873764283, 0.0863841800, 0.0642661610, 0.0451239390, 2809.9844, 2701.0625, 761.0500, 17.0765
2025-11-27 20:59:11, 0.0691938280, 0.0772138441, 0.0494450298, 0.0419039749, 2984.8305, 2758.5763, 762.8900, 16.6129
2025-11-27 20:59:17, 0.0980387502, 0.0895284635, 0.0524921772, 0.0382119531, 2749.5000, 2678.5938, 764.7000, 16.9482
2025-11-27 20:59:23, 0.0878181428, 0.1035846126, 0.0492856572, 0.0521119652, 2949.2885, 2879.8654, 762.5400, 18.9689
2025-11-27 20:59:29, 0.1015581648, 0.0929345227, 0.0585111441, 0.0528252974, 2821.8000, 2815.8143, 763.5650, 18.5253
2025-11-27 20:59:34, 0.0850888732, 0.0881077358, 0.0772659745, 0.0686059978, 2935.8448, 2876.3448, 762.2550, 16.6385
2025-11-27 20:59:40, 0.0806274548, 0.0855401317, 0.0714867300, 0.0541568108, 3063.2500, 3031.5833, 763.0650, 19.3414
2025-11-27 20:59:46, 0.0834416583, 0.0747436905, 0.0554586946, 0.0423280895, 2957.3929, 2896.5893, 760.4350, 17.9840
2025-11-27 20:59:51, 0.0832090075, 0.0786855661, 0.0488564539, 0.0544396474, 2725.7308, 2660.7692, 763.9150, 19.2257
2025-11-27 20:59:57, 0.0980823932, 0.0990650876, 0.0341918490, 0.0416446779, 2931.5968, 2796.0806, 762.2250, 21.4612
2025-11-27 21:00:03, 0.0726181302, 0.0782873441, 0.0341023107, 0.0384733123, 2829.4375, 2808.7969, 763.9500, 19.6328
2025-11-27 21:00:09, 0.0998867602, 0.0802238049, 0.0401054163, 0.0358500983, 2934.5152, 2930.9545, 761.6050, 19.8449
2025-11-27 21:00:15, 0.0823943145, 0.0807652277, 0.0593226698, 0.0569634747, 2938.7333, 2812.4133, 761.7350, 18.8837
2025-11-27 21:00:20, 0.0982477254, 0.1047775658, 0.0555328778, 0.0459349263, 2785.6078, 2802.8039, 762.3350, 20.2966
2025-11-27 21:00:26, 0.1005325227, 0.0804953395, 0.0557111058, 0.0476135161, 2946.3750, 2807.1406, 766.6250, 18.3863
2025-11-27 21:00:31, 0.1260248314, 0.1186407089, 0.0696872020, 0.0495616333, 2999.6182, 2887.5273, 768.8250, 17.8035
2025-11-27 21:00:37, 0.0883371645, 0.0996893288, 0.0502139779, 0.0485889184, 2682.1636, 2624.6545, 765.8050, 16.8005
2025-11-27 21:00:43, 0.0990278870, 0.0646728608, 0.0907094650, 0.0801511974, 2790.3265, 2719.1020, 765.8100, 17.7359
2025-11-27 21:00:49, 0.1164795476, 0.0896780957, 0.0444339739, 0.0420984231, 2927.9375, 2746.1250, 765.1050, 17.7796
2025-11-27 21:00:55, 0.0865399217, 0.1000350777, 0.0596610542, 0.0452011709, 2763.7736, 2644.8491, 766.8100, 18.8267
2025-11-27 21:01:00, 0.1622449232, 0.1624811748, 0.0703495908, 0.0628627021, 2827.1406, 2741.4688, 764.9450, 18.6663
2025-11-27 21:01:06, 0.0890193469, 0.0767530769, 0.0363515178, 0.0549545165, 2890.6438, 2788.2877, 762.5450, 18.3240
2025-11-27 21:01:12, 0.1192005573, 0.0969718456, 0.0447471426, 0.0375647217, 2840.4821, 2750.5714, 767.4200, 17.7590
2025-11-27 21:01:17, 0.1079737829, 0.0891866507, 0.0439444319, 0.0401211376, 2888.2609, 2883.0435, 764.7550, 17.7844
2025-11-27 21:01:23, 0.0943154403, 0.0889323484, 0.0527507486, 0.0393217434, 2809.0435, 2756.9130, 764.5300, 19.4365
2025-11-27 21:01:29, 0.1609111456, 0.1400994876, 0.0492367233, 0.0432241196, 2829.7213, 2807.1475, 763.6400, 19.1343
2025-11-27 21:01:34, 0.1605678378, 0.1240124461, 0.0456114631, 0.0521969318, 3085.7547, 2855.0943, 765.9000, 17.4622
2025-11-27 21:01:40, 0.1289822969, 0.1192932295, 0.0366782689, 0.0371276289, 2922.3750, 2779.0417, 766.1100, 18.0662
2025-11-27 21:01:46, 0.1014370901, 0.0895234498, 0.0666018050, 0.0759567340, 2904.3091, 2867.0545, 770.0450, 19.0492
2025-11-27 21:01:51, 0.1490895155, 0.1377798678, 0.0451453493, 0.0515643666, 2927.6935, 2871.1452, 765.6950, 18.1731
2025-11-27 21:01:57, 0.1730125564, 0.1129993157, 0.0648664921, 0.0615325766, 2980.6269, 2843.2090, 769.3600, 19.1899
2025-11-27 21:02:03, 0.1254372686, 0.1242596547, 0.0706416084, 0.0759654644, 2836.7115, 2964.7115, 767.8850, 18.1712
2025-11-27 21:02:09, 0.1210891859, 0.1128873268, 0.0292458032, 0.0232856595, 2894.9298, 2759.5965, 766.2550, 18.4299
2025-11-27 21:02:15, 0.0904596313, 0.0867347526, 0.0486304899, 0.0426394078, 3011.6508, 2873.9048, 765.1500, 20.0728
2025-11-27 21:02:20, 0.0979338532, 0.0791860891, 0.0390228809, 0.0269012766, 2902.3284, 2881.5075, 768.9050, 16.8738
2025-11-27 21:02:26, 0.0666548724, 0.0714340403, 0.0479522626, 0.0379121085, 2839.4487, 2767.4103, 769.3150, 19.1545
2025-11-27 21:02:32, 0.0880971989, 0.0642057099, 0.0789137278, 0.0384692296, 3154.3611, 3069.7222, 769.0050, 19.3978
2025-11-27 21:02:37, 0.1188202046, 0.1133765368, 0.0379789277, 0.0308616263, 2862.2500, 2939.7692, 768.4550, 17.0613
2025-11-27 21:02:43, 0.0735634842, 0.0679112742, 0.0390913424, 0.0380844355, 2904.9375, 2733.9844, 766.1200, 19.0251
2025-11-27 21:02:49, 0.0698418515, 0.0564166942, 0.0437605520, 0.0390868643, 2926.8281, 2788.7031, 767.5050, 17.9805
2025-11-27 21:02:55, 0.0926008096, 0.0639235366, 0.0610262244, 0.0613303328, 2790.6143, 2687.1000, 761.0900, 18.5084
2025-11-27 21:03:00, 0.1210876139, 0.0993614591, 0.0624612535, 0.0557042247, 2852.8254, 2809.3016, 769.0400, 17.8678
2025-11-27 21:03:06, 0.1645464317, 0.1255066195, 0.0575696070, 0.0678502442, 2848.0690, 2821.7241, 767.7000, 17.6918
2025-11-27 21:03:12, 0.1233326651, 0.0985788756, 0.0452289667, 0.0425505415, 2988.8889, 2941.8889, 762.1350, 18.1551
2025-11-27 21:03:18, 0.1518345480, 0.1203964291, 0.0490820751, 0.0446630258, 3027.0400, 2835.2600, 759.7250, 17.3793
2025-11-27 21:03:23, 0.1013412938, 0.1078325975, 0.0323600639, 0.0298416570, 2915.1321, 2748.3585, 764.2550, 18.1491
2025-11-27 21:03:29, 0.1185140726, 0.0775981503, 0.0348470234, 0.0402535127, 2968.1818, 2868.4394, 762.5350, 18.0052
2025-11-27 21:03:35, 0.1232229749, 0.1180344470, 0.0392218265, 0.0346831801, 2755.3714, 2735.1429, 760.4750, 17.3980
2025-11-27 21:03:40, 0.1321043443, 0.1130070745, 0.0474559735, 0.0481270166, 2931.1154, 2807.2308, 762.3900, 17.9223
2025-11-27 21:03:46, 0.1067615997, 0.1015229774, 0.0443864584, 0.0436217218, 2924.1569, 2844.5686, 764.6100, 16.9908
2025-11-27 21:03:52, 0.1111359921, 0.0886119131, 0.0525709810, 0.0397976712, 3060.5147, 2873.1912, 760.8850, 17.7176
2025-11-27 21:03:57, 0.1359744353, 0.1064489822, 0.0453620921, 0.0319407672, 2937.0000, 2804.6667, 762.0800, 19.6432
2025-11-27 21:04:03, 0.0798130206, 0.0631486098, 0.0287495584, 0.0272067973, 2852.9672, 2651.8852, 763.0050, 18.1765
2025-11-27 21:04:09, 0.1083990269, 0.0892724337, 0.0292436854, 0.0285110189, 3005.2031, 2846.0000, 764.1150, 17.6624
2025-11-27 21:04:15, 0.1211246425, 0.0985265862, 0.0442334078, 0.0329258754, 3051.3556, 2853.6889, 763.6050, 19.7805
2025-11-27 21:04:20, 0.1063585133, 0.0749208682, 0.0396843034, 0.0395317315, 2808.6271, 2760.8305, 753.8650, 18.8201
2025-11-27 21:04:26, 0.1296287444, 0.1173470806, 0.0334011930, 0.0389295003, 2932.6190, 2649.0476, 764.4650, 17.5627
2025-11-27 21:04:32, 0.1062531516, 0.0675554149, 0.0499932089, 0.0372429565, 2841.6143, 2630.5000, 752.3650, 18.6309
2025-11-27 21:04:38, 0.0775017125, 0.0868926712, 0.0543320125, 0.0544784496, 2759.4359, 2675.7692, 764.1900, 18.7969
2025-11-27 21:04:43, 0.0561616715, 0.0615295474, 0.0327718753, 0.0347789180, 2843.4462, 2675.7846, 751.9350, 20.4228
2025-11-27 21:04:49, 0.0688652872, 0.0740048530, 0.0360045399, 0.0310954904, 2859.3725, 2685.5294, 760.3800, 18.8275
2025-11-27 21:04:55, 0.0775854625, 0.0702788748, 0.0494336358, 0.0362109141, 2922.5000, 2757.5323, 752.5900, 18.2352
2025-11-27 21:05:01, 0.0759846206, 0.0723203335, 0.0381111830, 0.0376847843, 2788.6721, 2740.5902, 753.4450, 18.8679
2025-11-27 21:05:06, 0.0826639176, 0.0780630710, 0.0434396282, 0.0337093182, 3074.0000, 2892.2759, 752.5950, 17.6185
2025-11-27 21:05:12, 0.1421754119, 0.1044642818, 0.0419031711, 0.0425503066, 2678.9683, 2604.2063, 755.7500, 18.3738
2025-11-27 21:05:18, 0.1270631390, 0.0832838269, 0.0293968605, 0.0481195334, 3027.3404, 2959.0426, 756.1900, 20.2263
2025-11-27 21:05:23, 0.1065356194, 0.1084515187, 0.0373973652, 0.0256437255, 2913.8077, 2772.2115, 754.5100, 18.8592
2025-11-27 21:05:29, 0.0837124398, 0.0640001745, 0.0388679194, 0.0365040873, 2945.0822, 2696.7260, 756.5700, 17.4131
2025-11-27 21:05:35, 0.0667212687, 0.0572703598, 0.0246940732, 0.0283943800, 2795.8281, 2690.0625, 756.9300, 19.6261
2025-11-27 21:05:41, 0.0751324096, 0.0648178233, 0.0246333666, 0.0297753460, 2850.1515, 2725.5909, 758.0300, 18.7752
2025-11-27 21:05:46, 0.0761166550, 0.0793690979, 0.0451112824, 0.0463373472, 2762.6618, 2636.7647, 758.0150, 21.0584
2025-11-27 21:05:52, 0.0756787683, 0.0761585616, 0.0424200197, 0.0335259885, 2928.8000, 2699.9077, 758.9400, 22.1871
2025-11-27 21:05:58, 0.0877347433, 0.0640053803, 0.0324959226, 0.0327389649, 2822.3175, 2699.5714, 758.8700, 19.8656
2025-11-27 21:06:04, 0.0946834192, 0.0925351356, 0.0662314484, 0.0393758935, 2994.7258, 2840.5968, 756.6200, 18.6396
2025-11-27 21:06:09, 0.0835797476, 0.0923633900, 0.0333605670, 0.0326790640, 2870.6615, 2673.6308, 756.2350, 20.1494
2025-11-27 21:06:15, 0.0990332241, 0.0823982018, 0.0362524469, 0.0327993130, 2948.0000, 2872.4143, 755.7800, 20.1495
2025-11-27 21:06:21, 0.0778035608, 0.0899901626, 0.0322814650, 0.0424945162, 2975.8305, 2824.1186, 762.8050, 20.7274
2025-11-27 21:06:27, 0.0770337007, 0.0915328571, 0.0362981586, 0.0372979210, 3027.1053, 2883.3158, 761.3150, 20.8805
2025-11-27 21:06:32, 0.1016531702, 0.0874088229, 0.0648068853, 0.0454242787, 2931.7600, 2794.8400, 756.1050, 21.7647
2025-11-27 21:06:38, 0.0891861563, 0.0904397001, 0.0301841938, 0.0327735637, 2750.2167, 2771.3333, 755.5350, 20.5711
2025-11-27 21:06:44, 0.0921624478, 0.0958530114, 0.0487779099, 0.0420322132, 2838.6226, 2791.2830, 756.6200, 21.1751
2025-11-27 21:06:49, 0.0919574769, 0.0687168992, 0.0407907651, 0.0287212865, 2785.3667, 2608.3167, 756.7750, 21.7079
2025-11-27 21:06:55, 0.0753603093, 0.0880435640, 0.0674961700, 0.0819059353, 2821.9655, 2692.2586, 755.0450, 20.1604
2025-11-27 21:07:01, 0.1027559169, 0.0993346253, 0.0597221933, 0.0542010032, 2831.1154, 2737.7115, 754.4600, 20.8506
2025-11-27 21:07:06, 0.0863642741, 0.0853166317, 0.0544069040, 0.0434301666, 2749.3214, 2637.6250, 757.3650, 19.7540
2025-11-27 21:07:12, 0.0986684011, 0.0984300176, 0.0614753548, 0.0453238695, 2841.1091, 2723.2000, 760.3550, 20.2573
2025-11-27 21:07:18, 0.1079704077, 0.0918592204, 0.0479850493, 0.0394265312, 3110.9636, 2976.9273, 758.8300, 22.1473
2025-11-27 21:07:23, 0.0871699079, 0.0931468189, 0.0402595533, 0.0385792302, 3022.2000, 2860.3000, 753.2200, 18.3552
2025-11-27 21:07:29, 0.1250262861, 0.0915449819, 0.0329570632, 0.0390414857, 2976.9167, 2861.0167, 754.6600, 18.2476
2025-11-27 21:07:35, 0.1019268881, 0.0858883153, 0.0309844543, 0.0299604893, 2919.0000, 2797.4833, 758.0600, 20.6261
2025-11-27 21:07:41, 0.1212064355, 0.1011627317, 0.0489588199, 0.0493766793, 2826.9365, 2680.8889, 754.0300, 17.8031
2025-11-27 21:07:47, 0.0901836591, 0.0997661411, 0.0285023370, 0.0346499838, 2868.0000, 2814.0484, 755.9900, 16.5173
2025-11-27 21:07:52, 0.1071608239, 0.1046033259, 0.0385507557, 0.0302938303, 3010.1286, 2830.0000, 753.8950, 18.1230
2025-11-27 21:07:58, 0.0677057592, 0.0765528470, 0.0278502894, 0.0255010960, 2839.8889, 2646.2857, 756.6800, 18.5644
2025-11-27 21:08:04, 0.1026229288, 0.0875952104, 0.0314539079, 0.0269983504, 2893.8750, 2744.3036, 756.2700, 19.5882
2025-11-27 21:08:10, 0.0825673512, 0.0915021305, 0.0423391743, 0.0365766299, 2769.6716, 2671.6716, 755.1400, 17.8236
2025-11-27 21:08:16, 0.1145900599, 0.0774468875, 0.0323271371, 0.0373679784, 2973.8621, 2751.8276, 755.7400, 18.8998
2025-11-27 21:08:21, 0.0906808733, 0.0586783879, 0.0444340881, 0.0351472654, 3024.4655, 2814.2069, 755.8450, 18.1486
2025-11-27 21:08:27, 0.1069409715, 0.0945256571, 0.0259122716, 0.0235351528, 2906.2787, 2790.4426, 758.7200, 18.6129
2025-11-27 21:08:33, 0.0677018768, 0.0716987205, 0.0398892369, 0.0285555459, 2937.9296, 2783.5211, 758.5800, 18.2790
2025-11-27 21:08:38, 0.0808973698, 0.0750937775, 0.0298201961, 0.0317475796, 2915.2769, 2752.7692, 755.1950, 16.5725
2025-11-27 21:08:44, 0.0936054968, 0.1005190588, 0.0406175617, 0.0327948131, 3014.1296, 2809.1111, 754.7100, 17.0756
2025-11-27 21:08:50, 0.1181034353, 0.1066222025, 0.0273570475, 0.0340510454, 2802.9818, 2789.9455, 755.9900, 17.1604
2025-11-27 21:08:56, 0.0863471964, 0.0780450064, 0.0459637947, 0.0347456841, 2829.8667, 2757.7167, 755.6550, 18.0079
2025-11-27 21:09:01, 0.1347708838, 0.0988281883, 0.0281153402, 0.0271985225, 2991.0000, 2707.7963, 754.3550, 18.1083
2025-11-27 21:09:07, 0.0937845999, 0.1033639332, 0.0341531032, 0.0277458114, 2784.9123, 2664.2456, 755.2600, 16.9692
2025-11-27 21:09:13, 0.1039571402, 0.0975755005, 0.0406982665, 0.0329896870, 2922.6842, 2787.0877, 754.1850, 19.3696
2025-11-27 21:09:19, 0.1463888054, 0.1266915165, 0.0363333638, 0.0356692066, 2881.8958, 2793.3750, 755.9750, 17.0248
2025-11-27 21:09:25, 0.0844287041, 0.0801086384, 0.0346627295, 0.0290621705, 2828.0656, 2734.2787, 759.4650, 18.8268
2025-11-27 21:09:30, 0.1004782298, 0.0949706154, 0.0300061813, 0.0257221155, 2911.5357, 2768.8036, 759.1700, 16.7371
2025-11-27 21:09:36, 0.0903541043, 0.0800454317, 0.0487650932, 0.0398316992, 2852.3182, 2766.0606, 759.8350, 19.7030
2025-11-27 21:09:42, 0.0786657838, 0.0708905476, 0.0473297892, 0.0559591469, 2906.0000, 2775.1231, 760.3550, 18.3232
2025-11-27 21:09:48, 0.0896018669, 0.1041408884, 0.0348857764, 0.0367906996, 2750.0000, 2712.0702, 757.1450, 19.2194
2025-11-27 21:09:53, 0.1034515478, 0.0869495064, 0.0570109395, 0.0483921705, 2714.1923, 2685.7115, 762.7300, 17.2626
2025-11-27 21:09:59, 0.0816861239, 0.0642819785, 0.0478039086, 0.0406258050, 2987.0000, 2844.9483, 755.4000, 17.9836
2025-11-27 21:10:05, 0.0818804631, 0.0672295188, 0.0561053800, 0.0384520987, 2847.2419, 2731.1935, 762.9200, 18.3198
2025-11-27 21:10:10, 0.0387138307, 0.0509043694, 0.0417081242, 0.0383370110, 2860.1757, 2740.8514, 761.9350, 17.6474
2025-11-27 21:10:16, 0.0437685322, 0.0478285380, 0.0431824167, 0.0357923572, 2999.5333, 2782.4333, 763.3600, 17.7933
2025-11-27 21:10:22, 0.0508293291, 0.0513942773, 0.0540463210, 0.0431408892, 2929.0789, 2687.4211, 763.9100, 19.1925
2025-11-27 21:10:28, 0.0607099495, 0.0542031135, 0.0340433012, 0.0324286154, 2953.0645, 2748.0161, 764.1700, 18.8587
2025-11-27 21:10:34, 0.0515506609, 0.0507580962, 0.0399771613, 0.0474056424, 2885.0794, 2629.9048, 762.7250, 19.3734
2025-11-27 21:10:39, 0.0691175676, 0.0576784999, 0.0246632720, 0.0431070895, 2827.1186, 2709.6949, 765.8900, 18.8228
2025-11-27 21:10:45, 0.0922184254, 0.0690212984, 0.0393824806, 0.0398212952, 2899.5410, 2786.1967, 765.0350, 18.8487
2025-11-27 21:10:51, 0.0787088560, 0.0840744990, 0.0392677964, 0.0503529046, 2933.8085, 2789.4468, 766.8750, 18.2798
2025-11-27 21:10:57, 0.1064655880, 0.1058939075, 0.0256016532, 0.0265183383, 3012.9683, 2886.9048, 768.3150, 20.6317
2025-11-27 21:11:03, 0.0667888872, 0.0686452117, 0.0287935632, 0.0264274220, 2907.0476, 2697.6825, 764.4000, 20.7776
2025-11-27 21:11:08, 0.0530889724, 0.0653969051, 0.0379741225, 0.0327297310, 2931.0286, 2773.8857, 765.4350, 19.4439
2025-11-27 21:11:14, 0.0974364640, 0.0741407487, 0.0335975042, 0.0384501969, 2938.2754, 2855.5652, 763.8050, 20.7910
2025-11-27 21:11:20, 0.0880393088, 0.0791920984, 0.0345325432, 0.0310409124, 3070.5082, 2866.8033, 764.5500, 18.5302
2025-11-27 21:11:25, 0.0888578980, 0.0900692898, 0.0325820290, 0.0345464236, 2956.8824, 2766.2549, 763.8000, 18.1684
2025-11-27 21:11:31, 0.1103322493, 0.0996647690, 0.0243187399, 0.0217191508, 3054.3623, 2856.1739, 765.3550, 18.1392
2025-11-27 21:11:37, 0.0627428255, 0.0629216995, 0.0378578498, 0.0379534653, 3037.4615, 2832.5385, 759.4150, 17.5987
2025-11-27 21:11:43, 0.0628408566, 0.0606682903, 0.0445022562, 0.0284814407, 2835.0926, 2696.9259, 766.5750, 18.5657
2025-11-27 21:11:48, 0.0437511381, 0.0471285526, 0.0297896942, 0.0302797100, 2926.8148, 2719.0370, 759.7000, 21.3621
2025-11-27 21:11:54, 0.0813913847, 0.0637664140, 0.0404008707, 0.0395799315, 2964.4024, 2781.1585, 759.9450, 18.9669
2025-11-27 21:12:00, 0.0621637814, 0.0571555418, 0.0282751020, 0.0246395398, 2901.4310, 2728.7069, 761.5550, 18.9110
2025-11-27 21:12:05, 0.0728939777, 0.0601948922, 0.0289505215, 0.0240517834, 2796.9538, 2558.4923, 764.2350, 20.4756
2025-11-27 21:12:11, 0.0684086956, 0.0576707966, 0.0398441258, 0.0345552642, 2747.8143, 2631.5857, 763.2450, 18.0515
2025-11-27 21:12:17, 0.0609499214, 0.0620008884, 0.0338394259, 0.0266416683, 2928.0882, 2779.3235, 760.6250, 19.4585
2025-11-27 21:12:22, 0.0399425393, 0.0564759952, 0.0424917023, 0.0418442970, 3023.1667, 2790.1667, 763.7650, 19.1747
2025-11-27 21:12:28, 0.0379850306, 0.0390750661, 0.0391324276, 0.0339728147, 2913.1842, 2674.7763, 764.1550, 18.4391
2025-11-27 21:12:34, 0.1017730499, 0.0838784522, 0.0333644409, 0.0369966721, 3000.3846, 2887.9615, 762.2700, 19.6783
2025-11-27 21:12:40, 0.0612862870, 0.0701156296, 0.0331724902, 0.0412447719, 2742.7429, 2609.0143, 761.3650, 18.8852
2025-11-27 21:12:46, 0.0574656477, 0.0622400434, 0.0450238157, 0.0591367995, 2906.6129, 2877.7097, 763.6650, 19.4811
2025-11-27 21:12:51, 0.0471591142, 0.0455105237, 0.0351346088, 0.0290902921, 2931.5479, 2697.6575, 768.1100, 19.9627
2025-11-27 21:12:57, 0.0445696916, 0.0415987828, 0.0430641630, 0.0406485885, 2874.8889, 2720.0556, 763.5100, 17.2824
2025-11-27 21:13:03, 0.0701053236, 0.0579450279, 0.0402565395, 0.0410227652, 2826.1176, 2666.4265, 765.5700, 19.5508
2025-11-27 21:13:08, 0.0887475749, 0.0542244349, 0.0689539296, 0.0685290164, 2895.6716, 2714.8507, 763.8200, 18.0135
2025-11-27 21:13:14, 0.0563739053, 0.0735551493, 0.0466397972, 0.0366712106, 2825.2857, 2703.3214, 763.5600, 18.9717
2025-11-27 21:13:20, 0.0794953542, 0.0763105536, 0.0324570405, 0.0356825794, 2934.1324, 2777.6618, 764.5650, 19.1848
2025-11-27 21:13:26, 0.0666323132, 0.0667393659, 0.0405246777, 0.0335178005, 2913.7586, 2816.4138, 767.8250, 19.3185
2025-11-27 21:13:31, 0.0503511818, 0.0546862501, 0.0363441214, 0.0406306927, 3059.3247, 2826.9610, 767.1500, 18.8345
2025-11-27 21:13:37, 0.0603625004, 0.0724768213, 0.0417324124, 0.0439124420, 2996.4426, 2776.1475, 768.3250, 18.4572
2025-11-27 21:13:43, 0.0643967174, 0.0530969965, 0.0271971849, 0.0280371608, 2917.3293, 2868.9634, 765.9750, 18.8360
2025-11-27 21:13:49, 0.0624425455, 0.0523338976, 0.0348178628, 0.0388779518, 2843.4789, 2600.6901, 768.4750, 19.3773
2025-11-27 21:13:55, 0.0665803508, 0.0546245699, 0.0358021095, 0.0349529137, 2961.0441, 2771.3529, 769.3500, 18.8629
2025-11-27 21:14:01, 0.0917760227, 0.0709675420, 0.0289236219, 0.0323346505, 2998.5000, 2801.0000, 769.0450, 18.9764
2025-11-27 21:14:06, 0.0681031965, 0.0556867663, 0.0335006684, 0.0268056178, 2833.8378, 2726.1351, 767.7200, 19.7480
2025-11-27 21:14:12, 0.0911293417, 0.0754278290, 0.0382892588, 0.0408665569, 2887.8939, 2869.1818, 768.9000, 18.8337
2025-11-27 21:14:18, 0.0477285836, 0.0435009887, 0.0533794845, 0.0454935484, 2923.7333, 2744.2533, 767.0750, 18.9040
2025-11-27 21:14:23, 0.0552338447, 0.0541699110, 0.0255478026, 0.0391949142, 2816.8667, 2729.5167, 772.7800, 18.9882
2025-11-27 21:14:29, 0.0445179366, 0.0457707476, 0.0311231997, 0.0278355767, 2770.8493, 2659.6438, 768.0800, 19.9460
2025-11-27 21:14:35, 0.0503300266, 0.0478856696, 0.0586089921, 0.0544394019, 2745.6667, 2653.9000, 768.2650, 18.6766
2025-11-27 21:14:40, 0.0502634960, 0.0404804260, 0.0307054280, 0.0334210218, 2895.1912, 2732.4265, 766.8400, 19.3557
2025-11-27 21:14:46, 0.0736779679, 0.0521958920, 0.0628497656, 0.0413962878, 2954.7193, 2727.9298, 764.6150, 17.7577
2025-11-27 21:14:52, 0.0665633900, 0.0755227362, 0.0369484029, 0.0463118851, 2749.7344, 2702.9531, 762.1700, 18.3535
2025-11-27 21:14:57, 0.0682148302, 0.0602367851, 0.0359075361, 0.0345731331, 2859.2727, 2672.0000, 762.6800, 19.1389
2025-11-27 21:15:03, 0.0510142159, 0.0472249595, 0.0373605170, 0.0380118657, 2745.0548, 2609.9178, 758.6700, 17.6949
2025-11-27 21:15:09, 0.0798126705, 0.0600194483, 0.0412338889, 0.0400065669, 2893.8630, 2724.1370, 759.7600, 18.8950
2025-11-27 21:15:14, 0.0761770361, 0.0614739906, 0.0588191428, 0.0512526939, 3050.0800, 2845.9200, 765.5450, 18.8021
2025-11-27 21:15:20, 0.0521044390, 0.0534213280, 0.0543729530, 0.0450462450, 2863.5405, 2759.9459, 759.1150, 18.0148
2025-11-27 21:15:26, 0.0756870290, 0.0683438705, 0.0418270229, 0.0300996821, 2814.8209, 2754.4179, 760.8800, 18.0750
2025-11-27 21:15:32, 0.0668479855, 0.0813773152, 0.0495342821, 0.0530663155, 2907.6833, 2839.8000, 760.9900, 18.7174
2025-11-27 21:15:38, 0.0710894588, 0.0651043861, 0.0462203345, 0.0454572135, 2725.6418, 2623.5075, 760.3750, 19.2734
2025-11-27 21:15:43, 0.0508955505, 0.0520245922, 0.0489714312, 0.0480438729, 2853.8868, 2714.3019, 761.1750, 19.4248
2025-11-27 21:15:49, 0.0717684960, 0.0596456964, 0.0760147551, 0.0598132224, 2781.6167, 2740.7667, 762.2900, 18.7661
2025-11-27 21:15:55, 0.0513479345, 0.0625157795, 0.0445963868, 0.0360451976, 2823.2286, 2701.4571, 755.7150, 17.3350
2025-11-27 21:16:00, 0.0591386714, 0.0629991231, 0.0620832138, 0.0575191954, 2723.2931, 2664.1552, 754.7500, 18.1823
2025-11-27 21:16:06, 0.0485598605, 0.0521674937, 0.0613878358, 0.0618292383, 2919.0370, 2741.4815, 757.7300, 18.0385
2025-11-27 21:16:12, 0.0744094130, 0.0760343294, 0.0357842437, 0.0386051216, 2721.9123, 2712.6842, 756.5300, 20.0831
2025-11-27 21:16:17, 0.0979774316, 0.0879690962, 0.0537266432, 0.0628764457, 2869.3878, 2857.5714, 758.1350, 17.3227
2025-11-27 21:16:23, 0.1625214608, 0.1187567333, 0.0650933442, 0.0499113690, 2684.9636, 2593.3818, 759.5750, 19.8329
2025-11-27 21:16:29, 0.1084687436, 0.0844253255, 0.0606909799, 0.0400047806, 2886.0164, 2906.0164, 760.3550, 19.1478
2025-11-27 21:16:34, 0.0907168635, 0.0762299115, 0.0861745215, 0.0692788650, 2898.7538, 2756.4769, 758.0400, 19.7312
2025-11-27 21:16:40, 0.0753424316, 0.0885210352, 0.0645313074, 0.0472987114, 2706.3091, 2673.4364, 759.5600, 20.3729
2025-11-27 21:16:46, 0.1294182489, 0.1012884325, 0.0554017242, 0.0547124917, 2751.6618, 2721.8088, 758.6550, 17.9993
2025-11-27 21:16:51, 0.0705319221, 0.0574691573, 0.0856615679, 0.0536595037, 3164.2576, 2967.4394, 759.7450, 19.8429
2025-11-27 21:16:57, 0.1083486684, 0.1201222305, 0.0952950550, 0.0692956791, 2900.6538, 2901.5962, 761.1850, 17.8860
2025-11-27 21:17:03, 0.0789989672, 0.0657340098, 0.1118510920, 0.0823524107, 2829.2364, 2808.6364, 759.1900, 19.6157
2025-11-27 21:17:09, 0.0624228666, 0.0610275167, 0.0824389595, 0.0603532171, 2720.8929, 2693.9821, 759.7900, 16.4814
2025-11-27 21:17:15, 0.0853484611, 0.0827274770, 0.0764362858, 0.0800743219, 2971.6765, 3016.3235, 763.2350, 20.6952
2025-11-27 21:17:20, 0.0752900014, 0.0781525695, 0.0678447910, 0.0526704374, 2831.0370, 2739.8889, 759.8000, 18.9219
2025-11-27 21:17:26, 0.0904066617, 0.0733805757, 0.0689762205, 0.0529665004, 2838.1714, 2802.8429, 758.3300, 18.0533
2025-11-27 21:17:31, 0.0721922037, 0.0928728459, 0.0635594953, 0.0492689869, 2765.3469, 2657.9184, 759.3650, 18.5990
2025-11-27 21:17:37, 0.0813662487, 0.0820473283, 0.0592357912, 0.0448220645, 2742.1471, 2799.7941, 760.4300, 18.7183
2025-11-27 21:17:43, 0.0508771346, 0.0590332927, 0.0554837639, 0.0424346199, 2912.6111, 2796.1481, 759.5400, 19.3328
2025-11-27 21:17:48, 0.0561072526, 0.0438481261, 0.0683060308, 0.0488701093, 2789.9861, 2720.5000, 758.8650, 17.8081
2025-11-27 21:17:54, 0.0665329043, 0.0569143435, 0.0672351617, 0.0542554939, 2895.7619, 2779.0317, 762.5050, 18.5335
2025-11-27 21:18:00, 0.0684645657, 0.0870290883, 0.0943168314, 0.0676375304, 2859.9492, 2648.9661, 761.0600, 16.7984
2025-11-27 21:18:06, 0.0605364285, 0.0594436227, 0.0682661926, 0.0610004677, 3081.1912, 3018.9853, 759.3500, 17.8002
2025-11-27 21:18:11, 0.0804740275, 0.0710986019, 0.0749423184, 0.0810919219, 2830.6167, 2810.9500, 763.1050, 19.2916
2025-11-27 21:18:17, 0.0645283479, 0.0634938422, 0.0848229327, 0.0694430568, 2874.7778, 2735.0926, 760.9450, 18.6229
2025-11-27 21:18:23, 0.0439975132, 0.0375316810, 0.0510067433, 0.0493312495, 2829.0635, 2637.5238, 762.0400, 17.3853
2025-11-27 21:18:28, 0.0481796990, 0.0330798110, 0.0598490212, 0.0511772051, 2850.6308, 2790.9846, 765.8100, 16.4354
2025-11-27 21:18:34, 0.0477586033, 0.0481674601, 0.0877621544, 0.0775801955, 2770.5556, 2673.3810, 762.9400, 18.5566
2025-11-27 21:18:40, 0.0552916809, 0.0603017795, 0.0418518896, 0.0380874067, 2720.5077, 2774.9846, 762.5150, 18.1312
2025-11-27 21:18:45, 0.0578550498, 0.0551610287, 0.0662944967, 0.0706222395, 2860.2131, 2738.1148, 764.8100, 16.6347
2025-11-27 21:18:51, 0.0616949264, 0.0607310678, 0.0545229425, 0.0734020115, 2692.8226, 2590.9194, 763.9100, 17.3952
2025-11-27 21:18:56, 0.0567858669, 0.0710142676, 0.0472858193, 0.0475900378, 2794.6071, 2799.3036, 763.4800, 17.9560
2025-11-27 21:19:09, 0.0984703886, 0.0820095489, 0.0571449564, 0.0459657484, 2888.8000, 2801.0222, 761.6650, 17.0837
2025-11-27 21:19:15, 0.1104811976, 0.1150722186, 0.0648081961, 0.0695153471, 2881.3158, 2758.6140, 767.2600, 20.9187
2025-11-27 21:19:20, 0.0971594862, 0.0901124456, 0.0398927132, 0.0457226515, 2785.7692, 2798.9077, 765.4900, 20.0895
2025-11-27 21:19:26, 0.1175989685, 0.0843914966, 0.0631081591, 0.0649519910, 2848.6038, 2757.0755, 767.1950, 20.4007
2025-11-27 21:19:32, 0.0766155277, 0.0580114148, 0.0823418423, 0.0664466069, 2890.2807, 2769.1404, 769.1250, 20.3730
2025-11-27 21:19:38, 0.0521873068, 0.0410480841, 0.0717319324, 0.0578681890, 2720.2069, 2675.3621, 768.2800, 18.1860
2025-11-27 21:19:43, 0.0473550761, 0.0434557151, 0.0668053640, 0.0482603677, 2849.0882, 2740.4265, 767.5700, 18.7559
2025-11-27 21:19:49, 0.0483923072, 0.0493514250, 0.0624451080, 0.0623057305, 2872.2295, 2738.5902, 768.8300, 20.3254
2025-11-27 21:19:55, 0.0701049359, 0.0555412920, 0.0502869112, 0.0453613978, 2777.8491, 2579.8491, 762.6200, 19.2846
2025-11-27 21:20:00, 0.0373997760, 0.0424730888, 0.0628473158, 0.0629632269, 2784.2222, 2683.2963, 762.9750, 19.1602
2025-11-27 21:20:06, 0.0447575412, 0.0417392672, 0.0435135709, 0.0392201847, 2761.3750, 2591.8281, 763.9250, 18.1072
2025-11-27 21:20:12, 0.0680062932, 0.0617715500, 0.0622937658, 0.0542241359, 2879.6724, 2753.0172, 765.3600, 20.3303
2025-11-27 21:20:17, 0.0608420575, 0.0849670831, 0.0602422103, 0.0560377334, 3036.7021, 2830.3191, 762.7550, 18.8187
2025-11-27 21:20:23, 0.0905369305, 0.0876940769, 0.0511298855, 0.0406616089, 3026.3387, 2900.5806, 763.9950, 21.3447
2025-11-27 21:20:29, 0.0691951354, 0.0472712165, 0.0355142679, 0.0368183862, 2890.5690, 2895.2586, 765.4000, 18.5941
2025-11-27 21:20:34, 0.0688695100, 0.0635727344, 0.0713156492, 0.0515667183, 2885.8750, 2789.6528, 762.6100, 19.8665
2025-11-27 21:20:46, 0.0753208769, 0.0849608950, 0.0946436295, 0.0798483041, 2901.7879, 2982.3636, 764.1650, 20.3489
2025-11-27 21:20:52, 0.0708234435, 0.0561646076, 0.0501495814, 0.0490772904, 2974.0600, 2924.0200, 761.4900, 19.4967
2025-11-27 21:20:58, 0.0751483804, 0.0514687276, 0.0653005211, 0.0600764250, 2952.5690, 2822.5000, 762.7150, 18.1363
2025-11-27 21:21:04, 0.0579902392, 0.0496181668, 0.0551445196, 0.0561202750, 2736.4754, 2680.4098, 759.9200, 18.5206
2025-11-27 21:21:09, 0.0812441702, 0.0746610103, 0.0694793804, 0.0736446904, 2802.6163, 2807.1628, 761.0700, 21.1188
2025-11-27 21:21:15, 0.0854687688, 0.0824463213, 0.0589292727, 0.0477939622, 2766.3857, 2659.0000, 763.3400, 17.6183
2025-11-27 21:21:21, 0.0883149249, 0.0758817432, 0.0506484749, 0.0476137255, 2775.1212, 2821.8030, 762.8450, 17.6014
2025-11-27 21:21:27, 0.0931890263, 0.0666905869, 0.0481897242, 0.0457776110, 2818.8571, 2726.8750, 764.2500, 17.6632
2025-11-27 21:21:32, 0.0670754107, 0.0591832027, 0.0574954476, 0.0752569149, 2908.1667, 2917.3889, 763.3650, 18.5025
2025-11-27 21:21:38, 0.0670796317, 0.0623992764, 0.0373247075, 0.0416715300, 2865.9710, 2859.5072, 764.0250, 20.0166
2025-11-27 21:21:43, 0.1190448792, 0.0784141643, 0.0446375537, 0.0315452322, 3021.0943, 2873.7170, 762.3900, 17.5786
2025-11-27 21:21:50, 0.0768603021, 0.0695395587, 0.0488714115, 0.0374326020, 2776.4000, 2618.9077, 762.3300, 17.9789
2025-11-27 21:21:55, 0.0767389011, 0.0602078896, 0.0363142196, 0.0467099700, 2771.0455, 2641.8485, 763.4350, 19.0346
2025-11-27 21:22:01, 0.0822840599, 0.0903971113, 0.0720107987, 0.0531477529, 2916.1633, 2895.0612, 764.7550, 18.5342
2025-11-27 21:22:07, 0.0707855655, 0.0565579744, 0.0319477375, 0.0492927809, 2686.3654, 2645.4808, 763.7900, 18.7330
2025-11-27 21:22:13, 0.0742191296, 0.0600688740, 0.0910222720, 0.0859500817, 2728.8033, 2728.3934, 764.8750, 16.1873
2025-11-27 21:22:18, 0.1013090972, 0.0865069228, 0.0535000275, 0.0434736097, 2930.2941, 2870.1961, 761.5900, 18.1536
2025-11-27 21:22:24, 0.0816364368, 0.0966710824, 0.0772089196, 0.0693637638, 2998.2676, 2937.5211, 761.2850, 17.9132
2025-11-27 21:22:30, 0.0789236004, 0.0658828353, 0.0482098990, 0.0513725389, 2980.3966, 2949.9655, 761.8600, 16.4754
2025-11-27 21:22:35, 0.0921385004, 0.0732539225, 0.0515762635, 0.0424965696, 2551.1429, 2593.4821, 766.8050, 17.1134
2025-11-27 21:22:41, 0.0645983389, 0.0568635001, 0.0463871047, 0.0490324640, 2739.1449, 2679.8696, 762.9600, 18.5975
2025-11-27 21:22:47, 0.0792522013, 0.0742690627, 0.0498004424, 0.0605350023, 2671.0606, 2637.1970, 763.3150, 19.4007
2025-11-27 21:22:53, 0.0667590802, 0.0515726556, 0.0521099100, 0.0494933070, 2948.3333, 2960.2121, 766.8800, 19.4719
2025-11-27 21:22:58, 0.0650198537, 0.0669253935, 0.0615860156, 0.0465173232, 2703.8939, 2617.5606, 762.5700, 19.0322
2025-11-27 21:23:04, 0.0638835755, 0.0564383295, 0.0729988284, 0.0581840631, 3044.5522, 2844.8209, 762.9800, 16.7732
2025-11-27 21:23:10, 0.0592244833, 0.0663072161, 0.1246350001, 0.1015394361, 2793.0469, 2698.4531, 763.5400, 16.5737
2025-11-27 21:23:16, 0.0763807476, 0.0787354154, 0.0556993822, 0.0485821834, 2769.0833, 2752.9000, 765.1900, 18.6683
2025-11-27 21:23:21, 0.0749014561, 0.0740372400, 0.0556317198, 0.0488166238, 2825.5857, 2714.5000, 765.6450, 19.3677
2025-11-27 21:23:27, 0.0910256266, 0.0591862635, 0.0700129288, 0.0498478749, 2800.4516, 2729.4839, 758.2350, 19.3471
2025-11-27 21:23:33, 0.0929529610, 0.0868095872, 0.0720819011, 0.0675523982, 2791.1455, 2865.7636, 762.1100, 18.5183
2025-11-27 21:23:38, 0.0975444149, 0.0888805607, 0.0627257196, 0.0563537447, 2894.3800, 2836.1200, 755.6500, 20.5671
2025-11-27 21:23:44, 0.0471506852, 0.0540803388, 0.0555878334, 0.0528286325, 2788.7600, 2729.8933, 759.5200, 19.3305
2025-11-27 21:23:50, 0.0749037175, 0.0852888925, 0.0753901775, 0.0684621049, 3048.4314, 3005.3922, 756.7700, 19.0787
2025-11-27 21:23:55, 0.0742510389, 0.0697443266, 0.0504081738, 0.0572510032, 2888.5758, 2874.1212, 757.4050, 18.2582
2025-11-27 21:24:01, 0.0817299529, 0.0617493219, 0.0472048711, 0.0343102285, 2982.5821, 2915.8358, 756.9950, 17.1369
2025-11-27 21:24:07, 0.0819434371, 0.0640868880, 0.0559534331, 0.0494840643, 2889.1296, 2832.8333, 756.4750, 17.9791
2025-11-27 21:24:12, 0.0980339187, 0.0948353826, 0.0551689533, 0.0635231154, 2771.1864, 2661.9492, 755.8100, 17.3593
2025-11-27 21:24:18, 0.1098240788, 0.0851811352, 0.0900883013, 0.0838346035, 2731.2115, 2684.4231, 755.2900, 17.6044
2025-11-27 21:24:24, 0.0766885598, 0.0864711508, 0.0542890074, 0.0493358956, 2549.3542, 2564.7500, 759.6100, 18.0368
2025-11-27 21:24:29, 0.0950419188, 0.0942173243, 0.0409830773, 0.0435706166, 2800.6182, 2840.5273, 757.0950, 18.0457
2025-11-27 21:24:35, 0.1062416528, 0.0943777178, 0.0448566548, 0.0496505752, 2852.3692, 2849.1385, 756.9050, 18.1294
2025-11-27 21:24:41, 0.0793221288, 0.0697452613, 0.0379504313, 0.0385613431, 2727.8113, 2732.1509, 757.5050, 18.6341
2025-11-27 21:24:47, 0.1670846278, 0.1371092578, 0.0434940894, 0.0344673414, 2867.8600, 2859.0800, 761.9800, 18.6727
2025-11-27 21:24:53, 0.1382748127, 0.1063925212, 0.0574081959, 0.0343944205, 2814.5000, 2694.0135, 762.3000, 18.1634
2025-11-27 21:24:58, 0.1541774905, 0.1180930749, 0.0514324739, 0.0494276666, 2952.5167, 2938.4500, 762.8100, 17.6387
2025-11-27 21:25:04, 0.1054289798, 0.1055252320, 0.0792997273, 0.0587971645, 2741.9348, 2710.6739, 762.2250, 18.8991
2025-11-27 21:25:10, 0.0806694359, 0.0907933459, 0.0572197439, 0.0542926964, 2832.6957, 2634.7174, 760.7250, 17.5849
2025-11-27 21:25:16, 0.0781603085, 0.0750171980, 0.0673845769, 0.0409430082, 2792.8387, 2700.6290, 764.0100, 18.5903
2025-11-27 21:25:22, 0.0950828074, 0.0719825421, 0.0621086411, 0.0630421693, 2817.8889, 2675.0159, 762.6450, 17.5579
2025-11-27 21:25:28, 0.0610606751, 0.0612824789, 0.0541965378, 0.0625454702, 2784.7966, 2740.9831, 762.5800, 16.8450
2025-11-27 21:25:33, 0.0813964029, 0.0877054542, 0.0434293427, 0.0434000790, 2810.0896, 2728.5821, 765.4900, 19.4015
2025-11-27 21:25:39, 0.0708422528, 0.0795004095, 0.0755085795, 0.0757947464, 2822.3276, 2733.7759, 766.2850, 18.0107
2025-11-27 21:25:45, 0.0859336855, 0.0970018917, 0.0625952400, 0.0602406132, 2764.3051, 2732.4576, 765.5050, 19.5346
2025-11-27 21:25:50, 0.0688672667, 0.0845732283, 0.0882924335, 0.0832509706, 2585.0806, 2594.1774, 764.4050, 19.0497
2025-11-27 21:25:56, 0.0691751839, 0.0586343022, 0.0512685429, 0.0558693024, 2797.6056, 2753.6338, 765.4650, 18.8671
2025-11-27 21:26:02, 0.0683052878, 0.0706492705, 0.0653327115, 0.0602090559, 2764.9211, 2686.1842, 765.5200, 19.8625
2025-11-27 21:26:08, 0.0623795260, 0.0712768794, 0.0654926410, 0.0505271768, 2774.3944, 2707.8169, 764.1350, 18.3310
2025-11-27 21:26:13, 0.0983430524, 0.0755684203, 0.0613935710, 0.0475768285, 2860.7857, 2839.0179, 764.3900, 18.2980
2025-11-27 21:26:19, 0.0916828280, 0.0972954470, 0.0524613452, 0.0591247435, 2964.7391, 2895.8696, 764.3400, 20.1342
2025-11-27 21:26:25, 0.1181617467, 0.0950399973, 0.0548201074, 0.0577503290, 3114.2500, 3034.5000, 764.0150, 20.9149
2025-11-27 21:26:31, 0.1107109418, 0.0886280041, 0.0818430507, 0.0796512979, 2730.2295, 2783.6393, 762.1100, 17.5188
2025-11-27 21:26:36, 0.1020715869, 0.0847594376, 0.1815388617, 0.1217620644, 2906.1695, 2757.6610, 762.7500, 17.6855
2025-11-27 21:26:42, 0.1115065901, 0.0770027501, 0.0936594771, 0.0727903297, 2827.7455, 2803.6545, 762.5100, 16.9136
2025-11-27 21:26:48, 0.0619611439, 0.0453681720, 0.1291129488, 0.1051384775, 2760.5357, 2647.5536, 766.4000, 17.8309
2025-11-27 21:26:54, 0.0607861857, 0.0380687398, 0.0810118919, 0.0855635363, 2969.4590, 2825.6721, 761.1300, 18.3326
2025-11-27 21:27:00, 0.0516821163, 0.0388336324, 0.1399729399, 0.1206264753, 2845.8644, 2817.0000, 761.8600, 18.5596
2025-11-27 21:27:05, 0.0636974462, 0.0428419190, 0.1159061089, 0.1271592423, 2853.7639, 2804.0000, 765.3800, 18.1289
2025-11-27 21:27:11, 0.0643731956, 0.0540245847, 0.0683372747, 0.0648813035, 2680.1587, 2714.8095, 763.9200, 17.9617
2025-11-27 21:27:17, 0.0571785188, 0.0565420322, 0.0620827441, 0.0463675877, 2812.7879, 2790.9545, 761.6750, 18.5992
2025-11-27 21:27:23, 0.0889186246, 0.0760007700, 0.0694863089, 0.0583434364, 2780.7460, 2751.4444, 760.7450, 19.6736
2025-11-27 21:27:29, 0.1101916044, 0.0904672040, 0.0550530146, 0.0492687848, 2854.7027, 2841.1757, 759.9700, 16.0122
2025-11-27 21:27:34, 0.0615690274, 0.0576711546, 0.0669138782, 0.0483617249, 2993.0000, 2865.4667, 758.7850, 18.0072
2025-11-27 21:27:40, 0.0696055433, 0.0616657539, 0.0483225115, 0.0495083235, 2821.2321, 2880.6964, 758.3600, 18.5348
2025-11-27 21:27:46, 0.0759785262, 0.0823496454, 0.0654414952, 0.0443386983, 2727.1321, 2708.3396, 759.0500, 18.5145
2025-11-27 21:27:51, 0.0801939407, 0.0739240486, 0.0565685806, 0.0720031847, 2812.0426, 2808.0000, 759.2950, 17.3291
2025-11-27 21:27:57, 0.1331428311, 0.1105082199, 0.0732047062, 0.0691425610, 2804.0000, 2891.4146, 758.9050, 17.6215
2025-11-27 21:28:03, 0.1217674083, 0.1115670013, 0.0632949564, 0.0689732707, 2919.8478, 2892.5217, 762.0450, 17.0910
2025-11-27 21:28:09, 0.1427448519, 0.1059247109, 0.0649347337, 0.0592706822, 2707.4769, 2640.2154, 760.5500, 16.2354
2025-11-27 21:28:14, 0.1423327680, 0.1264554759, 0.0697747340, 0.0650961756, 2794.3778, 2750.7333, 756.6750, 19.6713
2025-11-27 21:28:20, 0.1219255963, 0.0972867294, 0.0595178717, 0.0425522827, 2797.0984, 2766.6885, 760.6500, 19.4756
2025-11-27 21:28:26, 0.1045964656, 0.1350796251, 0.0773773655, 0.0744763694, 2843.4211, 2769.0000, 758.8850, 19.0673
2025-11-27 21:28:32, 0.1012528852, 0.0857634512, 0.0553830431, 0.0711535407, 2779.3462, 2802.5577, 757.8100, 20.6643
2025-11-27 21:28:37, 0.0757453142, 0.0898151929, 0.0719884672, 0.0676509213, 2757.5000, 2629.9821, 759.0400, 17.3017
2025-11-27 21:28:43, 0.0743707980, 0.0510685722, 0.0691245188, 0.0584996122, 2717.2787, 2738.4590, 756.5300, 17.8603
2025-11-27 21:28:49, 0.0719193700, 0.0694973252, 0.0935628169, 0.1024528461, 2875.9464, 2880.0357, 758.5450, 19.9744
2025-11-27 21:28:54, 0.0882236249, 0.0809583205, 0.0797142607, 0.0615155828, 2752.1739, 2777.4130, 762.9800, 18.8345
2025-11-27 21:29:00, 0.0822802988, 0.0775022520, 0.0685832975, 0.0772602512, 2684.2000, 2626.3818, 757.8950, 19.6722
2025-11-27 21:29:06, 0.0666719642, 0.0726173810, 0.1010055343, 0.0904270615, 2848.6949, 2834.1356, 760.9050, 19.7751
2025-11-27 21:29:11, 0.0778396934, 0.0775366058, 0.1152652298, 0.0902141008, 2689.9516, 2616.4516, 759.1500, 17.9448
2025-11-27 21:29:17, 0.0902054013, 0.0664690712, 0.0809359954, 0.0578598828, 2738.7317, 2757.7561, 761.3950, 19.2359
2025-11-27 21:29:23, 0.1013800271, 0.0787647322, 0.1457447787, 0.1266226260, 2826.0233, 3017.0698, 758.7400, 18.2585
2025-11-27 21:29:28, 0.1100102657, 0.0862767331, 0.0833576403, 0.0696241363, 2778.9474, 2656.8246, 762.4800, 19.6020
2025-11-27 21:29:34, 0.0907588964, 0.0686078230, 0.0522130868, 0.0544336553, 2723.3898, 2727.6271, 758.8850, 19.9390
2025-11-27 21:29:40, 0.1319212492, 0.1103910985, 0.0868728603, 0.0831664419, 2920.6379, 2962.6897, 760.9100, 19.1121
2025-11-27 21:29:46, 0.0625411309, 0.0544355228, 0.0754136372, 0.0634049910, 2710.2203, 2653.5593, 757.9700, 21.1790
2025-11-27 21:29:52, 0.0536951732, 0.0417632002, 0.0923889840, 0.1301164250, 2654.5574, 2817.9672, 759.0400, 18.3564
2025-11-27 21:29:57, 0.0575275825, 0.0483279028, 0.0821148991, 0.0782476291, 2777.5286, 2746.4714, 759.1000, 19.4956
2025-11-27 21:30:03, 0.0833337022, 0.0628776388, 0.0878734719, 0.0968910565, 2715.5147, 2710.6912, 757.8050, 18.3460
2025-11-27 21:30:09, 0.0647232188, 0.0637103815, 0.0671608379, 0.0452983927, 2669.2090, 2589.4925, 760.5400, 16.9516
2025-11-27 21:30:15, 0.0566056593, 0.0688694409, 0.0775864934, 0.0801736869, 2842.4833, 2792.1667, 760.3450, 17.9250
2025-11-27 21:30:20, 0.0873867074, 0.0988648879, 0.0638479885, 0.0452154794, 2870.5714, 2767.5102, 759.1350, 17.0308
2025-11-27 21:30:26, 0.0809801085, 0.0768038490, 0.0680775449, 0.0533755488, 2525.1129, 2474.5161, 757.5650, 17.9426
2025-11-27 21:30:32, 0.1467159670, 0.1248883328, 0.0541579301, 0.0549822146, 2710.0000, 2764.3898, 759.3350, 19.7366
2025-11-27 21:30:37, 0.0799597589, 0.0940065631, 0.0763157227, 0.0757264637, 2944.6735, 2946.9388, 760.6850, 17.8425
2025-11-27 21:30:43, 0.1218981274, 0.0932006534, 0.0550067386, 0.0567703769, 2712.0615, 2709.2308, 759.5950, 19.8631
2025-11-27 21:30:49, 0.0752805732, 0.0801076373, 0.0683060341, 0.0547630019, 3114.3667, 3048.4167, 759.4450, 19.2854
2025-11-27 21:30:54, 0.0758327322, 0.0565602020, 0.0542589882, 0.0468052471, 2760.9107, 2623.9821, 759.6600, 17.5871
2025-11-27 21:31:00, 0.0919811891, 0.0696254010, 0.0542599940, 0.0546747175, 2665.4231, 2598.1538, 757.5450, 20.4995
2025-11-27 21:31:06, 0.0780571839, 0.0607761807, 0.0321376743, 0.0480259604, 2895.3710, 2906.4032, 759.4500, 18.8650
2025-11-27 21:31:11, 0.0672470242, 0.0596615260, 0.0368203509, 0.0477674977, 2767.2830, 2666.0566, 761.1200, 18.2838
2025-11-27 21:31:18, 0.0460342860, 0.0481989892, 0.0484397051, 0.0518304623, 2846.8333, 2851.7424, 759.5000, 16.9738
2025-11-27 21:31:23, 0.0706778185, 0.0494194413, 0.0703763637, 0.0533456459, 2715.9298, 2649.4386, 761.3500, 19.7276
2025-11-27 21:31:29, 0.0700901208, 0.0587152811, 0.0655782487, 0.0472495095, 2774.5357, 2735.0714, 763.2800, 19.1113
2025-11-27 21:31:35, 0.0477032725, 0.0488221464, 0.0850669665, 0.0782776332, 2735.1613, 2595.0323, 765.1800, 17.6300
2025-11-27 21:31:41, 0.0536971363, 0.0470947909, 0.0690945035, 0.0643876122, 2855.6418, 2821.5075, 766.4500, 17.5578
2025-11-27 21:31:46, 0.0610837510, 0.0585479466, 0.0602099461, 0.0607586955, 2915.3143, 2773.4714, 768.5650, 18.9751
2025-11-27 21:31:52, 0.0456229540, 0.0572487519, 0.0475003018, 0.0480280201, 2877.3239, 2677.4789, 768.1950, 18.6053
2025-11-27 21:31:58, 0.0637067068, 0.0720115362, 0.0677523710, 0.0543166093, 2935.0149, 2702.5821, 770.8350, 18.4176
2025-11-27 21:32:04, 0.0654966810, 0.0560602657, 0.0420107190, 0.0328526146, 2885.5000, 2691.8140, 767.9150, 19.7438
2025-11-27 21:32:10, 0.0571108180, 0.0526038316, 0.0622406656, 0.0540588233, 2719.1392, 2552.8228, 766.4300, 17.9860
2025-11-27 21:32:15, 0.0791456031, 0.0677309615, 0.0714319917, 0.0586954264, 2991.5735, 2892.6471, 767.2500, 16.3917
2025-11-27 21:32:21, 0.0755867657, 0.0632474399, 0.0604930204, 0.0518458051, 2853.6102, 2783.2881, 768.6400, 18.7654
2025-11-27 21:32:27, 0.0585981191, 0.0546003871, 0.0712073092, 0.0770871789, 2963.2931, 2877.4310, 769.3300, 18.1461
2025-11-27 21:32:33, 0.0661777536, 0.0492240216, 0.0642919828, 0.0541983007, 2965.3621, 2899.6724, 768.4950, 18.2691
2025-11-27 21:32:38, 0.0524642590, 0.0423655930, 0.0907883588, 0.0702378655, 2732.0820, 2677.6885, 766.3850, 18.2608
2025-11-27 21:32:45, 0.0657262369, 0.0522832233, 0.0859307402, 0.0879938761, 2918.3103, 2948.0517, 762.8050, 16.4832
2025-11-27 21:32:50, 0.0475992905, 0.0384008499, 0.0695190186, 0.0704335138, 2938.9531, 2810.0625, 764.1400, 18.8319
2025-11-27 21:32:56, 0.0384759997, 0.0393610423, 0.0529584577, 0.0469332144, 2774.3974, 2641.1282, 763.7550, 18.4839
2025-11-27 21:33:01, 0.0411362988, 0.0446808448, 0.0692839643, 0.0606493267, 2706.9344, 2648.8525, 767.5700, 18.3615
2025-11-27 21:33:07, 0.0620183909, 0.0580386002, 0.0515816902, 0.0575956286, 2895.7368, 2899.2982, 766.7900, 21.2814
2025-11-27 21:33:13, 0.0538665894, 0.0485594294, 0.0704872739, 0.0528403190, 2761.7763, 2657.6316, 765.6250, 18.1624
2025-11-27 21:33:19, 0.0549330305, 0.0573001437, 0.0504369933, 0.0382981370, 2766.2131, 2691.3607, 765.4100, 18.6543
2025-11-27 21:33:24, 0.0496506460, 0.0553444750, 0.0522004133, 0.0427667565, 2963.6479, 2803.1690, 765.0100, 18.5551
2025-11-27 21:33:30, 0.0622772081, 0.0529120385, 0.0632751012, 0.0600676383, 2816.9014, 2659.0845, 765.8850, 17.2566
2025-11-27 21:33:36, 0.0617615663, 0.0651642723, 0.0454219520, 0.0424237438, 2707.4776, 2703.5373, 766.5600, 18.8198
2025-11-27 21:33:42, 0.0660594358, 0.0758324120, 0.0667859165, 0.0495246947, 3085.9444, 2959.6481, 765.0800, 17.6274
2025-11-27 21:33:48, 0.1222529613, 0.1018785199, 0.0459311418, 0.0463455823, 3024.0968, 2961.8226, 765.7050, 19.1475
2025-11-27 21:33:53, 0.1024920602, 0.1172797900, 0.0804305556, 0.0742225639, 3000.5484, 2927.4032, 767.1250, 19.9442
2025-11-27 21:33:59, 0.0895588796, 0.0930362560, 0.0643793313, 0.0643471302, 2661.9444, 2609.8889, 765.0650, 17.9126
2025-11-27 21:34:05, 0.0937851371, 0.0782050294, 0.0882662395, 0.0697765502, 2818.7636, 2765.8545, 763.2400, 19.0179
2025-11-27 21:34:11, 0.0831785719, 0.1084028063, 0.0575537584, 0.0447976670, 3062.6935, 2955.7903, 763.6850, 17.4782
2025-11-27 21:34:16, 0.0583766238, 0.0544189899, 0.0798542299, 0.0659041955, 2894.1481, 2769.0370, 761.9450, 16.5808
2025-11-27 21:34:22, 0.0933213843, 0.0730558466, 0.0570350970, 0.0540365786, 2708.8065, 2660.4516, 763.2100, 18.8726
2025-11-27 21:34:28, 0.0617010906, 0.0641527418, 0.0610963040, 0.0522774743, 2903.4286, 2863.5079, 761.9200, 18.5608
2025-11-27 21:34:34, 0.0495753014, 0.0651727542, 0.0595784914, 0.0531397786, 2887.4603, 2769.3333, 765.1250, 17.4482
2025-11-27 21:34:39, 0.0678014830, 0.0577280491, 0.0478924727, 0.0426221617, 2773.9455, 2705.2000, 760.3550, 19.3791
2025-11-27 21:34:45, 0.0945321189, 0.0880315654, 0.0517130247, 0.0902169269, 2791.8654, 2878.0192, 763.3300, 18.2129
2025-11-27 21:34:51, 0.1200236099, 0.0935270724, 0.0637270992, 0.0637089330, 2972.0923, 2931.6923, 764.0200, 18.1279
2025-11-27 21:34:57, 0.1097773922, 0.1087119651, 0.0554564205, 0.0649835479, 2733.0000, 2744.9683, 760.7450, 17.5610
2025-11-27 21:35:02, 0.1476933439, 0.1318164964, 0.0564934012, 0.0524342568, 2994.9787, 2986.3617, 764.2650, 19.2230
2025-11-27 21:35:08, 0.1483828904, 0.1273476909, 0.0648637661, 0.0473483143, 2834.5082, 2653.6393, 759.0150, 18.0882
2025-11-27 21:35:13, 0.0787954085, 0.0583902838, 0.0554558463, 0.0458316531, 2937.1818, 2895.6909, 760.9200, 17.5238
2025-11-27 21:35:20, 0.0909891327, 0.0716214745, 0.0821808908, 0.0860891402, 2774.7234, 2885.3404, 761.5850, 18.8948
2025-11-27 21:35:25, 0.0811460621, 0.1117419631, 0.0499098159, 0.0786208000, 2764.3279, 2809.8033, 759.3800, 17.7301
2025-11-27 21:35:31, 0.1043997470, 0.0913303876, 0.0531006667, 0.0600461585, 2881.5738, 2841.9836, 762.1300, 17.4738
2025-11-27 21:35:36, 0.0905441819, 0.1117263568, 0.0320921916, 0.0341354984, 2936.2830, 2804.2075, 759.2400, 18.1222
2025-11-27 21:35:42, 0.0963359418, 0.0905315053, 0.0582273480, 0.0427100689, 2910.5577, 2799.7500, 759.7600, 18.4603
2025-11-27 21:35:48, 0.1067369094, 0.0926823029, 0.0650183462, 0.0628971057, 2904.1594, 2929.1884, 757.6000, 18.5038
2025-11-27 21:35:53, 0.0841606539, 0.0856525450, 0.0473561451, 0.0372749583, 2885.2321, 2774.7500, 761.6250, 17.9015
2025-11-27 21:35:59, 0.0975189517, 0.0718856196, 0.0566221605, 0.0438267129, 2807.5246, 2789.7377, 763.0150, 19.7338
2025-11-27 21:36:05, 0.0541197177, 0.0468748076, 0.0804477605, 0.0651459946, 2867.6000, 2746.5833, 762.2900, 18.5450
2025-11-27 21:36:10, 0.0708047369, 0.0607689724, 0.0517085914, 0.0572971641, 2754.3509, 2747.2982, 759.9250, 20.4370
2025-11-27 21:36:16, 0.0541677444, 0.0616318381, 0.0427618885, 0.0370894214, 2831.1385, 2803.6769, 762.5300, 19.0953
2025-11-27 21:36:22, 0.0516254572, 0.0464928402, 0.0536553129, 0.0512288535, 2825.7627, 2731.5254, 765.2650, 21.7358
2025-11-27 21:36:27, 0.0734443689, 0.0546225493, 0.0668805386, 0.0499884418, 2813.6429, 2706.0571, 764.7900, 20.1096
2025-11-27 21:36:33, 0.0626935069, 0.0805174069, 0.0648304902, 0.0625267782, 2828.5231, 2830.5385, 766.3200, 20.6540
2025-11-27 21:36:39, 0.0719318193, 0.0907022717, 0.0603653838, 0.0257156107, 2885.2453, 2798.9245, 766.2400, 20.7030
2025-11-27 21:36:44, 0.0471086418, 0.0494350220, 0.0483371558, 0.0444221372, 2845.5484, 2756.3710, 765.8250, 19.9295
2025-11-27 21:36:50, 0.0825570745, 0.0734063468, 0.0472647785, 0.0367217665, 2958.8750, 2846.6429, 763.7200, 17.8214
2025-11-27 21:36:56, 0.0778644919, 0.0662684833, 0.0345166774, 0.0329914830, 2838.7397, 2728.9315, 764.4750, 19.7598
2025-11-27 21:37:02, 0.0824507710, 0.0809663197, 0.0534178979, 0.0489905439, 2783.6032, 2864.8730, 766.4700, 20.9535
2025-11-27 21:37:07, 0.0732118967, 0.0807602500, 0.0496329424, 0.0368166965, 2800.1500, 2747.7167, 765.5100, 20.1626
2025-11-27 21:37:13, 0.1082573282, 0.1057509474, 0.0501280902, 0.0407556380, 3054.3934, 2965.7213, 761.8800, 19.7658
2025-11-27 21:37:18, 0.1035135080, 0.0895672532, 0.0639689558, 0.0742691672, 2828.2069, 2755.5690, 765.9450, 19.0103
2025-11-27 21:37:24, 0.1240773804, 0.0702033571, 0.0518343328, 0.0412075340, 2855.1579, 2841.7719, 767.3950, 20.1281
2025-11-27 21:37:30, 0.0749660727, 0.0691005310, 0.0663436688, 0.0561796842, 2786.5882, 2721.4314, 764.0100, 19.4507
2025-11-27 21:37:36, 0.0843820163, 0.0630739637, 0.0500701307, 0.0617053676, 2718.4407, 2672.1695, 766.4250, 18.9152
2025-11-27 21:37:41, 0.0848162295, 0.0930231277, 0.0604975453, 0.0626500843, 2963.6731, 2890.0000, 761.9950, 17.8189
2025-11-27 21:37:47, 0.1122645783, 0.1018973459, 0.0396184817, 0.0494445285, 2802.1692, 2883.2923, 761.5700, 18.9234
2025-11-27 21:37:53, 0.0768182107, 0.0762700691, 0.0615858510, 0.0578043380, 2837.7460, 2852.7619, 764.4550, 17.7389
2025-11-27 21:37:59, 0.0759998143, 0.0838929292, 0.0567300853, 0.0477937472, 2726.1569, 2757.4706, 765.1900, 17.6103
2025-11-27 21:38:04, 0.0621098955, 0.0514908792, 0.0520671546, 0.0469638905, 2830.1290, 2758.8871, 765.5550, 17.8722
2025-11-27 21:38:10, 0.0750759366, 0.0628061115, 0.0837995704, 0.0688916615, 2883.2535, 2877.0845, 763.1950, 17.4736
2025-11-27 21:38:16, 0.0763814365, 0.1077296165, 0.0445631644, 0.0361352098, 2891.6000, 2766.6667, 761.2400, 18.2283
2025-11-27 21:38:21, 0.0991058803, 0.0931664790, 0.0690788462, 0.0815643688, 2787.3273, 2915.4182, 763.2500, 17.6957
2025-11-27 21:38:27, 0.1132701630, 0.0826569270, 0.0667254731, 0.0493516533, 2935.3103, 2839.0172, 763.8150, 15.6167
2025-11-27 21:38:33, 0.0508077667, 0.0553991225, 0.0732273221, 0.0596282700, 2831.2656, 2658.7031, 762.7950, 19.2983
2025-11-27 21:38:38, 0.0638514911, 0.0694441991, 0.0404584610, 0.0406161082, 2724.8621, 2715.6552, 764.3950, 16.9732
2025-11-27 21:38:44, 0.0686891202, 0.0673581790, 0.0653209145, 0.0744817929, 2832.4848, 2748.1061, 766.0650, 16.4402
2025-11-27 21:38:50, 0.0590321013, 0.0605262694, 0.0470032714, 0.0671364787, 2723.6393, 2850.5902, 763.7550, 18.9749
2025-11-27 21:38:55, 0.0359228612, 0.0391245488, 0.0534854260, 0.0563311527, 2982.8451, 2883.3239, 763.6100, 17.9186
2025-11-27 21:39:01, 0.0631248314, 0.0562485708, 0.0486940050, 0.0280050782, 2963.8333, 2909.3833, 764.3600, 17.3805
2025-11-27 21:39:07, 0.0571902834, 0.0468643901, 0.0683044118, 0.0513338960, 2931.7705, 2765.5574, 766.1100, 16.9301
2025-11-27 21:39:13, 0.1072483515, 0.0947364084, 0.0414069506, 0.0464245335, 2903.0323, 2869.1452, 766.7350, 17.0899
2025-11-27 21:39:18, 0.1024485419, 0.0703999887, 0.0640742417, 0.0518974719, 2760.6981, 2798.5472, 761.0600, 17.9239
2025-11-27 21:39:24, 0.1066432906, 0.0849956382, 0.0652265804, 0.0602824561, 2881.8182, 2843.2424, 760.6350, 16.8965
2025-11-27 21:39:30, 0.1162817231, 0.0985532805, 0.0541285938, 0.0588840824, 2745.0000, 2764.5231, 763.4400, 17.2794
2025-11-27 21:39:35, 0.1846252756, 0.1318039904, 0.0736953773, 0.0859467714, 2841.7581, 2826.9516, 760.5350, 19.3007
2025-11-27 21:39:41, 0.1076689721, 0.1202413493, 0.0469059263, 0.0488800484, 2828.8302, 2749.2075, 761.3050, 17.9003
2025-11-27 21:39:47, 0.0940352561, 0.0812536998, 0.0675096278, 0.0401525929, 2989.2500, 2893.5000, 763.9100, 18.0464
2025-11-27 21:39:53, 0.0658983892, 0.0811724070, 0.0534070098, 0.0499827595, 2869.5217, 2806.7391, 762.6750, 17.3283
2025-11-27 21:39:58, 0.0765660284, 0.0676866989, 0.0721655924, 0.0616102692, 2862.4375, 2750.0625, 766.9900, 17.9201
2025-11-27 21:40:04, 0.0691405110, 0.0785374809, 0.0661950615, 0.0412746613, 3020.2459, 2866.0656, 761.9100, 18.7958
2025-11-27 21:40:10, 0.0687761271, 0.0589537583, 0.0399211817, 0.0371635354, 2800.2364, 2759.5091, 765.7150, 18.0445
2025-11-27 21:40:15, 0.0786038763, 0.0695307717, 0.0329498309, 0.0395253117, 2954.0357, 2833.0893, 764.5400, 18.6413
2025-11-27 21:40:21, 0.0818524459, 0.0779270502, 0.0480666403, 0.0389200043, 2913.7619, 2785.8571, 764.3150, 18.7834
2025-11-27 21:40:27, 0.1040996842, 0.1065542984, 0.0417320570, 0.0386666015, 2807.8841, 2746.8116, 765.2500, 18.9282
2025-11-27 21:40:32, 0.0845262285, 0.0650048082, 0.0492154649, 0.0395784539, 2877.9077, 2725.0923, 762.1400, 18.8303
2025-11-27 21:40:38, 0.0650384940, 0.0643139263, 0.0398912600, 0.0268412777, 2686.7538, 2658.9692, 766.4850, 18.4231
2025-11-27 21:40:44, 0.0675246240, 0.0648415187, 0.0439969176, 0.0451191293, 2756.6167, 2654.3500, 760.9350, 17.6403
2025-11-27 21:40:50, 0.0845197134, 0.0645525567, 0.0560482936, 0.0520956375, 2863.8630, 2827.8082, 760.9300, 19.3113
2025-11-27 21:40:55, 0.0759651450, 0.0652071486, 0.0658373676, 0.0502536644, 3058.5077, 2891.7385, 757.8550, 17.8411
2025-11-27 21:41:01, 0.0640057673, 0.0665388205, 0.0634463302, 0.0569650925, 2927.1129, 2863.0806, 762.3900, 18.3662
2025-11-27 21:41:07, 0.0929711366, 0.0741648615, 0.0419689131, 0.0383686254, 2893.9683, 2788.3016, 760.6600, 19.2025
2025-11-27 21:41:13, 0.0953097828, 0.1033237281, 0.0372611431, 0.0381728913, 2803.3125, 2830.4688, 760.4050, 18.1265
2025-11-27 21:41:18, 0.1011934729, 0.0861066485, 0.0514051217, 0.0405448083, 2681.3684, 2643.5088, 759.7550, 18.1696
2025-11-27 21:41:24, 0.0997040338, 0.0841134465, 0.0711783782, 0.0633459662, 2814.7925, 2816.7358, 758.6950, 19.0663
2025-11-27 21:41:30, 0.0820731566, 0.0817488038, 0.0366143000, 0.0358148662, 2755.6731, 2678.1731, 755.5650, 17.7388
2025-11-27 21:41:35, 0.0955964898, 0.0917946714, 0.0430645147, 0.0421781420, 2792.0290, 2671.2319, 758.2250, 17.8495
2025-11-27 21:41:41, 0.0909901486, 0.1022826060, 0.0513498753, 0.0517096111, 2785.6667, 2842.0741, 757.3550, 18.7502
2025-11-27 21:41:47, 0.1137673937, 0.0952019998, 0.0647329460, 0.0553881428, 2770.1071, 2786.6964, 758.2700, 19.1715
2025-11-27 21:41:53, 0.0942341751, 0.1055987278, 0.0578726141, 0.0503966658, 2852.3590, 2735.8974, 759.4550, 19.3633
2025-11-27 21:41:58, 0.0726684153, 0.0653169211, 0.0397134922, 0.0330385066, 2773.5833, 2716.0667, 760.9800, 19.3770
2025-11-27 21:42:04, 0.0727649538, 0.0715384430, 0.0537814453, 0.0500772535, 2914.9062, 2892.2344, 762.0650, 17.7359
2025-11-27 21:42:10, 0.0646348139, 0.0698702736, 0.0479527698, 0.0298697063, 2954.3651, 2770.0000, 757.8750, 19.1838
2025-11-27 21:42:16, 0.0419356561, 0.0384179239, 0.0361142709, 0.0395664587, 2741.5857, 2696.8857, 758.5400, 19.1517
2025-11-27 21:42:21, 0.0837933725, 0.0777343640, 0.0462280939, 0.0415762877, 2874.6875, 2806.4688, 759.3800, 17.9757
2025-11-27 21:42:27, 0.0607617410, 0.0600397432, 0.0597490633, 0.0639561409, 2922.2143, 2794.8929, 762.5700, 20.1193
2025-11-27 21:42:33, 0.0530688051, 0.0661741798, 0.0640372345, 0.0477189307, 3008.2500, 2868.0781, 763.6000, 17.8471
2025-11-27 21:42:38, 0.0510734288, 0.0441341085, 0.0618317474, 0.0489222966, 2832.4848, 2684.9848, 763.5900, 18.1825
2025-11-27 21:42:44, 0.0471409802, 0.0523476728, 0.0264292213, 0.0383528808, 2856.5000, 2736.4355, 767.2550, 20.0689
2025-11-27 21:42:50, 0.0607091562, 0.0606209860, 0.0591700070, 0.0470403666, 3047.0746, 2995.1493, 765.7150, 20.2937
2025-11-27 21:42:56, 0.0287315267, 0.0250638816, 0.0489820474, 0.0501742290, 2892.1266, 2663.2785, 764.2850, 19.3317
2025-11-27 21:43:02, 0.0336960815, 0.0292201899, 0.0555086094, 0.0360688316, 2639.2278, 2488.8101, 765.2800, 18.2245
2025-11-27 21:43:07, 0.0310691955, 0.0252458338, 0.0456964158, 0.0368388966, 2862.5000, 2733.7692, 764.8700, 21.1514
2025-11-27 21:43:13, 0.0442069327, 0.0435795813, 0.0382862987, 0.0314509182, 2923.7302, 2749.4127, 764.2600, 19.3420
2025-11-27 21:43:19, 0.0626517664, 0.0729862500, 0.0584609784, 0.0584024851, 2690.6875, 2661.3281, 766.9900, 19.3349
2025-11-27 21:43:25, 0.0485402678, 0.0514940565, 0.0603786721, 0.0381584798, 2878.1408, 2575.0141, 766.6000, 19.0562
2025-11-27 21:43:30, 0.0431522742, 0.0453597811, 0.0492593918, 0.0491304432, 2755.0270, 2671.5811, 764.5200, 19.1609
2025-11-27 21:43:36, 0.0483606927, 0.0538884766, 0.0592485627, 0.0508467369, 2610.4167, 2551.8833, 766.4750, 20.1757
2025-11-27 21:43:42, 0.0423053906, 0.0466031581, 0.0394570152, 0.0440634755, 2876.8986, 2874.0725, 764.1150, 20.6546
2025-11-27 21:43:47, 0.0399132766, 0.0400693266, 0.0408127174, 0.0499049826, 2833.3016, 2651.2698, 761.3400, 18.3094
2025-11-27 21:43:53, 0.0486740377, 0.0469433910, 0.0691499955, 0.0793804377, 2744.0469, 2652.0156, 764.0000, 17.8925
2025-11-27 21:43:59, 0.0769483080, 0.0615344870, 0.0580250365, 0.0439506559, 2812.4603, 2786.4127, 761.6050, 21.1589
2025-11-27 21:44:05, 0.0888546291, 0.0899816707, 0.0521963411, 0.0408729565, 2876.1163, 2797.9767, 761.3250, 18.6842
2025-11-27 21:44:10, 0.0882192614, 0.0794628417, 0.0653179379, 0.0550829629, 2817.2273, 2701.7727, 760.8450, 19.1332
2025-11-27 21:44:16, 0.0932895688, 0.1046492890, 0.0653546624, 0.0470358803, 2810.8788, 2627.3485, 760.0650, 18.9671
2025-11-27 21:44:22, 0.0636029476, 0.0522572222, 0.0733252128, 0.0512032913, 2892.4615, 2843.8154, 766.9900, 22.3034
2025-11-27 21:44:27, 0.0417509345, 0.0308099923, 0.0570293202, 0.0574162965, 2798.8710, 2613.4194, 766.5700, 21.1980
2025-11-27 21:44:33, 0.0484827262, 0.0514829372, 0.0558758716, 0.0468503139, 2941.1176, 2740.9853, 765.4000, 21.1544
2025-11-27 21:44:39, 0.0566000110, 0.0472589160, 0.0731301135, 0.0650657859, 2842.3651, 2749.3333, 766.2050, 21.8484
2025-11-27 21:44:45, 0.0575969534, 0.0452648171, 0.0460259460, 0.0414656074, 2712.8667, 2614.6833, 763.2700, 21.6999
2025-11-27 21:44:50, 0.0579290603, 0.0661812851, 0.0757229110, 0.0662154601, 2856.8077, 2765.8846, 764.4200, 21.7302
2025-11-27 21:44:56, 0.0410677319, 0.0498802861, 0.0580968608, 0.0350366592, 2785.5738, 2634.0328, 765.3300, 22.1867
2025-11-27 21:45:02, 0.0444727581, 0.0439677374, 0.0543241317, 0.0703225299, 2776.9459, 2694.0946, 762.1400, 21.5439
2025-11-27 21:45:07, 0.0571336511, 0.0589754459, 0.0661223754, 0.0538037691, 2923.2167, 2876.4500, 762.8450, 20.2519
2025-11-27 21:45:13, 0.0617113392, 0.0485304260, 0.0532708881, 0.0618466613, 2791.1515, 2789.2879, 763.6600, 20.2767
2025-11-27 21:45:19, 0.0533445450, 0.0449520880, 0.0534514392, 0.0583301772, 2839.3623, 2736.7101, 761.6850, 23.6310
2025-11-27 21:45:24, 0.0462202767, 0.0457717263, 0.0790746587, 0.0541420619, 2802.1940, 2772.5522, 762.0600, 22.0138
2025-11-27 21:45:30, 0.0828908717, 0.0699637266, 0.0581114042, 0.0359542960, 2803.7045, 2700.0000, 764.5250, 22.5189
2025-11-27 21:45:36, 0.0579712457, 0.0652973671, 0.0523735750, 0.0494346431, 2875.1587, 2820.9683, 761.8800, 22.3456
2025-11-27 21:45:42, 0.0355195743, 0.0339534335, 0.0689800789, 0.0633589848, 2694.1389, 2620.6667, 764.4650, 21.1317
2025-11-27 21:45:47, 0.0417602443, 0.0349759540, 0.0590442738, 0.0582857955, 2918.9136, 2894.8765, 765.4500, 17.7833
2025-11-27 21:45:53, 0.0665661221, 0.0567564838, 0.0607545628, 0.0662917042, 2807.1905, 2794.2857, 764.6050, 20.2299
2025-11-27 21:45:59, 0.0581343480, 0.0624738006, 0.0862742450, 0.0588223966, 2821.0847, 2635.8136, 760.7300, 20.6152
2025-11-27 21:46:05, 0.0579772821, 0.0493916411, 0.0701522091, 0.0693291619, 2980.0806, 2857.0484, 763.1750, 20.2515
2025-11-27 21:46:10, 0.0581042275, 0.0415619337, 0.0617670160, 0.0614625215, 2685.5000, 2578.2222, 761.0650, 18.9602
2025-11-27 21:46:16, 0.0501060280, 0.0501087157, 0.0939576068, 0.0827090167, 2818.3594, 2719.9844, 763.3100, 18.3968
2025-11-27 21:46:22, 0.0450709066, 0.0432009596, 0.0707667943, 0.0509588734, 3036.0678, 2819.9322, 760.5750, 18.7300
2025-11-27 21:46:27, 0.0305671140, 0.0308968470, 0.0719105768, 0.0605764741, 3004.5846, 2728.9846, 761.8700, 16.1091
2025-11-27 21:46:33, 0.0477812574, 0.0422367551, 0.0811901343, 0.0764068036, 2858.6923, 2756.6000, 760.5300, 22.7185
2025-11-27 21:46:39, 0.0515733983, 0.0429012141, 0.0543959189, 0.0518986341, 2744.7027, 2656.5405, 761.4950, 20.2193
2025-11-27 21:46:44, 0.0513656676, 0.0494564777, 0.0368778199, 0.0298239221, 2720.5263, 2584.6316, 758.3250, 21.4846
2025-11-27 21:46:50, 0.0605430796, 0.0754517189, 0.0485680447, 0.0494913593, 2805.5484, 2716.6452, 762.7350, 17.7185
2025-11-27 21:46:56, 0.0344882816, 0.0299192871, 0.0653916682, 0.0729925104, 2898.8852, 2701.6557, 764.4900, 19.1810
2025-11-27 21:47:01, 0.0470628796, 0.0428884785, 0.0401789100, 0.0437694318, 2832.4638, 2739.2464, 764.4000, 19.1771
2025-11-27 21:47:07, 0.0565845676, 0.0432840329, 0.0368289672, 0.0388103299, 2900.5079, 2777.4921, 760.5750, 17.3333
2025-11-27 21:47:13, 0.0555318493, 0.0460719826, 0.0482641947, 0.0498087386, 2848.2167, 2735.9500, 762.0400, 18.1000
2025-11-27 21:47:19, 0.0510862999, 0.0541082386, 0.0512982534, 0.0480893590, 2832.0678, 2657.7119, 762.0200, 18.3984
2025-11-27 21:47:25, 0.0806637795, 0.0733231086, 0.0574899758, 0.0563588060, 2901.8333, 2876.5909, 760.8750, 20.0132
2025-11-27 21:47:30, 0.0580192496, 0.0613822562, 0.0857670374, 0.0640211102, 2958.6200, 2842.8600, 757.6750, 19.7289
2025-11-27 21:47:37, 0.0773166536, 0.0750060971, 0.0727225568, 0.0495926170, 2609.8667, 2592.3833, 757.1350, 20.4136
2025-11-27 21:47:42, 0.0694316789, 0.0704521218, 0.0695038725, 0.0671394613, 2879.3438, 2792.5469, 759.2700, 18.0349
2025-11-27 21:47:48, 0.0841608141, 0.0748235213, 0.0470132751, 0.0386412741, 2879.9167, 2755.3500, 758.2300, 19.1668
2025-11-27 21:47:54, 0.0930436310, 0.0745068809, 0.0471120582, 0.0450738382, 3110.4000, 2999.6400, 761.7950, 19.1933
2025-11-27 21:47:59, 0.0725175944, 0.0711023543, 0.0488661390, 0.0339736529, 2671.0000, 2627.2344, 759.2100, 17.6132
2025-11-27 21:48:05, 0.0819391607, 0.0726080773, 0.0711900399, 0.0478335981, 3043.6610, 2855.5593, 758.8150, 16.8743
2025-11-27 21:48:11, 0.0985398013, 0.0654676013, 0.0505297872, 0.0591895534, 2655.2045, 2681.5909, 759.7950, 16.1330
2025-11-27 21:48:17, 0.1019678238, 0.1013997131, 0.0551845581, 0.0433605062, 2988.7869, 2938.1148, 757.5050, 16.3918
2025-11-27 21:48:23, 0.0895780147, 0.0957616010, 0.0435571645, 0.0627819601, 2677.8800, 2649.9800, 760.1900, 17.3096
2025-11-27 21:48:28, 0.0978462070, 0.1023738540, 0.0758193838, 0.0616213679, 2732.4667, 2591.3167, 761.0650, 18.0336
2025-11-27 21:48:34, 0.0899322836, 0.1068359743, 0.0556271779, 0.0455963050, 2811.2364, 2763.9455, 760.3950, 18.5013
2025-11-27 21:48:40, 0.0878213887, 0.0883557880, 0.0840602564, 0.0784743102, 2949.7778, 2868.1270, 759.5900, 18.8256
2025-11-27 21:48:45, 0.0996281452, 0.0948406591, 0.0921145378, 0.0859365750, 3008.7424, 2982.9848, 761.1050, 18.0763
2025-11-27 21:48:51, 0.1148054577, 0.0915911317, 0.0711962964, 0.0646540378, 2854.8333, 2825.4667, 758.2150, 16.9682
2025-11-27 21:48:57, 0.0975643817, 0.0726144543, 0.0440380034, 0.0564534445, 2851.1154, 2885.5385, 756.8150, 18.0036
2025-11-27 21:49:03, 0.1397495353, 0.1099157930, 0.0489255514, 0.0356071524, 2752.0755, 2729.2075, 756.9500, 18.5574
2025-11-27 21:49:08, 0.1258425709, 0.1124004635, 0.0703117007, 0.0634962698, 2987.0588, 2934.7451, 756.8800, 18.1581
2025-11-27 21:49:14, 0.0653007127, 0.0958391314, 0.0683041135, 0.0683925668, 2926.3333, 2802.7544, 761.4150, 17.8144
2025-11-27 21:49:20, 0.0641243544, 0.0474829207, 0.0752765732, 0.0832971491, 2811.9275, 2704.9130, 760.3450, 18.7829
2025-11-27 21:49:25, 0.0360577790, 0.0366836069, 0.0575918952, 0.0550680827, 2975.2154, 2838.8615, 759.2700, 17.9432
2025-11-27 21:49:31, 0.0535612136, 0.0458401769, 0.0698620629, 0.0634632456, 2746.2857, 2657.8571, 760.9800, 18.9581
2025-11-27 21:49:37, 0.0864523518, 0.0670273833, 0.0491363741, 0.0461294804, 2882.6000, 2892.7333, 759.1050, 18.0215
2025-11-27 21:49:43, 0.0711089511, 0.0685591784, 0.0401316186, 0.0238848931, 2861.2586, 2626.4655, 759.7850, 18.6882
2025-11-27 21:49:48, 0.0731399695, 0.0511978836, 0.0507759681, 0.0513547135, 2856.0339, 2846.6271, 760.2550, 18.6228
2025-11-27 21:49:55, 0.0778664323, 0.0578736773, 0.0525391699, 0.0306838918, 2789.6562, 2738.3438, 759.6100, 19.7770
2025-11-27 21:50:01, 0.0803991438, 0.0717989999, 0.0723727041, 0.0670557767, 2765.8361, 2829.0000, 760.2450, 17.9824
2025-11-27 21:50:06, 0.0408853216, 0.0545973645, 0.0775012699, 0.0643670769, 2773.9672, 2606.1803, 759.4300, 18.1572
2025-11-27 21:50:12, 0.0876848580, 0.0683274373, 0.0550830271, 0.0624898518, 2704.4237, 2625.4407, 760.6350, 20.4981
2025-11-27 21:50:18, 0.0471247110, 0.0496455711, 0.0477708186, 0.0559293478, 2945.1930, 2751.8070, 762.3750, 18.0633
2025-11-27 21:50:23, 0.0502943861, 0.0594816976, 0.0822635263, 0.0537980922, 2880.4694, 2778.8980, 762.4050, 18.4724
2025-11-27 21:50:29, 0.0567509266, 0.0561674089, 0.0383008341, 0.0471594508, 3000.6119, 2928.6269, 761.0050, 17.7244
2025-11-27 21:50:35, 0.0490018179, 0.0487887636, 0.0696962109, 0.0748122677, 2963.8438, 2862.3750, 760.1100, 17.4814
2025-11-27 21:50:41, 0.0461197758, 0.0422693552, 0.0511243930, 0.0475726531, 2651.0154, 2555.7077, 762.7700, 20.2565
2025-11-27 21:50:46, 0.0363749532, 0.0466181585, 0.0753574382, 0.0725653058, 2774.1412, 2640.8706, 761.2700, 19.4324
2025-11-27 21:50:52, 0.0447841692, 0.0444933432, 0.0298124147, 0.0419990920, 2704.3500, 2718.1167, 763.2900, 18.7602
2025-11-27 21:50:58, 0.0452453720, 0.0414957268, 0.0723883760, 0.0685588395, 2930.9714, 2827.9714, 760.8000, 20.4416
2025-11-27 21:51:04, 0.0415502709, 0.0352821051, 0.0322578819, 0.0359248700, 2779.5224, 2651.1791, 767.5650, 18.3795
2025-11-27 21:51:09, 0.0442210982, 0.0457821165, 0.0537722824, 0.0380309929, 2870.8310, 2694.3239, 765.8650, 18.4306
2025-11-27 21:51:15, 0.0404482241, 0.0354333634, 0.0538629047, 0.0475998264, 2769.0794, 2550.2381, 764.0750, 18.4133
2025-11-27 21:51:21, 0.1182476250, 0.1041988399, 0.0509139602, 0.0431124437, 2957.1646, 2882.0506, 767.5300, 18.2718
2025-11-27 21:51:26, 0.0925744991, 0.0938096943, 0.0296725269, 0.0315681890, 2767.5192, 2850.0000, 764.8700, 16.0572
2025-11-27 21:51:32, 0.0695695723, 0.0814265411, 0.0475434077, 0.0435276903, 2989.3019, 2801.7358, 765.9550, 18.5400
2025-11-27 21:51:38, 0.0648333476, 0.0401146756, 0.0459326028, 0.0385217528, 2818.6508, 2725.7302, 764.0850, 18.0282
2025-11-27 21:51:44, 0.0803166013, 0.0783237719, 0.0600336486, 0.0583321288, 2728.2090, 2637.8507, 765.9100, 18.6687
2025-11-27 21:51:49, 0.0737793387, 0.0873244378, 0.0334151132, 0.0372733564, 2813.8621, 2694.3448, 763.3350, 17.6239
2025-11-27 21:51:55, 0.0785611719, 0.0695994258, 0.0573761516, 0.0522057387, 2926.5312, 2825.9844, 764.3950, 17.4123
2025-11-27 21:52:01, 0.0531413565, 0.0605309338, 0.0400488771, 0.0425508103, 2837.7258, 2692.8871, 761.3650, 16.9196
2025-11-27 21:52:06, 0.0606987559, 0.0591267854, 0.0555802304, 0.0416234135, 2837.7188, 2683.5469, 763.5500, 17.8398
2025-11-27 21:52:12, 0.0391375115, 0.0378845780, 0.0654942671, 0.0442164953, 2776.0308, 2513.1385, 764.1250, 18.3057
2025-11-27 21:52:18, 0.0828759526, 0.0709061479, 0.0580500920, 0.0456787254, 2903.2424, 2734.0455, 762.6150, 18.4040
2025-11-27 21:52:23, 0.0620539243, 0.0460329002, 0.0543299689, 0.0537597136, 2764.3594, 2594.5781, 761.9500, 19.2914
2025-11-27 21:52:29, 0.0664019526, 0.0574588763, 0.0551512803, 0.0487960848, 2895.6538, 2747.5000, 757.6300, 17.9104
2025-11-27 21:52:35, 0.0547874573, 0.0504525582, 0.0593054372, 0.0488674617, 2791.5161, 2634.0484, 760.5350, 17.2339
2025-11-27 21:52:41, 0.0526423092, 0.0605356548, 0.0540532724, 0.0497555296, 2810.7963, 2859.5926, 761.1850, 18.4681
2025-11-27 21:52:47, 0.0525236636, 0.0588118490, 0.0443727049, 0.0556593214, 2557.5484, 2568.1774, 760.0050, 18.0099
2025-11-27 21:52:52, 0.0453777065, 0.0523002688, 0.0698681331, 0.0804793108, 2645.6786, 2688.1429, 755.4100, 19.1586
2025-11-27 21:52:58, 0.0643642727, 0.0529036257, 0.1015203703, 0.0763431312, 2785.5094, 2712.1887, 759.1700, 17.9569
2025-11-27 21:53:04, 0.0677949019, 0.0848098984, 0.0822050915, 0.0839059107, 2795.6610, 2689.3051, 757.6850, 18.8533
2025-11-27 21:53:09, 0.0388730537, 0.0420769987, 0.0641090763, 0.0511965840, 2939.1406, 2770.8750, 755.4350, 18.8994
2025-11-27 21:53:15, 0.0549458703, 0.0475614687, 0.0653724770, 0.0680449789, 2814.1475, 2653.2295, 755.7900, 18.1153
2025-11-27 21:53:21, 0.0606319224, 0.0529174561, 0.0603476216, 0.0601853294, 2801.5417, 2777.4375, 758.4400, 18.5517
2025-11-27 21:53:27, 0.0609651680, 0.0583796331, 0.0640948503, 0.0648502334, 2875.6892, 2727.4459, 759.0200, 18.9926
2025-11-27 21:53:32, 0.0716122314, 0.0473188461, 0.0514283966, 0.0534526071, 2687.0294, 2665.0735, 756.5000, 17.2218
2025-11-27 21:53:38, 0.0740006924, 0.0587324370, 0.0350358378, 0.0397454813, 2991.9155, 2880.4789, 756.2950, 17.0378
2025-11-27 21:53:44, 0.0389980913, 0.0427950361, 0.0650240198, 0.0549600130, 2789.1053, 2674.2632, 757.4850, 17.8384
2025-11-27 21:53:50, 0.0780533490, 0.0551014968, 0.0729552814, 0.0581432634, 2932.9138, 2852.4138, 756.5850, 17.0708
2025-11-27 21:53:55, 0.0707091299, 0.0563365029, 0.0816230212, 0.0669489551, 2818.5833, 2833.7333, 759.4050, 17.3433
2025-11-27 21:54:01, 0.0621960325, 0.0532798159, 0.0856831524, 0.0640505658, 2919.0962, 2863.2308, 757.7000, 18.3793
2025-11-27 21:54:07, 0.0824067729, 0.0963741679, 0.0835182886, 0.0813682756, 2836.6327, 2838.2041, 760.1600, 17.2173
2025-11-27 21:54:12, 0.0274464628, 0.0263359219, 0.0826620463, 0.0719488115, 2866.9153, 2706.3898, 757.7050, 17.4814
2025-11-27 21:54:18, 0.0674577894, 0.0427367657, 0.1099486685, 0.0907181254, 2873.5750, 2792.1250, 759.0300, 17.0596
2025-11-27 21:54:24, 0.0473418347, 0.0567231175, 0.0651974904, 0.0589880791, 2898.9538, 2667.1231, 756.1950, 17.9924
2025-11-27 21:54:30, 0.0519672742, 0.0452495119, 0.0379857373, 0.0440787944, 2915.1935, 2766.7097, 756.9400, 18.0055
2025-11-27 21:54:35, 0.0891272728, 0.0659903998, 0.0410437377, 0.0363806591, 2728.2188, 2709.3125, 759.8900, 18.8880
2025-11-27 21:54:41, 0.0655907142, 0.0534239945, 0.0563107604, 0.0476868304, 2644.0702, 2499.1053, 760.0900, 18.1836
2025-11-27 21:54:47, 0.0525883234, 0.0531177650, 0.0634881737, 0.0529780061, 2822.0635, 2612.6349, 755.8550, 17.9330
2025-11-27 21:54:53, 0.0578195501, 0.0518815986, 0.0747677467, 0.0527788177, 3112.9333, 2767.1500, 755.2850, 17.1360
2025-11-27 21:54:58, 0.0524675355, 0.0420532150, 0.0645765661, 0.1022945449, 3037.6250, 2897.2969, 756.3050, 16.7126
2025-11-27 21:55:04, 0.0541684569, 0.0387680235, 0.0809986498, 0.0606810559, 2699.9322, 2560.8475, 757.0600, 18.4853
2025-11-27 21:55:10, 0.0558653187, 0.0609374492, 0.0520887827, 0.0559519977, 2715.0135, 2684.8784, 758.4600, 17.6499
2025-11-27 21:55:15, 0.0518391804, 0.0558570715, 0.0595605936, 0.0522186742, 2851.5645, 2762.8710, 756.1850, 17.1939
2025-11-27 21:55:21, 0.0550715167, 0.0618358528, 0.0692092567, 0.0444138866, 2748.9344, 2541.1148, 756.7450, 16.2435
2025-11-27 21:55:27, 0.0709277500, 0.0580645737, 0.0723688773, 0.0529763770, 2846.1200, 2959.0400, 756.1600, 16.9521
2025-11-27 21:55:33, 0.0723376983, 0.0720944593, 0.0518374640, 0.0675069731, 2847.5833, 2905.4667, 754.5200, 16.7532
2025-11-27 21:55:38, 0.0703548593, 0.0912970381, 0.0374668902, 0.0448860806, 2814.2791, 2739.5116, 759.5550, 17.6736
2025-11-27 21:55:44, 0.1053424507, 0.0835240600, 0.0584819269, 0.0629421498, 2849.2769, 2770.1231, 759.2200, 18.3680
2025-11-27 21:55:50, 0.0947610996, 0.1117698693, 0.0574197012, 0.0509227844, 2979.9821, 2910.5714, 753.3900, 18.8366
2025-11-27 21:55:56, 0.1068453129, 0.1051536374, 0.0556975452, 0.0644315664, 2784.8868, 2803.1509, 757.1550, 19.3621
2025-11-27 21:56:02, 0.0849626136, 0.0622930731, 0.0739668887, 0.0577714789, 2781.8714, 2714.6143, 755.8100, 17.6010
2025-11-27 21:56:08, 0.1376550249, 0.0867782472, 0.0510797560, 0.0536526909, 2821.8103, 2795.9310, 758.0550, 19.3327
2025-11-27 21:56:14, 0.0828488945, 0.0761057399, 0.0513604933, 0.0534299460, 2872.3333, 2802.9123, 755.2350, 18.1130
2025-11-27 21:56:19, 0.0602986027, 0.0675968094, 0.0653124486, 0.0575564685, 2936.3871, 2763.9839, 757.9700, 19.8255
2025-11-27 21:56:25, 0.0632932725, 0.0619673112, 0.0472543998, 0.0442265387, 2900.4000, 2834.1000, 760.4350, 18.6010
2025-11-27 21:56:31, 0.0802611326, 0.0711087884, 0.0571623850, 0.0462270282, 2778.3913, 2680.7101, 756.8550, 18.7567
2025-11-27 21:56:36, 0.0694563227, 0.0707222173, 0.0665489705, 0.0418808151, 2986.1194, 2952.4925, 760.8250, 18.1299
2025-11-27 21:56:42, 0.1020685981, 0.0705872014, 0.0672312587, 0.0467408741, 3001.1207, 2982.6724, 763.9700, 18.8711
2025-11-27 21:56:48, 0.0899283784, 0.0655212518, 0.0657488727, 0.0631664680, 2931.9149, 2905.5319, 762.2950, 18.6890
2025-11-27 21:56:54, 0.1586973850, 0.1518543193, 0.0552282163, 0.0623764164, 2931.6889, 2958.9556, 762.8700, 19.2972
2025-11-27 21:57:00, 0.0921046739, 0.0828579487, 0.0375009603, 0.0362688913, 2884.9200, 2813.5333, 761.6150, 17.0319
2025-11-27 21:57:05, 0.0947212081, 0.0894101498, 0.0402073116, 0.0438357104, 2868.2540, 2819.7460, 763.4100, 19.0392
2025-11-27 21:57:11, 0.1770002778, 0.1358953506, 0.0539658762, 0.0404019287, 2900.6441, 2782.8475, 762.9350, 20.6785
2025-11-27 21:57:17, 0.1532565005, 0.1404332630, 0.0478572539, 0.0508472621, 2744.4464, 2698.3036, 761.3650, 18.6599
2025-11-27 21:57:22, 0.1224226397, 0.1056322495, 0.0305048538, 0.0290705061, 2950.9444, 2892.3148, 760.2800, 18.0998
2025-11-27 21:57:28, 0.1768169933, 0.1130459834, 0.0330467696, 0.0260816558, 2820.7424, 2719.5303, 764.8550, 16.3231
2025-11-27 21:57:34, 0.1178588791, 0.0936840904, 0.0608330001, 0.0513143968, 2924.3944, 2867.1127, 759.0000, 17.2134
2025-11-27 21:57:39, 0.0929668927, 0.0918564172, 0.0307238123, 0.0386191060, 2742.8000, 2698.1000, 761.3700, 18.7348
2025-11-27 21:57:45, 0.1125178234, 0.1021479299, 0.0450775368, 0.0430750279, 2753.0323, 2717.4839, 759.9850, 18.8054
2025-11-27 21:57:51, 0.0634269130, 0.0546640673, 0.0535737879, 0.0414423407, 2947.1786, 2760.7143, 761.2450, 18.6967
2025-11-27 21:57:57, 0.0442494485, 0.0340362441, 0.0407723286, 0.0405902899, 2820.1471, 2644.4118, 763.3050, 19.7444
2025-11-27 21:58:02, 0.0598253481, 0.0367488098, 0.0439450561, 0.0482958757, 2924.0000, 2733.1579, 762.1600, 18.8641
2025-11-27 21:58:08, 0.0501111250, 0.0447032908, 0.0405597659, 0.0378945634, 2866.9250, 2776.4125, 762.5800, 17.4947
2025-11-27 21:58:14, 0.0542459254, 0.0505042164, 0.0448118741, 0.0428281122, 2957.9032, 2783.1129, 762.5500, 18.0324
2025-11-27 21:58:20, 0.0557365328, 0.0478459447, 0.0509102204, 0.0498471534, 2854.2464, 2760.3768, 762.0500, 17.1481
2025-11-27 21:58:25, 0.0563593701, 0.0596256703, 0.0455925555, 0.0364502965, 2845.7705, 2705.8033, 763.6100, 18.6587
2025-11-27 21:58:31, 0.0538923151, 0.0533786196, 0.0528625570, 0.0560124351, 2898.4844, 2688.5000, 763.0950, 16.3134
2025-11-27 21:58:36, 0.0480731231, 0.0405818290, 0.0426674452, 0.0428065216, 2974.2576, 2915.8636, 762.2000, 18.3668
2025-11-27 21:58:42, 0.0679318326, 0.0800159844, 0.0569055466, 0.0505848919, 2765.1857, 2638.0571, 760.9550, 18.6556
2025-11-27 21:58:48, 0.0540671771, 0.0644615409, 0.0509976985, 0.0468137326, 2919.3077, 2812.4154, 763.1050, 18.3569
2025-11-27 21:58:54, 0.0828144737, 0.0448192840, 0.0463795851, 0.0631527044, 2822.4118, 2799.2059, 764.4250, 18.4444
2025-11-27 21:59:00, 0.0605146266, 0.0587835114, 0.0508278414, 0.0507353539, 2863.1311, 2834.0000, 766.3750, 17.6665
2025-11-27 21:59:05, 0.0554151841, 0.0478408383, 0.0323507166, 0.0358994076, 2845.8194, 2602.7917, 765.8900, 18.1496
2025-11-27 21:59:11, 0.0537815573, 0.0566166731, 0.0581445058, 0.0578305515, 2919.7324, 2742.8732, 765.9000, 18.0768
2025-11-27 21:59:17, 0.0576018008, 0.0553647512, 0.0400678722, 0.0370375994, 2825.3000, 2635.1857, 766.7850, 18.0441
2025-11-27 21:59:22, 0.0474963121, 0.0363575245, 0.0337424008, 0.0359712110, 2829.2208, 2664.6623, 765.4600, 18.0405
2025-11-27 21:59:28, 0.0369785071, 0.0304800327, 0.0362532294, 0.0447521827, 2834.7763, 2594.6447, 763.0800, 19.2620
2025-11-27 21:59:33, 0.0379675928, 0.0480595328, 0.0440649187, 0.0304535697, 3001.7654, 2704.5926, 763.3550, 18.9121
2025-11-27 21:59:39, 0.0534414578, 0.0629515218, 0.0325424042, 0.0395034631, 2710.7000, 2667.5286, 764.9150, 17.9652
2025-11-27 21:59:45, 0.0418511391, 0.0406851549, 0.0300626699, 0.0354637070, 2925.3529, 2705.2471, 762.7850, 18.4005
2025-11-27 21:59:50, 0.0442962873, 0.0431844917, 0.0419119645, 0.0376747641, 2882.9535, 2658.0581, 762.4350, 18.0465
2025-11-27 21:59:56, 0.0304358969, 0.0368150137, 0.0532600580, 0.0509628718, 2999.4583, 2760.9167, 761.3150, 16.5492
2025-11-27 22:00:02, 0.0277411121, 0.0234501007, 0.0485421070, 0.0466519175, 2658.4286, 2507.4524, 761.3300, 18.5885
2025-11-27 22:00:07, 0.0352101191, 0.0272629038, 0.0504549490, 0.0717853217, 2848.3649, 2660.5946, 759.6050, 19.5969
2025-11-27 22:00:13, 0.0354498972, 0.0319506401, 0.0378936038, 0.0375827488, 2759.3875, 2508.3375, 759.8600, 17.8986
2025-11-27 22:00:19, 0.0375824451, 0.0284732417, 0.0445008614, 0.0309763501, 2794.2432, 2536.8514, 756.7050, 18.3578
2025-11-27 22:00:24, 0.0434592889, 0.0390953828, 0.0375589339, 0.0419823897, 2850.5000, 2629.8243, 757.3300, 17.9564
2025-11-27 22:00:30, 0.0355545370, 0.0281406250, 0.0477695548, 0.0461528618, 2719.6842, 2542.9474, 760.0050, 18.1123
2025-11-27 22:00:36, 0.0343808678, 0.0326995237, 0.0587844708, 0.0516821331, 2890.9759, 2725.8313, 759.3350, 17.9071
2025-11-27 22:00:42, 0.0491744851, 0.0397678138, 0.0414419128, 0.0447565301, 2726.7536, 2537.7681, 754.9400, 17.8817
2025-11-27 22:00:47, 0.0550832054, 0.0402673815, 0.0445065906, 0.0480322786, 2812.0571, 2607.5000, 753.4500, 20.0900
2025-11-27 22:00:53, 0.0546880554, 0.0387908855, 0.0384303796, 0.0390969018, 2750.0000, 2688.2182, 755.9500, 16.8412
2025-11-27 22:00:59, 0.0412653731, 0.0429363703, 0.0346491989, 0.0327849912, 2677.4507, 2522.7042, 759.1800, 15.8457
2025-11-27 22:01:05, 0.0473062155, 0.0337113802, 0.0333288241, 0.0270632913, 2919.0704, 2736.7465, 756.3700, 17.8453
2025-11-27 22:01:10, 0.0316410071, 0.0241773121, 0.0596727529, 0.0532646193, 2819.7126, 2649.8046, 759.5350, 16.4502
2025-11-27 22:01:16, 0.0339221005, 0.0304476938, 0.0472669740, 0.0485553133, 2820.4819, 2621.2410, 757.6650, 17.4866
2025-11-27 22:01:22, 0.0408383170, 0.0325483226, 0.0514524571, 0.0526832553, 2743.5970, 2594.0746, 758.5850, 18.1103
2025-11-27 22:01:34, 0.0520882811, 0.0471068274, 0.0345278585, 0.0357636097, 2788.7901, 2700.3827, 756.9650, 17.6928
2025-11-27 22:01:39, 0.0418182611, 0.0478800012, 0.0479383669, 0.0372493696, 2835.5970, 2640.2687, 758.4500, 18.6983
2025-11-27 22:01:45, 0.0486307030, 0.0472355982, 0.0493145734, 0.0443151080, 2878.0506, 2736.4051, 758.1450, 18.3386
2025-11-27 22:01:51, 0.0589197241, 0.0502071806, 0.0543715678, 0.0484968206, 2713.8769, 2594.3846, 758.3400, 18.1619
2025-11-27 22:01:56, 0.0499925722, 0.0391243431, 0.0431853836, 0.0415314211, 2900.1341, 2736.1951, 760.2600, 18.8410
2025-11-27 22:02:02, 0.0404549375, 0.0420901913, 0.0672022006, 0.0566861366, 2899.7000, 2640.1571, 761.1650, 17.4656
2025-11-27 22:02:08, 0.0349265113, 0.0370432504, 0.0498677017, 0.0369873844, 2884.0471, 2736.1176, 758.2500, 18.7949
2025-11-27 22:02:14, 0.0287902105, 0.0303056415, 0.0531655814, 0.0476419657, 2871.8642, 2681.8889, 759.2050, 17.3517
2025-11-27 22:02:19, 0.0437875535, 0.0405754340, 0.0433082889, 0.0317647276, 2860.0455, 2654.5909, 761.1000, 20.1735
2025-11-27 22:02:25, 0.0485653476, 0.0419328816, 0.0430875973, 0.0388307115, 2764.5000, 2676.4474, 761.2100, 16.8498
2025-11-27 22:02:30, 0.0520385156, 0.0425185898, 0.0375640983, 0.0458626727, 2796.0964, 2670.4217, 762.5200, 16.7660
2025-11-27 22:02:36, 0.0507481395, 0.0511186047, 0.0360190568, 0.0477253912, 2702.5698, 2669.8140, 761.2800, 18.2697
2025-11-27 22:02:42, 0.0273569786, 0.0272737393, 0.0416362529, 0.0379390344, 2779.7442, 2574.6977, 765.8100, 19.0915
2025-11-27 22:02:48, 0.0230398619, 0.0205888904, 0.0366137471, 0.0355676449, 2642.3765, 2437.3882, 760.3600, 15.0801
2025-11-27 22:02:54, 0.0330917469, 0.0286820394, 0.0664302250, 0.0410099232, 2777.7619, 2648.6071, 760.1950, 18.0252
2025-11-27 22:02:59, 0.0256486127, 0.0337175672, 0.0520494119, 0.0445886626, 2857.1818, 2698.3896, 765.6750, 18.0499
2025-11-27 22:03:11, 0.0446958423, 0.0392546347, 0.0527512280, 0.0666905781, 3094.1045, 2938.2090, 766.5200, 17.8877
2025-11-27 22:03:17, 0.0563488335, 0.0451342379, 0.0449276842, 0.0453032220, 2877.8675, 2873.6747, 764.5050, 17.4456
2025-11-27 22:03:24, 0.0275249989, 0.0268850228, 0.0456449707, 0.0414757634, 2663.9670, 2502.2418, 765.5450, 18.1256
2025-11-27 22:03:29, 0.0485918569, 0.0441969613, 0.0477449909, 0.0356045303, 2850.4242, 2790.2727, 764.9550, 15.9365
2025-11-27 22:03:35, 0.0617222895, 0.0499531989, 0.0522373525, 0.0573207653, 2739.7463, 2705.4179, 761.5350, 18.0546
2025-11-27 22:03:40, 0.0495201878, 0.0498942445, 0.0655536218, 0.0661483459, 2966.0000, 2762.6562, 769.2300, 20.1427
2025-11-27 22:03:46, 0.0602461741, 0.0436544969, 0.0307216965, 0.0286390244, 2778.0000, 2621.6571, 768.5500, 19.2278
2025-11-27 22:03:52, 0.0471902719, 0.0441265917, 0.0300218614, 0.0514745594, 2812.3667, 2696.8333, 769.4850, 21.1126
2025-11-27 22:03:58, 0.0789396800, 0.0589169262, 0.0472117848, 0.0593515971, 2725.4746, 2764.4237, 768.6600, 19.4140
2025-11-27 22:04:03, 0.0608059922, 0.0648503376, 0.0464275783, 0.0448653394, 2863.0147, 2751.5882, 768.5100, 19.6076
2025-11-27 22:04:09, 0.0591928150, 0.0587570102, 0.0689231110, 0.0481790698, 2763.0141, 2671.0704, 767.3850, 20.3523
2025-11-27 22:04:15, 0.0421311872, 0.0248907239, 0.0460097747, 0.0417779091, 2926.4416, 2567.8182, 769.3500, 21.1598
2025-11-27 22:04:21, 0.0372339283, 0.0319490653, 0.0450252719, 0.0484011394, 2700.6667, 2560.7121, 766.8550, 21.1027
2025-11-27 22:04:26, 0.0312343217, 0.0272895076, 0.0357204010, 0.0495665622, 2923.9870, 2641.3247, 766.1400, 21.5423
2025-11-27 22:04:32, 0.0402666520, 0.0324068811, 0.0535869505, 0.0359721283, 2698.7738, 2579.7500, 765.6600, 20.4757
2025-11-27 22:04:38, 0.0385596598, 0.0340022240, 0.0561188387, 0.0448425036, 2767.4576, 2568.9153, 767.9750, 20.3304
2025-11-27 22:04:43, 0.0481814871, 0.0486475547, 0.0523029170, 0.0386561174, 2818.8400, 2698.5333, 771.1400, 19.9229
2025-11-27 22:04:49, 0.0658592916, 0.0531246530, 0.0588828698, 0.0536041142, 2901.5811, 2735.4865, 766.6200, 20.4337
2025-11-27 22:04:55, 0.0899292967, 0.0584533085, 0.0533396464, 0.0451422995, 2814.8514, 2858.5270, 766.1750, 21.8035
2025-11-27 22:05:01, 0.0326261820, 0.0318282794, 0.0600915254, 0.0539876543, 2796.3944, 2714.0704, 771.8900, 21.7087
2025-11-27 22:05:06, 0.0371251487, 0.0333119523, 0.0396447832, 0.0613578603, 2854.6471, 2699.4853, 764.7600, 18.8733
2025-11-27 22:05:12, 0.0405671111, 0.0317508597, 0.0331766140, 0.0522623653, 2764.1316, 2639.7368, 769.8400, 20.1875
2025-11-27 22:05:18, 0.0594725206, 0.0605097489, 0.0389413169, 0.0356848011, 2799.0984, 2612.9016, 758.7500, 17.0897
2025-11-27 22:05:24, 0.0289835775, 0.0315213141, 0.0463787430, 0.0287522471, 2697.3765, 2559.1176, 762.4850, 18.6700
2025-11-27 22:05:29, 0.0487899941, 0.0493677755, 0.0455046277, 0.0530245898, 2832.6098, 2753.9024, 764.3550, 18.2781
2025-11-27 22:05:35, 0.0507642333, 0.0379490273, 0.0475604072, 0.0378518776, 2840.9868, 2716.8289, 761.9550, 17.0617
2025-11-27 22:05:41, 0.0585889741, 0.0343787555, 0.0404282325, 0.0304034055, 2688.2034, 2507.1017, 763.7800, 16.8316
2025-11-27 22:05:47, 0.0423360976, 0.0459272245, 0.0386834397, 0.0358619201, 2910.8261, 2838.2609, 765.0450, 17.5514
2025-11-27 22:05:52, 0.0433997342, 0.0381415716, 0.0352692078, 0.0379417186, 2819.1613, 2810.2258, 765.7600, 16.5527
2025-11-27 22:05:58, 0.0293429653, 0.0213365586, 0.0411604559, 0.0487632463, 2688.6479, 2516.5915, 764.9000, 16.6175
2025-11-27 22:06:03, 0.0294853582, 0.0230465199, 0.0404401578, 0.0376610237, 2892.5000, 2607.0263, 765.6100, 17.4736
2025-11-27 22:06:09, 0.0358758496, 0.0394403995, 0.0573241334, 0.0539191810, 2864.1594, 2703.1449, 765.5050, 16.3896
2025-11-27 22:06:15, 0.0354481029, 0.0395721285, 0.0470401587, 0.0441401965, 2842.0633, 2733.6835, 765.2200, 17.3341
2025-11-27 22:06:21, 0.0363252774, 0.0317716187, 0.0406964939, 0.0418431213, 2681.6562, 2579.0729, 763.1700, 16.2195
2025-11-27 22:06:27, 0.0328501097, 0.0340397618, 0.0420481416, 0.0446103926, 2733.1711, 2530.1447, 765.9000, 16.6385
2025-11-27 22:06:32, 0.0363287667, 0.0302056130, 0.0450387760, 0.0415496294, 2785.0000, 2679.5733, 763.2450, 17.1888
2025-11-27 22:06:38, 0.0482081580, 0.0426320298, 0.0384479300, 0.0447557920, 2882.4545, 2703.3377, 768.1350, 18.8018
2025-11-27 22:06:44, 0.0337319944, 0.0328391710, 0.0470726766, 0.0447548242, 2718.4028, 2625.3611, 766.4850, 16.7233
2025-11-27 22:06:50, 0.0311210290, 0.0308186640, 0.0415601033, 0.0474135598, 2735.1333, 2616.2933, 765.5000, 17.4820
2025-11-27 22:06:55, 0.0328002350, 0.0341305030, 0.0527940347, 0.0449475986, 2713.8421, 2580.8289, 767.3500, 17.2907
2025-11-27 22:07:01, 0.0530220843, 0.0524256898, 0.0472257881, 0.0384614347, 2845.4143, 2691.4000, 768.5250, 18.6228
2025-11-27 22:07:07, 0.0371074369, 0.0438133971, 0.0523780716, 0.0491159917, 2745.3611, 2724.7639, 767.6100, 15.2341
2025-11-27 22:07:12, 0.0630171455, 0.0525456957, 0.0508438783, 0.0638435012, 2779.4167, 2756.7000, 767.3050, 16.8829
2025-11-27 22:07:18, 0.0639409248, 0.0659381458, 0.0663269289, 0.0467511200, 2917.9492, 2700.6610, 760.8800, 18.2405
2025-11-27 22:07:24, 0.0559370300, 0.0658362833, 0.0376933389, 0.0364945516, 2929.2258, 2759.1290, 760.2400, 17.2158
2025-11-27 22:07:30, 0.0783025879, 0.0830460584, 0.0647111043, 0.0463189908, 2712.5370, 2658.0556, 762.6950, 16.4308
2025-11-27 22:07:35, 0.0679843185, 0.0660932927, 0.0612976663, 0.0443693729, 2752.8197, 2753.4426, 761.9850, 18.1305
2025-11-27 22:07:41, 0.0636552152, 0.0800159441, 0.0563036820, 0.0664944715, 2863.4462, 2837.4769, 762.1500, 18.2958
2025-11-27 22:07:47, 0.0482561512, 0.0530493181, 0.0690955816, 0.0540093919, 2745.2105, 2570.2105, 763.6000, 18.7361
2025-11-27 22:07:53, 0.0451424290, 0.0415400973, 0.0528532984, 0.0619964656, 2676.5972, 2630.2500, 762.2100, 18.3792
2025-11-27 22:07:58, 0.0672785890, 0.0513657048, 0.0466427632, 0.0535985252, 2818.3636, 2657.4091, 760.9050, 16.8037
2025-11-27 22:08:04, 0.0846536706, 0.0647132935, 0.0419408238, 0.0384891616, 2811.5775, 2808.4366, 760.9050, 18.2663
2025-11-27 22:08:10, 0.0693262068, 0.0498441794, 0.0416934807, 0.0504905039, 2781.7778, 2715.9583, 761.9750, 18.1976
2025-11-27 22:08:15, 0.0476518795, 0.0389027927, 0.0678688237, 0.0621647761, 2821.0267, 2837.5733, 759.0100, 18.6456
2025-11-27 22:08:21, 0.0430767108, 0.0390346802, 0.0605715265, 0.0618686679, 2839.3108, 2798.7027, 760.6400, 16.7236
2025-11-27 22:08:27, 0.0450427286, 0.0448222158, 0.0674877519, 0.0513005448, 3009.4627, 2849.2388, 758.2600, 17.3598
2025-11-27 22:08:32, 0.0422432777, 0.0407850313, 0.0605170310, 0.0480258089, 2941.1364, 2795.7424, 759.3150, 18.5663
2025-11-27 22:08:38, 0.0794230989, 0.0647149035, 0.0570981387, 0.0427256253, 2944.0000, 2808.2174, 759.3000, 17.7598
2025-11-27 22:08:44, 0.0666024912, 0.0663338782, 0.0450404541, 0.0342710493, 2806.1833, 2780.4833, 760.1800, 17.4874
2025-11-27 22:08:50, 0.0596907468, 0.0575592873, 0.0516163454, 0.0538372327, 2871.7818, 2822.5091, 760.1350, 18.8920
2025-11-27 22:08:55, 0.0492858213, 0.0522811318, 0.0825406131, 0.0702826580, 2935.7097, 2794.4355, 759.3750, 16.4741
2025-11-27 22:09:01, 0.0225302435, 0.0240533793, 0.0618359968, 0.0500742093, 2754.2184, 2510.4598, 761.8550, 18.1418
2025-11-27 22:09:07, 0.0501852193, 0.0500392305, 0.0538659240, 0.0608396148, 2816.9744, 2743.6923, 766.9450, 20.4654
2025-11-27 22:09:13, 0.0305524752, 0.0299953374, 0.0367909697, 0.0320397367, 2922.1905, 2736.7738, 768.7400, 19.4667
2025-11-27 22:09:18, 0.0352915976, 0.0353502573, 0.0471554419, 0.0519884917, 2752.6974, 2593.8421, 765.5950, 20.1331
2025-11-27 22:09:24, 0.0434996611, 0.0380088484, 0.0455085313, 0.0378911184, 2794.2794, 2730.6324, 763.6750, 18.0233
2025-11-27 22:09:30, 0.0394774308, 0.0343829939, 0.0414802974, 0.0403398785, 2665.7500, 2585.0735, 765.6750, 21.3464
2025-11-27 22:09:35, 0.0320783321, 0.0281167935, 0.0336077488, 0.0329865457, 2798.0253, 2662.3924, 764.9250, 20.3735
2025-11-27 22:09:41, 0.0591202236, 0.0554881803, 0.0658641850, 0.0470051602, 2855.9194, 2652.4355, 766.0550, 20.4422
2025-11-27 22:09:47, 0.0593905848, 0.0580547371, 0.0382091043, 0.0393266836, 2874.3429, 2708.8429, 765.5050, 19.0292
2025-11-27 22:09:52, 0.0418068512, 0.0365455272, 0.0317597662, 0.0313399361, 2831.2656, 2688.7969, 769.4450, 20.4648
2025-11-27 22:09:58, 0.0482028751, 0.0474751677, 0.0384470872, 0.0358704128, 2830.9605, 2775.8816, 765.1650, 19.1590
2025-11-27 22:10:04, 0.0419934240, 0.0505941118, 0.0515917717, 0.0318880462, 2922.5000, 2702.1711, 763.3400, 17.3097
2025-11-27 22:10:10, 0.0459526935, 0.0485535385, 0.0305582771, 0.0271574575, 2894.4783, 2756.8406, 765.3650, 19.2144
2025-11-27 22:10:16, 0.0622761233, 0.0604652056, 0.0640673532, 0.0498236117, 2875.6761, 2684.9577, 764.7450, 17.8664
2025-11-27 22:10:21, 0.0445275989, 0.0439813023, 0.0291840243, 0.0425850025, 2849.8472, 2722.9306, 764.5350, 18.6131
2025-11-27 22:10:27, 0.0686544919, 0.0681349706, 0.0414470429, 0.0352282202, 2958.4231, 2851.5962, 759.9300, 19.7506
2025-11-27 22:10:33, 0.0513420975, 0.0642663196, 0.0531770360, 0.0457171459, 2849.6618, 2693.5735, 761.0250, 21.2161
2025-11-27 22:10:39, 0.0363098958, 0.0367221035, 0.0382958479, 0.0347966006, 2910.0533, 2715.4533, 759.0450, 18.5476
2025-11-27 22:10:44, 0.0316984072, 0.0290993961, 0.0572905445, 0.0750746035, 2770.0333, 2594.2333, 762.1550, 18.3690
2025-11-27 22:10:50, 0.0327373649, 0.0269971318, 0.0762783738, 0.0613338645, 2874.1304, 2751.3043, 759.6950, 18.9508
2025-11-27 22:10:56, 0.0328046175, 0.0359536718, 0.0658713306, 0.0571253351, 2868.0864, 2698.6296, 754.4350, 17.5800
2025-11-27 22:11:01, 0.0485649146, 0.0409286305, 0.0484387502, 0.0491126131, 2682.2533, 2706.4000, 755.2700, 17.6181
2025-11-27 22:11:07, 0.0329663097, 0.0333387969, 0.0350524913, 0.0268922327, 2795.3590, 2628.2436, 758.3800, 17.9063
2025-11-27 22:11:13, 0.0327318018, 0.0252098192, 0.0647677726, 0.0538433166, 2760.3267, 2589.5248, 755.2950, 19.0441
2025-11-27 22:11:19, 0.0318245621, 0.0339281466, 0.0569910156, 0.0498773913, 2709.6962, 2620.0886, 756.3400, 18.2171
2025-11-27 22:11:25, 0.0432862609, 0.0496247943, 0.0409774624, 0.0511262245, 2811.9733, 2682.0267, 756.3350, 16.8034
2025-11-27 22:11:30, 0.0626311605, 0.0452537613, 0.0477346791, 0.0462882799, 2745.8933, 2567.5600, 754.4850, 18.3480
2025-11-27 22:11:36, 0.0550709775, 0.0462906761, 0.0532000711, 0.0469323561, 2882.2031, 2821.5781, 755.4200, 18.7161
2025-11-27 22:11:42, 0.0589689486, 0.0591448867, 0.0344333571, 0.0375761145, 2847.0972, 2761.7222, 752.8500, 17.3138
2025-11-27 22:11:48, 0.0438771882, 0.0472682247, 0.0461284141, 0.0338199749, 2872.2297, 2764.9054, 755.9550, 19.2669
2025-11-27 22:11:53, 0.0544950347, 0.0595666067, 0.0467116544, 0.0470502887, 2639.5821, 2588.0299, 753.8750, 17.8345
2025-11-27 22:11:59, 0.0515207434, 0.0445068654, 0.0581865085, 0.0441460317, 2858.4394, 2700.0455, 756.4600, 18.0396
2025-11-27 22:12:05, 0.0365000476, 0.0414248045, 0.0499117213, 0.0424087900, 2828.9500, 2639.2500, 762.0500, 19.5102
2025-11-27 22:12:10, 0.0403902581, 0.0333881120, 0.0559685733, 0.0406650735, 2742.1579, 2598.8684, 761.4000, 19.1669
2025-11-27 22:12:16, 0.0331312104, 0.0332918482, 0.0564254693, 0.0324011338, 2808.8767, 2641.3699, 758.8950, 17.9637
2025-11-27 22:12:22, 0.0440073576, 0.0422568648, 0.0569821689, 0.0556513606, 2745.8947, 2739.3421, 757.1800, 19.1002
2025-11-27 22:12:27, 0.0230028455, 0.0240744135, 0.0450221695, 0.0535307293, 2770.4634, 2605.2927, 758.0800, 20.2372
2025-11-27 22:12:33, 0.0412811444, 0.0346824178, 0.0396876582, 0.0381217930, 2786.6250, 2703.3250, 758.1150, 18.5419
2025-11-27 22:12:39, 0.0498304533, 0.0355550364, 0.0574607921, 0.0491495860, 2798.0494, 2603.7531, 753.8950, 19.4652
2025-11-27 22:12:45, 0.0363683539, 0.0359967355, 0.0578986562, 0.0424249678, 2842.9277, 2642.8434, 754.9800, 19.4317
2025-11-27 22:12:50, 0.0581246450, 0.0533341607, 0.0525361408, 0.0552088646, 2722.5584, 2773.8961, 758.4250, 18.6897
2025-11-27 22:12:56, 0.0513778915, 0.0578819516, 0.0447721728, 0.0287006497, 2803.7333, 2681.7667, 757.8150, 17.1537
2025-11-27 22:13:02, 0.0322042985, 0.0327763378, 0.0531918318, 0.0463861602, 2857.7681, 2703.8116, 762.7600, 18.2045
2025-11-27 22:13:08, 0.0410270723, 0.0365003409, 0.0507315409, 0.0450044610, 2699.3049, 2645.9878, 757.8050, 20.6094
2025-11-27 22:13:13, 0.0574570627, 0.0340214976, 0.0677608569, 0.0558043587, 2869.4918, 2872.1311, 759.7300, 18.8610
2025-11-27 22:13:19, 0.0537032890, 0.0386322844, 0.0506156469, 0.0426220802, 2913.3385, 2741.6154, 760.5200, 19.1450
2025-11-27 22:13:25, 0.0572382747, 0.0476500232, 0.0423018812, 0.0411205392, 2822.9861, 2628.1806, 759.2100, 18.2358
2025-11-27 22:13:31, 0.0399102599, 0.0364535658, 0.0916574558, 0.0776245893, 2817.3582, 2673.0000, 761.3400, 17.7190
2025-11-27 22:13:36, 0.0831827246, 0.0634801194, 0.0396187747, 0.0384806607, 2889.2500, 2750.6944, 757.8700, 18.1040
2025-11-27 22:13:42, 0.0583044109, 0.0513381657, 0.0489210926, 0.0521917353, 2690.3750, 2624.9306, 758.3500, 18.3193
2025-11-27 22:13:48, 0.0706293628, 0.0742070331, 0.0401234039, 0.0553967110, 2925.4375, 2858.4375, 760.1250, 18.8173
2025-11-27 22:13:53, 0.0692703892, 0.0757309638, 0.0346745361, 0.0366449178, 2946.0484, 2864.0161, 763.1000, 18.1389
2025-11-27 22:13:59, 0.0469749832, 0.0497151669, 0.0487426561, 0.0296466010, 2896.6447, 2769.9474, 761.8250, 19.4416
2025-11-27 22:14:05, 0.0621331872, 0.0645123967, 0.0491866373, 0.0404137885, 2954.7313, 2727.4776, 760.6350, 18.4917
2025-11-27 22:14:10, 0.0483866812, 0.0516650628, 0.0443906162, 0.0323316024, 2711.6471, 2603.8353, 761.8450, 18.6693
2025-11-27 22:14:16, 0.0462338260, 0.0491264143, 0.0540403199, 0.0571696151, 2817.5692, 2743.9077, 765.3400, 17.5748
2025-11-27 22:14:22, 0.0635859784, 0.0769557260, 0.0494265551, 0.0450807201, 2761.8421, 2714.1930, 764.4100, 19.0416
2025-11-27 22:14:27, 0.0674065193, 0.0679982521, 0.0373603474, 0.0421747099, 2811.4110, 2723.8904, 760.5850, 17.8410
2025-11-27 22:14:33, 0.0442803548, 0.0472232228, 0.0373674603, 0.0283305625, 2790.4138, 2698.8621, 761.4000, 17.1665
2025-11-27 22:14:39, 0.0467358177, 0.0401590731, 0.0536601573, 0.0393679254, 2877.8961, 2774.8701, 764.9700, 18.8769
2025-11-27 22:14:45, 0.0539954662, 0.0499804633, 0.0383175517, 0.0373920801, 2843.4286, 2679.5714, 764.5950, 16.7168
2025-11-27 22:14:50, 0.0545837140, 0.0582225692, 0.0640638826, 0.0470183482, 2889.4458, 2769.8554, 765.0300, 17.2064
2025-11-27 22:14:56, 0.0402298707, 0.0392096490, 0.0795983850, 0.0508704194, 2789.8254, 2619.0317, 767.2350, 17.8390
2025-11-27 22:15:02, 0.0442602587, 0.0341804289, 0.0508779866, 0.0717174622, 2638.7500, 2613.2500, 764.4300, 19.3792
2025-11-27 22:15:08, 0.0796792352, 0.0725295851, 0.0493630983, 0.0420026740, 2723.6308, 2560.9231, 769.2450, 17.4890
2025-11-27 22:15:13, 0.0544411144, 0.0546597846, 0.0409771413, 0.0347428006, 2805.4844, 2648.1875, 770.2550, 17.8129
2025-11-27 22:15:19, 0.0526845471, 0.0455683788, 0.0476253876, 0.0532723228, 2625.0000, 2556.2836, 769.5400, 16.5656
2025-11-27 22:15:25, 0.0517805897, 0.0511873489, 0.0541212487, 0.0472968685, 2787.1316, 2691.7763, 766.9900, 18.7433
2025-11-27 22:15:30, 0.0582861609, 0.0432238897, 0.0577190452, 0.0505217376, 2773.6316, 2560.6842, 768.5400, 16.8436
2025-11-27 22:15:36, 0.0345341678, 0.0312646727, 0.0500686441, 0.0462310137, 2787.8571, 2590.6548, 771.1000, 19.4216
2025-11-27 22:15:42, 0.0504670870, 0.0441774950, 0.0461330624, 0.0460374874, 2816.2500, 2812.0000, 771.0200, 20.8530
2025-11-27 22:15:47, 0.0460714320, 0.0357705521, 0.0403453318, 0.0344754472, 2965.3478, 2940.5652, 770.1450, 18.7524
2025-11-27 22:15:53, 0.0422031910, 0.0366549864, 0.0617825752, 0.0539487232, 2880.0448, 2787.4627, 769.9800, 17.6907
2025-11-27 22:15:59, 0.0547342816, 0.0445213991, 0.0433108573, 0.0342688743, 3035.1930, 2898.5614, 761.4950, 18.4478
2025-11-27 22:16:04, 0.0639950962, 0.0583479565, 0.0511725917, 0.0409592296, 2931.7213, 2802.8852, 766.0250, 18.2160
2025-11-27 22:16:10, 0.0565105317, 0.0540947770, 0.0313385245, 0.0375777254, 2729.3158, 2616.5088, 766.4550, 17.5533
2025-11-27 22:16:16, 0.0768946318, 0.0649463824, 0.0458236064, 0.0464291315, 3012.2222, 2846.9444, 768.8750, 19.6481
2025-11-27 22:16:21, 0.0604770171, 0.0566572248, 0.0531259172, 0.0584209811, 2696.5902, 2686.0656, 769.0750, 18.1063
2025-11-27 22:16:27, 0.0611600564, 0.0482744292, 0.0568472040, 0.0558533760, 2658.3684, 2545.5614, 764.5750, 19.6111
2025-11-27 22:16:33, 0.0556155897, 0.0397728474, 0.0647735227, 0.0518702881, 2907.4353, 2754.5412, 763.9950, 18.9123
2025-11-27 22:16:39, 0.0515644015, 0.0572102372, 0.0547047854, 0.0481849929, 2760.3833, 2729.9167, 763.8450, 19.2829
2025-11-27 22:16:44, 0.0520309506, 0.0431745590, 0.0926015833, 0.0567655207, 2782.9683, 2566.2063, 762.6950, 21.6888
2025-11-27 22:16:50, 0.0433906310, 0.0551209336, 0.0516960450, 0.0590734687, 2913.3429, 2846.5571, 765.5900, 19.6909
2025-11-27 22:16:56, 0.0482647091, 0.0580828134, 0.0546949919, 0.0716377547, 2807.3818, 2858.0909, 765.9550, 20.7849
2025-11-27 22:17:01, 0.0513258348, 0.0560141268, 0.0446720862, 0.0363862184, 2914.5882, 2745.0294, 766.8550, 19.0314
2025-11-27 22:17:07, 0.0828137802, 0.0866527824, 0.0785517141, 0.0533249405, 2793.6765, 2710.3382, 763.5450, 18.8239
2025-11-27 22:17:13, 0.0467218924, 0.0455623774, 0.0644912184, 0.0613625466, 2855.3333, 2704.2333, 767.1250, 19.9027
2025-11-27 22:17:18, 0.0447400599, 0.0437616596, 0.0914706531, 0.0673571772, 2739.7206, 2665.1471, 763.0900, 20.2734
2025-11-27 22:17:24, 0.0714130588, 0.0637600955, 0.0827591007, 0.0824948825, 2813.8421, 2773.8596, 767.0700, 18.2202
2025-11-27 22:17:30, 0.0354078262, 0.0454512323, 0.1062055080, 0.0846824091, 2789.3167, 2713.8167, 762.6500, 18.3381
2025-11-27 22:17:35, 0.0498323963, 0.0483808373, 0.1028491610, 0.0888729653, 2760.2037, 2734.5000, 766.2900, 19.2729
2025-11-27 22:17:41, 0.0449627009, 0.0530983923, 0.1250129658, 0.1406202554, 2731.1695, 2789.2881, 767.7350, 19.0931
2025-11-27 22:17:47, 0.0830617572, 0.0615454812, 0.0302264883, 0.0541600132, 2775.2656, 2714.5938, 767.9950, 19.7245
2025-11-27 22:17:52, 0.0585577357, 0.0512648544, 0.0465547460, 0.0439445042, 2739.5692, 2619.5846, 765.0050, 18.5498
2025-11-27 22:17:58, 0.0531060803, 0.0451800417, 0.0487873424, 0.0381796179, 2783.9355, 2770.3065, 764.6650, 18.5443
2025-11-27 22:18:04, 0.0605458772, 0.0481636704, 0.0536492431, 0.0550008850, 2618.1667, 2565.7424, 768.1450, 18.5196
2025-11-27 22:18:09, 0.0549628646, 0.0484296733, 0.0842029335, 0.0694240314, 3044.1296, 2964.7963, 766.1250, 17.6757
2025-11-27 22:18:15, 0.0515832252, 0.0425342031, 0.0757567024, 0.0682987049, 2734.0811, 2685.4459, 763.3650, 17.2189
2025-11-27 22:18:21, 0.0621661485, 0.0566901849, 0.0797999395, 0.0732541890, 2764.6267, 2677.8400, 765.9150, 15.9859
2025-11-27 22:18:27, 0.0686316275, 0.0687082653, 0.0465100200, 0.0533876167, 2722.6316, 2846.4386, 763.1950, 18.2742
2025-11-27 22:18:32, 0.0634064755, 0.0693171982, 0.0572949835, 0.0440541732, 2604.5098, 2624.3725, 765.0400, 16.9354
2025-11-27 22:18:38, 0.0460395619, 0.0433070518, 0.0391792045, 0.0432580116, 2832.1159, 2719.9420, 763.5700, 16.8263
2025-11-27 22:18:44, 0.0360250544, 0.0350919781, 0.0682633835, 0.0655349058, 2739.9167, 2671.4762, 763.9350, 19.1914
2025-11-27 22:18:50, 0.0352150640, 0.0298619159, 0.0671265607, 0.0560543585, 2866.4328, 2693.0149, 765.7000, 19.0874
2025-11-27 22:18:55, 0.0344460239, 0.0265526164, 0.0561438779, 0.0548391639, 2828.7838, 2675.3243, 765.0400, 17.3979
2025-11-27 22:19:01, 0.0458056652, 0.0476194678, 0.0515894544, 0.0430971956, 2732.8442, 2571.7143, 766.4300, 18.8410
2025-11-27 22:19:07, 0.0605780298, 0.0575572109, 0.0626737855, 0.0652742169, 3007.0800, 2854.4400, 764.9000, 17.8051
2025-11-27 22:19:12, 0.0551554750, 0.0446749567, 0.0463800435, 0.0528780648, 2682.8462, 2568.0462, 765.5500, 18.8353
2025-11-27 22:19:18, 0.0476982103, 0.0365308520, 0.0485616649, 0.0338946067, 2775.4074, 2686.2222, 764.0800, 16.7536
2025-11-27 22:19:24, 0.0759068939, 0.0571868645, 0.0678483818, 0.0539046468, 2841.3429, 2780.7000, 767.2250, 19.0744
2025-11-27 22:19:29, 0.0543174506, 0.0559355712, 0.0749356272, 0.0667587847, 2952.5217, 2844.1304, 764.4300, 18.3375
2025-11-27 22:19:35, 0.0384237202, 0.0395653300, 0.0591076833, 0.0476093413, 2770.1127, 2687.7324, 763.9750, 18.5517
2025-11-27 22:19:41, 0.0470939491, 0.0457192032, 0.0596785511, 0.0572039496, 2746.5441, 2688.6324, 764.1850, 18.6826
2025-11-27 22:19:46, 0.0572477187, 0.0510885040, 0.0492157409, 0.0429722829, 2790.5211, 2723.0986, 764.1950, 19.1590
2025-11-27 22:19:52, 0.0726140446, 0.0491388497, 0.0421842871, 0.0434734111, 2949.7534, 2766.8356, 765.6300, 17.4383
2025-11-27 22:19:58, 0.0394441178, 0.0517650630, 0.0507764098, 0.0390696189, 2788.7101, 2626.1594, 768.6350, 18.2913
2025-11-27 22:20:04, 0.0318187027, 0.0360813756, 0.0415396363, 0.0530330086, 2768.8667, 2653.1667, 768.9450, 18.5694
2025-11-27 22:20:09, 0.0311411269, 0.0310924625, 0.0533136926, 0.0443940106, 2759.2824, 2633.0706, 770.3450, 18.9983
2025-11-27 22:20:15, 0.0403607057, 0.0479693281, 0.0632542929, 0.0567666501, 2736.4426, 2696.7049, 766.6250, 16.8474
2025-11-27 22:20:21, 0.0649115821, 0.0630040631, 0.0584124660, 0.0417159904, 2787.3934, 2678.9344, 767.7300, 18.2279
2025-11-27 22:20:26, 0.0718978892, 0.0572827001, 0.0806308808, 0.0540299312, 2820.8806, 2734.5075, 765.4650, 17.4487
2025-11-27 22:20:32, 0.0776844680, 0.0553618627, 0.0567566521, 0.0629212308, 2862.8103, 2728.0000, 764.7850, 17.8628
2025-11-27 22:20:38, 0.0574752914, 0.0409779270, 0.0483359327, 0.0507469793, 2730.8451, 2716.2958, 764.8100, 19.1819
2025-11-27 22:20:43, 0.0475326098, 0.0449107826, 0.0459007015, 0.0526236929, 2697.6087, 2582.6957, 764.1850, 16.7833
2025-11-27 22:20:49, 0.0439547190, 0.0361514512, 0.0354217365, 0.0494361271, 2784.8906, 2629.7656, 764.2150, 16.5091
2025-11-27 22:20:55, 0.0528246807, 0.0490816773, 0.0704205420, 0.0549674702, 3012.7083, 2777.2361, 768.7150, 17.4245
2025-11-27 22:21:01, 0.0497004958, 0.0565302570, 0.0673504095, 0.0549158582, 2972.7067, 2796.0133, 767.9750, 17.8456
2025-11-27 22:21:06, 0.0469061493, 0.0490434208, 0.0480971552, 0.0536844421, 2897.0357, 2771.0000, 766.3600, 16.2502
2025-11-27 22:21:12, 0.0506112341, 0.0421717508, 0.0730655041, 0.0761601203, 2765.5873, 2636.9841, 767.3450, 17.0618
2025-11-27 22:21:17, 0.0448704723, 0.0389830839, 0.0583438700, 0.0556950614, 2764.6154, 2689.9692, 765.1750, 17.7360
2025-11-27 22:21:23, 0.0535352146, 0.0525262241, 0.0622748731, 0.0584265518, 2823.4459, 2668.3649, 768.4700, 18.4193
2025-11-27 22:21:29, 0.0509460807, 0.0486740786, 0.0421585969, 0.0480475079, 2780.4568, 2764.2469, 764.6500, 18.7922
2025-11-27 22:21:34, 0.0528343593, 0.0543390282, 0.0539648336, 0.0549885121, 2782.2830, 2746.7925, 767.1600, 18.8887
2025-11-27 22:21:40, 0.0402877173, 0.0368587380, 0.0700841315, 0.0612768737, 2873.2969, 2659.2500, 767.3650, 17.1846
2025-11-27 22:21:46, 0.0690124190, 0.0552154275, 0.0545941509, 0.0629072597, 2801.6491, 2637.2982, 769.3700, 18.0586
2025-11-27 22:21:51, 0.0771023637, 0.0826431022, 0.0507922161, 0.0413123384, 2798.9104, 2743.1194, 768.3250, 17.2029
2025-11-27 22:21:57, 0.0312550648, 0.0220774218, 0.0641183318, 0.0442168090, 2926.7705, 2696.4098, 768.7550, 18.3400
2025-11-27 22:22:03, 0.0613357010, 0.0592393927, 0.0528315741, 0.0565954364, 2909.5439, 2831.0702, 768.8300, 17.5577
2025-11-27 22:22:09, 0.0719177106, 0.0446167424, 0.0649267568, 0.0464531830, 2883.2623, 2736.2787, 765.0650, 16.8021
2025-11-27 22:22:14, 0.0486287285, 0.0418406517, 0.0638184094, 0.0683447228, 2796.0923, 2713.3077, 768.8000, 17.3931
2025-11-27 22:22:20, 0.0316096905, 0.0341622077, 0.0703386951, 0.0886661616, 2689.7901, 2590.1235, 767.0350, 17.1211
2025-11-27 22:22:26, 0.0239941569, 0.0244975759, 0.0726807154, 0.0518823012, 2720.5875, 2677.2875, 765.7500, 17.9276
2025-11-27 22:22:31, 0.0380686576, 0.0409447064, 0.0396221418, 0.0429709212, 2702.2903, 2661.1935, 765.1400, 18.1871
2025-11-27 22:22:37, 0.0654813395, 0.0559568560, 0.0681906894, 0.0581068156, 2745.5588, 2713.7941, 766.2550, 18.3232
2025-11-27 22:22:43, 0.0770728306, 0.0554332570, 0.0552330674, 0.0454528139, 2805.6667, 2657.9608, 768.6350, 17.2983
2025-11-27 22:22:48, 0.0643997509, 0.0632103613, 0.0742858097, 0.0552084496, 2893.3125, 2750.5938, 770.0200, 17.8678
2025-11-27 22:22:54, 0.0504526596, 0.0481370869, 0.0464456219, 0.0458236285, 2783.6324, 2712.7500, 768.7900, 18.9472
2025-11-27 22:23:00, 0.0424085288, 0.0413845410, 0.0649264101, 0.0525562723, 2832.1899, 2689.7342, 767.3850, 17.2385
2025-11-27 22:23:05, 0.0580297638, 0.0510902494, 0.0767343475, 0.0611704301, 2882.2535, 2788.6197, 765.6250, 18.1644
2025-11-27 22:23:11, 0.0371456498, 0.0506355067, 0.0615796908, 0.0625539238, 2900.8861, 2709.4177, 765.6450, 17.4117
2025-11-27 22:23:17, 0.0402639814, 0.0394619567, 0.0566937663, 0.0469366815, 2867.4861, 2731.5694, 760.3300, 18.8168
2025-11-27 22:23:22, 0.0530694289, 0.0450180368, 0.0611168920, 0.0691178037, 2591.4912, 2591.5965, 761.4550, 17.3510
2025-11-27 22:23:28, 0.0702177883, 0.0515795742, 0.0903630623, 0.0627015016, 2818.3766, 2657.1558, 759.6150, 17.5572
2025-11-27 22:23:34, 0.0591779899, 0.0620803138, 0.0752402201, 0.0544621702, 2963.8833, 2880.4167, 760.8600, 17.2937
2025-11-27 22:23:40, 0.0519526510, 0.0536762532, 0.0749043082, 0.0682498652, 2774.1519, 2703.7848, 763.5450, 17.4045
2025-11-27 22:23:45, 0.0424626486, 0.0398039933, 0.0462374687, 0.0390039598, 2744.8657, 2750.0299, 761.9500, 18.7723
2025-11-27 22:23:51, 0.0339735019, 0.0419811269, 0.0566843823, 0.0531820221, 2873.3889, 2791.3750, 762.5350, 16.2751
2025-11-27 22:23:57, 0.0334799016, 0.0314282255, 0.0593752094, 0.0480054129, 2652.1111, 2530.3056, 763.8650, 17.2374
2025-11-27 22:24:02, 0.0627063832, 0.0330868952, 0.0510866361, 0.0433566237, 2856.1364, 2729.6364, 764.6450, 18.1240
2025-11-27 22:24:08, 0.0569089252, 0.0504100868, 0.0539091681, 0.0544667663, 2891.9508, 2898.4262, 764.7200, 17.4983
2025-11-27 22:24:14, 0.0562370891, 0.0598947454, 0.0620186197, 0.0605438727, 2779.0164, 2780.0656, 763.8000, 17.6596
2025-11-27 22:24:20, 0.0535957080, 0.0466543946, 0.0695262247, 0.0435158678, 2925.8226, 2817.6613, 760.4100, 17.2329
2025-11-27 22:24:25, 0.0714348296, 0.0654265570, 0.0536173034, 0.0542314168, 2779.1739, 2784.9130, 763.5700, 17.0369
2025-11-27 22:24:31, 0.0841427764, 0.0770111463, 0.0557690259, 0.0360183160, 2736.0952, 2682.4444, 764.2950, 18.4293
2025-11-27 22:24:37, 0.0513862898, 0.0376730343, 0.0893264846, 0.0421655761, 2765.7679, 2697.9821, 762.1150, 19.4461
2025-11-27 22:24:42, 0.0449930181, 0.0540769336, 0.0631159983, 0.0427330162, 2888.7833, 2830.3167, 765.4150, 18.1883
2025-11-27 22:24:48, 0.0447154826, 0.0543452282, 0.0457351501, 0.0886377490, 2910.9016, 2892.3934, 763.9600, 18.0305
2025-11-27 22:24:54, 0.0398152154, 0.0299615553, 0.0688645716, 0.0630523185, 2709.0282, 2574.8169, 764.6300, 19.4567
2025-11-27 22:24:59, 0.0485367188, 0.0415966581, 0.0694134499, 0.0532269161, 2709.4091, 2651.0303, 765.0000, 18.7363
2025-11-27 22:25:05, 0.0618300723, 0.0447685556, 0.0466194118, 0.0459044119, 2935.7544, 2860.6140, 767.0000, 17.6236
2025-11-27 22:25:11, 0.0565373944, 0.0524128435, 0.0506943825, 0.0496862889, 3040.5652, 2901.8696, 763.4800, 18.1000
2025-11-27 22:25:17, 0.0500609752, 0.0393081739, 0.0470896763, 0.0579304543, 2797.2034, 2646.6949, 763.8300, 18.2667
2025-11-27 22:25:22, 0.0445542216, 0.0347765291, 0.0470393106, 0.0423720003, 2800.8310, 2636.3803, 764.6800, 16.6655
2025-11-27 22:25:28, 0.0290737481, 0.0323330771, 0.0736195220, 0.0816561431, 3075.5802, 2887.1481, 762.6100, 18.7010
2025-11-27 22:25:34, 0.0611250701, 0.0538816163, 0.0914323998, 0.0851609040, 2869.7097, 2705.8226, 765.3300, 17.9541
2025-11-27 22:25:39, 0.0636337510, 0.0476716317, 0.0716294965, 0.0812870645, 2933.1029, 2866.5735, 765.6450, 18.4513
2025-11-27 22:25:45, 0.0542491461, 0.0563350450, 0.0681785527, 0.0760152268, 2834.5469, 2798.8750, 768.0400, 19.1154
2025-11-27 22:25:51, 0.0400022210, 0.0396202915, 0.0721935702, 0.0451496189, 2928.7654, 2663.4938, 767.4900, 19.0890
2025-11-27 22:25:57, 0.0446117435, 0.0533594575, 0.0589971853, 0.0514706878, 2880.6333, 2748.7667, 766.8750, 18.4193
2025-11-27 22:26:02, 0.0294994316, 0.0293431318, 0.0664944005, 0.0624546811, 2852.3250, 2675.6250, 766.4300, 18.9983
2025-11-27 22:26:08, 0.0370602592, 0.0397438688, 0.0800430408, 0.0609035704, 2795.8767, 2655.4658, 765.9850, 18.0963
2025-11-27 22:26:14, 0.0449269265, 0.0397193555, 0.0598876718, 0.0470158043, 2842.1918, 2674.7123, 765.9150, 18.1195
2025-11-27 22:26:20, 0.0497719814, 0.0507465479, 0.0732324027, 0.0860523822, 2779.0789, 2792.5921, 765.6950, 19.7411
2025-11-27 22:26:26, 0.0448087829, 0.0403874527, 0.0724240119, 0.0846669471, 2652.2388, 2543.3433, 767.9650, 17.7354
2025-11-27 22:26:31, 0.0489786614, 0.0532352630, 0.0730637529, 0.0550243885, 2672.2817, 2515.9296, 765.2650, 20.9696
2025-11-27 22:26:37, 0.0522082768, 0.0467064738, 0.0775713504, 0.0589343679, 2910.6620, 2793.4085, 764.5600, 17.4810
2025-11-27 22:26:43, 0.0518652153, 0.0518665891, 0.0632513772, 0.0773723062, 2743.5536, 2609.9643, 769.3650, 17.5969
2025-11-27 22:26:49, 0.0532742908, 0.0382249324, 0.0537916878, 0.0492609514, 2700.5000, 2598.8784, 765.8700, 18.2500
2025-11-27 22:26:54, 0.0396844144, 0.0327368420, 0.0755280240, 0.0701023404, 2851.8472, 2675.3333, 768.5700, 19.9069
2025-11-27 22:27:00, 0.0314740029, 0.0312973186, 0.0578918808, 0.0630292565, 2675.8831, 2632.3766, 766.0750, 18.9873
2025-11-27 22:27:06, 0.0290585808, 0.0279126600, 0.0471028650, 0.0689918543, 2763.5882, 2704.6324, 766.5550, 18.8674
2025-11-27 22:27:11, 0.0526634114, 0.0427429076, 0.0851267246, 0.0954510004, 2972.5072, 2862.5652, 764.9300, 18.1093
2025-11-27 22:27:17, 0.0607400656, 0.0518920566, 0.0751107087, 0.0413654917, 2901.4394, 2751.9697, 770.5300, 17.3830
2025-11-27 22:27:23, 0.0418554972, 0.0691795972, 0.0384635460, 0.0497248386, 2772.5373, 2693.8358, 769.4150, 18.2777
2025-11-27 22:27:29, 0.0434506272, 0.0547948583, 0.0607674351, 0.0579671742, 2725.7143, 2684.6883, 767.2650, 17.9715
2025-11-27 22:27:35, 0.0493604410, 0.0572793175, 0.0295443233, 0.0399577825, 2912.6667, 2710.3667, 765.1750, 19.1074
2025-11-27 22:27:40, 0.0500286461, 0.0543497492, 0.0505700162, 0.0465865753, 2771.7606, 2611.4930, 769.6200, 18.8692
2025-11-27 22:27:46, 0.0648162923, 0.0605675877, 0.0476166530, 0.0448601126, 2913.2537, 2796.0000, 766.7350, 17.9723
2025-11-27 22:27:51, 0.0892509377, 0.0733609277, 0.0555037825, 0.0501564672, 2801.1515, 2766.6970, 768.9750, 18.5562
2025-11-27 22:27:57, 0.0528299436, 0.0507902140, 0.0459732665, 0.0537017158, 2905.4795, 2811.3425, 769.5900, 17.9725
2025-11-27 22:28:03, 0.0691853579, 0.0926758002, 0.0463815471, 0.0320300251, 2790.7910, 2613.8209, 770.7800, 17.7144
2025-11-27 22:28:09, 0.0549433921, 0.0432765501, 0.0423360908, 0.0351210501, 2809.8841, 2641.7101, 764.2700, 18.1543
2025-11-27 22:28:14, 0.0476477858, 0.0426157721, 0.0409288192, 0.0376833284, 2836.1310, 2693.9643, 764.7850, 18.8682
2025-11-27 22:28:20, 0.0814943619, 0.0615948589, 0.0503176572, 0.0411909685, 2818.2778, 2744.4444, 766.0700, 16.9380
2025-11-27 22:28:26, 0.0752991347, 0.0662331439, 0.0572362934, 0.0505255368, 2744.4182, 2647.3818, 766.7900, 17.5874
2025-11-27 22:28:31, 0.0236549306, 0.0297818156, 0.0617658733, 0.0507912202, 2884.6203, 2625.8354, 766.0250, 17.9303
2025-11-27 22:28:37, 0.0480143815, 0.0428784230, 0.0597008120, 0.0638847922, 2670.4627, 2599.0149, 765.9650, 18.1528
2025-11-27 22:28:43, 0.0556730657, 0.0521133552, 0.0539310280, 0.0528911965, 2809.1846, 2661.6462, 765.1150, 18.4662
2025-11-27 22:28:48, 0.0556137540, 0.0515526309, 0.0487138987, 0.0516229240, 2851.1688, 2847.5584, 765.2700, 18.8634
2025-11-27 22:28:54, 0.0597698997, 0.0438491724, 0.0468494435, 0.0357063927, 2689.7869, 2578.2131, 765.2150, 18.0244
2025-11-27 22:29:00, 0.0323057778, 0.0338255589, 0.0640033708, 0.0461123447, 2804.7042, 2672.0563, 766.3250, 17.5145
2025-11-27 22:29:06, 0.0537604376, 0.0586249542, 0.0828900903, 0.0584252155, 2816.5763, 2836.0000, 765.2200, 17.7037
2025-11-27 22:29:11, 0.0423962721, 0.0486105691, 0.0446958559, 0.0576441056, 2851.1818, 2856.7922, 767.5250, 18.5650
2025-11-27 22:29:17, 0.0390603650, 0.0383270581, 0.0520044632, 0.0388610280, 2699.9186, 2561.0814, 762.8400, 18.0451
2025-11-27 22:29:23, 0.0761296791, 0.0627387040, 0.0333764665, 0.0413826114, 2822.1455, 2706.5818, 767.4500, 16.9552
2025-11-27 22:29:29, 0.0578461372, 0.0528429850, 0.0424812158, 0.0362370433, 2936.5082, 2799.5246, 767.1750, 16.8992
2025-11-27 22:29:34, 0.0453030323, 0.0468575682, 0.0524064737, 0.0437781760, 2988.3846, 2867.8769, 766.4050, 18.0142
2025-11-27 22:29:40, 0.0406460489, 0.0372184937, 0.0430478152, 0.0348346140, 2655.1807, 2590.9518, 763.6550, 19.1835
2025-11-27 22:29:45, 0.0570275742, 0.0565160819, 0.0523165196, 0.0467571710, 3115.6452, 2907.2903, 764.2750, 17.1283
2025-11-27 22:29:51, 0.0571667950, 0.0503992858, 0.0453455185, 0.0388186900, 2738.3425, 2610.9726, 762.9550, 16.6248
2025-11-27 22:29:57, 0.0469185977, 0.0503957633, 0.0738813513, 0.0495337401, 2731.0357, 2611.1310, 764.6800, 17.6654
2025-11-27 22:30:03, 0.0493036986, 0.0486369168, 0.0470889497, 0.0424837808, 2961.1481, 2915.8519, 763.1700, 18.3717
2025-11-27 22:30:09, 0.0507686900, 0.0444085731, 0.0532608770, 0.0624675288, 2889.6000, 2731.9571, 762.3600, 18.2456
2025-11-27 22:30:14, 0.0711526990, 0.0492568798, 0.0456970608, 0.0443793670, 2852.6324, 2700.4118, 767.2350, 17.1697
2025-11-27 22:30:20, 0.0537570284, 0.0438884183, 0.0352325047, 0.0425241883, 2758.7027, 2679.0541, 762.1950, 19.2166
2025-11-27 22:30:26, 0.0260174314, 0.0269518662, 0.0324307637, 0.0412283014, 2958.9024, 2696.6220, 764.5700, 17.0562
2025-11-27 22:30:32, 0.0538219385, 0.0500866875, 0.0442939286, 0.0407417340, 2884.1600, 2736.6933, 764.7900, 19.2140
2025-11-27 22:30:37, 0.0485007216, 0.0518546029, 0.0488983973, 0.0509662267, 2786.8310, 2610.4930, 767.4150, 18.8362
2025-11-27 22:30:43, 0.0408412694, 0.0276585789, 0.0456376578, 0.0464813784, 2865.4231, 2684.1795, 764.6350, 18.3118
2025-11-27 22:30:49, 0.0436347891, 0.0410483577, 0.0352679822, 0.0341291043, 2856.9138, 2624.0517, 768.1050, 16.4601
2025-11-27 22:30:54, 0.0416200961, 0.0398744969, 0.0407722263, 0.0389793334, 2746.7368, 2695.3553, 763.5350, 18.2767
2025-11-27 22:31:00, 0.0521754164, 0.0391960092, 0.0445965894, 0.0448327627, 2860.3571, 2690.2714, 765.7050, 17.5139
2025-11-27 22:31:06, 0.0436116174, 0.0438777187, 0.0568422197, 0.0397093274, 2918.8784, 2794.3784, 766.9200, 18.8964
2025-11-27 22:31:11, 0.0446405925, 0.0525354453, 0.0548353769, 0.0602795219, 3004.5395, 2876.0526, 764.6050, 17.8812
2025-11-27 22:31:17, 0.0749158342, 0.0549723475, 0.0380115216, 0.0319863594, 2745.5000, 2773.2833, 766.5550, 17.6827
2025-11-27 22:31:23, 0.0596487429, 0.0417871652, 0.0466013337, 0.0396460082, 2890.5593, 2693.3051, 766.9650, 17.0793
2025-11-27 22:31:29, 0.0508607914, 0.0515379144, 0.0423144408, 0.0327390645, 2733.7971, 2655.0725, 763.4700, 17.6522
2025-11-27 22:31:34, 0.0367355886, 0.0309246236, 0.0292775680, 0.0320909016, 2746.9189, 2562.2973, 763.3800, 19.2797
2025-11-27 22:31:40, 0.0348073140, 0.0305916420, 0.0470767667, 0.0444948779, 2833.7361, 2625.4861, 767.4050, 18.3273
2025-11-27 22:31:46, 0.0245036971, 0.0257845697, 0.0547395959, 0.0377814964, 2823.7534, 2618.2740, 766.0450, 17.4941
2025-11-27 22:31:51, 0.0300092728, 0.0315457894, 0.0807978749, 0.0429740161, 2857.9221, 2692.5195, 768.2650, 17.9470
2025-11-27 22:31:57, 0.0430421441, 0.0377718428, 0.0562504003, 0.0572553471, 2818.0735, 2613.5588, 768.7900, 17.2837
2025-11-27 22:32:03, 0.0401034007, 0.0412448363, 0.0580600785, 0.0457866590, 2799.0811, 2714.9054, 768.5950, 19.1810
2025-11-27 22:32:09, 0.0371327838, 0.0397397565, 0.0509674671, 0.0429859187, 2783.8608, 2708.6582, 767.2450, 18.1032
2025-11-27 22:32:14, 0.0458393502, 0.0442812936, 0.0488995233, 0.0425361172, 2896.9740, 2660.4416, 766.0700, 17.4312
2025-11-27 22:32:20, 0.0499697275, 0.0481061200, 0.0307187616, 0.0340676106, 2716.3871, 2653.8065, 766.7900, 18.0825
2025-11-27 22:32:26, 0.0424514170, 0.0489515710, 0.0390723037, 0.0481695397, 2795.8462, 2722.9077, 767.6800, 18.6684
2025-11-27 22:32:31, 0.0422999844, 0.0411176007, 0.0425455921, 0.0435086346, 2793.6782, 2637.0345, 766.7400, 19.3534
2025-11-27 22:32:37, 0.0573956254, 0.0544611093, 0.0461792299, 0.0474749470, 2744.9123, 2717.4737, 765.3850, 15.9376
2025-11-27 22:32:43, 0.0435308243, 0.0418197322, 0.0476234064, 0.0342270965, 2739.0139, 2641.4722, 767.3650, 18.4808
2025-11-27 22:32:49, 0.0574106715, 0.0522057129, 0.0486622391, 0.0319518882, 2856.9559, 2682.3676, 764.3350, 18.6688
2025-11-27 22:32:54, 0.0603470229, 0.0778674730, 0.0436403808, 0.0384495159, 2711.5962, 2578.4038, 768.2450, 18.9662
2025-11-27 22:33:00, 0.0538724205, 0.0528585447, 0.0409166688, 0.0468540231, 2724.3016, 2598.2222, 767.0250, 19.0563
2025-11-27 22:33:06, 0.0478245994, 0.0419300834, 0.0614149477, 0.0595226569, 2704.1525, 2567.6780, 765.8800, 19.5521
2025-11-27 22:33:12, 0.0527316865, 0.0443004496, 0.0558117507, 0.0668751151, 2915.2162, 2854.7703, 768.7450, 19.4064
2025-11-27 22:33:17, 0.0636163589, 0.0422406268, 0.0737281854, 0.0540359430, 2607.8571, 2537.5714, 762.9900, 18.5715
2025-11-27 22:33:23, 0.0525317669, 0.0495300478, 0.0717246617, 0.0609374922, 2947.3472, 2802.0694, 762.8350, 17.7299
2025-11-27 22:33:29, 0.0556748906, 0.0586594869, 0.0440706546, 0.0546823669, 2663.1053, 2696.2281, 765.3300, 18.7782
2025-11-27 22:33:34, 0.0494526155, 0.0442686042, 0.0988191849, 0.0639931598, 2797.9848, 2633.2273, 763.1750, 18.6782
2025-11-27 22:33:40, 0.0524091785, 0.0439225746, 0.0677772206, 0.0603358252, 2709.1176, 2708.0294, 764.8550, 17.7917
2025-11-27 22:33:46, 0.0388284849, 0.0354092576, 0.0431414373, 0.0416193363, 2698.9118, 2649.8824, 764.1500, 19.3475
2025-11-27 22:33:51, 0.0420467803, 0.0372585804, 0.0553574862, 0.0464435649, 2811.3205, 2748.6410, 763.8350, 18.3850
2025-11-27 22:33:57, 0.0504896179, 0.0479914652, 0.0602726904, 0.0573611361, 2804.8772, 2777.7544, 766.9200, 20.2907
2025-11-27 22:34:03, 0.0503192823, 0.0515145937, 0.0707204364, 0.0546119508, 2872.2542, 2720.2034, 766.6700, 19.1267
2025-11-27 22:34:09, 0.0399514089, 0.0382112215, 0.0546924993, 0.0473877647, 2826.3529, 2611.8824, 767.3900, 18.0263
2025-11-27 22:34:15, 0.0515808185, 0.0489421197, 0.0515449713, 0.0313816763, 2783.8286, 2698.0143, 767.5650, 18.6632
2025-11-27 22:34:20, 0.0459928613, 0.0572118768, 0.0764042737, 0.0669523407, 2833.0781, 2773.1406, 769.9050, 17.7673
2025-11-27 22:34:26, 0.0715542131, 0.0636153691, 0.0515089792, 0.0418703650, 2711.4688, 2674.7969, 765.2300, 20.5469
2025-11-27 22:34:32, 0.0705664702, 0.0503441262, 0.0628688994, 0.0590088085, 2845.1029, 2662.7647, 764.5900, 19.5213
2025-11-27 22:34:38, 0.0915224485, 0.0589186062, 0.0475789469, 0.0485523514, 2684.9571, 2657.7429, 769.7300, 19.3310
2025-11-27 22:34:44, 0.0504048691, 0.0489729053, 0.0680821762, 0.0501665340, 2757.5231, 2701.0462, 767.0800, 18.2388
2025-11-27 22:34:49, 0.0535197178, 0.0550902906, 0.0392612989, 0.0434634705, 3014.5821, 2936.9552, 762.8550, 17.8789
2025-11-27 22:34:55, 0.0515548585, 0.0384540791, 0.0540757867, 0.0640446377, 2776.2456, 2665.4912, 762.8800, 18.1465
2025-11-27 22:35:01, 0.0456922857, 0.0556771779, 0.0393504012, 0.0435523772, 2766.6875, 2774.5938, 763.6300, 17.8716
2025-11-27 22:35:06, 0.0655349939, 0.0487753821, 0.0455990099, 0.0453350510, 2772.1200, 2625.8800, 762.4500, 17.8157
2025-11-27 22:35:12, 0.0733840675, 0.0601970236, 0.0613677487, 0.0647677364, 2825.8529, 2695.0882, 762.3150, 19.5575
2025-11-27 22:35:18, 0.0662425067, 0.0531855541, 0.0413678749, 0.0489103668, 2717.7000, 2711.4500, 761.4450, 17.9485
2025-11-27 22:35:23, 0.0568871511, 0.0430709843, 0.0456465789, 0.0438659863, 2799.6364, 2735.8000, 761.5500, 16.8371
2025-11-27 22:35:29, 0.0556231476, 0.0443672421, 0.0553791972, 0.0471394939, 2691.5000, 2711.6774, 767.6900, 19.0540
2025-11-27 22:35:35, 0.0394029524, 0.0327338556, 0.0538791000, 0.0634005465, 2825.6667, 2835.7500, 761.7300, 18.3537
2025-11-27 22:35:41, 0.0726310532, 0.0603482319, 0.0832269324, 0.0665144800, 3166.5294, 3016.7451, 759.5800, 17.9968
2025-11-27 22:35:47, 0.0678581147, 0.0537873099, 0.0574858520, 0.0441212716, 2841.0694, 2858.4861, 766.0900, 18.9695
2025-11-27 22:35:52, 0.0764458131, 0.0739681402, 0.0768828570, 0.0611933963, 3008.0784, 2894.3725, 765.5600, 20.6356
2025-11-27 22:35:58, 0.0739357764, 0.0699845700, 0.0546094432, 0.0508293726, 3102.9623, 2946.4340, 766.8250, 19.5011
2025-11-27 22:36:04, 0.0639317043, 0.0738557991, 0.0623715320, 0.0706248057, 2858.2542, 2882.7797, 759.3150, 19.0831
2025-11-27 22:36:09, 0.0429228372, 0.0416585819, 0.0477205343, 0.0521545607, 2896.9672, 2786.5738, 761.4000, 16.9139
2025-11-27 22:36:15, 0.0554789241, 0.0549274235, 0.0347126616, 0.0597615499, 2638.1176, 2695.8529, 760.0450, 18.2199
2025-11-27 22:36:21, 0.0562075427, 0.0508166811, 0.0797785736, 0.0701976983, 2699.4478, 2696.6866, 763.1850, 17.7626
2025-11-27 22:36:26, 0.0422281991, 0.0396750314, 0.0413248644, 0.0479173857, 2764.6935, 2700.8710, 763.1400, 18.5833
2025-11-27 22:36:32, 0.0729625067, 0.0446535714, 0.0546754272, 0.0571356169, 2678.6491, 2649.7018, 769.2800, 19.0142
2025-11-27 22:36:38, 0.0845976707, 0.0639249571, 0.0723431727, 0.0819346016, 2708.9839, 2663.0161, 759.8150, 19.3205
2025-11-27 22:36:44, 0.0557574625, 0.0474049749, 0.0823842082, 0.0918561338, 2753.3889, 2649.8472, 767.4300, 18.1630
2025-11-27 22:36:49, 0.0642376138, 0.0629070269, 0.1516914526, 0.1472895864, 2701.8167, 2745.4333, 758.0450, 16.7443
2025-11-27 22:36:55, 0.0602432106, 0.0897472213, 0.0787593401, 0.0989697834, 2752.8824, 2822.3725, 760.9400, 16.8486
2025-11-27 22:37:01, 0.0540536688, 0.0423369092, 0.0819963793, 0.0933935054, 2848.2826, 2907.4565, 761.4500, 18.0822
2025-11-27 22:37:07, 0.0416214612, 0.0374163791, 0.1054145855, 0.1232264180, 2635.0455, 2608.3788, 767.8550, 18.3500
2025-11-27 22:37:12, 0.0473087267, 0.0531996961, 0.1214082631, 0.1167573410, 2645.4500, 2675.8333, 759.6200, 19.6806
2025-11-27 22:37:18, 0.0434125018, 0.0471429906, 0.1283099445, 0.1150705981, 2853.1667, 2958.3030, 764.5150, 16.9697
2025-11-27 22:37:24, 0.0478485401, 0.0519936126, 0.1268275930, 0.1488870482, 2882.7857, 2856.3214, 764.8650, 18.7237
2025-11-27 22:37:29, 0.0501642653, 0.0402878903, 0.1203963262, 0.0933117912, 2455.0484, 2407.8871, 759.9900, 17.1018
2025-11-27 22:37:35, 0.0473275430, 0.0449272929, 0.1405350642, 0.1499469021, 2629.9024, 2698.0488, 758.7850, 18.3837
2025-11-27 22:37:41, 0.0793421733, 0.0453020168, 0.0994656972, 0.1076962669, 2713.0980, 2746.4118, 765.1350, 19.8884
2025-11-27 22:37:46, 0.0549108247, 0.0377708241, 0.1524171654, 0.1788406966, 2682.0588, 2888.7843, 761.7300, 19.5785
2025-11-27 22:37:52, 0.0334539332, 0.0297499443, 0.2295329266, 0.2093313266, 2686.7656, 2674.8125, 759.3150, 18.7084
2025-11-27 22:37:58, 0.0303156398, 0.0289692615, 0.0893206842, 0.0747887949, 2522.0149, 2554.7910, 764.6300, 19.9207
2025-11-27 22:38:03, 0.0578407703, 0.0494967833, 0.1182702309, 0.1775594500, 2860.7193, 2743.9825, 763.2900, 20.2375
2025-11-27 22:38:09, 0.0394760651, 0.0478064859, 0.1529472076, 0.1338812330, 2800.3220, 2879.6610, 762.4650, 21.3234
2025-11-27 22:38:15, 0.0358547940, 0.0303980249, 0.1323453317, 0.1643482074, 2701.0962, 2715.0769, 760.3350, 17.4792
2025-11-27 22:38:20, 0.0314180807, 0.0288585110, 0.1210656565, 0.0929067977, 2639.9649, 2574.7368, 765.4100, 18.4863
2025-11-27 22:38:26, 0.0341903361, 0.0249672463, 0.1557003170, 0.1377294939, 2819.5846, 2788.6154, 764.5850, 19.2682
2025-11-27 22:38:32, 0.0266084212, 0.0216913257, 0.1877129099, 0.1892295947, 2407.7778, 2408.2063, 764.2800, 18.1992
2025-11-27 22:38:38, 0.0326059829, 0.0285084254, 0.1462929817, 0.1816157549, 2627.6842, 2648.5965, 764.6700, 17.6225
2025-11-27 22:38:44, 0.0421771253, 0.0446065972, 0.1653748480, 0.1829054808, 2971.9200, 2885.5800, 767.1000, 18.2346
2025-11-27 22:38:50, 0.0449260083, 0.0463646225, 0.1801630065, 0.1466953848, 3031.9206, 2880.4127, 763.1850, 18.1692
2025-11-27 22:38:55, 0.0419402581, 0.0402779504, 0.2195911832, 0.2194277880, 3052.0370, 3020.5185, 762.2550, 19.1097
2025-11-27 22:39:01, 0.0399678114, 0.0550145820, 0.1571084958, 0.1352441437, 2844.4783, 2701.0000, 763.8400, 19.0684
2025-11-27 22:39:07, 0.0390058010, 0.0377934275, 0.1094736452, 0.0933979765, 2843.9697, 2710.3333, 764.1000, 19.2047
2025-11-27 22:39:12, 0.0370354064, 0.0300818967, 0.1486088487, 0.1403354795, 2654.1200, 2456.3800, 761.2750, 19.0334
2025-11-27 22:39:18, 0.0304255624, 0.0347136890, 0.1177032150, 0.1236491219, 2376.7018, 2337.5439, 764.4150, 19.2996
2025-11-27 22:39:24, 0.0483674771, 0.0561747494, 0.1933725837, 0.1704497693, 2661.1600, 2827.0800, 762.7700, 18.7253
2025-11-27 22:39:30, 0.0655601300, 0.0529647877, 0.1471654874, 0.1107195546, 2647.4167, 2648.2500, 765.2350, 19.4044
2025-11-27 22:39:35, 0.0501508640, 0.0509846193, 0.1330507038, 0.1065645859, 2748.8727, 2723.1455, 767.2850, 18.5312
2025-11-27 22:39:41, 0.0539093388, 0.0508909381, 0.1115572586, 0.0894412248, 2741.0000, 2664.4400, 766.8950, 17.8321
2025-11-27 22:39:47, 0.0881298731, 0.0602074933, 0.1035800936, 0.1056016151, 2720.9024, 2938.7073, 768.6650, 18.3623
2025-11-27 22:39:53, 0.0372211203, 0.0500696664, 0.1491963784, 0.1285525177, 2932.2250, 2843.2750, 769.4750, 17.3514
2025-11-27 22:39:58, 0.0530319087, 0.0517737849, 0.0939377760, 0.0942832845, 2245.8913, 2421.2174, 766.0000, 18.6890
2025-11-27 22:40:04, 0.0487659983, 0.0430370709, 0.0831896099, 0.1014926583, 2804.0000, 2811.1000, 766.6600, 18.6423
2025-11-27 22:40:10, 0.0357971639, 0.0315697754, 0.1376421042, 0.1000277383, 2540.6885, 2446.2459, 770.6300, 18.4205
2025-11-27 22:40:15, 0.0463435746, 0.0368018092, 0.0928818232, 0.1007446482, 2865.9844, 2918.4219, 766.3800, 17.1583
2025-11-27 22:40:21, 0.0534505656, 0.0461488091, 0.0817515664, 0.1235269549, 2678.3846, 2632.7846, 771.7100, 16.8329
2025-11-27 22:40:27, 0.0499740850, 0.0481419741, 0.1703948507, 0.1751580866, 2976.8947, 2979.5789, 770.0000, 16.9476
2025-11-27 22:40:33, 0.0700951436, 0.0699368256, 0.1028780566, 0.0868037215, 2589.7755, 2597.0612, 767.7850, 17.3265
2025-11-27 22:40:38, 0.0546171673, 0.0483313396, 0.1433562734, 0.1030788555, 2811.3333, 2772.8947, 768.8500, 17.6164
2025-11-27 22:40:44, 0.0577981666, 0.0557112814, 0.1139043900, 0.1050704839, 2956.7667, 2842.4167, 767.4500, 17.3735
2025-11-27 22:40:50, 0.0552840074, 0.0467769660, 0.1697152527, 0.1612168755, 2810.8254, 2597.7302, 769.0950, 17.3510
2025-11-27 22:40:55, 0.0566441165, 0.0605486622, 0.1469844248, 0.1033898827, 2697.5660, 2655.2264, 764.5550, 18.7362
2025-11-27 22:41:01, 0.0585183631, 0.0429479964, 0.1268305114, 0.1140561696, 3226.4545, 3284.7091, 775.5300, 18.7093
2025-11-27 22:41:07, 0.0515219316, 0.0387003252, 0.1204431857, 0.1116172150, 2748.6122, 2802.2041, 767.5550, 17.9395
2025-11-27 22:41:12, 0.0349014014, 0.0293402477, 0.0945970830, 0.0900573499, 2717.2308, 2680.3077, 762.8000, 17.1362
2025-11-27 22:41:18, 0.0442152952, 0.0353721792, 0.1266819823, 0.1501382908, 2724.8939, 2771.3939, 766.5250, 18.9602
2025-11-27 22:41:24, 0.0254766412, 0.0332028801, 0.0810798884, 0.1007481993, 2714.0702, 2569.8596, 762.5700, 17.4297
2025-11-27 22:41:29, 0.0386152566, 0.0462031085, 0.1114857314, 0.1304312815, 2755.5909, 2726.0455, 765.7200, 18.0250
2025-11-27 22:41:35, 0.0538523474, 0.0505493344, 0.1852945153, 0.1599554815, 3001.1915, 2868.7660, 761.5150, 19.2930
2025-11-27 22:41:41, 0.0504645310, 0.0524228154, 0.1754046673, 0.1447493416, 2791.5106, 2708.9574, 765.1400, 19.1857
2025-11-27 22:41:46, 0.0455138000, 0.0430042064, 0.1118318992, 0.1370712290, 2661.3273, 2744.0364, 764.4350, 17.1235
2025-11-27 22:41:52, 0.0438761359, 0.0397525470, 0.1268463232, 0.1120595941, 2760.3889, 2724.6296, 765.3300, 19.0529
2025-11-27 22:41:58, 0.0411320655, 0.0370299917, 0.1003080424, 0.0796290967, 2702.6909, 2684.5091, 765.2050, 19.7500
2025-11-27 22:42:03, 0.0382135043, 0.0570666077, 0.1598167902, 0.1256644390, 3044.4800, 2880.3800, 764.4700, 19.7276
2025-11-27 22:42:09, 0.0529783327, 0.0364089660, 0.1358962044, 0.1353087134, 2707.5690, 2798.5862, 764.8350, 20.4675
2025-11-27 22:42:15, 0.0352695518, 0.0295590255, 0.0683623372, 0.0587903823, 2499.1053, 2470.6491, 770.4650, 19.9188
2025-11-27 22:42:20, 0.0430865075, 0.0357705308, 0.1301223128, 0.1413104478, 2451.4510, 2569.8235, 770.1800, 21.1660
2025-11-27 22:42:26, 0.0370590827, 0.0409596351, 0.1732777508, 0.1920743376, 2506.7049, 2584.5902, 773.5900, 22.0543
2025-11-27 22:42:31, 0.0287818295, 0.0372861996, 0.1089048897, 0.0820291702, 2626.3684, 2632.0000, 772.8400, 21.5271
2025-11-27 22:42:37, 0.0685923029, 0.0451370651, 0.1041919674, 0.0783719435, 2621.5424, 2600.8305, 769.0900, 21.3884
2025-11-27 22:42:43, 0.0632194519, 0.0566660110, 0.0794673619, 0.0630095141, 2627.9556, 2618.7778, 768.4800, 21.6559
2025-11-27 22:42:49, 0.0435290811, 0.0455822117, 0.0818436827, 0.1070500231, 2782.0635, 2877.6190, 775.2300, 21.3471
2025-11-27 22:42:55, 0.0701554013, 0.0568497366, 0.1454318374, 0.1274299269, 2712.1231, 2587.9077, 772.0050, 20.3397
2025-11-27 22:43:01, 0.0553992937, 0.0609544048, 0.1262730827, 0.1564785318, 2645.3393, 2712.3571, 772.9800, 20.7836
2025-11-27 22:43:06, 0.0581436152, 0.0617594301, 0.0631455055, 0.0814500821, 2526.9184, 2528.9796, 774.7100, 22.3496
2025-11-27 22:43:12, 0.0346643909, 0.0312143902, 0.1309970916, 0.1408721088, 2584.5763, 2539.3051, 770.2300, 19.1866
2025-11-27 22:43:18, 0.0819303189, 0.0672469589, 0.0911213576, 0.0856770969, 2707.1429, 2701.3016, 773.8100, 19.6892
2025-11-27 22:43:24, 0.0808349200, 0.0690430669, 0.0900981207, 0.0766439663, 2564.4524, 2483.5714, 775.4150, 22.0969
2025-11-27 22:43:29, 0.0453998594, 0.0384117801, 0.1228018810, 0.1040531107, 2806.5862, 2670.2759, 774.3250, 22.1935
2025-11-27 22:43:35, 0.0446909848, 0.0438647671, 0.0990070726, 0.1087282978, 2730.6481, 2695.7037, 774.6050, 21.8561
2025-11-27 22:43:41, 0.0493465076, 0.0334569290, 0.1261448066, 0.1627794836, 2827.9524, 2848.8095, 773.6850, 22.6273
2025-11-27 22:43:46, 0.0524491335, 0.0452063529, 0.1005968781, 0.0864699939, 2758.7903, 2752.3226, 770.1250, 19.6593
2025-11-27 22:43:52, 0.0316953927, 0.0405430986, 0.0780519911, 0.0753284967, 2790.3214, 2608.1786, 772.4500, 19.8539
2025-11-27 22:43:58, 0.0463823683, 0.0350864956, 0.0668517691, 0.0549002322, 2616.2069, 2534.6379, 770.9450, 18.9576
2025-11-27 22:44:03, 0.0334021382, 0.0300133333, 0.0664568423, 0.0634912704, 2733.7188, 2645.4688, 768.4750, 18.1135
2025-11-27 22:44:09, 0.0319684286, 0.0398257986, 0.0889244289, 0.0895058137, 2711.3881, 2650.5522, 766.4350, 19.7845
2025-11-27 22:44:15, 0.0358762936, 0.0321400202, 0.0703734972, 0.1082474319, 2861.1940, 2705.5224, 766.8650, 20.3783
2025-11-27 22:44:21, 0.0402707255, 0.0394825942, 0.0695677332, 0.0736086198, 2853.2394, 2814.8169, 767.1900, 20.3876
2025-11-27 22:44:26, 0.0347485369, 0.0336429364, 0.0777519837, 0.0800893269, 2723.6757, 2686.0405, 767.1450, 20.8112
2025-11-27 22:44:32, 0.0469029778, 0.0496237631, 0.1043760429, 0.1021998769, 2737.7500, 2718.1786, 765.1950, 21.0092
2025-11-27 22:44:37, 0.0489147193, 0.0493473161, 0.0865883288, 0.0780571057, 2857.3729, 2947.7797, 768.8050, 21.2550
2025-11-27 22:44:43, 0.0742464610, 0.0599303480, 0.0726457755, 0.0629341936, 2634.5278, 2686.9167, 767.1750, 21.6496
2025-11-27 22:44:49, 0.0560400818, 0.0481478506, 0.0680199805, 0.0692913212, 2749.5870, 2888.3696, 769.8500, 20.0623
2025-11-27 22:44:55, 0.0383732457, 0.0389957863, 0.1127811162, 0.0944233000, 2586.5224, 2579.5522, 766.3700, 19.5850
2025-11-27 22:45:00, 0.0382843652, 0.0417322749, 0.1063531426, 0.1334729796, 2701.8485, 2669.4545, 764.1300, 18.9212
2025-11-27 22:45:06, 0.0546048072, 0.0483980765, 0.0873324128, 0.0675608070, 2875.1724, 2796.3966, 765.0500, 18.2477
2025-11-27 22:45:12, 0.0287333707, 0.0306527280, 0.1076988064, 0.0813263514, 2501.9483, 2422.2759, 764.9600, 19.3512
2025-11-27 22:45:17, 0.0406535183, 0.0369225760, 0.0994936679, 0.0796741820, 2880.8889, 2789.8472, 762.3750, 17.5030
2025-11-27 22:45:23, 0.0377332517, 0.0277972971, 0.0938635085, 0.0826924784, 2577.1429, 2552.5857, 764.4150, 19.9046
2025-11-27 22:45:29, 0.0325857105, 0.0308591651, 0.1134152614, 0.1069347201, 2747.8095, 2662.0159, 764.2400, 21.9648
2025-11-27 22:45:35, 0.0454543315, 0.0524011317, 0.1212321541, 0.0853021058, 2757.2586, 2670.9655, 763.4000, 19.6278
2025-11-27 22:45:40, 0.0595690466, 0.0477193475, 0.1257706761, 0.1149078820, 2794.7805, 2620.9268, 767.5100, 19.9777
2025-11-27 22:45:46, 0.0304466392, 0.0289763233, 0.0937864604, 0.0799240182, 2756.0000, 2706.9273, 763.8550, 21.2519
2025-11-27 22:45:51, 0.0473527284, 0.0482484609, 0.1077030477, 0.1879944406, 2562.0741, 2717.3519, 767.8800, 20.8791
2025-11-27 22:45:57, 0.0461013716, 0.0452648225, 0.1194870279, 0.1196321417, 2754.5517, 2747.0690, 767.3550, 21.1641
2025-11-27 22:46:03, 0.0300752421, 0.0314077983, 0.0683827447, 0.0820186598, 2539.7959, 2655.0816, 768.4900, 20.4929
2025-11-27 22:46:09, 0.0388905970, 0.0371228188, 0.0830356648, 0.0560931259, 2749.1897, 2727.4138, 766.4550, 19.6377
2025-11-27 22:46:15, 0.0435843998, 0.0403075937, 0.0985047974, 0.0915506451, 3008.4462, 2926.6769, 765.7000, 19.9627
2025-11-27 22:46:20, 0.0267759514, 0.0320113531, 0.0991057019, 0.1078921885, 2791.3390, 2532.8136, 764.6350, 17.8620
2025-11-27 22:46:26, 0.0354252662, 0.0315502902, 0.1135130469, 0.0942090244, 2817.3214, 2773.2500, 763.3050, 19.7540
2025-11-27 22:46:31, 0.0464402455, 0.0313358486, 0.0948114725, 0.0827331008, 2348.8600, 2404.6200, 766.4250, 21.8395
2025-11-27 22:46:37, 0.0521100207, 0.0347908984, 0.0780138296, 0.0806911480, 2457.0656, 2474.8033, 767.5550, 19.2756
2025-11-27 22:46:43, 0.0452751127, 0.0375472984, 0.0973981339, 0.0969904978, 2803.9420, 2837.5362, 768.0550, 18.9956
2025-11-27 22:46:49, 0.0339071848, 0.0294567661, 0.1034411086, 0.1222805378, 2687.2857, 2746.4286, 768.8850, 18.7030
2025-11-27 22:46:55, 0.0390125499, 0.0294575736, 0.0895292383, 0.0756666805, 2888.9848, 2673.3788, 765.8650, 18.5935
2025-11-27 22:47:00, 0.0361967694, 0.0377534733, 0.1226010815, 0.0977513998, 2719.5781, 2710.4219, 768.9800, 18.9000
2025-11-27 22:47:06, 0.0454489808, 0.0443947137, 0.1333105523, 0.1655773274, 2857.7656, 2801.9219, 767.7000, 15.6048
2025-11-27 22:47:12, 0.0504465059, 0.0442352739, 0.0817588619, 0.0967592596, 2589.9216, 2526.4706, 763.6900, 18.6455
2025-11-27 22:47:18, 0.0517112072, 0.0451767951, 0.0824675291, 0.0634572369, 2735.0962, 2714.6538, 768.4150, 18.0414
2025-11-27 22:47:23, 0.0464713003, 0.0486675445, 0.1042812970, 0.1092330182, 2633.7222, 2628.3519, 771.8200, 19.2740
2025-11-27 22:47:29, 0.0485134700, 0.0397086470, 0.0910659419, 0.0728433534, 2814.8421, 2774.2807, 768.4300, 17.3123
2025-11-27 22:47:35, 0.0530309687, 0.0327887478, 0.1036056795, 0.1018329119, 2632.8852, 2593.7705, 767.5450, 17.5874
2025-11-27 22:47:40, 0.0422317920, 0.0393102024, 0.0946255689, 0.0886272263, 2842.0000, 2822.5075, 769.8450, 20.6102
2025-11-27 22:47:46, 0.0594506631, 0.0472255033, 0.0937021411, 0.0830020624, 2825.7115, 2670.9231, 767.1050, 19.1587
2025-11-27 22:47:52, 0.0552900255, 0.0579967680, 0.0897229673, 0.0822416328, 2910.6094, 2913.8594, 769.7700, 18.5919
2025-11-27 22:47:57, 0.0487236018, 0.0351924181, 0.0884785498, 0.0806272442, 2767.6462, 2623.8769, 768.6500, 19.9774
2025-11-27 22:48:03, 0.0480946423, 0.0556281010, 0.0872579360, 0.0724458866, 2626.9423, 2683.8654, 765.2150, 18.2983
2025-11-27 22:48:09, 0.0545102460, 0.0622123471, 0.1344612498, 0.1023692904, 2767.8182, 2722.6364, 766.0050, 18.8039
2025-11-27 22:48:15, 0.0358066549, 0.0363561824, 0.0640536345, 0.0684360544, 2914.4528, 2928.6038, 766.2000, 17.5257
2025-11-27 22:48:20, 0.0396907678, 0.0294525039, 0.1040464665, 0.0750073652, 2661.2258, 2592.8387, 762.2400, 18.9750
2025-11-27 22:48:26, 0.0391016097, 0.0350396024, 0.0626269512, 0.0518667175, 2826.1714, 2713.0429, 763.2500, 17.2420
2025-11-27 22:48:32, 0.0539164926, 0.0495546077, 0.0816597416, 0.0638964344, 2826.3273, 2866.1818, 763.5550, 17.1926
2025-11-27 22:48:37, 0.0504204275, 0.0490954907, 0.0653416081, 0.0823404856, 2908.3913, 2760.4130, 761.1400, 18.7406
2025-11-27 22:48:43, 0.0438598579, 0.0360073697, 0.0851410349, 0.0904580527, 2699.3056, 2730.4028, 762.2050, 17.7950
2025-11-27 22:48:49, 0.0520663093, 0.0452838781, 0.0911407129, 0.0783242232, 2618.7547, 2604.2830, 764.6600, 17.8341
2025-11-27 22:48:55, 0.0586950224, 0.0432486348, 0.1081156705, 0.0966855400, 2869.3594, 2833.1250, 762.7000, 19.0021
2025-11-27 22:49:00, 0.0309322216, 0.0331655654, 0.0633902590, 0.0483976545, 2652.5606, 2570.7576, 762.0050, 16.6209
2025-11-27 22:49:06, 0.0300583710, 0.0266144107, 0.0621255641, 0.0689497940, 2599.3714, 2533.3286, 764.2800, 16.9777
2025-11-27 22:49:12, 0.0321861407, 0.0298795447, 0.0699580714, 0.0454249042, 2666.8361, 2672.4918, 760.6850, 15.6008
2025-11-27 22:49:18, 0.0489741632, 0.0408688600, 0.0649899673, 0.0584676655, 2876.2029, 2763.8116, 763.3850, 15.9918
2025-11-27 22:49:23, 0.0446703077, 0.0361671742, 0.0818709203, 0.0656583061, 2791.0147, 2697.5882, 760.6000, 18.8913
2025-11-27 22:49:29, 0.0391499789, 0.0424126488, 0.0747218435, 0.0674216896, 2844.4407, 2689.8814, 760.9350, 16.5810
2025-11-27 22:49:35, 0.0270939114, 0.0213106730, 0.0914153752, 0.0953148391, 2593.4054, 2455.0270, 760.4750, 17.9170
2025-11-27 22:49:40, 0.0316297595, 0.0269882182, 0.0805468439, 0.0704840043, 2799.1571, 2809.4143, 760.5950, 17.8438
2025-11-27 22:49:46, 0.0311016061, 0.0259647169, 0.0899325709, 0.0865258394, 2756.6301, 2785.8630, 759.9000, 18.4215
2025-11-27 22:49:52, 0.0258695890, 0.0377870365, 0.0843055220, 0.0697749954, 2755.4921, 2832.7460, 761.8000, 17.8830
2025-11-27 22:49:58, 0.0294643549, 0.0290474957, 0.0735121046, 0.0619279865, 2771.2750, 2571.9500, 763.4700, 16.9469
2025-11-27 22:50:03, 0.0252449938, 0.0258885909, 0.0688888251, 0.1092343825, 2727.9494, 2637.2532, 761.1250, 17.4574
2025-11-27 22:50:09, 0.0437723172, 0.0416035994, 0.0938434007, 0.0632592736, 2835.8776, 2769.8776, 761.0950, 18.7996
2025-11-27 22:50:15, 0.0403252830, 0.0340181659, 0.0959790432, 0.1195139921, 2741.3333, 2719.7500, 761.2600, 19.8089
2025-11-27 22:50:21, 0.0233338018, 0.0234706720, 0.0893843675, 0.1003963494, 2488.1452, 2412.7419, 760.3500, 17.6280
2025-11-27 22:50:26, 0.0254254559, 0.0276993548, 0.1189784458, 0.1409751887, 2694.3051, 2667.3559, 763.3350, 17.9391
2025-11-27 22:50:32, 0.0307195837, 0.0249953320, 0.0950146733, 0.1104877429, 2685.2949, 2481.9359, 763.1100, 17.1679
2025-11-27 22:50:37, 0.0278988184, 0.0253385814, 0.2083900501, 0.2113452431, 2634.7846, 2538.3385, 761.2200, 18.8476
2025-11-27 22:50:43, 0.0266493790, 0.0202119115, 0.0771609758, 0.0897277132, 2641.2200, 2528.8400, 762.3300, 18.7016
2025-11-27 22:50:49, 0.0427286838, 0.0432801080, 0.0976921645, 0.0940685277, 2750.6400, 2812.4800, 762.5200, 16.3554
2025-11-27 22:50:55, 0.0468946966, 0.0520568530, 0.1498092890, 0.1467517117, 2583.0000, 2404.9474, 763.9350, 17.8491
2025-11-27 22:51:01, 0.0495614572, 0.0656081025, 0.1396218632, 0.1491381020, 2328.2553, 2421.7872, 763.0150, 17.2923
2025-11-27 22:51:06, 0.0638736595, 0.0458795365, 0.1222925293, 0.0835507149, 2665.9524, 2721.5714, 763.7450, 18.3782
2025-11-27 22:51:12, 0.0288030909, 0.0320445833, 0.0903081907, 0.0803901744, 2835.7313, 2869.0299, 764.4400, 19.7928
2025-11-27 22:51:18, 0.0474474155, 0.0369845421, 0.0577565998, 0.0501688871, 2491.9524, 2389.8810, 766.4400, 17.2281
2025-11-27 22:51:24, 0.0361262951, 0.0290771519, 0.1633361512, 0.1181260468, 2848.4127, 2744.9206, 763.6500, 19.8605
2025-11-27 22:51:30, 0.0357517869, 0.0400959692, 0.1447302660, 0.1294130023, 2503.8298, 2434.2553, 765.6800, 20.1553
2025-11-27 22:51:35, 0.0584792075, 0.0574014551, 0.1125516607, 0.0892407828, 2971.0357, 2773.8929, 764.2800, 19.1123
2025-11-27 22:51:41, 0.0559375928, 0.0563334670, 0.1974540332, 0.1411576334, 2778.5294, 2765.8235, 763.3950, 15.6952
2025-11-27 22:51:47, 0.0540732924, 0.0494674717, 0.1645431566, 0.1530235826, 2448.7258, 2467.3871, 763.6300, 17.6398
2025-11-27 22:51:53, 0.0459533399, 0.0512766582, 0.1198814808, 0.0739242037, 2632.0152, 2533.2273, 764.9550, 16.4251
2025-11-27 22:51:58, 0.0283873647, 0.0283588228, 0.1433654273, 0.1553149834, 2583.3623, 2604.2029, 766.1700, 15.6484
2025-11-27 22:52:04, 0.0280772202, 0.0226439053, 0.1417321507, 0.1534249267, 2515.4839, 2430.5806, 764.0450, 17.5038
2025-11-27 22:52:10, 0.0387241172, 0.0274722527, 0.0999752938, 0.1103182249, 2783.5714, 2708.5429, 767.5300, 17.3398
2025-11-27 22:52:16, 0.0288696456, 0.0266862443, 0.1328551027, 0.0813387997, 2797.4844, 2588.5156, 765.5500, 18.6050
2025-11-27 22:52:21, 0.0393100456, 0.0460354383, 0.1238009898, 0.1325383614, 2693.6212, 2604.9394, 767.3750, 19.3037
2025-11-27 22:52:27, 0.0451344434, 0.0370080273, 0.1302422746, 0.0985813844, 2687.3514, 2665.3919, 764.7950, 18.2091
2025-11-27 22:52:33, 0.0292620655, 0.0283656628, 0.1024614240, 0.0960166016, 2912.6765, 2678.1324, 763.8700, 18.2064
2025-11-27 22:52:38, 0.0308017505, 0.0262127690, 0.1357814641, 0.1022394859, 2649.4528, 2544.6604, 762.5150, 17.5570
2025-11-27 22:52:44, 0.0223013663, 0.0235492814, 0.1068199367, 0.0812540452, 2336.9524, 2323.0476, 763.4050, 18.1025
2025-11-27 22:52:50, 0.0222023002, 0.0182575008, 0.1451408479, 0.0896260304, 2727.6515, 2513.7121, 764.0350, 16.7309
2025-11-27 22:52:56, 0.0225259684, 0.0212481906, 0.0876203119, 0.0789360737, 2637.2530, 2527.5542, 763.7450, 15.3134
2025-11-27 22:53:01, 0.0223146029, 0.0204262578, 0.1242307077, 0.1185275701, 2712.0263, 2596.3816, 763.3150, 18.0074
2025-11-27 22:53:07, 0.0274773975, 0.0279760424, 0.0828460446, 0.0784606273, 2601.0735, 2454.1324, 762.4400, 18.4398
2025-11-27 22:53:13, 0.0491903183, 0.0345395288, 0.0758018225, 0.0721467541, 2782.2692, 2658.0192, 763.7550, 17.1693
2025-11-27 22:53:18, 0.0519119039, 0.0327151736, 0.0995394130, 0.0886404076, 2709.8529, 2776.4559, 762.1400, 17.4121
2025-11-27 22:53:24, 0.0425369829, 0.0492908045, 0.1180616064, 0.0923920958, 2822.9516, 2774.2097, 761.9600, 18.9742
2025-11-27 22:53:30, 0.0399309461, 0.0271447110, 0.0718726736, 0.0659731189, 2643.2424, 2592.1818, 760.6900, 16.1516
2025-11-27 22:53:36, 0.0518708380, 0.0504331257, 0.0607218989, 0.0898096552, 2829.3492, 2777.0635, 760.1550, 18.8285
2025-11-27 22:53:41, 0.0546273951, 0.0413557829, 0.1041393924, 0.0816983243, 2896.6102, 2858.6271, 762.3900, 15.0375
2025-11-27 22:53:47, 0.0322889685, 0.0463475444, 0.0585995048, 0.0497377810, 2691.6667, 2601.0556, 759.7450, 17.1388
2025-11-27 22:53:53, 0.0247908608, 0.0232568446, 0.0941532227, 0.0885594730, 2648.7015, 2427.7761, 760.1700, 19.2793
2025-11-27 22:53:58, 0.0496152822, 0.0451678279, 0.0887782962, 0.0763737237, 2658.0000, 2640.0833, 758.3250, 18.0219
2025-11-27 22:54:04, 0.0626768855, 0.0551501964, 0.0978583903, 0.0929823412, 2952.4035, 2912.5789, 757.9750, 17.4085
2025-11-27 22:54:10, 0.0480746223, 0.0361454793, 0.0916639614, 0.0932561336, 2827.4559, 2731.9706, 756.4850, 17.8236
2025-11-27 22:54:15, 0.0354924687, 0.0337674409, 0.1156110633, 0.0880732738, 2880.8065, 2841.9032, 756.8200, 18.1501
2025-11-27 22:54:21, 0.0401825662, 0.0305857804, 0.0838049243, 0.0640986724, 2636.3590, 2434.1538, 757.7800, 17.5762
2025-11-27 22:54:27, 0.0553070075, 0.0528381172, 0.0543945936, 0.0660780633, 2834.1045, 2698.0896, 757.3100, 15.9375
2025-11-27 22:54:33, 0.0456737621, 0.0500008911, 0.0524703425, 0.0423588116, 2712.5882, 2561.3824, 756.5650, 17.9356
2025-11-27 22:54:38, 0.0740127908, 0.0554273711, 0.0660730193, 0.0609065072, 2689.0323, 2721.4516, 757.5150, 16.8048
2025-11-27 22:54:44, 0.0499776333, 0.0397016470, 0.0994744368, 0.0910985744, 2822.0938, 2725.0156, 755.9050, 18.5326
2025-11-27 22:54:56, 0.0451174390, 0.0363160396, 0.0768709562, 0.0570179229, 2920.2969, 2767.4531, 759.0400, 18.9013
2025-11-27 22:55:01, 0.0472206247, 0.0420063047, 0.0957996560, 0.0787898014, 2712.3714, 2704.2143, 758.7300, 17.9462
2025-11-27 22:55:07, 0.0575719481, 0.0387909367, 0.0605889411, 0.0486731207, 2744.6769, 2720.2615, 758.6850, 17.3864
2025-11-27 22:55:13, 0.0525911566, 0.0416705440, 0.0714669913, 0.0662708871, 2798.9123, 2794.3684, 760.2650, 18.8336
2025-11-27 22:55:19, 0.0396192837, 0.0436110438, 0.0584723767, 0.0642349866, 2837.3333, 2784.1014, 758.6800, 17.9019
2025-11-27 22:55:24, 0.0474006338, 0.0380036418, 0.0555304030, 0.0575525603, 2780.8889, 2734.2381, 756.5450, 18.7440
2025-11-27 22:55:30, 0.0721545950, 0.0599664551, 0.0604430265, 0.0574693578, 2818.7037, 2695.0741, 759.8500, 18.4537
2025-11-27 22:55:36, 0.0843185955, 0.0706837964, 0.0608044558, 0.0753526023, 2948.7333, 3027.2667, 761.8150, 18.2505
2025-11-27 22:55:42, 0.0816456966, 0.0626845965, 0.0533738629, 0.0694645045, 2614.4808, 2596.6923, 763.4500, 19.7767
2025-11-27 22:55:48, 0.0761537354, 0.0750297720, 0.0473522339, 0.0530180224, 2848.5000, 2708.2273, 761.3800, 19.4622
2025-11-27 22:55:54, 0.0722103053, 0.0620410989, 0.0507059860, 0.0641933843, 2850.3509, 2811.0526, 759.6150, 18.8809
2025-11-27 22:55:59, 0.0570702172, 0.0461454063, 0.0729889570, 0.0472575967, 2856.6897, 2848.3966, 762.9350, 17.1228
2025-11-27 22:56:05, 0.0629365897, 0.0573724869, 0.0462176536, 0.0430951724, 2737.8947, 2747.5789, 764.7850, 18.7061
2025-11-27 22:56:11, 0.0750612076, 0.0759647217, 0.0664881300, 0.0480849339, 2769.6429, 2735.8036, 763.4400, 16.1157
2025-11-27 22:56:16, 0.0858284795, 0.0623205664, 0.0710899001, 0.0570179458, 2808.0000, 2786.3611, 756.8250, 18.5082
2025-11-27 22:56:22, 0.0636096362, 0.0569213870, 0.0556824332, 0.0532203987, 2706.5469, 2577.7656, 761.6250, 17.8083
2025-11-27 22:56:28, 0.0446479361, 0.0454574892, 0.0533127572, 0.0481317016, 2785.6379, 2648.5517, 761.9500, 18.4236
2025-11-27 22:56:33, 0.0687853186, 0.0540777587, 0.0682990552, 0.0511552353, 2784.2615, 2665.9692, 760.5250, 18.0892
2025-11-27 22:56:39, 0.0509473874, 0.0752496768, 0.0919890808, 0.0718518194, 2725.9273, 2673.8182, 758.0800, 18.0653
2025-11-27 22:56:45, 0.0536590881, 0.0519636317, 0.0493586056, 0.0500908117, 2729.9524, 2743.0476, 759.8100, 17.0913
2025-11-27 22:56:50, 0.0710414866, 0.0568006515, 0.0813559778, 0.0857846924, 2975.3860, 2990.3509, 760.6500, 19.0115
2025-11-27 22:56:56, 0.0399147435, 0.0416539187, 0.0525814012, 0.0511549668, 2670.9333, 2698.3600, 758.7450, 19.2281
2025-11-27 22:57:02, 0.0408089915, 0.0308998474, 0.0471777986, 0.0574442155, 2784.5570, 2690.8861, 756.2050, 20.1850
2025-11-27 22:57:08, 0.0352652714, 0.0310208156, 0.0546392746, 0.0516261916, 2811.8873, 2629.9577, 764.3400, 17.4156
2025-11-27 22:57:14, 0.0338968226, 0.0347633158, 0.0558044920, 0.0485240584, 2786.7414, 2767.5517, 762.7500, 18.2016
2025-11-27 22:57:19, 0.0399594746, 0.0400475149, 0.0619072979, 0.0688004009, 2671.2027, 2718.2432, 760.3950, 16.8095
2025-11-27 22:57:25, 0.0350093739, 0.0289874706, 0.0561440691, 0.0383979808, 2811.5135, 2668.7027, 763.7100, 18.2952
2025-11-27 22:57:31, 0.0368723331, 0.0270530291, 0.0635294614, 0.0529097536, 2659.5278, 2513.3056, 758.0050, 18.1528
2025-11-27 22:57:37, 0.0308684285, 0.0302907242, 0.0549322744, 0.0627719415, 2792.2644, 2754.6897, 762.2600, 18.1426
2025-11-27 22:57:42, 0.0363653721, 0.0318701244, 0.0710975507, 0.0658213151, 2693.5942, 2590.3188, 761.8400, 17.7709
2025-11-27 22:57:48, 0.0565204724, 0.0437124204, 0.0628507967, 0.0350026201, 2790.0870, 2728.1449, 760.1250, 18.0947
2025-11-27 22:57:54, 0.0624770218, 0.0581825077, 0.0599862534, 0.0591980504, 2746.6615, 2812.3385, 759.7900, 18.2772
2025-11-27 22:57:59, 0.0712697650, 0.0627812348, 0.0497353580, 0.0512958843, 2807.5846, 2804.8308, 758.8550, 18.0243
2025-11-27 22:58:05, 0.0544783780, 0.0514785441, 0.0509548324, 0.0453064835, 2842.3867, 2755.0267, 759.4150, 17.3203
2025-11-27 22:58:11, 0.0435512619, 0.0360437793, 0.0650996990, 0.0722769219, 2863.2911, 2654.4430, 759.2500, 16.7931
2025-11-27 22:58:17, 0.0531520179, 0.0504330123, 0.0408277847, 0.0459982499, 2785.8955, 2648.9851, 763.1150, 19.7077
2025-11-27 22:58:22, 0.0572390902, 0.0695641080, 0.0669702284, 0.0678401416, 2871.3111, 2857.2000, 759.3100, 18.9796
2025-11-27 22:58:28, 0.0384651878, 0.0380212248, 0.0401942391, 0.0481369587, 2867.5902, 2771.7705, 757.3700, 17.7703
2025-11-27 22:58:34, 0.0375606939, 0.0442234625, 0.0743061352, 0.0627612620, 2915.8588, 2844.8941, 757.4150, 17.4869
2025-11-27 22:58:40, 0.0338799018, 0.0311974051, 0.0482359807, 0.0456416935, 2788.8421, 2643.1579, 757.1100, 19.7651
2025-11-27 22:58:46, 0.0487850766, 0.0477966762, 0.0727621876, 0.0650545285, 2894.1571, 2812.2571, 759.4900, 17.7313
2025-11-27 22:58:51, 0.0422085554, 0.0395328036, 0.0579321988, 0.0458839624, 2770.9000, 2669.8500, 758.6800, 18.5596
2025-11-27 22:58:57, 0.0446945929, 0.0433041101, 0.0472237095, 0.0477116606, 2710.5645, 2559.0000, 759.4500, 17.5199
2025-11-27 22:59:03, 0.0788486782, 0.0513276593, 0.0609600573, 0.0588920778, 3009.6418, 3030.9552, 758.4250, 17.8853
2025-11-27 22:59:08, 0.0471963406, 0.0518792428, 0.0602961757, 0.0673096330, 2818.3276, 2783.1552, 760.4950, 19.4489
2025-11-27 22:59:14, 0.0470013036, 0.0476148627, 0.0596228358, 0.0499477000, 2909.3671, 2748.9620, 763.0500, 17.6351
2025-11-27 22:59:20, 0.0490907550, 0.0434088360, 0.0413739506, 0.0371360672, 2871.2609, 2803.1304, 761.0650, 16.3346
2025-11-27 22:59:25, 0.0315554467, 0.0395140464, 0.0489264320, 0.0659393326, 2677.5970, 2644.7761, 761.3750, 17.5819
2025-11-27 22:59:31, 0.0582095688, 0.0563487272, 0.0531244714, 0.0543030087, 2796.1343, 2649.8955, 761.3350, 19.3627
2025-11-27 22:59:37, 0.0560296435, 0.0702359922, 0.0568967822, 0.0548217765, 2791.4691, 2724.0864, 761.3800, 17.5099
2025-11-27 22:59:42, 0.0698758232, 0.0606434054, 0.0618321830, 0.0667095629, 2752.6892, 2798.1486, 759.4500, 18.2326
2025-11-27 22:59:48, 0.0492072027, 0.0442783241, 0.0404880154, 0.0474559861, 2783.0294, 2742.7353, 761.7150, 18.6717
2025-11-27 22:59:54, 0.0493602711, 0.0476728997, 0.0609749204, 0.0389968744, 2928.6721, 2826.5082, 761.2350, 16.9301
2025-11-27 23:00:00, 0.0631851538, 0.0603677833, 0.0745951944, 0.0391489599, 2948.1067, 2783.2933, 763.1500, 17.7222
2025-11-27 23:00:05, 0.0537271474, 0.0492253684, 0.0590639677, 0.0554819694, 2835.9750, 2743.6875, 762.2000, 17.8081
2025-11-27 23:00:11, 0.0413625660, 0.0391779473, 0.0482492461, 0.0537533925, 2861.8548, 2798.5968, 759.8000, 18.6153
2025-11-27 23:00:17, 0.0689374144, 0.0533308885, 0.0605338590, 0.0531440723, 2919.1915, 2904.8511, 760.7800, 17.1126
2025-11-27 23:00:22, 0.0666836231, 0.0518742723, 0.0461177548, 0.0394387131, 2893.8182, 2624.9636, 760.0950, 16.6873
2025-11-27 23:00:28, 0.0622471592, 0.0556630117, 0.0662572592, 0.0660469825, 2808.5070, 2744.9437, 759.6900, 19.3348
2025-11-27 23:00:34, 0.0635196053, 0.0639991792, 0.0549290770, 0.0513897007, 2753.5312, 2686.0625, 759.9200, 17.8012
2025-11-27 23:00:40, 0.0722730905, 0.0550197073, 0.0333139132, 0.0366231392, 2853.3881, 2745.8358, 760.8600, 18.1144
2025-11-27 23:00:45, 0.0687657555, 0.0585035968, 0.0651623067, 0.0570756306, 2986.1852, 2793.7593, 760.2450, 17.9715
2025-11-27 23:00:51, 0.0571622173, 0.0603524186, 0.0423349000, 0.0433108782, 2883.3125, 2768.9844, 763.5850, 19.3694
2025-11-27 23:00:57, 0.0580185353, 0.0473131784, 0.0681443144, 0.0595842277, 2890.0536, 2781.1964, 760.9900, 18.7571
2025-11-27 23:01:03, 0.0520208868, 0.0599900343, 0.0391534334, 0.0386455674, 3004.4615, 2835.6346, 764.2050, 18.0918
2025-11-27 23:01:09, 0.0842428551, 0.0665397228, 0.0641398070, 0.0615263535, 2761.3944, 2701.5775, 760.6000, 18.3723
2025-11-27 23:01:15, 0.0706445273, 0.0491172526, 0.0548779232, 0.0438148932, 2910.1034, 2702.4655, 762.2850, 16.4598
2025-11-27 23:01:20, 0.0689798054, 0.0470770926, 0.0655340665, 0.0423321885, 2836.0154, 2717.3077, 761.3650, 18.4505
2025-11-27 23:01:26, 0.0537688434, 0.0417806898, 0.0523168927, 0.0293885122, 2637.0690, 2537.6552, 761.4550, 17.1825
2025-11-27 23:01:32, 0.0330287381, 0.0360103042, 0.0655283355, 0.0590300415, 2735.0000, 2617.8133, 759.9600, 16.9136
2025-11-27 23:01:37, 0.0354735046, 0.0317117991, 0.0549646715, 0.0551969514, 2828.2727, 2772.6234, 760.3050, 18.7105
2025-11-27 23:01:43, 0.0452839772, 0.0477411585, 0.0415980165, 0.0516989399, 2886.3281, 2762.7812, 759.9850, 18.4338
2025-11-27 23:01:49, 0.0459695589, 0.0433493259, 0.0455746159, 0.0364496673, 2901.5873, 2769.5873, 757.1250, 16.9758
2025-11-27 23:01:55, 0.0440443508, 0.0451590405, 0.0583031219, 0.0438243640, 2899.4848, 2682.6515, 758.5050, 17.8947
2025-11-27 23:02:00, 0.0301360587, 0.0283328848, 0.0631247220, 0.0700759720, 2750.2703, 2640.2838, 760.0400, 16.9693
2025-11-27 23:02:06, 0.0391671494, 0.0295337934, 0.0652571760, 0.0602036593, 2735.0000, 2557.4607, 758.4150, 17.4460
2025-11-27 23:02:12, 0.0379316647, 0.0321716178, 0.0494812256, 0.0413280960, 2782.4054, 2608.4189, 762.5550, 17.0712
2025-11-27 23:02:17, 0.0412028293, 0.0369545640, 0.0799371041, 0.0716588359, 2707.6667, 2579.1806, 761.5700, 17.8789
2025-11-27 23:02:23, 0.0437855993, 0.0495490392, 0.0566359531, 0.0324651112, 2752.3281, 2558.5000, 762.2400, 19.6520
2025-11-27 23:02:29, 0.0353817831, 0.0362546471, 0.0466646955, 0.0465307926, 2941.0469, 2853.1562, 761.9600, 17.0314
2025-11-27 23:02:35, 0.0357461577, 0.0332313781, 0.0534088932, 0.0560708133, 2877.7875, 2667.3750, 760.7950, 17.5711
2025-11-27 23:02:40, 0.0473137429, 0.0347200014, 0.0674677487, 0.0509910006, 2833.6620, 2742.9155, 759.2550, 18.2978
2025-11-27 23:02:46, 0.0524190311, 0.0489000520, 0.0798126407, 0.0624685957, 2876.4000, 2842.5000, 756.9300, 18.2523
2025-11-27 23:02:52, 0.0548211098, 0.0605003452, 0.0624508264, 0.0458116364, 2574.1266, 2516.6203, 757.8550, 19.8679
2025-11-27 23:02:58, 0.0473869722, 0.0464864528, 0.0738560157, 0.0700997637, 2940.9194, 2825.0645, 757.9350, 16.4457
2025-11-27 23:03:04, 0.0427101382, 0.0419994342, 0.1236702544, 0.1012649318, 2956.7812, 2825.4062, 757.2050, 16.6410
2025-11-27 23:03:09, 0.0430767629, 0.0489250560, 0.0468103521, 0.0364590549, 2867.0175, 2739.5088, 757.5550, 16.6945
2025-11-27 23:03:15, 0.0478708799, 0.0427919802, 0.0990198826, 0.0809072280, 2801.4225, 2737.3803, 755.4250, 20.0146
2025-11-27 23:03:21, 0.0522990291, 0.0483417919, 0.0637282147, 0.0422566934, 2932.0000, 2795.2344, 758.4100, 17.8545
2025-11-27 23:03:26, 0.0490247110, 0.0428406971, 0.0715208322, 0.0507952149, 2871.0469, 2768.1094, 754.4050, 18.6400
2025-11-27 23:03:32, 0.0448574669, 0.0446926590, 0.0591915398, 0.0538592040, 2558.2807, 2527.0000, 756.1750, 17.5118
2025-11-27 23:03:38, 0.0466990843, 0.0473989175, 0.0760791774, 0.0516836025, 2944.4706, 2805.4265, 757.5900, 18.1414
2025-11-27 23:03:44, 0.0446385422, 0.0402612101, 0.0658034501, 0.0570324517, 2835.6133, 2741.0533, 756.5400, 19.3654
2025-11-27 23:03:49, 0.0425204090, 0.0492766530, 0.0557024776, 0.0480565507, 2686.7429, 2599.0571, 758.8750, 17.1860
2025-11-27 23:03:55, 0.0712935040, 0.0669805258, 0.0628254503, 0.0565566996, 2853.9429, 2804.7857, 756.9100, 20.1008
2025-11-27 23:04:01, 0.0445684179, 0.0438572733, 0.0748606417, 0.0632756885, 2849.7419, 2643.7097, 755.5450, 18.5612
2025-11-27 23:04:07, 0.0590014193, 0.0411952428, 0.0556332878, 0.0529950545, 2908.7500, 2810.8676, 759.1150, 18.1332
2025-11-27 23:04:12, 0.0450028254, 0.0492366983, 0.0634168369, 0.0643356907, 2829.4839, 2667.8226, 757.8150, 17.3413
2025-11-27 23:04:18, 0.0612504433, 0.0570305555, 0.0595034046, 0.0559104778, 2783.0000, 2683.1493, 756.7850, 17.4616
2025-11-27 23:04:24, 0.0575320794, 0.0720415944, 0.0454558807, 0.0297587641, 2928.3000, 2852.7200, 758.8050, 19.5212
2025-11-27 23:04:29, 0.0608056138, 0.0539548118, 0.0586670658, 0.0415699211, 2835.9189, 2695.1757, 759.8250, 17.9584
2025-11-27 23:04:35, 0.0673229376, 0.0664560487, 0.0408106042, 0.0366085544, 2712.1176, 2718.8971, 757.8000, 16.9366
2025-11-27 23:04:41, 0.0717173903, 0.0556674265, 0.0450020078, 0.0495470132, 2810.9531, 2705.2500, 756.1900, 18.1307
2025-11-27 23:04:47, 0.0801054463, 0.0656621018, 0.0460545331, 0.0590162853, 2888.3175, 2876.6508, 759.9050, 17.2304
2025-11-27 23:04:52, 0.0723191311, 0.0619614411, 0.0505392793, 0.0402870003, 2783.1000, 2689.4429, 760.1700, 18.6446
2025-11-27 23:04:58, 0.0687635991, 0.0552110224, 0.0316199233, 0.0464322863, 2702.5556, 2653.2222, 760.1250, 20.2586
2025-11-27 23:05:04, 0.0541757824, 0.0476143503, 0.0592166904, 0.0654477066, 2846.2836, 2714.4179, 760.3750, 16.7013
2025-11-27 23:05:10, 0.0521585307, 0.0508808814, 0.0671191918, 0.0548651423, 2859.1833, 2810.9667, 758.4550, 18.3362
2025-11-27 23:05:15, 0.0478563399, 0.0461625194, 0.0568418880, 0.0402957388, 2711.1714, 2658.9571, 759.4650, 19.5443
2025-11-27 23:05:21, 0.0405891136, 0.0487524244, 0.0319236990, 0.0498366981, 2943.7222, 2789.1111, 759.4600, 16.3600
2025-11-27 23:05:27, 0.0800293917, 0.0523776105, 0.0550658289, 0.0449760565, 2875.3151, 2727.5616, 761.1200, 18.4270
2025-11-27 23:05:32, 0.0561979400, 0.0401722599, 0.0570213194, 0.0351938164, 2825.2182, 2644.5818, 758.0250, 18.0586
2025-11-27 23:05:38, 0.0384611214, 0.0422424689, 0.0902962952, 0.0593258891, 2891.5942, 2817.9710, 761.7900, 17.1361
2025-11-27 23:05:44, 0.0524362423, 0.0444834565, 0.0539995868, 0.0464893857, 2666.8730, 2513.4444, 758.5000, 17.7330
2025-11-27 23:05:49, 0.0732329242, 0.0698170436, 0.0443265775, 0.0422787672, 2786.1034, 2767.8103, 759.7200, 16.7896
2025-11-27 23:05:55, 0.0705713693, 0.0801273423, 0.0531038739, 0.0435179048, 2683.4754, 2634.2131, 758.6450, 16.9351
2025-11-27 23:06:01, 0.0554106876, 0.0452464722, 0.0510947957, 0.0470027781, 2790.4688, 2724.8750, 758.3200, 18.0418
2025-11-27 23:06:07, 0.0844641215, 0.0681232347, 0.0553692587, 0.0531802832, 2653.0345, 2653.8621, 758.6100, 17.1924
2025-11-27 23:06:12, 0.0792322805, 0.0671317481, 0.0942608851, 0.0677134177, 2792.7458, 2811.5424, 758.6650, 17.5358
2025-11-27 23:06:18, 0.0724162415, 0.0687206416, 0.0676628013, 0.0457194590, 2756.9833, 2676.2333, 755.8650, 16.5957
2025-11-27 23:06:24, 0.0690012842, 0.0751978337, 0.0508279285, 0.0540492839, 2808.6667, 2765.6667, 759.3500, 17.2643
2025-11-27 23:06:30, 0.0953575195, 0.1049063993, 0.0481724494, 0.0535617848, 2804.5179, 2808.9643, 758.1150, 18.4900
2025-11-27 23:06:36, 0.0876958436, 0.0721615046, 0.0560280822, 0.0374648370, 2910.1148, 2835.2459, 759.7600, 16.3955
2025-11-27 23:06:41, 0.1031858562, 0.1087529903, 0.0495201149, 0.0391800729, 2763.6667, 2763.3860, 759.0300, 18.3652
2025-11-27 23:06:47, 0.1119547146, 0.0995130081, 0.0408861119, 0.0491192606, 2773.5714, 2697.4921, 763.8600, 18.2869
2025-11-27 23:06:53, 0.0639407999, 0.0541407551, 0.0558147231, 0.0486566559, 2938.4615, 2795.6731, 761.5800, 16.7333
2025-11-27 23:06:59, 0.0832503254, 0.0970045668, 0.0490154478, 0.0662763066, 2733.1167, 2780.9333, 764.7800, 17.7747
2025-11-27 23:07:04, 0.0699858736, 0.0631584264, 0.0858230986, 0.0613641000, 2915.9649, 2816.7895, 761.4650, 17.2084
2025-11-27 23:07:10, 0.0566989796, 0.0455399323, 0.1036964791, 0.0850532717, 2801.2778, 2741.6111, 764.6350, 18.3224
2025-11-27 23:07:16, 0.0515470336, 0.0386625548, 0.0655641757, 0.0464261087, 2857.4928, 2645.5217, 757.6450, 18.1436
2025-11-27 23:07:22, 0.0491739622, 0.0555282939, 0.0603346710, 0.0506004605, 2606.7358, 2477.3396, 759.1100, 16.1579
2025-11-27 23:07:27, 0.0466098458, 0.0357055048, 0.0584518104, 0.0619665819, 2624.6269, 2584.4328, 765.0250, 17.9601
2025-11-27 23:07:33, 0.0477535735, 0.0451658681, 0.0625855854, 0.0580975697, 2857.7460, 2650.9683, 765.7100, 18.2232
2025-11-27 23:07:39, 0.0614631704, 0.0550747668, 0.0574835837, 0.0397348553, 2877.1622, 2786.3243, 764.3550, 17.8930
2025-11-27 23:07:45, 0.0476076007, 0.0527608964, 0.0880435731, 0.0720125867, 2737.8983, 2716.2203, 764.2550, 18.2847
2025-11-27 23:07:50, 0.0600144142, 0.0570696152, 0.0727406518, 0.0977288647, 2929.1935, 2946.5645, 764.7150, 18.5751
2025-11-27 23:07:56, 0.0635281862, 0.0622606811, 0.0737365731, 0.0729357328, 2962.4590, 2925.7049, 771.8550, 18.9719
2025-11-27 23:08:02, 0.0706918367, 0.0460757567, 0.0509837829, 0.0602307804, 2924.3200, 2878.9800, 768.7800, 18.2946
2025-11-27 23:08:08, 0.0421118592, 0.0344345786, 0.0552191112, 0.0600340275, 2723.9706, 2633.2647, 766.9400, 19.1817
2025-11-27 23:08:14, 0.0426698823, 0.0339833376, 0.0887467751, 0.0787566122, 2760.6364, 2590.4364, 766.9150, 18.1369
2025-11-27 23:08:19, 0.0291913113, 0.0237817653, 0.0662451258, 0.0786714886, 2469.7123, 2325.7123, 767.1500, 18.7917
2025-11-27 23:08:25, 0.0287178873, 0.0276844475, 0.1387906268, 0.1623653610, 2714.6000, 2634.0833, 765.1900, 18.9556
2025-11-27 23:08:31, 0.0305468806, 0.0239381962, 0.0672230777, 0.1079523240, 2541.0469, 2525.7344, 766.5000, 17.9580
2025-11-27 23:08:37, 0.0336201461, 0.0280323005, 0.0689603252, 0.0681560818, 3038.4286, 2907.2857, 764.1450, 17.6356
2025-11-27 23:08:42, 0.0277198073, 0.0305013359, 0.0752952685, 0.1049651326, 2834.5139, 2761.7778, 761.8250, 18.1724
2025-11-27 23:08:48, 0.0408981428, 0.0358104647, 0.0708404681, 0.0863024408, 2836.4795, 2808.9452, 762.8200, 17.5302
2025-11-27 23:08:54, 0.0346850679, 0.0280139606, 0.0674207505, 0.0928367560, 2644.8644, 2623.2203, 765.5800, 19.1174
2025-11-27 23:08:59, 0.0377664151, 0.0302836063, 0.0773613264, 0.0649489236, 2802.5634, 2654.7606, 767.0900, 18.8640
2025-11-27 23:09:05, 0.0468828203, 0.0371396194, 0.0855885434, 0.1056316272, 2873.8793, 2968.3103, 764.5350, 16.8795
2025-11-27 23:09:11, 0.0384450714, 0.0294530039, 0.1118239638, 0.0915580605, 2753.0862, 2726.2241, 763.3100, 19.2006
2025-11-27 23:09:17, 0.0626636389, 0.0518005253, 0.0553644846, 0.0606134866, 2727.9219, 2728.6094, 763.4550, 18.5531
2025-11-27 23:09:23, 0.0443895752, 0.0442434200, 0.1003387678, 0.0980192085, 2770.4359, 2703.0513, 759.4400, 17.5327
2025-11-27 23:09:28, 0.0519785051, 0.0559168421, 0.0655136532, 0.0742717802, 2840.7857, 2838.5714, 763.9450, 19.0684
2025-11-27 23:09:34, 0.0428453734, 0.0444204165, 0.0620699688, 0.0503869777, 2716.1081, 2699.3243, 762.5900, 18.1395
2025-11-27 23:09:40, 0.0465933845, 0.0408983087, 0.0651095282, 0.0628142276, 2722.2778, 2666.0278, 757.5650, 19.6618
2025-11-27 23:09:46, 0.0738093887, 0.0706395183, 0.0791561935, 0.0516415929, 2807.6406, 2764.4062, 755.7100, 16.0958
2025-11-27 23:09:52, 0.0761528467, 0.0810852595, 0.0611130924, 0.0506127707, 2775.6538, 2695.5192, 763.2300, 18.0991
2025-11-27 23:09:57, 0.0704367461, 0.0598062697, 0.0413025626, 0.0394552905, 2810.5645, 2802.3226, 757.5950, 19.1669
2025-11-27 23:10:03, 0.0498174861, 0.0592843927, 0.0620545805, 0.0561050957, 2828.1970, 2750.7727, 762.9400, 16.6606
2025-11-27 23:10:09, 0.0375419350, 0.0450999682, 0.0397538065, 0.0328809844, 2786.1594, 2623.1449, 763.7150, 18.4655
2025-11-27 23:10:15, 0.0408241043, 0.0463889277, 0.0805827726, 0.0581646269, 2943.1000, 2751.0429, 765.8000, 18.1108
2025-11-27 23:10:20, 0.0489153075, 0.0367758614, 0.0656614902, 0.0641006657, 2937.3438, 2906.2188, 761.8450, 18.1612
2025-11-27 23:10:26, 0.0516407382, 0.0415432859, 0.0766966303, 0.0633713169, 2636.3443, 2719.1967, 760.4250, 16.4916
2025-11-27 23:10:32, 0.0687338238, 0.0596813886, 0.0738467210, 0.0536348953, 2803.5735, 2752.7059, 760.5250, 18.6957
2025-11-27 23:10:37, 0.0500579197, 0.0549975883, 0.0823202251, 0.0901483405, 2572.5636, 2725.5636, 761.8000, 16.9207
2025-11-27 23:10:43, 0.0466687080, 0.0420345412, 0.0836833128, 0.0774368286, 2918.7407, 2847.7407, 759.2850, 17.2776
2025-11-27 23:10:49, 0.0515133970, 0.0440894650, 0.0976987139, 0.0883526656, 2750.4000, 2786.5455, 761.3450, 18.7205
2025-11-27 23:10:55, 0.0692067377, 0.0623621724, 0.0748430200, 0.0798860915, 2839.1944, 2714.9306, 761.9850, 18.0481
2025-11-27 23:11:01, 0.0639236870, 0.0554253546, 0.0677306260, 0.0614671359, 2779.3115, 2780.3770, 761.6750, 18.1662
2025-11-27 23:11:07, 0.0848607439, 0.0821509661, 0.0691158255, 0.0522787461, 2894.0800, 2749.3000, 761.4500, 18.0731
2025-11-27 23:11:12, 0.0585486321, 0.0678925796, 0.0661248729, 0.0650309486, 2912.8400, 2763.2400, 762.8550, 17.1016
2025-11-27 23:11:18, 0.0481266328, 0.0500983883, 0.0516701271, 0.0586425410, 2909.2857, 2865.2698, 760.6950, 18.3889
2025-11-27 23:11:24, 0.0598718972, 0.0539522924, 0.0926389755, 0.0731581574, 2945.0455, 2776.6364, 762.8200, 19.2499
2025-11-27 23:11:30, 0.0518757292, 0.0518371616, 0.0961687467, 0.0933810747, 2964.0185, 2821.9630, 758.2850, 17.6152
2025-11-27 23:11:36, 0.0295813055, 0.0352313598, 0.1068664546, 0.1138167142, 2544.0149, 2475.6269, 761.8600, 17.7837
2025-11-27 23:11:41, 0.0480208721, 0.0403157494, 0.0657113185, 0.0573467305, 2802.1897, 2646.1207, 759.9700, 15.7711
2025-11-27 23:11:47, 0.0437713220, 0.0460945136, 0.0642580806, 0.0576605111, 2675.5147, 2533.6176, 759.8950, 18.5352
2025-11-27 23:11:52, 0.0504368138, 0.0421581957, 0.0671493435, 0.0514799798, 2603.2794, 2572.6912, 759.3550, 19.0284
2025-11-27 23:11:58, 0.0465484051, 0.0426680098, 0.1008295029, 0.1234881579, 2698.1765, 2580.3529, 762.2350, 18.5545
2025-11-27 23:12:04, 0.0446089138, 0.0410837812, 0.1072035069, 0.1079448785, 2752.6984, 2783.4762, 762.8100, 20.2097
2025-11-27 23:12:10, 0.0413390874, 0.0417987887, 0.0928511974, 0.0756244028, 2682.7612, 2601.0299, 761.7000, 18.9889
2025-11-27 23:12:15, 0.0493854063, 0.0509033749, 0.0783317858, 0.0716606870, 2808.8657, 2773.7761, 759.5250, 17.1327
2025-11-27 23:12:21, 0.0652215461, 0.0448740819, 0.1014213840, 0.0778842005, 3075.8909, 3001.8364, 762.0150, 18.5700
2025-11-27 23:12:27, 0.0627094701, 0.0624487031, 0.1034598158, 0.0834037789, 2705.5882, 2650.2549, 762.9650, 18.8871
2025-11-27 23:12:32, 0.0557498688, 0.0676441778, 0.0661420083, 0.0683108871, 2621.2237, 2571.5921, 764.9700, 17.3084
2025-11-27 23:12:38, 0.0581802495, 0.0469055716, 0.0954014076, 0.0699191383, 2728.4655, 2691.0690, 762.5500, 17.1694
2025-11-27 23:12:44, 0.0399471850, 0.0451846154, 0.0847046492, 0.0848142287, 2721.7714, 2628.4143, 761.0250, 17.3722
2025-11-27 23:12:50, 0.0351883723, 0.0330920695, 0.0803254139, 0.0887002385, 2910.2344, 2781.7188, 761.5900, 18.8319
2025-11-27 23:12:55, 0.0502291273, 0.0455707348, 0.0947913850, 0.1051405547, 2702.5806, 2668.7581, 758.9850, 17.4959
2025-11-27 23:13:01, 0.0439411741, 0.0407798739, 0.0438139102, 0.0635511206, 2824.7971, 2648.9275, 760.2500, 17.3083
2025-11-27 23:13:06, 0.0242903449, 0.0281767908, 0.0659711515, 0.0941520520, 2777.9851, 2657.1642, 760.9550, 17.5574
2025-11-27 23:13:12, 0.0488840807, 0.0447321161, 0.0476728180, 0.0548944786, 2762.7879, 2649.8333, 757.4700, 17.5917
2025-11-27 23:13:18, 0.0766341371, 0.0997966671, 0.0478559525, 0.0552333234, 2653.4909, 2599.6727, 759.1400, 20.0502
2025-11-27 23:13:23, 0.0631891102, 0.0638959716, 0.0688088990, 0.0742225089, 2919.0000, 2980.4737, 761.9400, 19.3387
2025-11-27 23:13:29, 0.1151210694, 0.0709655088, 0.0689910885, 0.0858077981, 2992.2115, 2975.0769, 760.1900, 18.6969
2025-11-27 23:13:35, 0.0663800332, 0.0819245448, 0.1391251922, 0.1187765221, 2891.8077, 2988.5577, 763.6850, 19.7453
2025-11-27 23:13:41, 0.0701863892, 0.0647464733, 0.0381307444, 0.0409003828, 2769.3519, 2696.7037, 761.9600, 19.9175
2025-11-27 23:13:47, 0.0492421699, 0.0502100663, 0.0826663540, 0.0777492958, 2713.6765, 2691.8235, 763.6950, 17.8169
2025-11-27 23:13:52, 0.0362997585, 0.0338776176, 0.0936105800, 0.0799056726, 2785.1176, 2747.9216, 764.8850, 19.9530
2025-11-27 23:13:58, 0.0332185978, 0.0325952475, 0.0744753917, 0.1122626955, 2547.6739, 2602.5217, 764.9000, 19.6278
2025-11-27 23:14:03, 0.0418407564, 0.0462945979, 0.0979575096, 0.0768315219, 2708.9630, 2614.0000, 761.8200, 18.3967
2025-11-27 23:14:09, 0.0378640389, 0.0361178513, 0.0894739223, 0.0976471129, 2756.2344, 2709.1094, 760.4300, 19.5155
2025-11-27 23:14:15, 0.0365572335, 0.0384593642, 0.0692384071, 0.0543275715, 2807.7143, 2700.3492, 761.2250, 19.9001
2025-11-27 23:14:21, 0.0348287754, 0.0366384632, 0.0783457120, 0.0724737633, 2709.2857, 2650.1587, 756.9450, 16.9683
2025-11-27 23:14:27, 0.0435995215, 0.0394444932, 0.0825948131, 0.0626492177, 2891.6825, 2976.0317, 758.0300, 19.9569
2025-11-27 23:14:33, 0.0476711409, 0.0363077622, 0.0676079255, 0.0432132103, 2782.5079, 2658.2063, 758.3550, 17.2583
2025-11-27 23:14:39, 0.0452622314, 0.0445407512, 0.0606266578, 0.0679541407, 2996.1186, 2900.6949, 758.0750, 17.8468
2025-11-27 23:14:44, 0.0316989083, 0.0276789450, 0.0792862867, 0.0624308673, 2784.0870, 2587.8406, 757.3800, 20.2170
2025-11-27 23:14:50, 0.0386778522, 0.0384026813, 0.0685164873, 0.0736720092, 2743.3188, 2723.3623, 755.4700, 19.0360
2025-11-27 23:14:56, 0.0484513047, 0.0564014243, 0.0619194895, 0.0455579305, 2832.4615, 2677.3077, 752.0300, 17.1947
2025-11-27 23:15:02, 0.0646840037, 0.0395229798, 0.1075939653, 0.0805328438, 2859.8000, 2668.6000, 756.3200, 17.0882
2025-11-27 23:15:07, 0.0328284363, 0.0326082105, 0.0651539034, 0.0602913646, 2851.7188, 2657.4531, 755.8100, 16.9465
2025-11-27 23:15:13, 0.0569103950, 0.0395942316, 0.0680199716, 0.0621225979, 2792.3333, 2778.0435, 754.8900, 17.2002
2025-11-27 23:15:19, 0.0680911014, 0.0543463952, 0.0879900224, 0.0857799760, 2743.7556, 2780.5556, 760.8850, 18.5292
2025-11-27 23:15:24, 0.0737807394, 0.0784963728, 0.0609435792, 0.0461053406, 2696.0926, 2652.3704, 758.6600, 19.0624
2025-11-27 23:15:30, 0.0533681090, 0.0493004715, 0.1616292059, 0.1125759510, 2713.8491, 2683.5094, 754.0200, 18.4876
2025-11-27 23:15:36, 0.0577789201, 0.0607161313, 0.1330095250, 0.1144452136, 2692.2414, 2702.9828, 754.9800, 18.2932
2025-11-27 23:15:42, 0.0575377211, 0.0537253606, 0.0774569122, 0.0727712152, 3002.7843, 3052.0196, 756.1450, 20.3159
2025-11-27 23:15:47, 0.1034724006, 0.0749167003, 0.0612589142, 0.0596097930, 2692.1552, 2818.2759, 755.1150, 17.8099
2025-11-27 23:15:53, 0.0836578170, 0.0677144962, 0.0516247704, 0.0555117020, 2562.3158, 2575.4079, 758.0200, 20.6908
2025-11-27 23:15:58, 0.0630880102, 0.0517327637, 0.0674341523, 0.0566124721, 2772.4615, 2713.5538, 767.8900, 20.6400
2025-11-27 23:16:04, 0.0385934523, 0.0416942807, 0.0787995526, 0.0928376151, 2704.3548, 2633.9194, 769.3300, 20.2010
2025-11-27 23:16:10, 0.0490276706, 0.0569328307, 0.0559391479, 0.0664772046, 3021.0317, 2956.9048, 761.5350, 16.8220
2025-11-27 23:16:16, 0.0881030816, 0.0598393791, 0.0600143023, 0.0599922265, 2657.0000, 2614.3182, 763.0150, 18.4576
2025-11-27 23:16:21, 0.0771704983, 0.0705806024, 0.0768677479, 0.0827690437, 2933.3026, 2986.6974, 759.7650, 17.8748
2025-11-27 23:16:27, 0.0798788049, 0.0648241717, 0.1287973971, 0.0899143187, 2627.6852, 2706.1111, 758.5300, 20.5832
2025-11-27 23:16:33, 0.0507518147, 0.0375973948, 0.0825423934, 0.0787310707, 2850.0000, 2830.7869, 760.2300, 18.1843
2025-11-27 23:16:39, 0.0535136163, 0.0502971053, 0.0750063398, 0.0626587749, 2758.3621, 2722.2586, 758.4600, 19.5143
2025-11-27 23:16:44, 0.0506871522, 0.0466081090, 0.0743926606, 0.0759563964, 2908.7042, 2862.7887, 756.0000, 20.1851
2025-11-27 23:16:50, 0.0567481848, 0.0530150915, 0.0595093910, 0.0582254726, 2785.7838, 2646.2432, 752.8950, 17.8646
2025-11-27 23:16:56, 0.0776442815, 0.0675491160, 0.0295644548, 0.0320636866, 2719.6667, 2594.1000, 751.2300, 16.5873
2025-11-27 23:17:02, 0.0605652872, 0.0422211996, 0.0646188661, 0.0619442321, 3031.3600, 2810.3200, 752.6500, 18.3700
2025-11-27 23:17:08, 0.0567255444, 0.0447997185, 0.0554882150, 0.0572316270, 2975.1111, 2825.9683, 752.5100, 16.0019
2025-11-27 23:17:13, 0.0494779193, 0.0485203712, 0.0618625895, 0.0468605994, 2973.8621, 2838.7931, 752.9250, 17.3043
2025-11-27 23:17:19, 0.0497646354, 0.0539782092, 0.0515864128, 0.0536901220, 2780.7937, 2764.4286, 755.2700, 18.8674
2025-11-27 23:17:25, 0.0821848184, 0.0667581819, 0.0659826953, 0.0644715701, 2878.7451, 2965.0000, 753.7000, 18.9584
2025-11-27 23:17:30, 0.0556496903, 0.0430868335, 0.0459987004, 0.0457667919, 2952.0294, 2812.0588, 754.4100, 18.0671
2025-11-27 23:17:36, 0.0440030694, 0.0461528127, 0.0493281936, 0.0550687937, 2689.1053, 2675.1316, 755.0150, 21.5770
2025-11-27 23:17:42, 0.0363310519, 0.0290378774, 0.0786649279, 0.0628316486, 2821.9538, 2618.7538, 754.2000, 18.2135
2025-11-27 23:17:48, 0.0510389742, 0.0515312300, 0.0551744243, 0.0470515320, 2939.6111, 2760.5185, 754.1500, 17.8580
2025-11-27 23:17:53, 0.0411686347, 0.0334408601, 0.0535583770, 0.0411076322, 2788.8615, 2648.2000, 756.1700, 18.0608
2025-11-27 23:17:59, 0.0325062864, 0.0539297355, 0.0593495724, 0.0709614315, 2808.4921, 2698.4603, 758.3000, 19.4430
2025-11-27 23:18:05, 0.0507112717, 0.0403692114, 0.0441759310, 0.0493269638, 2657.2917, 2543.4792, 760.5500, 18.5943
2025-11-27 23:18:11, 0.0555419843, 0.0446589638, 0.0514724744, 0.0440266124, 2837.7089, 2679.1519, 762.5700, 18.4276
2025-11-27 23:18:17, 0.0508974162, 0.0492881315, 0.0373456833, 0.0332560632, 2738.7231, 2612.1692, 764.1550, 19.8132
2025-11-27 23:18:22, 0.0333872427, 0.0307254129, 0.0444494547, 0.0449531782, 2915.0606, 2746.2121, 763.4150, 18.3372
2025-11-27 23:18:28, 0.0268368286, 0.0222118915, 0.0465588990, 0.0637229591, 2872.6849, 2695.3836, 761.0200, 19.4471
2025-11-27 23:18:34, 0.0232274023, 0.0219674653, 0.0701995080, 0.0679110742, 2726.9634, 2591.4390, 763.4350, 18.8747
2025-11-27 23:18:39, 0.0321236711, 0.0289807528, 0.0714059693, 0.0429367792, 2853.4627, 2634.1194, 765.0950, 18.7664
2025-11-27 23:18:45, 0.0270959600, 0.0215914877, 0.0733924202, 0.0619016589, 2638.9452, 2449.0959, 760.3700, 20.3193
2025-11-27 23:18:51, 0.0224072242, 0.0199535465, 0.0564483623, 0.0577168366, 2671.3167, 2523.7833, 762.9050, 17.4701
2025-11-27 23:18:57, 0.0239510312, 0.0197442030, 0.0634882765, 0.0420787983, 2771.3433, 2609.8955, 763.3200, 18.1179
2025-11-27 23:19:02, 0.0246099412, 0.0232091218, 0.0762916152, 0.0527739741, 2542.5286, 2420.9143, 763.4000, 17.7646
2025-11-27 23:19:08, 0.0276659022, 0.0344771690, 0.0669192806, 0.0627704093, 2841.5556, 2610.0864, 763.4400, 17.1970
2025-11-27 23:19:14, 0.0252860984, 0.0215333995, 0.0642089940, 0.0436533229, 2751.1605, 2585.6049, 763.4500, 16.8576
2025-11-27 23:19:19, 0.0396214870, 0.0308466201, 0.0534803592, 0.0508060508, 2696.3922, 2648.6275, 760.3850, 19.8821
2025-11-27 23:19:25, 0.0228747449, 0.0247456551, 0.0805307688, 0.0887766087, 2974.7532, 2759.1429, 762.9450, 17.8533
2025-11-27 23:19:31, 0.0345354153, 0.0260205818, 0.0351734596, 0.0458850440, 2674.1867, 2450.5467, 762.1750, 17.2839
2025-11-27 23:19:37, 0.0413364921, 0.0416902874, 0.0655997996, 0.0595236976, 2751.3205, 2613.8974, 761.4650, 18.8883
2025-11-27 23:19:42, 0.0425793396, 0.0313678377, 0.0613606901, 0.0352965343, 2806.9545, 2707.2424, 762.0200, 18.1609
2025-11-27 23:19:48, 0.0299836054, 0.0346430415, 0.0593722468, 0.0513728678, 2680.3291, 2621.2405, 763.1100, 17.0716
2025-11-27 23:19:54, 0.0390087308, 0.0439097493, 0.0747487545, 0.0530201917, 2876.2025, 2707.6456, 761.6300, 18.1144
2025-11-27 23:20:00, 0.0368487093, 0.0276522637, 0.0589307309, 0.0436147294, 2807.3429, 2547.2857, 762.5100, 18.5685
2025-11-27 23:20:06, 0.0335998041, 0.0264598173, 0.0783040655, 0.0643802029, 2797.4267, 2599.9467, 762.9900, 18.2872
2025-11-27 23:20:11, 0.0351254773, 0.0343445876, 0.0479300988, 0.0549815346, 2749.3421, 2654.8684, 762.7000, 17.9522
2025-11-27 23:20:17, 0.0403629519, 0.0410461977, 0.0647604332, 0.0461231016, 2794.6818, 2744.2273, 765.4650, 19.9569
2025-11-27 23:20:23, 0.0357251583, 0.0332049650, 0.0631637430, 0.0577820425, 2860.1944, 2642.9722, 763.8300, 16.5539
2025-11-27 23:20:28, 0.0422588155, 0.0392178755, 0.0431868236, 0.0381929735, 2843.5352, 2753.0704, 762.4700, 17.2043
2025-11-27 23:20:34, 0.0452411453, 0.0386003890, 0.1140212470, 0.0851935713, 2740.5556, 2637.4306, 764.0150, 17.7594
2025-11-27 23:20:40, 0.0518329674, 0.0463946736, 0.0746160554, 0.0616068581, 2785.7838, 2697.8784, 760.9550, 18.5697
2025-11-27 23:20:45, 0.0529114322, 0.0394699005, 0.0961312393, 0.0830854085, 2763.1930, 2627.8772, 763.1250, 18.0513
2025-11-27 23:20:51, 0.0335201440, 0.0315637157, 0.0678464667, 0.0670053524, 2626.7538, 2606.0308, 763.5050, 18.3663
2025-11-27 23:20:57, 0.0355725017, 0.0254605730, 0.0663949255, 0.0689998773, 2773.7000, 2713.7000, 763.3600, 15.9280
2025-11-27 23:21:03, 0.0310387551, 0.0270433402, 0.0936886426, 0.0975429039, 2779.7403, 2678.0519, 763.2600, 17.7604
2025-11-27 23:21:08, 0.0276753055, 0.0225329617, 0.0901474196, 0.0674721435, 2907.7976, 2690.6071, 764.9650, 15.1810
2025-11-27 23:21:14, 0.0275570658, 0.0258289305, 0.0839041845, 0.0771262834, 2515.2895, 2443.5789, 763.4900, 19.7874
2025-11-27 23:21:20, 0.0344851107, 0.0306943589, 0.0642425007, 0.0674073814, 2870.1333, 2791.0800, 764.1400, 18.2989
2025-11-27 23:21:25, 0.0370310791, 0.0340493139, 0.0710644004, 0.0654604070, 2720.4267, 2648.6400, 762.0850, 16.2175
2025-11-27 23:21:31, 0.0378715415, 0.0281358981, 0.0912898554, 0.0881686986, 2730.7761, 2697.7463, 760.5750, 18.8916
2025-11-27 23:21:37, 0.0242482639, 0.0244078373, 0.0774488827, 0.0502733148, 2833.1316, 2562.2105, 756.0250, 17.3875
2025-11-27 23:21:42, 0.0285663915, 0.0298737925, 0.0697894190, 0.0879473148, 2888.8800, 2753.4000, 762.3650, 17.4600
2025-11-27 23:21:48, 0.0305321274, 0.0241089499, 0.0614894060, 0.0737163464, 2725.4773, 2628.9318, 758.2300, 18.1727
2025-11-27 23:21:54, 0.0277273914, 0.0253413459, 0.0799616592, 0.0720436838, 2917.9538, 2579.4154, 759.7850, 17.9816
2025-11-27 23:22:00, 0.0317623422, 0.0281621746, 0.0875931219, 0.0721183660, 2746.5500, 2632.8250, 757.8050, 16.0289
2025-11-27 23:22:05, 0.0317248138, 0.0267903608, 0.1078760428, 0.0853063119, 2667.1566, 2581.2289, 759.4150, 16.3203
2025-11-27 23:22:11, 0.0242936840, 0.0215499022, 0.0729124243, 0.0745010226, 2899.4935, 2733.7922, 758.0650, 17.3064
2025-11-27 23:22:17, 0.0290090447, 0.0233410349, 0.0796103546, 0.0697875204, 2747.5405, 2571.6757, 759.7600, 18.5952
2025-11-27 23:22:23, 0.0306443606, 0.0239151674, 0.0589724827, 0.0785192696, 2655.6479, 2481.4930, 756.6200, 17.2712
2025-11-27 23:22:28, 0.0503431313, 0.0390566505, 0.0852551763, 0.0740606702, 2985.9825, 2849.1754, 755.1300, 18.4172
2025-11-27 23:22:34, 0.0541101557, 0.0435133320, 0.0726730590, 0.0605152748, 2856.5522, 2763.3731, 753.6450, 17.5431
2025-11-27 23:22:40, 0.0319106060, 0.0341521826, 0.0860315411, 0.0534991963, 2889.0845, 2730.5915, 749.5200, 19.0714
2025-11-27 23:22:45, 0.0392625679, 0.0311067363, 0.0911583673, 0.0793006731, 2740.9143, 2642.9143, 754.9900, 20.1124
2025-11-27 23:22:51, 0.0348312607, 0.0258710872, 0.0843961338, 0.0714877115, 2913.7917, 2720.7778, 756.0100, 18.0142
2025-11-27 23:22:58, 0.0262557844, 0.0245080291, 0.0956429675, 0.0772459837, 2844.2532, 2604.0253, 752.8500, 19.0312
2025-11-27 23:23:04, 0.0266697647, 0.0302577755, 0.0895180242, 0.1075897271, 2599.7576, 2548.8939, 755.3900, 18.2920
2025-11-27 23:23:09, 0.0274771833, 0.0232795094, 0.0650169022, 0.0728077319, 2737.1839, 2694.9770, 754.9900, 18.3935
2025-11-27 23:23:15, 0.0264984470, 0.0184089837, 0.0766887637, 0.0880509784, 2728.7692, 2553.4462, 752.2750, 16.9770
2025-11-27 23:23:21, 0.0337649180, 0.0312837504, 0.0774466109, 0.0720704139, 2880.8750, 2648.3875, 755.9050, 17.1227
2025-11-27 23:23:26, 0.0287025554, 0.0306207448, 0.0611693962, 0.0630353813, 2676.6322, 2636.4713, 756.3200, 19.0236
2025-11-27 23:23:32, 0.0295801471, 0.0253843444, 0.0599610181, 0.0424851416, 2739.2388, 2492.6567, 754.8350, 18.1124
2025-11-27 23:23:38, 0.0267693987, 0.0203697271, 0.0633944224, 0.0540781943, 2682.7590, 2531.5301, 755.2400, 19.6546
2025-11-27 23:23:44, 0.0327878467, 0.0288640097, 0.0503091421, 0.0369783749, 2851.7432, 2704.5676, 755.7000, 16.9838
2025-11-27 23:23:49, 0.0270554356, 0.0259435592, 0.0650108125, 0.0647030950, 2701.5176, 2561.4706, 756.8200, 18.0341
2025-11-27 23:23:55, 0.0297097866, 0.0258075174, 0.0575383777, 0.0502906467, 2827.4118, 2718.7941, 754.9200, 20.1959
2025-11-27 23:24:01, 0.0310437311, 0.0260866962, 0.0318813016, 0.0410414619, 2723.6667, 2549.9130, 759.4300, 19.8790
2025-11-27 23:24:06, 0.0351732015, 0.0248883416, 0.0551117106, 0.0300104017, 2912.7969, 2593.7812, 761.0500, 20.3992
2025-11-27 23:24:12, 0.0368726278, 0.0264428133, 0.0455332933, 0.0505457741, 2705.9048, 2669.0000, 761.6650, 18.4906
2025-11-27 23:24:18, 0.0408692367, 0.0280668841, 0.0545411557, 0.0428778297, 2727.7473, 2557.0220, 762.7650, 20.5998
2025-11-27 23:24:23, 0.0452531203, 0.0438269961, 0.0607198692, 0.0703785184, 2721.4833, 2648.3833, 760.2450, 18.5196
2025-11-27 23:24:29, 0.0499087613, 0.0529256004, 0.0740817262, 0.0592656805, 2718.4762, 2591.0476, 761.2800, 20.1562
2025-11-27 23:24:35, 0.0507101229, 0.0490253525, 0.0703369024, 0.0436585724, 2812.6951, 2733.3902, 761.4400, 18.3703
2025-11-27 23:24:41, 0.0408344702, 0.0330905581, 0.0693488896, 0.0701399714, 3048.0000, 2819.6500, 761.0200, 19.0908
2025-11-27 23:24:46, 0.0272785426, 0.0194778729, 0.0956901063, 0.0903899130, 2810.1325, 2625.9157, 761.2700, 20.4689
2025-11-27 23:24:52, 0.0283004561, 0.0230942468, 0.0718886319, 0.0679947499, 2867.0000, 2620.9155, 760.8650, 20.1012
2025-11-27 23:24:57, 0.0311006773, 0.0221383566, 0.0706739457, 0.0550949570, 2878.8429, 2612.2429, 757.5900, 21.0486
2025-11-27 23:25:03, 0.0308149097, 0.0305242118, 0.0781482926, 0.0805315702, 2685.1077, 2625.4615, 757.4850, 20.4000
2025-11-27 23:25:09, 0.0341023193, 0.0313086500, 0.0813750006, 0.0756821970, 2866.3600, 2646.3333, 760.6250, 18.9102
2025-11-27 23:25:15, 0.0357480246, 0.0377124683, 0.0667957524, 0.0637016654, 2761.7049, 2654.4426, 759.8550, 18.3301
2025-11-27 23:25:20, 0.0400798274, 0.0417916973, 0.0506649182, 0.0445086732, 2882.2167, 2689.5167, 759.2250, 18.8134
2025-11-27 23:25:26, 0.0369936905, 0.0327400430, 0.0544127082, 0.0482404859, 2941.6765, 2802.8971, 758.8600, 18.1196
2025-11-27 23:25:32, 0.0296502086, 0.0301742446, 0.0707438015, 0.0677212810, 2907.5672, 2674.2836, 757.4400, 18.8018
2025-11-27 23:25:38, 0.0330099565, 0.0276243403, 0.0860884822, 0.0740300604, 2812.3472, 2696.0139, 755.0250, 18.1572
2025-11-27 23:25:44, 0.0481865088, 0.0580620384, 0.0596856833, 0.0469255166, 2906.3393, 2741.3571, 757.9700, 17.0455
2025-11-27 23:25:50, 0.0364427626, 0.0356518319, 0.0637334745, 0.0607683820, 2749.8824, 2666.8235, 755.7050, 18.7203
2025-11-27 23:25:55, 0.0591133350, 0.0407471488, 0.0602315307, 0.0725897988, 2872.0294, 2840.6618, 757.2750, 17.8958
2025-11-27 23:26:01, 0.0844527491, 0.0607691109, 0.0656624887, 0.0618736026, 2643.5357, 2649.1429, 756.7900, 18.3607
2025-11-27 23:26:07, 0.0390387623, 0.0367151379, 0.0753541734, 0.0799407144, 2772.3455, 2639.6182, 757.0300, 17.5721
2025-11-27 23:26:13, 0.0469335524, 0.0387895783, 0.0557395760, 0.0421584332, 2666.4627, 2674.0299, 756.6600, 19.2191
2025-11-27 23:26:18, 0.0508220158, 0.0454934900, 0.0543021818, 0.0445800148, 2834.2167, 2668.8500, 756.0850, 19.2893
2025-11-27 23:26:24, 0.0478472627, 0.0436048972, 0.0703863468, 0.0685996848, 2726.0735, 2606.1618, 757.3950, 16.6976
2025-11-27 23:26:30, 0.0445915092, 0.0456062434, 0.0690919046, 0.0759754413, 3062.9219, 2971.5156, 755.9500, 18.0141
2025-11-27 23:26:35, 0.0476181667, 0.0567357911, 0.0743010794, 0.0652163147, 2781.6667, 2662.8788, 755.8900, 15.1825
2025-11-27 23:26:41, 0.0493266705, 0.0347354815, 0.0748196147, 0.0636210625, 2710.7258, 2568.6613, 759.1200, 17.8201
2025-11-27 23:26:47, 0.0348632667, 0.0366281271, 0.0669942685, 0.0695045555, 2731.0758, 2869.0303, 759.5150, 18.5879
2025-11-27 23:26:52, 0.0292897336, 0.0234282709, 0.0831901238, 0.0845296289, 2805.2456, 2580.4912, 757.9500, 17.1271
2025-11-27 23:26:58, 0.0329616120, 0.0253784574, 0.1428288388, 0.1034911199, 2658.6338, 2657.4930, 759.0200, 15.7762
2025-11-27 23:27:04, 0.0201357904, 0.0201090173, 0.0777777390, 0.0552188344, 2802.3415, 2558.8293, 758.6350, 17.7545
2025-11-27 23:27:10, 0.0279202994, 0.0197009258, 0.0671946266, 0.0502650930, 2809.1519, 2566.8101, 757.1700, 16.9228
2025-11-27 23:27:15, 0.0277483043, 0.0220988606, 0.0901612365, 0.0773098112, 2673.1746, 2584.8095, 755.5200, 17.2994
2025-11-27 23:27:21, 0.0252488638, 0.0215013184, 0.0646256615, 0.0626373217, 2611.7200, 2497.5200, 751.2650, 18.4831
2025-11-27 23:27:27, 0.0329261317, 0.0273227965, 0.0652433402, 0.0592156375, 2776.2182, 2586.7636, 755.7750, 18.2380
2025-11-27 23:27:32, 0.0243588887, 0.0188474348, 0.0718897198, 0.0715464578, 2681.1324, 2584.1029, 752.3250, 18.3079
2025-11-27 23:27:38, 0.0306244525, 0.0272694018, 0.0465849525, 0.0380518639, 2777.0000, 2602.5294, 756.2750, 17.8019
2025-11-27 23:27:44, 0.0242225356, 0.0217847622, 0.0703166886, 0.0698394065, 2697.2254, 2588.9577, 754.4900, 18.7979
2025-11-27 23:27:50, 0.0310079061, 0.0248984572, 0.0866738883, 0.0656097710, 2882.3611, 2791.0694, 750.3750, 18.6071
2025-11-27 23:27:55, 0.0258891827, 0.0268322585, 0.0723398583, 0.0724725242, 2883.8800, 2688.2800, 754.3350, 18.3813
2025-11-27 23:28:01, 0.0254269436, 0.0197957547, 0.0605270925, 0.0545422145, 2813.8904, 2674.3014, 755.1400, 16.8375
2025-11-27 23:28:07, 0.0233461909, 0.0227915613, 0.0528965261, 0.0474058341, 2917.1579, 2644.5474, 753.2600, 17.4972
2025-11-27 23:28:13, 0.0282257093, 0.0216985176, 0.0419806864, 0.0452073152, 2764.0909, 2444.4091, 752.3650, 18.1998
2025-11-27 23:28:19, 0.0440791975, 0.0333374597, 0.0581973313, 0.0669146006, 2671.9853, 2583.5735, 753.8600, 16.7917
2025-11-27 23:28:24, 0.0332994225, 0.0326260713, 0.0638985054, 0.0483049945, 2631.9701, 2519.6716, 752.0600, 16.9855
2025-11-27 23:28:30, 0.0363947830, 0.0273873769, 0.0425435316, 0.0388461414, 2952.3210, 2701.0741, 753.8850, 19.4962
2025-11-27 23:28:36, 0.0329013250, 0.0362823509, 0.0519414840, 0.0352896202, 2902.0556, 2722.3333, 754.2400, 20.4326
2025-11-27 23:28:42, 0.0354679321, 0.0437990459, 0.0556227385, 0.0600024534, 2806.4828, 2649.0000, 753.2950, 17.8932
2025-11-27 23:28:47, 0.0286072435, 0.0317641924, 0.0861845320, 0.0800734378, 2662.7763, 2635.9868, 751.9000, 18.4139
2025-11-27 23:28:53, 0.0318531921, 0.0248788621, 0.0765228373, 0.0661168566, 2906.5769, 2724.1538, 754.0750, 19.0560
2025-11-27 23:28:59, 0.0401341660, 0.0257018490, 0.0617924600, 0.0406300064, 2967.8382, 2672.2941, 755.7600, 18.1935
2025-11-27 23:29:04, 0.0249981260, 0.0214961824, 0.0764993239, 0.0541338531, 2907.2500, 2607.7083, 757.2000, 18.6172
2025-11-27 23:29:10, 0.0305654071, 0.0301879811, 0.0735141146, 0.0549083836, 2823.8382, 2566.5294, 753.7850, 19.5476
2025-11-27 23:29:16, 0.0370956004, 0.0379081576, 0.0729366588, 0.0688174832, 2842.7973, 2861.7973, 758.1550, 18.4689
2025-11-27 23:29:22, 0.0267521029, 0.0289518373, 0.0738261865, 0.0624076619, 2736.9636, 2467.8000, 758.4400, 18.5029
2025-11-27 23:29:27, 0.0289123215, 0.0329032610, 0.0633051654, 0.0555480950, 2594.1067, 2493.4400, 758.3750, 18.5498
2025-11-27 23:29:33, 0.0218156799, 0.0187070789, 0.0626414437, 0.0686278919, 2657.3625, 2594.9875, 756.0350, 17.8864
2025-11-27 23:29:39, 0.0201675443, 0.0234048333, 0.0924105768, 0.0839913612, 2735.5753, 2502.9589, 759.1100, 18.7930
2025-11-27 23:29:45, 0.0301839514, 0.0272859574, 0.0452335390, 0.0515786053, 2747.4865, 2622.6081, 757.8800, 18.1677
2025-11-27 23:29:50, 0.0286599679, 0.0274143388, 0.0568105996, 0.0621174767, 2764.8824, 2609.2588, 755.7300, 18.9369
2025-11-27 23:29:56, 0.0363546032, 0.0336618667, 0.0859404710, 0.0587624174, 2770.5493, 2706.1127, 756.8150, 17.7000
2025-11-27 23:30:02, 0.0357734538, 0.0394874290, 0.0686626932, 0.0600609979, 2751.5714, 2728.4762, 755.8700, 17.8388
2025-11-27 23:30:08, 0.0407801115, 0.0397514553, 0.0698467729, 0.0491954372, 2884.8136, 2732.5254, 755.1850, 19.9745
2025-11-27 23:30:13, 0.0334822430, 0.0241292769, 0.0507804842, 0.0454454508, 2941.7808, 2663.2055, 754.9500, 18.4246
2025-11-27 23:30:19, 0.0427760936, 0.0301091161, 0.0484823224, 0.0519034022, 2769.1538, 2652.0154, 757.5250, 20.1869
2025-11-27 23:30:25, 0.0380381248, 0.0368785305, 0.0528164005, 0.0481649554, 2753.9565, 2647.0725, 754.9950, 18.4050
2025-11-27 23:30:31, 0.0427031607, 0.0301015345, 0.0505308513, 0.0647521994, 2699.5758, 2644.7879, 758.4650, 18.7237
2025-11-27 23:30:36, 0.0280144050, 0.0322578741, 0.0687425578, 0.0562482213, 2843.1493, 2592.5522, 756.8500, 18.6276
2025-11-27 23:30:42, 0.0312245631, 0.0206527033, 0.0619198601, 0.0575164435, 2700.1639, 2636.3115, 758.8250, 18.6988
2025-11-27 23:30:48, 0.0303719122, 0.0249203730, 0.0976028344, 0.0561419730, 2843.5385, 2601.1231, 757.2100, 18.6469
2025-11-27 23:30:54, 0.0282171478, 0.0261163422, 0.1008285413, 0.0735034367, 2765.7763, 2676.3421, 754.0200, 19.9110
2025-11-27 23:30:59, 0.0277558808, 0.0302534478, 0.0982778037, 0.0768471199, 2757.6757, 2632.1216, 757.9450, 19.3601
2025-11-27 23:31:05, 0.0288681882, 0.0306442670, 0.0726086442, 0.0887031985, 2880.6545, 2742.7818, 754.9550, 18.6682
2025-11-27 23:31:10, 0.0299812735, 0.0280688779, 0.0639944793, 0.0891749743, 2531.3182, 2456.8485, 755.0150, 18.4210
2025-11-27 23:31:16, 0.0322757050, 0.0274839309, 0.0746257102, 0.0609825939, 2766.5797, 2748.0725, 757.9750, 17.9233
2025-11-27 23:31:22, 0.0334253244, 0.0298371559, 0.0945967299, 0.1093315520, 2838.9583, 2806.7222, 758.4150, 18.4020
2025-11-27 23:31:28, 0.0243646106, 0.0253264816, 0.0813556144, 0.0820881912, 2419.3016, 2438.1905, 758.5950, 19.7120
2025-11-27 23:31:33, 0.0419070048, 0.0275922952, 0.0853400351, 0.0762431800, 2806.8333, 2765.9000, 764.9750, 18.2736
2025-11-27 23:31:39, 0.0411998214, 0.0243940148, 0.0557823919, 0.0570164644, 2692.0986, 2660.7042, 763.2400, 18.9328
2025-11-27 23:31:45, 0.0316966556, 0.0271772479, 0.0714099725, 0.0571455882, 2712.6885, 2622.7377, 761.1850, 18.4046
2025-11-27 23:31:50, 0.0255316909, 0.0222141532, 0.0824589625, 0.0457464505, 2757.4524, 2534.4524, 763.1350, 20.5379
2025-11-27 23:31:56, 0.0346715880, 0.0289191846, 0.0514988291, 0.0587951803, 2749.9176, 2549.1294, 765.3400, 16.5346
2025-11-27 23:32:02, 0.0270638085, 0.0311782565, 0.0593529644, 0.0507886754, 2763.2000, 2535.8727, 764.9800, 16.9546
2025-11-27 23:32:08, 0.0292618756, 0.0297825774, 0.0496512385, 0.0426980106, 2671.7250, 2504.2625, 764.3150, 19.0747
2025-11-27 23:32:13, 0.0293561108, 0.0280154109, 0.0637860155, 0.0571736642, 2655.0164, 2432.8525, 762.6350, 18.5435
2025-11-27 23:32:19, 0.0259561708, 0.0226623874, 0.0653388997, 0.0715184817, 2954.9756, 2722.5732, 763.7550, 17.2819
2025-11-27 23:32:25, 0.0312107750, 0.0255109976, 0.0790651703, 0.0531841849, 2670.2674, 2519.3721, 763.1150, 18.0372
2025-11-27 23:32:31, 0.0366853065, 0.0237550910, 0.0740772706, 0.0629079292, 2816.7097, 2807.7903, 764.2550, 20.2911
2025-11-27 23:32:37, 0.0245815729, 0.0225937962, 0.0730750142, 0.0610129926, 2740.5513, 2541.9359, 766.4050, 18.4464
2025-11-27 23:32:42, 0.0271265194, 0.0215471589, 0.1190061100, 0.0725050056, 2983.5000, 2618.1628, 764.9550, 17.5571
2025-11-27 23:32:48, 0.0302512307, 0.0312507783, 0.0792294476, 0.0705667360, 2843.8615, 2728.0462, 761.0950, 18.9630
2025-11-27 23:32:54, 0.0213459603, 0.0205864779, 0.0655789067, 0.0687031812, 2757.3582, 2571.8657, 764.1200, 19.8612
2025-11-27 23:33:00, 0.0271724738, 0.0237161269, 0.1122849605, 0.1110179231, 2877.7561, 2703.8537, 766.5150, 17.7121
2025-11-27 23:33:05, 0.0295933332, 0.0255154699, 0.0860970476, 0.0801463879, 2710.0870, 2643.6522, 762.7750, 17.2463
2025-11-27 23:33:11, 0.0255124427, 0.0208051772, 0.1026462299, 0.1147076151, 2760.0476, 2713.9365, 765.3700, 19.0032
2025-11-27 23:33:17, 0.0338891388, 0.0248565091, 0.0597208938, 0.0666025539, 2780.4516, 2707.1613, 763.6850, 18.1575
2025-11-27 23:33:23, 0.0262016136, 0.0337424107, 0.0645398328, 0.0522483019, 2769.8939, 2714.2727, 755.6300, 17.7824
2025-11-27 23:33:28, 0.0277885650, 0.0355776291, 0.0642502486, 0.0664753625, 2704.8393, 2609.7321, 758.2150, 17.4487
2025-11-27 23:33:34, 0.0406422964, 0.0303429571, 0.0523203892, 0.0686809777, 2796.1129, 2727.0484, 755.9950, 17.7999
2025-11-27 23:33:40, 0.0365000372, 0.0389404778, 0.0562206133, 0.0595988751, 2882.7037, 2854.5741, 758.5500, 17.7033
2025-11-27 23:33:46, 0.0355085879, 0.0285344572, 0.0520733738, 0.0560964106, 2732.8276, 2622.0517, 757.3150, 18.4219
2025-11-27 23:33:51, 0.0285337207, 0.0178068336, 0.0984931240, 0.0749956298, 2953.3544, 2670.8354, 759.1150, 17.7598
2025-11-27 23:33:57, 0.0170227501, 0.0169744245, 0.0748830518, 0.0745708242, 2629.2105, 2566.6447, 758.5150, 17.6621
2025-11-27 23:34:02, 0.0238089316, 0.0205765369, 0.0825700934, 0.0627811341, 2824.8462, 2723.5897, 759.6350, 18.4714
2025-11-27 23:34:08, 0.0233959748, 0.0188025796, 0.0934494802, 0.0669049459, 2616.6941, 2515.9412, 765.6400, 16.8722
2025-11-27 23:34:14, 0.0236801758, 0.0210092710, 0.0914996840, 0.0798512324, 2712.5116, 2639.5465, 760.3150, 18.5501
2025-11-27 23:34:20, 0.0324816443, 0.0286460721, 0.0479387064, 0.0489304270, 2787.0125, 2672.1625, 757.7950, 17.0113
2025-11-27 23:34:26, 0.0305097706, 0.0251388082, 0.0624794199, 0.0572005181, 2832.7714, 2703.4000, 758.9050, 17.5993
2025-11-27 23:34:31, 0.0399163548, 0.0300820825, 0.0590260408, 0.0535753339, 2818.8974, 2709.7821, 760.9250, 16.8799
2025-11-27 23:34:37, 0.0540353410, 0.0366061174, 0.0449420181, 0.0467929840, 2801.5972, 2771.0000, 758.0450, 18.1114
2025-11-27 23:34:43, 0.0246326909, 0.0225604057, 0.0648204364, 0.0781753428, 2709.8143, 2604.1429, 755.2700, 18.9941
2025-11-27 23:34:49, 0.0293864983, 0.0250645394, 0.0749403775, 0.0705741196, 2725.4068, 2666.6780, 756.8250, 18.4736
2025-11-27 23:34:54, 0.0298158465, 0.0311409875, 0.0585529012, 0.0731455402, 2596.4675, 2629.6104, 758.2300, 19.0585
2025-11-27 23:35:00, 0.0194581582, 0.0161250773, 0.0898241114, 0.0574390121, 2669.7527, 2447.4194, 758.4100, 22.2439
2025-11-27 23:35:05, 0.0200016270, 0.0168509387, 0.0809181117, 0.0659650997, 2817.8500, 2571.8000, 756.7650, 18.1543
2025-11-27 23:35:11, 0.0197043938, 0.0137044655, 0.0870346224, 0.0710345239, 2803.9710, 2528.9420, 755.0400, 17.2565
2025-11-27 23:35:17, 0.0232298301, 0.0213088319, 0.0958946242, 0.0679382002, 2828.2400, 2725.2000, 758.0000, 17.3707
2025-11-27 23:35:23, 0.0318780596, 0.0253947067, 0.0660607113, 0.0921492263, 2862.9062, 2804.2500, 754.1200, 17.6623
2025-11-27 23:35:29, 0.0417689668, 0.0291710551, 0.0595438460, 0.0451780863, 3007.2432, 2884.8784, 752.2950, 18.7773
2025-11-27 23:35:34, 0.0362756502, 0.0351700289, 0.0605735484, 0.0356312077, 2911.9844, 2658.7500, 754.2200, 17.4483
2025-11-27 23:35:40, 0.0379578681, 0.0374848971, 0.0709826339, 0.0741738086, 2983.2464, 2797.4493, 755.5500, 17.7960
2025-11-27 23:35:46, 0.0353288069, 0.0336638360, 0.0478766896, 0.0328985601, 2902.6129, 2682.6129, 756.9050, 17.4332
2025-11-27 23:35:51, 0.0357293781, 0.0260364488, 0.0490004506, 0.0595264700, 2789.9265, 2689.1765, 757.5300, 20.0282
2025-11-27 23:35:57, 0.0314258439, 0.0238352623, 0.0624829032, 0.0452341534, 2791.4500, 2539.5250, 759.5350, 19.7519
2025-11-27 23:36:03, 0.0239564598, 0.0226654090, 0.0686749211, 0.0612854284, 2695.7910, 2469.1194, 755.5400, 18.0515
2025-11-27 23:36:08, 0.0282771276, 0.0212700943, 0.0641150368, 0.0629276478, 2921.0615, 2755.8462, 759.4300, 19.6564
2025-11-27 23:36:14, 0.0354095502, 0.0265785425, 0.0591674458, 0.0380570483, 2699.1842, 2601.7500, 758.5850, 20.4285
2025-11-27 23:36:20, 0.0273824032, 0.0336866846, 0.0608014723, 0.0481112599, 2845.1017, 2769.3898, 758.1850, 16.7804
2025-11-27 23:36:25, 0.0550663335, 0.0441451796, 0.0586029114, 0.0624014663, 2804.5616, 2652.3288, 759.7450, 19.0657
2025-11-27 23:36:31, 0.0456141875, 0.0407151312, 0.0608782114, 0.0650754049, 2794.4268, 2638.4512, 758.2600, 18.0730
2025-11-27 23:36:37, 0.0361217192, 0.0299525934, 0.0737199672, 0.0681013816, 3008.5957, 2866.5106, 760.8300, 20.9810
2025-11-27 23:36:42, 0.0436154365, 0.0379039293, 0.0705739751, 0.0707437360, 2747.0645, 2681.8548, 761.9300, 19.0891
2025-11-27 23:36:48, 0.0384231020, 0.0320805554, 0.0840958529, 0.0889324919, 2884.5082, 2703.8525, 758.7850, 18.0313
2025-11-27 23:36:53, 0.0454287114, 0.0333612391, 0.0529007017, 0.0518349972, 2731.5844, 2642.4805, 760.7650, 20.2012
2025-11-27 23:36:59, 0.0321144058, 0.0237882284, 0.0384356281, 0.0442755600, 2912.5714, 2674.5079, 758.2700, 17.7343
2025-11-27 23:37:05, 0.0293897788, 0.0258307505, 0.0778335000, 0.0560539349, 2760.1467, 2720.9067, 760.0000, 19.1492
2025-11-27 23:37:10, 0.0236142991, 0.0186105267, 0.0842343544, 0.0752028786, 2701.8000, 2557.6000, 761.3550, 19.5532
2025-11-27 23:37:16, 0.0450966951, 0.0339123803, 0.0510265047, 0.0540418013, 2764.1882, 2662.5059, 759.6700, 18.4673
2025-11-27 23:37:22, 0.0227695957, 0.0232157209, 0.0685237855, 0.0621501037, 2792.5256, 2680.8974, 756.9650, 17.4566
2025-11-27 23:37:28, 0.0349464755, 0.0268955943, 0.0522348637, 0.0645264200, 2780.9831, 2662.3729, 760.9650, 17.5406
2025-11-27 23:37:33, 0.0414284448, 0.0339728211, 0.0886767421, 0.0650386432, 3033.2466, 2801.7945, 756.1150, 17.6006
2025-11-27 23:37:39, 0.0246017100, 0.0228717352, 0.0562300689, 0.0827136074, 2952.9839, 2585.5161, 763.8850, 19.6085
2025-11-27 23:37:45, 0.0414614123, 0.0344208987, 0.0520151847, 0.0528628302, 3018.2297, 2741.0676, 756.2650, 17.6469
2025-11-27 23:37:50, 0.0380342523, 0.0470750299, 0.0547040513, 0.0415329596, 2838.5455, 2684.8030, 755.7900, 18.4663
2025-11-27 23:37:56, 0.0338637515, 0.0269272449, 0.0481866673, 0.0412201904, 2833.4795, 2726.0548, 758.8350, 19.0354
2025-11-27 23:38:02, 0.0355420245, 0.0255825617, 0.0539891428, 0.0390447290, 2941.3750, 2707.4000, 750.8050, 18.1479
2025-11-27 23:38:07, 0.0417904876, 0.0417084218, 0.0404124219, 0.0408509926, 2831.9452, 2817.4932, 751.0000, 20.1856
2025-11-27 23:38:13, 0.0296679307, 0.0250420301, 0.0364495505, 0.0429251023, 2704.8947, 2656.5395, 756.2750, 19.4031
2025-11-27 23:38:19, 0.0372727346, 0.0345878723, 0.0423524145, 0.0541946570, 2739.9306, 2754.8056, 751.6300, 17.6336
2025-11-27 23:38:26, 0.0293176713, 0.0295689524, 0.0300976448, 0.0374894800, 2828.1605, 2734.2716, 753.9000, 17.9855
2025-11-27 23:38:31, 0.0404249780, 0.0298397549, 0.0686421875, 0.0471482441, 2932.7927, 2722.4634, 753.2300, 18.7248
2025-11-27 23:38:37, 0.0291553151, 0.0359193425, 0.0431859225, 0.0449644757, 2767.2105, 2669.2632, 752.8800, 18.2457
2025-11-27 23:38:43, 0.0353316385, 0.0268714127, 0.0520665933, 0.0358322207, 2807.0506, 2569.9494, 752.3700, 17.4569
2025-11-27 23:38:48, 0.0524285791, 0.0348983899, 0.0476884810, 0.0399659449, 2798.1014, 2672.1014, 752.5900, 18.9713
2025-11-27 23:38:54, 0.0386337766, 0.0455126596, 0.0434174427, 0.0384536851, 2826.5833, 2725.0833, 756.7250, 18.7579
2025-11-27 23:39:00, 0.0475866097, 0.0393093045, 0.0419400139, 0.0410967470, 2959.7910, 2853.7313, 753.4950, 18.8101
2025-11-27 23:39:06, 0.0374226531, 0.0415143386, 0.0549541284, 0.0343569968, 2822.9355, 2593.7097, 756.5400, 16.3465
2025-11-27 23:39:11, 0.0342787877, 0.0388667809, 0.0692059472, 0.0416057390, 2730.0746, 2618.6716, 751.8450, 18.4057
2025-11-27 23:39:17, 0.0383945410, 0.0355666141, 0.0391395123, 0.0614012703, 2782.4844, 2639.7969, 756.6500, 17.7957
2025-11-27 23:39:23, 0.0515580966, 0.0394782181, 0.0490518647, 0.0341604748, 2873.4795, 2767.4658, 758.5400, 17.4109
2025-11-27 23:39:29, 0.0528542888, 0.0579114902, 0.0292012350, 0.0330427623, 2856.3077, 2688.9846, 756.4700, 17.9644
2025-11-27 23:39:34, 0.0461568752, 0.0375481329, 0.0518724553, 0.0479355507, 2805.8406, 2705.5652, 757.7450, 18.5825
2025-11-27 23:39:40, 0.0453895822, 0.0492153923, 0.0357021127, 0.0457652028, 2929.8065, 2779.6129, 758.0250, 20.4253
2025-11-27 23:39:46, 0.0583065002, 0.0376590106, 0.0400591803, 0.0381073643, 2753.3088, 2690.2941, 758.1200, 20.5406
2025-11-27 23:39:52, 0.0494068720, 0.0464826647, 0.0393027806, 0.0438797177, 2763.6849, 2637.4795, 757.1900, 17.9447
2025-11-27 23:39:57, 0.0657601006, 0.0503862965, 0.0530808977, 0.0444539221, 2985.5484, 2789.4194, 763.8950, 18.4207
2025-11-27 23:40:03, 0.0508519990, 0.0592068667, 0.0556444358, 0.0530756145, 2697.6912, 2667.4118, 762.6400, 18.5766
2025-11-27 23:40:09, 0.0719832441, 0.0616239776, 0.0468122672, 0.0463079489, 2990.0317, 2876.5873, 765.0400, 16.7248
2025-11-27 23:40:15, 0.0569490137, 0.0426263927, 0.0463935940, 0.0427138966, 2798.6066, 2715.1967, 769.0050, 19.0107
2025-11-27 23:40:20, 0.0479122328, 0.0543456270, 0.0522486857, 0.0504611923, 2867.1207, 2712.8448, 766.9450, 20.5449
2025-11-27 23:40:26, 0.0515024206, 0.0456830679, 0.0610489544, 0.0676716991, 2936.7273, 2806.1667, 762.5150, 17.3873
2025-11-27 23:40:32, 0.0642351035, 0.0545622237, 0.0468604033, 0.0388446154, 2750.1446, 2584.0482, 767.5550, 18.4010
2025-11-27 23:40:38, 0.0441883239, 0.0404921803, 0.0488190886, 0.0483019585, 2959.5352, 2814.9577, 763.5900, 16.8779
2025-11-27 23:40:44, 0.0415462046, 0.0454730874, 0.0561846449, 0.0447571685, 2930.8533, 2744.0133, 761.7900, 19.0107
2025-11-27 23:40:50, 0.0834408870, 0.0665152930, 0.0625163453, 0.0900055759, 2860.9104, 2763.5224, 762.3550, 18.3423
2025-11-27 23:40:55, 0.0372758497, 0.0374393968, 0.0840166543, 0.0501513952, 2672.1972, 2552.2254, 764.0250, 18.4601
2025-11-27 23:41:01, 0.0312333603, 0.0292939898, 0.0696055563, 0.0817533310, 2717.6290, 2634.6774, 762.1600, 18.8691
2025-11-27 23:41:06, 0.0390436495, 0.0308333251, 0.0708657949, 0.0520134938, 2641.6727, 2422.2182, 764.3000, 19.3905
2025-11-27 23:41:12, 0.0370627691, 0.0319228136, 0.0980549589, 0.0724573803, 2843.6167, 2640.4167, 767.0150, 18.8161
2025-11-27 23:41:18, 0.0418588461, 0.0347742567, 0.0738504108, 0.0648442549, 2757.9118, 2636.0147, 765.8600, 20.9490
2025-11-27 23:41:24, 0.0535811018, 0.0415416369, 0.0672231898, 0.0612474639, 2991.6765, 2821.7941, 763.0900, 19.1139
2025-11-27 23:41:30, 0.0496141032, 0.0461356465, 0.0507636853, 0.0620668087, 2735.9153, 2625.0169, 761.9800, 17.6581
2025-11-27 23:41:35, 0.0530092511, 0.0446419170, 0.0616489456, 0.0478184162, 2801.8500, 2659.8500, 758.8350, 17.7332
2025-11-27 23:41:41, 0.0551032985, 0.0545095331, 0.0549164948, 0.0681334539, 2962.0862, 2828.0345, 761.0200, 18.2071
2025-11-27 23:41:47, 0.0606672690, 0.0509827966, 0.1096705151, 0.0854592065, 2977.8923, 2871.6923, 761.1400, 18.8489
2025-11-27 23:41:53, 0.0648028050, 0.0485824046, 0.0537027093, 0.0537998579, 2860.0312, 2778.9531, 759.7050, 18.4729
2025-11-27 23:41:59, 0.0502844548, 0.0456554264, 0.0892317722, 0.0428820694, 2792.7119, 2615.7966, 758.6750, 17.6711
2025-11-27 23:42:04, 0.0439562701, 0.0461014255, 0.0556473370, 0.0504341334, 2727.0857, 2635.1571, 757.5500, 18.9142
2025-11-27 23:42:10, 0.0554381025, 0.0401147681, 0.0801401942, 0.0777032587, 2997.3860, 2738.1754, 760.5450, 18.4377
2025-11-27 23:42:16, 0.0409632368, 0.0414991016, 0.0567964858, 0.0559384038, 2694.9538, 2662.7692, 759.3000, 19.3171
2025-11-27 23:42:21, 0.0454304979, 0.0394908561, 0.0571353276, 0.0446700286, 2932.5065, 2826.3247, 761.3300, 19.3101
2025-11-27 23:42:27, 0.0564285361, 0.0512046251, 0.0514382607, 0.0431911815, 2758.1081, 2647.7973, 757.4300, 21.7238
2025-11-27 23:42:33, 0.0661985821, 0.0478710548, 0.0469493970, 0.0415787517, 2924.7606, 2852.5211, 759.7300, 18.2493
2025-11-27 23:42:39, 0.0439811658, 0.0417023556, 0.0710253125, 0.0543348119, 2866.9565, 2696.3623, 761.3000, 19.8915
2025-11-27 23:42:44, 0.0483647758, 0.0496684549, 0.0514488561, 0.0491017412, 2745.3382, 2728.4559, 762.3800, 18.0346
2025-11-27 23:42:50, 0.0363540521, 0.0329719066, 0.0839790516, 0.0870835712, 2709.5775, 2599.1972, 761.5250, 17.4599
2025-11-27 23:42:56, 0.0390487231, 0.0342872755, 0.0896814064, 0.0746329935, 2649.7273, 2599.9091, 763.5800, 17.4457
2025-11-27 23:43:02, 0.0428025525, 0.0479213500, 0.0651616273, 0.0581784131, 2782.2941, 2685.3971, 760.0200, 19.3251
2025-11-27 23:43:07, 0.0487760562, 0.0404535596, 0.0377226901, 0.0430918672, 2801.4250, 2711.5625, 762.3800, 18.4974
2025-11-27 23:43:13, 0.0579227698, 0.0506268289, 0.0407090532, 0.0398926226, 2897.7636, 2804.2909, 763.4600, 18.2395
2025-11-27 23:43:19, 0.0755687440, 0.0471800113, 0.0518102608, 0.0486502807, 2684.5172, 2623.0000, 759.4700, 19.3093
2025-11-27 23:43:25, 0.0536472726, 0.0538711579, 0.0630926009, 0.0593122954, 2914.5932, 2801.5932, 757.7000, 17.9828
2025-11-27 23:43:31, 0.0444563505, 0.0479831808, 0.0538242473, 0.0390144958, 2798.5342, 2784.3699, 758.0700, 18.4669
2025-11-27 23:43:36, 0.0702482133, 0.0659199345, 0.0443682316, 0.0449884160, 2818.6029, 2737.7353, 756.0050, 17.9492
2025-11-27 23:43:42, 0.0728325622, 0.0559009118, 0.0421392308, 0.0371268684, 2842.7736, 2651.6038, 758.1350, 18.6284
2025-11-27 23:43:48, 0.0508669479, 0.0381824108, 0.0467269816, 0.0439197897, 2826.2254, 2679.7183, 759.3350, 17.5898
2025-11-27 23:43:54, 0.0632098724, 0.0450224217, 0.0495479042, 0.0478277393, 2841.3714, 2620.5714, 761.1050, 17.2897
2025-11-27 23:44:00, 0.0372826626, 0.0397224997, 0.0602351066, 0.0438232507, 2780.9231, 2582.2154, 755.0950, 16.7130
2025-11-27 23:44:05, 0.0586429250, 0.0580512147, 0.0436765817, 0.0259201520, 2773.9194, 2642.8065, 754.4150, 19.9983
2025-11-27 23:44:11, 0.0651204519, 0.0624029865, 0.0439948283, 0.0344081997, 2814.3378, 2686.4595, 755.6900, 18.1379
2025-11-27 23:44:17, 0.0525907904, 0.0596165773, 0.0349777648, 0.0245324571, 2677.3913, 2600.1014, 754.3550, 19.4007
2025-11-27 23:44:22, 0.0368032558, 0.0371676801, 0.0582075296, 0.0522807031, 2824.9706, 2730.8382, 752.9000, 18.5892
2025-11-27 23:44:28, 0.0566365093, 0.0457006669, 0.0606696063, 0.0552867372, 2757.5652, 2708.5942, 752.3400, 19.1946
2025-11-27 23:44:34, 0.0614260647, 0.0568252998, 0.0595534870, 0.0688993099, 2715.2340, 2737.4681, 755.4050, 16.7550
2025-11-27 23:44:40, 0.0500522240, 0.0351516854, 0.0331092849, 0.0241954646, 2776.6164, 2620.9589, 754.3200, 16.9064
2025-11-27 23:44:45, 0.0501888255, 0.0406446676, 0.0639454814, 0.0507052307, 2727.9701, 2676.9851, 756.5950, 19.2016
2025-11-27 23:44:51, 0.0479061128, 0.0486351286, 0.0441253286, 0.0488559658, 2802.0000, 2737.8986, 755.5450, 19.5780
2025-11-27 23:44:57, 0.0486101695, 0.0389055897, 0.0359743575, 0.0394469315, 3005.8831, 2781.9221, 758.4900, 18.6912
2025-11-27 23:45:03, 0.0518214512, 0.0460772907, 0.0520657383, 0.0414696523, 2860.9000, 2665.9000, 760.7800, 19.2731
2025-11-27 23:45:08, 0.0490929524, 0.0413950746, 0.0659277005, 0.0624891013, 2927.2727, 2841.3788, 761.7500, 18.5612
2025-11-27 23:45:14, 0.0461797767, 0.0376705709, 0.0547699761, 0.0370480268, 2811.2273, 2632.8636, 760.0100, 17.1956
2025-11-27 23:45:20, 0.0315249222, 0.0296413660, 0.0588981071, 0.0636203780, 2788.8630, 2736.9863, 758.8050, 16.6405
2025-11-27 23:45:25, 0.0374584264, 0.0304846284, 0.0829757456, 0.0591869841, 2827.3333, 2607.2179, 761.1800, 17.9977
2025-11-27 23:45:31, 0.0253344644, 0.0228680344, 0.0601012248, 0.0468357266, 2803.2533, 2553.5733, 760.2100, 17.7853
2025-11-27 23:45:37, 0.0348203199, 0.0303532022, 0.0478005476, 0.0556188067, 2834.8500, 2727.8500, 761.5100, 18.3859
2025-11-27 23:45:43, 0.0431091007, 0.0408484414, 0.0663460103, 0.0430356126, 2841.3731, 2697.8060, 764.7400, 18.4079
2025-11-27 23:45:49, 0.0487832875, 0.0445757787, 0.0521671515, 0.0546977877, 2829.9701, 2746.6269, 759.1850, 18.5241
2025-11-27 23:45:55, 0.0431543085, 0.0417442470, 0.0929151235, 0.0737489200, 2661.0411, 2701.2192, 760.4650, 18.2546
2025-11-27 23:46:01, 0.0395807978, 0.0325496082, 0.0890253136, 0.1068702863, 2808.5942, 2771.9130, 764.9450, 18.0053
2025-11-27 23:46:07, 0.0557492974, 0.0512867780, 0.0518087849, 0.0460411344, 2976.6471, 2687.7647, 765.4650, 16.9224
2025-11-27 23:46:12, 0.0674015011, 0.0498420744, 0.0597481491, 0.0570472552, 2867.0508, 2759.7627, 759.0900, 19.7267
2025-11-27 23:46:18, 0.0385601806, 0.0302672837, 0.0446240431, 0.0426906754, 2897.5821, 2693.5075, 760.0950, 18.9179
2025-11-27 23:46:24, 0.0382643988, 0.0362870750, 0.0792255432, 0.0624457716, 2870.6377, 2630.5072, 760.3950, 18.3624
2025-11-27 23:46:29, 0.0367722320, 0.0344759149, 0.0551886362, 0.0523444896, 2713.1111, 2583.3086, 758.3950, 17.5014
2025-11-27 23:46:35, 0.0445388251, 0.0376804318, 0.0398518140, 0.0418429165, 2841.5775, 2800.8028, 754.1950, 18.8832
2025-11-27 23:46:41, 0.0557525424, 0.0433613500, 0.0441666955, 0.0301238453, 2970.1731, 2710.3654, 757.3350, 18.2229
2025-11-27 23:46:46, 0.0443186121, 0.0440415241, 0.0475911421, 0.0471483764, 2716.0513, 2637.3974, 752.5150, 19.0313
2025-11-27 23:46:52, 0.0430526774, 0.0322389502, 0.0780809767, 0.0483598897, 2932.6667, 2639.6377, 752.9750, 18.0744
2025-11-27 23:46:58, 0.0419515328, 0.0437519999, 0.0497214174, 0.0383087644, 2956.2319, 2734.3478, 752.4500, 17.0431
2025-11-27 23:47:03, 0.0598768888, 0.0437309748, 0.0557577225, 0.0523489394, 2773.5057, 2630.5057, 749.9700, 17.5120
2025-11-27 23:47:09, 0.0491441852, 0.0426885606, 0.0482822578, 0.0377205352, 2822.9492, 2718.7627, 750.6950, 16.6163
2025-11-27 23:47:15, 0.0543392324, 0.0457112893, 0.0395538631, 0.0453621865, 2818.5714, 2732.3286, 747.7800, 17.0728
2025-11-27 23:47:21, 0.0404424467, 0.0459296743, 0.0874543126, 0.0426046788, 2897.4932, 2743.9863, 748.0550, 18.2858
2025-11-27 23:47:26, 0.0530866294, 0.0370732659, 0.0536239889, 0.0452875046, 2905.9559, 2726.8971, 750.0000, 18.7611
2025-11-27 23:47:32, 0.0529441268, 0.0401721627, 0.0537983415, 0.0614210813, 2825.3333, 2788.0933, 755.2200, 18.7065
2025-11-27 23:47:37, 0.0451473158, 0.0469367583, 0.0478134184, 0.0545313695, 2705.0132, 2612.7632, 748.9750, 19.0351
2025-11-27 23:47:43, 0.0435131254, 0.0371234327, 0.0625266864, 0.0502977862, 2947.1549, 2768.5775, 759.5500, 18.4026
2025-11-27 23:47:49, 0.0425106807, 0.0392370564, 0.0532456393, 0.0381676871, 2894.3768, 2781.5652, 761.0100, 16.2296
2025-11-27 23:47:55, 0.0595279565, 0.0572600438, 0.0786512604, 0.0569400140, 2996.7258, 2888.3387, 758.3050, 18.1926
2025-11-27 23:48:00, 0.0621987827, 0.0582889409, 0.0473790475, 0.0427799654, 2662.0312, 2665.6719, 751.4900, 18.7760
2025-11-27 23:48:06, 0.0455803151, 0.0440598968, 0.0654159782, 0.0629612625, 2955.5455, 2840.9848, 762.8950, 18.3696
2025-11-27 23:48:12, 0.0428280493, 0.0391310492, 0.0447992899, 0.0580520027, 2811.0735, 2718.5882, 765.1250, 17.7679
2025-11-27 23:48:18, 0.0470550969, 0.0429524945, 0.0873301105, 0.0733730035, 2938.7571, 2803.7143, 763.2450, 18.2780
2025-11-27 23:48:23, 0.0403151345, 0.0321972416, 0.0556923099, 0.0433686197, 2886.9041, 2745.3151, 763.4500, 18.4826
2025-11-27 23:48:29, 0.0465129874, 0.0444090607, 0.0502511142, 0.0524664014, 2824.0781, 2670.6875, 765.2350, 18.9826
2025-11-27 23:48:35, 0.0552436801, 0.0439013403, 0.0574240690, 0.0455086814, 2832.6667, 2727.1500, 765.5950, 18.6784
2025-11-27 23:48:40, 0.0549437209, 0.0521232386, 0.0630832570, 0.0540142508, 2794.0690, 2748.6379, 767.3550, 18.2830
2025-11-27 23:48:46, 0.0668791433, 0.0574628813, 0.0458779711, 0.0617476751, 2845.5758, 2827.9697, 767.8100, 17.0966
2025-11-27 23:48:52, 0.0702090168, 0.0651520222, 0.0477563418, 0.0427946487, 2602.7544, 2530.8772, 767.7950, 16.9662
2025-11-27 23:48:58, 0.0445123015, 0.0516996851, 0.0690514801, 0.0386335857, 2896.9643, 2748.9107, 767.7300, 16.6156
2025-11-27 23:49:04, 0.0609922502, 0.0496657676, 0.0682985961, 0.0703406459, 2851.6027, 2752.7397, 762.4000, 16.6763
2025-11-27 23:49:09, 0.0580507089, 0.0476962979, 0.0639868806, 0.0495059466, 2807.7213, 2679.0656, 764.7400, 18.2692
2025-11-27 23:49:15, 0.0579297281, 0.0555739386, 0.0462845541, 0.0393830863, 2994.8983, 2924.8305, 763.8200, 17.5253
2025-11-27 23:49:21, 0.0513049076, 0.0367805131, 0.0697126108, 0.0540999353, 2746.2545, 2772.0182, 764.2150, 17.1146
2025-11-27 23:49:26, 0.0391672761, 0.0383870821, 0.0915691863, 0.0755374533, 2750.1493, 2703.3582, 765.0350, 19.1106
2025-11-27 23:49:32, 0.0426210198, 0.0387075262, 0.0595042718, 0.0396744273, 2887.8627, 2776.1373, 766.5700, 18.2397
2025-11-27 23:49:38, 0.0453719388, 0.0344252439, 0.0442924193, 0.0334398839, 2697.8254, 2656.8889, 767.2500, 18.5367
2025-11-27 23:49:44, 0.0510311769, 0.0436633576, 0.0902325025, 0.1004346382, 2945.2090, 2906.0149, 762.1450, 19.6689
2025-11-27 23:49:49, 0.0471443291, 0.0389212103, 0.0890309135, 0.0711433601, 2726.0526, 2602.4386, 762.5950, 18.1318
2025-11-27 23:49:55, 0.0500602367, 0.0449450281, 0.0687085905, 0.0650426876, 2940.9846, 2794.1385, 765.0600, 18.4200
2025-11-27 23:50:01, 0.0389670987, 0.0355668878, 0.0897299908, 0.0751104464, 2886.2381, 2763.0000, 761.2300, 18.7629
2025-11-27 23:50:06, 0.0406978516, 0.0374943885, 0.0723105855, 0.0646906219, 2847.6250, 2799.5625, 761.2650, 16.8498
2025-11-27 23:50:12, 0.0369471293, 0.0349061300, 0.0488937733, 0.0513846438, 2827.5867, 2717.7200, 762.6450, 16.7848
2025-11-27 23:50:18, 0.0510508087, 0.0359156437, 0.0735713501, 0.0623529447, 2775.0968, 2634.6129, 764.6650, 16.6425
2025-11-27 23:50:24, 0.0410001185, 0.0338664048, 0.0532456979, 0.0604059529, 2912.0938, 2668.3750, 763.2450, 15.4514
2025-11-27 23:50:29, 0.0498387758, 0.0394123327, 0.0465059588, 0.0486703023, 2882.6714, 2842.8571, 760.5950, 18.2302
2025-11-27 23:50:35, 0.0480520323, 0.0464937573, 0.0602000728, 0.0551913392, 2805.5493, 2709.1549, 762.4200, 16.1819
2025-11-27 23:50:41, 0.0703004871, 0.0561312997, 0.0497925778, 0.0526753531, 2825.0000, 2725.4545, 762.0900, 18.5217
2025-11-27 23:50:53, 0.0579537297, 0.0582988292, 0.0375959304, 0.0504999161, 2833.0147, 2728.6176, 762.6650, 18.7910
2025-11-27 23:50:59, 0.0488049357, 0.0451009009, 0.0507112081, 0.0344157782, 2903.1622, 2652.5541, 763.8050, 18.2556
2025-11-27 23:51:04, 0.0638415506, 0.0587850078, 0.0470877051, 0.0425886821, 2859.8833, 2692.6167, 767.5950, 17.3026
2025-11-27 23:51:10, 0.0677540818, 0.0614794163, 0.0429190620, 0.0437121240, 2954.8276, 2775.6552, 758.8550, 18.4294
2025-11-27 23:51:16, 0.0522512763, 0.0485191927, 0.0460284335, 0.0424555190, 2980.4000, 2954.2333, 758.2700, 17.9782
2025-11-27 23:51:22, 0.0535111930, 0.0527568360, 0.0415706937, 0.0376945376, 2910.9062, 2674.4219, 757.3550, 16.9914
2025-11-27 23:51:27, 0.0584331388, 0.0512225948, 0.0477581299, 0.0390064783, 2863.8000, 2758.8000, 758.6200, 18.1344
2025-11-27 23:51:33, 0.0674833431, 0.0477546803, 0.0428399178, 0.0386133023, 2929.0441, 2813.8382, 760.4400, 16.2193
2025-11-27 23:51:39, 0.0429697932, 0.0505639050, 0.0336409381, 0.0331211743, 2978.3906, 2721.0469, 760.6800, 18.2619
2025-11-27 23:51:44, 0.0688696786, 0.0501829671, 0.0370523283, 0.0268250606, 2906.8545, 2756.0909, 761.4500, 17.7386
2025-11-27 23:51:51, 0.0835511579, 0.0697196698, 0.0384771501, 0.0314648016, 2884.2419, 2737.2097, 760.4100, 18.4467
2025-11-27 23:51:57, 0.0588263404, 0.0431803627, 0.0323324191, 0.0375936974, 2947.8657, 2748.1194, 761.5750, 17.9551
2025-11-27 23:52:02, 0.0475009041, 0.0401493392, 0.0456883398, 0.0322232378, 2926.5952, 2716.6429, 762.8700, 18.3778
2025-11-27 23:52:08, 0.0348088837, 0.0282626671, 0.0441391637, 0.0357585870, 2815.1385, 2600.3231, 759.2500, 16.1012
2025-11-27 23:52:14, 0.0397040264, 0.0273558153, 0.0437349534, 0.0492981078, 2964.4531, 2668.3125, 762.6550, 17.8179
2025-11-27 23:52:19, 0.0328727068, 0.0311120062, 0.0384299419, 0.0306656016, 2748.3684, 2530.6184, 762.2450, 17.0010
2025-11-27 23:52:26, 0.0298494136, 0.0279603420, 0.0532823475, 0.0451975698, 2912.0000, 2840.4800, 759.2850, 18.4110
2025-11-27 23:52:31, 0.0350717174, 0.0277102538, 0.0350201994, 0.0266920110, 2772.3803, 2652.3803, 761.9250, 16.4912
2025-11-27 23:52:37, 0.0532546613, 0.0399134438, 0.0275383190, 0.0341482579, 2844.7949, 2735.8718, 756.4400, 18.7199
2025-11-27 23:52:43, 0.0409386219, 0.0435480225, 0.0394594583, 0.0415874326, 2763.5500, 2674.1167, 760.2550, 16.6436
2025-11-27 23:52:48, 0.0554262704, 0.0518778166, 0.0521249882, 0.0417355926, 2847.4861, 2725.9444, 759.3750, 16.6344
2025-11-27 23:52:54, 0.0651083522, 0.0557432483, 0.0374158860, 0.0362646626, 2908.8871, 2751.1774, 764.1150, 16.7452
2025-11-27 23:53:00, 0.0598288037, 0.0707161879, 0.0407145019, 0.0381274922, 2884.1587, 2664.6825, 759.2000, 18.5181
2025-11-27 23:53:05, 0.0663271564, 0.0683779594, 0.0393187747, 0.0342035116, 2886.6833, 2787.8167, 760.3800, 17.4237
2025-11-27 23:53:11, 0.0541437237, 0.0642777021, 0.0334587213, 0.0436913372, 2859.3467, 2688.2000, 759.7550, 19.5741
2025-11-27 23:53:17, 0.0530900770, 0.0397287094, 0.0506655808, 0.0398980557, 2980.4219, 2696.4219, 760.7000, 17.2641
2025-11-27 23:53:22, 0.0535890222, 0.0471164822, 0.0507968230, 0.0514093306, 2863.7612, 2817.1194, 761.0450, 17.9940
2025-11-27 23:53:29, 0.0568009360, 0.0533228511, 0.0463218649, 0.0423799345, 2828.7432, 2794.6486, 760.4950, 16.9012
2025-11-27 23:53:35, 0.0503659502, 0.0592102598, 0.0401927669, 0.0434078905, 2790.7500, 2668.0000, 761.6300, 19.5850
2025-11-27 23:53:40, 0.0475635227, 0.0401174764, 0.0428467180, 0.0404911680, 2951.5510, 2828.4694, 761.6900, 17.5819
2025-11-27 23:53:46, 0.0659508972, 0.0622028712, 0.0448545927, 0.0369931867, 2838.0455, 2685.4697, 763.5000, 18.0646
2025-11-27 23:53:51, 0.0558703013, 0.0468325250, 0.0594783835, 0.0633171533, 2775.9322, 2758.9661, 763.6750, 17.3712
2025-11-27 23:53:57, 0.0427618470, 0.0421139545, 0.0400453905, 0.0449944719, 2679.2273, 2555.6818, 759.0750, 17.7491
2025-11-27 23:54:03, 0.0449539698, 0.0342293775, 0.0391327553, 0.0242785555, 2893.0000, 2631.2267, 759.5450, 18.9699
2025-11-27 23:54:09, 0.0575143867, 0.0460215713, 0.0474026433, 0.0389801935, 2795.6216, 2660.4595, 765.0750, 20.7441
2025-11-27 23:54:14, 0.0460085612, 0.0423269536, 0.0540629014, 0.0453372404, 2996.5441, 2741.7647, 764.8800, 17.8887
2025-11-27 23:54:20, 0.0473512212, 0.0556497614, 0.0402948864, 0.0429323557, 2721.8028, 2619.1408, 763.1800, 20.0217
2025-11-27 23:54:26, 0.0466472532, 0.0499615487, 0.0520378847, 0.0555808283, 3014.2000, 2795.1846, 761.7450, 16.6520
2025-11-27 23:54:32, 0.0447049261, 0.0391589898, 0.0341027746, 0.0358197843, 2803.3467, 2752.2933, 758.5200, 18.8287
2025-11-27 23:54:37, 0.0377328591, 0.0426822152, 0.0417691072, 0.0350890682, 2836.8354, 2632.3671, 759.0700, 18.2862
2025-11-27 23:54:43, 0.0478347514, 0.0505149108, 0.0421486156, 0.0440025777, 2834.6167, 2725.2167, 761.4950, 18.5809
2025-11-27 23:54:49, 0.0433821609, 0.0341755663, 0.0602555671, 0.0477443776, 2858.8852, 2710.5082, 759.0700, 18.8328
2025-11-27 23:54:54, 0.0445312136, 0.0454030148, 0.0496285047, 0.0456537301, 2832.7733, 2642.3067, 759.1050, 19.1730
2025-11-27 23:55:00, 0.0734364393, 0.0524459592, 0.0449249004, 0.0507800898, 2958.0182, 2812.6909, 757.9800, 19.3569
2025-11-27 23:55:06, 0.0502787757, 0.0503938559, 0.0620816755, 0.0457213774, 2925.5634, 2766.9155, 754.2700, 17.4289
2025-11-27 23:55:12, 0.0578107979, 0.0462403733, 0.0599710402, 0.0434396681, 2754.4416, 2660.5844, 755.5300, 20.6286
2025-11-27 23:55:17, 0.0493320182, 0.0437398215, 0.0250909467, 0.0314528974, 2820.1231, 2708.4154, 752.8450, 16.8835
2025-11-27 23:55:23, 0.0676564481, 0.0571472635, 0.0537439857, 0.0373859838, 2902.9677, 2806.3871, 753.8950, 17.6942
2025-11-27 23:55:29, 0.0673457848, 0.0632148569, 0.0573307084, 0.0399653655, 2981.9683, 2762.8254, 754.7550, 16.0173
2025-11-27 23:55:35, 0.0482109630, 0.0525657997, 0.0365710852, 0.0350847794, 2903.0541, 2704.0946, 755.6850, 18.6771
2025-11-27 23:55:40, 0.0472173949, 0.0555595445, 0.0442349393, 0.0417127186, 2928.9032, 2820.6129, 754.9850, 17.6928
2025-11-27 23:55:46, 0.0402537135, 0.0377010528, 0.0413460124, 0.0384688862, 2884.5970, 2648.7164, 761.0800, 18.0409
2025-11-27 23:55:52, 0.0368344913, 0.0444746712, 0.0402058963, 0.0350325764, 2866.0000, 2724.0732, 758.8850, 19.2502
2025-11-27 23:55:57, 0.0367457087, 0.0360293322, 0.0327851749, 0.0278711583, 2987.6410, 2768.1667, 755.0050, 17.8363
2025-11-27 23:56:03, 0.0465792411, 0.0405622088, 0.0343952267, 0.0418623992, 2960.7500, 2744.1029, 760.1150, 18.2927
2025-11-27 23:56:09, 0.0568428418, 0.0491544503, 0.0330060970, 0.0453071881, 2706.1944, 2570.8056, 759.7150, 20.2673
2025-11-27 23:56:14, 0.0501896027, 0.0311258526, 0.0445800766, 0.0308900359, 2910.5867, 2683.8667, 759.2150, 19.6224
2025-11-27 23:56:20, 0.0504370437, 0.0471864681, 0.0384352475, 0.0516620198, 2696.0725, 2683.9565, 759.6050, 17.6646
2025-11-27 23:56:26, 0.0562564492, 0.0387488154, 0.0403751768, 0.0384570564, 2708.2836, 2435.3284, 759.2850, 18.4850
2025-11-27 23:56:31, 0.0420153675, 0.0430772965, 0.0562643950, 0.0506594057, 2993.5283, 2823.7358, 757.2400, 19.6029
2025-11-27 23:56:37, 0.0460714073, 0.0332640597, 0.0614895452, 0.0568974653, 2891.8308, 2693.1692, 761.0900, 19.8900
2025-11-27 23:56:43, 0.0393278809, 0.0314639141, 0.0610061387, 0.0506187392, 3022.7231, 2812.6308, 759.2000, 20.8662
2025-11-27 23:56:49, 0.0363797658, 0.0339195458, 0.0524741967, 0.0432335797, 2939.0357, 2756.7619, 759.0500, 19.5227
2025-11-27 23:56:54, 0.0328473067, 0.0328969234, 0.0670662333, 0.0688869248, 2855.9740, 2785.9351, 761.6900, 18.4034
2025-11-27 23:57:00, 0.0470885437, 0.0371156569, 0.0778073528, 0.0776917327, 2621.1864, 2614.4915, 758.7000, 19.9078
2025-11-27 23:57:06, 0.0450488815, 0.0372118971, 0.0676801638, 0.0439193339, 2868.6761, 2760.8310, 758.0600, 20.1771
2025-11-27 23:57:11, 0.0356822041, 0.0341566379, 0.0802154204, 0.0822795300, 2730.4559, 2654.9559, 756.9500, 18.6662
2025-11-27 23:57:17, 0.0415741878, 0.0416849954, 0.0516711674, 0.0566236775, 2764.0909, 2732.6234, 758.9700, 21.1839
2025-11-27 23:57:23, 0.0414507504, 0.0444936582, 0.0441030738, 0.0517286101, 2758.4697, 2605.9697, 756.9350, 19.9652
2025-11-27 23:57:29, 0.0459221194, 0.0502663148, 0.0803403696, 0.0670751770, 2836.1519, 2793.3924, 759.1550, 19.1513
2025-11-27 23:57:34, 0.0649060188, 0.0494484135, 0.0590602468, 0.0577749094, 2889.0000, 2727.0317, 760.1200, 19.5224
2025-11-27 23:57:40, 0.0465821561, 0.0403621839, 0.0642734895, 0.0504807655, 2795.0290, 2708.7536, 758.7750, 18.8734
2025-11-27 23:57:46, 0.0446276119, 0.0370477061, 0.0891679147, 0.0762772153, 2983.4648, 2730.2676, 760.9900, 17.0306
2025-11-27 23:57:52, 0.0450706672, 0.0352500298, 0.0650339687, 0.0710800329, 2853.6625, 2748.1500, 761.4200, 18.9587
2025-11-27 23:57:58, 0.0380089859, 0.0319791855, 0.0673745539, 0.0563319856, 2851.3200, 2631.0667, 759.7750, 17.4437
2025-11-27 23:58:03, 0.0281183903, 0.0243080786, 0.0567478295, 0.0792495669, 2775.8261, 2717.0870, 757.0550, 20.5634
2025-11-27 23:58:09, 0.0513627551, 0.0440137140, 0.0333660555, 0.0332461664, 2801.7206, 2723.3971, 760.8150, 19.1013
2025-11-27 23:58:15, 0.0472139377, 0.0383158186, 0.0667066801, 0.0513063415, 2728.9365, 2628.1587, 757.3650, 16.9694
2025-11-27 23:58:20, 0.0509747864, 0.0472744811, 0.0560563032, 0.0429870042, 2791.4697, 2704.7273, 758.9700, 17.5604
2025-11-27 23:58:26, 0.0546260603, 0.0410643501, 0.0365103998, 0.0330478857, 2723.8333, 2579.9545, 759.3000, 19.7997
2025-11-27 23:58:32, 0.0653163595, 0.0668805857, 0.0392258004, 0.0354229625, 2803.3418, 2661.4937, 758.3400, 17.6902
2025-11-27 23:58:38, 0.0646701110, 0.0805179604, 0.0415875751, 0.0321340300, 3156.4483, 2810.8103, 755.2600, 19.7178
2025-11-27 23:58:44, 0.0449621829, 0.0509934602, 0.0562531460, 0.0624013006, 2872.4769, 2700.4615, 759.4200, 18.6519
2025-11-27 23:58:49, 0.0530648389, 0.0575587266, 0.0522742753, 0.0302351449, 2823.1233, 2678.2877, 760.3300, 19.1131
2025-11-27 23:58:55, 0.0793260179, 0.0778894099, 0.0399099324, 0.0360587930, 2913.2429, 2693.5571, 759.6850, 17.3036
2025-11-27 23:59:00, 0.0701572445, 0.0515920351, 0.0295923618, 0.0366075691, 2906.5062, 2766.5185, 760.9850, 17.7348
2025-11-27 23:59:06, 0.0621983606, 0.0457522747, 0.0335380692, 0.0370967219, 3040.1512, 2847.8953, 761.6900, 17.7664
2025-11-27 23:59:12, 0.0487466311, 0.0464000358, 0.0385897385, 0.0437058419, 3019.7857, 2733.6429, 761.1250, 17.7178
2025-11-27 23:59:17, 0.0655757491, 0.0540032514, 0.0482016066, 0.0308760059, 2813.4722, 2635.8472, 759.9300, 18.5460
2025-11-27 23:59:23, 0.0513684231, 0.0511453301, 0.0416968324, 0.0364402409, 2827.6438, 2713.0959, 760.2200, 20.1237
2025-11-27 23:59:29, 0.0473298671, 0.0437968277, 0.0595162780, 0.0437065967, 2873.9559, 2698.5588, 761.3450, 16.0027
2025-11-27 23:59:35, 0.0562909892, 0.0404588355, 0.0310836676, 0.0509578480, 2871.7857, 2719.0857, 761.1850, 19.2959
2025-11-27 23:59:41, 0.0357122729, 0.0297684204, 0.0637719379, 0.0553974493, 2795.9615, 2595.1667, 760.3500, 18.6539
2025-11-27 23:59:47, 0.0365423476, 0.0279275580, 0.0507739493, 0.0702334327, 2822.1781, 2690.1781, 760.3250, 17.0807
2025-11-27 23:59:53, 0.0601617274, 0.0524898325, 0.0470211228, 0.0413885693, 2927.8462, 2846.2000, 759.1100, 16.6802
2025-11-27 23:59:58, 0.0451617686, 0.0516802813, 0.0540631822, 0.0606441512, 2764.6190, 2754.9048, 760.2250, 18.1770
2025-11-28 00:00:04, 0.0468827176, 0.0339019174, 0.0556113425, 0.0521690084, 3026.6622, 2857.4459, 762.6600, 16.9763
2025-11-28 00:00:10, 0.0393686961, 0.0315850027, 0.0522406298, 0.0585595375, 2833.3651, 2686.7460, 764.9400, 18.6047
2025-11-28 00:00:15, 0.0342749782, 0.0323026930, 0.0607972864, 0.0459415225, 2671.0000, 2463.5325, 762.6450, 18.4190
2025-11-28 00:00:21, 0.0279430500, 0.0245520236, 0.0625630997, 0.0571539743, 2720.2874, 2507.6552, 764.6050, 17.2815
2025-11-28 00:00:27, 0.0408990699, 0.0339462779, 0.0575079335, 0.0561399338, 2866.4824, 2671.7765, 764.8700, 17.3177
2025-11-28 00:00:32, 0.0383293442, 0.0362930250, 0.0612976752, 0.0416211742, 3006.0000, 2845.1618, 764.2850, 17.2894
2025-11-28 00:00:39, 0.0424049131, 0.0285922698, 0.0403940042, 0.0444403028, 2797.1571, 2626.4429, 762.1550, 19.3226
2025-11-28 00:00:45, 0.0504394191, 0.0432007082, 0.0630189086, 0.0433203524, 2767.4167, 2574.8194, 767.3350, 17.7134
2025-11-28 00:00:50, 0.0403755405, 0.0322239332, 0.0591264165, 0.0375607490, 2659.7887, 2587.4930, 762.5900, 19.0290
2025-11-28 00:00:56, 0.0330682981, 0.0265722475, 0.0713755697, 0.0530578403, 2838.5641, 2539.7949, 762.0600, 16.3620
2025-11-28 00:01:02, 0.0250415001, 0.0203659099, 0.0564237412, 0.0549930767, 2870.5844, 2647.1688, 762.8150, 18.9048
2025-11-28 00:01:07, 0.0303055079, 0.0295902576, 0.0823810111, 0.0775357686, 2674.4125, 2526.1750, 763.9450, 17.1307
2025-11-28 00:01:13, 0.0351724964, 0.0244935240, 0.0509994525, 0.0520604067, 2771.9306, 2543.4306, 763.5250, 18.9143
2025-11-28 00:01:19, 0.0379386761, 0.0345750855, 0.0838449509, 0.0732402816, 2969.5000, 2939.6071, 765.6250, 19.6274
2025-11-28 00:01:24, 0.0415090159, 0.0358909792, 0.0857288170, 0.0793104235, 2636.0625, 2592.9531, 765.1200, 20.8594
2025-11-28 00:01:30, 0.0329524083, 0.0333768472, 0.0621141401, 0.0506628561, 2789.5342, 2661.4932, 765.2650, 18.6541
2025-11-28 00:01:36, 0.0285023874, 0.0314929084, 0.1416279817, 0.0947945639, 2757.5942, 2590.2754, 764.4750, 19.7916
2025-11-28 00:01:41, 0.0319860693, 0.0340121143, 0.0640325693, 0.0871760011, 2793.5821, 2745.8507, 766.6350, 19.9975
2025-11-28 00:01:47, 0.0308244649, 0.0330756339, 0.0761318007, 0.0606922938, 2805.2712, 2711.0000, 765.6850, 21.4901
2025-11-28 00:01:53, 0.0354421464, 0.0332099800, 0.0791480436, 0.0517941914, 2835.6528, 2738.4861, 765.3250, 19.5274
2025-11-28 00:01:59, 0.0327961685, 0.0242831446, 0.0538730949, 0.0588471677, 2845.0741, 2729.3580, 762.9850, 18.9640
2025-11-28 00:02:04, 0.0371755779, 0.0315382163, 0.0583582014, 0.0601656733, 2844.3284, 2770.5373, 764.9350, 20.2460
2025-11-28 00:02:10, 0.0519355970, 0.0406784183, 0.0771798117, 0.0655216288, 3024.1690, 2809.7183, 764.7250, 20.4577
2025-11-28 00:02:16, 0.0636148961, 0.0557474180, 0.0546519029, 0.0373401626, 2971.3065, 2767.7742, 760.9300, 19.1145
2025-11-28 00:02:21, 0.0588937588, 0.0535397070, 0.0406718945, 0.0507713086, 2723.7937, 2718.5873, 760.4650, 19.5287
2025-11-28 00:02:27, 0.0505669455, 0.0611587995, 0.0567462874, 0.0483575349, 2764.4848, 2713.2727, 756.7500, 18.4160
2025-11-28 00:02:33, 0.0399978830, 0.0334231406, 0.0530639059, 0.0496360197, 2768.0000, 2699.0769, 765.9550, 19.3859
2025-11-28 00:02:38, 0.0397807135, 0.0576168819, 0.0573765405, 0.0500860362, 2786.0984, 2770.4262, 754.8400, 20.8903
2025-11-28 00:02:44, 0.0485051456, 0.0573027729, 0.0817622547, 0.0548643516, 2795.7213, 2677.3115, 757.5300, 20.0265
2025-11-28 00:02:50, 0.0695038756, 0.0530671532, 0.0841200648, 0.0663632437, 2872.2000, 2759.6923, 754.8950, 18.8543
2025-11-28 00:02:56, 0.0574802138, 0.0499606699, 0.0427413758, 0.0469196369, 2860.8116, 2741.2609, 762.2550, 18.1030
2025-11-28 00:03:02, 0.0558208233, 0.0563101954, 0.0646535015, 0.0419551631, 2828.7385, 2682.1077, 758.8700, 19.1891
2025-11-28 00:03:07, 0.0490142515, 0.0497408132, 0.0363284727, 0.0605600710, 2972.6027, 2857.4384, 756.1650, 17.5219
2025-11-28 00:03:13, 0.0348920680, 0.0279086294, 0.0443235742, 0.0518575236, 2894.7949, 2721.4615, 757.7800, 17.0802
2025-11-28 00:03:19, 0.0446028407, 0.0560406123, 0.0309554129, 0.0524534721, 2823.8594, 2719.2812, 760.8150, 17.7102
2025-11-28 00:03:24, 0.0411369859, 0.0343616119, 0.0447081074, 0.0339565749, 2863.8209, 2651.3134, 760.1000, 18.0610
2025-11-28 00:03:30, 0.0472822497, 0.0411857590, 0.0594264294, 0.0486043639, 2924.5362, 2805.7971, 763.3500, 18.5356
2025-11-28 00:03:36, 0.0582658184, 0.0421174573, 0.0324116736, 0.0331245268, 2906.8382, 2860.6471, 765.9350, 18.4340
2025-11-28 00:03:41, 0.0428499281, 0.0432623397, 0.0658990735, 0.0568336999, 2863.5556, 2746.0417, 762.3950, 17.1003
2025-11-28 00:03:47, 0.0581344061, 0.0532947440, 0.0394985014, 0.0389287441, 2792.8235, 2733.1176, 762.7150, 18.4381
2025-11-28 00:03:53, 0.0476940704, 0.0522848648, 0.0349829974, 0.0360519375, 2821.1358, 2740.1728, 764.9850, 17.7872
2025-11-28 00:03:59, 0.0647608227, 0.0467527104, 0.0368105078, 0.0389559805, 2880.7297, 2687.0676, 766.5450, 17.9290
2025-11-28 00:04:05, 0.0626425951, 0.0596777930, 0.0476472447, 0.0377291167, 2958.1528, 2756.6806, 764.1100, 17.5168
2025-11-28 00:04:10, 0.0463229835, 0.0465710976, 0.0535367026, 0.0380962118, 2927.9194, 2717.1290, 764.3950, 18.8949
2025-11-28 00:04:16, 0.0432601306, 0.0378657106, 0.0454847656, 0.0429597091, 2788.2468, 2628.3117, 765.7850, 18.4910
2025-11-28 00:04:22, 0.0342356935, 0.0245955033, 0.0545597111, 0.0565968485, 2817.6761, 2715.6338, 765.4850, 18.5159
2025-11-28 00:04:28, 0.0403779261, 0.0330896008, 0.0611833151, 0.0642134555, 2920.8841, 2671.3478, 765.2550, 16.2957
2025-11-28 00:04:34, 0.0635760792, 0.0501391777, 0.0395711136, 0.0478600124, 2783.1622, 2793.7297, 766.8750, 17.8320
2025-11-28 00:04:39, 0.0917152798, 0.0757255978, 0.0430627484, 0.0337472691, 2920.6716, 2656.8955, 765.9950, 16.8236
2025-11-28 00:04:45, 0.0663141789, 0.0468139127, 0.0524116967, 0.0343075460, 2797.1351, 2664.4324, 766.4150, 17.2094
2025-11-28 00:04:50, 0.0621908170, 0.0485666768, 0.0387085682, 0.0470489265, 3020.3478, 2841.2029, 766.8000, 19.0589
2025-11-28 00:04:56, 0.0506895630, 0.0424083526, 0.0500191352, 0.0477967593, 2859.7042, 2640.8451, 764.4400, 17.4993
2025-11-28 00:05:02, 0.0541519191, 0.0447890318, 0.0643564225, 0.0529541702, 2990.9808, 2716.0962, 763.3000, 18.1549
2025-11-28 00:05:08, 0.0437007835, 0.0500728405, 0.0652029439, 0.0584198807, 2815.6119, 2684.0597, 769.2100, 20.2905
2025-11-28 00:05:13, 0.0601637145, 0.0421251991, 0.0474842065, 0.0503229791, 2908.4706, 2838.9559, 761.7600, 17.3759
2025-11-28 00:05:19, 0.0535643623, 0.0481336185, 0.0532645902, 0.0466028467, 3030.9104, 2911.7015, 764.7800, 19.2016
2025-11-28 00:05:25, 0.0492438563, 0.0370493583, 0.0659373546, 0.0589067046, 2861.7467, 2749.1333, 764.7250, 17.8098
2025-11-28 00:05:31, 0.0455980006, 0.0332909170, 0.0839493602, 0.0816476278, 2973.8333, 2887.1833, 761.7750, 18.4034
2025-11-28 00:05:37, 0.0441257650, 0.0326904128, 0.0620602446, 0.0747701860, 2942.0968, 2815.9839, 763.4600, 17.2994
2025-11-28 00:05:42, 0.0563482218, 0.0440635345, 0.0564260496, 0.0411603572, 2790.7260, 2654.9041, 768.4200, 18.5958
2025-11-28 00:05:48, 0.0371502985, 0.0318260375, 0.0835837264, 0.0595282066, 2806.5417, 2689.7083, 768.8050, 19.3881
2025-11-28 00:05:54, 0.0386772837, 0.0288817365, 0.0481917092, 0.0613567533, 2861.2759, 2619.6897, 761.0300, 19.4038
2025-11-28 00:05:59, 0.0409464545, 0.0353211508, 0.0924581554, 0.0643752309, 2999.6486, 2794.4730, 760.3250, 19.5762
2025-11-28 00:06:06, 0.0355181738, 0.0408388193, 0.0469709608, 0.0427314686, 2911.7750, 2746.1125, 757.0900, 20.0010
2025-11-28 00:06:11, 0.0310229877, 0.0287537701, 0.0807793775, 0.0580522834, 2764.1212, 2529.2727, 759.1250, 17.6943
2025-11-28 00:06:17, 0.0380765364, 0.0338141346, 0.0675119204, 0.0627321810, 2953.7258, 2807.8548, 757.4800, 19.1408
2025-11-28 00:06:22, 0.0322035464, 0.0269544091, 0.0651348226, 0.0519216457, 2838.6835, 2608.7342, 763.5500, 18.1848
2025-11-28 00:06:28, 0.0438690796, 0.0349111061, 0.0456087693, 0.0575248375, 2882.7097, 2842.2419, 762.4300, 19.3071
2025-11-28 00:06:34, 0.0374009465, 0.0327522119, 0.0742198460, 0.0666627148, 2736.3824, 2621.7059, 762.6450, 17.4158
2025-11-28 00:06:39, 0.0306868266, 0.0275935761, 0.0669957159, 0.0620700539, 2816.9067, 2679.8933, 763.7500, 19.7215
2025-11-28 00:06:45, 0.0271870544, 0.0276332910, 0.0697396326, 0.0548870219, 2928.0000, 2659.2027, 764.2650, 16.4035
2025-11-28 00:06:51, 0.0378728391, 0.0358128582, 0.0524771293, 0.0554157081, 2838.6835, 2602.5443, 762.3500, 17.4054
2025-11-28 00:06:57, 0.0252838323, 0.0245441119, 0.0614669275, 0.0881274267, 2814.9625, 2659.9750, 762.0750, 18.2011
2025-11-28 00:07:03, 0.0329394670, 0.0331650320, 0.0743228674, 0.0837254710, 2759.9737, 2757.6842, 760.4600, 17.9334
2025-11-28 00:07:09, 0.0311593187, 0.0312850847, 0.0621979848, 0.0749817178, 2810.4177, 2692.1139, 761.5850, 17.8646
2025-11-28 00:07:14, 0.0527328113, 0.0361237320, 0.0422951790, 0.0365984785, 2879.7465, 2692.3099, 764.6350, 17.1995
2025-11-28 00:07:20, 0.0462428054, 0.0319424601, 0.0389128535, 0.0461493953, 2804.2222, 2673.5556, 759.2800, 18.9193
2025-11-28 00:07:26, 0.0533821862, 0.0449736017, 0.0770128467, 0.0542840116, 2774.4848, 2741.4394, 761.0700, 17.4004
2025-11-28 00:07:31, 0.0660197269, 0.0457727767, 0.0613409562, 0.0483129828, 2878.1562, 2795.5312, 761.1850, 18.4217
2025-11-28 00:07:37, 0.0627392799, 0.0601885594, 0.0574125964, 0.0408994292, 2877.4717, 2766.4717, 761.6200, 18.1366
2025-11-28 00:07:43, 0.0645282761, 0.0605675159, 0.0498744540, 0.0592536642, 2870.4848, 2883.8788, 759.8900, 16.6933
2025-11-28 00:07:49, 0.0387525165, 0.0334386459, 0.0577998590, 0.0446929420, 2818.4189, 2631.7027, 758.0900, 17.3067
2025-11-28 00:07:54, 0.0546473038, 0.0528328700, 0.0453330885, 0.0352645453, 2842.8529, 2703.0735, 757.4750, 18.1141
2025-11-28 00:08:00, 0.0470049253, 0.0457044676, 0.0650478511, 0.0496790751, 2957.5676, 2716.7027, 758.7500, 18.6911
2025-11-28 00:08:06, 0.0420978717, 0.0295857261, 0.0626091896, 0.0552011112, 2862.0519, 2750.8312, 756.3050, 17.9767
2025-11-28 00:08:11, 0.0327279479, 0.0305363020, 0.0437348855, 0.0432856094, 2755.1296, 2729.6852, 759.4500, 19.5885
2025-11-28 00:08:17, 0.0371582327, 0.0394949016, 0.0432355056, 0.0460031047, 2794.7612, 2699.5522, 758.3400, 18.3563
2025-11-28 00:08:23, 0.0338927293, 0.0274353742, 0.0563087045, 0.0457570263, 2729.6341, 2573.2561, 759.9300, 18.9057
2025-11-28 00:08:28, 0.0275347778, 0.0220930243, 0.0638300383, 0.0539008909, 2927.0132, 2620.1711, 758.6250, 19.1417
2025-11-28 00:08:35, 0.0331118002, 0.0232350919, 0.0462330055, 0.0574490662, 2795.0694, 2734.5972, 759.1250, 19.7540
2025-11-28 00:08:40, 0.0246887350, 0.0189732281, 0.0672867524, 0.0471298021, 2923.3056, 2620.8611, 758.8850, 19.5185
2025-11-28 00:08:46, 0.0344729947, 0.0241082646, 0.0801477302, 0.0635079659, 2749.3636, 2606.6234, 758.8700, 19.0519
2025-11-28 00:08:52, 0.0330861869, 0.0308609023, 0.0701663697, 0.0522268886, 2833.2466, 2697.4247, 761.6500, 18.2373
2025-11-28 00:08:58, 0.0268474767, 0.0297317796, 0.0734336399, 0.0587227489, 2914.2976, 2633.3690, 762.4800, 17.7848
2025-11-28 00:09:03, 0.0334610251, 0.0340729509, 0.0682237764, 0.0627839466, 2847.5570, 2692.5316, 764.5450, 18.3120
2025-11-28 00:09:09, 0.0278366047, 0.0257803606, 0.0613819634, 0.0774898037, 2649.5256, 2573.6154, 762.6750, 18.4209
2025-11-28 00:09:15, 0.0270357363, 0.0203555589, 0.0698919415, 0.0482223200, 2863.6375, 2685.5750, 761.5250, 17.4496
2025-11-28 00:09:20, 0.0327996922, 0.0256799387, 0.1039863279, 0.0631027440, 2777.6329, 2527.7215, 762.7550, 17.1562
2025-11-28 00:09:26, 0.0257407864, 0.0229230898, 0.0528588034, 0.0552891001, 2839.9873, 2562.7089, 764.1600, 17.3189
2025-11-28 00:09:32, 0.0277625125, 0.0225196438, 0.0711970500, 0.0575919167, 2924.1067, 2707.0133, 764.3350, 18.3178
2025-11-28 00:09:38, 0.0168222905, 0.0145199738, 0.0473574712, 0.0583355996, 2740.7381, 2435.5357, 764.8600, 18.1720
2025-11-28 00:09:43, 0.0293778555, 0.0260137123, 0.0552448214, 0.0478464706, 2861.4487, 2633.7564, 764.7800, 18.5992
2025-11-28 00:09:49, 0.0300173870, 0.0231778421, 0.0565637995, 0.0529240117, 2751.0256, 2550.0513, 767.1050, 18.0639
2025-11-28 00:09:55, 0.0305267313, 0.0241335803, 0.0611887690, 0.0694820203, 2815.8625, 2679.0125, 764.4550, 17.7828
2025-11-28 00:10:00, 0.0257154252, 0.0224117626, 0.0788594260, 0.0648573960, 2869.4578, 2607.1566, 763.8050, 18.3515
2025-11-28 00:10:06, 0.0245861792, 0.0221379132, 0.0926922328, 0.0532854424, 2664.7349, 2529.5422, 765.5950, 17.4109
2025-11-28 00:10:12, 0.0224643688, 0.0196182657, 0.0728941163, 0.0780769393, 2522.9091, 2456.8409, 766.3750, 16.2697
2025-11-28 00:10:18, 0.0211452073, 0.0140112243, 0.0781951242, 0.0643142101, 2760.2192, 2540.5205, 764.8650, 17.1775
2025-11-28 00:10:23, 0.0245084359, 0.0178090512, 0.1011199269, 0.0863017025, 2656.4831, 2563.3371, 763.3700, 17.1381
2025-11-28 00:10:29, 0.0248371351, 0.0194740595, 0.0664132429, 0.0757892994, 2903.3882, 2700.7529, 762.9150, 16.9233
2025-11-28 00:10:35, 0.0326384325, 0.0237179035, 0.0487006113, 0.0556959625, 2811.2250, 2593.4875, 763.0600, 20.9078
2025-11-28 00:10:41, 0.0281527032, 0.0204356546, 0.0639973718, 0.0605798540, 2793.3919, 2505.3919, 762.0750, 15.6262
2025-11-28 00:10:46, 0.0214856089, 0.0214291787, 0.0833261766, 0.0737230388, 2848.2048, 2647.8675, 761.6000, 18.1843
2025-11-28 00:10:52, 0.0223420232, 0.0166449072, 0.0667575570, 0.0628432631, 2646.0253, 2475.0886, 761.0300, 17.9886
2025-11-28 00:10:58, 0.0305542879, 0.0205766622, 0.0783830684, 0.0780032427, 2896.1918, 2600.4110, 762.8700, 20.7772
2025-11-28 00:11:03, 0.0205938080, 0.0226835822, 0.0720548783, 0.0548750776, 2836.9041, 2558.9589, 763.5900, 19.1857
2025-11-28 00:11:10, 0.0256486905, 0.0279650841, 0.0633571539, 0.0630886217, 2777.2532, 2738.4684, 762.5800, 19.1310
2025-11-28 00:11:16, 0.0337018630, 0.0251150834, 0.0487143539, 0.0545549354, 2878.3226, 2956.2742, 763.4650, 19.6555
2025-11-28 00:11:22, 0.0332441614, 0.0296252897, 0.0690367317, 0.0847351344, 2853.4667, 2786.0333, 765.6350, 18.7995
2025-11-28 00:11:27, 0.0337016001, 0.0303142472, 0.0582297348, 0.0594918056, 2932.5000, 2714.7222, 764.4700, 19.1256
2025-11-28 00:11:33, 0.0309187848, 0.0294767719, 0.0917201552, 0.0858869798, 2738.8889, 2599.6543, 762.2700, 19.6445
2025-11-28 00:11:39, 0.0287701607, 0.0220465720, 0.0955681000, 0.0797224386, 2877.1067, 2558.4533, 762.3900, 18.0352
2025-11-28 00:11:44, 0.0294294236, 0.0240872692, 0.0541562772, 0.0549540396, 2915.0385, 2749.8846, 764.1150, 18.0223
2025-11-28 00:11:50, 0.0262903152, 0.0316473884, 0.0629974745, 0.0491532810, 2752.1558, 2607.7143, 762.4100, 19.4916
2025-11-28 00:11:56, 0.0313295150, 0.0319102952, 0.0538862897, 0.0597721601, 2700.8243, 2589.6486, 763.2700, 19.2582
2025-11-28 00:12:01, 0.0297857853, 0.0280077481, 0.0662208669, 0.0783268295, 2908.8000, 2572.7000, 763.0450, 18.1103
2025-11-28 00:12:07, 0.0327442393, 0.0189310729, 0.0572649584, 0.0527360291, 2580.4058, 2493.9420, 762.1350, 17.1985
2025-11-28 00:12:13, 0.0236954990, 0.0225932801, 0.0975367649, 0.0454194319, 2730.4500, 2520.3750, 763.8850, 19.0319
2025-11-28 00:12:19, 0.0219492552, 0.0209406937, 0.0604722341, 0.0481320183, 2826.9848, 2636.9242, 766.1400, 18.2192
2025-11-28 00:12:24, 0.0221500625, 0.0170542214, 0.0637436102, 0.0526690367, 2736.0119, 2588.1548, 768.1700, 21.1623
2025-11-28 00:12:30, 0.0247491493, 0.0233775037, 0.0677815992, 0.0464447599, 2738.4103, 2524.9744, 769.6650, 19.9908
2025-11-28 00:12:36, 0.0249535574, 0.0218097838, 0.0576328901, 0.0721978766, 2908.9753, 2635.6543, 767.3850, 19.1135
2025-11-28 00:12:41, 0.0261290785, 0.0256685012, 0.0802566391, 0.0672888386, 2848.5467, 2529.6933, 764.4800, 18.4870
2025-11-28 00:12:47, 0.0296478121, 0.0247509741, 0.0642985232, 0.0631749122, 2832.3418, 2579.6203, 764.8150, 19.3649
2025-11-28 00:12:53, 0.0319720009, 0.0245003486, 0.0499646352, 0.0518258520, 2894.5857, 2696.8286, 767.4250, 18.8789
2025-11-28 00:12:58, 0.0186028357, 0.0159384426, 0.0697210039, 0.0808383551, 2759.5488, 2599.2195, 764.4200, 18.0159
2025-11-28 00:13:04, 0.0202244430, 0.0188074079, 0.0481146978, 0.0520439745, 2763.3472, 2482.4583, 762.8350, 18.4124
2025-11-28 00:13:10, 0.0253369152, 0.0232718916, 0.0462830815, 0.0547054300, 2738.8953, 2550.5465, 765.0200, 19.4499
2025-11-28 00:13:15, 0.0182347731, 0.0177059806, 0.0554094183, 0.0431948702, 2747.5181, 2471.1566, 762.4350, 19.3733
2025-11-28 00:13:21, 0.0239953506, 0.0260058301, 0.0641128410, 0.0766259563, 2687.0897, 2463.1026, 763.4150, 18.3315
2025-11-28 00:13:27, 0.0277654954, 0.0229708720, 0.0420874205, 0.0370212979, 2842.0139, 2589.7639, 763.4050, 18.4345
2025-11-28 00:13:33, 0.0288964846, 0.0290961933, 0.0650069459, 0.0650181878, 2905.9855, 2706.9565, 762.4750, 18.7536
2025-11-28 00:13:39, 0.0250156618, 0.0301033530, 0.0550183380, 0.0430070092, 2828.3034, 2670.5393, 762.1400, 17.8592
2025-11-28 00:13:44, 0.0279085094, 0.0230499751, 0.0805106813, 0.0657381350, 2896.0253, 2722.3418, 766.0900, 19.2915
2025-11-28 00:13:50, 0.0309347940, 0.0275922469, 0.0705740471, 0.0473577206, 2955.3621, 2643.9138, 761.6700, 18.3717
2025-11-28 00:13:56, 0.0309064276, 0.0330186767, 0.0691758343, 0.0725662054, 2748.1034, 2588.9655, 761.5900, 18.7083
2025-11-28 00:14:02, 0.0243453004, 0.0244269034, 0.0673227519, 0.0666048454, 2547.5000, 2378.2500, 766.1350, 17.5188
2025-11-28 00:14:07, 0.0124651337, 0.0196847591, 0.0721507878, 0.1159399873, 2791.8434, 2691.4096, 765.3500, 17.8389
2025-11-28 00:14:13, 0.0235044631, 0.0169806110, 0.0770602805, 0.0667244044, 2757.5974, 2554.5584, 763.2750, 18.4940
2025-11-28 00:14:19, 0.0200630536, 0.0262954474, 0.0947701999, 0.0694703816, 2617.4744, 2548.7308, 762.0800, 18.3209
2025-11-28 00:14:25, 0.0185441134, 0.0243055329, 0.0762320736, 0.0730366377, 2841.7541, 2590.1803, 765.2000, 18.7965
2025-11-28 00:14:30, 0.0265350914, 0.0240141374, 0.0485838596, 0.0457466005, 2808.8167, 2591.1000, 765.6000, 18.7027
2025-11-28 00:14:36, 0.0324082591, 0.0441859100, 0.0991739099, 0.0690486758, 2900.5797, 2687.8116, 764.7600, 18.3546
2025-11-28 00:14:42, 0.0440036392, 0.0371868446, 0.0793615710, 0.0671655484, 2890.4444, 2766.3333, 766.6850, 19.2059
2025-11-28 00:14:47, 0.0427191668, 0.0345069389, 0.0784505716, 0.0567381763, 2816.1194, 2618.0896, 766.8450, 17.7392
2025-11-28 00:14:53, 0.0382982945, 0.0297878971, 0.0715304083, 0.0742975850, 2869.1406, 2676.2656, 765.4550, 19.8300
2025-11-28 00:14:59, 0.0242722521, 0.0241317875, 0.0737672708, 0.0690710341, 2726.8971, 2640.5294, 764.8950, 18.6800
2025-11-28 00:15:05, 0.0124310771, 0.0190340731, 0.0711102691, 0.0520476284, 2842.7500, 2629.4605, 766.2550, 18.6003
2025-11-28 00:15:10, 0.0221943172, 0.0213370014, 0.0742308845, 0.0594187936, 2737.0385, 2684.0769, 767.9300, 18.8209
2025-11-28 00:15:16, 0.0404847687, 0.0375235013, 0.0419891817, 0.0626763935, 2792.6533, 2743.7200, 764.4500, 18.2082
2025-11-28 00:15:22, 0.0201403146, 0.0157154182, 0.0921423614, 0.0749715917, 2906.6813, 2535.4396, 759.9150, 17.8364
2025-11-28 00:15:28, 0.0349223071, 0.0242046833, 0.0818440130, 0.0894200571, 2734.0000, 2663.6301, 763.3350, 18.4221
2025-11-28 00:15:34, 0.0244290607, 0.0215975923, 0.0462966433, 0.0441456078, 2859.9870, 2580.4416, 756.3250, 17.9310
2025-11-28 00:15:39, 0.0203735291, 0.0182088267, 0.0572425960, 0.0460986128, 2719.2000, 2527.7684, 759.3350, 19.0752
2025-11-28 00:15:45, 0.0208974441, 0.0226274377, 0.0452561333, 0.0363648669, 2842.1975, 2588.2346, 763.2450, 19.9064
2025-11-28 00:15:51, 0.0222424144, 0.0163881456, 0.0592442500, 0.0464497490, 2814.6207, 2465.0115, 763.9750, 20.2900
2025-11-28 00:15:56, 0.0222146189, 0.0177270468, 0.0531371539, 0.0419783061, 2776.4157, 2560.1236, 758.5500, 17.6482
2025-11-28 00:16:03, 0.0277650985, 0.0226334265, 0.0690291515, 0.0492502374, 2782.3235, 2569.7794, 766.9550, 18.6409
2025-11-28 00:16:08, 0.0260240569, 0.0246416125, 0.0589050380, 0.0620990279, 2815.2500, 2548.7639, 755.2450, 18.0032
2025-11-28 00:16:14, 0.0277717058, 0.0218056682, 0.0644714144, 0.0514069402, 2739.3000, 2513.2375, 756.4600, 18.7515
2025-11-28 00:16:20, 0.0233526730, 0.0225621122, 0.1048352108, 0.0723925975, 2861.9130, 2682.9710, 755.4700, 16.4320
2025-11-28 00:16:25, 0.0336661764, 0.0279916320, 0.0665834424, 0.0618296800, 2711.7846, 2585.8154, 756.6450, 18.2931
2025-11-28 00:16:31, 0.0203845133, 0.0128185172, 0.0834650704, 0.0682629378, 2735.4500, 2517.2375, 753.0050, 18.1164
2025-11-28 00:16:37, 0.0175100276, 0.0142348099, 0.0658731124, 0.0624990592, 2631.5890, 2419.0274, 753.1150, 18.0710
2025-11-28 00:16:43, 0.0190031925, 0.0154673883, 0.1179689191, 0.0871384329, 2651.6071, 2529.0952, 755.8900, 17.0463
2025-11-28 00:16:49, 0.0243763251, 0.0211161244, 0.0544417035, 0.0577123098, 2710.2466, 2575.9452, 754.7250, 16.6856
2025-11-28 00:16:54, 0.0206647071, 0.0229453572, 0.0590621148, 0.0677272368, 2514.1647, 2498.3765, 756.6000, 17.9480
2025-11-28 00:17:00, 0.0119281084, 0.0201664633, 0.0768098728, 0.0712375936, 2600.2209, 2415.0000, 752.8850, 17.0523
2025-11-28 00:17:06, 0.0236415783, 0.0176990556, 0.0576777241, 0.0532837348, 2710.2821, 2715.0897, 754.7300, 17.9434
2025-11-28 00:17:12, 0.0294075230, 0.0229043227, 0.0791687800, 0.0789073420, 2843.8481, 2470.1519, 754.4250, 19.4122
2025-11-28 00:17:18, 0.0251710226, 0.0281399417, 0.0613224937, 0.0651883501, 2857.7945, 2665.9178, 755.7500, 18.0632
2025-11-28 00:17:23, 0.0297782381, 0.0299745148, 0.0772751641, 0.0395429088, 2950.4746, 2733.7966, 753.9300, 19.4670
2025-11-28 00:17:29, 0.0273578202, 0.0253928263, 0.0753604987, 0.0498627210, 2775.7000, 2564.9143, 752.6900, 17.6713
2025-11-28 00:17:35, 0.0379618601, 0.0319082890, 0.0592474409, 0.0577483647, 2679.6216, 2597.6486, 756.5000, 17.4754
2025-11-28 00:17:41, 0.0377216116, 0.0292045197, 0.0762356230, 0.0577764297, 2999.3492, 2865.2222, 755.0050, 18.0927
2025-11-28 00:17:46, 0.0328579992, 0.0365993120, 0.0798614943, 0.0434779359, 3083.2500, 2734.7188, 754.6700, 17.7978
2025-11-28 00:17:52, 0.0343753676, 0.0358591476, 0.0393224458, 0.0717887367, 2830.6892, 2815.2162, 754.9100, 19.9600
2025-11-28 00:17:58, 0.0304406162, 0.0263255362, 0.0776499660, 0.0876653378, 2842.3182, 2756.2955, 760.0900, 19.6011
2025-11-28 00:18:04, 0.0302233275, 0.0219163496, 0.0619356840, 0.0353784493, 2816.2167, 2625.0500, 755.7250, 19.4761
2025-11-28 00:18:09, 0.0283096076, 0.0222141733, 0.0559120177, 0.0497913876, 2848.5469, 2619.2344, 754.4450, 17.4725
2025-11-28 00:18:15, 0.0195078410, 0.0181663378, 0.0527083992, 0.0515923635, 2749.0128, 2607.7821, 757.5300, 19.7028
2025-11-28 00:18:21, 0.0229180401, 0.0221153088, 0.0640952110, 0.0434899647, 2921.8026, 2582.8947, 756.1750, 16.7196
2025-11-28 00:18:27, 0.0401004359, 0.0302263169, 0.0593867176, 0.0458853526, 2802.5190, 2705.8481, 756.9000, 19.5474
2025-11-28 00:18:32, 0.0281895057, 0.0268401341, 0.0484323131, 0.0558328574, 2860.0250, 2620.1500, 759.0650, 18.2601
2025-11-28 00:18:38, 0.0256248554, 0.0218974145, 0.0474628446, 0.0287390448, 2848.2278, 2563.0127, 760.1500, 18.4899
2025-11-28 00:18:44, 0.0293990706, 0.0306965726, 0.0486379843, 0.0482370205, 2819.9104, 2614.5970, 758.5500, 19.5291
2025-11-28 00:18:50, 0.0332023794, 0.0274771299, 0.0563374897, 0.0517799019, 2837.9318, 2666.2614, 757.9300, 16.7650
2025-11-28 00:18:55, 0.0411837526, 0.0217202579, 0.0683932828, 0.0438309941, 2715.8485, 2452.2273, 758.7450, 19.1525
2025-11-28 00:19:01, 0.0311882848, 0.0254054403, 0.0447320953, 0.0377296391, 2828.4906, 2702.0189, 760.5250, 18.2581
2025-11-28 00:19:07, 0.0457304976, 0.0326913188, 0.0590091896, 0.0670817017, 2803.4590, 2635.2459, 766.7900, 18.6356
2025-11-28 00:19:12, 0.0375152759, 0.0307576270, 0.0272120329, 0.0416593329, 2843.7324, 2580.6761, 755.6950, 17.5708
2025-11-28 00:19:18, 0.0357158631, 0.0345106577, 0.0395516912, 0.0484012267, 2729.2714, 2525.3571, 764.6350, 19.0558
2025-11-28 00:19:24, 0.0430528961, 0.0289483668, 0.0592224250, 0.0524852053, 2942.0263, 2660.2237, 764.6000, 18.2066
2025-11-28 00:19:29, 0.0308622349, 0.0191250983, 0.0765643467, 0.0592881648, 2723.8533, 2559.0400, 761.3750, 18.2889
2025-11-28 00:19:35, 0.0436167214, 0.0373726611, 0.0739339890, 0.0508234333, 2924.0811, 2720.2973, 759.4800, 18.1700
2025-11-28 00:19:41, 0.0380271365, 0.0417821226, 0.0418227337, 0.0611837230, 2840.8310, 2656.4225, 759.4650, 18.2219
2025-11-28 00:19:46, 0.0545976253, 0.0537738336, 0.0640637207, 0.0489933253, 2988.8333, 2842.1667, 761.8350, 18.3354
2025-11-28 00:19:52, 0.0446977905, 0.0471343312, 0.1058531011, 0.0732486652, 2893.6667, 2701.2833, 762.2850, 18.3468
2025-11-28 00:19:58, 0.0439568227, 0.0358723627, 0.0568686865, 0.0664994859, 2821.3867, 2650.8000, 761.0700, 18.9451
2025-11-28 00:20:04, 0.0455589517, 0.0404759274, 0.0320042136, 0.0384310699, 2913.7200, 2746.0667, 763.4900, 19.5985
2025-11-28 00:20:09, 0.0439190301, 0.0326342601, 0.0311310901, 0.0373838534, 2824.0308, 2754.3385, 762.0350, 18.0182
2025-11-28 00:20:15, 0.0451882195, 0.0367817655, 0.0448886017, 0.0418043907, 2804.0448, 2632.5522, 763.0950, 19.1043
2025-11-28 00:20:20, 0.0409421344, 0.0291611634, 0.0399334111, 0.0314633573, 2971.1127, 2644.0423, 761.5100, 19.5200
2025-11-28 00:20:26, 0.0595454509, 0.0479007550, 0.0461280429, 0.0356657100, 2906.1231, 2701.5077, 759.8850, 19.2032
2025-11-28 00:20:32, 0.0517186366, 0.0414110752, 0.0380023637, 0.0332586297, 2894.5600, 2738.0000, 764.1450, 18.9993
2025-11-28 00:20:38, 0.0538985683, 0.0603873813, 0.0487188210, 0.0395465598, 2912.2769, 2724.9692, 763.0850, 18.5226
2025-11-28 00:20:43, 0.0757561253, 0.0778208766, 0.0282747621, 0.0215529106, 3010.5208, 2787.8542, 760.7750, 18.3037
2025-11-28 00:20:49, 0.0509388551, 0.0440660911, 0.0362899009, 0.0325323453, 2896.2353, 2764.6618, 758.2150, 19.3855
2025-11-28 00:20:55, 0.0356188555, 0.0341018023, 0.0403553251, 0.0388262537, 2866.8308, 2749.5538, 761.6200, 17.1408
2025-11-28 00:21:01, 0.0330460812, 0.0327503375, 0.0433824912, 0.0389888997, 2882.9016, 2681.7213, 759.4900, 18.9739
2025-11-28 00:21:07, 0.0347660921, 0.0344656836, 0.0488416781, 0.0492897829, 2793.7812, 2580.5625, 763.0450, 18.5417
2025-11-28 00:21:13, 0.0276644437, 0.0232527705, 0.0467213800, 0.0456704847, 2859.7536, 2747.5652, 758.9550, 18.2300
2025-11-28 00:21:18, 0.0338049821, 0.0309007054, 0.0646820694, 0.0494603925, 2986.4211, 2780.2500, 760.3700, 17.2836
2025-11-28 00:21:24, 0.0347288784, 0.0296414047, 0.0645116004, 0.0427492240, 2929.4242, 2703.1818, 758.8550, 18.1910
2025-11-28 00:21:29, 0.0349392949, 0.0262702822, 0.0562319057, 0.0541618785, 2798.6786, 2587.9881, 761.6300, 16.9963
2025-11-28 00:21:35, 0.0382410988, 0.0304739241, 0.0582082770, 0.0521595073, 3058.2824, 2885.0706, 758.9950, 18.5118
2025-11-28 00:21:41, 0.0594372503, 0.0442091727, 0.0613209934, 0.0581014249, 2875.8929, 2691.9286, 757.0150, 18.0018
2025-11-28 00:21:47, 0.0439496131, 0.0442873357, 0.0439602917, 0.0551487979, 3045.3846, 2858.6462, 759.2250, 18.5336
2025-11-28 00:21:52, 0.0520594678, 0.0572947518, 0.0503215203, 0.0392007567, 2960.4583, 2773.8333, 764.8350, 20.3708
2025-11-28 00:21:58, 0.0485351868, 0.0493767094, 0.0285256837, 0.0303505968, 2834.8500, 2773.2000, 768.2800, 20.6236
2025-11-28 00:22:04, 0.0445832739, 0.0379778250, 0.0415761040, 0.0492888764, 2979.6714, 2778.5857, 760.5300, 16.8238
2025-11-28 00:22:10, 0.0379477635, 0.0361289556, 0.0496645062, 0.0534527562, 2706.8904, 2552.1096, 769.2550, 22.0311
2025-11-28 00:22:15, 0.0413726075, 0.0363648846, 0.0612435143, 0.0388144603, 2893.3968, 2651.7937, 765.6300, 19.8654
2025-11-28 00:22:21, 0.0431846049, 0.0393425660, 0.0516745809, 0.0564281056, 2938.5909, 2773.1667, 768.2350, 18.4144
2025-11-28 00:22:27, 0.0373859603, 0.0403519063, 0.0539086130, 0.0484372236, 2704.8000, 2474.2000, 771.6650, 18.7150
2025-11-28 00:22:32, 0.0496139582, 0.0444736307, 0.0431035120, 0.0427528494, 2726.3390, 2629.9831, 764.8950, 17.8825
2025-11-28 00:22:38, 0.0497961399, 0.0325715653, 0.0380163626, 0.0353878620, 2857.0286, 2757.6143, 766.6200, 19.3190
2025-11-28 00:22:44, 0.0564752760, 0.0480887308, 0.0493588467, 0.0393323262, 2910.3582, 2793.2090, 764.1400, 19.5392
2025-11-28 00:22:50, 0.0546793828, 0.0362461417, 0.0524368067, 0.0552805698, 2806.4762, 2737.9683, 764.9250, 18.6550
2025-11-28 00:22:55, 0.0474782684, 0.0453533427, 0.0327071392, 0.0303519383, 2986.1974, 2757.4342, 767.9300, 20.3930
2025-11-28 00:23:01, 0.0550466762, 0.0491094698, 0.0532922572, 0.0457043326, 2871.4810, 2745.8354, 769.3250, 18.8976
2025-11-28 00:23:07, 0.0373357812, 0.0363627715, 0.0538714221, 0.0418017939, 2858.5862, 2511.4138, 765.9200, 19.2365
2025-11-28 00:23:13, 0.0458283994, 0.0406647831, 0.0452089751, 0.0432542417, 2828.0395, 2690.0921, 766.6150, 21.6050
2025-11-28 00:23:19, 0.0411673127, 0.0356720307, 0.0483748184, 0.0466532722, 2769.4848, 2614.0758, 767.8400, 20.0523
2025-11-28 00:23:24, 0.0450060296, 0.0349322649, 0.0390426417, 0.0361220320, 2838.9565, 2740.0580, 766.9750, 19.9583
2025-11-28 00:23:30, 0.0507000201, 0.0442166207, 0.0323266405, 0.0321891033, 2978.6667, 2723.4127, 767.6000, 18.4686
2025-11-28 00:23:36, 0.0399274243, 0.0607538184, 0.0472053586, 0.0356317619, 2806.1724, 2663.0862, 768.0200, 18.7707
2025-11-28 00:23:42, 0.0344106590, 0.0291148033, 0.0478999970, 0.0350504745, 2844.4026, 2704.5065, 769.1650, 17.7440
2025-11-28 00:23:47, 0.0572871507, 0.0435821795, 0.0440881631, 0.0534172974, 2656.8308, 2585.0000, 768.9500, 20.2234
2025-11-28 00:23:53, 0.0387799925, 0.0323808926, 0.0434467061, 0.0359521327, 2910.3333, 2865.3636, 768.2000, 17.4880
2025-11-28 00:23:59, 0.0344014680, 0.0329599132, 0.0465456949, 0.0425009104, 2953.4444, 2785.8254, 769.3350, 19.0353
2025-11-28 00:24:04, 0.0414443995, 0.0361472010, 0.0390346792, 0.0287282762, 2962.2714, 2629.4857, 770.5650, 19.1456
2025-11-28 00:24:10, 0.0560991420, 0.0461617606, 0.0459427304, 0.0380193873, 2829.8442, 2596.6494, 768.9750, 18.5150
2025-11-28 00:24:16, 0.0530735910, 0.0511655469, 0.0479876345, 0.0362305039, 2787.8857, 2688.3143, 768.4500, 17.4481
2025-11-28 00:24:21, 0.0552494840, 0.0455989285, 0.0515838042, 0.0448840662, 2737.6780, 2551.2542, 760.5050, 20.4805
2025-11-28 00:24:27, 0.0310820947, 0.0321091484, 0.0581291213, 0.0475949846, 2927.3924, 2680.8481, 766.8300, 17.2459
2025-11-28 00:24:33, 0.0430640214, 0.0317605381, 0.0600569143, 0.0623791112, 2875.9851, 2743.7463, 767.9600, 18.1777
2025-11-28 00:24:39, 0.0398351313, 0.0479985343, 0.0394942891, 0.0434084778, 2778.6111, 2600.5370, 760.5050, 19.8315
2025-11-28 00:24:45, 0.0459725727, 0.0324779680, 0.0644029643, 0.0699830934, 2865.9722, 2757.5972, 760.9200, 18.5923
2025-11-28 00:24:50, 0.0380304977, 0.0355653039, 0.0466855867, 0.0464212583, 2819.9365, 2714.8413, 761.1500, 16.5414
2025-11-28 00:24:56, 0.0585507869, 0.0468830973, 0.0489366192, 0.0362408679, 3022.7879, 2801.5606, 767.2750, 17.8785
2025-11-28 00:25:02, 0.0590183069, 0.0524086853, 0.0579438955, 0.0332039446, 2793.7200, 2727.2933, 763.5500, 17.5168
2025-11-28 00:25:07, 0.0474417684, 0.0455729572, 0.0555423781, 0.0603028823, 2899.5652, 2789.8841, 761.7850, 18.3213
2025-11-28 00:25:13, 0.0596207573, 0.0489150097, 0.0467627405, 0.0383740861, 2739.0286, 2560.4143, 762.3300, 17.2847
2025-11-28 00:25:19, 0.0393110615, 0.0389993195, 0.0507131735, 0.0447761263, 2818.8636, 2710.5758, 760.4400, 17.2130
2025-11-28 00:25:24, 0.0368081855, 0.0270204354, 0.0628818250, 0.0685433091, 2696.1974, 2576.0395, 762.4150, 18.2785
2025-11-28 00:25:30, 0.0281996120, 0.0233914668, 0.0773268877, 0.0703148559, 2722.7746, 2646.9296, 764.9800, 16.1006
2025-11-28 00:25:36, 0.0463895935, 0.0406960903, 0.0584150782, 0.0454595801, 2885.6923, 2611.3077, 763.7650, 18.2211
2025-11-28 00:25:42, 0.0484230703, 0.0408342752, 0.0729312891, 0.0737072740, 2967.0563, 2937.9155, 760.4900, 17.3934
2025-11-28 00:25:47, 0.0561118918, 0.0315240742, 0.0538926217, 0.0308330789, 2745.0167, 2641.3500, 758.4450, 17.0619
2025-11-28 00:25:53, 0.0362977579, 0.0300083244, 0.0749245225, 0.0439785285, 3007.6780, 2846.1186, 754.9350, 17.9224
2025-11-28 00:25:59, 0.0387281336, 0.0294074618, 0.0606442776, 0.0613016892, 2837.1538, 2690.2462, 757.3750, 16.7184
2025-11-28 00:26:05, 0.0254622640, 0.0234673851, 0.0644423261, 0.0830281075, 2968.9683, 2870.5079, 760.0200, 18.0848
2025-11-28 00:26:11, 0.0283736332, 0.0224455843, 0.0645532784, 0.0769842476, 2810.1053, 2657.6184, 758.5650, 18.4742
2025-11-28 00:26:16, 0.0313312340, 0.0280878679, 0.0508810514, 0.0384099510, 2697.4844, 2539.0625, 758.9000, 16.9776
2025-11-28 00:26:22, 0.0298411026, 0.0218979738, 0.0642244363, 0.0635679074, 2531.4833, 2525.6000, 756.6700, 16.9396
2025-11-28 00:26:28, 0.0320808607, 0.0224339996, 0.0585881881, 0.0727630063, 2655.8378, 2523.7973, 756.9500, 18.6421
2025-11-28 00:26:33, 0.0281413735, 0.0278923647, 0.0667367587, 0.0802041943, 2933.9104, 2750.4627, 757.4600, 19.0617
2025-11-28 00:26:39, 0.0272297306, 0.0223340243, 0.0664672827, 0.0710125225, 2822.6974, 2675.1184, 757.1100, 17.5962
2025-11-28 00:26:45, 0.0301866481, 0.0246286242, 0.0844423956, 0.0897993096, 2727.4359, 2596.2564, 757.9700, 19.4031
2025-11-28 00:26:50, 0.0333166681, 0.0281251416, 0.0924185364, 0.0718242755, 2895.8966, 2673.4483, 759.1650, 18.8478
2025-11-28 00:26:56, 0.0347931487, 0.0313584737, 0.0600119490, 0.0615108160, 2734.3433, 2602.0000, 756.3900, 17.9078
2025-11-28 00:27:02, 0.0646923559, 0.0446151227, 0.0566089031, 0.0525980006, 2841.5781, 2760.5781, 756.4800, 18.0989
2025-11-28 00:27:08, 0.0433957722, 0.0316331886, 0.0552321114, 0.0692340121, 2774.5753, 2777.5479, 754.9600, 18.5545
2025-11-28 00:27:13, 0.0344466251, 0.0293515819, 0.0779756025, 0.0552000787, 3048.1311, 2844.1475, 763.6400, 17.1397
2025-11-28 00:27:19, 0.0443574768, 0.0339479732, 0.0980301425, 0.0908135578, 2758.2683, 2678.8293, 762.3500, 18.0565
2025-11-28 00:27:25, 0.0386584604, 0.0286248707, 0.0948711953, 0.0506962616, 2991.4576, 2750.5593, 758.7300, 19.5519
2025-11-28 00:27:30, 0.0411953898, 0.0341256957, 0.0495626516, 0.0523038509, 2902.2951, 2679.1639, 759.2300, 17.9270
2025-11-28 00:27:36, 0.0390386227, 0.0344293930, 0.0516192497, 0.0505621562, 2727.7391, 2623.4348, 760.9000, 18.9684
2025-11-28 00:27:42, 0.0220245397, 0.0183117406, 0.0606763913, 0.0764392846, 2833.4625, 2648.6375, 761.3250, 17.9739
2025-11-28 00:27:47, 0.0306115262, 0.0244484407, 0.0511631432, 0.0553471864, 2894.7037, 2696.8395, 760.5050, 18.2170
2025-11-28 00:27:53, 0.0307500042, 0.0296782749, 0.0439069648, 0.0562803386, 2970.9077, 2753.6923, 760.7200, 18.8627
2025-11-28 00:27:59, 0.0311479066, 0.0363015188, 0.0487652828, 0.0605160734, 2754.7206, 2549.1471, 758.7950, 18.1097
2025-11-28 00:28:05, 0.0375124502, 0.0386198092, 0.0625481595, 0.0539499806, 2900.5000, 2799.2794, 761.1750, 18.6318
2025-11-28 00:28:10, 0.0345955659, 0.0340695403, 0.0508263892, 0.0656175274, 2880.5926, 2742.0556, 758.4750, 17.4682
2025-11-28 00:28:16, 0.0340555041, 0.0305400450, 0.0739726051, 0.0596766842, 2862.0145, 2783.6957, 758.3550, 18.3205
2025-11-28 00:28:22, 0.0424109764, 0.0264924305, 0.0496735360, 0.0591368467, 2590.8169, 2609.6901, 759.9250, 20.7043
2025-11-28 00:28:27, 0.0308813661, 0.0263366678, 0.0582557180, 0.0607924239, 2750.2532, 2641.4430, 762.0500, 19.5148
2025-11-28 00:28:33, 0.0365244886, 0.0356673686, 0.0754118280, 0.0504774549, 2930.1528, 2788.4167, 760.6050, 20.0676
2025-11-28 00:28:39, 0.0270396400, 0.0245433574, 0.0650947935, 0.0702043727, 2819.7941, 2701.6765, 760.1000, 21.9738
2025-11-28 00:28:45, 0.0275798212, 0.0234656425, 0.0680433427, 0.0686628919, 2966.7538, 2797.3538, 759.9950, 20.1672
2025-11-28 00:28:50, 0.0306267496, 0.0295151673, 0.0601594521, 0.0731960682, 2576.4808, 2675.0577, 759.1600, 19.0204
2025-11-28 00:28:56, 0.0398477531, 0.0313898018, 0.0578243431, 0.0714830468, 2811.3214, 2614.9821, 761.6050, 20.9060
2025-11-28 00:29:02, 0.0304476475, 0.0269436511, 0.0469253689, 0.0516189304, 2810.3836, 2823.2740, 761.0000, 17.6695
2025-11-28 00:29:08, 0.0437210272, 0.0346155050, 0.0576516210, 0.0372373268, 2949.6230, 2772.3115, 760.8700, 18.2429
2025-11-28 00:29:14, 0.0319592813, 0.0226840387, 0.0580834835, 0.0501972458, 2812.2771, 2535.3373, 758.7150, 17.6543
2025-11-28 00:29:19, 0.0371267042, 0.0364304936, 0.0461705191, 0.0703871937, 2792.2456, 2672.7719, 760.2950, 19.6855
2025-11-28 00:29:25, 0.0358456586, 0.0309760691, 0.0763398381, 0.0536400288, 2733.0606, 2749.8939, 760.5150, 18.2261
2025-11-28 00:29:31, 0.0342231538, 0.0275345803, 0.0709054427, 0.0601252537, 2861.3247, 2661.1039, 762.5150, 17.5513
2025-11-28 00:29:37, 0.0314927683, 0.0308375211, 0.0513060234, 0.0554129078, 2719.8167, 2631.2667, 763.8750, 19.5154
2025-11-28 00:29:42, 0.0259958524, 0.0249282091, 0.0558078062, 0.0633200564, 2931.6056, 2713.8451, 764.3300, 17.2421
2025-11-28 00:29:48, 0.0378210863, 0.0233515910, 0.0615004606, 0.0589185061, 2744.0545, 2707.4727, 766.1500, 17.6567
2025-11-28 00:29:54, 0.0296719977, 0.0221011227, 0.0616482858, 0.0488581714, 2919.4262, 2749.8852, 765.5750, 19.3565
2025-11-28 00:29:59, 0.0318031120, 0.0264195079, 0.0637661662, 0.0656266861, 2849.9130, 2810.4348, 765.8150, 18.1334
2025-11-28 00:30:05, 0.0276522225, 0.0216791655, 0.0586056519, 0.0764548543, 2700.7821, 2599.9615, 765.9550, 18.9083
2025-11-28 00:30:11, 0.0261702314, 0.0252078426, 0.0578145250, 0.0598197029, 2830.0423, 2779.4366, 765.6650, 17.5343
2025-11-28 00:30:17, 0.0358157670, 0.0233582851, 0.0574718032, 0.0437254395, 2729.0500, 2580.4667, 765.2950, 16.0542
2025-11-28 00:30:22, 0.0213150802, 0.0189642988, 0.0655460881, 0.0464384538, 2885.4750, 2725.6875, 763.9900, 18.4209
2025-11-28 00:30:28, 0.0321672339, 0.0262945385, 0.0683187696, 0.0613364362, 2802.7108, 2656.3614, 765.4300, 17.2443
2025-11-28 00:30:34, 0.0267072338, 0.0267354105, 0.0759237105, 0.0523888681, 2807.3684, 2628.3509, 767.0650, 16.7842
2025-11-28 00:30:40, 0.0439306622, 0.0335541994, 0.0556929981, 0.0453062015, 2815.6471, 2612.3235, 764.7050, 16.6925
2025-11-28 00:30:46, 0.0292435686, 0.0215601412, 0.0647586363, 0.0511776288, 2797.5287, 2690.1379, 762.6300, 16.5594
2025-11-28 00:30:51, 0.0255306684, 0.0272226725, 0.0352045419, 0.0508028114, 2733.1692, 2630.7231, 764.5850, 17.5995
2025-11-28 00:30:57, 0.0278859870, 0.0299370821, 0.0687475506, 0.0544462558, 2921.1818, 2650.8636, 765.2400, 17.7085
2025-11-28 00:31:02, 0.0298993948, 0.0256969192, 0.0521753715, 0.0462107742, 2768.6351, 2639.2432, 763.5200, 18.1948
2025-11-28 00:31:08, 0.0299793915, 0.0200021119, 0.0742968925, 0.0679321010, 2805.9467, 2576.2933, 768.3450, 18.8959
2025-11-28 00:31:14, 0.0246984418, 0.0285407904, 0.0722460531, 0.0581359906, 2790.8448, 2637.6897, 765.0050, 18.3130
2025-11-28 00:31:20, 0.0253387537, 0.0164039788, 0.0921507041, 0.0506178135, 2816.7586, 2681.8736, 768.2850, 16.9586
2025-11-28 00:31:26, 0.0205729543, 0.0180376153, 0.0746123575, 0.0748713533, 2810.3710, 2603.2097, 767.7750, 18.5425
2025-11-28 00:31:31, 0.0220874530, 0.0227086132, 0.0495763783, 0.0454406914, 2914.5278, 2658.7639, 767.9150, 18.9364
2025-11-28 00:31:37, 0.0306341048, 0.0288797027, 0.0719843248, 0.0489203550, 3001.0746, 2822.3881, 769.2150, 17.8297
2025-11-28 00:31:43, 0.0212251585, 0.0202919046, 0.0555549327, 0.0407383440, 2742.8267, 2561.7467, 768.1950, 17.8577
2025-11-28 00:31:49, 0.0226366038, 0.0200501168, 0.0930861142, 0.0399776832, 2784.3051, 2559.3390, 769.7550, 18.4809
2025-11-28 00:31:55, 0.0266180893, 0.0223493998, 0.0460651737, 0.0416163379, 2806.3973, 2481.6164, 768.5950, 17.7446
2025-11-28 00:32:00, 0.0183228076, 0.0201321594, 0.0812815740, 0.0599788028, 2693.3951, 2397.3457, 769.2550, 18.4721
2025-11-28 00:32:06, 0.0309394287, 0.0223329309, 0.0677231341, 0.0436182108, 2838.2394, 2697.9155, 771.3500, 18.1807
2025-11-28 00:32:11, 0.0125384345, 0.0201313517, 0.0692807885, 0.0606167424, 2892.5256, 2540.0256, 772.1050, 19.4228
2025-11-28 00:32:17, 0.0288880693, 0.0223238920, 0.0696568972, 0.0718042954, 2879.0000, 2756.4789, 771.3600, 19.3809
2025-11-28 00:32:23, 0.0168335587, 0.0163418101, 0.0721352058, 0.0460086206, 2770.3824, 2397.5441, 772.6550, 19.6190
2025-11-28 00:32:29, 0.0105351975, 0.0148870234, 0.0821338552, 0.0926940121, 2669.0814, 2471.8372, 769.2900, 18.9770
2025-11-28 00:32:35, 0.0091130391, 0.0144319696, 0.0848574597, 0.0843701518, 2904.7297, 2674.7973, 766.7750, 15.9253
2025-11-28 00:32:41, 0.0128562396, 0.0140161470, 0.0688010969, 0.0759178788, 2601.2316, 2269.4632, 767.5950, 18.0203
2025-11-28 00:32:46, 0.0165447926, 0.0131839704, 0.0656787310, 0.0635481856, 2722.8611, 2392.5000, 769.4450, 17.8426
2025-11-28 00:32:52, 0.0255297424, 0.0254535650, 0.0563595049, 0.0592283418, 2861.0233, 2650.8372, 768.0700, 16.0644
2025-11-28 00:32:58, 0.0244027079, 0.0200590781, 0.0816612001, 0.0736270024, 2774.8219, 2463.2192, 767.5300, 17.6386
2025-11-28 00:33:04, 0.0207788999, 0.0177615563, 0.0689455022, 0.0526892943, 2594.1236, 2447.0337, 763.3150, 18.1015
2025-11-28 00:33:10, 0.0208418286, 0.0150878411, 0.0949799902, 0.0629701306, 2694.6234, 2507.4545, 763.2600, 18.3764
2025-11-28 00:33:15, 0.0127822797, 0.0174612301, 0.0745198544, 0.0641095442, 2791.8400, 2483.9200, 766.1000, 15.9753
2025-11-28 00:33:21, 0.0145468993, 0.0199072480, 0.0961005899, 0.0666450595, 2825.9881, 2576.9048, 764.3750, 19.7693
2025-11-28 00:33:27, 0.0288011604, 0.0196821569, 0.0732575325, 0.0683708259, 2790.8642, 2591.5802, 757.9700, 18.4041
2025-11-28 00:33:32, 0.0239862227, 0.0222359252, 0.0682622972, 0.0526100362, 2836.4535, 2573.7326, 764.0850, 18.6252
2025-11-28 00:33:38, 0.0189175958, 0.0180711617, 0.0711427591, 0.0754338798, 2771.6081, 2633.5676, 763.1050, 18.6835
2025-11-28 00:33:44, 0.0176968478, 0.0206281636, 0.1011348425, 0.0528210243, 2983.7467, 2599.8267, 765.3950, 17.5479
2025-11-28 00:33:50, 0.0234833706, 0.0177031148, 0.0691286678, 0.0673929431, 2703.1585, 2492.0244, 760.1900, 18.5382
2025-11-28 00:33:56, 0.0210816659, 0.0140373670, 0.0693089472, 0.0560621211, 2702.9394, 2551.2525, 763.1600, 23.3537
2025-11-28 00:34:01, 0.0222752071, 0.0169447379, 0.0790375705, 0.0749162869, 2600.7143, 2453.3571, 758.0600, 17.4973
2025-11-28 00:34:07, 0.0189052295, 0.0201822975, 0.0688647021, 0.0678912804, 2919.5769, 2646.0000, 765.2300, 19.1770
2025-11-28 00:34:13, 0.0105835754, 0.0134952859, 0.0648944083, 0.0555788171, 2562.8750, 2420.7604, 758.1100, 19.8901
2025-11-28 00:34:18, 0.0221243045, 0.0171563333, 0.0984820041, 0.0570135870, 2779.2740, 2497.8904, 758.0050, 18.1363
2025-11-28 00:34:24, 0.0235847739, 0.0218085182, 0.0846381569, 0.0667215185, 2785.6753, 2598.2597, 762.7650, 19.2940
2025-11-28 00:34:30, 0.0271173457, 0.0237363249, 0.0765397871, 0.0587768485, 2822.4706, 2591.4559, 761.7850, 19.3323
2025-11-28 00:34:36, 0.0238340489, 0.0249061994, 0.0736530077, 0.0782074629, 2708.6712, 2618.0822, 763.4400, 19.5442
2025-11-28 00:34:41, 0.0305402459, 0.0227400570, 0.0713598339, 0.0693674493, 2828.7353, 2781.5294, 761.8100, 21.3589
2025-11-28 00:34:47, 0.0288222750, 0.0206737046, 0.0587949529, 0.0676533310, 2755.8523, 2731.7045, 762.0050, 19.9556
2025-11-28 00:34:53, 0.0239514474, 0.0212598775, 0.0641656287, 0.0570663919, 2721.1818, 2631.2078, 758.2000, 18.1670
2025-11-28 00:34:59, 0.0252569761, 0.0230489655, 0.0582336937, 0.0548498793, 2814.5781, 2594.7656, 764.1950, 21.9378
2025-11-28 00:35:04, 0.0219016697, 0.0213147644, 0.0576358371, 0.0602696062, 2793.0822, 2577.3151, 756.8450, 20.0968
2025-11-28 00:35:10, 0.0384217896, 0.0220961543, 0.0855262312, 0.0737731431, 3042.4444, 2857.2099, 755.1400, 16.8526
2025-11-28 00:35:16, 0.0223756916, 0.0160033006, 0.0547992556, 0.0491183883, 2492.7349, 2258.0361, 757.1100, 18.3594
2025-11-28 00:35:21, 0.0239620218, 0.0155284615, 0.0526874079, 0.0436442387, 2629.5670, 2504.5361, 756.1850, 18.0652
2025-11-28 00:35:27, 0.0253524759, 0.0188756136, 0.0562909740, 0.0543109296, 2739.0244, 2425.7439, 756.3400, 18.3746
2025-11-28 00:35:33, 0.0222065256, 0.0180123451, 0.0439029038, 0.0504124845, 2783.5696, 2445.6962, 757.5950, 19.8056
2025-11-28 00:35:38, 0.0198303892, 0.0185676891, 0.0573721556, 0.0626664413, 2615.4891, 2506.6196, 754.0100, 18.5618
2025-11-28 00:35:44, 0.0271985038, 0.0159102617, 0.0434414939, 0.0518084511, 2669.8133, 2534.8667, 760.8300, 18.8072
2025-11-28 00:35:50, 0.0235255208, 0.0213758251, 0.0659971890, 0.0607055093, 2823.7848, 2579.6962, 756.4700, 18.3106
2025-11-28 00:35:56, 0.0212814653, 0.0212897795, 0.0446688090, 0.0481112239, 2757.6383, 2634.8723, 758.2150, 19.7246
2025-11-28 00:36:01, 0.0181203046, 0.0201515552, 0.0519871158, 0.0686495528, 2878.7857, 2643.5143, 758.4200, 19.0119
2025-11-28 00:36:07, 0.0181566775, 0.0179782219, 0.0595554942, 0.0365819228, 2787.6494, 2444.7532, 763.9450, 18.7947
2025-11-28 00:36:13, 0.0160618990, 0.0199654080, 0.0530651241, 0.0726499700, 2716.0482, 2543.9518, 759.1350, 18.2542
2025-11-28 00:36:19, 0.0209381344, 0.0162715067, 0.0491616273, 0.0529268193, 2816.8776, 2626.9490, 760.4500, 18.9301
2025-11-28 00:36:24, 0.0210098761, 0.0168799579, 0.0963936406, 0.0588862126, 2843.3059, 2439.4706, 759.0700, 18.9490
2025-11-28 00:36:30, 0.0212526793, 0.0193574453, 0.0734862644, 0.0810174442, 2829.8571, 2614.3175, 760.5800, 17.8769
2025-11-28 00:36:36, 0.0176975580, 0.0119667957, 0.0661143159, 0.0645809893, 2718.6400, 2521.5067, 758.7750, 18.2432
2025-11-28 00:36:42, 0.0194578859, 0.0163304390, 0.0704335034, 0.0575828773, 2778.2027, 2484.4730, 759.2150, 17.7811
2025-11-28 00:36:47, 0.0192472205, 0.0153093802, 0.0783632540, 0.0885658004, 2605.5185, 2417.1728, 760.8850, 16.6812
2025-11-28 00:36:53, 0.0123457506, 0.0165376228, 0.0725207981, 0.0672047745, 2824.6067, 2527.1685, 755.6650, 18.0608
2025-11-28 00:36:59, 0.0121835674, 0.0154706396, 0.0718095104, 0.0593624047, 2828.6591, 2594.4773, 759.0900, 16.7959
2025-11-28 00:37:05, 0.0137216973, 0.0130480973, 0.0563320992, 0.0646483317, 2533.9589, 2382.4521, 760.0400, 17.1081
2025-11-28 00:37:11, 0.0165780394, 0.0135363487, 0.1091239690, 0.0872122030, 2920.8182, 2593.6494, 760.0050, 16.2919
2025-11-28 00:37:16, 0.0191503426, 0.0139430179, 0.0508326366, 0.0641358815, 2578.1867, 2405.7733, 761.0950, 18.6753
2025-11-28 00:37:22, 0.0085526731, 0.0138823272, 0.0578733506, 0.0794328159, 2658.6027, 2420.4110, 759.1550, 17.7438
2025-11-28 00:37:27, 0.0159340617, 0.0129075854, 0.0703481238, 0.0709468598, 2617.5287, 2484.0230, 756.2000, 16.6469
2025-11-28 00:37:33, 0.0110431004, 0.0134372272, 0.0747810432, 0.0606114658, 2694.8500, 2475.0375, 754.5600, 17.3789
2025-11-28 00:37:40, 0.0221253211, 0.0158580053, 0.0393493757, 0.0548251876, 2748.8333, 2605.1410, 752.5050, 18.1816
2025-11-28 00:37:46, 0.0238189499, 0.0213794919, 0.0740702099, 0.0509287782, 2861.7297, 2503.7162, 753.7300, 19.1733
2025-11-28 00:37:52, 0.0267493812, 0.0221380155, 0.0605032194, 0.0547768131, 2929.8378, 2608.1081, 756.7250, 17.4559
2025-11-28 00:37:57, 0.0133877081, 0.0204778040, 0.0718260761, 0.0452568018, 2578.0156, 2488.8750, 757.7050, 18.6233
2025-11-28 00:38:03, 0.0226559518, 0.0220010594, 0.0618470132, 0.0638105016, 2812.9773, 2590.9659, 758.3950, 18.1182
2025-11-28 00:38:09, 0.0154916126, 0.0143134432, 0.0408061853, 0.0568260586, 2547.9798, 2314.0000, 757.9550, 16.9966
2025-11-28 00:38:14, 0.0198715109, 0.0189345354, 0.0401392881, 0.0429758567, 2895.0500, 2656.7375, 757.8250, 16.9954
2025-11-28 00:38:20, 0.0250044961, 0.0176356646, 0.0345461333, 0.0404943959, 2827.2840, 2494.3580, 758.6100, 17.6790
2025-11-28 00:38:26, 0.0244982093, 0.0156537903, 0.0350443383, 0.0402844436, 2600.1023, 2396.9091, 755.1550, 16.6048
2025-11-28 00:38:31, 0.0134407322, 0.0183770292, 0.0388785426, 0.0378958569, 2765.9082, 2540.6837, 757.5350, 16.8181
2025-11-28 00:38:37, 0.0219018157, 0.0196555395, 0.0374174236, 0.0437176132, 2715.4321, 2449.9259, 757.3400, 17.5278
2025-11-28 00:38:43, 0.0261839458, 0.0253109913, 0.0357272390, 0.0321855269, 2744.1370, 2439.9315, 758.8350, 18.6228
2025-11-28 00:38:49, 0.0313880112, 0.0197869784, 0.0649591676, 0.0426017698, 2787.3253, 2360.4217, 754.9200, 17.0635
2025-11-28 00:38:55, 0.0334102780, 0.0316197087, 0.0493894826, 0.0343960389, 2968.1733, 2651.5467, 756.1450, 17.7832
2025-11-28 00:39:00, 0.0193284123, 0.0162176557, 0.0512638681, 0.0439120419, 2762.8800, 2494.6800, 756.2350, 18.2672
2025-11-28 00:39:06, 0.0260827347, 0.0231275751, 0.0413355296, 0.0405094282, 2816.2987, 2481.2727, 755.9000, 18.0200
2025-11-28 00:39:12, 0.0294489234, 0.0256047843, 0.0627762190, 0.0636695700, 2771.6111, 2540.0278, 754.7700, 17.1218
2025-11-28 00:39:17, 0.0307546529, 0.0241222389, 0.0479733479, 0.0464815935, 2880.2941, 2621.3824, 759.5800, 18.5670
2025-11-28 00:39:23, 0.0387675758, 0.0366691051, 0.0259059046, 0.0307951250, 2775.2131, 2609.3115, 757.5550, 17.6101
2025-11-28 00:39:29, 0.0236418859, 0.0254952882, 0.0380326284, 0.0525454514, 2869.3788, 2663.1515, 761.9500, 17.7228
2025-11-28 00:39:35, 0.0413837273, 0.0322574825, 0.0455282094, 0.0398946885, 2902.9531, 2640.5312, 760.8350, 18.4073
2025-11-28 00:39:40, 0.0240562023, 0.0219456652, 0.0569244325, 0.0383146341, 2866.1158, 2555.8526, 760.4150, 20.7981
2025-11-28 00:39:46, 0.0146992905, 0.0149724910, 0.0570272245, 0.0485003378, 2729.7159, 2376.8864, 753.3100, 17.9085
2025-11-28 00:39:52, 0.0116837084, 0.0149939130, 0.0412445171, 0.0351429810, 2702.2159, 2348.8864, 756.8800, 19.1767
2025-11-28 00:39:57, 0.0297572188, 0.0201656071, 0.0334329827, 0.0358060301, 2830.6974, 2484.8684, 753.7100, 19.2740
2025-11-28 00:40:03, 0.0173567955, 0.0156867716, 0.0443748990, 0.0364082578, 2902.1392, 2468.9620, 757.4750, 18.9876
2025-11-28 00:40:09, 0.0255767497, 0.0213505134, 0.0524187623, 0.0569875614, 2810.2933, 2504.0267, 755.7800, 18.1956
2025-11-28 00:40:15, 0.0189296789, 0.0137865787, 0.0461266825, 0.0461068233, 2620.4940, 2501.1807, 756.8750, 17.5898
2025-11-28 00:40:20, 0.0191781739, 0.0151063707, 0.0429943666, 0.0369104097, 2635.8421, 2325.9079, 756.8250, 18.7706
2025-11-28 00:40:26, 0.0214461467, 0.0168071095, 0.0442784730, 0.0390617783, 2709.5978, 2485.8913, 754.9300, 17.8131
2025-11-28 00:40:32, 0.0213702370, 0.0180589398, 0.0476191578, 0.0399482336, 2725.4026, 2515.9740, 758.1150, 19.7844
2025-11-28 00:40:37, 0.0097578744, 0.0164659523, 0.0368032825, 0.0357483144, 2647.7349, 2396.4699, 756.0850, 18.3128
2025-11-28 00:40:43, 0.0211326517, 0.0182986727, 0.0596158653, 0.0351803609, 2694.0256, 2388.5641, 756.2700, 18.5552
2025-11-28 00:40:49, 0.0233466730, 0.0213940093, 0.0388664967, 0.0314184599, 2691.2647, 2497.9265, 762.9850, 17.5061
2025-11-28 00:40:55, 0.0182054008, 0.0200668513, 0.0350614498, 0.0407912441, 2772.7857, 2544.2143, 761.5950, 18.5626
2025-11-28 00:41:00, 0.0261171171, 0.0216714891, 0.0599918446, 0.0393785498, 2810.8052, 2419.0260, 761.3550, 17.7834
2025-11-28 00:41:06, 0.0117733217, 0.0206790083, 0.0637243829, 0.0411581947, 2849.2237, 2488.8158, 761.0900, 19.8051
2025-11-28 00:41:12, 0.0162909273, 0.0147974368, 0.0622412336, 0.0425333995, 2701.4416, 2410.6234, 764.9900, 18.4469
2025-11-28 00:41:18, 0.0311510995, 0.0303036387, 0.0222281326, 0.0271154866, 2865.9508, 2531.0164, 765.8050, 18.6083
2025-11-28 00:41:24, 0.0347385767, 0.0295784773, 0.0403881629, 0.0409686565, 2871.8281, 2670.5938, 766.0850, 18.2447
2025-11-28 00:41:30, 0.0419883155, 0.0337666062, 0.0397909346, 0.0481477294, 2793.4815, 2583.5432, 765.1850, 18.9761
2025-11-28 00:41:35, 0.0357532256, 0.0308439263, 0.0503637027, 0.0400306290, 2898.0441, 2670.1324, 767.8500, 18.8962
2025-11-28 00:41:41, 0.0349458590, 0.0283604885, 0.0362992607, 0.0320195703, 2904.2955, 2621.1591, 765.2250, 15.7773
2025-11-28 00:41:47, 0.0295794685, 0.0278037886, 0.0526064153, 0.0310166909, 2782.4487, 2459.4231, 767.1400, 17.9341
2025-11-28 00:41:53, 0.0278463367, 0.0228947517, 0.0344268923, 0.0499879174, 2798.2571, 2573.1429, 768.1600, 16.3867
2025-11-28 00:41:58, 0.0192164603, 0.0211866602, 0.0400937330, 0.0383833326, 2716.2059, 2423.2941, 767.0500, 16.1074
2025-11-28 00:42:04, 0.0214480199, 0.0197789770, 0.0628900018, 0.0461936655, 2837.7065, 2584.1413, 765.8200, 17.4117
2025-11-28 00:42:10, 0.0308336265, 0.0243889440, 0.0431154863, 0.0509938711, 2893.0390, 2564.6104, 765.8400, 17.8209
2025-11-28 00:42:15, 0.0299989996, 0.0269468363, 0.0563423585, 0.0638081278, 3008.8382, 2655.5000, 767.7050, 16.8252
2025-11-28 00:42:21, 0.0248270588, 0.0235639988, 0.0680293606, 0.0529213831, 2870.0270, 2569.3108, 765.0700, 18.4953
2025-11-28 00:42:27, 0.0217118220, 0.0206864334, 0.0432856350, 0.0405375039, 2793.4940, 2517.9157, 764.9800, 18.6056
2025-11-28 00:42:32, 0.0191977395, 0.0179955739, 0.0464949466, 0.0442717994, 2778.2688, 2438.4946, 763.1850, 17.1852
2025-11-28 00:42:38, 0.0270271554, 0.0214854541, 0.0436519554, 0.0367194790, 2861.9012, 2590.6790, 767.1100, 17.0953
2025-11-28 00:42:44, 0.0237024439, 0.0228907440, 0.0371313776, 0.0425018348, 2793.4375, 2632.6875, 764.1400, 17.1035
2025-11-28 00:42:50, 0.0217670285, 0.0238367213, 0.0473428604, 0.0456806805, 2899.6292, 2679.2135, 762.8800, 17.4638
2025-11-28 00:42:55, 0.0270919962, 0.0214143095, 0.0482011122, 0.0284228806, 2750.9429, 2432.6000, 766.2050, 19.0456
2025-11-28 00:43:01, 0.0245086055, 0.0281247971, 0.0347324759, 0.0381023020, 2794.0000, 2557.6000, 761.8600, 19.0184
2025-11-28 00:43:07, 0.0466204982, 0.0467416870, 0.0508315101, 0.0521884646, 2879.2838, 2726.1216, 758.2100, 20.7730
2025-11-28 00:43:12, 0.0368909196, 0.0280487840, 0.0465693116, 0.0576990118, 2872.4507, 2749.5352, 761.4050, 19.8749
2025-11-28 00:43:18, 0.0408502656, 0.0398362052, 0.0282884550, 0.0265906290, 2936.2667, 2696.0333, 760.2800, 20.1443
2025-11-28 00:43:24, 0.0330600043, 0.0306650209, 0.0453116576, 0.0303468900, 2973.0263, 2635.8684, 761.5400, 18.8069
2025-11-28 00:43:29, 0.0391455116, 0.0379064790, 0.0340349538, 0.0338833889, 2774.5161, 2528.3065, 764.9300, 19.1443
2025-11-28 00:43:35, 0.0210271514, 0.0202806457, 0.0420186954, 0.0364601209, 2830.9130, 2571.4239, 763.3200, 20.2323
2025-11-28 00:43:41, 0.0294965407, 0.0212530522, 0.0370289318, 0.0398676437, 2822.7671, 2445.2740, 761.6550, 20.5919
2025-11-28 00:43:47, 0.0209351152, 0.0158163463, 0.0521838253, 0.0352867452, 2647.7841, 2419.9205, 760.0250, 20.6435
2025-11-28 00:43:53, 0.0284527072, 0.0225746883, 0.0440967187, 0.0372879342, 2802.8659, 2497.9146, 761.0600, 20.0718
2025-11-28 00:43:59, 0.0253364346, 0.0175416069, 0.0481133269, 0.0430269469, 2858.1264, 2563.8506, 763.7950, 18.8176
2025-11-28 00:44:04, 0.0345210641, 0.0243484958, 0.0496085849, 0.0421685657, 2858.0130, 2642.2727, 764.6450, 19.7276
2025-11-28 00:44:10, 0.0252172827, 0.0198855741, 0.0590549721, 0.0468109616, 2802.3014, 2532.5068, 760.2900, 20.0753
2025-11-28 00:44:16, 0.0240665556, 0.0169158953, 0.0364216110, 0.0509532286, 2884.0349, 2622.6395, 759.8500, 20.0382
2025-11-28 00:44:21, 0.0252103987, 0.0231988569, 0.0892118990, 0.0686042826, 2804.4756, 2468.5000, 760.9100, 21.2123
2025-11-28 00:44:27, 0.0184786056, 0.0167196587, 0.0725711745, 0.0767242720, 2705.3034, 2460.9888, 761.5650, 19.4323
2025-11-28 00:44:33, 0.0178043878, 0.0158014082, 0.0624617503, 0.0685415823, 2676.9529, 2469.8353, 763.7550, 17.3987
2025-11-28 00:44:39, 0.0126146957, 0.0171951292, 0.0583843276, 0.0595248756, 2978.3333, 2564.1398, 761.2250, 20.5201
2025-11-28 00:44:44, 0.0166136778, 0.0127665435, 0.0418657607, 0.0449203022, 2585.3441, 2371.5806, 762.6150, 17.8546
2025-11-28 00:44:50, 0.0216131769, 0.0167508489, 0.0451989523, 0.0641339762, 2704.8293, 2483.8659, 763.3950, 17.8174
2025-11-28 00:44:56, 0.0134629504, 0.0146903181, 0.0489855340, 0.0328517904, 2733.4524, 2414.1429, 759.8400, 18.3702
2025-11-28 00:45:02, 0.0146308249, 0.0155254099, 0.0944994691, 0.0463473580, 2724.9444, 2341.1000, 756.6750, 17.5977
2025-11-28 00:45:08, 0.0137819471, 0.0106247388, 0.0949825500, 0.0558320666, 2574.8571, 2267.2857, 762.1150, 19.8877
2025-11-28 00:45:13, 0.0065355918, 0.0105544544, 0.0765983774, 0.0493534487, 2377.2636, 2164.8909, 761.9500, 19.1473
2025-11-28 00:45:19, 0.0079960408, 0.0113063681, 0.0674635276, 0.0661132713, 2441.9500, 2266.2375, 762.4400, 18.4834
2025-11-28 00:45:25, 0.0098560633, 0.0143893367, 0.0983764180, 0.0760268594, 2454.8289, 2277.7763, 761.4250, 18.3430
2025-11-28 00:45:31, 0.0185782846, 0.0173950793, 0.0807098926, 0.0650648488, 2749.2738, 2521.1905, 761.0050, 18.5396
2025-11-28 00:45:37, 0.0175037404, 0.0223689800, 0.0857182649, 0.0799366828, 2586.0465, 2390.8605, 763.6100, 17.9669
2025-11-28 00:45:42, 0.0217036658, 0.0200500917, 0.0564622614, 0.0530095005, 2730.3878, 2551.8367, 762.9500, 18.0620
2025-11-28 00:45:48, 0.0229526778, 0.0215195063, 0.0655011855, 0.0343891326, 2772.9167, 2535.5278, 761.3350, 18.8259
2025-11-28 00:45:54, 0.0286504265, 0.0224925594, 0.0493549744, 0.0484973826, 2686.4737, 2537.0263, 763.6550, 17.7447
2025-11-28 00:45:59, 0.0377096347, 0.0313153460, 0.0404151015, 0.0390645800, 2810.1905, 2646.9365, 763.4050, 17.5326
2025-11-28 00:46:06, 0.0364447760, 0.0293842055, 0.0396922091, 0.0409290690, 2739.6724, 2661.5690, 760.9100, 18.6979
2025-11-28 00:46:11, 0.0322401093, 0.0293572371, 0.0438700504, 0.0429436782, 2771.5902, 2544.0328, 760.5900, 17.9070
2025-11-28 00:46:17, 0.0212984235, 0.0245684174, 0.0728907308, 0.0677527307, 2738.3971, 2561.2353, 761.5600, 18.0797
2025-11-28 00:46:22, 0.0250248434, 0.0236092217, 0.0586478289, 0.0564855658, 2825.4400, 2674.6267, 760.3500, 18.8456
2025-11-28 00:46:28, 0.0294587340, 0.0244606994, 0.0967615298, 0.0748467965, 2864.3500, 2685.1000, 761.7750, 18.3119
2025-11-28 00:46:34, 0.0308168559, 0.0270145275, 0.0448748179, 0.0575564609, 2731.0156, 2599.8281, 762.1150, 18.9792
2025-11-28 00:46:39, 0.0308513662, 0.0245998040, 0.1170491810, 0.0782386831, 2936.7460, 2680.0159, 761.7000, 17.6244
2025-11-28 00:46:46, 0.0244333178, 0.0180085505, 0.0643518176, 0.0667174498, 2823.9861, 2615.5278, 761.9550, 17.2135
2025-11-28 00:46:51, 0.0355521698, 0.0263237720, 0.0573699710, 0.0442429928, 2844.0299, 2645.6269, 762.5800, 17.7207
2025-11-28 00:46:57, 0.0269029330, 0.0253183391, 0.0768066289, 0.0576982103, 2947.3030, 2689.3182, 763.5250, 17.8286
2025-11-28 00:47:03, 0.0370011113, 0.0349193810, 0.0676614616, 0.0395663792, 2817.7903, 2600.8710, 763.6650, 18.5025
2025-11-28 00:47:09, 0.0453082575, 0.0356297125, 0.0446581450, 0.0444865368, 2957.0000, 2794.8654, 763.4350, 17.5578
2025-11-28 00:47:15, 0.0521483419, 0.0395315923, 0.0601815029, 0.0551560287, 2758.7586, 2747.7586, 760.6800, 18.7317
2025-11-28 00:47:20, 0.0238004290, 0.0203168103, 0.0655458754, 0.0552123129, 2784.0130, 2517.6494, 761.8000, 17.1175
2025-11-28 00:47:26, 0.0271587328, 0.0249048110, 0.0578643827, 0.0514842262, 2810.4875, 2590.0500, 763.8150, 17.8841
2025-11-28 00:47:31, 0.0377538721, 0.0301678434, 0.0619202195, 0.0489566104, 2836.7639, 2656.1250, 765.5750, 16.7429
2025-11-28 00:47:37, 0.0373705357, 0.0273829315, 0.0729619873, 0.0732475674, 2837.2642, 2720.9623, 762.3500, 17.7155
2025-11-28 00:47:43, 0.0241812111, 0.0217805208, 0.0429706759, 0.0420632894, 2739.5513, 2498.2436, 764.5900, 17.7902
2025-11-28 00:47:49, 0.0139112318, 0.0124185663, 0.0460336235, 0.0614757553, 2534.9861, 2453.8750, 762.4300, 17.5107
2025-11-28 00:47:54, 0.0197406051, 0.0183645608, 0.1086786537, 0.0680870588, 2887.6410, 2635.4744, 764.6700, 15.7207
2025-11-28 00:48:00, 0.0171685884, 0.0147781496, 0.0770639734, 0.0810404208, 2751.5000, 2492.2895, 763.6350, 18.5826
2025-11-28 00:48:06, 0.0218477516, 0.0181574931, 0.0566334228, 0.0559351063, 2814.9326, 2542.7416, 765.3300, 17.2966
2025-11-28 00:48:12, 0.0314955767, 0.0159360318, 0.0704070377, 0.0488465434, 2810.8986, 2641.1594, 763.0350, 17.4704
2025-11-28 00:48:18, 0.0158730493, 0.0147377740, 0.0752210179, 0.0563506667, 2840.1222, 2509.5222, 768.4800, 18.6679
2025-11-28 00:48:24, 0.0137810889, 0.0182851874, 0.0802852366, 0.0585896935, 2686.1429, 2399.8571, 762.8500, 16.3535
2025-11-28 00:48:30, 0.0303804861, 0.0225753344, 0.0528115714, 0.0385600223, 2984.4627, 2681.9104, 764.8850, 17.6735
2025-11-28 00:48:35, 0.0343649211, 0.0360043160, 0.0410775384, 0.0438841369, 2853.6947, 2754.0526, 765.1700, 17.3361
2025-11-28 00:48:41, 0.0418038403, 0.0325287247, 0.0527907528, 0.0420353952, 2690.3971, 2594.5441, 761.8800, 17.7692
2025-11-28 00:48:47, 0.0315768146, 0.0280530826, 0.0604578090, 0.0479310131, 2965.3247, 2747.8312, 768.2050, 17.7843
2025-11-28 00:48:52, 0.0343820519, 0.0285162333, 0.0657661428, 0.0571688244, 2857.0441, 2600.4706, 766.2350, 16.6463
2025-11-28 00:48:58, 0.0300973868, 0.0374409334, 0.0513804766, 0.0390492561, 2798.8710, 2666.0000, 765.1000, 18.1984
2025-11-28 00:49:04, 0.0441859654, 0.0346081902, 0.0628372993, 0.0554779889, 2761.8421, 2726.3947, 764.7850, 18.5124
2025-11-28 00:49:09, 0.0314922539, 0.0324353557, 0.0753297842, 0.0638048725, 2777.4521, 2632.7397, 764.7750, 17.5104
2025-11-28 00:49:15, 0.0381008535, 0.0435729253, 0.0541254734, 0.0633379058, 2852.8026, 2762.1579, 763.8800, 19.4019
2025-11-28 00:49:21, 0.0555519076, 0.0466371699, 0.0533241499, 0.0514858599, 2765.3833, 2786.4500, 764.7850, 19.1081
2025-11-28 00:49:26, 0.0328136278, 0.0290770746, 0.0555093332, 0.0572300667, 2855.4706, 2600.2794, 766.4350, 18.9311
2025-11-28 00:49:32, 0.0485741941, 0.0391262996, 0.0453376884, 0.0394886097, 2864.3333, 2722.4444, 763.4500, 15.8420
2025-11-28 00:49:38, 0.0357834219, 0.0358205099, 0.0913092460, 0.0714213095, 2710.7097, 2602.1935, 764.2200, 17.9296
2025-11-28 00:49:44, 0.0256892863, 0.0220648332, 0.0959867367, 0.0769313246, 2687.6750, 2513.6750, 764.6800, 16.7266
2025-11-28 00:49:50, 0.0285514344, 0.0263007764, 0.0928090308, 0.0812390291, 2933.4783, 2818.8841, 763.6300, 17.1823
2025-11-28 00:49:55, 0.0301397051, 0.0283403425, 0.0907528443, 0.0924762028, 2876.0755, 2618.1887, 766.4800, 21.4243
2025-11-28 00:50:01, 0.0368071994, 0.0370943381, 0.0946953380, 0.1124801268, 2754.2000, 2742.4667, 764.5800, 17.7979
2025-11-28 00:50:07, 0.0375031178, 0.0387005099, 0.1080655747, 0.1052955221, 2891.4118, 2874.5294, 760.1500, 19.6101
2025-11-28 00:50:13, 0.0345084655, 0.0354039811, 0.0989210261, 0.0865433892, 2636.2200, 2554.7400, 762.8850, 18.2486
2025-11-28 00:50:18, 0.0302740027, 0.0332161263, 0.1108374983, 0.0765125291, 2743.7069, 2496.6897, 762.6200, 19.7220
2025-11-28 00:50:24, 0.0376328400, 0.0401637160, 0.1249173021, 0.0947198274, 2845.0169, 2695.8305, 762.4900, 20.2507
2025-11-28 00:50:30, 0.0488635613, 0.0372935537, 0.0900227722, 0.0699165847, 2841.4035, 2777.3860, 764.4400, 18.9699
2025-11-28 00:50:36, 0.0367372479, 0.0324874565, 0.0735936087, 0.0791461990, 2874.9500, 2699.6167, 763.4550, 17.8821
2025-11-28 00:50:41, 0.0275505687, 0.0249118472, 0.1015794153, 0.1130257497, 3200.1493, 2923.8657, 763.7950, 19.0681
2025-11-28 00:50:47, 0.0285327725, 0.0235588768, 0.0935252137, 0.1154964355, 2881.8929, 2757.5179, 763.5850, 17.6497
2025-11-28 00:50:53, 0.0238616580, 0.0206593431, 0.0848347556, 0.0823716719, 2680.1159, 2617.6957, 763.3050, 18.3661
2025-11-28 00:50:58, 0.0345315242, 0.0401845754, 0.0778362152, 0.0656478861, 2711.8571, 2582.1633, 760.7800, 18.8860
2025-11-28 00:51:04, 0.0255153060, 0.0329134839, 0.0891029133, 0.0617476500, 2812.5238, 2635.8254, 757.4550, 18.7779
2025-11-28 00:51:10, 0.0468715931, 0.0497411157, 0.0842957769, 0.0706421941, 2734.0606, 2699.9545, 760.0100, 18.6142
2025-11-28 00:51:16, 0.0522954528, 0.0474423099, 0.0654254698, 0.0695759587, 2935.7241, 2868.7414, 759.0100, 16.4942
2025-11-28 00:51:22, 0.0436582029, 0.0458131924, 0.0802867880, 0.0703432872, 2883.6042, 2760.4167, 758.3800, 19.3048
2025-11-28 00:51:27, 0.0442339009, 0.0317387462, 0.0875764019, 0.0869541048, 2834.3623, 2749.1014, 755.6150, 18.1192
2025-11-28 00:51:33, 0.0344230899, 0.0225108506, 0.0642173561, 0.0825486017, 2803.7167, 2763.8000, 758.3750, 18.4801
2025-11-28 00:51:39, 0.0363312686, 0.0265338274, 0.1063676264, 0.0880672848, 2855.4268, 2715.2805, 758.9200, 17.1182
2025-11-28 00:51:44, 0.0318242589, 0.0341332245, 0.0821672351, 0.1429623607, 2727.5312, 2710.6406, 758.5400, 18.1892
2025-11-28 00:51:50, 0.0369045781, 0.0276877003, 0.1117100108, 0.0921106178, 2814.4068, 2623.8644, 757.0200, 17.7685
2025-11-28 00:51:56, 0.0344467699, 0.0306967559, 0.1295854697, 0.1015167380, 2799.1831, 2656.2958, 762.0350, 17.5092
2025-11-28 00:52:02, 0.0368172536, 0.0256324818, 0.0687852838, 0.0460427239, 2673.6481, 2566.5000, 758.3250, 18.7707
2025-11-28 00:52:07, 0.0304439563, 0.0241147862, 0.0883798695, 0.0758544818, 2795.7746, 2658.0000, 762.2150, 17.8577
2025-11-28 00:52:13, 0.0335122067, 0.0261559816, 0.0872003589, 0.0655391994, 2901.8621, 2770.8046, 762.8450, 17.2960
2025-11-28 00:52:19, 0.0283604278, 0.0234209649, 0.0868890024, 0.0645655059, 2713.4167, 2541.9722, 760.5200, 19.3634
2025-11-28 00:52:25, 0.0299961027, 0.0190883488, 0.0624615333, 0.0806321127, 2724.9706, 2657.6471, 761.2150, 16.3113
2025-11-28 00:52:30, 0.0342538979, 0.0309481697, 0.0672863137, 0.0630309467, 2766.0156, 2656.0938, 761.0800, 18.5274
2025-11-28 00:52:36, 0.0435464429, 0.0345031208, 0.0560231983, 0.0384337066, 2794.8873, 2596.9155, 760.9900, 18.0533
2025-11-28 00:52:42, 0.0366756275, 0.0400578823, 0.1156573148, 0.0736718718, 2847.1695, 2624.2203, 760.6500, 16.5154
2025-11-28 00:52:48, 0.0355216557, 0.0332677226, 0.0546481495, 0.0620271167, 2718.2247, 2636.8427, 760.8750, 19.6809
2025-11-28 00:52:53, 0.0277504775, 0.0248127799, 0.0591617278, 0.0651858648, 2933.1618, 2569.9706, 761.7300, 17.2217
2025-11-28 00:52:59, 0.0310973328, 0.0240083304, 0.0774091361, 0.0875368645, 2669.4932, 2597.2877, 760.0900, 17.9862
2025-11-28 00:53:05, 0.0293894564, 0.0201294141, 0.0825711290, 0.0740958486, 2801.9804, 2704.0000, 764.1750, 18.5670
2025-11-28 00:53:11, 0.0275104225, 0.0211487356, 0.0884892233, 0.1067120054, 2970.9867, 2772.2800, 759.1450, 19.1163
2025-11-28 00:53:17, 0.0212766201, 0.0197510084, 0.0963557970, 0.0785369169, 2539.1014, 2288.4058, 763.6500, 17.9830
2025-11-28 00:53:22, 0.0237346111, 0.0228035283, 0.0992585216, 0.1129689079, 2786.2154, 2554.4308, 763.5200, 17.2348
2025-11-28 00:53:28, 0.0266354188, 0.0288513108, 0.1155522951, 0.0799217299, 2776.3553, 2530.5921, 760.7750, 19.2685
2025-11-28 00:53:34, 0.0382363013, 0.0295036619, 0.0984343821, 0.0819677952, 2820.2754, 2593.4638, 759.9200, 17.1054
2025-11-28 00:53:40, 0.0251133581, 0.0264595576, 0.0772925315, 0.0742999057, 2814.0779, 2693.2727, 760.5800, 19.0146
2025-11-28 00:53:45, 0.0250463231, 0.0209191067, 0.0911522535, 0.0911358392, 2708.3284, 2608.7015, 758.3400, 18.3487
2025-11-28 00:53:51, 0.0284116877, 0.0252544140, 0.0965857320, 0.0679632261, 2606.0000, 2574.3393, 764.2400, 21.0120
2025-11-28 00:53:57, 0.0227325025, 0.0207802404, 0.0716478392, 0.0663551019, 2813.9610, 2682.5325, 761.6500, 19.8615
2025-11-28 00:54:03, 0.0216913582, 0.0179020154, 0.0911248796, 0.1036817187, 2712.6479, 2552.3944, 761.4500, 19.8264
2025-11-28 00:54:08, 0.0386718528, 0.0256539964, 0.0829573076, 0.0650243029, 2823.5593, 2682.0678, 762.6150, 19.7845
2025-11-28 00:54:14, 0.0380479136, 0.0343663941, 0.0790446393, 0.0428710966, 2861.6545, 2644.9636, 762.3550, 20.4861
2025-11-28 00:54:19, 0.0333757107, 0.0291229009, 0.0572573612, 0.0374050586, 2640.9508, 2536.7377, 763.4350, 20.2189
2025-11-28 00:54:26, 0.0441106204, 0.0329816304, 0.0850666258, 0.0725060096, 2930.4828, 2845.3966, 761.2350, 18.3782
2025-11-28 00:54:32, 0.0335398675, 0.0285555039, 0.0760921851, 0.0502043636, 2915.3134, 2684.5224, 763.6600, 21.0422
2025-11-28 00:54:38, 0.0320621637, 0.0304647437, 0.0706830932, 0.0559400615, 2831.5325, 2598.6883, 764.1500, 18.0773
2025-11-28 00:54:43, 0.0302773136, 0.0283431005, 0.0815109584, 0.0927512185, 2899.5000, 2585.3065, 764.5450, 20.5657
2025-11-28 00:54:49, 0.0194478171, 0.0148599386, 0.0700309819, 0.0656755959, 2462.0921, 2389.4079, 762.3250, 19.4728
2025-11-28 00:54:55, 0.0202483736, 0.0182150499, 0.0595218800, 0.0623319128, 2700.9189, 2516.6757, 762.0400, 18.8714
2025-11-28 00:55:00, 0.0290964702, 0.0308325353, 0.0595918341, 0.0637759202, 2858.1447, 2682.2368, 761.7100, 16.9265
2025-11-28 00:55:06, 0.0188071889, 0.0182643385, 0.0749185377, 0.0528131871, 2841.4730, 2504.7432, 764.7800, 18.5922
2025-11-28 00:55:12, 0.0258291299, 0.0228234316, 0.0683811682, 0.0503366926, 2681.3947, 2473.1053, 761.2250, 17.7032
2025-11-28 00:55:17, 0.0273861368, 0.0220865987, 0.0940178897, 0.0617067431, 2965.8667, 2651.3500, 756.4500, 19.0538
2025-11-28 00:55:23, 0.0263094327, 0.0247163692, 0.0836265682, 0.0958500282, 2824.7742, 2544.1290, 760.1850, 18.7104
2025-11-28 00:55:29, 0.0294117224, 0.0273533872, 0.0582635659, 0.0824594502, 2677.2958, 2612.3803, 754.5800, 18.3732
2025-11-28 00:55:35, 0.0244292454, 0.0229182179, 0.1344950512, 0.0937130190, 2835.1429, 2649.1111, 764.6050, 20.3674
2025-11-28 00:55:40, 0.0217383981, 0.0188062664, 0.0731415746, 0.0887845296, 2837.2899, 2583.0145, 755.9550, 17.8332
2025-11-28 00:55:46, 0.0229460524, 0.0226105992, 0.0970640967, 0.0667812850, 2663.1781, 2507.1096, 764.5950, 18.6213
2025-11-28 00:55:52, 0.0225713217, 0.0180525543, 0.1098159353, 0.0969438136, 2848.8261, 2578.0290, 762.2200, 18.7134
2025-11-28 00:55:58, 0.0283989744, 0.0232138837, 0.0509590644, 0.0580647586, 2862.5143, 2894.4714, 754.8550, 17.0219
2025-11-28 00:56:03, 0.0357463967, 0.0332892572, 0.0665241648, 0.0593964721, 2954.4521, 2783.1096, 759.0950, 19.6963
2025-11-28 00:56:09, 0.0282971631, 0.0286376415, 0.1000675895, 0.0764801158, 2792.3478, 2661.7536, 759.0600, 19.9325
2025-11-28 00:56:15, 0.0457759434, 0.0318952828, 0.0751291545, 0.0572220793, 2761.6615, 2617.2923, 761.2550, 19.3680
2025-11-28 00:56:20, 0.0478284923, 0.0339782780, 0.1060430721, 0.1156682880, 2761.1324, 2680.8824, 758.8350, 19.1773
2025-11-28 00:56:26, 0.0411029655, 0.0305931666, 0.1056909725, 0.0755193386, 2653.2167, 2586.9500, 757.6750, 18.7270
2025-11-28 00:56:32, 0.0352915649, 0.0387984043, 0.0907862205, 0.0662680488, 2954.1212, 2761.4394, 759.8450, 19.1029
2025-11-28 00:56:37, 0.0469971724, 0.0377498276, 0.0780667870, 0.0462944495, 2681.6780, 2571.7797, 759.6350, 17.3955
2025-11-28 00:56:43, 0.0449763767, 0.0407472289, 0.0782981952, 0.0610441770, 2638.8929, 2508.1607, 761.3650, 16.4897
2025-11-28 00:56:49, 0.0303013984, 0.0336787293, 0.0728752681, 0.0575806830, 2978.1186, 2835.5085, 761.0650, 19.7555
2025-11-28 00:56:54, 0.0395500447, 0.0309855922, 0.0762645470, 0.0590478318, 2675.5806, 2563.7581, 761.8050, 17.7064
2025-11-28 00:57:00, 0.0388378234, 0.0254841928, 0.0633710465, 0.0471016172, 2740.6000, 2669.5231, 759.2900, 17.6325
2025-11-28 00:57:06, 0.0272092824, 0.0239959442, 0.1009952969, 0.0823623345, 2663.7867, 2506.5733, 757.9900, 17.6496
2025-11-28 00:57:12, 0.0260153108, 0.0207126913, 0.1248162967, 0.0841959998, 2860.2388, 2652.7313, 760.1650, 18.4794
2025-11-28 00:57:17, 0.0196696165, 0.0163214048, 0.0631288404, 0.0779070403, 2617.0429, 2552.3143, 759.8050, 18.4471
2025-11-28 00:57:23, 0.0156675988, 0.0137751732, 0.0639294491, 0.0358691610, 2577.7857, 2289.9286, 760.7850, 17.4238
2025-11-28 00:57:29, 0.0198435885, 0.0206164936, 0.0804526569, 0.0847390090, 2771.4714, 2516.2143, 759.1650, 18.6053
2025-11-28 00:57:34, 0.0265662013, 0.0240061559, 0.0766139213, 0.0631372592, 2798.2794, 2480.6029, 759.7550, 17.8965
2025-11-28 00:57:40, 0.0349866638, 0.0279970487, 0.0634952006, 0.0768573617, 2816.0435, 2774.8696, 759.2750, 19.6209
2025-11-28 00:57:46, 0.0339891491, 0.0251513545, 0.0792006630, 0.0876675720, 2862.1724, 2798.7586, 760.7300, 17.2539
2025-11-28 00:57:52, 0.0359011679, 0.0314791007, 0.0918632009, 0.0694155495, 2800.9636, 2596.8545, 760.0400, 17.0724
2025-11-28 00:57:57, 0.0264731813, 0.0275381623, 0.0426584190, 0.0621096188, 2628.8358, 2608.0746, 762.2750, 17.6207
2025-11-28 00:58:03, 0.0233798257, 0.0194827582, 0.0799391022, 0.0791198977, 2628.4471, 2529.7765, 759.5900, 18.0123
2025-11-28 00:58:09, 0.0232375179, 0.0197870284, 0.0700919072, 0.0691077467, 2680.7714, 2511.8429, 761.8350, 18.1413
2025-11-28 00:58:14, 0.0292866550, 0.0239750093, 0.0720219858, 0.0780074010, 2752.3766, 2703.4935, 761.8600, 18.6143
2025-11-28 00:58:20, 0.0296578978, 0.0314183330, 0.1098911604, 0.0625017893, 2803.7260, 2584.7123, 763.9700, 17.7840
2025-11-28 00:58:26, 0.0296537459, 0.0245529716, 0.0897224950, 0.1251632450, 2617.3281, 2624.0938, 760.8700, 19.1521
2025-11-28 00:58:31, 0.0233478291, 0.0240498616, 0.1077559631, 0.1208350986, 2754.0139, 2679.3056, 758.1900, 18.2706
2025-11-28 00:58:37, 0.0263858483, 0.0224309258, 0.0841899275, 0.0839908785, 2636.4167, 2588.4444, 759.8000, 18.6914
2025-11-28 00:58:43, 0.0386596191, 0.0281653854, 0.1091797518, 0.1006375765, 2700.5625, 2609.9375, 756.7600, 17.8760
2025-11-28 00:58:49, 0.0294522516, 0.0233406317, 0.1168330124, 0.0835123475, 2803.0741, 2619.7222, 760.4950, 16.7690
2025-11-28 00:58:54, 0.0235584331, 0.0246147229, 0.0818037716, 0.0660833794, 2766.6667, 2714.7971, 761.7500, 18.4244
2025-11-28 00:59:00, 0.0303993294, 0.0288250392, 0.0965333145, 0.0776651882, 2839.9552, 2729.4627, 759.4850, 17.0898
2025-11-28 00:59:06, 0.0229754052, 0.0214342020, 0.0557208084, 0.0695955319, 2906.5972, 2764.4167, 760.6350, 17.3960
2025-11-28 00:59:11, 0.0187109959, 0.0136730246, 0.0773509744, 0.0610790930, 2594.1282, 2566.4744, 760.6100, 17.1397
2025-11-28 00:59:17, 0.0188443498, 0.0160671480, 0.1094301803, 0.1094981198, 2737.2051, 2545.6154, 762.8700, 17.4500
2025-11-28 00:59:23, 0.0267343517, 0.0194413384, 0.0776653405, 0.0633981267, 2557.3000, 2492.7000, 761.3600, 16.9982
2025-11-28 00:59:28, 0.0308861940, 0.0248650734, 0.0770646237, 0.0968471085, 2757.8636, 2622.1212, 762.2350, 18.1659
2025-11-28 00:59:34, 0.0226212167, 0.0211977700, 0.0855465638, 0.0666547040, 2551.0441, 2567.4265, 759.7950, 17.3252
2025-11-28 00:59:40, 0.0297188986, 0.0365313278, 0.1137875342, 0.0866525016, 2716.2708, 2631.5833, 765.5700, 16.3161
2025-11-28 00:59:46, 0.0280434569, 0.0248000110, 0.1289291208, 0.0820739791, 2758.4054, 2612.2838, 767.5900, 19.4744
2025-11-28 00:59:52, 0.0279087777, 0.0262079884, 0.0875035649, 0.0847029083, 2632.6795, 2541.3974, 763.2100, 16.9760
2025-11-28 00:59:58, 0.0221946381, 0.0218595476, 0.1209078369, 0.0984132733, 2728.0141, 2600.9718, 760.6250, 17.9169
2025-11-28 01:00:03, 0.0242166483, 0.0219016103, 0.1041508383, 0.1073509189, 2847.4935, 2684.5584, 759.8300, 18.0912
2025-11-28 01:00:09, 0.0224772911, 0.0191419498, 0.0803571216, 0.0793814914, 2737.5143, 2534.1571, 762.8350, 17.1055
2025-11-28 01:00:15, 0.0261654520, 0.0233819475, 0.0540594983, 0.0600578305, 2648.7246, 2537.8116, 765.7350, 20.4021
2025-11-28 01:00:21, 0.0172753172, 0.0168186720, 0.0962917745, 0.0633618744, 2833.5541, 2555.2297, 762.1500, 17.0906
2025-11-28 01:00:26, 0.0109687614, 0.0158955325, 0.0809551470, 0.0693240092, 2438.0875, 2327.5375, 761.3000, 18.3063
2025-11-28 01:00:32, 0.0133772993, 0.0147426686, 0.0927177780, 0.0764644743, 2726.1605, 2416.8025, 759.4700, 17.6576
2025-11-28 01:00:38, 0.0088809864, 0.0115675143, 0.0776276513, 0.0700672348, 2470.0723, 2378.6386, 759.9250, 18.7787
2025-11-28 01:00:44, 0.0061706140, 0.0086681117, 0.0779979371, 0.0596044537, 2419.6848, 2162.7065, 761.9850, 16.7605
2025-11-28 01:00:50, 0.0108442879, 0.0132435724, 0.0840590121, 0.0627321909, 2685.9610, 2510.3766, 755.6550, 18.9820
2025-11-28 01:00:55, 0.0162399283, 0.0141140749, 0.0733242283, 0.0724708724, 2612.1047, 2428.8721, 759.3650, 17.3433
2025-11-28 01:01:01, 0.0171368445, 0.0160976185, 0.0841737254, 0.0784896352, 2763.0690, 2582.6782, 757.0000, 17.3309
2025-11-28 01:01:07, 0.0104724024, 0.0126496075, 0.0906294766, 0.0868412500, 2628.0759, 2542.1899, 755.9650, 18.4500
2025-11-28 01:01:12, 0.0109263524, 0.0155710658, 0.0973272105, 0.0792530794, 2625.7432, 2506.8919, 752.1800, 17.7797
2025-11-28 01:01:18, 0.0269786782, 0.0233231690, 0.0711103034, 0.0724671171, 2675.4375, 2438.0938, 756.4750, 18.2137
2025-11-28 01:01:24, 0.0231303848, 0.0176728889, 0.1392789701, 0.0737868439, 2866.2029, 2520.0290, 759.0000, 16.9328
2025-11-28 01:01:29, 0.0193049376, 0.0172698652, 0.0962956816, 0.0888710686, 2556.0759, 2311.0886, 754.4700, 17.7854
2025-11-28 01:01:35, 0.0211075258, 0.0174668328, 0.0717043297, 0.0708983042, 2589.1200, 2635.3067, 756.6650, 18.7086
2025-11-28 01:01:41, 0.0236899505, 0.0193356489, 0.0733953376, 0.0771041501, 2639.0625, 2514.6406, 755.3250, 17.3888
2025-11-28 01:01:46, 0.0192630495, 0.0138156646, 0.0810876480, 0.0742424363, 2530.6557, 2273.3934, 759.6950, 18.6138
2025-11-28 01:01:52, 0.0135498829, 0.0161208696, 0.1237702004, 0.0985654473, 2829.9157, 2620.7952, 762.5700, 19.0341
2025-11-28 01:01:58, 0.0169625583, 0.0162977375, 0.0951862727, 0.0876012636, 2680.6742, 2495.7865, 762.4850, 16.9785
2025-11-28 01:02:04, 0.0229738583, 0.0123760053, 0.1024085441, 0.1074654992, 2573.1714, 2404.3714, 764.8500, 19.5120
2025-11-28 01:02:10, 0.0110179362, 0.0134954922, 0.1004051989, 0.0683443292, 2582.7821, 2391.6154, 760.8900, 19.5422
2025-11-28 01:02:15, 0.0169526809, 0.0142461636, 0.1241184146, 0.0733280629, 2783.8025, 2518.0741, 761.4450, 18.0268
2025-11-28 01:02:21, 0.0193943569, 0.0193022379, 0.1249953122, 0.0711823384, 3063.1912, 2694.5147, 763.6350, 18.0173
2025-11-28 01:02:27, 0.0217212391, 0.0181640057, 0.0767921986, 0.0825236042, 2556.0746, 2498.6866, 761.1600, 17.9074
2025-11-28 01:02:33, 0.0210445851, 0.0225627637, 0.0931178587, 0.0780598582, 2741.3902, 2630.1951, 761.0050, 17.9015
2025-11-28 01:02:38, 0.0259539995, 0.0198520476, 0.0691450389, 0.1041860912, 2721.4677, 2556.4839, 761.2050, 17.6217
2025-11-28 01:02:44, 0.0381177215, 0.0393600005, 0.0822192535, 0.0838803481, 2744.2727, 2656.5758, 760.0900, 17.5821
2025-11-28 01:02:50, 0.0222850967, 0.0228154735, 0.0643882281, 0.0705874753, 2898.9600, 2792.0400, 758.7650, 19.5087
2025-11-28 01:02:55, 0.0278029435, 0.0250909512, 0.0589386599, 0.0937708064, 2779.8261, 2655.8551, 759.5500, 18.1793
2025-11-28 01:03:01, 0.0197962829, 0.0218941247, 0.0979841182, 0.0694251855, 2812.2319, 2554.5652, 759.0450, 17.3160
2025-11-28 01:03:07, 0.0244201693, 0.0200342621, 0.1149846683, 0.0795774261, 2666.9750, 2523.8875, 761.1850, 17.0965
2025-11-28 01:03:13, 0.0248088616, 0.0185837574, 0.0880642799, 0.0899060835, 2648.9296, 2596.5211, 761.2150, 17.5621
2025-11-28 01:03:18, 0.0203235205, 0.0150987240, 0.0708100715, 0.0570230269, 2541.7467, 2403.6400, 760.2150, 17.4399
2025-11-28 01:03:24, 0.0200863096, 0.0196594066, 0.0753046354, 0.0798682598, 2592.5588, 2515.3971, 760.3300, 19.2821
2025-11-28 01:03:30, 0.0254063904, 0.0190645822, 0.0820145254, 0.0700298343, 2741.6613, 2592.7097, 759.8050, 16.7498
2025-11-28 01:03:36, 0.0262620968, 0.0280490165, 0.0759331146, 0.0872463056, 2887.7826, 2735.6667, 760.7850, 17.8151
2025-11-28 01:03:41, 0.0210636245, 0.0200789194, 0.0761427678, 0.0786177063, 2666.8182, 2546.7273, 759.6350, 16.3540
2025-11-28 01:03:47, 0.0250625283, 0.0248624095, 0.1068338837, 0.0418792955, 2881.0159, 2525.9524, 759.8900, 16.7681
2025-11-28 01:03:53, 0.0209588450, 0.0174426612, 0.0922874651, 0.0867954949, 2733.2000, 2533.1333, 758.9450, 16.8114
2025-11-28 01:03:58, 0.0245725952, 0.0242182448, 0.0803030147, 0.0701867985, 2742.7206, 2686.1029, 760.2900, 17.5073
2025-11-28 01:04:04, 0.0232173899, 0.0199732563, 0.0821634948, 0.0954831434, 2573.6974, 2442.9342, 757.6450, 18.8648
2025-11-28 01:04:10, 0.0245217692, 0.0218025976, 0.0961972188, 0.0804016275, 2734.1286, 2643.7000, 764.0900, 16.9544
2025-11-28 01:04:16, 0.0237914250, 0.0230702600, 0.1089836066, 0.1108470508, 2727.6197, 2579.1549, 758.7100, 17.4936
2025-11-28 01:04:22, 0.0183347876, 0.0153127088, 0.0691840741, 0.0525548369, 2688.5156, 2469.7812, 763.4350, 17.8218
2025-11-28 01:04:27, 0.0200903924, 0.0166483829, 0.0890421961, 0.0917732255, 2712.0122, 2551.1585, 762.0550, 17.8217
2025-11-28 01:04:33, 0.0177274574, 0.0162340076, 0.0769367580, 0.0669386320, 2700.0641, 2459.3077, 764.3150, 18.5991
2025-11-28 01:04:39, 0.0137534254, 0.0155899431, 0.1420534362, 0.1428702373, 2587.3472, 2469.9583, 761.9850, 17.5324
2025-11-28 01:04:44, 0.0204037865, 0.0166443425, 0.1029024088, 0.0860202088, 2614.1875, 2389.8594, 758.5300, 15.9424
2025-11-28 01:04:50, 0.0224292580, 0.0162874094, 0.1044343360, 0.1046221232, 2619.4211, 2599.4605, 761.6250, 18.4449
2025-11-28 01:04:56, 0.0252975154, 0.0229087031, 0.1082300052, 0.0914629624, 2932.9531, 2731.2188, 760.4950, 17.5875
2025-11-28 01:05:03, 0.0292160462, 0.0197812547, 0.0711343276, 0.0564370434, 2868.6552, 2475.2759, 764.1350, 16.9666
2025-11-28 01:05:09, 0.0147630250, 0.0149486868, 0.0717957343, 0.0820084041, 2552.7160, 2384.9259, 761.2150, 16.8517
2025-11-28 01:05:14, 0.0080868371, 0.0125625736, 0.1031983517, 0.0818234339, 2481.9545, 2349.9205, 761.6450, 17.1697
2025-11-28 01:05:20, 0.0204711924, 0.0187683573, 0.0966235122, 0.1075567752, 2561.4667, 2533.0267, 763.1850, 18.1050
2025-11-28 01:05:26, 0.0202457157, 0.0198352937, 0.1264721496, 0.0996146370, 2818.2683, 2539.7683, 761.0650, 17.3762
2025-11-28 01:05:31, 0.0143380063, 0.0190178480, 0.0796898887, 0.0750780753, 2565.1125, 2525.3375, 761.0300, 17.3536
2025-11-28 01:05:37, 0.0204893776, 0.0125741541, 0.0753678804, 0.0662316986, 2675.7910, 2582.2687, 760.9150, 16.2843
2025-11-28 01:05:43, 0.0218610103, 0.0201805668, 0.0809541227, 0.0772547568, 2698.0946, 2580.0811, 762.6800, 18.6855
2025-11-28 01:05:48, 0.0099808539, 0.0147867250, 0.0934401318, 0.0777777187, 2637.4730, 2586.9459, 762.7250, 17.7372
2025-11-28 01:05:54, 0.0117613901, 0.0142554283, 0.0919472564, 0.0656048852, 2662.3750, 2440.8750, 759.1100, 16.3496
2025-11-28 01:06:00, 0.0220329168, 0.0196284773, 0.0838807009, 0.0914200781, 2883.0290, 2617.9420, 764.4000, 18.5502
2025-11-28 01:06:06, 0.0192509439, 0.0151569768, 0.0806774276, 0.0467533698, 2779.3836, 2607.3288, 762.3850, 20.5474
2025-11-28 01:06:11, 0.0183845834, 0.0173579634, 0.1318922732, 0.0979489384, 2654.5556, 2400.2381, 763.8450, 19.0736
2025-11-28 01:06:17, 0.0230493104, 0.0165478999, 0.0880503074, 0.0777925189, 2661.2703, 2415.0811, 765.5000, 19.8630
2025-11-28 01:06:23, 0.0271100593, 0.0207300457, 0.1059447395, 0.0699145106, 2762.0600, 2586.6800, 764.2100, 18.8472
2025-11-28 01:06:28, 0.0282833480, 0.0209323632, 0.0795820557, 0.0670615016, 2631.4605, 2444.0658, 760.6500, 20.5119
2025-11-28 01:06:34, 0.0234339072, 0.0231511503, 0.0659405040, 0.0696763377, 2723.2295, 2596.9836, 764.0400, 21.3197
2025-11-28 01:06:40, 0.0256818524, 0.0217999663, 0.0943893245, 0.0981216504, 2754.4030, 2577.1194, 763.0550, 18.3897
2025-11-28 01:06:45, 0.0238214700, 0.0205942774, 0.0847638577, 0.0914051979, 2656.0882, 2483.9118, 766.0650, 20.4900
2025-11-28 01:06:51, 0.0196769511, 0.0180302344, 0.0790615565, 0.0686319411, 2683.7237, 2521.6447, 759.9200, 16.6749
2025-11-28 01:06:57, 0.0233025651, 0.0220495272, 0.1159720061, 0.0794996636, 2803.3585, 2690.8679, 761.3950, 19.7830
2025-11-28 01:07:02, 0.0295712557, 0.0268691948, 0.1198334942, 0.1085426849, 2874.9394, 2710.9697, 760.0350, 17.4412
2025-11-28 01:07:08, 0.0309019617, 0.0255124511, 0.0771920621, 0.0686361051, 2978.6727, 2778.7636, 760.1600, 19.5375
2025-11-28 01:07:14, 0.0208751455, 0.0208450645, 0.0886538818, 0.0680488009, 2929.0154, 2656.1077, 758.5200, 19.6997
2025-11-28 01:07:20, 0.0285314635, 0.0216963668, 0.1019886535, 0.0783362630, 2652.6610, 2493.0508, 757.9450, 19.6077
2025-11-28 01:07:26, 0.0379735806, 0.0315584002, 0.0991792827, 0.0737272542, 2590.5873, 2580.7619, 760.8300, 16.9897
2025-11-28 01:07:31, 0.0424171023, 0.0299192031, 0.0554174273, 0.0844860567, 2815.7879, 2669.6515, 762.3550, 19.3757
2025-11-28 01:07:37, 0.0264635955, 0.0250416128, 0.0975197084, 0.0883014223, 2793.8298, 2548.9574, 760.2750, 17.7662
2025-11-28 01:07:42, 0.0291316858, 0.0179361830, 0.1061868441, 0.0808573668, 2776.6724, 2520.2241, 764.1500, 18.4491
2025-11-28 01:07:48, 0.0314827411, 0.0221968125, 0.0850105316, 0.0859517348, 2602.8462, 2628.7077, 759.3000, 17.4737
2025-11-28 01:07:54, 0.0226863867, 0.0206987685, 0.0869009855, 0.0807150113, 2598.5432, 2563.9877, 760.1350, 18.4463
2025-11-28 01:08:00, 0.0093536867, 0.0134789277, 0.0617827406, 0.0700595665, 2659.4058, 2469.1014, 761.8250, 18.9419
2025-11-28 01:08:05, 0.0196765365, 0.0159207380, 0.0847988350, 0.0818089456, 2739.8056, 2585.5000, 762.4550, 18.6163
2025-11-28 01:08:16, 0.0101060396, 0.0146097437, 0.0720179227, 0.0919994549, 2969.8000, 2702.1100, 761.8600, 18.1442
2025-11-28 01:08:22, 0.0195545879, 0.0152515891, 0.1271291903, 0.0777139362, 2761.3647, 2418.9176, 760.8800, 18.0529
2025-11-28 01:08:27, 0.0212941093, 0.0196811674, 0.0664262655, 0.0819666854, 2644.8659, 2432.4390, 760.6300, 18.7980
2025-11-28 01:08:33, 0.0252167936, 0.0210826026, 0.0716291245, 0.0512718657, 2849.4815, 2610.2963, 761.6300, 19.1273
2025-11-28 01:08:39, 0.0246116277, 0.0215508828, 0.0611480533, 0.0563207873, 2636.1791, 2423.0597, 761.3400, 19.5973
2025-11-28 01:08:45, 0.0239857233, 0.0227101154, 0.0980796077, 0.0562834196, 2786.3095, 2564.0238, 760.1150, 19.1246
2025-11-28 01:08:50, 0.0252439698, 0.0188622119, 0.0759333157, 0.0688370890, 2823.2031, 2639.2344, 757.7000, 19.2151
2025-11-28 01:08:56, 0.0209434198, 0.0159269066, 0.1116379885, 0.1187321210, 2787.2840, 2583.5185, 759.4600, 18.9407
2025-11-28 01:09:02, 0.0292785160, 0.0225372192, 0.0759981726, 0.0749090355, 2832.0253, 2701.6835, 763.2650, 23.0845
2025-11-28 01:09:08, 0.0253653519, 0.0198903883, 0.1104236104, 0.0796388310, 2677.6835, 2497.1013, 762.3800, 23.0232
2025-11-28 01:09:13, 0.0118999550, 0.0136426088, 0.0820657022, 0.0756034714, 2631.7692, 2474.5641, 763.7350, 22.4805
2025-11-28 01:09:29, 0.0183307701, 0.0137287551, 0.0629166047, 0.0672580075, 2495.0345, 2469.2989, 762.8250, 18.9693
2025-11-28 01:09:34, 0.0122581841, 0.0150371612, 0.0848169613, 0.0616862518, 2590.6234, 2547.8182, 756.8050, 20.2217
2025-11-28 01:09:40, 0.0225177961, 0.0157741172, 0.0694765526, 0.0753845531, 2521.6986, 2466.6712, 757.1750, 18.1619
2025-11-28 01:09:46, 0.0197857115, 0.0177308450, 0.0795849847, 0.1025850857, 2610.8961, 2523.5844, 756.5800, 19.1189
2025-11-28 01:09:51, 0.0265644384, 0.0175713077, 0.0794554112, 0.0804789316, 2718.5000, 2661.3077, 758.9350, 19.4000
2025-11-28 01:09:57, 0.0194296173, 0.0221213297, 0.0737500559, 0.0687741880, 2682.1728, 2527.0494, 757.7300, 20.4680
2025-11-28 01:10:03, 0.0245341750, 0.0170934935, 0.0840843617, 0.0660746797, 2544.3857, 2429.5429, 752.8450, 19.1977
2025-11-28 01:10:08, 0.0181239837, 0.0182476654, 0.0820573490, 0.0982053252, 2579.1447, 2503.0263, 759.7900, 19.2381
2025-11-28 01:10:14, 0.0351625005, 0.0318664839, 0.0595812169, 0.0535590204, 2664.1067, 2653.5467, 753.5250, 19.3285
2025-11-28 01:10:20, 0.0253698923, 0.0228649333, 0.0668150533, 0.0653876680, 2877.3636, 2636.3182, 751.3850, 19.1991
2025-11-28 01:10:25, 0.0353493945, 0.0313994337, 0.0680580045, 0.0559618887, 2823.5616, 2678.6438, 753.8200, 20.0002
2025-11-28 01:10:40, 0.0341026016, 0.0169814011, 0.0658779430, 0.0770817281, 2849.2625, 2659.2500, 759.2900, 20.3847
2025-11-28 01:10:45, 0.0129895374, 0.0183388531, 0.0639899528, 0.0847342549, 2749.7403, 2491.2208, 760.0650, 20.3234
2025-11-28 01:10:51, 0.0257914143, 0.0137248371, 0.0606329774, 0.0616056824, 2511.5909, 2362.5000, 756.2950, 20.6978
2025-11-28 01:10:57, 0.0270070107, 0.0232442911, 0.1016769073, 0.0552739587, 2779.6923, 2576.1692, 761.7450, 22.1461
2025-11-28 01:11:02, 0.0262132358, 0.0190381116, 0.0611267383, 0.0627232764, 2802.0241, 2662.3735, 762.5750, 21.3594
2025-11-28 01:11:08, 0.0223742366, 0.0288493955, 0.0655996679, 0.0431876833, 2800.6029, 2676.6912, 755.9400, 20.7031
2025-11-28 01:11:14, 0.0288019961, 0.0219851478, 0.0686730745, 0.0626324017, 2793.2809, 2583.5730, 754.6250, 20.6227
2025-11-28 01:11:19, 0.0243063132, 0.0173935849, 0.0723157992, 0.0670073759, 2559.8523, 2419.3750, 762.4200, 20.1604
2025-11-28 01:11:25, 0.0146269568, 0.0139999457, 0.0755821912, 0.0701718622, 2799.1765, 2580.9176, 760.6650, 20.6420
2025-11-28 01:11:31, 0.0248286048, 0.0176370720, 0.0777606039, 0.0706316770, 2679.0526, 2468.1316, 760.0850, 20.6818
2025-11-28 01:11:37, 0.0095481372, 0.0126270422, 0.1059942269, 0.0956195945, 2642.0222, 2550.9556, 763.4100, 19.4209
2025-11-28 01:11:43, 0.0112773111, 0.0143833637, 0.0815982088, 0.0527161302, 2457.6143, 2330.6143, 764.4050, 21.8722
2025-11-28 01:11:48, 0.0080238925, 0.0114624242, 0.0693143407, 0.0443238879, 2380.6596, 2243.3511, 763.8400, 22.3348
2025-11-28 01:11:54, 0.0092242826, 0.0120317176, 0.0851087375, 0.0751474510, 2425.0930, 2263.3023, 764.3450, 22.2046
2025-11-28 01:12:00, 0.0207723158, 0.0152774278, 0.0542112332, 0.0498981056, 2728.9759, 2561.0482, 764.0250, 22.8557
2025-11-28 01:12:06, 0.0168618071, 0.0146440673, 0.0717082515, 0.0777281630, 2438.0098, 2384.9510, 761.6600, 20.8632
2025-11-28 01:12:12, 0.0128485821, 0.0150785171, 0.0817805709, 0.0648780321, 2709.0449, 2425.7753, 765.9250, 20.7574
2025-11-28 01:12:17, 0.0111433413, 0.0123469267, 0.0864217438, 0.0728096446, 2705.2436, 2602.8846, 763.2950, 22.9865
2025-11-28 01:12:23, 0.0260701907, 0.0211890510, 0.0719075967, 0.0633900972, 2873.1667, 2709.0417, 759.7150, 20.6459
2025-11-28 01:12:29, 0.0288272642, 0.0193784586, 0.0544987996, 0.0409259781, 2735.0506, 2679.1139, 761.0300, 21.8403
2025-11-28 01:12:34, 0.0211108357, 0.0202026081, 0.0578771374, 0.0565175958, 2938.0000, 2672.0789, 758.2550, 17.1190
2025-11-28 01:12:40, 0.0347320772, 0.0291965017, 0.0595423198, 0.0431992953, 2686.9483, 2718.8103, 760.9300, 18.8583
2025-11-28 01:12:46, 0.0379439920, 0.0336439973, 0.0947251506, 0.0707161428, 2799.4776, 2567.3582, 759.3350, 17.7373
2025-11-28 01:12:52, 0.0365877197, 0.0273034824, 0.0599206770, 0.0525820659, 3020.9211, 2707.3289, 755.3500, 18.2172
2025-11-28 01:12:57, 0.0315974522, 0.0243046051, 0.0559079259, 0.0584632752, 2957.7302, 2770.5079, 762.2950, 20.5630
2025-11-28 01:13:03, 0.0323582318, 0.0227244231, 0.0707573438, 0.0494765511, 2903.2535, 2629.5211, 759.9450, 17.7922
2025-11-28 01:13:09, 0.0323820692, 0.0287953710, 0.1007900486, 0.0693294091, 2929.8514, 2767.8243, 761.4500, 18.5164
2025-11-28 01:13:15, 0.0373287797, 0.0294814143, 0.0695868235, 0.0590705254, 2848.1034, 2697.0575, 760.0650, 17.8505
2025-11-28 01:13:21, 0.0348329832, 0.0225582614, 0.0467428235, 0.0603283062, 2674.4375, 2505.4219, 760.0300, 17.7555
2025-11-28 01:13:26, 0.0372978957, 0.0284207987, 0.0654378682, 0.0450960425, 2925.9016, 2596.8197, 760.7250, 17.8031
2025-11-28 01:13:32, 0.0282182050, 0.0298790745, 0.0930265866, 0.0973276392, 2667.2794, 2626.2500, 755.6350, 18.3737
2025-11-28 01:13:38, 0.0394203839, 0.0372749588, 0.0774648705, 0.0656618353, 2816.9315, 2702.1644, 756.1100, 18.1234
2025-11-28 01:13:43, 0.0246294648, 0.0216199227, 0.0689709213, 0.0502332472, 2960.0548, 2647.1644, 757.6400, 19.4638
2025-11-28 01:13:49, 0.0364371833, 0.0461509498, 0.0586773865, 0.0588836186, 2794.1333, 2739.9667, 757.5200, 17.8446
2025-11-28 01:13:55, 0.0316149233, 0.0253942255, 0.0382839243, 0.0380771460, 2797.1667, 2540.2273, 752.2100, 17.9144
2025-11-28 01:14:00, 0.0209026166, 0.0178702885, 0.0707121028, 0.0505097511, 2657.0714, 2372.9857, 755.0900, 19.7424
2025-11-28 01:14:06, 0.0260778801, 0.0198378757, 0.0715512703, 0.0720037362, 2804.0405, 2576.1216, 755.5700, 17.8411
2025-11-28 01:14:12, 0.0187026294, 0.0199571568, 0.0851233956, 0.0836749153, 2729.9583, 2554.9583, 753.4700, 19.0675
2025-11-28 01:14:18, 0.0185604397, 0.0171825820, 0.1242981618, 0.0846659491, 2654.3553, 2523.0789, 755.3550, 18.6467
2025-11-28 01:14:23, 0.0252944315, 0.0148638899, 0.0816549496, 0.0656025705, 2727.6552, 2495.2184, 754.2650, 17.6163
2025-11-28 01:14:29, 0.0120039315, 0.0108637383, 0.0965729204, 0.1066866544, 2503.4872, 2419.4487, 752.4750, 17.3266
2025-11-28 01:14:35, 0.0262666008, 0.0227270169, 0.0658735140, 0.0573213159, 2644.9200, 2429.1733, 753.7550, 18.9720
2025-11-28 01:14:40, 0.0255210552, 0.0188512959, 0.0486166464, 0.0465261411, 2740.1842, 2486.9474, 756.6950, 18.2393
2025-11-28 01:14:47, 0.0385591772, 0.0355622665, 0.0897590742, 0.0674675764, 2758.5571, 2630.7571, 754.1300, 18.8142
2025-11-28 01:14:53, 0.0309228431, 0.0262297402, 0.0527404757, 0.0538238366, 2680.8857, 2667.1143, 754.3400, 18.0993
2025-11-28 01:14:58, 0.0331896570, 0.0252133983, 0.0619599352, 0.0597858097, 2667.1831, 2506.3803, 755.3150, 17.2025
2025-11-28 01:15:04, 0.0308393437, 0.0289125554, 0.0847774178, 0.0742517975, 2870.5246, 2691.7705, 754.2300, 17.9819
2025-11-28 01:15:10, 0.0288285132, 0.0225192973, 0.0747783757, 0.0597258705, 2909.5802, 2714.0123, 757.3100, 17.5406
2025-11-28 01:15:16, 0.0339971804, 0.0257169820, 0.0659990667, 0.0647825807, 2762.2143, 2745.8000, 756.5450, 18.1859
2025-11-28 01:15:22, 0.0267709885, 0.0198734693, 0.0805451923, 0.0698173834, 2843.3165, 2652.6329, 754.8550, 18.1770
2025-11-28 01:15:27, 0.0463486097, 0.0328336826, 0.0798803834, 0.0779435342, 2804.8171, 2821.3537, 760.4700, 17.7696
2025-11-28 01:15:33, 0.0371878558, 0.0302515078, 0.0826217993, 0.1035822357, 2845.0870, 2888.2464, 758.9400, 17.5381
2025-11-28 01:15:38, 0.0251133857, 0.0191040899, 0.0735978934, 0.0778103320, 2956.8382, 2719.2941, 756.7300, 18.2007
2025-11-28 01:15:44, 0.0228907196, 0.0210782130, 0.0880450876, 0.0784112607, 2915.1129, 2733.4194, 754.9250, 18.3565
2025-11-28 01:15:50, 0.0219298087, 0.0217173852, 0.0862752021, 0.0887022390, 2591.9429, 2425.6857, 760.7150, 17.7187
2025-11-28 01:15:56, 0.0252113728, 0.0162935492, 0.0591267551, 0.0418880708, 2769.6386, 2569.6747, 752.7400, 17.7232
2025-11-28 01:16:02, 0.0228980138, 0.0191543668, 0.0602000707, 0.0485987990, 2603.5823, 2457.5190, 754.6800, 17.0132
2025-11-28 01:16:07, 0.0221360628, 0.0165511726, 0.0602437165, 0.0666147449, 2607.4074, 2444.1111, 752.4250, 18.1512
2025-11-28 01:16:13, 0.0195895070, 0.0148045299, 0.0934041748, 0.0525044762, 2645.4605, 2475.1316, 753.1300, 19.8727
2025-11-28 01:16:19, 0.0201917781, 0.0168217313, 0.0780750882, 0.0801299647, 2716.3766, 2470.3636, 756.9850, 18.1054
2025-11-28 01:16:25, 0.0221843114, 0.0172686439, 0.0915570979, 0.0898167043, 2783.5077, 2546.0308, 755.5700, 18.5153
2025-11-28 01:16:30, 0.0224265603, 0.0178931334, 0.1121582267, 0.0956688811, 2632.8387, 2584.1290, 755.4000, 19.5315
2025-11-28 01:16:36, 0.0071744926, 0.0102411012, 0.0995962914, 0.0646668213, 2365.1237, 2300.5361, 756.2700, 19.3126
2025-11-28 01:16:42, 0.0187499572, 0.0136444553, 0.1330473803, 0.1072936999, 2696.5366, 2402.3415, 753.9600, 17.0270
2025-11-28 01:16:47, 0.0193924196, 0.0161467181, 0.0736272700, 0.0763478044, 2524.9125, 2429.0125, 752.8900, 17.1090
2025-11-28 01:16:53, 0.0178905362, 0.0165550702, 0.1072545077, 0.0881389291, 2819.2125, 2627.8625, 753.7100, 17.9668
2025-11-28 01:16:59, 0.0211965852, 0.0150351117, 0.0638922068, 0.0846336478, 2770.2069, 2544.8276, 755.4100, 18.6221
2025-11-28 01:17:05, 0.0305728627, 0.0196015951, 0.0602130921, 0.0816833721, 2953.2561, 2815.9878, 757.7500, 17.8159
2025-11-28 01:17:10, 0.0221383055, 0.0156528254, 0.0874354329, 0.0699700557, 2817.1139, 2685.7089, 755.9750, 18.9669
2025-11-28 01:17:16, 0.0131809537, 0.0198448697, 0.0618932560, 0.1150016091, 2710.5000, 2672.0303, 758.7500, 19.6476
2025-11-28 01:17:22, 0.0210837915, 0.0230563126, 0.0791103249, 0.0804980261, 2788.6618, 2554.5735, 755.0150, 17.2915
2025-11-28 01:17:27, 0.0254235455, 0.0196821860, 0.0769607432, 0.1079079628, 2759.8889, 2618.7778, 756.4450, 19.4835
2025-11-28 01:17:33, 0.0302171634, 0.0208993095, 0.0703996907, 0.0498160054, 2731.2714, 2608.0143, 768.0150, 21.1174
2025-11-28 01:17:39, 0.0295706184, 0.0362524950, 0.1471019680, 0.1236814862, 2927.2031, 2713.1250, 760.3150, 18.1573
2025-11-28 01:17:45, 0.0284953272, 0.0265198104, 0.1103413907, 0.1141581649, 2821.5686, 2755.0784, 766.0850, 20.7045
2025-11-28 01:17:50, 0.0405422393, 0.0354718045, 0.1595040141, 0.1274092943, 2703.9333, 2649.3000, 766.0250, 24.2282
2025-11-28 01:17:56, 0.0452473573, 0.0320205552, 0.1230973602, 0.1089435122, 2542.2586, 2393.6552, 765.1600, 22.1421
2025-11-28 01:18:02, 0.0349216632, 0.0413890834, 0.0990280203, 0.0810755420, 2848.1111, 2761.7407, 766.0400, 21.5914
2025-11-28 01:18:08, 0.0486739201, 0.0490643955, 0.0698275313, 0.0809047526, 2619.7049, 2535.6393, 767.3450, 23.0967
2025-11-28 01:18:14, 0.0565091766, 0.0439801932, 0.0874504413, 0.0696461909, 2676.7424, 2657.6818, 763.7000, 20.0487
2025-11-28 01:18:19, 0.0655302297, 0.0591433856, 0.0738849829, 0.0755411218, 2502.1042, 2472.2917, 763.1850, 21.3125
2025-11-28 01:18:25, 0.0562139204, 0.0644199088, 0.0865217801, 0.0798423486, 2828.4706, 2825.2059, 762.5350, 19.9504
2025-11-28 01:18:31, 0.0525922669, 0.0367224801, 0.0611627798, 0.0624615635, 2891.9259, 2884.7593, 770.9000, 23.9850
2025-11-28 01:18:36, 0.0544981517, 0.0536464634, 0.0764960072, 0.0725759679, 2668.9231, 2744.7231, 769.0550, 23.1824
2025-11-28 01:18:42, 0.0552773867, 0.0452903872, 0.0933517144, 0.1072464242, 2792.5205, 2822.4247, 771.8700, 23.4956
2025-11-28 01:18:48, 0.0708086721, 0.0613330535, 0.0512995609, 0.0661211519, 2644.1538, 2684.4154, 771.0100, 24.5917
2025-11-28 01:18:53, 0.0451842315, 0.0352540337, 0.1295208594, 0.1196512632, 2935.7258, 2808.7258, 768.2550, 23.8199
2025-11-28 01:18:59, 0.0500745843, 0.0442689053, 0.1244995762, 0.0858846833, 3339.1132, 3078.5472, 768.6250, 23.2767
2025-11-28 01:19:05, 0.0311802675, 0.0289024004, 0.0643692038, 0.0875115973, 2728.2941, 2757.3529, 768.1800, 22.4033
2025-11-28 01:19:11, 0.0321311598, 0.0319054839, 0.0721431367, 0.0604812894, 2483.7736, 2439.4340, 770.4600, 25.1640
2025-11-28 01:19:16, 0.0475979178, 0.0376696167, 0.1206944601, 0.0957207283, 3019.5000, 3021.3148, 770.2900, 23.7644
2025-11-28 01:19:22, 0.0573616797, 0.0497989418, 0.0997558585, 0.0781969325, 3025.0781, 3002.0469, 768.7300, 24.2181
2025-11-28 01:19:28, 0.0379516545, 0.0332966863, 0.0777825175, 0.1304423003, 2820.8387, 2761.8871, 760.7550, 19.1558
2025-11-28 01:19:34, 0.0404069983, 0.0384238681, 0.0536494815, 0.0737061319, 2781.2982, 2726.2456, 761.8250, 16.8352
2025-11-28 01:19:40, 0.0654473024, 0.0646833285, 0.0863566153, 0.0800159000, 2891.7547, 2928.0377, 759.4500, 17.8398
2025-11-28 01:19:45, 0.0620591048, 0.0524035715, 0.1001710150, 0.0868738027, 2712.5152, 2658.5152, 762.7400, 17.5380
2025-11-28 01:19:51, 0.0535880047, 0.0519613899, 0.1339723755, 0.1023722131, 2783.6545, 2767.4000, 758.5600, 18.5299
2025-11-28 01:19:57, 0.0871150552, 0.0861510145, 0.0841926273, 0.0669422319, 2930.0806, 2822.2581, 757.6850, 18.0584
2025-11-28 01:20:03, 0.0870837274, 0.0623654383, 0.0555614720, 0.0601037352, 2661.9608, 2639.2157, 759.1500, 20.2856
2025-11-28 01:20:09, 0.0557204204, 0.0590035235, 0.0698913834, 0.0685309498, 2792.0000, 2725.1846, 755.7700, 17.8720
2025-11-28 01:20:15, 0.0731448127, 0.0660065455, 0.0549972965, 0.0624336141, 3018.5286, 2965.5714, 758.4700, 20.0977
2025-11-28 01:20:20, 0.0505813014, 0.0490478304, 0.0866212733, 0.0867703365, 2752.9444, 2769.1944, 760.9100, 20.4935
2025-11-28 01:20:26, 0.0600992085, 0.0458850701, 0.0557761833, 0.0586436817, 2568.1053, 2487.9649, 755.9200, 18.7737
2025-11-28 01:20:32, 0.0414323011, 0.0430336458, 0.0727398802, 0.0756062398, 2837.9643, 2828.5714, 755.0400, 19.6035
2025-11-28 01:20:37, 0.0381137157, 0.0372695614, 0.0979156141, 0.0867691971, 2675.9828, 2604.8793, 758.2200, 19.5824
2025-11-28 01:20:43, 0.0500636023, 0.0452572246, 0.0743488954, 0.0484708351, 2893.2623, 2862.0820, 760.8350, 19.8330
2025-11-28 01:20:49, 0.0593278695, 0.0468930472, 0.0670555415, 0.0795524203, 2778.2931, 2820.2586, 757.1850, 19.2738
2025-11-28 01:20:54, 0.0849735697, 0.0582483712, 0.1297376358, 0.1164180076, 2734.5400, 2750.5200, 761.5400, 21.7743
2025-11-28 01:21:00, 0.0534787069, 0.0461133017, 0.0630854658, 0.0657153818, 3036.6081, 3108.3514, 759.5500, 19.0478
2025-11-28 01:21:05, 0.0471591977, 0.0381710947, 0.0664175527, 0.0647730441, 2821.2742, 2735.2419, 758.5850, 19.7920
2025-11-28 01:21:11, 0.0386564893, 0.0307343956, 0.1424952193, 0.1230612762, 2895.1467, 2822.6267, 759.1550, 18.9251
2025-11-28 01:21:17, 0.0323121653, 0.0242684789, 0.0600693853, 0.0668050687, 2587.7719, 2480.1404, 759.6350, 19.5093
2025-11-28 01:21:23, 0.0320920271, 0.0298294417, 0.0700167917, 0.0820478076, 2740.4688, 2679.4062, 757.3450, 19.8478
2025-11-28 01:21:28, 0.0353063167, 0.0290401699, 0.0772060814, 0.0603333452, 2737.0952, 2723.9365, 759.5600, 18.9580
2025-11-28 01:21:34, 0.0530593067, 0.0477689764, 0.0561509553, 0.0498517191, 2837.3667, 2757.4667, 758.4400, 20.0017
2025-11-28 01:21:40, 0.0684030610, 0.0518763054, 0.0511467178, 0.0475051954, 2523.8955, 2557.2239, 759.4200, 17.4898
2025-11-28 01:21:46, 0.0652296165, 0.0760726653, 0.0622896456, 0.0471550848, 2822.0222, 2778.2889, 757.9350, 18.6719
2025-11-28 01:21:51, 0.0637610985, 0.0688995524, 0.0810001534, 0.0956806553, 2888.6964, 2964.4107, 759.0550, 17.4949
2025-11-28 01:21:57, 0.0632474754, 0.0462240656, 0.0776894739, 0.0738592762, 2644.4762, 2691.7460, 757.2900, 19.5802
2025-11-28 01:22:03, 0.0731010699, 0.0555358364, 0.0443759929, 0.0543506691, 2735.8871, 2781.3387, 761.2550, 20.5959
2025-11-28 01:22:08, 0.0380371443, 0.0285126601, 0.0756147198, 0.0642681284, 2747.6515, 2692.8636, 758.0000, 18.1645
2025-11-28 01:22:14, 0.0296735155, 0.0242670946, 0.0734294339, 0.0742289432, 2723.6833, 2543.2500, 760.9300, 17.0275
2025-11-28 01:22:20, 0.0419396329, 0.0267936531, 0.0773628367, 0.0819516669, 2792.1452, 2647.8065, 759.2800, 16.7899
2025-11-28 01:22:25, 0.0211096356, 0.0272480423, 0.0643737913, 0.0867901467, 2639.3857, 2531.8143, 760.0150, 17.3166
2025-11-28 01:22:31, 0.0674076843, 0.0504920653, 0.0662524379, 0.0655176712, 2685.3966, 2673.8103, 759.5700, 18.1897
2025-11-28 01:22:37, 0.0560674457, 0.0420868687, 0.0788415524, 0.0804703405, 2853.5932, 2826.2542, 760.8350, 18.3975
2025-11-28 01:22:43, 0.0589787468, 0.0416675637, 0.1138600275, 0.0951689077, 2946.9508, 2821.6230, 761.6750, 18.1400
2025-11-28 01:22:49, 0.0705798298, 0.0653828163, 0.0686014473, 0.0731616939, 2850.5094, 2745.4906, 760.9850, 19.3454
2025-11-28 01:22:54, 0.0533318636, 0.0493847259, 0.0544896769, 0.0789941157, 2913.1429, 2845.2041, 761.2350, 19.4933
2025-11-28 01:23:00, 0.0966343545, 0.0645281921, 0.0705085741, 0.0563429706, 2672.6170, 2679.4043, 763.1000, 17.9644
2025-11-28 01:23:06, 0.0417741471, 0.0402046178, 0.0843762578, 0.0942276835, 2930.3000, 2898.8667, 765.7100, 19.1590
2025-11-28 01:23:11, 0.0555836295, 0.0640557559, 0.1026188710, 0.0882765847, 2859.8085, 2814.7021, 763.4550, 18.6061
2025-11-28 01:23:17, 0.0408609199, 0.0355660606, 0.0672014273, 0.0809686356, 2754.0385, 2862.7692, 767.9300, 17.8509
2025-11-28 01:23:23, 0.0569278938, 0.0484314856, 0.0876449327, 0.0784420154, 2788.2245, 2701.8571, 764.4000, 18.5248
2025-11-28 01:23:28, 0.0394085835, 0.0371968220, 0.0596925918, 0.0576922023, 2672.5692, 2526.6000, 763.3600, 17.4960
2025-11-28 01:23:34, 0.0523868615, 0.0401371772, 0.0692722187, 0.0709075970, 2711.7647, 2627.5490, 765.7550, 18.6953
2025-11-28 01:23:40, 0.0594910189, 0.0475200716, 0.0905254168, 0.0891631462, 2921.9839, 2914.5968, 765.0850, 20.0349
2025-11-28 01:23:46, 0.0577496484, 0.0511831819, 0.0654122015, 0.0698938128, 2579.3333, 2473.8833, 765.9250, 17.6247
2025-11-28 01:23:52, 0.0502380030, 0.0450919962, 0.0730156147, 0.0928793738, 3019.3393, 2808.1607, 763.3400, 20.4217
2025-11-28 01:23:57, 0.0473984447, 0.0472594418, 0.0861706311, 0.0755029966, 2871.3485, 2698.3030, 765.0750, 18.5994
2025-11-28 01:24:03, 0.0345680030, 0.0241657548, 0.0875094268, 0.0765184235, 2766.0161, 2640.4839, 767.2600, 16.2617
2025-11-28 01:24:09, 0.0507062188, 0.0548297682, 0.0495581682, 0.0429048239, 2705.1944, 2709.0833, 765.2650, 17.5170
2025-11-28 01:24:14, 0.0552602277, 0.0523652725, 0.0560877110, 0.0576956747, 2943.8108, 2864.0000, 764.5250, 17.5713
2025-11-28 01:24:20, 0.0622509608, 0.0467283316, 0.0604610592, 0.0447580864, 2754.8310, 2749.4930, 762.5900, 19.8628
2025-11-28 01:24:26, 0.0506088937, 0.0446556199, 0.0697255946, 0.0733178981, 2797.8375, 2748.6500, 761.7850, 16.9658
2025-11-28 01:24:32, 0.0423418683, 0.0488191901, 0.0693058032, 0.0495297151, 2866.7963, 2643.8889, 760.8700, 18.4281
2025-11-28 01:24:37, 0.0280138461, 0.0298967593, 0.0708700497, 0.0583898379, 2619.8305, 2503.3729, 762.6000, 18.2178
2025-11-28 01:24:43, 0.0326198319, 0.0332141250, 0.0522571198, 0.0546506004, 2852.4861, 2783.0556, 761.1500, 19.3865
2025-11-28 01:24:49, 0.0344397996, 0.0260367777, 0.0813720376, 0.0770633852, 2786.8488, 2636.6047, 758.2900, 18.1504
2025-11-28 01:24:54, 0.0567791746, 0.0501563280, 0.0597330564, 0.0923363302, 2823.1846, 2752.9538, 757.5400, 19.1522
2025-11-28 01:25:00, 0.0867195981, 0.0558872161, 0.0861910447, 0.0618355761, 2914.7292, 2915.9792, 758.9550, 18.5392
2025-11-28 01:25:06, 0.0603599809, 0.0644078721, 0.0760930253, 0.0687125999, 2828.2879, 2762.6364, 757.3250, 18.4342
2025-11-28 01:25:11, 0.0505151234, 0.0501704561, 0.0475085165, 0.0777171378, 2887.1639, 2798.8197, 756.7900, 18.6187
2025-11-28 01:25:17, 0.0451334347, 0.0477703557, 0.1000761544, 0.1040671525, 2957.3448, 2933.3621, 759.1950, 16.6870
2025-11-28 01:25:23, 0.0418503006, 0.0316935957, 0.0835421215, 0.0705712537, 2800.5333, 2726.3600, 758.4750, 19.0699
2025-11-28 01:25:29, 0.0459632459, 0.0460983849, 0.0613412072, 0.0701830846, 2896.7206, 2857.7500, 759.9750, 17.0345
2025-11-28 01:25:35, 0.0559867823, 0.0433560086, 0.1118863287, 0.0864707336, 2985.4062, 2812.9219, 759.6100, 17.8793
2025-11-28 01:25:40, 0.0620256465, 0.0539084534, 0.0710806643, 0.0710122637, 2707.7419, 2671.7258, 762.5500, 17.9643
2025-11-28 01:25:46, 0.0342159992, 0.0336120973, 0.0824931516, 0.1076749998, 2556.1096, 2609.3151, 759.5450, 18.1008
2025-11-28 01:25:52, 0.0385756767, 0.0358671654, 0.0642797217, 0.0516264967, 2777.5510, 2692.3673, 764.5800, 18.7535
2025-11-28 01:25:58, 0.0509497191, 0.0410783900, 0.0502076689, 0.0724898432, 2678.5714, 2766.8000, 764.0200, 18.3739
2025-11-28 01:26:03, 0.0431201269, 0.0376542027, 0.0549476176, 0.0602297383, 2851.3816, 2797.1447, 759.0600, 18.6999
2025-11-28 01:26:09, 0.0475301199, 0.0405424285, 0.0797288962, 0.0637570670, 2954.1270, 2915.4444, 762.1150, 19.4770
2025-11-28 01:26:15, 0.0638618931, 0.0428575211, 0.0517146394, 0.0631228728, 2661.6957, 2801.3043, 761.1850, 18.3401
2025-11-28 01:26:20, 0.0463689374, 0.0431303537, 0.0880067808, 0.0956918898, 2814.2500, 2739.1607, 763.0700, 18.6214
2025-11-28 01:26:26, 0.0461617591, 0.0433917301, 0.0625012871, 0.0566009554, 2883.6818, 2693.8788, 760.1800, 17.3490
2025-11-28 01:26:32, 0.0652338060, 0.0518581098, 0.0548853867, 0.0643815882, 3062.0556, 2848.0926, 761.8800, 17.9189
2025-11-28 01:26:38, 0.0364468588, 0.0328744018, 0.0480444097, 0.0571903385, 2837.7536, 2742.8261, 763.0400, 19.1867
2025-11-28 01:26:43, 0.0631330770, 0.0652761688, 0.0496544145, 0.0428090771, 2922.7541, 2741.8361, 762.8400, 18.8506
2025-11-28 01:26:49, 0.0606967711, 0.0553122168, 0.0682093014, 0.0484665692, 2756.8148, 2628.8148, 762.8900, 20.2234
2025-11-28 01:26:54, 0.0563005855, 0.0522016163, 0.0685012384, 0.0769882636, 2924.7846, 2840.9077, 762.5350, 19.6476
2025-11-28 01:27:00, 0.0530741197, 0.0518765808, 0.0697984643, 0.0569289398, 3117.2676, 2974.0986, 760.0100, 17.5895
2025-11-28 01:27:06, 0.0646721467, 0.0619978589, 0.0678529186, 0.0564254388, 2959.2667, 2757.3500, 764.9300, 19.0309
2025-11-28 01:27:12, 0.0647583627, 0.0488425479, 0.0602381636, 0.0628700308, 2807.7042, 2798.1972, 766.1050, 18.6549
2025-11-28 01:27:17, 0.0496487194, 0.0476030017, 0.0471261143, 0.0374410234, 3046.5652, 2824.4058, 765.6650, 18.1995
2025-11-28 01:27:23, 0.0351448187, 0.0273270114, 0.0629638299, 0.0612168431, 2806.0000, 2553.3333, 764.9500, 17.9774
2025-11-28 01:27:29, 0.0389635831, 0.0300903535, 0.0601184294, 0.0467051763, 2846.0109, 2780.6522, 763.7450, 20.1737
2025-11-28 01:27:35, 0.0422559017, 0.0359116282, 0.0866024749, 0.0600015833, 2893.8125, 2705.3906, 768.1750, 18.0852
2025-11-28 01:27:41, 0.0277846815, 0.0252171422, 0.0675623950, 0.0444684499, 2777.0000, 2579.1071, 766.6800, 20.1690
2025-11-28 01:27:46, 0.0404639304, 0.0314153270, 0.0711405601, 0.0731799408, 2761.1200, 2701.1200, 765.1850, 19.8678
2025-11-28 01:27:52, 0.0430797250, 0.0418267093, 0.0740712144, 0.0672172825, 2836.7368, 2738.8947, 762.2900, 18.3356
2025-11-28 01:27:58, 0.0422820842, 0.0321162082, 0.0601654179, 0.0547799579, 3041.8689, 2857.1967, 762.5550, 21.6235
2025-11-28 01:28:04, 0.0292045649, 0.0205405563, 0.0427243790, 0.0577120038, 2729.4557, 2555.2405, 764.5550, 18.1104
2025-11-28 01:28:10, 0.0268389585, 0.0221098891, 0.0610047527, 0.0565225664, 2689.7703, 2499.1486, 764.2500, 19.2025
2025-11-28 01:28:16, 0.0287541262, 0.0245947432, 0.0487672441, 0.0422433419, 3024.5972, 2831.6250, 764.8950, 17.5007
2025-11-28 01:28:22, 0.0181537451, 0.0189282500, 0.0625980640, 0.0545995579, 2635.2024, 2396.2262, 761.2050, 19.3298
2025-11-28 01:28:27, 0.0326469558, 0.0219022725, 0.0907890722, 0.0499068382, 2870.8400, 2761.0000, 766.2400, 18.7548
2025-11-28 01:28:33, 0.0203203953, 0.0154810031, 0.0650471064, 0.0721735026, 2648.4638, 2573.5797, 764.5600, 17.6827
2025-11-28 01:28:39, 0.0310245591, 0.0240915268, 0.0798992383, 0.0745713007, 2781.8533, 2711.5200, 765.8850, 19.0182
2025-11-28 01:28:44, 0.0218507596, 0.0189177677, 0.0779126993, 0.0828095371, 2720.6349, 2626.1746, 759.1400, 17.8754
2025-11-28 01:28:50, 0.0227920690, 0.0214983766, 0.0843651757, 0.0691548621, 2729.2466, 2388.8630, 760.3500, 18.1634
2025-11-28 01:28:55, 0.0136996322, 0.0162507152, 0.0956645761, 0.0925002087, 2647.4725, 2612.8571, 759.1050, 17.5990
2025-11-28 01:29:01, 0.0285147483, 0.0248962356, 0.1001403208, 0.0854786479, 2951.8551, 2875.7826, 761.3900, 17.7895
2025-11-28 01:29:07, 0.0315707051, 0.0210444417, 0.1600697872, 0.1418420666, 2473.7544, 2410.6140, 760.4850, 18.7296
2025-11-28 01:29:12, 0.0353901748, 0.0254804423, 0.0804184959, 0.0608079858, 2906.0725, 2679.2319, 760.0900, 18.1783
2025-11-28 01:29:18, 0.0367188003, 0.0273015972, 0.0877938811, 0.1071539239, 2779.0308, 2720.1385, 760.8950, 17.7419
2025-11-28 01:29:24, 0.0478380048, 0.0467716552, 0.1544732294, 0.1293226348, 2836.8545, 2826.0545, 758.9200, 18.1908
2025-11-28 01:29:30, 0.0392113694, 0.0372403689, 0.0623966556, 0.0620781716, 2605.2941, 2618.2500, 761.1500, 18.6710
2025-11-28 01:29:35, 0.0253607522, 0.0262142189, 0.0639095601, 0.0611987417, 2697.8261, 2638.4493, 755.6400, 17.4095
2025-11-28 01:29:41, 0.0185070203, 0.0187975116, 0.0927018405, 0.0670110422, 2532.0886, 2425.1519, 759.7050, 18.0955
2025-11-28 01:29:47, 0.0183799002, 0.0146295977, 0.0771053112, 0.0859513859, 2748.6528, 2489.6944, 757.3150, 17.6118
2025-11-28 01:29:53, 0.0103911157, 0.0123193606, 0.0600504765, 0.0583249526, 2434.0875, 2217.5625, 761.3900, 17.3369
2025-11-28 01:29:59, 0.0082587307, 0.0117422683, 0.0867702629, 0.0931864331, 2585.1446, 2447.0361, 758.2950, 16.7839
2025-11-28 01:30:05, 0.0164816236, 0.0124419997, 0.0691290363, 0.0573243676, 2523.0400, 2305.2533, 758.0500, 17.4154
2025-11-28 01:30:10, 0.0223637481, 0.0203287653, 0.0993333934, 0.0886088238, 2672.8974, 2548.0256, 756.8200, 18.9042
2025-11-28 01:30:16, 0.0202080785, 0.0202193082, 0.0586635280, 0.0869044201, 2569.0676, 2444.3378, 764.8350, 18.1038
2025-11-28 01:30:22, 0.0189791588, 0.0184997330, 0.0903686772, 0.0712155446, 2604.3768, 2217.3623, 756.0900, 18.1381
2025-11-28 01:30:27, 0.0277855572, 0.0206149148, 0.1471272447, 0.1534228988, 2727.1250, 2506.5000, 754.2100, 16.9445
2025-11-28 01:30:33, 0.0258237228, 0.0197438116, 0.0975381232, 0.0678555777, 2774.3582, 2594.4627, 763.8450, 17.2885
2025-11-28 01:30:39, 0.0097698387, 0.0129150151, 0.0906282512, 0.1191416690, 2618.6750, 2482.7000, 756.1950, 17.8563
2025-11-28 01:30:45, 0.0054005982, 0.0115884932, 0.1018486195, 0.0876865131, 2459.5000, 2459.2889, 761.8850, 16.9574
2025-11-28 01:30:50, 0.0095623136, 0.0184479770, 0.1048295779, 0.0782591015, 2459.6023, 2381.3295, 755.7200, 17.6069
2025-11-28 01:30:56, 0.0101851166, 0.0142082656, 0.0590204120, 0.0712917944, 2644.4944, 2526.6517, 762.0100, 17.8625
2025-11-28 01:31:02, 0.0209030873, 0.0171188581, 0.1081481888, 0.0520966259, 2640.3333, 2505.7816, 761.6000, 17.3571
2025-11-28 01:31:08, 0.0159884243, 0.0108749368, 0.0570201493, 0.0723651946, 2557.5797, 2435.9130, 760.5700, 18.7335
2025-11-28 01:31:13, 0.0103981008, 0.0153658661, 0.0943407178, 0.0820872587, 2662.1939, 2496.2551, 762.2000, 18.0103
2025-11-28 01:31:19, 0.0221603072, 0.0223568853, 0.0776382605, 0.0642706506, 2705.0617, 2529.5926, 760.5600, 18.4368
2025-11-28 01:31:25, 0.0175189354, 0.0112900705, 0.1211220695, 0.0858724266, 2639.2118, 2488.8235, 765.0750, 18.5903
2025-11-28 01:31:31, 0.0215314190, 0.0150459094, 0.0840472184, 0.0697065379, 2612.9747, 2364.3291, 766.3950, 16.8330
2025-11-28 01:31:37, 0.0277259210, 0.0230135258, 0.0461606357, 0.0616656461, 2647.4355, 2579.4194, 765.9700, 17.2913
2025-11-28 01:31:43, 0.0183655920, 0.0141697039, 0.0910949660, 0.0646964363, 2673.6835, 2405.8987, 766.3650, 18.1028
2025-11-28 01:31:48, 0.0301839536, 0.0229823817, 0.1035580053, 0.0832570450, 3032.0127, 2944.1266, 768.0550, 18.3394
2025-11-28 01:31:54, 0.0176928598, 0.0159676873, 0.0745813823, 0.0864322264, 2465.4795, 2387.8219, 767.8050, 19.1412
2025-11-28 01:32:00, 0.0287089532, 0.0219756345, 0.0838472147, 0.0538873282, 2645.9756, 2590.0976, 767.3450, 18.4374
2025-11-28 01:32:06, 0.0413588695, 0.0334164312, 0.0643122818, 0.0811342720, 2787.5200, 2753.4600, 767.3200, 18.3420
2025-11-28 01:32:12, 0.0300452956, 0.0288279609, 0.0766292753, 0.0956819110, 2748.9625, 2665.2500, 769.0550, 18.6642
2025-11-28 01:32:18, 0.0332132898, 0.0317083891, 0.0689371406, 0.0675458488, 2919.8261, 2777.7536, 770.6100, 17.5576
2025-11-28 01:32:23, 0.0445862269, 0.0404101541, 0.0649792004, 0.0543109324, 2924.6618, 2876.9559, 769.4700, 19.3904
2025-11-28 01:32:29, 0.0332584234, 0.0264987599, 0.0633613156, 0.0577194305, 2702.3288, 2580.8630, 773.0800, 18.6431
2025-11-28 01:32:35, 0.0221991104, 0.0177581261, 0.0517933917, 0.0775173365, 2735.6883, 2634.0000, 771.0150, 18.5517
2025-11-28 01:32:40, 0.0228145947, 0.0212896610, 0.0547432176, 0.0561239977, 2716.5735, 2563.4118, 771.8200, 17.9091
2025-11-28 01:32:46, 0.0273680074, 0.0232079930, 0.0537698545, 0.0385260110, 3124.4615, 2973.8154, 762.5400, 17.3807
2025-11-28 01:32:52, 0.0281724485, 0.0270454847, 0.0780044833, 0.0645455252, 2794.4699, 2770.3253, 769.9100, 18.3145
2025-11-28 01:32:57, 0.0407161054, 0.0297773259, 0.0768734663, 0.0652415095, 2822.9036, 2655.0361, 761.6050, 18.1259
2025-11-28 01:33:03, 0.0281645926, 0.0293221360, 0.0861772319, 0.0670066608, 2903.9589, 2726.7260, 772.1000, 19.3801
2025-11-28 01:33:09, 0.0249456218, 0.0246525773, 0.0663261112, 0.0630397939, 2729.4769, 2569.5846, 770.7500, 20.2829
2025-11-28 01:33:15, 0.0188683035, 0.0164092715, 0.0817581732, 0.0754476666, 2715.2143, 2510.8929, 764.1400, 18.1323
2025-11-28 01:33:20, 0.0113987575, 0.0146427762, 0.0565730293, 0.0427720263, 2527.4945, 2284.2637, 765.1050, 19.4130
2025-11-28 01:33:26, 0.0185203694, 0.0207239775, 0.0688368159, 0.0674171220, 2737.1190, 2565.2976, 762.2150, 17.1152
2025-11-28 01:33:32, 0.0200386301, 0.0148436985, 0.0576487116, 0.0513165316, 2553.2222, 2432.9667, 763.5050, 19.0318
2025-11-28 01:33:37, 0.0055614433, 0.0124550931, 0.0919826935, 0.1093019981, 2593.3900, 2464.4700, 765.2450, 19.4603
2025-11-28 01:33:43, 0.0108617523, 0.0123120997, 0.1092521419, 0.1032602220, 2584.0625, 2469.9125, 766.2800, 18.4838
2025-11-28 01:33:49, 0.0059258316, 0.0096132270, 0.0774505702, 0.0624217649, 2312.3605, 2224.3837, 765.5550, 18.2775
2025-11-28 01:33:55, 0.0088942899, 0.0105680296, 0.0678361087, 0.0702069962, 2446.9712, 2334.0192, 767.4350, 18.7621
2025-11-28 01:34:00, 0.0066374130, 0.0116965770, 0.1090987863, 0.1100540357, 2571.8902, 2413.7195, 765.8250, 18.9464
2025-11-28 01:34:06, 0.0075439716, 0.0120188262, 0.0863597181, 0.0990701953, 2527.0690, 2404.1034, 766.3050, 19.6332
2025-11-28 01:34:12, 0.0078210980, 0.0119937042, 0.0714257162, 0.0736913684, 2682.5067, 2460.2000, 761.7500, 18.7680
2025-11-28 01:34:17, 0.0113817316, 0.0201934918, 0.0988244755, 0.0984967214, 2834.0135, 2694.9324, 771.7100, 18.9846
2025-11-28 01:34:23, 0.0478376283, 0.0403688436, 0.0608488756, 0.0615084672, 2784.1667, 2820.0167, 764.2550, 18.4751
2025-11-28 01:34:29, 0.0403344233, 0.0393718129, 0.0905186548, 0.0694062245, 2631.5283, 2530.5094, 767.7200, 17.1503
2025-11-28 01:34:35, 0.0480742504, 0.0374980036, 0.0748399978, 0.0782041435, 2791.7377, 2682.7541, 764.8950, 18.7698
2025-11-28 01:34:41, 0.0286842345, 0.0249282972, 0.0972863728, 0.0685836509, 3003.7627, 2857.3220, 765.3500, 17.6158
2025-11-28 01:34:46, 0.0320918412, 0.0330963167, 0.0799989710, 0.0754616539, 2943.8873, 2831.1831, 761.2550, 18.4122
2025-11-28 01:34:55, 0.0463399677, 0.0498674898, 0.0746115603, 0.0730254567, 2909.4833, 2735.4500, 761.8050, 17.9880
2025-11-28 01:35:01, 0.0364560096, 0.0352405146, 0.0953927722, 0.1084068717, 2642.3393, 2653.0893, 768.4250, 18.2023
2025-11-28 01:35:06, 0.0303526435, 0.0277539545, 0.0826602982, 0.0861716200, 2924.0946, 2798.6081, 764.0300, 18.1130
2025-11-28 01:35:12, 0.0252436650, 0.0243496073, 0.0882483655, 0.0674630382, 2845.9136, 2696.9136, 762.0200, 15.9273
2025-11-28 01:35:17, 0.0409761821, 0.0253601155, 0.1050481947, 0.0749574266, 2935.7500, 2656.0395, 760.5000, 19.1844
2025-11-28 01:35:23, 0.0348155271, 0.0301715432, 0.0695601693, 0.0771522951, 2808.0800, 2716.5733, 761.0250, 18.0129
2025-11-28 01:35:29, 0.0289037759, 0.0275999642, 0.1100419618, 0.0711271990, 2876.6438, 2692.5890, 762.0050, 18.6884
2025-11-28 01:35:34, 0.0457427688, 0.0406026494, 0.0962442665, 0.1013990125, 2567.7167, 2637.0667, 761.2650, 17.7470
2025-11-28 01:35:40, 0.0533366720, 0.0412359520, 0.0490845392, 0.0739786931, 2648.7903, 2637.5645, 761.5650, 18.2191
2025-11-28 01:35:46, 0.0522802507, 0.0354659426, 0.0542219309, 0.0586802845, 2946.2593, 2902.8704, 759.2850, 19.0713
2025-11-28 01:35:51, 0.0388456994, 0.0365601026, 0.0675116136, 0.0744268909, 3012.0645, 2865.5161, 760.1950, 17.0539
2025-11-28 01:35:57, 0.0283639312, 0.0305066463, 0.0973835008, 0.1030779498, 2812.1515, 2794.1818, 760.9350, 17.2070
2025-11-28 01:36:03, 0.0460206786, 0.0495422522, 0.0640504687, 0.0625378909, 2834.8358, 2797.0896, 762.5500, 16.9861
2025-11-28 01:36:08, 0.0547390788, 0.0427721870, 0.0701922693, 0.0521997232, 2933.6056, 2731.1549, 762.0100, 17.6142
2025-11-28 01:36:14, 0.0460178199, 0.0496305348, 0.0483900194, 0.0667323046, 2876.2899, 2777.1159, 759.7800, 17.9753
2025-11-28 01:36:20, 0.0620841882, 0.0502118441, 0.0690187130, 0.0786883676, 3093.6833, 3025.6667, 760.5000, 17.5051
2025-11-28 01:36:25, 0.0711669315, 0.0644816848, 0.0648178676, 0.0578014128, 2692.4000, 2710.2167, 757.0400, 17.1863
2025-11-28 01:36:31, 0.0605208987, 0.0488925070, 0.0710211644, 0.0654987703, 2783.9032, 2709.7581, 760.7450, 17.6451
2025-11-28 01:36:37, 0.0750518398, 0.0678900870, 0.0792995970, 0.0760814746, 2919.8462, 2923.9692, 759.3150, 18.9967
2025-11-28 01:36:43, 0.0596053315, 0.0490191641, 0.1043487133, 0.0488284099, 2826.0152, 2744.3788, 760.8800, 18.7173
2025-11-28 01:36:48, 0.0665876051, 0.0793147880, 0.0710504042, 0.0738568413, 2885.5179, 2903.5179, 758.3100, 19.2799
2025-11-28 01:36:54, 0.0519132921, 0.0527368088, 0.0749794669, 0.0536754964, 2826.2222, 2734.8472, 757.5150, 18.9341
2025-11-28 01:37:00, 0.0408394951, 0.0436294544, 0.0663503493, 0.0595464720, 2875.2586, 2798.7069, 760.8650, 17.3726
2025-11-28 01:37:05, 0.0491810427, 0.0411408852, 0.0579421280, 0.0655767594, 2846.4459, 2682.5000, 760.5800, 18.9162
2025-11-28 01:37:11, 0.0580939851, 0.0485968810, 0.0703377069, 0.0683644064, 2816.7547, 2792.0566, 757.9950, 18.1291
2025-11-28 01:37:17, 0.0579433891, 0.0455093961, 0.0493979227, 0.0457986572, 2708.6786, 2473.4643, 756.5150, 19.6906
2025-11-28 01:37:23, 0.0364073262, 0.0376322957, 0.0630905970, 0.0377063892, 2918.6290, 2845.3226, 760.4250, 17.0873
2025-11-28 01:37:28, 0.0563260494, 0.0641824279, 0.0682123965, 0.0786367014, 2723.9692, 2676.3231, 759.9700, 19.4766
2025-11-28 01:37:34, 0.0518773672, 0.0520158260, 0.0588616652, 0.0458869215, 2815.9130, 2756.8696, 759.4250, 17.5412
2025-11-28 01:37:40, 0.0377910367, 0.0378123880, 0.0831536173, 0.0753562316, 2828.7419, 2551.3065, 760.1400, 19.1398
2025-11-28 01:37:45, 0.0323249410, 0.0303699329, 0.0617268352, 0.0446976029, 2919.6056, 2685.6901, 762.8600, 20.3404
2025-11-28 01:37:51, 0.0423810820, 0.0416427677, 0.0525570846, 0.0462247471, 2858.2419, 2790.6613, 763.0450, 18.6648
2025-11-28 01:37:57, 0.0362751484, 0.0324690927, 0.0840966075, 0.0815138993, 2783.7143, 2762.8393, 764.0900, 20.3686
2025-11-28 01:38:03, 0.0368567981, 0.0314850985, 0.0873285018, 0.0650386889, 2903.5952, 2676.1071, 762.6850, 19.0650
2025-11-28 01:38:08, 0.0235435484, 0.0228507986, 0.0661180654, 0.0581089775, 2847.7089, 2584.3671, 763.4050, 20.1703
2025-11-28 01:38:14, 0.0319050450, 0.0305692373, 0.0459265303, 0.0397093879, 2611.1594, 2563.4348, 762.3450, 18.4506
2025-11-28 01:38:20, 0.0405967857, 0.0350903958, 0.0711600319, 0.0702688929, 2860.9367, 2709.7215, 763.5000, 18.9270
2025-11-28 01:38:25, 0.0557834115, 0.0564217398, 0.0646766938, 0.0410298416, 2789.0299, 2625.8806, 764.1450, 17.5748
2025-11-28 01:38:31, 0.0345874291, 0.0291480036, 0.0538636299, 0.0579320419, 2766.3291, 2727.1013, 762.7150, 19.1628
2025-11-28 01:38:37, 0.0231163615, 0.0237611840, 0.0574554475, 0.0727949521, 2825.6800, 2641.9600, 764.0600, 21.9230
2025-11-28 01:38:42, 0.0297855635, 0.0238291627, 0.0521194962, 0.0785321576, 2938.3077, 2869.7385, 765.3150, 19.6338
2025-11-28 01:38:48, 0.0144949652, 0.0133638681, 0.0887622175, 0.0722359619, 2764.6458, 2468.2812, 763.0800, 19.4052
2025-11-28 01:38:54, 0.0244406743, 0.0263784305, 0.0680964650, 0.0559083273, 2731.6753, 2578.7792, 762.8250, 18.1377
2025-11-28 01:39:00, 0.0193021117, 0.0156551435, 0.0730592227, 0.0816305558, 2879.3861, 2663.4752, 765.3500, 21.3681
2025-11-28 01:39:05, 0.0299102710, 0.0240813485, 0.0771570505, 0.0437907231, 3083.7143, 2748.0857, 762.9250, 20.3573
2025-11-28 01:39:11, 0.0203582074, 0.0184274186, 0.0924676110, 0.0636861712, 2805.1538, 2713.3333, 764.4700, 20.1613
2025-11-28 01:39:17, 0.0167948433, 0.0160433998, 0.0857110941, 0.0513464975, 2755.2651, 2571.3494, 757.6550, 19.8863
2025-11-28 01:39:23, 0.0221258415, 0.0214597162, 0.0909594055, 0.0654616513, 2865.8043, 2570.4783, 764.8500, 21.4797
2025-11-28 01:39:28, 0.0168098715, 0.0140977565, 0.0713079441, 0.0592236286, 2714.2526, 2589.8421, 761.4500, 17.1685
2025-11-28 01:39:34, 0.0149647996, 0.0146612798, 0.0671085667, 0.0547531325, 2648.4048, 2346.7024, 763.4400, 18.4287
2025-11-28 01:39:40, 0.0276261151, 0.0197690475, 0.0759416456, 0.0595082466, 2855.8977, 2482.9091, 756.9200, 17.1133
2025-11-28 01:39:46, 0.0213480367, 0.0221543039, 0.0741652413, 0.0619136861, 2655.5976, 2480.6951, 759.9000, 18.6880
2025-11-28 01:39:52, 0.0236535295, 0.0231250755, 0.0618610820, 0.0754754105, 2665.9867, 2496.9733, 756.9200, 17.8175
2025-11-28 01:39:57, 0.0258365880, 0.0199123290, 0.0473560356, 0.0863629345, 2726.2059, 2610.3235, 760.7850, 17.4636
2025-11-28 01:40:03, 0.0300135112, 0.0374734933, 0.0539038873, 0.0587172691, 2813.3729, 2755.1695, 759.4800, 18.9494
2025-11-28 01:40:10, 0.0336860101, 0.0307879657, 0.0682412301, 0.0553694722, 2971.1948, 2863.3377, 762.8300, 17.9569
2025-11-28 01:40:15, 0.0220024245, 0.0163508213, 0.0729117373, 0.0549841003, 2641.2333, 2511.5444, 761.5300, 17.0226
2025-11-28 01:40:21, 0.0235892608, 0.0162373814, 0.0667321408, 0.0732927267, 2715.6333, 2522.7778, 761.8150, 17.4147
2025-11-28 01:40:27, 0.0214688108, 0.0146589352, 0.0845692253, 0.0710037744, 2568.7037, 2424.6049, 761.0650, 18.1260
2025-11-28 01:40:32, 0.0200715369, 0.0176799224, 0.0958190990, 0.0976577777, 2663.9722, 2622.6389, 759.8450, 17.5066
2025-11-28 01:40:38, 0.0199992007, 0.0198611425, 0.0955269700, 0.0988520512, 2760.7432, 2573.8243, 762.2050, 18.2393
2025-11-28 01:40:44, 0.0253843676, 0.0138261962, 0.0795651068, 0.0650101767, 2916.8630, 2712.5616, 764.6300, 19.4021
2025-11-28 01:40:49, 0.0244341150, 0.0190164397, 0.0689231269, 0.0569998333, 2566.4925, 2345.1940, 764.5500, 17.8748
2025-11-28 01:40:55, 0.0276258845, 0.0312933595, 0.0746901875, 0.0807040067, 2682.5333, 2638.2400, 764.0150, 18.3642
2025-11-28 01:41:01, 0.0361842792, 0.0308964153, 0.0768718347, 0.0794857175, 2954.1972, 2811.1690, 762.0050, 17.9798
2025-11-28 01:41:07, 0.0416246052, 0.0389287250, 0.0666208447, 0.0573290926, 2779.1094, 2750.2500, 765.2150, 18.3395
2025-11-28 01:41:13, 0.0339144111, 0.0294418249, 0.0717175066, 0.0760026930, 2617.5541, 2574.8919, 765.5350, 18.3068
2025-11-28 01:41:18, 0.0300140926, 0.0271211154, 0.0694355546, 0.1003737343, 2830.7826, 2599.3623, 762.0700, 17.8142
2025-11-28 01:41:24, 0.0269321717, 0.0243466964, 0.0758010218, 0.0780295127, 2911.2308, 2743.5538, 763.2700, 17.6651
2025-11-28 01:41:30, 0.0329513669, 0.0260654749, 0.0679052067, 0.0611418600, 2855.6267, 2801.7067, 763.4600, 17.4473
2025-11-28 01:41:36, 0.0381987268, 0.0368185359, 0.1048027884, 0.0958384214, 2976.4151, 2839.4906, 764.2350, 17.8662
2025-11-28 01:41:41, 0.0484331220, 0.0440667693, 0.1009174386, 0.0823803213, 2971.7463, 2922.5970, 762.5350, 18.0052
2025-11-28 01:41:47, 0.0562232347, 0.0637802781, 0.0671045075, 0.0983128654, 2801.0000, 2845.9362, 765.5950, 19.6734
2025-11-28 01:41:53, 0.0332247131, 0.0287542572, 0.0703292654, 0.0548833516, 2823.8310, 2698.1408, 767.0800, 16.5657
2025-11-28 01:41:58, 0.0346369870, 0.0291334870, 0.0619521958, 0.0740269277, 2719.8065, 2682.5645, 765.6550, 18.1749
2025-11-28 01:42:04, 0.0449283119, 0.0323122639, 0.0811397162, 0.0782488329, 2899.3714, 2732.5143, 765.8950, 18.4397
2025-11-28 01:42:10, 0.0334163308, 0.0331476993, 0.0696836992, 0.0576224043, 2923.8448, 2702.8448, 765.3500, 17.3328
2025-11-28 01:42:16, 0.0467669815, 0.0363250000, 0.0871153537, 0.0718060715, 2866.6379, 2705.6897, 763.5550, 17.7712
2025-11-28 01:42:22, 0.0579364127, 0.0477908250, 0.0684308724, 0.0559434874, 2995.2632, 2838.5965, 766.2650, 16.4075
2025-11-28 01:42:27, 0.0531452337, 0.0501502861, 0.1054883583, 0.0702186322, 2871.0725, 2767.3913, 760.1800, 18.3177
2025-11-28 01:42:33, 0.0637075127, 0.0623285825, 0.0657678016, 0.0869707520, 2705.2188, 2720.2812, 760.3500, 20.5596
2025-11-28 01:42:39, 0.0632517070, 0.0785613527, 0.0717900474, 0.0739615077, 2675.7083, 2720.8125, 761.7450, 16.5599
2025-11-28 01:42:44, 0.0380355988, 0.0389081475, 0.0749042794, 0.0825880934, 2774.8393, 2586.9464, 760.6550, 18.4156
2025-11-28 01:42:50, 0.0617006535, 0.0551816572, 0.0626609426, 0.0691973313, 2750.9054, 2701.5405, 761.7450, 17.8508
2025-11-28 01:42:56, 0.0297696354, 0.0325739304, 0.0567008298, 0.0662055075, 2933.2597, 2687.9610, 761.7850, 18.3414
2025-11-28 01:43:01, 0.0406432072, 0.0303201614, 0.0611642160, 0.1040214304, 3054.5574, 2967.3443, 762.2700, 15.8069
2025-11-28 01:43:07, 0.0318124985, 0.0279223003, 0.0928768196, 0.0954795630, 2791.7183, 2595.5352, 763.2800, 18.3851
2025-11-28 01:43:13, 0.0375497923, 0.0306231762, 0.0668173593, 0.0640576275, 2900.8507, 2715.7164, 761.3350, 18.2618
2025-11-28 01:43:19, 0.0375009445, 0.0423231109, 0.0755570447, 0.0562566944, 2896.2083, 2662.5417, 763.1450, 18.4262
2025-11-28 01:43:24, 0.0506235783, 0.0389764050, 0.0580503364, 0.0737390539, 2748.9365, 2663.7778, 765.5350, 16.6613
2025-11-28 01:43:30, 0.0432746747, 0.0396937899, 0.0708447727, 0.0515471369, 2726.1029, 2712.3088, 765.1550, 18.0039
2025-11-28 01:43:35, 0.0455776874, 0.0459810845, 0.0665252697, 0.0684093432, 2850.1786, 2698.2143, 766.3550, 17.3640
2025-11-28 01:43:42, 0.0281034371, 0.0266438695, 0.0738172064, 0.0570713286, 2864.0877, 2558.2632, 760.4450, 18.9417
2025-11-28 01:43:48, 0.0437618654, 0.0417703429, 0.0487005839, 0.0688358728, 2801.5370, 2776.8333, 761.7500, 19.3357
2025-11-28 01:43:53, 0.0330234478, 0.0275566065, 0.0628491792, 0.0604680936, 2936.8077, 2801.6538, 760.5450, 17.8030
2025-11-28 01:43:59, 0.0290755921, 0.0305533828, 0.0869251974, 0.0932058520, 3055.4085, 2740.2958, 761.5600, 16.9696
2025-11-28 01:44:05, 0.0303901023, 0.0257148618, 0.0615003812, 0.0562877315, 2903.2456, 2695.9649, 762.8200, 18.0684
2025-11-28 01:44:10, 0.0431212103, 0.0347695067, 0.0511616391, 0.0618826843, 2832.8333, 2687.8704, 765.3550, 18.2121
2025-11-28 01:44:16, 0.0372712057, 0.0303651524, 0.0739596397, 0.0813973128, 2760.9385, 2706.3692, 763.4650, 19.2252
2025-11-28 01:44:22, 0.0243848276, 0.0252972121, 0.0912614252, 0.0983899864, 2775.8514, 2653.9189, 762.8050, 18.6010
2025-11-28 01:44:28, 0.0334543908, 0.0275867861, 0.0775147035, 0.0862701025, 2835.7671, 2631.2055, 758.7350, 18.2651
2025-11-28 01:44:33, 0.0204868638, 0.0181954489, 0.0554281157, 0.0568950399, 2595.4375, 2539.3125, 761.6550, 18.5461
2025-11-28 01:44:39, 0.0219652685, 0.0172000798, 0.0780786580, 0.0897323070, 2777.9785, 2594.9570, 760.3450, 17.5985
2025-11-28 01:44:46, 0.0226820485, 0.0202943839, 0.0765849699, 0.0792831910, 2721.7727, 2533.0795, 759.2900, 17.1789
2025-11-28 01:44:51, 0.0259659673, 0.0231578486, 0.0555015167, 0.0640124866, 2934.0111, 2674.9889, 758.7100, 18.4920
2025-11-28 01:44:57, 0.0236800253, 0.0253281141, 0.0497349356, 0.0581231137, 2907.9333, 2638.4400, 754.8200, 17.9910
2025-11-28 01:45:03, 0.0264450227, 0.0278900802, 0.0746116624, 0.0771454405, 2689.5000, 2564.4189, 756.0950, 18.4173
2025-11-28 01:45:08, 0.0308197703, 0.0286972223, 0.0663606360, 0.0780545956, 2581.8049, 2478.6463, 760.5100, 18.7467
2025-11-28 01:45:14, 0.0289537779, 0.0243729227, 0.0632014402, 0.0645018704, 2763.6806, 2740.4861, 762.8550, 18.1341
2025-11-28 01:45:20, 0.0494067982, 0.0305792049, 0.0667267984, 0.0631446892, 2784.7679, 2795.0536, 758.1450, 17.6112
2025-11-28 01:45:26, 0.0229590126, 0.0189469619, 0.0741500156, 0.0683409610, 2746.9730, 2665.9459, 765.7500, 20.0109
2025-11-28 01:45:31, 0.0177463037, 0.0150915800, 0.1173954480, 0.1018818805, 2788.4189, 2549.4730, 769.4500, 23.7720
2025-11-28 01:45:37, 0.0112513184, 0.0113323331, 0.0895140070, 0.0733462762, 2556.1667, 2300.5444, 765.3500, 21.0753
2025-11-28 01:45:43, 0.0127277009, 0.0175602400, 0.0656033163, 0.0731212386, 2682.2234, 2552.5957, 767.1850, 19.1554
2025-11-28 01:45:48, 0.0064683287, 0.0105416236, 0.0657807000, 0.0674482158, 2475.9612, 2337.0680, 773.7700, 25.0673
2025-11-28 01:45:54, 0.0060762049, 0.0107770138, 0.1220774757, 0.0865261547, 2436.1238, 2300.0476, 775.7150, 23.2472
2025-11-28 01:46:00, 0.0234877048, 0.0182442126, 0.0601648827, 0.0805946469, 2647.4512, 2449.8902, 767.6900, 17.7196
2025-11-28 01:46:06, 0.0353226255, 0.0324493293, 0.0740272769, 0.0811971229, 3009.3500, 2891.9667, 774.7300, 23.8193
2025-11-28 01:46:11, 0.0424876180, 0.0328978289, 0.0781245413, 0.0588824793, 2806.3913, 2788.9420, 775.5150, 20.9444
2025-11-28 01:46:17, 0.0264002439, 0.0276094171, 0.0671251774, 0.0707124833, 2775.5479, 2611.9589, 772.8850, 21.4472
2025-11-28 01:46:23, 0.0262559800, 0.0195745016, 0.0650727394, 0.0609243042, 2854.1857, 2672.3000, 774.4300, 21.0173
2025-11-28 01:46:29, 0.0212849001, 0.0180961427, 0.0663451140, 0.0881925990, 2655.3182, 2537.5341, 761.3850, 19.1096
2025-11-28 01:46:35, 0.0522894845, 0.0493979225, 0.0857045817, 0.0828092929, 2921.5152, 2794.9545, 764.8350, 18.0834
2025-11-28 01:46:40, 0.0418302324, 0.0376836895, 0.0535031135, 0.0728205402, 2834.9737, 2774.6974, 764.1450, 18.4264
2025-11-28 01:46:46, 0.0395834327, 0.0353209492, 0.0641544107, 0.0681224348, 2888.4444, 2699.0476, 771.8050, 19.4324
2025-11-28 01:46:52, 0.0433001017, 0.0347651215, 0.0639792154, 0.0685068175, 2771.1882, 2696.8824, 768.8300, 21.3846
2025-11-28 01:46:57, 0.0571855479, 0.0487186851, 0.0564802040, 0.0554701869, 2856.2754, 2777.6522, 761.9900, 17.3669
2025-11-28 01:47:03, 0.0502290724, 0.0391626744, 0.0554707467, 0.0502090066, 3011.6792, 2727.5094, 766.8200, 20.4863
2025-11-28 01:47:09, 0.0344603023, 0.0299765871, 0.0680277272, 0.0512003301, 2766.3438, 2586.4375, 759.1950, 17.9849
2025-11-28 01:47:15, 0.0195036283, 0.0223619600, 0.0791165305, 0.0761979696, 2985.7089, 2674.3797, 759.2350, 17.8516
2025-11-28 01:47:21, 0.0309072900, 0.0270456323, 0.0982019502, 0.0947703163, 2840.2083, 2707.2639, 757.3400, 16.5724
2025-11-28 01:47:27, 0.0283064586, 0.0227187606, 0.0623241875, 0.0664046818, 2770.5625, 2559.3438, 763.5150, 18.9415
2025-11-28 01:47:33, 0.0335984848, 0.0341584189, 0.0506565304, 0.0596992545, 2870.3784, 2737.3649, 763.3950, 18.9285
2025-11-28 01:47:38, 0.0323536794, 0.0259309754, 0.0746417970, 0.0860998648, 2864.1343, 2782.2090, 760.8900, 17.8101
2025-11-28 01:47:44, 0.0349981811, 0.0334783609, 0.0928233546, 0.0852340529, 2920.7937, 2876.9683, 768.4400, 17.6186
2025-11-28 01:47:50, 0.0204193689, 0.0225751256, 0.0811965776, 0.0603044857, 2794.2738, 2570.3810, 769.2600, 16.2565
2025-11-28 01:47:55, 0.0183100691, 0.0154034278, 0.0843886917, 0.0625869001, 2780.3636, 2387.2364, 766.8550, 19.2607
2025-11-28 01:48:01, 0.0248874771, 0.0210374289, 0.0800500471, 0.0827590943, 2653.7867, 2626.2133, 762.2250, 17.6413
2025-11-28 01:48:06, 0.0433311178, 0.0372381494, 0.0801483285, 0.0928546213, 2730.8393, 2705.0893, 766.9750, 17.0679
2025-11-28 01:48:12, 0.0233669052, 0.0206544281, 0.0921905968, 0.1061611341, 2748.8767, 2550.6301, 766.1650, 17.8907
2025-11-28 01:48:18, 0.0088082254, 0.0121991996, 0.1231648136, 0.1145910585, 2705.6176, 2441.4853, 766.9850, 16.8361
2025-11-28 01:48:24, 0.0404785665, 0.0348413110, 0.0721727481, 0.0635083296, 2913.2714, 2810.1857, 759.7050, 17.4891
2025-11-28 01:48:30, 0.0303680643, 0.0308631247, 0.0860232491, 0.0664663847, 3057.9178, 2952.0137, 762.1700, 17.5080
2025-11-28 01:48:36, 0.0502589263, 0.0461497637, 0.0835100714, 0.0544123551, 2941.0169, 2877.9661, 762.7950, 19.2856
2025-11-28 01:48:41, 0.0549299879, 0.0619832087, 0.0737433615, 0.0781359886, 2790.6304, 2759.0217, 759.0200, 17.0073
2025-11-28 01:48:47, 0.0435396231, 0.0404506716, 0.0590683221, 0.0850019103, 2940.3725, 2764.5294, 759.5050, 18.5505
2025-11-28 01:48:53, 0.0370085593, 0.0450720273, 0.0658444137, 0.0846482988, 2917.2653, 2823.6939, 761.8850, 19.6220
2025-11-28 01:48:59, 0.0419715825, 0.0315660274, 0.1406681906, 0.1004841241, 2695.9538, 2607.9231, 757.3750, 17.4449
2025-11-28 01:49:04, 0.0525958524, 0.0336844250, 0.1183722599, 0.1290270265, 2560.2586, 2666.3966, 759.9400, 18.6978
2025-11-28 01:49:10, 0.0352000519, 0.0422095006, 0.0842150128, 0.0832923241, 2516.9500, 2436.8333, 763.2700, 18.2559
2025-11-28 01:49:16, 0.0354074201, 0.0282881726, 0.0530226433, 0.0876405585, 2642.5692, 2643.8769, 766.6300, 19.7935
2025-11-28 01:49:21, 0.0167734966, 0.0165231923, 0.1278205784, 0.1451985590, 2683.0750, 2417.3250, 764.3500, 17.6731
2025-11-28 01:49:27, 0.0260263393, 0.0234885871, 0.1443160167, 0.0956729570, 2648.4462, 2540.9077, 761.0200, 20.3204
2025-11-28 01:49:33, 0.0355038974, 0.0287410533, 0.0734995053, 0.0495384779, 2622.7200, 2498.1000, 763.1000, 18.1450
2025-11-28 01:49:39, 0.0190938190, 0.0179540915, 0.0769130650, 0.0893688109, 2510.5500, 2358.1833, 764.1800, 19.0908
2025-11-28 01:49:45, 0.0397434727, 0.0284979484, 0.1544995244, 0.1140228440, 2947.5862, 2706.5345, 763.9650, 20.3166
2025-11-28 01:49:51, 0.0707976246, 0.0534198499, 0.0535705204, 0.0459175660, 2941.1864, 2953.0339, 765.4400, 19.3493
2025-11-28 01:49:57, 0.0452149719, 0.0320818158, 0.1488752100, 0.0903842305, 2955.7193, 2725.1228, 764.7550, 19.2327
2025-11-28 01:50:02, 0.0191636735, 0.0193373207, 0.0717805334, 0.0400291646, 2818.0746, 2495.5224, 769.0400, 17.4149
2025-11-28 01:50:08, 0.0226533260, 0.0184139819, 0.1131439987, 0.0895562968, 3087.0000, 2664.1205, 767.6250, 19.3102
2025-11-28 01:50:14, 0.0211702116, 0.0174514231, 0.1242284340, 0.0834766074, 2757.7586, 2573.1724, 771.0000, 21.0238
2025-11-28 01:50:19, 0.0302014145, 0.0278371112, 0.0625626048, 0.0810532230, 2906.0469, 2946.3906, 768.3000, 17.4359
2025-11-28 01:50:25, 0.0318515025, 0.0263218445, 0.0811095638, 0.0667726359, 2904.7419, 2749.4355, 766.3200, 18.2043
2025-11-28 01:50:31, 0.0270639592, 0.0280827823, 0.0790469372, 0.0811294183, 2855.9041, 2660.8356, 768.7750, 17.8136
2025-11-28 01:50:36, 0.0237134938, 0.0196851377, 0.0888490923, 0.0716344248, 2839.8590, 2652.3333, 769.4100, 19.4230
2025-11-28 01:50:42, 0.0430187796, 0.0305396848, 0.0828300800, 0.0846136368, 2791.6522, 2655.6812, 767.0300, 18.1314
2025-11-28 01:50:48, 0.0326873705, 0.0288530621, 0.1241872946, 0.1308045291, 2900.2154, 2859.9846, 765.4450, 19.9125
2025-11-28 01:50:54, 0.0227428552, 0.0189625456, 0.1091682099, 0.0852704061, 2799.0972, 2593.3333, 764.8050, 18.6868
2025-11-28 01:50:59, 0.0405022956, 0.0401128827, 0.0814666879, 0.0820716809, 2899.4638, 2771.6377, 768.8650, 19.1337
2025-11-28 01:51:06, 0.0129315464, 0.0166271380, 0.1075579433, 0.1132720679, 2726.1392, 2578.8354, 764.9150, 19.8662
2025-11-28 01:51:11, 0.0082370037, 0.0116728896, 0.0885918163, 0.0748393509, 2386.5068, 2276.5479, 765.1250, 19.7962
2025-11-28 01:51:17, 0.0083382401, 0.0112525991, 0.0911560280, 0.1171145954, 2404.8387, 2350.8925, 764.4000, 19.2819
2025-11-28 01:51:23, 0.0075040475, 0.0116496680, 0.0920039755, 0.0833182044, 2330.1429, 2175.4898, 764.0300, 22.1285
2025-11-28 01:51:28, 0.0545932570, 0.0454582026, 0.0838948657, 0.0981096283, 2910.8158, 2859.2105, 761.2250, 20.4305
2025-11-28 01:51:34, 0.0312310457, 0.0353246869, 0.0939795595, 0.1187384188, 2878.6923, 2908.3846, 763.8000, 18.7144
2025-11-28 01:51:40, 0.0275787372, 0.0240389164, 0.1311808053, 0.0737822719, 2855.5278, 2719.5556, 762.6500, 18.3428
2025-11-28 01:51:46, 0.0347673470, 0.0247492781, 0.0901023266, 0.1225905152, 2953.1818, 2838.7424, 764.9000, 18.3475
2025-11-28 01:51:51, 0.0173347293, 0.0153988205, 0.1214084028, 0.1162977428, 2595.4130, 2520.7283, 766.3250, 18.4496
2025-11-28 01:51:57, 0.0194712329, 0.0162199173, 0.0979610825, 0.1020945802, 2875.5522, 2673.6418, 764.6400, 19.0413
2025-11-28 01:52:03, 0.0146857019, 0.0110958530, 0.0895963848, 0.0947021944, 2534.2000, 2418.4556, 765.3850, 19.0543
2025-11-28 01:52:08, 0.0221623830, 0.0177750674, 0.0938480219, 0.1111889384, 2700.3973, 2535.9178, 769.7200, 20.5575
2025-11-28 01:52:14, 0.0293821901, 0.0226786342, 0.0973641999, 0.0677967175, 2609.9028, 2627.6111, 768.1100, 21.2798
2025-11-28 01:52:20, 0.0057668539, 0.0135782191, 0.1032380767, 0.0976633432, 2314.8824, 2251.7941, 768.7950, 18.2149
2025-11-28 01:52:26, 0.0117992563, 0.0106349068, 0.1060179097, 0.1001242912, 2430.2019, 2341.7404, 766.8500, 22.4514
2025-11-28 01:52:31, 0.0187728883, 0.0171867605, 0.1317484671, 0.1108376026, 2521.3200, 2381.3200, 766.7050, 20.9344
2025-11-28 01:52:37, 0.0118632795, 0.0175349873, 0.1047960046, 0.1075198343, 2491.8111, 2378.1444, 764.1300, 19.6965
2025-11-28 01:52:43, 0.0090654377, 0.0160585160, 0.1074496897, 0.0996583531, 2478.0822, 2345.5342, 763.3550, 22.0184
2025-11-28 01:52:48, 0.0066447038, 0.0113159981, 0.1076419659, 0.1163311328, 2528.7444, 2316.7778, 763.9550, 19.5651
2025-11-28 01:52:54, 0.0154514850, 0.0216271700, 0.1020948299, 0.1030521511, 2751.3333, 2665.1667, 762.1800, 20.4330
2025-11-28 01:53:00, 0.0079348120, 0.0116187398, 0.1479811545, 0.1445501362, 2409.9890, 2300.0440, 764.6900, 21.5925
2025-11-28 01:53:05, 0.0076014804, 0.0110013249, 0.1123674261, 0.1510766281, 2171.7750, 2233.3125, 761.5200, 19.3783
2025-11-28 01:53:11, 0.0067463470, 0.0103039751, 0.1260085696, 0.1186327754, 2508.0690, 2285.0575, 764.6500, 20.8734
2025-11-28 01:53:17, 0.0294732623, 0.0408418461, 0.1398799512, 0.1167938355, 2651.3214, 2667.2321, 758.2050, 18.2760
2025-11-28 01:53:22, 0.0207144021, 0.0175109306, 0.0949069507, 0.0897804705, 2646.5185, 2550.0494, 760.0100, 20.0032
2025-11-28 01:53:28, 0.0153453013, 0.0118819420, 0.1022182448, 0.0953161339, 2591.3457, 2536.1605, 762.1800, 18.3387
2025-11-28 01:53:34, 0.0168799324, 0.0164191602, 0.1310370337, 0.1044334381, 2661.6667, 2408.2917, 761.0050, 19.7713
2025-11-28 01:53:39, 0.0131770328, 0.0155794631, 0.0943650804, 0.1226636805, 2737.0976, 2691.3415, 762.0550, 20.5059
2025-11-28 01:53:46, 0.0109151233, 0.0142166597, 0.1160414048, 0.0843264708, 2803.9351, 2485.6494, 758.3250, 19.9477
2025-11-28 01:53:52, 0.0191296086, 0.0159693981, 0.1283184106, 0.0992759453, 2588.9583, 2427.2361, 757.9400, 19.1104
2025-11-28 01:53:58, 0.0257037646, 0.0153924667, 0.1097271360, 0.1130044167, 2612.0735, 2567.3382, 760.2900, 21.4240
2025-11-28 01:54:03, 0.0223653779, 0.0157059116, 0.1229823264, 0.1490064531, 2792.9359, 2600.2179, 759.7600, 19.1396
2025-11-28 01:54:09, 0.0078688445, 0.0119986347, 0.1006287422, 0.1226293699, 2518.2976, 2419.0000, 763.8950, 18.9890
2025-11-28 01:54:15, 0.0088560185, 0.0117710208, 0.0835445752, 0.1084133560, 2354.3412, 2386.8941, 762.4750, 19.7368
2025-11-28 01:54:20, 0.0081266702, 0.0144858539, 0.1256030033, 0.1123365239, 2589.6761, 2426.8169, 758.6800, 19.5320
2025-11-28 01:54:26, 0.0046342317, 0.0085216394, 0.0920729948, 0.0686612779, 2261.0879, 2182.5165, 763.2900, 19.5539
2025-11-28 01:54:32, 0.0036807705, 0.0077156376, 0.0652860387, 0.0597185691, 2159.3818, 2069.0364, 765.3550, 20.6225
2025-11-28 01:54:38, 0.0046360991, 0.0096456662, 0.0866643944, 0.0912982863, 2175.1714, 2168.4190, 755.1350, 19.2838
2025-11-28 01:54:43, 0.0127366907, 0.0158470412, 0.1172915840, 0.1013988779, 2524.5405, 2509.2162, 758.5250, 18.1403
2025-11-28 01:54:49, 0.0160602431, 0.0174438023, 0.1101727819, 0.0816587581, 2848.0667, 2496.4267, 758.9050, 17.8195
2025-11-28 01:54:55, 0.0061390420, 0.0124151756, 0.1193706050, 0.0970688802, 2548.4316, 2343.4105, 759.2300, 16.9490
2025-11-28 01:55:01, 0.0064112167, 0.0107628140, 0.1245887800, 0.1013734837, 2401.0247, 2267.0000, 763.7850, 19.9940
2025-11-28 01:55:06, 0.0079739788, 0.0107237155, 0.0915599485, 0.0718653782, 2556.1266, 2494.5823, 758.1300, 19.3345
2025-11-28 01:55:12, 0.0119255066, 0.0151665610, 0.1314492764, 0.1218472466, 2799.8219, 2678.2192, 758.5350, 19.7375
2025-11-28 01:55:18, 0.0123668784, 0.0154368634, 0.1368618526, 0.1535399744, 2680.4533, 2749.6000, 759.1550, 18.3205
2025-11-28 01:55:24, 0.0112793355, 0.0151062919, 0.1489430570, 0.1048738392, 2714.0822, 2443.0685, 762.7050, 17.5305
2025-11-28 01:55:30, 0.0355229988, 0.0266247140, 0.1426178251, 0.1344783689, 2784.5000, 2734.9464, 760.3300, 16.7652
2025-11-28 01:55:35, 0.0214849489, 0.0194827402, 0.1286349028, 0.0977916277, 2738.6949, 2595.6610, 759.7500, 18.6991
2025-11-28 01:55:41, 0.0105893958, 0.0137305924, 0.0722657210, 0.0653517566, 2922.1774, 2573.8065, 756.9300, 18.3021
2025-11-28 01:55:47, 0.0072403592, 0.0112031419, 0.0961938728, 0.0843596406, 2457.3810, 2247.4524, 758.6050, 18.2929
2025-11-28 01:55:52, 0.0153049077, 0.0169095058, 0.1675091959, 0.1465225397, 2872.0357, 2723.4881, 757.6600, 17.5660
2025-11-28 01:55:58, 0.0241604487, 0.0160560227, 0.0713361659, 0.0734779519, 2659.3385, 2811.0154, 756.9850, 17.4824
2025-11-28 01:56:04, 0.0100998387, 0.0153014377, 0.1360714369, 0.1029564750, 2555.2619, 2462.4048, 756.4350, 18.5193
2025-11-28 01:56:10, 0.0075497406, 0.0109925995, 0.1074437093, 0.1553624544, 2439.4773, 2370.0114, 755.8850, 18.6535
2025-11-28 01:56:15, 0.0080658987, 0.0107758026, 0.1016134777, 0.0844260739, 2461.8105, 2310.9053, 760.4400, 18.2394
2025-11-28 01:56:21, 0.0111779757, 0.0127329784, 0.0926193426, 0.0945021888, 2394.0976, 2305.4146, 758.6850, 17.8021
2025-11-28 01:56:27, 0.0046257250, 0.0112076846, 0.0913435645, 0.0830962234, 2467.0000, 2361.2405, 763.7350, 18.0068
2025-11-28 01:56:33, 0.0292932835, 0.0275869518, 0.0799461756, 0.0699863154, 2668.2375, 2637.7625, 763.8500, 18.4612
2025-11-28 01:56:38, 0.0395037514, 0.0302204916, 0.0856429281, 0.0677698221, 2780.5909, 2730.4242, 762.2450, 17.7734
2025-11-28 01:56:44, 0.0250914813, 0.0348970962, 0.1049240670, 0.1015854321, 2900.7429, 2729.5000, 763.5250, 18.6403
2025-11-28 01:56:50, 0.0283102219, 0.0183527169, 0.1713223906, 0.1163736357, 2755.5075, 2620.2985, 764.7250, 18.5505
2025-11-28 01:56:55, 0.0251818279, 0.0241514475, 0.0766915402, 0.0847210998, 2714.2419, 2526.7258, 759.7200, 19.3182
2025-11-28 01:57:01, 0.0241337614, 0.0195557234, 0.0934514668, 0.0850998241, 2710.2154, 2438.5692, 760.6400, 16.5502
2025-11-28 01:57:07, 0.0321853596, 0.0211654998, 0.1175138507, 0.0957242207, 2952.9865, 2705.3108, 758.6450, 18.7782
2025-11-28 01:57:13, 0.0268301055, 0.0296361555, 0.0766189735, 0.0924690756, 2651.8413, 2537.9206, 764.8200, 18.0313
2025-11-28 01:57:18, 0.0265073522, 0.0205129629, 0.0775416919, 0.0953464558, 2817.8676, 2789.4118, 763.2800, 18.1665
2025-11-28 01:57:24, 0.0251814250, 0.0295005996, 0.0800254622, 0.0708422867, 2813.2131, 2620.6557, 764.9050, 18.2490
2025-11-28 01:57:30, 0.0305528216, 0.0238589139, 0.0712269133, 0.0818566321, 2764.3385, 2652.8462, 763.9050, 16.5577
2025-11-28 01:57:36, 0.0206255175, 0.0183321515, 0.1248666029, 0.0922043287, 2930.2105, 2781.7368, 767.1500, 19.3023
2025-11-28 01:57:41, 0.0193577346, 0.0172762079, 0.1460444522, 0.1251996654, 2597.9054, 2459.2162, 763.0650, 16.8265
2025-11-28 01:57:47, 0.0174733232, 0.0158891223, 0.1039247334, 0.1089641595, 2620.2179, 2426.6410, 765.1800, 17.1128
2025-11-28 01:57:53, 0.0075447461, 0.0121591616, 0.1078209684, 0.1286975332, 2674.9324, 2406.5946, 767.0150, 18.8925
2025-11-28 01:57:58, 0.0065910322, 0.0135860542, 0.1298685117, 0.1092928316, 2656.6053, 2419.2632, 767.0250, 19.8576
2025-11-28 01:58:04, 0.0141480487, 0.0171985549, 0.1094163702, 0.1337120076, 2588.3846, 2584.1538, 764.7200, 16.8119
2025-11-28 01:58:10, 0.0117063254, 0.0165372971, 0.0827406534, 0.0852562418, 2516.3289, 2524.6842, 762.7850, 18.9686
2025-11-28 01:58:16, 0.0215768112, 0.0195113742, 0.1004122986, 0.0922569906, 2629.3067, 2463.9467, 761.6400, 18.6427
2025-11-28 01:58:22, 0.0095072401, 0.0129791722, 0.0740130697, 0.0754813544, 2221.7722, 2134.6709, 763.9800, 18.4802
2025-11-28 01:58:27, 0.0057611724, 0.0114641303, 0.1210628268, 0.1093117345, 2271.9468, 2096.7447, 762.7700, 18.0891
2025-11-28 01:58:33, 0.0062516186, 0.0136332730, 0.1093137123, 0.1060476004, 2436.8966, 2333.0690, 760.9250, 19.6448
2025-11-28 01:58:39, 0.0095318236, 0.0114881694, 0.1144499927, 0.1478578311, 2600.6143, 2470.2000, 763.5150, 17.0443
2025-11-28 01:58:45, 0.0099716423, 0.0116004334, 0.1160088271, 0.0804859029, 2622.3368, 2429.3684, 763.6500, 18.3831
2025-11-28 01:58:50, 0.0106072022, 0.0109341867, 0.0994240537, 0.0996656608, 2471.7412, 2385.2941, 763.2550, 17.1499
2025-11-28 01:58:56, 0.0070281566, 0.0110373134, 0.1196423050, 0.1069267973, 2361.9886, 2286.5227, 760.7850, 17.9685
2025-11-28 01:59:02, 0.0100289712, 0.0121855083, 0.1087014883, 0.1444678716, 2562.4674, 2512.0652, 760.7350, 18.6009
2025-11-28 01:59:07, 0.0080537269, 0.0131729286, 0.1179596445, 0.1375216192, 2398.5128, 2285.3846, 759.6250, 18.7226
2025-11-28 01:59:13, 0.0254741574, 0.0189095058, 0.0953905093, 0.1039667474, 2590.4000, 2570.6625, 760.3600, 19.4777
2025-11-28 01:59:19, 0.0194149706, 0.0193657051, 0.0697864150, 0.0635387044, 2844.0541, 2579.6757, 758.2350, 18.2310
2025-11-28 01:59:25, 0.0041228765, 0.0104165755, 0.1274070780, 0.1534140723, 2389.9130, 2363.5326, 757.2500, 17.2177
2025-11-28 01:59:30, 0.0042379635, 0.0107773720, 0.0836255315, 0.1159532761, 2124.9706, 2115.9118, 761.3300, 18.7241
2025-11-28 01:59:36, 0.0194366687, 0.0179235218, 0.1232846476, 0.1082541599, 2734.0779, 2587.3377, 761.8300, 18.4611
2025-11-28 01:59:42, 0.0204710252, 0.0167802709, 0.0971602072, 0.0866819274, 2752.7857, 2503.8286, 762.9800, 18.8573
2025-11-28 01:59:48, 0.0276407335, 0.0210574175, 0.1292754234, 0.1008311935, 2774.2500, 2649.1944, 761.8950, 19.2750
2025-11-28 01:59:53, 0.0130956784, 0.0156432512, 0.0619121936, 0.1005846206, 2560.0411, 2433.9452, 761.1100, 18.6029
2025-11-28 01:59:59, 0.0091290323, 0.0134977864, 0.0614107229, 0.0790404211, 2693.1067, 2520.0933, 761.5150, 18.7689
2025-11-28 02:00:05, 0.0062406390, 0.0142593293, 0.1046007837, 0.0933957767, 2456.0000, 2287.1744, 758.6900, 19.4983
2025-11-28 02:00:11, 0.0102069057, 0.0162554290, 0.0833900816, 0.0751369396, 2487.2759, 2306.9080, 759.6850, 18.5323
2025-11-28 02:00:17, 0.0034181380, 0.0091649933, 0.1077043626, 0.1109287330, 2005.9808, 2027.5096, 760.4100, 20.2742
2025-11-28 02:00:23, 0.0041814412, 0.0123866467, 0.1344015265, 0.1376221483, 2385.7471, 2314.4483, 761.4850, 17.0332
2025-11-28 02:00:28, 0.0079566596, 0.0111007034, 0.1270675750, 0.1279622095, 2549.3889, 2325.4889, 764.0700, 16.3907
2025-11-28 02:00:34, 0.0048491539, 0.0108023425, 0.0888784372, 0.0886385400, 2457.9891, 2332.0543, 763.3250, 19.2684
2025-11-28 02:00:40, 0.0047857206, 0.0095147643, 0.0772322247, 0.0762271999, 2381.6907, 2207.9794, 760.9450, 18.6307
2025-11-28 02:00:45, 0.0063139119, 0.0126557640, 0.0857434219, 0.0801729708, 2449.9425, 2304.4253, 760.1750, 19.0043
2025-11-28 02:00:51, 0.0038229731, 0.0085069639, 0.0638646990, 0.0623972077, 2071.9519, 2010.2885, 761.5850, 18.1762
2025-11-28 02:00:57, 0.0044718232, 0.0095209524, 0.0794424305, 0.0807261808, 2206.6282, 2111.6154, 765.1000, 17.3292
2025-11-28 02:01:02, 0.0055877116, 0.0114300145, 0.0743049893, 0.0945090278, 2240.5488, 2218.2195, 768.6950, 17.9341
2025-11-28 02:01:08, 0.0056866386, 0.0115381278, 0.1037053780, 0.0735113010, 2422.2614, 2462.8636, 766.8400, 18.6511
2025-11-28 02:01:14, 0.0124696949, 0.0120648390, 0.1660638980, 0.1062661736, 2710.9390, 2488.7439, 768.0950, 18.2922
2025-11-28 02:01:19, 0.0185947527, 0.0132892448, 0.1047249880, 0.0929810676, 2734.8267, 2431.2267, 760.7200, 20.4177
2025-11-28 02:01:25, 0.0088244035, 0.0116191589, 0.1031618993, 0.1134748587, 2266.5000, 2235.7778, 765.6100, 18.1551
2025-11-28 02:01:31, 0.0092340795, 0.0116330761, 0.0834153290, 0.1110745920, 2484.5556, 2301.3030, 760.7300, 17.7194
2025-11-28 02:01:37, 0.0212101553, 0.0148026258, 0.1161742933, 0.0811760019, 2712.1667, 2495.7692, 763.3200, 19.7129
2025-11-28 02:01:43, 0.0113319394, 0.0170685541, 0.1452252462, 0.0974875730, 2582.6104, 2365.2468, 759.1150, 19.4096
2025-11-28 02:01:48, 0.0177906934, 0.0126010089, 0.0757151020, 0.0833391491, 2599.6197, 2450.5352, 762.2200, 21.0872
2025-11-28 02:01:54, 0.0139056346, 0.0126731322, 0.1310357495, 0.1325685900, 2675.7079, 2442.4157, 761.8250, 17.7945
2025-11-28 02:02:00, 0.0130311006, 0.0154264482, 0.1123505210, 0.1215307616, 2653.4828, 2575.8391, 760.9750, 18.5198
2025-11-28 02:02:06, 0.0201414544, 0.0136396975, 0.0941115487, 0.0902878873, 2537.2969, 2539.7344, 762.1750, 18.8927
2025-11-28 02:02:11, 0.0077023067, 0.0107209227, 0.0919565886, 0.0660862602, 2429.5556, 2336.7901, 762.0300, 17.9769
2025-11-28 02:02:17, 0.0075143050, 0.0128066387, 0.0850023567, 0.0834579928, 2629.5682, 2630.9659, 759.7250, 18.2888
2025-11-28 02:02:23, 0.0135743749, 0.0134661640, 0.0781570728, 0.0744388697, 2324.6421, 2161.6211, 762.2950, 18.4826
2025-11-28 02:02:29, 0.0134303575, 0.0140760393, 0.1140124813, 0.0662518439, 2577.2564, 2347.8718, 760.3250, 18.7238
2025-11-28 02:02:35, 0.0202994795, 0.0159195306, 0.0623720669, 0.0622225289, 2617.5139, 2399.3750, 761.6900, 18.4416
2025-11-28 02:02:40, 0.0154716911, 0.0121702669, 0.0842123070, 0.0834080861, 2659.7158, 2424.6632, 764.6200, 18.6031
2025-11-28 02:02:46, 0.0184897663, 0.0151376789, 0.1063171865, 0.1001981707, 2621.0972, 2518.0139, 762.8200, 17.8974
2025-11-28 02:02:52, 0.0093931107, 0.0138727812, 0.0950163825, 0.1005708433, 2617.4156, 2573.8182, 764.2900, 18.6388
2025-11-28 02:02:57, 0.0126777295, 0.0154670685, 0.1058239142, 0.0910340482, 2862.5529, 2629.6000, 765.3600, 18.5308
2025-11-28 02:03:03, 0.0177919723, 0.0194881501, 0.1196282712, 0.0790844737, 2562.3171, 2401.1707, 764.9550, 18.1668
2025-11-28 02:03:09, 0.0210253733, 0.0151801718, 0.0971211640, 0.1077137247, 2645.0800, 2459.1733, 763.6650, 18.5869
2025-11-28 02:03:15, 0.0076779573, 0.0137894418, 0.1011145553, 0.1023166180, 2619.1154, 2483.8846, 765.0100, 19.5382
2025-11-28 02:03:21, 0.0061668219, 0.0131341926, 0.0802861201, 0.1020638686, 2415.3218, 2311.2989, 758.5650, 17.4277
2025-11-28 02:03:27, 0.0231352054, 0.0158895310, 0.0941537582, 0.1124540649, 2519.7308, 2458.4615, 762.0700, 18.7850
2025-11-28 02:03:32, 0.0255305936, 0.0173937684, 0.1182311351, 0.1101534541, 2825.6164, 2644.1233, 761.8750, 18.7869
2025-11-28 02:03:38, 0.0052106761, 0.0132062825, 0.1215903336, 0.1134591763, 2030.9857, 1874.6571, 759.7100, 19.6384
2025-11-28 02:03:48, 0.0086444643, 0.0155227845, 0.0881504605, 0.0784697354, 2373.7089, 2347.7089, 760.5750, 18.8842
2025-11-28 02:03:54, 0.0053744055, 0.0117485092, 0.1051011421, 0.1424605176, 2227.0206, 2285.4021, 762.2050, 18.2009
2025-11-28 02:04:00, 0.0052094824, 0.0102612293, 0.1168051908, 0.0854348714, 2295.2841, 2175.4318, 759.4450, 17.0011
2025-11-28 02:04:05, 0.0100314514, 0.0124585836, 0.0999768559, 0.1384389979, 2532.1333, 2371.7867, 759.7550, 19.5196
2025-11-28 02:04:11, 0.0121033890, 0.0135461341, 0.1538241290, 0.1264323249, 2681.8462, 2529.4176, 758.9100, 18.4641
2025-11-28 02:04:17, 0.0067607723, 0.0115086369, 0.0799823032, 0.0712314885, 2413.1605, 2480.2840, 760.5600, 17.5227
2025-11-28 02:04:23, 0.0086046477, 0.0125956969, 0.0959898011, 0.0773112926, 2403.5287, 2340.4368, 762.3150, 18.8384
2025-11-28 02:04:28, 0.0130208244, 0.0162079030, 0.0947349879, 0.0747052598, 2806.4588, 2590.0235, 763.6200, 18.1971
2025-11-28 02:04:34, 0.0087193775, 0.0111468256, 0.0981324540, 0.1086086664, 2607.6000, 2640.9059, 757.4800, 18.3951
2025-11-28 02:04:40, 0.0165662424, 0.0129010309, 0.1085133006, 0.0577674956, 2573.5930, 2433.7209, 756.2600, 17.6412
2025-11-28 02:04:46, 0.0062380463, 0.0112834157, 0.0758250133, 0.0914126764, 2253.4752, 2303.6040, 757.4100, 17.6817
2025-11-28 02:04:51, 0.0091137477, 0.0109179079, 0.0957593923, 0.0746179643, 2348.4382, 2266.0674, 760.0900, 16.7601
2025-11-28 02:04:57, 0.0047446938, 0.0121989443, 0.0765960894, 0.0867810013, 2269.0784, 2146.9412, 758.2000, 17.9011
2025-11-28 02:05:03, 0.0055239185, 0.0131263892, 0.0929742741, 0.1053190626, 2342.5053, 2174.6737, 755.0850, 17.4625
2025-11-28 02:05:08, 0.0049040595, 0.0110760936, 0.1135991790, 0.1058362547, 2510.8692, 2397.5140, 763.1250, 18.2014
2025-11-28 02:05:14, 0.0066686769, 0.0117104501, 0.1429640242, 0.1087123273, 2544.6667, 2400.5062, 760.7750, 17.8080
2025-11-28 02:05:20, 0.0093982639, 0.0132772948, 0.1290173080, 0.1080379009, 2497.9886, 2351.2273, 760.9050, 17.4942
2025-11-28 02:05:26, 0.0076323853, 0.0127274516, 0.1539503863, 0.1052491727, 2633.5696, 2399.7215, 761.8000, 19.6255
2025-11-28 02:05:32, 0.0078922926, 0.0113630926, 0.1443998044, 0.1777534807, 2478.9302, 2454.6628, 760.7550, 18.1927
2025-11-28 02:05:37, 0.0061576645, 0.0129326632, 0.0975291728, 0.1288613779, 2418.3375, 2348.2750, 759.3900, 17.8974
2025-11-28 02:05:43, 0.0049030455, 0.0105041099, 0.0980764013, 0.0909761656, 2463.2558, 2213.6047, 763.3000, 16.5403
2025-11-28 02:05:48, 0.0050810360, 0.0146605693, 0.0798972599, 0.0789185303, 2288.0274, 2207.0959, 762.4000, 17.2012
2025-11-28 02:05:54, 0.0054223798, 0.0111747295, 0.1023017012, 0.0733858087, 2292.6952, 2241.2095, 761.3050, 18.5618
2025-11-28 02:06:00, 0.0037924825, 0.0085556675, 0.1419019752, 0.1234453333, 2297.9720, 2185.4206, 761.1300, 19.3441
2025-11-28 02:06:06, 0.0054896430, 0.0122692198, 0.1108556416, 0.1038632975, 2234.1648, 2170.7033, 761.6500, 18.8716
2025-11-28 02:06:12, 0.0044593431, 0.0112959490, 0.1119603047, 0.1180197714, 2414.9540, 2366.7931, 762.8050, 19.5803
2025-11-28 02:06:17, 0.0038510589, 0.0087783011, 0.0936525912, 0.0838511999, 2191.5258, 2117.4948, 762.4100, 19.6747
2025-11-28 02:06:23, 0.0051892857, 0.0109851472, 0.1160315992, 0.1403659704, 2377.7683, 2311.6951, 761.2650, 18.7858
2025-11-28 02:06:29, 0.0040020785, 0.0107404926, 0.1059334503, 0.1438819288, 2329.5426, 2357.0213, 762.8000, 18.7571
2025-11-28 02:06:35, 0.0065246650, 0.0120213222, 0.1277854519, 0.1004045930, 2464.7451, 2222.2353, 759.0700, 17.4323
2025-11-28 02:06:40, 0.0058582296, 0.0119156722, 0.0763123029, 0.0836884752, 2398.4458, 2327.7590, 762.3250, 20.1512
2025-11-28 02:06:46, 0.0058354702, 0.0104431087, 0.1048866424, 0.0959770354, 2356.9875, 2284.5625, 761.7100, 19.3064
2025-11-28 02:06:52, 0.0048284204, 0.0100627908, 0.0991085108, 0.0833657236, 2354.0000, 2169.6471, 762.3250, 19.6492
2025-11-28 02:06:57, 0.0045210888, 0.0081036581, 0.1038014839, 0.0790301441, 2124.3883, 1998.7184, 764.5900, 17.5904
2025-11-28 02:07:03, 0.0078345043, 0.0125388441, 0.0943182050, 0.0686253653, 2355.8542, 2182.9062, 764.4900, 19.9301
2025-11-28 02:07:09, 0.0223009787, 0.0139232555, 0.1407543509, 0.0774704479, 2651.6220, 2519.0488, 764.0750, 19.9865
2025-11-28 02:07:14, 0.0214732895, 0.0124829479, 0.1160669738, 0.0888200984, 2588.1343, 2270.6119, 763.3850, 18.0922
2025-11-28 02:07:20, 0.0079117975, 0.0159027605, 0.1075726259, 0.1318310947, 2632.5309, 2428.5432, 762.3250, 18.9058
2025-11-28 02:07:26, 0.0063639798, 0.0103432836, 0.0923906471, 0.0930339914, 2225.6771, 2087.4792, 766.2300, 18.2230
2025-11-28 02:07:32, 0.0042663514, 0.0093579062, 0.0834461422, 0.0713086827, 2421.0792, 2303.3069, 764.9500, 17.5846
2025-11-28 02:07:37, 0.0055619931, 0.0102341937, 0.0590414080, 0.0898428808, 2269.1196, 2311.9565, 762.4600, 20.4543
2025-11-28 02:07:43, 0.0059229280, 0.0125487699, 0.0626224531, 0.0886978081, 2522.5676, 2426.2432, 767.6150, 18.1010
2025-11-28 02:07:49, 0.0122418417, 0.0147055210, 0.1089873439, 0.0736284640, 2533.4831, 2163.7079, 767.7950, 17.8604
2025-11-28 02:07:55, 0.0041013362, 0.0095163093, 0.1134680268, 0.1153965272, 1796.3738, 1759.4860, 769.6800, 19.2351
2025-11-28 02:08:00, 0.0030126128, 0.0058885125, 0.0795604164, 0.0911337885, 1891.7203, 1864.9915, 769.6150, 17.0662
2025-11-28 02:08:06, 0.0032297918, 0.0066191696, 0.0840921643, 0.0894951815, 1743.1224, 1779.4286, 771.6250, 17.2489
2025-11-28 02:08:12, 0.0034517033, 0.0087353526, 0.1243583831, 0.1066675287, 1998.1538, 2022.7692, 770.0500, 18.8605
2025-11-28 02:08:17, 0.0039000639, 0.0079964386, 0.0727535845, 0.0755089424, 1943.4298, 1867.2479, 766.8850, 18.5850
2025-11-28 02:08:23, 0.0042369413, 0.0098239968, 0.0919112162, 0.1088213751, 2243.7009, 2246.5794, 767.7500, 18.2936
2025-11-28 02:08:29, 0.0043345844, 0.0093906890, 0.0713726853, 0.0850727996, 2099.0777, 2116.1553, 766.6800, 18.3695
2025-11-28 02:08:35, 0.0044322739, 0.0094857122, 0.0819055456, 0.1214482600, 2087.0316, 1993.0737, 769.2150, 18.6767
2025-11-28 02:08:40, 0.0049875697, 0.0076080680, 0.1153280603, 0.1192336923, 2238.2212, 2166.1346, 766.1050, 18.3756
2025-11-28 02:08:46, 0.0037933410, 0.0091190287, 0.1114979607, 0.1070322340, 2154.3704, 2115.2037, 765.5150, 18.3347
2025-11-28 02:08:52, 0.0035123302, 0.0091627161, 0.0638547528, 0.0720740002, 1978.4444, 2005.2735, 768.7500, 17.7510
2025-11-28 02:08:58, 0.0032739133, 0.0058788489, 0.0954276460, 0.1107602932, 1884.8483, 1920.9172, 766.5750, 20.9443
2025-11-28 02:09:03, 0.0032482811, 0.0062057158, 0.0646380508, 0.0814046030, 1620.6277, 1684.1168, 765.8900, 18.2693
2025-11-28 02:09:09, 0.0032273302, 0.0057738983, 0.0476362791, 0.0615775716, 1369.3488, 1383.0233, 764.0350, 18.9308
2025-11-28 02:09:15, 0.0019295820, 0.0029825244, 0.1374344746, 0.1029568666, 817.0000, 868.8000, 768.9700, 18.5507
2025-11-28 02:09:20, 0.0032111042, 0.0040319425, 0.0288638694, 0.0349809997, 1194.5046, 1221.5596, 760.9850, 19.4194
2025-11-28 02:09:26, 0.0021856630, 0.0009324670, 0.0490547940, 0.0415435456, 684.7500, 704.8750, 762.3050, 17.9115
2025-11-28 02:09:46, 0.0020235487, 0.0011126368, 0.1040318913, 0.0332033628, 663.2500, 695.7500, 764.5600, 18.9351
2025-11-28 02:09:57, 0.0061407014, 0.0114002955, 0.0870264300, 0.0881144528, 650.0000, 647.6667, 762.4350, 18.8482
2025-11-28 02:12:38, 0.0026991498, 0.0008389411, 0.0821886205, 0.0451651219, 652.1250, 675.6250, 759.6650, 18.8027
2025-11-28 02:12:44, 0.0032009613, 0.0016607286, 0.1387128245, 0.0786858295, 558.1818, 606.3636, 760.3750, 17.9592
2025-11-28 02:12:49, 0.0020849914, 0.0124735437, 0.1090383398, 0.0727090678, 474.8571, 590.7143, 756.1200, 20.1116
2025-11-28 02:12:55, 0.0014071756, 0.0011062999, 0.0521092910, 0.0783121425, 648.8000, 589.4000, 759.1150, 19.2892
2025-11-28 02:13:00, 0.0028043538, 0.0019388253, 0.1619991634, 0.0311547296, 573.2000, 706.4000, 756.6600, 18.0833
2025-11-28 02:44:02, 0.0021008162, 0.0011429529, 0.0605966018, 0.0597244352, 667.1923, 664.3077, 774.7600, 18.7631
2025-11-28 03:17:48, 0.0066200948, 0.0104624313, 0.0856908090, 0.0898615103, 2506.7789, 2454.6211, 766.2150, 18.6941
2025-11-28 03:17:54, 0.0274204146, 0.0200283633, 0.0798287303, 0.0936798929, 2916.2857, 2699.7937, 762.3950, 21.0169
2025-11-28 03:18:00, 0.0303808378, 0.0276362747, 0.1275653011, 0.1129783556, 2826.3443, 2536.5574, 769.8250, 21.7941
2025-11-28 03:18:06, 0.0091906735, 0.0094020439, 0.1111711751, 0.0809136761, 2679.0896, 2412.3881, 766.4550, 22.6574
2025-11-28 03:18:11, 0.0045475918, 0.0071540622, 0.1386679867, 0.0943949423, 2342.0769, 2131.1346, 766.4450, 20.1757
2025-11-28 03:18:17, 0.0264900936, 0.0206224789, 0.0762053614, 0.0703308433, 2444.5500, 2278.6500, 765.3000, 20.1457
2025-11-28 03:18:22, 0.0123281313, 0.0124511739, 0.1144743414, 0.0800075281, 2729.0921, 2381.2105, 768.0350, 20.4918
2025-11-28 03:18:28, 0.0086364719, 0.0160327870, 0.0925263681, 0.1040709777, 2470.2576, 2477.9242, 768.6100, 20.6419
2025-11-28 03:18:34, 0.0123593437, 0.0120309028, 0.0830331080, 0.0677231418, 2633.2574, 2354.9901, 768.3050, 20.7842
2025-11-28 03:18:40, 0.0085029357, 0.0131154848, 0.0803812659, 0.0779595413, 2503.0370, 2229.1975, 766.1450, 21.0579
2025-11-28 03:18:45, 0.0163501564, 0.0155172098, 0.1279927982, 0.1042274291, 2740.7500, 2444.5595, 767.1700, 19.6904
2025-11-28 03:18:51, 0.0114304364, 0.0167814393, 0.0674906679, 0.0608959818, 2675.6588, 2414.2941, 763.2200, 17.4181
2025-11-28 03:18:57, 0.0170592750, 0.0169520662, 0.0653671579, 0.0600723748, 2747.1882, 2393.4353, 767.0700, 21.5440
2025-11-28 03:19:03, 0.0168058761, 0.0151174131, 0.1066183886, 0.0775701134, 2620.3068, 2465.4205, 765.1250, 18.5655
2025-11-28 03:19:08, 0.0203455321, 0.0157037898, 0.1032778839, 0.0579549336, 2725.7179, 2439.9231, 767.6550, 20.4237
2025-11-28 03:19:14, 0.0256001316, 0.0243988255, 0.0513978348, 0.0659128249, 2800.4098, 2604.9672, 763.7850, 17.1947
2025-11-28 03:19:20, 0.0269546883, 0.0268340045, 0.0814243419, 0.0829454477, 2817.3239, 2616.8592, 763.5700, 19.7771
2025-11-28 03:19:25, 0.0239719679, 0.0257366747, 0.0539091275, 0.0603653417, 2810.7419, 2567.8226, 765.2300, 17.7901
2025-11-28 03:19:31, 0.0225028486, 0.0231290935, 0.0562429200, 0.0446477281, 2997.3200, 2698.0667, 765.5350, 17.8647
2025-11-28 03:19:37, 0.0376667461, 0.0248317362, 0.0714385488, 0.0552252109, 2789.3239, 2608.7887, 767.5450, 17.6346
2025-11-28 03:19:42, 0.0300328714, 0.0268514872, 0.0651917974, 0.0388559449, 2985.1750, 2761.0500, 763.7000, 18.5254
2025-11-28 03:19:48, 0.0276950569, 0.0256313213, 0.0963935535, 0.0748418428, 2897.6049, 2707.5802, 764.7900, 20.5955
2025-11-28 03:19:54, 0.0369641885, 0.0239934529, 0.0406363818, 0.0475251275, 2803.0152, 2562.8788, 764.9200, 17.4738
2025-11-28 03:19:59, 0.0244271265, 0.0218519656, 0.0691975609, 0.0735636921, 2604.2903, 2492.6452, 766.4750, 19.2486
2025-11-28 03:20:06, 0.0359534485, 0.0253142441, 0.0855083742, 0.0660890550, 2860.1746, 2776.1587, 762.8250, 17.9798
2025-11-28 03:20:11, 0.0297461584, 0.0236751700, 0.0539421947, 0.0538978843, 2975.6234, 2729.5195, 767.4750, 17.7778
2025-11-28 03:20:17, 0.0206878467, 0.0226462334, 0.0526859004, 0.0491997008, 2910.6571, 2546.2286, 762.9300, 18.2955
2025-11-28 03:20:23, 0.0196745703, 0.0208403884, 0.0464543964, 0.0562729436, 2745.6250, 2525.2031, 764.6750, 19.1340
2025-11-28 03:20:28, 0.0305879592, 0.0253186154, 0.0832280348, 0.0949857036, 2767.2857, 2594.6714, 764.6600, 20.7435
2025-11-28 03:20:34, 0.0234732431, 0.0165094513, 0.0671591880, 0.1090768253, 2716.4110, 2564.2740, 763.6100, 19.1841
2025-11-28 03:20:40, 0.0234373011, 0.0186224557, 0.0689326667, 0.0572545160, 2627.6418, 2361.2537, 765.2750, 19.9927
2025-11-28 03:20:46, 0.0225144820, 0.0199063070, 0.0699946556, 0.0605908889, 2806.1707, 2619.4878, 764.9100, 17.9034
2025-11-28 03:20:52, 0.0329221844, 0.0266832368, 0.0945006640, 0.0793719273, 2763.3718, 2642.2949, 765.4050, 19.4263
2025-11-28 03:20:57, 0.0228523198, 0.0197769328, 0.0726977270, 0.0554370297, 2737.5493, 2589.7042, 766.3050, 19.4472
2025-11-28 03:21:03, 0.0288693051, 0.0226176829, 0.0863017738, 0.0647245943, 3135.9167, 2843.2500, 759.2200, 19.4209
2025-11-28 03:21:09, 0.0224247258, 0.0186350404, 0.0814374779, 0.0837320388, 2804.8608, 2565.3924, 759.3950, 18.7080
2025-11-28 03:21:15, 0.0345207964, 0.0226112242, 0.0629430229, 0.0665149107, 2777.0870, 2615.3768, 757.6750, 18.3676
2025-11-28 03:21:20, 0.0309419291, 0.0220142343, 0.0648055752, 0.0552914870, 2774.1905, 2529.0794, 756.3550, 18.1132
2025-11-28 03:21:26, 0.0265058813, 0.0221249772, 0.1069774617, 0.0733701063, 2942.1746, 2719.4762, 757.5500, 18.7675
2025-11-28 03:21:31, 0.0293894457, 0.0231876568, 0.0794337902, 0.0807189953, 2846.6406, 2704.6719, 757.7300, 17.4235
2025-11-28 03:21:37, 0.0423136489, 0.0295727587, 0.0760210472, 0.0895754498, 2833.2113, 2719.2254, 757.8750, 18.9061
2025-11-28 03:21:43, 0.0306139202, 0.0276160129, 0.0620224569, 0.0700436697, 2980.4058, 2948.7536, 756.5300, 18.6922
2025-11-28 03:21:48, 0.0293618631, 0.0259063004, 0.0684131029, 0.0691795302, 2921.3529, 2702.5882, 759.1900, 19.8699
2025-11-28 03:21:54, 0.0217123190, 0.0237232003, 0.0568808596, 0.0527970033, 2723.8485, 2622.8788, 758.1400, 18.6802
2025-11-28 03:22:00, 0.0234135307, 0.0218070975, 0.0500703644, 0.0640421100, 3060.5070, 2748.6338, 759.2000, 18.7545
2025-11-28 03:22:06, 0.0091297102, 0.0118691767, 0.1112551433, 0.0902532174, 2672.7979, 2536.8830, 760.1100, 18.3409
2025-11-28 03:22:11, 0.0376769154, 0.0344449642, 0.0611830776, 0.0527308823, 2708.0625, 2569.2031, 760.5950, 18.6770
2025-11-28 03:22:17, 0.0379797699, 0.0312459274, 0.0528074422, 0.0372312006, 2797.2329, 2669.1096, 762.1200, 17.3694
2025-11-28 03:22:23, 0.0131027659, 0.0175900943, 0.0656788587, 0.0851924891, 2814.3537, 2768.4390, 762.1600, 19.0857
2025-11-28 03:22:28, 0.0300258479, 0.0249368556, 0.0906871106, 0.0563612723, 3054.3860, 2632.2632, 762.5950, 18.4299
2025-11-28 03:22:34, 0.0076114988, 0.0097081397, 0.1050019740, 0.0948716582, 2570.8427, 2434.1011, 762.5700, 18.2462
2025-11-28 03:22:40, 0.0153340370, 0.0113610265, 0.0765553664, 0.0894388363, 2462.2887, 2394.5052, 761.2550, 18.7430
2025-11-28 03:22:46, 0.0158388650, 0.0133319555, 0.0601241403, 0.0640750732, 2729.9881, 2366.0476, 765.2850, 19.2750
2025-11-28 03:22:52, 0.0235589554, 0.0227912418, 0.0880200857, 0.0820903393, 2981.0685, 2731.8082, 761.5850, 17.2129
2025-11-28 03:22:57, 0.0297265359, 0.0252100618, 0.0703875195, 0.0531027178, 2782.9571, 2511.7143, 762.6600, 20.2201
2025-11-28 03:23:03, 0.0143330349, 0.0129802579, 0.0860172999, 0.0673908061, 2663.0270, 2313.7973, 760.5400, 17.5496
2025-11-28 03:23:09, 0.0049967899, 0.0076789099, 0.0649406218, 0.0500151915, 2374.1429, 2163.8571, 761.1500, 16.5957
2025-11-28 03:23:14, 0.0102494581, 0.0126356810, 0.0701402624, 0.0505444921, 2796.4865, 2416.6892, 759.8950, 17.4463
2025-11-28 03:23:20, 0.0125418155, 0.0164065612, 0.0646861820, 0.0595906744, 2589.9014, 2337.3099, 762.2700, 16.8742
2025-11-28 03:23:26, 0.0072048706, 0.0116548207, 0.0668667103, 0.0883560421, 2430.7079, 2253.2697, 760.2450, 17.3178
2025-11-28 03:23:31, 0.0113008633, 0.0135339091, 0.0726060310, 0.0882496053, 2438.3558, 2241.9712, 763.2650, 19.1229
2025-11-28 03:23:37, 0.0126759355, 0.0119299831, 0.0891199714, 0.0931824151, 2449.0714, 2266.2619, 758.1550, 18.4323
2025-11-28 03:23:43, 0.0102953867, 0.0112537940, 0.0894093447, 0.0667819695, 2656.3293, 2267.5244, 759.3400, 18.3332
2025-11-28 03:23:49, 0.0212200749, 0.0157848864, 0.0577913830, 0.0500137424, 2724.9861, 2606.6528, 760.1650, 18.0632
2025-11-28 03:23:55, 0.0161150245, 0.0134570991, 0.0699651347, 0.0555675336, 2580.0494, 2389.0864, 763.3750, 19.2970
2025-11-28 03:24:00, 0.0104835973, 0.0149388824, 0.0854944476, 0.0706046687, 2662.3592, 2406.3107, 759.1500, 17.2872
2025-11-28 03:24:06, 0.0094373362, 0.0172318842, 0.1036876604, 0.1158047013, 2642.0159, 2427.7778, 761.3450, 18.0598
2025-11-28 03:24:12, 0.0124731210, 0.0145473961, 0.1040050440, 0.0868705560, 2730.1379, 2455.4253, 758.4500, 18.4945
2025-11-28 03:24:17, 0.0275127175, 0.0214152998, 0.0686115119, 0.1096802651, 2899.8154, 2743.9692, 757.8450, 18.6003
2025-11-28 03:24:23, 0.0270458526, 0.0258823896, 0.0736372737, 0.0770848656, 2768.3067, 2526.9600, 755.9950, 17.8610
2025-11-28 03:24:29, 0.0128367362, 0.0160191705, 0.0721880943, 0.0807244352, 2750.7416, 2450.0449, 758.8100, 18.8598
2025-11-28 03:24:35, 0.0120623454, 0.0124866786, 0.0674900779, 0.0468818894, 2674.8193, 2399.5783, 758.1200, 17.6925
2025-11-28 03:24:40, 0.0107189072, 0.0132399739, 0.0674163490, 0.0552629741, 2616.1954, 2350.6782, 758.3450, 18.7026
2025-11-28 03:24:46, 0.0176221540, 0.0146747997, 0.0586480487, 0.0623149746, 2647.7356, 2453.5862, 761.2950, 18.2205
2025-11-28 03:24:52, 0.0078806168, 0.0127746923, 0.0804815273, 0.0523346239, 2586.0874, 2277.5922, 758.0600, 17.2591
2025-11-28 03:24:58, 0.0066897633, 0.0111518902, 0.0650644884, 0.0586317612, 2675.8506, 2357.3678, 758.1000, 17.9661
2025-11-28 03:25:03, 0.0170356178, 0.0152223907, 0.0298338428, 0.0493714558, 2665.2143, 2434.8571, 760.7600, 20.1753
2025-11-28 03:25:09, 0.0075218892, 0.0107419260, 0.0550365969, 0.0528414452, 2497.3900, 2421.3900, 758.9100, 17.8062
2025-11-28 03:25:15, 0.0070202696, 0.0080235158, 0.0588374202, 0.0508452081, 2312.4222, 2137.8444, 760.1450, 16.0802
2025-11-28 03:25:20, 0.0144804761, 0.0124814321, 0.0611551010, 0.0608633672, 2751.0860, 2463.1828, 761.4250, 18.1696
2025-11-28 03:25:26, 0.0174200895, 0.0152306759, 0.0758495427, 0.0563043430, 2628.7647, 2252.7059, 763.0900, 17.8813
2025-11-28 03:25:32, 0.0182552486, 0.0157372590, 0.0453794732, 0.0470683571, 2726.2615, 2400.8308, 762.0300, 18.3665
2025-11-28 03:25:37, 0.0114421704, 0.0133918008, 0.0677457353, 0.0526574056, 2705.2159, 2471.9205, 760.8200, 18.3567
2025-11-28 03:25:43, 0.0157058359, 0.0148928322, 0.0479497996, 0.0519470714, 2691.9390, 2504.4878, 760.3550, 19.6847
2025-11-28 03:25:48, 0.0321354081, 0.0290012441, 0.0493033079, 0.0434270354, 2934.6933, 2701.1467, 761.9750, 18.9477
2025-11-28 03:25:54, 0.0279570147, 0.0245454690, 0.0535031148, 0.0407679234, 2759.6912, 2540.6176, 764.6450, 17.7161
2025-11-28 03:26:00, 0.0205855304, 0.0196190795, 0.0563431182, 0.0631778625, 2625.0645, 2389.6935, 761.5850, 18.3219
2025-11-28 03:26:06, 0.0253604283, 0.0218973112, 0.0620075549, 0.0494798552, 2874.3068, 2632.0568, 760.3550, 18.1901
2025-11-28 03:26:11, 0.0293188846, 0.0184064439, 0.0810577566, 0.0860521467, 2820.3580, 2668.2840, 761.9400, 18.6418
2025-11-28 03:26:17, 0.0227514419, 0.0212956325, 0.0903962129, 0.0383707082, 2909.4051, 2739.8608, 762.3250, 16.6484
2025-11-28 03:26:22, 0.0193672741, 0.0183650120, 0.0697109177, 0.0461224936, 2718.2593, 2538.0988, 759.8550, 17.9759
2025-11-28 03:26:28, 0.0238866238, 0.0192652846, 0.0633860905, 0.0675207581, 2771.6914, 2562.9877, 756.2000, 16.4967
2025-11-28 03:26:34, 0.0174575439, 0.0132350340, 0.0634972054, 0.0667462412, 2549.3832, 2345.5140, 754.5100, 16.9236
2025-11-28 03:26:40, 0.0192709133, 0.0143909208, 0.0698327492, 0.0712542660, 2804.9444, 2623.7639, 761.0450, 19.1095
2025-11-28 03:26:45, 0.0146208681, 0.0133723468, 0.0878689004, 0.0738613833, 2709.0789, 2387.8158, 757.3100, 17.2822
2025-11-28 03:26:51, 0.0248164788, 0.0215165853, 0.0619846730, 0.0592109054, 2953.3784, 2745.6622, 756.8250, 19.5462
2025-11-28 03:26:57, 0.0256910546, 0.0173620894, 0.0459960036, 0.0372867797, 2908.1948, 2697.6104, 757.6900, 17.7889
2025-11-28 03:27:03, 0.0207679361, 0.0172737153, 0.0726147423, 0.0530008645, 2700.5616, 2556.9589, 757.4550, 17.2823
2025-11-28 03:27:08, 0.0096815148, 0.0122626356, 0.0846479692, 0.0757006584, 2322.1531, 2077.4082, 755.9500, 19.2332
2025-11-28 03:27:14, 0.0168041894, 0.0125842451, 0.0731431593, 0.0757630666, 2552.3587, 2400.3043, 760.0450, 18.9895
2025-11-28 03:27:20, 0.0069992962, 0.0124456766, 0.0796930622, 0.0603509293, 2589.5581, 2405.8023, 757.7900, 17.6464
2025-11-28 03:27:25, 0.0074578666, 0.0115730593, 0.0747881674, 0.0686259080, 2516.0211, 2244.1789, 760.1050, 18.5678
2025-11-28 03:27:31, 0.0200692636, 0.0145330865, 0.0707796175, 0.0616582060, 2569.0976, 2298.9390, 756.5950, 16.2478
2025-11-28 03:27:37, 0.0093093530, 0.0118013995, 0.0709621879, 0.0902236035, 2475.3953, 2277.0465, 757.2850, 17.7176
2025-11-28 03:27:43, 0.0108255982, 0.0107590068, 0.0809718863, 0.0696587477, 2535.1667, 2307.6222, 756.2550, 17.5097
2025-11-28 03:27:48, 0.0070746695, 0.0133929035, 0.0811644176, 0.0769019343, 2392.1250, 2328.5341, 757.9550, 18.2924
2025-11-28 03:27:54, 0.0072094932, 0.0117088694, 0.0635687254, 0.0539243923, 2530.7927, 2430.0244, 759.0350, 17.0480
2025-11-28 03:27:59, 0.0062609416, 0.0106461239, 0.0816558950, 0.0688658751, 2542.1222, 2289.5000, 758.5750, 17.6781
2025-11-28 03:28:05, 0.0177024062, 0.0124386293, 0.0659217286, 0.0505698740, 2611.8056, 2380.4583, 757.8400, 19.6411
2025-11-28 03:28:11, 0.0111443040, 0.0125191793, 0.0691530641, 0.0552203352, 2606.5930, 2392.9302, 758.1850, 17.6766
2025-11-28 03:28:17, 0.0161801356, 0.0133181256, 0.0862564793, 0.0671865983, 2742.5070, 2329.5915, 759.1050, 19.9383
2025-11-28 03:28:23, 0.0090300490, 0.0126653137, 0.0722860894, 0.0564358214, 2498.8864, 2371.6932, 757.3300, 15.9882
2025-11-28 03:28:29, 0.0076673256, 0.0111542509, 0.0904457206, 0.1014037404, 2619.9333, 2338.2800, 758.7100, 19.0706
2025-11-28 03:28:34, 0.0136391969, 0.0155658465, 0.0587798192, 0.0483471828, 2520.1500, 2298.3125, 759.3000, 19.4330
2025-11-28 03:28:40, 0.0202009612, 0.0149308159, 0.0683387995, 0.0674602402, 2660.6364, 2447.0182, 755.0950, 19.8493
2025-11-28 03:28:46, 0.0195950520, 0.0177509359, 0.1272540085, 0.0811937156, 2672.2250, 2300.3000, 757.7650, 20.0110
2025-11-28 03:28:52, 0.0122817382, 0.0150503319, 0.0722181231, 0.0640797119, 2548.8488, 2316.4884, 756.6300, 19.0182
2025-11-28 03:28:57, 0.0095091400, 0.0149639153, 0.0651182122, 0.0733469738, 2747.0449, 2484.3820, 754.9150, 20.1952
2025-11-28 03:29:03, 0.0238092240, 0.0162870460, 0.0639125208, 0.0682917040, 2865.3896, 2670.4156, 757.9750, 18.0218
2025-11-28 03:29:09, 0.0122580597, 0.0148844274, 0.0678952005, 0.0493185252, 2619.4304, 2536.8354, 754.9000, 19.0877
2025-11-28 03:29:15, 0.0351526288, 0.0297195076, 0.0678850614, 0.0772160833, 2757.6351, 2717.6216, 754.6950, 19.6243
2025-11-28 03:29:21, 0.0248893796, 0.0210588732, 0.0600093032, 0.0598401061, 2710.3205, 2543.9615, 756.6300, 20.2915
2025-11-28 03:29:26, 0.0257551125, 0.0191678873, 0.0551748749, 0.0689365434, 2841.4054, 2578.7297, 755.7550, 17.7312
2025-11-28 03:29:32, 0.0232351512, 0.0231922166, 0.0641339693, 0.0916790305, 2938.8644, 2766.5424, 754.9550, 20.1689
2025-11-28 03:29:38, 0.0283659250, 0.0189165706, 0.1256508389, 0.0977130500, 2959.2222, 2666.1481, 756.0000, 20.7880
2025-11-28 03:29:43, 0.0217444186, 0.0176743948, 0.0991422741, 0.0826153695, 2724.3099, 2607.5915, 755.5050, 20.3143
2025-11-28 03:29:49, 0.0167734939, 0.0136988822, 0.1246026332, 0.1032779389, 2859.8750, 2596.7361, 754.7500, 18.2334
2025-11-28 03:29:55, 0.0190077988, 0.0194021015, 0.0791796927, 0.0938232448, 2582.4714, 2550.9571, 758.5250, 19.3990
2025-11-28 03:30:00, 0.0167787306, 0.0127738923, 0.0846325303, 0.0793992044, 2619.7200, 2485.5333, 756.6500, 18.5261
2025-11-28 03:30:06, 0.0060894023, 0.0100929716, 0.0781448031, 0.0898628824, 2661.7849, 2363.2581, 758.5300, 18.6941
2025-11-28 03:30:12, 0.0231817234, 0.0156048552, 0.1609716242, 0.1171328716, 2717.7297, 2548.1216, 756.6950, 18.6934
2025-11-28 03:30:17, 0.0168019644, 0.0122407241, 0.0725524862, 0.1052846218, 2475.0533, 2377.1200, 757.2500, 17.8566
2025-11-28 03:30:23, 0.0076653996, 0.0122728405, 0.1446131825, 0.0983113784, 2575.3146, 2330.2472, 757.2050, 16.7575
2025-11-28 03:30:29, 0.0064069353, 0.0099326612, 0.1172521926, 0.0856458822, 2413.7349, 2218.8795, 759.7150, 18.6240
2025-11-28 03:30:35, 0.0168570744, 0.0162086276, 0.0921927845, 0.0897401556, 2428.3099, 2326.6338, 757.5650, 16.0719
2025-11-28 03:30:40, 0.0057446858, 0.0118566744, 0.1374944723, 0.1294828531, 2615.2750, 2439.0125, 754.7150, 18.4825
2025-11-28 03:30:46, 0.0113622173, 0.0127357893, 0.1322305252, 0.1150547118, 2629.6105, 2506.5895, 758.9550, 18.6487
2025-11-28 03:30:52, 0.0113830260, 0.0174828966, 0.0933342590, 0.0761095288, 2641.3678, 2617.4253, 757.2100, 19.0165
2025-11-28 03:30:57, 0.0077395785, 0.0161684933, 0.1050977345, 0.1195874763, 2619.2949, 2317.3462, 759.3450, 17.3631
2025-11-28 03:31:03, 0.0083767051, 0.0120648056, 0.0971753558, 0.0890017716, 2423.3333, 2249.7067, 755.5400, 18.1367
2025-11-28 03:31:09, 0.0061248736, 0.0118784229, 0.0541741946, 0.0529964462, 2273.8315, 2249.5730, 763.6150, 20.6431
2025-11-28 03:31:14, 0.0154944243, 0.0132514424, 0.0536181513, 0.0455290485, 2658.8312, 2398.9481, 757.6000, 17.1528
2025-11-28 03:31:20, 0.0080597643, 0.0130664714, 0.0660699525, 0.0543396249, 2577.6196, 2343.0326, 759.2500, 19.2693
2025-11-28 03:31:26, 0.0041406527, 0.0068306652, 0.0628722398, 0.0760235488, 2256.7363, 2146.0769, 755.5000, 18.4212
2025-11-28 03:31:33, 0.0102964098, 0.0094886348, 0.0670477061, 0.0681077204, 2750.0312, 2428.7917, 761.0650, 19.2260
2025-11-28 03:31:38, 0.0191136800, 0.0190752312, 0.0705785063, 0.0691398433, 2607.5946, 2560.2297, 766.0150, 19.5897
2025-11-28 03:31:44, 0.0193699427, 0.0146230821, 0.0717335614, 0.0656970695, 2715.7416, 2591.0225, 765.5200, 17.5066
2025-11-28 03:31:50, 0.0172790522, 0.0174894916, 0.1008312246, 0.0904739062, 2604.9054, 2406.0405, 766.0400, 19.8085
2025-11-28 03:31:55, 0.0177229972, 0.0128310687, 0.0698614798, 0.0698214211, 2623.2333, 2461.4667, 766.4100, 16.7437
2025-11-28 03:32:01, 0.0099256425, 0.0102040391, 0.0696358470, 0.0497834327, 2485.0123, 2225.0864, 765.6400, 18.5602
2025-11-28 03:32:06, 0.0074034877, 0.0114410184, 0.0808103343, 0.0963115684, 2647.6386, 2399.7590, 766.0400, 18.8637
2025-11-28 03:32:12, 0.0220106780, 0.0159569979, 0.0601642612, 0.0529339206, 2644.8780, 2427.6829, 766.7100, 18.8999
2025-11-28 03:32:18, 0.0237794855, 0.0158404200, 0.0939992306, 0.0573787702, 2648.0500, 2513.5250, 764.4450, 18.1341
2025-11-28 03:32:23, 0.0284420169, 0.0192650166, 0.0669199000, 0.0429160204, 2849.3143, 2607.3714, 764.7600, 18.4299
2025-11-28 03:32:29, 0.0289187909, 0.0215992672, 0.0628779494, 0.0770277090, 2904.7571, 2647.9143, 763.8500, 18.1226
2025-11-28 03:32:35, 0.0264207513, 0.0204905799, 0.0441083273, 0.0502337172, 2629.8049, 2549.9878, 763.0150, 19.2056
2025-11-28 03:32:41, 0.0065221171, 0.0111437502, 0.0748246703, 0.0648862465, 2517.8261, 2301.8478, 766.3350, 16.8108
2025-11-28 03:32:46, 0.0047857495, 0.0078287247, 0.0609399360, 0.0463829763, 2245.3370, 2067.4239, 764.8650, 20.5343
2025-11-28 03:32:52, 0.0220057430, 0.0173627936, 0.0666673459, 0.0739806211, 2880.1625, 2684.0500, 764.8300, 18.5133
2025-11-28 03:32:58, 0.0255018570, 0.0176275686, 0.0486275556, 0.0456692759, 2744.1014, 2564.2899, 763.9300, 18.2273
2025-11-28 03:33:03, 0.0228472453, 0.0195813862, 0.0589452484, 0.0642389806, 2734.2319, 2584.9565, 765.8200, 18.4545
2025-11-28 03:33:09, 0.0128369520, 0.0135159482, 0.0597394092, 0.0505737743, 2690.0968, 2405.1935, 764.3100, 17.6633
2025-11-28 03:33:14, 0.0247669060, 0.0208669010, 0.0692960647, 0.0462436706, 2914.5949, 2485.8101, 761.7800, 17.3920
2025-11-28 03:33:20, 0.0059430697, 0.0105916172, 0.0598670116, 0.0610693057, 2281.1042, 2078.4792, 766.2400, 18.1026
2025-11-28 03:33:26, 0.0079354181, 0.0135608374, 0.0614995530, 0.0625367779, 2657.2716, 2424.0000, 763.6150, 18.6772
2025-11-28 03:33:32, 0.0176797565, 0.0134733378, 0.0513855442, 0.0484668970, 2711.0978, 2446.2717, 762.7250, 19.0371
2025-11-28 03:33:38, 0.0246747116, 0.0204010996, 0.0615862875, 0.0667871845, 2785.0541, 2657.6622, 761.8500, 18.3556
2025-11-28 03:33:43, 0.0217499025, 0.0239274597, 0.0494014460, 0.0512570348, 2787.7532, 2483.6104, 764.9750, 18.3631
2025-11-28 03:33:49, 0.0338874933, 0.0272220566, 0.0577144249, 0.0559797391, 2797.4462, 2615.9385, 762.5100, 18.1077
2025-11-28 03:33:55, 0.0364867134, 0.0288180928, 0.0527878623, 0.0544753354, 2939.1029, 2730.0735, 763.9450, 20.0796
2025-11-28 03:34:00, 0.0306842623, 0.0252525090, 0.0670139587, 0.0571835628, 2846.9661, 2574.6102, 762.8650, 17.8574
2025-11-28 03:34:06, 0.0310428599, 0.0356849652, 0.0492534190, 0.0504378133, 2735.3922, 2475.8235, 762.5550, 18.9393
2025-11-28 03:34:12, 0.0253019562, 0.0182058692, 0.0666240393, 0.0650927069, 2788.1385, 2640.1692, 762.3600, 19.8015
2025-11-28 03:34:17, 0.0189923748, 0.0167712272, 0.1212442295, 0.0787991018, 3009.6111, 2766.7778, 761.2900, 19.4259
2025-11-28 03:34:23, 0.0088358840, 0.0119653087, 0.0757739891, 0.0827126278, 2452.2209, 2326.6744, 763.2000, 18.7449
2025-11-28 03:34:28, 0.0267486206, 0.0197804662, 0.1108489060, 0.0918727553, 2773.1688, 2649.0260, 761.7300, 18.4328
2025-11-28 03:34:34, 0.0217619199, 0.0185354352, 0.0709653158, 0.0693414399, 2766.8571, 2634.1286, 758.4900, 17.3629
2025-11-28 03:34:40, 0.0189656771, 0.0119016759, 0.0812685229, 0.0757910795, 2501.3765, 2393.7882, 758.2450, 18.1029
2025-11-28 03:34:46, 0.0190507481, 0.0175653645, 0.0439023496, 0.0631089216, 2702.5570, 2530.6329, 760.6150, 19.8645
2025-11-28 03:34:52, 0.0106779804, 0.0159641043, 0.0669374706, 0.0537774038, 2593.5476, 2353.1667, 763.5550, 17.7704
2025-11-28 03:34:57, 0.0113430774, 0.0150596165, 0.0718379893, 0.0533423215, 2745.5054, 2429.7634, 761.6550, 17.2495
2025-11-28 03:35:03, 0.0193527309, 0.0152685813, 0.0824849693, 0.0855649669, 2672.8488, 2467.1977, 761.3050, 17.3690
2025-11-28 03:35:09, 0.0212989466, 0.0185315195, 0.0791568580, 0.0725305593, 2638.6000, 2493.5875, 762.5950, 16.7078
2025-11-28 03:35:15, 0.0163386130, 0.0127171820, 0.0699312665, 0.0649948125, 2688.9186, 2433.3953, 757.8600, 18.9389
2025-11-28 03:35:21, 0.0266688431, 0.0222930736, 0.0847620107, 0.0598073018, 2735.3929, 2589.7857, 764.4350, 16.8792
2025-11-28 03:35:26, 0.0293929248, 0.0232541417, 0.0474332055, 0.0356996449, 2906.1765, 2712.2794, 764.1050, 19.1889
2025-11-28 03:35:32, 0.0278111608, 0.0248524816, 0.0776720183, 0.0798629566, 2819.4493, 2656.1739, 762.0050, 18.7823
2025-11-28 03:35:38, 0.0234642192, 0.0199324835, 0.0903891688, 0.0758346979, 2804.6667, 2651.6667, 761.1400, 17.7930
2025-11-28 03:35:44, 0.0238300677, 0.0216895169, 0.0721214544, 0.0745505302, 2628.7297, 2485.2297, 760.2100, 17.9710
2025-11-28 03:35:50, 0.0227634645, 0.0176600017, 0.0578627530, 0.0689226201, 2753.5200, 2654.1333, 761.2650, 19.0823
2025-11-28 03:35:55, 0.0245875218, 0.0157445186, 0.0551771357, 0.0439113694, 2738.4253, 2568.9310, 762.0100, 17.5650
2025-11-28 03:36:01, 0.0207242561, 0.0157024424, 0.0826743856, 0.0564766801, 2813.8000, 2493.7000, 759.3800, 17.5361
2025-11-28 03:36:07, 0.0181006552, 0.0131151720, 0.0610728539, 0.0568758820, 2667.3214, 2434.1429, 761.0450, 17.6477
2025-11-28 03:36:13, 0.0169052347, 0.0136037723, 0.0688334823, 0.0572269601, 2745.5000, 2283.6500, 762.3100, 18.1682
2025-11-28 03:36:18, 0.0115392704, 0.0121929177, 0.0522147220, 0.0682519579, 2564.0930, 2454.0465, 761.0550, 18.6623
2025-11-28 03:36:24, 0.0073312039, 0.0081844877, 0.0655637206, 0.0574639180, 2233.7447, 2118.3298, 762.9750, 17.8618
2025-11-28 03:36:29, 0.0057141129, 0.0095024528, 0.0799466050, 0.0843299398, 2416.0659, 2289.8571, 762.3100, 19.9871
2025-11-28 03:36:35, 0.0064757574, 0.0098117339, 0.0695161376, 0.0687784910, 2539.5169, 2446.1124, 761.9550, 18.8428
2025-11-28 03:36:41, 0.0272659675, 0.0198634205, 0.0645249472, 0.0499801883, 2873.8333, 2489.5556, 762.3150, 18.5579
2025-11-28 03:36:47, 0.0189054716, 0.0158290025, 0.0710465625, 0.0615914071, 2896.0986, 2664.7465, 759.0200, 19.3354
2025-11-28 03:36:53, 0.0108189379, 0.0114309524, 0.0943918419, 0.0618852372, 2619.7907, 2377.2442, 763.1100, 17.4476
2025-11-28 03:36:58, 0.0051229892, 0.0087339998, 0.0724139816, 0.0535253429, 2509.7579, 2221.6211, 761.1600, 17.9015
2025-11-28 03:37:04, 0.0135682482, 0.0142782783, 0.0530420485, 0.0643559688, 2617.5750, 2326.4375, 765.2500, 17.7991
2025-11-28 03:37:09, 0.0265756271, 0.0182693202, 0.0705641133, 0.0634415835, 2766.8382, 2559.0147, 762.5100, 17.6935
2025-11-28 03:37:15, 0.0251410341, 0.0240398472, 0.0698926784, 0.0734620360, 2806.8714, 2700.8000, 761.3900, 16.9079
2025-11-28 03:37:21, 0.0260158709, 0.0168485418, 0.0699015599, 0.0578611674, 2875.2800, 2545.6667, 763.7200, 19.6507
2025-11-28 03:37:27, 0.0189080234, 0.0205194799, 0.0827983575, 0.0467231870, 2858.2206, 2586.1324, 763.7850, 17.5334
2025-11-28 03:37:32, 0.0116107023, 0.0168966845, 0.0907118330, 0.0987036727, 2595.5522, 2346.8060, 766.4700, 17.2638
2025-11-28 03:37:38, 0.0156563690, 0.0163533818, 0.0717622574, 0.0853162348, 2754.3976, 2606.5904, 763.3700, 17.1663
2025-11-28 03:37:43, 0.0176131928, 0.0138652558, 0.0801315061, 0.0634942611, 2638.3708, 2388.2472, 765.8100, 17.9205
2025-11-28 03:37:49, 0.0077088564, 0.0115779395, 0.0745014897, 0.0654109165, 2764.0909, 2480.2386, 762.1950, 19.0091
2025-11-28 03:37:55, 0.0126908699, 0.0129388801, 0.0771921493, 0.0602210555, 2665.6500, 2544.6125, 762.3350, 19.7067
2025-11-28 03:38:00, 0.0315106498, 0.0333731581, 0.0581508767, 0.0622967466, 2769.2742, 2681.6935, 763.8050, 17.7084
2025-11-28 03:38:06, 0.0291074777, 0.0248489492, 0.0726714154, 0.0499432108, 2558.6774, 2560.1613, 761.5150, 18.1827
2025-11-28 03:38:12, 0.0289220001, 0.0197560565, 0.0624192303, 0.0497993551, 2822.6479, 2758.7465, 762.1150, 19.9890
2025-11-28 03:38:18, 0.0256402693, 0.0204555772, 0.0712467427, 0.0685449046, 2505.0390, 2584.8182, 761.4000, 18.9465
2025-11-28 03:38:23, 0.0253345892, 0.0191560992, 0.0973496813, 0.0562737143, 2884.0857, 2671.6429, 766.6050, 19.0895
2025-11-28 03:38:29, 0.0150031839, 0.0258326104, 0.0766693169, 0.0665310861, 2853.0526, 2691.4737, 761.6700, 18.8974
2025-11-28 03:38:35, 0.0185602267, 0.0185862121, 0.1260845608, 0.0688015660, 2866.3867, 2625.6800, 762.4200, 18.2171
2025-11-28 03:38:40, 0.0161347271, 0.0174067981, 0.0668929970, 0.0756405027, 2840.2319, 2679.2174, 762.9250, 17.9485
2025-11-28 03:38:46, 0.0305637682, 0.0219467690, 0.0527462109, 0.0534994612, 2651.4750, 2663.7875, 766.1400, 17.2870
2025-11-28 03:38:52, 0.0283074173, 0.0200731700, 0.0874074418, 0.0691146106, 2831.8082, 2678.1370, 767.0450, 17.7272
2025-11-28 03:38:58, 0.0326871005, 0.0233188453, 0.0646510925, 0.0656728483, 2866.7027, 2622.3784, 763.5600, 17.5809
2025-11-28 03:39:03, 0.0263241235, 0.0198096506, 0.1275178234, 0.0948986613, 2804.8750, 2728.3214, 769.4950, 17.6241
2025-11-28 03:39:09, 0.0182457772, 0.0194552427, 0.1161720273, 0.0872403919, 2986.5652, 2782.2174, 768.0800, 19.4672
2025-11-28 03:39:15, 0.0287902945, 0.0220892212, 0.0497002112, 0.0571953709, 2611.4603, 2545.9048, 769.4000, 18.4702
2025-11-28 03:39:21, 0.0204593033, 0.0199731762, 0.0996276752, 0.0762499685, 2649.2462, 2498.3846, 767.5450, 18.4891
2025-11-28 03:39:27, 0.0099773230, 0.0136745757, 0.0563482443, 0.0585993478, 2523.0385, 2325.1282, 768.6000, 19.2650
2025-11-28 03:39:32, 0.0147998161, 0.0111458051, 0.0744712433, 0.0565696726, 2528.6029, 2259.6324, 762.4900, 17.2093
2025-11-28 03:39:38, 0.0079665459, 0.0115103170, 0.1090983511, 0.0622791271, 2482.9059, 2260.6000, 766.5350, 19.2901
2025-11-28 03:39:44, 0.0112209860, 0.0122984394, 0.0725352412, 0.0710961314, 2540.3333, 2304.2179, 760.8400, 16.8889
2025-11-28 03:39:49, 0.0055457567, 0.0103690196, 0.0930152848, 0.1095775293, 2285.7442, 2304.8140, 769.4300, 19.5386
2025-11-28 03:39:55, 0.0050453191, 0.0075150369, 0.1206810737, 0.0791196285, 2383.8851, 2191.1264, 767.5900, 17.0889
2025-11-28 03:40:01, 0.0066724114, 0.0134692585, 0.0925092038, 0.0517750228, 2355.8375, 2209.2625, 766.3600, 19.7312
2025-11-28 03:40:07, 0.0068235972, 0.0128982017, 0.1100997397, 0.1167972178, 2673.1786, 2407.0952, 769.5850, 17.7001
2025-11-28 03:40:12, 0.0222382532, 0.0145069852, 0.0781576435, 0.0707671460, 2803.0482, 2515.0241, 763.8300, 17.9839
2025-11-28 03:40:18, 0.0040518373, 0.0085788051, 0.0755572098, 0.0681862912, 2346.0341, 2077.0682, 760.8450, 18.4743
2025-11-28 03:40:24, 0.0053950547, 0.0102243767, 0.0708587855, 0.0741463521, 2436.0333, 2305.0000, 767.7900, 19.3625
2025-11-28 03:40:30, 0.0159104342, 0.0138239610, 0.0906340674, 0.0772385567, 2795.9880, 2463.4940, 773.0100, 21.6157
2025-11-28 03:40:36, 0.0173276456, 0.0198428084, 0.0889716061, 0.0748356679, 2730.7024, 2625.8690, 766.9800, 20.2709
2025-11-28 03:40:41, 0.0124400550, 0.0160656239, 0.0673966708, 0.0512836683, 2691.5714, 2450.7976, 771.2100, 20.2185
2025-11-28 03:40:47, 0.0176271106, 0.0180058535, 0.0751859740, 0.0590737365, 2707.6000, 2567.2286, 769.6750, 19.9802
2025-11-28 03:40:53, 0.0169540932, 0.0143535986, 0.0754486758, 0.0582189641, 2608.4835, 2419.5385, 760.9500, 18.1578
2025-11-28 03:40:58, 0.0228408888, 0.0212203580, 0.0860365183, 0.0935137766, 2776.5000, 2624.8871, 771.4000, 18.5240
2025-11-28 03:41:04, 0.0097508256, 0.0125654153, 0.0972370688, 0.1164585460, 2623.9383, 2469.7037, 767.0750, 18.4307
2025-11-28 03:41:10, 0.0214522400, 0.0168728269, 0.0963501530, 0.0834803089, 2834.8605, 2651.6977, 765.6950, 17.5449
2025-11-28 03:41:16, 0.0155160828, 0.0129097200, 0.0894680203, 0.0865848515, 2470.8072, 2393.1807, 765.3700, 19.0435
2025-11-28 03:41:21, 0.0250312457, 0.0179906891, 0.0793176911, 0.0681662643, 2830.3284, 2653.9403, 762.1700, 18.6612
2025-11-28 03:41:27, 0.0265612744, 0.0184302295, 0.0657270792, 0.0566170601, 2741.5278, 2436.7778, 765.4750, 19.2413
2025-11-28 03:41:33, 0.0238031623, 0.0184289886, 0.0958744217, 0.0802461739, 3006.3382, 2685.2353, 765.3550, 19.0121
2025-11-28 03:41:38, 0.0169876382, 0.0153903223, 0.0746833640, 0.0616577673, 2776.9867, 2487.0133, 766.5650, 19.7564
2025-11-28 03:41:44, 0.0275655945, 0.0189457643, 0.0675439107, 0.0683160941, 2844.6026, 2651.8590, 764.9850, 19.9583
2025-11-28 03:41:49, 0.0208360577, 0.0158613250, 0.0917140040, 0.0627108038, 2789.9302, 2460.6628, 766.8500, 19.0459
2025-11-28 03:41:55, 0.0247704332, 0.0182051582, 0.1400972940, 0.1265519246, 2760.4225, 2513.4507, 758.1250, 18.1298
2025-11-28 03:42:02, 0.0188541128, 0.0187173642, 0.0672354977, 0.0962041187, 2710.7632, 2679.7632, 762.1700, 15.5149
2025-11-28 03:42:08, 0.0203528259, 0.0151388970, 0.0682367025, 0.0747102143, 2725.0270, 2544.9730, 759.3050, 17.5693
2025-11-28 03:42:13, 0.0301459722, 0.0219416105, 0.0640677618, 0.0506991066, 2782.0132, 2511.5132, 760.9900, 18.0064
2025-11-28 03:42:19, 0.0251452551, 0.0231858460, 0.0641019082, 0.0875961222, 2928.1875, 2751.9219, 755.5200, 18.2241
2025-11-28 03:42:25, 0.0278783502, 0.0169373641, 0.1015923437, 0.1070630245, 2742.7143, 2542.2338, 758.1400, 17.9778
2025-11-28 03:42:31, 0.0190955002, 0.0178207558, 0.0672626362, 0.0676681724, 2529.9420, 2376.9710, 758.4650, 18.3346
2025-11-28 03:42:36, 0.0107631656, 0.0125054106, 0.0853810085, 0.0677829383, 2672.9886, 2613.0568, 760.4800, 17.6031
2025-11-28 03:42:42, 0.0176822149, 0.0155824131, 0.0690066250, 0.0594209053, 2841.9041, 2558.5616, 756.8350, 15.9112
2025-11-28 03:42:48, 0.0241537307, 0.0190566208, 0.0517593479, 0.0378756319, 2913.1667, 2469.3333, 759.0850, 19.2543
2025-11-28 03:42:53, 0.0182039173, 0.0138498892, 0.0894180001, 0.0628909728, 2732.5000, 2588.3889, 756.1900, 17.9395
2025-11-28 03:42:59, 0.0230070387, 0.0207305782, 0.0722529445, 0.0685148763, 2832.5405, 2663.5946, 757.9400, 18.3045
2025-11-28 03:43:05, 0.0235395333, 0.0198145248, 0.0719069104, 0.0585289867, 2793.8630, 2584.3014, 756.6350, 19.8505
2025-11-28 03:43:11, 0.0225782967, 0.0146305209, 0.0641768858, 0.0685481829, 2678.9841, 2644.1905, 755.6550, 19.3942
2025-11-28 03:43:16, 0.0343988295, 0.0179717939, 0.1186330982, 0.0725704070, 2880.3333, 2680.7143, 752.3400, 17.8716
2025-11-28 03:43:22, 0.0195891856, 0.0175249959, 0.0736318574, 0.0591531797, 2860.0294, 2601.1618, 752.5100, 19.2741
2025-11-28 03:43:28, 0.0197360040, 0.0153825491, 0.0481893203, 0.0469113210, 2841.3924, 2761.0633, 753.5350, 19.0580
2025-11-28 03:43:33, 0.0201128014, 0.0171911573, 0.0828130013, 0.0648988773, 2758.2319, 2531.2029, 755.2850, 19.1045
2025-11-28 03:43:39, 0.0222952216, 0.0150923251, 0.0611910344, 0.0671221088, 2696.0119, 2469.5238, 754.6600, 19.2215
2025-11-28 03:43:45, 0.0250025374, 0.0162085110, 0.0645160644, 0.0753810767, 2890.6761, 2623.0845, 755.1750, 19.4791
2025-11-28 03:43:51, 0.0260824308, 0.0187204726, 0.0651582735, 0.0623238019, 2714.2857, 2604.5325, 750.6650, 18.3061
2025-11-28 03:43:57, 0.0123941813, 0.0208775575, 0.0540170400, 0.0828871286, 2646.5000, 2600.4706, 754.0400, 19.8496
2025-11-28 03:44:02, 0.0199863020, 0.0177256654, 0.0718353732, 0.0732127092, 2899.7101, 2715.3768, 754.6950, 19.2167
2025-11-28 03:44:08, 0.0121084519, 0.0143990667, 0.0865718257, 0.0695692760, 2438.8642, 2282.7407, 754.5400, 19.8348
2025-11-28 03:44:14, 0.0167877319, 0.0160158829, 0.0808015070, 0.0769876810, 2923.6714, 2584.1143, 751.8650, 19.1882
2025-11-28 03:44:20, 0.0266691477, 0.0191371937, 0.0703492002, 0.0726423924, 2967.0000, 2751.6892, 756.7750, 19.5973
2025-11-28 03:44:25, 0.0229042720, 0.0209738183, 0.0456509990, 0.0558794511, 2910.7049, 2626.5574, 757.1250, 17.9273
2025-11-28 03:44:31, 0.0210531210, 0.0172947190, 0.0775956905, 0.0821393265, 2760.7125, 2601.3125, 756.3350, 18.8197
2025-11-28 03:44:37, 0.0260452552, 0.0174751395, 0.0787333412, 0.0874322809, 2696.6562, 2618.5521, 757.6400, 21.3197
2025-11-28 03:44:43, 0.0278568376, 0.0206988997, 0.0621729329, 0.0533977571, 2865.1515, 2540.0000, 764.7250, 18.9010
2025-11-28 03:44:49, 0.0217979474, 0.0158042416, 0.0471991912, 0.0575593964, 2709.1628, 2558.0814, 755.9300, 19.2178
2025-11-28 03:44:54, 0.0196066404, 0.0168289341, 0.0561697979, 0.0500461053, 2688.8065, 2436.5484, 756.7700, 18.8732
2025-11-28 03:45:00, 0.0132795962, 0.0174527487, 0.0762149891, 0.0496891950, 2476.2500, 2271.7727, 758.7550, 20.6081
2025-11-28 03:45:07, 0.0113814938, 0.0116093382, 0.0657199655, 0.0417148908, 2614.9878, 2276.8659, 756.1500, 19.0892
2025-11-28 03:45:12, 0.0105856947, 0.0147876293, 0.0775725059, 0.0595837974, 2681.2159, 2389.5114, 768.6000, 19.2982
2025-11-28 03:45:18, 0.0094983489, 0.0119887535, 0.0521228263, 0.0663528378, 2652.2838, 2380.3108, 769.0300, 19.7734
2025-11-28 03:45:24, 0.0187182740, 0.0173211951, 0.0788047661, 0.0602963224, 2789.0444, 2553.6222, 770.1750, 17.9498
2025-11-28 03:45:29, 0.0217273050, 0.0133098677, 0.0682154806, 0.0464347824, 2694.6582, 2420.8101, 761.7700, 20.3727
2025-11-28 03:45:35, 0.0181180310, 0.0124701646, 0.0788933248, 0.0437170677, 2655.3253, 2430.7108, 766.4200, 21.9571
2025-11-28 03:45:41, 0.0174412189, 0.0162205836, 0.0911437975, 0.0735199555, 2954.6747, 2677.7349, 766.7000, 19.6723
2025-11-28 03:45:47, 0.0216271424, 0.0173435367, 0.0720723919, 0.0550705300, 2841.5811, 2644.6757, 764.9150, 19.5749
2025-11-28 03:45:52, 0.0252890050, 0.0213951888, 0.0824882135, 0.0699791196, 2904.8333, 2754.2639, 766.0200, 21.7764
2025-11-28 03:45:58, 0.0236642160, 0.0197216673, 0.0730959868, 0.0463224915, 2760.3611, 2561.1944, 763.0300, 20.5728
2025-11-28 03:46:04, 0.0227021943, 0.0169605432, 0.0862731290, 0.0618170740, 2851.0000, 2608.5833, 762.5650, 21.8260
2025-11-28 03:46:09, 0.0245090687, 0.0266154193, 0.0659559988, 0.0501012466, 2871.5694, 2810.3472, 764.4550, 22.0181
2025-11-28 03:46:15, 0.0294110629, 0.0209815323, 0.0523843189, 0.0724824044, 2673.9565, 2522.8986, 765.5450, 20.2393
2025-11-28 03:46:21, 0.0140983542, 0.0199597147, 0.0674926646, 0.0717700023, 2821.7326, 2571.8488, 763.6950, 18.5003
2025-11-28 03:46:26, 0.0240722464, 0.0209462587, 0.0781181296, 0.0753451170, 2871.8553, 2700.4079, 762.8300, 19.3031
2025-11-28 03:46:32, 0.0291455506, 0.0191342679, 0.0493167051, 0.0617410121, 2968.8537, 2835.1098, 763.7200, 19.4327
2025-11-28 03:46:38, 0.0251930474, 0.0189434119, 0.0730883958, 0.0630110424, 2878.0857, 2549.3857, 763.7700, 18.7589
2025-11-28 03:46:43, 0.0122102372, 0.0133654352, 0.0589515531, 0.0522129163, 2598.1932, 2366.8636, 763.3650, 17.3142
2025-11-28 03:46:49, 0.0148732332, 0.0138981177, 0.0563111708, 0.0538764841, 2532.7532, 2296.8182, 761.1700, 17.6287
2025-11-28 03:46:55, 0.0303640970, 0.0222519656, 0.0680884505, 0.0640397413, 3051.1184, 2814.6316, 763.6950, 18.4413
2025-11-28 03:47:00, 0.0274883814, 0.0212603968, 0.0772516407, 0.0400723757, 2947.4675, 2648.3766, 761.9700, 19.0775
2025-11-28 03:47:06, 0.0258702293, 0.0192989629, 0.0796434128, 0.0503386236, 2928.8889, 2581.7222, 761.8450, 16.9994
2025-11-28 03:47:12, 0.0337737365, 0.0219839755, 0.0884871755, 0.0592355614, 2749.4308, 2646.6615, 763.8500, 18.4523
2025-11-28 03:47:17, 0.0259721608, 0.0163461385, 0.0838745548, 0.0760843604, 2737.0111, 2558.8778, 763.0050, 18.2185
2025-11-28 03:47:23, 0.0252351953, 0.0197816723, 0.0483656500, 0.0430821080, 2827.3284, 2684.2090, 762.9700, 17.8617
2025-11-28 03:47:29, 0.0285182393, 0.0220959787, 0.0657494637, 0.0410202070, 2889.1688, 2574.6234, 762.4000, 18.6269
2025-11-28 03:47:35, 0.0224182071, 0.0204611595, 0.0662345679, 0.0549419335, 2838.4429, 2524.2143, 762.3800, 18.4709
2025-11-28 03:47:40, 0.0217994253, 0.0160599296, 0.0761919974, 0.0614452544, 2903.5526, 2644.2632, 759.3600, 16.2629
2025-11-28 03:47:46, 0.0268319244, 0.0224155341, 0.0719498950, 0.0668427693, 3193.0317, 2917.9524, 763.0150, 17.0524
2025-11-28 03:47:52, 0.0073920750, 0.0112494394, 0.0539140442, 0.0617752382, 2598.7300, 2444.7600, 763.6500, 17.6881
2025-11-28 03:47:58, 0.0289429094, 0.0236320276, 0.0423204528, 0.0557225999, 2945.3500, 2845.1000, 759.4650, 19.6512
2025-11-28 03:48:03, 0.0303364758, 0.0258824589, 0.0606225911, 0.0456367654, 2852.1818, 2700.9242, 759.5000, 17.4422
2025-11-28 03:48:09, 0.0262896316, 0.0263028779, 0.0666105246, 0.0557848598, 2885.1270, 2736.5873, 759.4900, 17.3712
2025-11-28 03:48:15, 0.0262287668, 0.0218104526, 0.0627815629, 0.0554563844, 2845.7612, 2622.6269, 755.1050, 18.0761
2025-11-28 03:48:21, 0.0365451934, 0.0253283164, 0.0642277905, 0.0466531416, 2874.2131, 2626.6393, 757.3750, 18.7575
2025-11-28 03:48:27, 0.0372595580, 0.0216333255, 0.0832233320, 0.0623403604, 2991.1571, 2838.8000, 754.5400, 17.4771
2025-11-28 03:48:32, 0.0345731422, 0.0233590059, 0.0526545110, 0.0467149227, 2825.5312, 2652.4844, 755.5350, 17.5336
2025-11-28 03:48:38, 0.0447513640, 0.0274290307, 0.0644943421, 0.0649328870, 3003.2973, 2853.1081, 756.1400, 17.9814
2025-11-28 03:48:44, 0.0353246954, 0.0260308066, 0.0481546997, 0.0603762567, 2886.8493, 2753.5342, 758.4500, 19.4288
2025-11-28 03:48:50, 0.0283949905, 0.0250185453, 0.0498585164, 0.0564613456, 2881.9324, 2722.0946, 757.4550, 19.8333
2025-11-28 03:48:55, 0.0246825211, 0.0224316771, 0.0538136937, 0.0414700437, 2898.4762, 2699.2381, 757.2600, 19.1111
2025-11-28 03:49:01, 0.0375514810, 0.0270427314, 0.0879156100, 0.0696076027, 2779.2188, 2845.5938, 758.7950, 18.6149
2025-11-28 03:49:07, 0.0326951596, 0.0279344568, 0.0556913516, 0.0597764715, 3009.9655, 2895.5517, 756.6950, 17.9073
2025-11-28 03:49:12, 0.0351332766, 0.0262224445, 0.0738343877, 0.0593145835, 2861.7015, 2710.9104, 762.8300, 19.4795
2025-11-28 03:49:19, 0.0344071379, 0.0301766514, 0.0354444144, 0.0382352350, 2776.5152, 2673.4091, 760.9000, 17.6955
2025-11-28 03:49:24, 0.0295016988, 0.0216513139, 0.0534829110, 0.0380323967, 2828.0411, 2654.0548, 756.4500, 17.6243
2025-11-28 03:49:30, 0.0243802073, 0.0219125540, 0.0634753061, 0.0348357614, 2829.9589, 2549.1233, 760.2900, 18.1828
2025-11-28 03:49:36, 0.0224405917, 0.0199577755, 0.0633176593, 0.0534825544, 2800.5556, 2497.4321, 758.2200, 17.5132
2025-11-28 03:49:41, 0.0238032341, 0.0224730654, 0.0501407217, 0.0421655629, 2886.3867, 2571.7200, 757.0400, 19.3522
2025-11-28 03:49:47, 0.0172977475, 0.0165698072, 0.0509387058, 0.0421522862, 2721.9121, 2515.2747, 757.8950, 19.0072
2025-11-28 03:49:53, 0.0298616912, 0.0236132547, 0.0603538072, 0.0532153222, 3088.8286, 2703.1286, 756.4300, 18.1156
2025-11-28 03:49:59, 0.0255040410, 0.0221859003, 0.0725313657, 0.0528875741, 3063.2055, 2676.4110, 756.5500, 19.0055
2025-11-28 03:50:04, 0.0205926023, 0.0160001029, 0.0772347942, 0.0631743231, 2850.5270, 2556.8919, 755.5950, 16.3912
2025-11-28 03:50:10, 0.0157346498, 0.0119123548, 0.0598460736, 0.0375638834, 2521.8876, 2392.1236, 757.6900, 16.1150
2025-11-28 03:50:16, 0.0076982130, 0.0129894060, 0.0847603577, 0.0738424142, 2592.5172, 2374.3678, 757.2300, 16.2498
2025-11-28 03:50:21, 0.0064549386, 0.0112287987, 0.0665851004, 0.0870398938, 2470.5865, 2302.7596, 754.3350, 17.6678
2025-11-28 03:50:27, 0.0043134166, 0.0087797135, 0.0624169287, 0.0627734944, 2176.2562, 2071.3140, 760.4150, 17.9252
2025-11-28 03:50:33, 0.0054743463, 0.0090950474, 0.0741682470, 0.0521827519, 2365.6768, 2113.3636, 757.6150, 17.4930
2025-11-28 03:50:39, 0.0077578224, 0.0112493857, 0.0866853104, 0.0510764921, 2717.5362, 2497.9130, 756.1200, 16.3755
2025-11-28 03:50:44, 0.0124145525, 0.0155865815, 0.0750038107, 0.0537787406, 2698.6628, 2389.0233, 759.8300, 18.2976
2025-11-28 03:50:50, 0.0228046648, 0.0175921059, 0.0644688193, 0.0540262041, 2936.1772, 2556.7975, 757.1250, 20.3556
2025-11-28 03:50:56, 0.0252884175, 0.0200174319, 0.0626988722, 0.0647845241, 2875.6849, 2563.8630, 757.6750, 19.2002
2025-11-28 03:51:02, 0.0323729116, 0.0276768032, 0.0867729510, 0.0686376262, 2854.4000, 2700.1333, 756.6300, 18.3838
2025-11-28 03:51:07, 0.0134317039, 0.0188754645, 0.0798028238, 0.0496431364, 3006.2338, 2757.1039, 759.9300, 18.7463
2025-11-28 03:51:13, 0.0120959980, 0.0169732825, 0.0591659363, 0.0689916284, 2755.8767, 2545.3425, 747.7250, 18.1551
2025-11-28 03:51:19, 0.0204598174, 0.0183451447, 0.0838507508, 0.0649735566, 2877.5156, 2626.6250, 757.6400, 18.9563
2025-11-28 03:51:25, 0.0232411414, 0.0205764624, 0.0597770623, 0.0647426132, 2779.4000, 2530.6133, 750.8800, 17.6620
2025-11-28 03:51:32, 0.0049517359, 0.0106156365, 0.1056734996, 0.0749304443, 2543.3500, 2335.7500, 749.6750, 17.8132
2025-11-28 03:51:37, 0.0306901040, 0.0215070084, 0.0731422060, 0.0529206529, 2830.8158, 2575.6579, 749.7350, 18.6318
2025-11-28 03:51:43, 0.0352729147, 0.0215821349, 0.0458729104, 0.0643367416, 2817.9697, 2832.3485, 752.9700, 17.0675
2025-11-28 03:51:49, 0.0135100375, 0.0143235746, 0.0760793678, 0.0688788894, 2739.8072, 2450.7108, 750.0700, 17.5384
2025-11-28 03:51:54, 0.0088340019, 0.0104774384, 0.0783084097, 0.0508724985, 2575.9898, 2331.4592, 748.4900, 17.2650
2025-11-28 03:52:00, 0.0164930446, 0.0145544386, 0.0843099352, 0.0706179864, 2677.5882, 2446.6118, 750.9250, 17.2374
2025-11-28 03:52:06, 0.0215275819, 0.0150681938, 0.0945063290, 0.0732391218, 2735.2289, 2536.5542, 751.9000, 17.3396
2025-11-28 03:52:12, 0.0110421664, 0.0145755001, 0.0736991936, 0.0741453620, 2736.5429, 2654.5857, 752.8700, 18.1144
2025-11-28 03:52:18, 0.0227417655, 0.0185180659, 0.0876458811, 0.0726832544, 2746.2405, 2582.8481, 751.1800, 19.8693
2025-11-28 03:52:23, 0.0213481847, 0.0183200191, 0.0431464690, 0.0558507439, 2599.6133, 2498.3600, 752.4150, 17.6392
2025-11-28 03:52:29, 0.0295503758, 0.0219862204, 0.0833267604, 0.0595264463, 2773.3286, 2533.4000, 760.4750, 17.9644
2025-11-28 03:52:35, 0.0168293507, 0.0180378404, 0.0712908741, 0.0597238725, 2625.3443, 2425.1967, 761.1150, 19.2573
2025-11-28 03:52:41, 0.0225209899, 0.0181498666, 0.0917584720, 0.0740059228, 2860.6753, 2498.6364, 760.0650, 18.5669
2025-11-28 03:52:46, 0.0325291457, 0.0221292115, 0.0525570369, 0.0624391453, 2558.7183, 2616.1831, 759.8250, 19.6775
2025-11-28 03:52:52, 0.0247881242, 0.0193815916, 0.0848924377, 0.0985002993, 2761.2400, 2608.5333, 758.7500, 19.7405
2025-11-28 03:52:58, 0.0271010187, 0.0170369425, 0.1256660164, 0.1159309084, 2793.8448, 2735.6724, 760.2500, 19.0446
2025-11-28 03:53:03, 0.0295929291, 0.0182468150, 0.0650084232, 0.0611986019, 2723.9091, 2612.5195, 760.5250, 19.0089
2025-11-28 03:53:09, 0.0282057097, 0.0214353159, 0.0736548072, 0.0603454549, 2755.9863, 2614.0411, 756.9800, 19.3098
2025-11-28 03:53:15, 0.0142250520, 0.0254985522, 0.0893464304, 0.0624025416, 2795.1098, 2578.5122, 758.4250, 18.9263
2025-11-28 03:53:20, 0.0216320149, 0.0192118816, 0.0906184972, 0.0837424322, 3015.5775, 2857.3662, 759.9950, 19.2968
2025-11-28 03:53:26, 0.0261893571, 0.0248322895, 0.0630221499, 0.0368724948, 2835.2429, 2484.4000, 758.3350, 19.0912
2025-11-28 03:53:32, 0.0290887209, 0.0210600980, 0.0692150015, 0.0734713127, 2929.3662, 2716.0986, 758.5500, 18.4130
2025-11-28 03:53:38, 0.0243757285, 0.0159539454, 0.0546514451, 0.0509662606, 2819.4706, 2713.2941, 757.0850, 18.3027
2025-11-28 03:53:44, 0.0257804362, 0.0200801041, 0.0579754768, 0.0704555558, 2736.0541, 2706.9324, 758.7950, 18.1089
2025-11-28 03:53:50, 0.0240833144, 0.0162432324, 0.1181205460, 0.0843843627, 2749.9130, 2460.9565, 758.2900, 17.9979
2025-11-28 03:53:56, 0.0234891831, 0.0214106713, 0.0841091437, 0.0837566592, 2650.7705, 2521.3115, 758.1350, 18.7357
2025-11-28 03:54:01, 0.0321769726, 0.0176251581, 0.0836148632, 0.0542181011, 2849.0492, 2541.8197, 757.0050, 17.3872
2025-11-28 03:54:07, 0.0215269078, 0.0201248388, 0.0905673622, 0.0751282007, 2807.6197, 2613.0000, 758.1650, 20.1620
2025-11-28 03:54:13, 0.0236211441, 0.0168697429, 0.1310508279, 0.1016953881, 2926.6061, 2772.6667, 762.5050, 18.0081
2025-11-28 03:54:18, 0.0244119263, 0.0173559462, 0.0921866796, 0.0727614745, 2648.8028, 2545.5493, 757.9500, 19.1120
2025-11-28 03:54:24, 0.0045119121, 0.0074937538, 0.1325548990, 0.1178844950, 2329.5955, 2209.9438, 760.4850, 18.8865
2025-11-28 03:54:30, 0.0095582269, 0.0099433338, 0.1021671289, 0.0768570950, 2532.1556, 2324.5333, 756.2850, 17.7331
2025-11-28 03:54:35, 0.0122720365, 0.0156506304, 0.0868916176, 0.0827001817, 2724.9878, 2497.2805, 762.7700, 18.9047
2025-11-28 03:54:41, 0.0300798003, 0.0291329557, 0.1039472489, 0.1365647878, 2702.7667, 2701.5167, 754.5550, 19.1647
2025-11-28 03:54:47, 0.0207728976, 0.0178271398, 0.0540075435, 0.0784328689, 2632.7222, 2555.0417, 760.1100, 18.3010
2025-11-28 03:54:53, 0.0178987661, 0.0143413106, 0.1215630609, 0.1291879617, 2577.2468, 2510.7013, 753.4250, 19.8132
2025-11-28 03:54:59, 0.0073075401, 0.0090409837, 0.1100756668, 0.0942634243, 2538.4811, 2413.3208, 763.8750, 18.6395
2025-11-28 03:55:05, 0.0099132770, 0.0109286912, 0.1060384987, 0.0850312963, 2554.4634, 2436.8780, 753.6300, 19.9084
2025-11-28 03:55:10, 0.0213329556, 0.0157487453, 0.1081180539, 0.0865050555, 2588.5375, 2464.2000, 759.3000, 17.9193
2025-11-28 03:55:16, 0.0248425232, 0.0225822394, 0.0890134301, 0.1340538435, 2518.5493, 2537.3944, 757.5050, 19.7512
2025-11-28 03:55:22, 0.0149574767, 0.0169621366, 0.0801047087, 0.0738986626, 2651.8182, 2506.6494, 758.1300, 20.0408
2025-11-28 03:55:27, 0.0126548618, 0.0133360149, 0.0812552733, 0.0776898264, 2530.3875, 2444.0625, 760.1650, 19.4589
2025-11-28 03:55:33, 0.0159572061, 0.0154671547, 0.0702185129, 0.0892736696, 2702.2338, 2551.1688, 760.5550, 17.9771
2025-11-28 03:55:39, 0.0238207930, 0.0156640900, 0.0749204438, 0.0832262240, 2677.3243, 2641.2162, 761.0100, 20.6119
2025-11-28 03:55:45, 0.0098161529, 0.0134282739, 0.1336550291, 0.0845441705, 2614.3804, 2393.0326, 757.6700, 18.8045
2025-11-28 03:55:50, 0.0269639660, 0.0148461073, 0.0799087029, 0.0654500847, 2743.8413, 2559.3968, 758.7500, 19.5212
2025-11-28 03:55:56, 0.0146157022, 0.0113259227, 0.0830569117, 0.1219849200, 2571.6197, 2392.5493, 758.4050, 19.6759
2025-11-28 03:56:02, 0.0122297209, 0.0129732159, 0.1129326970, 0.0844804067, 2614.0000, 2457.1905, 759.2850, 18.4855
2025-11-28 03:56:08, 0.0152727862, 0.0104775775, 0.0861121304, 0.0823391164, 2538.9103, 2466.6795, 757.0200, 16.7627
2025-11-28 03:56:13, 0.0087054206, 0.0099560207, 0.0956622234, 0.0851929466, 2552.7935, 2348.7717, 755.8900, 16.9274
2025-11-28 03:56:19, 0.0116546581, 0.0125615438, 0.0914770531, 0.0892570462, 2576.0941, 2350.5294, 757.6100, 17.9128
2025-11-28 03:56:25, 0.0157631203, 0.0140227140, 0.0876151941, 0.0747468407, 2769.3855, 2564.4819, 757.2350, 18.2135
2025-11-28 03:56:30, 0.0097206581, 0.0144152886, 0.0686624558, 0.1104268619, 2479.5055, 2392.7582, 758.1400, 17.5491
2025-11-28 03:56:36, 0.0286216960, 0.0198373008, 0.1128681568, 0.0725026631, 2941.8730, 2780.2063, 758.7400, 16.9692
2025-11-28 03:56:42, 0.0268958539, 0.0173398652, 0.1098872085, 0.0891169493, 2902.1467, 2687.9733, 758.0600, 19.1579
2025-11-28 03:56:48, 0.0271241423, 0.0196074984, 0.0755619714, 0.0826616961, 2598.6232, 2416.7826, 761.2100, 18.2205
2025-11-28 03:56:53, 0.0266354398, 0.0206829657, 0.0570916374, 0.0544678035, 3010.3548, 2782.2742, 758.1850, 18.9995
2025-11-28 03:56:59, 0.0299284337, 0.0258825304, 0.0880430238, 0.0654675466, 2807.7937, 2730.0635, 756.2100, 19.2641
2025-11-28 03:57:05, 0.0279838635, 0.0216937893, 0.1157031970, 0.0596026064, 2844.9756, 2644.6707, 760.9550, 19.0240
2025-11-28 03:57:10, 0.0233101877, 0.0176946479, 0.0854239729, 0.0929322060, 2864.9571, 2641.8429, 763.3250, 18.8361
2025-11-28 03:57:16, 0.0186841256, 0.0164405887, 0.0721762221, 0.0556955913, 2625.3902, 2556.1463, 761.5850, 19.3399
2025-11-28 03:57:22, 0.0207709185, 0.0151064155, 0.0813927904, 0.0919277979, 2730.2125, 2626.7750, 758.6350, 18.3516
2025-11-28 03:57:27, 0.0246340272, 0.0176226409, 0.0787606709, 0.0803041411, 2785.9310, 2750.0920, 763.9150, 19.1708
2025-11-28 03:57:34, 0.0256461294, 0.0164090983, 0.0919301173, 0.0806992314, 2743.4762, 2612.6984, 763.5300, 19.8854
2025-11-28 03:57:39, 0.0263008767, 0.0235941567, 0.0731910975, 0.0834386818, 2692.0625, 2583.5938, 757.3700, 18.9360
2025-11-28 03:57:45, 0.0229139544, 0.0226374128, 0.0428700293, 0.0516526340, 2654.6061, 2616.3333, 761.4450, 18.5902
2025-11-28 03:57:51, 0.0270811697, 0.0251478264, 0.0578044886, 0.0469141226, 2762.6000, 2667.5167, 762.1400, 20.5572
2025-11-28 03:57:57, 0.0372450262, 0.0298683026, 0.0603418011, 0.0637956037, 2932.7759, 2847.6034, 760.0400, 18.8549
2025-11-28 03:58:02, 0.0319764058, 0.0360723984, 0.0599309620, 0.0587574558, 2751.2787, 2697.7213, 764.4200, 20.0951
2025-11-28 03:58:08, 0.0270269275, 0.0242905478, 0.0580382170, 0.0605975475, 2847.9062, 2725.5156, 763.0050, 17.8431
2025-11-28 03:58:14, 0.0213054054, 0.0189878912, 0.1281659630, 0.0821211543, 2792.3472, 2407.7778, 760.2050, 18.6872
2025-11-28 03:58:20, 0.0229527501, 0.0183696105, 0.0725623098, 0.0855822139, 2846.0676, 2769.0541, 762.0600, 20.1404
2025-11-28 03:58:25, 0.0249723550, 0.0216155068, 0.0571269886, 0.0573542294, 2743.2078, 2638.8182, 765.7100, 19.6714
2025-11-28 03:58:31, 0.0230326008, 0.0183291024, 0.0506299299, 0.0490330035, 2689.4875, 2449.8625, 763.7150, 18.8492
2025-11-28 03:58:37, 0.0202991486, 0.0172847445, 0.0808085269, 0.0690710752, 2720.5641, 2540.2821, 767.7300, 18.4040
2025-11-28 03:58:43, 0.0386526741, 0.0280648917, 0.0872227364, 0.0544696867, 2840.2373, 2659.2881, 764.9400, 19.6257
2025-11-28 03:58:49, 0.0211707331, 0.0208346302, 0.0567579916, 0.0522337371, 2728.4776, 2445.2985, 764.9650, 18.4971
2025-11-28 03:58:55, 0.0203156503, 0.0189053999, 0.0597434301, 0.0788544788, 2979.6145, 2823.0602, 766.2300, 19.1684
2025-11-28 03:59:00, 0.0134077648, 0.0159228202, 0.0819956059, 0.0789558335, 2907.2500, 2692.9861, 764.5750, 18.8102
2025-11-28 03:59:06, 0.0237329839, 0.0203783198, 0.0537758432, 0.0495721354, 2913.4878, 2641.7439, 765.0550, 22.7900
2025-11-28 03:59:12, 0.0199389430, 0.0183593437, 0.0480074495, 0.0584417911, 2841.5926, 2722.7654, 771.2300, 20.5589
2025-11-28 03:59:18, 0.0231585342, 0.0174268105, 0.0685663897, 0.0427122268, 2767.2381, 2507.1548, 767.0350, 19.1019
2025-11-28 03:59:23, 0.0196673569, 0.0155682013, 0.0525056979, 0.0653006588, 2643.9231, 2617.9560, 766.7700, 21.1888
2025-11-28 03:59:29, 0.0178091479, 0.0249169886, 0.0754244714, 0.0539341401, 2886.1733, 2619.6400, 771.9800, 19.3153
2025-11-28 03:59:35, 0.0297282701, 0.0288562206, 0.0917458951, 0.0740411188, 2857.1500, 2675.9667, 766.4150, 19.3060
2025-11-28 03:59:41, 0.0270513046, 0.0254689430, 0.0484585854, 0.0426894697, 2993.5775, 2767.9155, 769.4350, 20.1741
2025-11-28 03:59:47, 0.0231197131, 0.0257213821, 0.0722234484, 0.0538362674, 2734.7763, 2653.2237, 770.9900, 19.9110
2025-11-28 03:59:52, 0.0337364322, 0.0282041033, 0.0528610488, 0.0542234275, 2767.3889, 2573.4583, 768.9150, 21.4499
2025-11-28 03:59:58, 0.0275093900, 0.0242145871, 0.0537763827, 0.0561548122, 2873.0000, 2563.0769, 769.8100, 19.0736
2025-11-28 04:00:04, 0.0269493049, 0.0231746730, 0.0480795987, 0.0391899307, 2899.4535, 2575.3721, 770.2000, 18.4171
2025-11-28 04:00:09, 0.0344114454, 0.0252387100, 0.0332012628, 0.0356696557, 3002.8594, 2762.8438, 758.9100, 18.8895
2025-11-28 04:00:16, 0.0273800608, 0.0231550355, 0.0606998567, 0.0644223311, 2870.7831, 2655.9157, 760.5850, 19.9488
2025-11-28 04:00:21, 0.0309223750, 0.0370796507, 0.0385896248, 0.0328202339, 2982.6964, 2693.5714, 769.0400, 19.4776
2025-11-28 04:00:27, 0.0345807895, 0.0272593496, 0.0589429662, 0.0651543776, 2959.1111, 2766.8765, 761.3000, 19.1539
2025-11-28 04:00:33, 0.0346908127, 0.0238417617, 0.0547589014, 0.0530759647, 2921.8082, 2730.2192, 761.5350, 18.7750
2025-11-28 04:00:38, 0.0201025917, 0.0168267262, 0.0603765650, 0.0494197640, 2849.1750, 2515.7250, 761.3700, 17.9731
2025-11-28 04:00:44, 0.0284685821, 0.0245308900, 0.0582167055, 0.0569384309, 2950.2368, 2542.3289, 763.5150, 18.7909
2025-11-28 04:00:50, 0.0255618683, 0.0214503827, 0.0398417639, 0.0585220322, 2871.2958, 2756.4507, 760.4350, 15.9080
2025-11-28 04:00:56, 0.0302429384, 0.0266200568, 0.0713203904, 0.0676669094, 2948.8974, 2711.9231, 761.0850, 18.4542
2025-11-28 04:01:02, 0.0416924241, 0.0294809439, 0.0602411952, 0.0694373667, 2787.3333, 2687.0725, 762.9000, 17.0921
2025-11-28 04:01:07, 0.0344936322, 0.0287139538, 0.0444983773, 0.0487705985, 2841.9828, 2692.2931, 761.9800, 18.0970
2025-11-28 04:01:13, 0.0255782354, 0.0167830433, 0.0522746420, 0.0463344398, 2895.1348, 2628.9101, 760.0400, 20.0606
2025-11-28 04:01:19, 0.0191238575, 0.0148041900, 0.0589564922, 0.0459285035, 2663.7703, 2374.9459, 760.4450, 17.9996
2025-11-28 04:01:25, 0.0226456711, 0.0205391565, 0.0750412773, 0.0615969625, 2774.5600, 2603.3067, 759.6500, 16.7251
2025-11-28 04:01:31, 0.0267418448, 0.0236276444, 0.0480899095, 0.0552495745, 2860.2535, 2520.8592, 762.1200, 15.8154
2025-11-28 04:01:36, 0.0127947855, 0.0148455440, 0.1178679655, 0.1195583483, 2764.0135, 2570.1351, 751.0750, 16.9349
2025-11-28 04:01:42, 0.0158762403, 0.0133933293, 0.0894745815, 0.0772970132, 2624.3333, 2460.3704, 762.1250, 19.3977
2025-11-28 04:01:48, 0.0127757604, 0.0144532481, 0.0742588365, 0.0815251190, 2849.3377, 2719.1558, 760.9600, 17.1397
2025-11-28 04:01:54, 0.0212884023, 0.0189401693, 0.0763628932, 0.0886085177, 2695.6951, 2506.6951, 749.6800, 18.4339
2025-11-28 04:02:00, 0.0354963762, 0.0316785523, 0.0573406072, 0.0496881940, 2966.7738, 2804.7619, 750.0550, 18.3797
2025-11-28 04:02:06, 0.0694520431, 0.0523208486, 0.0316088122, 0.0414992685, 2727.7049, 2722.8033, 750.4300, 19.8249
2025-11-28 04:02:11, 0.0881098350, 0.0520188222, 0.0501123099, 0.0454992420, 2820.8929, 2766.3929, 749.9800, 16.3236
2025-11-28 04:02:17, 0.0658821705, 0.0520239531, 0.0387178021, 0.0447082800, 2979.5424, 2972.7797, 751.7650, 19.9163
2025-11-28 04:02:23, 0.0615190280, 0.0706450151, 0.0787614152, 0.0622311973, 2894.3621, 2862.7069, 751.2100, 18.5547
2025-11-28 04:02:28, 0.0680552153, 0.0625222818, 0.0537994342, 0.0469010336, 2831.6406, 2668.8438, 753.5850, 20.8106
2025-11-28 04:02:34, 0.0438924238, 0.0331040312, 0.0426746246, 0.0476149875, 2900.1639, 2841.4098, 749.0000, 19.1024
2025-11-28 04:02:40, 0.0283757507, 0.0282110427, 0.0685279143, 0.0617970046, 2775.7458, 2596.3220, 749.5100, 18.8815
2025-11-28 04:02:45, 0.0420835690, 0.0430710129, 0.0661366543, 0.0767599293, 3040.8197, 2839.5246, 748.8350, 18.8589
2025-11-28 04:02:52, 0.0309397789, 0.0339466968, 0.0767652214, 0.0728825088, 2935.0000, 2852.9841, 748.9850, 16.8088
2025-11-28 04:02:57, 0.0465855238, 0.0458528467, 0.0715532531, 0.0581198142, 2618.2941, 2564.4706, 750.6850, 19.2139
2025-11-28 04:03:03, 0.0505876005, 0.0479279132, 0.0726203933, 0.0477208158, 2845.8667, 2888.7667, 748.8800, 18.0373
2025-11-28 04:03:09, 0.0282112322, 0.0267304767, 0.0829118634, 0.0754189022, 3056.4706, 2874.4559, 749.9700, 19.7203
2025-11-28 04:03:15, 0.0294812107, 0.0216281942, 0.1081645217, 0.0570246808, 2610.6901, 2467.8169, 751.2200, 15.4399
2025-11-28 04:03:20, 0.0275100668, 0.0204821816, 0.0734966075, 0.0790743090, 2635.6234, 2430.1948, 751.0600, 17.8030
2025-11-28 04:03:26, 0.0223792679, 0.0203690302, 0.0883144258, 0.1204233827, 3083.4353, 2839.5176, 750.9500, 17.9259
2025-11-28 04:03:32, 0.0239195345, 0.0192086433, 0.0981336793, 0.0623427258, 2935.5882, 2646.9853, 750.9300, 18.7258
2025-11-28 04:03:37, 0.0242624971, 0.0240015219, 0.0690594800, 0.0985149797, 2774.6786, 2684.8393, 758.3600, 18.3902
2025-11-28 04:03:43, 0.0310966602, 0.0229429049, 0.0734604780, 0.0704958873, 2984.3333, 2734.2222, 752.1450, 19.7748
2025-11-28 04:03:49, 0.0317080675, 0.0205220144, 0.1017905416, 0.0730111311, 3021.0676, 2833.2838, 750.0900, 16.9461
2025-11-28 04:03:55, 0.0276916865, 0.0209662493, 0.1118803806, 0.1207255240, 2670.9259, 2627.4815, 750.1400, 19.8998
2025-11-28 04:04:01, 0.0262276984, 0.0218176086, 0.0896629477, 0.0510932297, 2849.8551, 2670.0290, 758.1500, 15.7514
2025-11-28 04:04:06, 0.0245827615, 0.0204497390, 0.0505089757, 0.0679189872, 2895.5217, 2689.7391, 758.5700, 16.8132
2025-11-28 04:04:12, 0.0392294908, 0.0277971975, 0.0389090237, 0.0569130809, 2934.4800, 2936.4933, 758.3850, 17.7735
2025-11-28 04:04:18, 0.0246355723, 0.0279811754, 0.0768987283, 0.0550014038, 2774.4918, 2601.0984, 757.4650, 18.9668
2025-11-28 04:04:24, 0.0391485506, 0.0316975923, 0.0631697587, 0.0648594283, 2919.8310, 2764.5211, 760.5300, 17.9287
2025-11-28 04:04:29, 0.0294371422, 0.0302500439, 0.0572214469, 0.0576481329, 2950.5614, 2888.8947, 758.0400, 18.5986
2025-11-28 04:04:35, 0.0228270271, 0.0207115971, 0.0845855875, 0.0612260342, 2871.0476, 2641.1429, 759.1450, 18.7009
2025-11-28 04:04:41, 0.0479749109, 0.0457216716, 0.0502026931, 0.0428514598, 2844.7800, 2689.7000, 762.6650, 20.2228
2025-11-28 04:04:46, 0.0425543058, 0.0356260685, 0.0513016045, 0.0463270721, 2842.7344, 2630.6875, 758.4200, 20.2409
2025-11-28 04:04:52, 0.0413428190, 0.0342321056, 0.0675122863, 0.0574179891, 2693.3846, 2634.5846, 760.8950, 17.3039
2025-11-28 04:04:58, 0.0515213652, 0.0327540458, 0.1056104775, 0.1370578352, 2762.1915, 2830.6809, 761.5600, 17.7135
2025-11-28 04:05:04, 0.0432284625, 0.0372508346, 0.0485632314, 0.0473807569, 2802.1538, 2786.0000, 763.5550, 18.7893
2025-11-28 04:05:09, 0.0360688804, 0.0300961964, 0.1028560611, 0.0741633374, 2953.6727, 2883.2000, 759.0550, 18.8110
2025-11-28 04:05:15, 0.0423394416, 0.0449000579, 0.0660205336, 0.0599431495, 3012.9444, 2831.0926, 759.2050, 19.1941
2025-11-28 04:05:21, 0.0721644183, 0.0663809478, 0.0809583414, 0.0795715898, 2781.1698, 2791.5472, 762.2400, 20.1517
2025-11-28 04:05:27, 0.0518183709, 0.0391862327, 0.0716574149, 0.0656970718, 2882.4386, 2894.3684, 760.9800, 18.0247
2025-11-28 04:05:32, 0.0509354542, 0.0477718592, 0.0826283721, 0.0650921238, 2897.6667, 2877.1167, 760.6100, 19.6478
2025-11-28 04:05:38, 0.0471795622, 0.0605224169, 0.0585394876, 0.0663507425, 2921.4677, 2893.2742, 760.8600, 17.3303
2025-11-28 04:05:44, 0.0667646115, 0.0557100597, 0.1385934659, 0.0765164172, 2814.0370, 2814.3333, 760.8650, 17.8890
2025-11-28 04:05:50, 0.0474916539, 0.0445271842, 0.1049095793, 0.0922074671, 2896.4706, 2949.3137, 758.7200, 17.5887
2025-11-28 04:05:55, 0.0448896895, 0.0298193775, 0.0940117483, 0.1359719639, 2540.7174, 2618.6522, 762.8550, 19.9029
2025-11-28 04:06:01, 0.0490637202, 0.0413937244, 0.0963940439, 0.1121472511, 2745.1277, 2780.7234, 760.7450, 18.7315
2025-11-28 04:06:07, 0.0414676485, 0.0314755204, 0.1175102689, 0.1004629156, 2864.0652, 2822.3913, 761.0800, 19.3787
2025-11-28 04:06:13, 0.0371871901, 0.0410140692, 0.1643913944, 0.2091793895, 2586.3182, 2676.7955, 760.2950, 19.4406
2025-11-28 04:06:18, 0.0418666271, 0.0296942383, 0.1083216391, 0.1620571032, 2664.2037, 2759.6852, 763.8650, 19.1788
2025-11-28 04:06:24, 0.0440411733, 0.0232782038, 0.1411214912, 0.1364370641, 2602.1042, 2532.0625, 764.5700, 19.0214
2025-11-28 04:06:30, 0.0337194827, 0.0284908105, 0.0975271439, 0.0971208844, 2888.4909, 2724.2909, 764.2000, 18.6231
2025-11-28 04:06:36, 0.0417057191, 0.0250046934, 0.1406273334, 0.1633189617, 2830.9524, 2811.9048, 759.7950, 18.2883
2025-11-28 04:06:42, 0.0532225878, 0.0331081120, 0.0871589221, 0.0940009532, 2807.3333, 2861.3889, 762.3950, 18.2515
2025-11-28 04:06:48, 0.0310987557, 0.0275550143, 0.1387013184, 0.0967534020, 2641.0476, 2614.1111, 754.1350, 17.1906
2025-11-28 04:06:53, 0.0306387368, 0.0274931662, 0.1356863676, 0.1280532717, 2890.4035, 2770.1930, 763.8000, 17.8309
2025-11-28 04:06:59, 0.0355452519, 0.0289448166, 0.1161912259, 0.1199662066, 2847.2982, 2662.7193, 759.5800, 18.9339
2025-11-28 04:07:05, 0.0413842127, 0.0352470396, 0.1365530025, 0.0838096467, 2883.1552, 2792.3448, 754.9650, 19.9961
2025-11-28 04:07:10, 0.0364477963, 0.0363353114, 0.1043954193, 0.1098253551, 2811.7903, 2766.9355, 762.7650, 21.2452
2025-11-28 04:07:16, 0.0321551621, 0.0196461206, 0.1408222029, 0.1048806261, 2851.6875, 2754.7031, 761.0000, 19.0767
2025-11-28 04:07:22, 0.0590739822, 0.0389298365, 0.1115802505, 0.1125971791, 2833.2857, 2759.6786, 758.1900, 19.3983
2025-11-28 04:07:28, 0.0490198430, 0.0447214193, 0.0808044437, 0.0904679192, 2763.3261, 2749.6957, 754.7650, 18.0513
2025-11-28 04:07:33, 0.0334287156, 0.0349664654, 0.0936821628, 0.0917437870, 2929.9836, 2738.2459, 753.3350, 19.3154
2025-11-28 04:07:39, 0.0362982151, 0.0247682764, 0.0942171382, 0.0956179852, 2642.4107, 2641.9821, 753.1050, 20.1887
2025-11-28 04:07:45, 0.0241468633, 0.0185234955, 0.1113385776, 0.1006346425, 2960.1324, 2679.0588, 752.4700, 19.1825
2025-11-28 04:07:50, 0.0233127538, 0.0244576707, 0.1396948006, 0.1298750067, 2686.5593, 2719.0169, 753.8050, 20.4450
2025-11-28 04:07:56, 0.0330160450, 0.0226076898, 0.1231910730, 0.0992406757, 2760.6735, 2598.5306, 752.1250, 20.4286
2025-11-28 04:08:02, 0.0303142833, 0.0254654155, 0.1074436842, 0.0932566466, 2772.0667, 2594.3500, 750.2800, 19.2066
2025-11-28 04:08:07, 0.0264186281, 0.0269314970, 0.1326517846, 0.0917886401, 2816.7273, 2656.1273, 753.6300, 19.1618
2025-11-28 04:08:13, 0.0258155614, 0.0230197130, 0.0793537862, 0.0901355456, 2916.4062, 2820.4375, 753.7100, 18.8498
2025-11-28 04:08:19, 0.0352987259, 0.0304881383, 0.1722389538, 0.0813942170, 2663.6111, 2568.2778, 753.8550, 18.1533
2025-11-28 04:08:25, 0.0908823731, 0.0796743764, 0.0781205409, 0.0805571177, 3042.2955, 3158.1364, 753.0050, 19.0096
2025-11-28 04:08:30, 0.0881890867, 0.0751653391, 0.1460605371, 0.1361054784, 2589.7045, 2671.6818, 752.1850, 18.0638
2025-11-28 04:08:36, 0.0797125845, 0.0948664492, 0.1461683118, 0.1172462792, 2625.6818, 2654.5227, 759.0500, 18.1920
2025-11-28 04:08:42, 0.0895663803, 0.0754389564, 0.1335799172, 0.1097976249, 2908.3061, 2905.2653, 760.1050, 18.6213
2025-11-28 04:08:48, 0.0666725636, 0.0561624565, 0.1340656786, 0.1026540683, 2484.7000, 2545.9400, 758.3150, 17.1880
2025-11-28 04:08:54, 0.0941412460, 0.0581945150, 0.0802945788, 0.0629387586, 2652.2000, 2626.2286, 757.8850, 17.3543
2025-11-28 04:08:59, 0.0496078686, 0.0400554980, 0.1098529813, 0.0816804089, 3001.4386, 2797.2982, 755.0400, 18.4279
2025-11-28 04:09:05, 0.0629953705, 0.0518888426, 0.0683507745, 0.0906644620, 2590.6087, 2502.4565, 757.9850, 17.2332
2025-11-28 04:09:10, 0.0526572806, 0.0336519646, 0.1307629112, 0.0800117924, 2875.8049, 2792.8293, 757.8100, 18.0251
2025-11-28 04:09:16, 0.0432896683, 0.0345621556, 0.1033166007, 0.1092201360, 2725.1698, 2754.1698, 760.5600, 17.6467
2025-11-28 04:09:22, 0.0527222749, 0.0443981994, 0.1286718076, 0.1664443899, 2483.4000, 2465.6545, 761.3800, 18.5142
2025-11-28 04:09:28, 0.0436314374, 0.0461956831, 0.1107169342, 0.1014950869, 2894.9643, 2894.1429, 758.9700, 17.7899
2025-11-28 04:09:33, 0.0431350982, 0.0405372190, 0.0965633272, 0.1278459178, 2720.9273, 2700.2364, 755.2300, 16.8103
2025-11-28 04:09:39, 0.0590016084, 0.0371142645, 0.1097155432, 0.1084791175, 2930.6154, 2866.7500, 758.9300, 18.2695
2025-11-28 04:09:44, 0.0505504465, 0.0480864876, 0.0796685229, 0.0800875027, 2490.3571, 2640.7619, 758.3800, 17.6577
2025-11-28 04:09:51, 0.0594074109, 0.0406219877, 0.1265632040, 0.1036566302, 2951.4600, 2828.7400, 757.2100, 18.9606
2025-11-28 04:09:56, 0.0481615037, 0.0311683399, 0.1282956309, 0.1341017280, 2335.3793, 2372.5000, 755.6950, 20.6655
2025-11-28 04:10:02, 0.0461115124, 0.0344104957, 0.1056799460, 0.0811284704, 2916.4082, 2745.0204, 758.3600, 17.1837
2025-11-28 04:10:08, 0.0468867762, 0.0357442628, 0.0886708096, 0.1046669471, 2876.0612, 2724.5102, 756.5850, 18.3465
2025-11-28 04:10:13, 0.0413318155, 0.0301204248, 0.1102440687, 0.0803253786, 2936.3333, 2886.0455, 755.4700, 18.8711
2025-11-28 04:10:19, 0.0349150276, 0.0262159721, 0.0932272616, 0.1004880273, 2717.9219, 2644.8438, 755.8450, 20.7341
2025-11-28 04:10:25, 0.0299460254, 0.0293143041, 0.0599400028, 0.1041881267, 2762.3710, 2695.3387, 754.4550, 20.6131
2025-11-28 04:10:31, 0.0216393618, 0.0195125256, 0.0619599764, 0.0598101268, 2703.4912, 2570.1579, 755.7800, 18.4117
2025-11-28 04:10:36, 0.0250597362, 0.0200206322, 0.2162512211, 0.1436160906, 2823.2537, 2637.8060, 763.8500, 21.9629
2025-11-28 04:10:42, 0.0365498913, 0.0204405786, 0.1552233535, 0.1922401048, 2811.8302, 2876.3962, 762.1850, 22.3363
2025-11-28 04:10:47, 0.0310724041, 0.0263144467, 0.0850234613, 0.0795578073, 2913.2000, 2773.9600, 760.4200, 25.0348
2025-11-28 04:10:53, 0.0263549111, 0.0163227302, 0.1101238666, 0.1287330429, 2621.5541, 2618.5946, 760.9100, 25.4900
2025-11-28 04:10:59, 0.0279771152, 0.0202737673, 0.1442805214, 0.1382128519, 2753.5079, 2583.1270, 761.9650, 21.8285
2025-11-28 04:11:04, 0.0263860152, 0.0225028952, 0.1095800082, 0.0867390654, 2933.4912, 2670.2105, 763.4400, 22.7525
2025-11-28 04:11:10, 0.0260918974, 0.0173373704, 0.0878950970, 0.1097524985, 2572.4000, 2440.7000, 766.5800, 21.4335
2025-11-28 04:11:16, 0.0216897278, 0.0194159146, 0.1350436216, 0.1060570706, 2542.5000, 2390.5000, 771.0500, 23.3364
2025-11-28 04:11:21, 0.0314676686, 0.0242493290, 0.1129033173, 0.1209870613, 2679.7761, 2517.6716, 760.1500, 20.6336
2025-11-28 04:11:27, 0.0258610818, 0.0202297578, 0.0943986545, 0.1097236389, 2738.9375, 2725.2031, 764.4900, 21.2648
2025-11-28 04:11:33, 0.0249712663, 0.0183406558, 0.1649249710, 0.1177809872, 2868.5833, 2762.2667, 765.5350, 21.5142
2025-11-28 04:11:39, 0.0234548193, 0.0198806959, 0.1077852805, 0.0923244008, 2759.8485, 2568.5152, 765.9700, 20.9425
2025-11-28 04:11:44, 0.0293676331, 0.0298752393, 0.0857836479, 0.0811238442, 2755.4648, 2693.4507, 767.3700, 21.9014
2025-11-28 04:11:50, 0.0235383437, 0.0226516211, 0.1141422432, 0.0910593531, 2815.6406, 2744.5312, 768.4950, 22.8044
2025-11-28 04:11:56, 0.0234923795, 0.0159872914, 0.1274092117, 0.1141159422, 2809.1549, 2582.8451, 766.4700, 22.3114
2025-11-28 04:12:02, 0.0254326123, 0.0188200264, 0.1272812149, 0.1038515909, 2870.0286, 2653.3429, 767.9700, 21.3621
2025-11-28 04:12:07, 0.0229943476, 0.0173360414, 0.1182909182, 0.0934782781, 2812.6364, 2639.3485, 766.1900, 22.3057
2025-11-28 04:12:13, 0.0183063304, 0.0132432389, 0.1148107164, 0.0937691262, 2651.0732, 2409.9756, 762.4900, 23.0100
2025-11-28 04:12:19, 0.0241026287, 0.0212650468, 0.1152059579, 0.1354538264, 2788.3654, 2665.2115, 764.9900, 19.7312
2025-11-28 04:12:24, 0.0260017298, 0.0162177894, 0.0811886452, 0.1035488957, 2684.0380, 2498.2152, 765.0000, 22.3439
2025-11-28 04:12:30, 0.0170248324, 0.0173958112, 0.1059569772, 0.0933524376, 2795.5417, 2477.1806, 767.3150, 23.2314
2025-11-28 04:12:36, 0.0198955756, 0.0146970350, 0.0729638473, 0.0571380452, 2611.5972, 2462.1528, 762.6300, 23.1262
2025-11-28 04:12:42, 0.0201121369, 0.0191104454, 0.0994339565, 0.1111320421, 2764.8514, 2654.9730, 761.4200, 21.8189
2025-11-28 04:12:48, 0.0108678755, 0.0142108431, 0.1101619860, 0.1064805526, 2643.6133, 2376.8400, 764.3950, 21.6115
2025-11-28 04:12:53, 0.0117257946, 0.0156213743, 0.1243245210, 0.0634689833, 2599.4375, 2453.2969, 761.1850, 20.9060
2025-11-28 04:12:59, 0.0162098454, 0.0144060787, 0.1357164972, 0.1259147103, 2756.6667, 2518.2424, 765.4200, 23.5757
2025-11-28 04:13:05, 0.0280263610, 0.0228255949, 0.1396146079, 0.1211660501, 2983.8800, 2809.0800, 765.4700, 20.7781
2025-11-28 04:13:11, 0.0222015780, 0.0174964015, 0.1431442790, 0.1595263042, 2709.6000, 2552.8545, 767.6100, 22.6008
2025-11-28 04:13:16, 0.0194505914, 0.0160662038, 0.1133680146, 0.0882189117, 2601.7231, 2387.1846, 767.8550, 22.6639
2025-11-28 04:13:22, 0.0180325095, 0.0206815285, 0.1361269495, 0.1742346728, 2599.7419, 2551.6935, 764.5450, 21.3747
2025-11-28 04:13:28, 0.0176639856, 0.0179424303, 0.1631014451, 0.1570422948, 2685.2419, 2413.8065, 761.6600, 22.2105
2025-11-28 04:13:33, 0.0212803117, 0.0201776597, 0.2650885390, 0.2156635237, 2811.3438, 2614.1094, 761.8450, 19.8724
2025-11-28 04:13:39, 0.0202306823, 0.0164866984, 0.1246750399, 0.0830342678, 2788.9038, 2591.8077, 766.1450, 22.9794
2025-11-28 04:13:45, 0.0199224083, 0.0143437799, 0.1515926586, 0.1156875706, 2715.2838, 2536.4189, 763.8000, 19.9610
2025-11-28 04:13:51, 0.0120735317, 0.0142713950, 0.1429708637, 0.1385615596, 2579.2329, 2528.1507, 760.9850, 19.0655
2025-11-28 04:13:57, 0.0110691475, 0.0119742978, 0.1124428751, 0.0945675005, 2590.1231, 2401.1077, 760.9850, 21.3311
2025-11-28 04:14:02, 0.0194902157, 0.0152126551, 0.1573593522, 0.1098638688, 2774.1096, 2552.0411, 762.7550, 19.8423
2025-11-28 04:14:08, 0.0293818274, 0.0222686059, 0.1927720530, 0.1917314083, 2616.2985, 2605.1642, 760.8350, 19.0249
2025-11-28 04:14:14, 0.0219493515, 0.0175407020, 0.1363176143, 0.1420428731, 2803.7013, 2697.9740, 757.5250, 18.7013
2025-11-28 04:14:19, 0.0121079730, 0.0188829749, 0.1485905061, 0.1711362642, 3011.4444, 2895.6190, 760.6150, 20.0386
2025-11-28 04:14:25, 0.0286518719, 0.0177227691, 0.1134051459, 0.1197488821, 2671.0476, 2648.4286, 756.1200, 19.5276
2025-11-28 04:14:31, 0.0245166487, 0.0185163917, 0.1821899877, 0.1247973566, 3221.0000, 2903.7231, 760.6000, 19.7053
2025-11-28 04:14:36, 0.0270956654, 0.0219203315, 0.1183608764, 0.1070347926, 2921.5143, 2686.2571, 759.6800, 19.3385
2025-11-28 04:14:43, 0.0250949643, 0.0187772026, 0.1124819604, 0.0736653654, 2715.4000, 2407.4909, 761.0300, 20.0711
2025-11-28 04:14:48, 0.0237717665, 0.0133898162, 0.1129394679, 0.1144019165, 2742.8551, 2609.5072, 759.4000, 21.1610
2025-11-28 04:14:54, 0.0183896112, 0.0169235236, 0.0918831434, 0.1425820708, 2804.9194, 2773.9839, 761.8750, 18.3033
2025-11-28 04:14:59, 0.0224893257, 0.0127940238, 0.1114957282, 0.1059860391, 2411.5068, 2386.5890, 751.6550, 18.7626
2025-11-28 04:15:05, 0.0226791519, 0.0168136681, 0.1756820060, 0.1063487313, 3059.0294, 2880.6029, 753.7200, 19.5763
2025-11-28 04:15:12, 0.0182477940, 0.0237316870, 0.1613004574, 0.1410569952, 2872.7619, 2660.1111, 754.7500, 18.8273
2025-11-28 04:15:17, 0.0230448400, 0.0230341899, 0.1153302959, 0.1253774855, 2733.4697, 2593.0303, 752.3400, 18.6849
2025-11-28 04:15:23, 0.0258808699, 0.0193563111, 0.1622350231, 0.1065889707, 2707.4286, 2569.3492, 754.4600, 17.3435
2025-11-28 04:15:29, 0.0243278704, 0.0186558088, 0.1197861329, 0.0858943043, 2589.9286, 2541.5714, 753.7950, 19.1505
2025-11-28 04:15:34, 0.0219594277, 0.0207407141, 0.1431429575, 0.1072488092, 2911.1250, 2524.0536, 758.1000, 20.0963
2025-11-28 04:15:40, 0.0184915434, 0.0157062424, 0.1054225627, 0.1758544525, 2468.1944, 2465.0556, 754.4200, 20.2483
2025-11-28 04:15:46, 0.0220534715, 0.0143524902, 0.1316023975, 0.1626184895, 2664.1067, 2490.2267, 754.5500, 20.4408
2025-11-28 04:15:52, 0.0108230066, 0.0149307932, 0.1039459752, 0.1160397579, 2710.6885, 2522.3607, 757.8050, 19.6224
2025-11-28 04:15:57, 0.0182953755, 0.0148105728, 0.1296880640, 0.1512666514, 2748.5417, 2561.3056, 753.5900, 19.4140
2025-11-28 04:16:03, 0.0177754156, 0.0159344628, 0.2241918003, 0.1658528029, 2699.8209, 2544.9701, 753.6200, 18.8530
2025-11-28 04:16:09, 0.0182188744, 0.0137753799, 0.1265979780, 0.1035407007, 2552.2143, 2464.3429, 754.9050, 19.4655
2025-11-28 04:16:15, 0.0184473102, 0.0184640497, 0.1179624176, 0.1293509519, 2762.4366, 2591.1408, 761.0050, 19.2420
2025-11-28 04:16:20, 0.0225010769, 0.0165545820, 0.1576554985, 0.1350208300, 2656.3731, 2477.8209, 756.9000, 21.6776
2025-11-28 04:16:26, 0.0177379581, 0.0149273984, 0.2161736424, 0.1163650405, 2981.8767, 2638.0685, 756.6950, 20.0966
2025-11-28 04:16:32, 0.0160198775, 0.0125475815, 0.1380214688, 0.1650401685, 2821.3165, 2632.4304, 759.4600, 20.7937
2025-11-28 04:16:37, 0.0172115720, 0.0108324690, 0.1711847666, 0.1667990729, 2629.8413, 2488.4603, 761.1550, 21.0813
2025-11-28 04:16:43, 0.0172214047, 0.0202811438, 0.1231976360, 0.0932119628, 2530.3333, 2330.2917, 761.0850, 20.2758
2025-11-28 04:16:49, 0.0242109920, 0.0192302595, 0.1098460932, 0.1212510740, 2451.2667, 2504.9500, 756.1350, 16.5359
2025-11-28 04:16:55, 0.0116795991, 0.0140033848, 0.2081500063, 0.1030046011, 2635.9104, 2308.8955, 760.6750, 20.0883
2025-11-28 04:17:00, 0.0203981234, 0.0192346867, 0.1902868807, 0.2407753441, 2646.9474, 2750.8070, 758.4950, 18.0663
2025-11-28 04:17:06, 0.0220207260, 0.0189139576, 0.1959206539, 0.1554996449, 2561.0588, 2515.0882, 755.9550, 20.3544
2025-11-28 04:17:12, 0.0037963559, 0.0069957781, 0.1796980680, 0.1337727560, 2334.4651, 2224.4302, 758.1800, 18.3910
2025-11-28 04:17:17, 0.0080180330, 0.0100848544, 0.1314940163, 0.1058030283, 2523.5316, 2482.5570, 755.5800, 18.7167
2025-11-28 04:17:23, 0.0118085513, 0.0138125194, 0.1343256844, 0.1142155944, 2463.4194, 2388.6237, 759.2400, 18.5990
2025-11-28 04:17:29, 0.0110919392, 0.0112299961, 0.1145433113, 0.1035742159, 2544.8125, 2449.0125, 756.1300, 17.8674
2025-11-28 04:17:35, 0.0206946418, 0.0175777859, 0.1429866790, 0.1210304683, 2780.9118, 2469.9412, 752.1700, 18.9035
2025-11-28 04:17:40, 0.0119988784, 0.0141316713, 0.1054788629, 0.1309928905, 2955.7625, 2775.3250, 755.2100, 18.0057
2025-11-28 04:17:46, 0.0114991097, 0.0131295533, 0.1119418658, 0.1456786902, 2724.0000, 2521.6049, 753.7150, 18.6985
2025-11-28 04:17:53, 0.0203934303, 0.0237923068, 0.1031397053, 0.0966057675, 2529.7857, 2460.2429, 755.0500, 19.5788
2025-11-28 04:17:59, 0.0244232122, 0.0212250516, 0.1621499687, 0.1220543528, 2720.9153, 2554.1356, 755.0800, 19.6345
2025-11-28 04:18:05, 0.0279454162, 0.0212528125, 0.1049033713, 0.0997746902, 2708.5833, 2651.6000, 753.5700, 19.5580
2025-11-28 04:18:10, 0.0255050605, 0.0195798566, 0.0989167834, 0.1046265152, 2790.0000, 2714.4667, 755.1000, 20.1524
2025-11-28 04:18:16, 0.0206756423, 0.0176083941, 0.0963975133, 0.0997779107, 2803.7460, 2686.9206, 755.8150, 20.7538
2025-11-28 04:18:22, 0.0212126662, 0.0121026414, 0.0938970516, 0.0738395596, 2729.3333, 2576.0741, 755.5250, 17.8488
2025-11-28 04:18:27, 0.0170771895, 0.0149887940, 0.1270737223, 0.1221563220, 2700.1268, 2536.0000, 758.2900, 18.4550
2025-11-28 04:18:33, 0.0141190940, 0.0121530657, 0.0864514072, 0.1062850840, 2382.0581, 2396.5698, 756.3600, 18.9726
2025-11-28 04:18:39, 0.0160140125, 0.0146807202, 0.1212020346, 0.1025098400, 2590.2877, 2327.9863, 757.7200, 19.2167
2025-11-28 04:18:44, 0.0135948516, 0.0146507266, 0.0783655073, 0.1179965388, 2473.7160, 2470.3827, 757.8950, 17.6004
2025-11-28 04:18:50, 0.0106447267, 0.0121961007, 0.0955903958, 0.1038142152, 2450.9459, 2356.4189, 759.0250, 18.4330
2025-11-28 04:18:56, 0.0086909637, 0.0126632990, 0.1844068649, 0.1588302325, 2671.8816, 2456.8158, 758.9050, 20.7250
2025-11-28 04:19:01, 0.0122138111, 0.0124756755, 0.1448253952, 0.1307004809, 2416.4286, 2350.9221, 757.1550, 16.2330
2025-11-28 04:19:07, 0.0156175008, 0.0191789427, 0.1058798644, 0.0822740313, 2440.0921, 2178.3289, 757.4700, 17.9164
2025-11-28 04:19:13, 0.0200935739, 0.0182035572, 0.1223360494, 0.1320252093, 2821.0441, 2631.8971, 757.5800, 17.4245
2025-11-28 04:19:18, 0.0101054903, 0.0150621015, 0.1149833467, 0.1351481274, 2724.4054, 2526.7027, 760.2150, 18.6147
2025-11-28 04:19:24, 0.0160524303, 0.0131540559, 0.0864147692, 0.0756049029, 2647.6429, 2512.9429, 761.3650, 19.1178
2025-11-28 04:19:30, 0.0163754596, 0.0120863200, 0.1369476056, 0.0754598874, 2395.0667, 2210.9733, 754.2900, 19.0742
2025-11-28 04:19:35, 0.0121955732, 0.0139711154, 0.1294372750, 0.1265384532, 2762.3623, 2586.9855, 754.6000, 19.6601
2025-11-28 04:19:41, 0.0180857318, 0.0157890660, 0.1281112379, 0.0887068492, 2747.0290, 2622.1159, 765.4450, 18.9388
2025-11-28 04:19:47, 0.0127020465, 0.0209603453, 0.0816308362, 0.0891208440, 2642.6528, 2514.2222, 756.5550, 18.1785
2025-11-28 04:19:52, 0.0229554034, 0.0225401861, 0.0943238984, 0.1327128011, 2748.4324, 2620.3649, 763.3700, 18.8683
2025-11-28 04:19:58, 0.0209183136, 0.0144964831, 0.0951185348, 0.1055001462, 2575.6753, 2488.7922, 763.4850, 17.1409
2025-11-28 04:20:04, 0.0123892016, 0.0153999694, 0.1353381611, 0.1384980596, 2569.1235, 2429.2222, 761.1750, 17.7275
2025-11-28 04:20:10, 0.0150754329, 0.0123707215, 0.0990766616, 0.1069797881, 2406.3333, 2220.2933, 763.0700, 18.8951
2025-11-28 04:20:16, 0.0179608317, 0.0146639335, 0.0845960463, 0.1415251468, 2588.8941, 2566.6118, 760.6850, 18.4685
2025-11-28 04:20:21, 0.0163700226, 0.0130281387, 0.0741569981, 0.0913453779, 2533.3284, 2348.5672, 760.1900, 19.5124
2025-11-28 04:20:27, 0.0148816629, 0.0165174612, 0.1912153000, 0.1490143690, 2638.2059, 2451.7794, 757.7950, 18.0356
2025-11-28 04:20:33, 0.0111556500, 0.0153194095, 0.0995686142, 0.0975563269, 2678.9367, 2493.7848, 757.3150, 19.3764
2025-11-28 04:20:39, 0.0174894558, 0.0126745138, 0.0922290583, 0.0842638749, 2602.3284, 2459.5522, 759.7650, 18.9966
2025-11-28 04:20:44, 0.0050617095, 0.0094199966, 0.1094073130, 0.0930884640, 2399.8659, 2308.0610, 758.7850, 18.1631
2025-11-28 04:20:50, 0.0096078943, 0.0116900110, 0.0846490268, 0.0760723094, 2484.5684, 2320.2947, 758.5700, 17.5418
2025-11-28 04:20:56, 0.0157755666, 0.0172217728, 0.0996630704, 0.1040792438, 2659.0123, 2531.6543, 762.2950, 18.0574
2025-11-28 04:21:01, 0.0072934541, 0.0114062285, 0.1340806738, 0.1235604757, 2474.2927, 2374.0244, 753.9350, 19.2416
2025-11-28 04:21:07, 0.0094721556, 0.0116564222, 0.1007016367, 0.1528806587, 2526.6456, 2435.8481, 763.2700, 17.6408
2025-11-28 04:21:13, 0.0084107610, 0.0108870152, 0.2838520801, 0.2912988300, 2618.1739, 2379.1739, 752.5800, 18.1227
2025-11-28 04:21:19, 0.0231466796, 0.0125733404, 0.1273795113, 0.0590199196, 2878.8684, 2486.7895, 752.1000, 18.9776
2025-11-28 04:21:25, 0.0198570008, 0.0160628220, 0.1072005288, 0.1056281472, 2874.5970, 2520.3134, 751.4400, 21.1108
2025-11-28 04:21:30, 0.0205231205, 0.0128499483, 0.1887335025, 0.1572058927, 2351.6897, 2462.6724, 752.9350, 19.3285
2025-11-28 04:21:36, 0.0260263533, 0.0218174796, 0.1017322030, 0.1261827311, 2879.2951, 2750.3770, 759.0300, 20.3029
2025-11-28 04:21:42, 0.0057932693, 0.0099492537, 0.1547204251, 0.1330567891, 2342.2000, 2261.5375, 756.4000, 21.0742
2025-11-28 04:21:48, 0.0176386275, 0.0147330263, 0.1830807769, 0.0996636514, 2696.0824, 2386.4118, 755.5850, 21.8191
2025-11-28 04:21:53, 0.0118307508, 0.0114460346, 0.1198764002, 0.1187485577, 2772.6250, 2563.6500, 753.7350, 17.6041
2025-11-28 04:21:59, 0.0166856371, 0.0137041613, 0.1261203210, 0.1269879962, 2726.9878, 2540.1098, 757.3550, 21.0689
2025-11-28 04:22:05, 0.0070727758, 0.0127961972, 0.1048825426, 0.1458869348, 2547.1829, 2595.3780, 756.4750, 20.1112
2025-11-28 04:22:11, 0.0132611869, 0.0129927844, 0.1211739372, 0.1068700568, 2644.1818, 2481.4432, 756.1350, 18.9928
2025-11-28 04:22:16, 0.0141457133, 0.0103634476, 0.1234759814, 0.0718937079, 2488.2879, 2203.4091, 760.6300, 19.2672
2025-11-28 04:22:22, 0.0164103584, 0.0130044482, 0.0949182040, 0.0882136246, 2458.4559, 2367.3088, 756.9150, 16.9938
2025-11-28 04:22:28, 0.0137901603, 0.0103580877, 0.0919236280, 0.0666184509, 2521.8235, 2420.5059, 761.7050, 20.8228
2025-11-28 04:22:33, 0.0102246775, 0.0158053408, 0.1406297370, 0.0861812250, 2612.0141, 2574.0704, 760.2600, 21.3549
2025-11-28 04:22:39, 0.0175190830, 0.0153333976, 0.1105777904, 0.1419842821, 2725.1233, 2694.4932, 755.9300, 18.8713
2025-11-28 04:22:45, 0.0109130560, 0.0137692971, 0.1976613687, 0.1429289943, 2709.4426, 2648.0984, 756.9450, 17.6610
2025-11-28 04:22:51, 0.0228483948, 0.0211925293, 0.1548441312, 0.1090906381, 2830.5075, 2679.7761, 755.8400, 17.4558
2025-11-28 04:22:57, 0.0179857423, 0.0146326874, 0.1060509439, 0.1116719372, 2469.7761, 2398.1493, 755.9000, 18.2365
2025-11-28 04:23:02, 0.0093437245, 0.0136984652, 0.2065610994, 0.1794221332, 2530.4933, 2429.6000, 754.9300, 17.8338
2025-11-28 04:23:08, 0.0120371358, 0.0122367479, 0.1940816531, 0.1299632566, 2655.2317, 2488.4146, 759.0050, 17.0955
2025-11-28 04:23:14, 0.0241280249, 0.0163948690, 0.1564143034, 0.1097809606, 2536.4386, 2542.7544, 754.7850, 17.8868
2025-11-28 04:23:20, 0.0264429746, 0.0237157356, 0.1009849856, 0.1172598634, 2552.1695, 2525.5085, 754.2200, 18.9892
2025-11-28 04:23:25, 0.0265821509, 0.0206931085, 0.1580076694, 0.1391870812, 2610.4286, 2551.8857, 754.4500, 18.6512
2025-11-28 04:23:31, 0.0250082098, 0.0191711217, 0.1878263802, 0.1349312336, 2675.0759, 2587.4430, 754.6550, 17.8616
2025-11-28 04:23:37, 0.0207165937, 0.0165623572, 0.2095913667, 0.2133841413, 2821.6000, 2604.2667, 757.9000, 17.7705
2025-11-28 04:23:43, 0.0201638240, 0.0147976753, 0.0614704612, 0.0934521625, 2687.6709, 2712.2025, 757.2550, 18.8114
2025-11-28 04:23:48, 0.0223986931, 0.0179066347, 0.1561666029, 0.1501774843, 2930.8627, 2690.0000, 758.5250, 18.0039
2025-11-28 04:23:54, 0.0218033218, 0.0157013547, 0.0834267906, 0.0710087431, 2694.3288, 2590.3288, 759.1000, 21.6116
2025-11-28 04:24:00, 0.0230184340, 0.0196184225, 0.0801652601, 0.0602258988, 2533.3947, 2321.2105, 757.9450, 18.1100
2025-11-28 04:24:05, 0.0125403792, 0.0172347182, 0.0864583931, 0.0548963268, 2804.5385, 2548.0615, 756.8800, 17.7642
2025-11-28 04:24:11, 0.0077335862, 0.0100192018, 0.1393570314, 0.1005612909, 2508.4787, 2286.5851, 753.9650, 18.3230
2025-11-28 04:24:17, 0.0180000167, 0.0161168477, 0.0949184923, 0.0770031512, 2581.6364, 2441.6364, 756.7450, 19.3910
2025-11-28 04:24:23, 0.0256669003, 0.0189430919, 0.1091115740, 0.0797491376, 2835.2985, 2727.3582, 759.1250, 17.1292
2025-11-28 04:24:28, 0.0278835074, 0.0224240897, 0.0979478498, 0.0859179622, 2662.9529, 2588.4588, 760.4100, 18.0636
2025-11-28 04:24:34, 0.0305128717, 0.0258194325, 0.1199874358, 0.1353635148, 2694.1746, 2546.6349, 758.8600, 18.3137
2025-11-28 04:24:40, 0.0264552877, 0.0188150243, 0.1219442037, 0.1213342592, 2664.1143, 2501.9143, 757.8350, 19.1339
2025-11-28 04:24:45, 0.0194472553, 0.0149702685, 0.1127639816, 0.0912352775, 2681.8023, 2467.7209, 759.3650, 18.1392
2025-11-28 04:24:51, 0.0147584410, 0.0139766774, 0.0938687805, 0.1103253315, 2613.9589, 2569.6164, 759.8800, 20.9956
2025-11-28 04:24:57, 0.0261481497, 0.0148523465, 0.0858449864, 0.0827846806, 2691.7386, 2516.3523, 758.1450, 18.6779
2025-11-28 04:25:03, 0.0209052256, 0.0155339166, 0.1909381810, 0.1726669343, 2590.0000, 2403.3529, 759.1200, 16.0136
2025-11-28 04:25:08, 0.0279831712, 0.0196535144, 0.0669737558, 0.0702468689, 2680.5397, 2598.8730, 757.6300, 19.2827
2025-11-28 04:25:14, 0.0340935734, 0.0225675339, 0.1230467497, 0.1189582197, 2654.7077, 2463.1846, 760.4150, 19.6352
2025-11-28 04:25:20, 0.0129471463, 0.0165765422, 0.1327846346, 0.0807491867, 2890.1014, 2686.8261, 759.2600, 19.6108
2025-11-28 04:25:26, 0.0492993520, 0.0420463129, 0.0764772974, 0.0899646651, 2696.9825, 2678.3158, 753.8550, 19.5495
2025-11-28 04:25:31, 0.0279023462, 0.0258635405, 0.0911135651, 0.0911295737, 2598.3582, 2609.9403, 756.4550, 20.1534
2025-11-28 04:25:37, 0.0450075734, 0.0307508259, 0.0995420299, 0.0908837235, 2825.5882, 2831.0882, 756.8550, 19.2339
2025-11-28 04:25:43, 0.0280204156, 0.0257705349, 0.0530720669, 0.0673204383, 2780.8000, 2671.9667, 757.7200, 19.3259
2025-11-28 04:25:49, 0.0221219163, 0.0256716982, 0.1008375733, 0.0772475759, 2692.7324, 2630.6901, 760.0850, 20.3041
2025-11-28 04:25:54, 0.0282137533, 0.0179566597, 0.1048732011, 0.0893451985, 2843.1207, 2703.5000, 756.4150, 20.0625
2025-11-28 04:26:00, 0.0244260537, 0.0221054744, 0.0858324985, 0.0480558602, 2747.5571, 2442.2143, 757.6650, 19.6747
2025-11-28 04:26:06, 0.0357759224, 0.0277674630, 0.0854785269, 0.0658458263, 2605.9667, 2664.3167, 760.1450, 19.5598
2025-11-28 04:26:12, 0.0301883180, 0.0268508690, 0.0706314915, 0.0702550457, 2847.4062, 2670.4062, 757.9450, 19.5858
2025-11-28 04:26:17, 0.0338775711, 0.0221626230, 0.1020449000, 0.0802559009, 2793.0556, 2656.6944, 757.6600, 20.2602
2025-11-28 04:26:23, 0.0319088127, 0.0278092626, 0.0849486347, 0.0741246617, 2697.9692, 2617.6000, 758.7400, 20.4522
2025-11-28 04:26:29, 0.0290367832, 0.0268248806, 0.0691257942, 0.0543160331, 2851.2267, 2696.0667, 758.3200, 19.0475
2025-11-28 04:26:35, 0.0261975180, 0.0188893376, 0.0999091369, 0.0791787922, 2669.0500, 2518.2500, 754.6050, 21.0513
2025-11-28 04:26:41, 0.0240719009, 0.0206977414, 0.1079759315, 0.1114606982, 2879.5833, 2719.0333, 753.0450, 19.2801
2025-11-28 04:26:46, 0.0151194194, 0.0170610720, 0.1685419285, 0.1391879019, 2952.7500, 2846.8906, 756.7200, 21.4553
2025-11-28 04:26:52, 0.0205706534, 0.0169982801, 0.1087608169, 0.1135636535, 2534.7722, 2453.7722, 755.0050, 20.3758
2025-11-28 04:26:58, 0.0176488981, 0.0185945936, 0.1201039813, 0.0891306726, 2760.4667, 2511.8400, 761.1000, 19.9344
2025-11-28 04:27:03, 0.0457847983, 0.0272575142, 0.1388555591, 0.1648890935, 2986.2609, 2946.6957, 759.8300, 21.2812
2025-11-28 04:27:09, 0.0312354632, 0.0283862011, 0.2093166572, 0.1502519891, 2679.2542, 2510.9153, 756.9200, 19.5960
2025-11-28 04:27:15, 0.0297032260, 0.0261301511, 0.1390695342, 0.1271964959, 2975.1806, 2758.2639, 760.2200, 21.2295
2025-11-28 04:27:21, 0.0374542614, 0.0321500266, 0.0969924173, 0.0849334318, 2766.7391, 2730.8551, 753.7600, 19.0290
2025-11-28 04:27:26, 0.0403255492, 0.0290827849, 0.1860288304, 0.1278988709, 2728.2833, 2654.7667, 762.6450, 18.5709
2025-11-28 04:27:32, 0.0416068564, 0.0385141479, 0.1193519087, 0.0971767713, 2864.3833, 2860.9667, 761.5150, 22.1368
2025-11-28 04:27:38, 0.0525479575, 0.0442134416, 0.0851539898, 0.0717557476, 2871.6981, 2843.0755, 760.5400, 22.9115
2025-11-28 04:27:44, 0.0474042728, 0.0391021391, 0.1080689824, 0.1436216665, 2689.7414, 2765.5172, 764.6550, 21.5173
2025-11-28 04:27:49, 0.0367145139, 0.0331590094, 0.1754612923, 0.1130614787, 2774.7414, 2659.6724, 761.5950, 21.0269
2025-11-28 04:27:55, 0.0431336238, 0.0350108507, 0.1451449205, 0.1775883789, 2672.6538, 2677.9615, 763.7250, 21.7421
2025-11-28 04:28:01, 0.0591001156, 0.0709891551, 0.1725304251, 0.1535021704, 3003.1739, 3010.8261, 762.7850, 21.7671
2025-11-28 04:28:06, 0.0628573455, 0.0336379311, 0.1320221288, 0.1399997298, 2925.7879, 2925.5606, 761.1200, 23.9899
2025-11-28 04:28:12, 0.0717885867, 0.0506965341, 0.1586168730, 0.1403487365, 2704.5254, 2555.0339, 767.7900, 25.8158
2025-11-28 04:28:18, 0.0503156900, 0.0418136875, 0.0775948998, 0.0756804286, 2721.1154, 2752.3462, 769.0450, 22.6385
2025-11-28 04:28:24, 0.0525253312, 0.0329906986, 0.1208026257, 0.1064315120, 2463.7742, 2650.8226, 769.3250, 26.2198
2025-11-28 04:28:29, 0.0392723729, 0.0294568601, 0.1198407784, 0.0985838191, 2866.6615, 2705.1846, 766.2300, 26.9864
2025-11-28 04:28:35, 0.0379406577, 0.0290190875, 0.1487440768, 0.1203907419, 3018.3594, 2744.7344, 767.2200, 28.5260
2025-11-28 05:33:56, 0.0018882588, 0.0006359606, 0.0014600081, 0.0002393162, 765.1667, 784.3333, 757.7050, 17.9513
