timestamp_UT, r0_L, r0_T, scint_L, scint_R, mean_counts_L, mean_counts_R, bg_flux_mean, bg_flux_std
2025-11-24 17:35:22, 0.1320585555, 0.1510732911, 0.1831770772, 0.1669212933, 2731.1081, 2676.0676, 1052.1900, 26.3548
2025-11-24 17:35:28, 0.1580761564, 0.1334461655, 0.1274686586, 0.1089272494, 2600.1500, 2648.5333, 1043.4650, 27.2395
2025-11-24 17:35:34, 0.1123540589, 0.1275237141, 0.1582565076, 0.1847908302, 2825.3429, 2820.8571, 1038.3300, 25.2111
2025-11-24 17:35:40, 0.1291528364, 0.1406637620, 0.1177214044, 0.0868617460, 2753.7215, 2572.2532, 1032.2000, 25.5644
2025-11-24 17:35:47, 0.1226638456, 0.1623690704, 0.1118237779, 0.1041016419, 2645.4000, 2584.2429, 1026.7900, 28.1746
2025-11-24 17:35:53, 0.1472571591, 0.1400762412, 0.1172115892, 0.1234647369, 2466.6949, 2491.7627, 1015.7300, 25.1023
2025-11-24 17:35:59, 0.1365587468, 0.1236985262, 0.1323096432, 0.1182492405, 2737.0984, 2641.7377, 1008.6150, 27.7549
2025-11-24 17:36:05, 0.1361518487, 0.1226208514, 0.0847803708, 0.0873084275, 2967.9714, 2828.6429, 1005.0900, 25.4476
2025-11-24 17:36:11, 0.0924902216, 0.1775691087, 0.1021807977, 0.1424268016, 2539.5323, 2500.4677, 998.3150, 28.2208
2025-11-24 17:36:17, 0.1232490283, 0.1396805387, 0.1716975407, 0.1173614141, 2753.8551, 2627.2464, 989.7500, 23.4778
2025-11-24 17:36:24, 0.1074813343, 0.1198757187, 0.0983655234, 0.1484060225, 2655.3036, 2734.2500, 986.1150, 24.6307
2025-11-24 17:36:30, 0.1231164801, 0.1238102447, 0.1053242217, 0.1023086624, 2820.7778, 2684.5873, 979.5300, 24.8568
2025-11-24 17:36:36, 0.0970666725, 0.1077897517, 0.1338728892, 0.1350564100, 3013.1667, 2925.4848, 973.1300, 25.3176
2025-11-24 17:36:42, 0.0888018626, 0.1136598449, 0.1421780576, 0.1051717141, 2534.1304, 2530.1884, 970.5100, 24.1176
2025-11-24 17:36:48, 0.1327448673, 0.1188960752, 0.2064541898, 0.1627493761, 2752.9559, 2681.4559, 963.8400, 22.1830
2025-11-24 17:36:54, 0.1081243689, 0.1262011400, 0.1147091538, 0.1308635075, 2746.8906, 2885.9844, 958.3550, 21.9725
2025-11-24 17:37:00, 0.1124063608, 0.1037081830, 0.1688871479, 0.1465555002, 2809.3115, 2836.2131, 954.0450, 23.5492
2025-11-24 17:37:06, 0.1112050452, 0.1143977552, 0.1396054363, 0.0867036329, 2513.7368, 2430.1184, 950.0500, 22.2236
2025-11-24 17:37:13, 0.0954878813, 0.1426002714, 0.1806142397, 0.1940114812, 2528.0984, 2418.7377, 947.6000, 22.2187
2025-11-24 17:37:19, 0.1141493625, 0.1372389624, 0.0855114487, 0.0868631752, 2555.2237, 2390.5263, 940.0200, 21.8867
2025-11-24 17:37:25, 0.1166965525, 0.1614380025, 0.1520459777, 0.1410684473, 2796.2308, 2743.0308, 938.6600, 26.1227
2025-11-24 17:37:31, 0.1081266191, 0.1278137408, 0.1600067419, 0.1046606545, 2706.7255, 2610.3529, 934.9450, 22.7893
2025-11-24 17:37:38, 0.1384968298, 0.1298915721, 0.1449820633, 0.1387436808, 2576.2881, 2408.9831, 934.4550, 22.9100
2025-11-24 17:37:44, 0.0949621946, 0.1171142312, 0.1556196106, 0.1413791853, 2615.6533, 2572.1467, 927.1900, 23.2175
2025-11-24 17:37:51, 0.1229152863, 0.1597840574, 0.1547908506, 0.1202341576, 2503.8462, 2463.5538, 926.7750, 22.7171
2025-11-24 17:37:57, 0.1616591084, 0.1539091452, 0.1126595119, 0.1062230089, 2599.1549, 2532.4085, 916.5400, 21.5759
2025-11-24 17:38:03, 0.1367342160, 0.1840960515, 0.1651953931, 0.1740195661, 2595.7273, 2513.1818, 915.1250, 21.5399
2025-11-24 17:38:09, 0.1156372237, 0.1221038055, 0.1269183763, 0.1153219644, 2606.2985, 2586.1642, 908.5800, 22.2156
2025-11-24 17:38:15, 0.1055735234, 0.1246235027, 0.1212563853, 0.0975121554, 2435.6557, 2382.6066, 905.8700, 24.9584
2025-11-24 17:38:21, 0.0916072128, 0.1186943632, 0.1640619008, 0.1563474045, 2550.7013, 2544.7662, 900.2950, 22.3203
2025-11-24 17:38:28, 0.0859510100, 0.1037476302, 0.1103039801, 0.1013984887, 2516.8939, 2538.4697, 898.3550, 20.7930
2025-11-24 17:38:34, 0.1241494884, 0.1453645548, 0.1699841945, 0.1587565024, 2642.1429, 2534.6964, 892.6450, 21.1113
2025-11-24 17:38:40, 0.1183053683, 0.1174872491, 0.1431904389, 0.1630407620, 2467.8065, 2539.6452, 892.3250, 20.2798
2025-11-24 17:38:46, 0.0968737864, 0.1225500649, 0.0931456459, 0.1049428488, 2285.1831, 2260.2394, 889.6450, 20.9127
2025-11-24 17:38:52, 0.0685230772, 0.0823208931, 0.1815170739, 0.1806572332, 2572.3000, 2562.0500, 887.3150, 21.2345
2025-11-24 17:38:58, 0.0954026635, 0.1067534439, 0.0917691223, 0.0925456243, 2075.6486, 2063.8784, 882.3350, 22.1663
2025-11-24 17:39:04, 0.1004769231, 0.1201173555, 0.1057498984, 0.1007168535, 2133.0152, 2114.5909, 880.4500, 21.1416
2025-11-24 17:39:10, 0.1105633315, 0.1355157347, 0.0702984650, 0.0790997661, 1807.7069, 1764.3966, 876.8500, 20.4137
2025-11-24 17:39:17, 0.0662131813, 0.1149352026, 0.1413870369, 0.1395214385, 2072.3167, 2015.9000, 872.9450, 22.2650
2025-11-24 17:39:23, 0.0924916219, 0.1080993815, 0.1073138192, 0.0953422025, 1644.6818, 1632.1364, 875.4100, 21.3188
2025-11-24 17:39:29, 0.1087679152, 0.1297635201, 0.0745644235, 0.0658606675, 1822.8387, 1768.5645, 868.8950, 21.4281
2025-11-24 17:39:35, 0.0989089631, 0.1109655758, 0.1264339576, 0.1261664189, 2098.3485, 2096.1212, 867.1700, 22.2225
2025-11-24 17:39:41, 0.1075359019, 0.0941284838, 0.0844955443, 0.0840904438, 2131.4576, 2077.2373, 860.3850, 21.0042
2025-11-24 17:39:47, 0.1075596765, 0.1291173190, 0.1317388721, 0.1298560453, 2091.9733, 2060.2267, 857.2100, 21.5677
2025-11-24 17:39:53, 0.1053994827, 0.1144675614, 0.0565308219, 0.0818272781, 1839.8966, 1870.2069, 859.0400, 22.2416
2025-11-24 17:39:59, 0.0987311805, 0.1230504840, 0.0981694287, 0.1115736396, 1802.1579, 1781.4737, 859.5800, 19.7234
2025-11-24 17:40:05, 0.0900960501, 0.1213104699, 0.0978972168, 0.1083405742, 1917.8136, 1905.1525, 859.0200, 21.6938
2025-11-24 17:40:11, 0.0898056301, 0.1087648084, 0.2199567492, 0.1627021253, 1930.9825, 1891.0000, 855.4750, 21.4404
2025-11-24 17:40:17, 0.0896492419, 0.1387316300, 0.1468871439, 0.1061575559, 2061.4773, 2070.7273, 852.9250, 20.6124
2025-11-24 17:40:24, 0.0781214393, 0.1010083865, 0.0782761705, 0.0967762803, 1789.2174, 1781.0290, 852.4900, 22.8991
2025-11-24 17:40:30, 0.0858664690, 0.1313026003, 0.0881928566, 0.0732646645, 1636.1169, 1558.0130, 850.0600, 22.0142
2025-11-24 17:40:36, 0.1062776157, 0.1358235638, 0.0906339059, 0.0685619505, 1575.1972, 1545.2958, 847.4500, 20.7663
2025-11-24 17:40:42, 0.1126182175, 0.1309344511, 0.0754104465, 0.1051263757, 1889.3056, 1802.8611, 844.9150, 20.7790
2025-11-24 17:40:48, 0.1358344899, 0.1256357644, 0.0694468299, 0.0840872898, 1679.9032, 1625.4032, 846.4000, 20.5485
2025-11-24 17:40:54, 0.0965149411, 0.1662467381, 0.0907135844, 0.0994373902, 1744.2632, 1738.0263, 841.9000, 20.2408
2025-11-24 17:41:00, 0.1013257958, 0.1276567707, 0.0888960578, 0.0953431884, 1655.6027, 1661.2603, 841.2100, 20.2770
2025-11-24 17:41:06, 0.1159492749, 0.1066160080, 0.1022947208, 0.0794068453, 1763.4675, 1720.3247, 839.6950, 20.2080
2025-11-24 17:41:12, 0.0818096197, 0.0827909224, 0.1014543918, 0.1057375897, 1665.3390, 1697.6949, 839.8250, 19.9275
2025-11-24 17:41:18, 0.1115713234, 0.1136811256, 0.1067799689, 0.1162528748, 2069.2667, 2124.2667, 831.3550, 20.5097
2025-11-24 17:41:24, 0.1080860137, 0.1082795033, 0.1082482474, 0.1734232353, 2171.6111, 2218.4259, 829.7800, 21.2932
2025-11-24 17:41:30, 0.1223530410, 0.1394910125, 0.0931670315, 0.0991738525, 2158.7500, 2214.8542, 832.7650, 21.3878
2025-11-24 17:41:36, 0.1028183919, 0.0989779584, 0.3384420962, 0.2941801696, 2116.8983, 2104.9831, 827.4350, 20.1888
2025-11-24 17:41:42, 0.0972853260, 0.1105365343, 0.2236332343, 0.2838395369, 1872.0508, 1899.7458, 826.2450, 20.0316
2025-11-24 17:41:49, 0.0891201958, 0.0945613954, 0.1787971434, 0.1630064257, 2133.0484, 2031.9355, 826.4900, 21.6793
2025-11-24 17:41:55, 0.0908549368, 0.0995542364, 0.0726318101, 0.0701609054, 1731.8667, 1707.8667, 819.5200, 19.4710
2025-11-24 17:42:01, 0.1089184574, 0.1298421428, 0.0557383132, 0.0695057843, 1637.2258, 1712.4516, 823.7900, 20.9233
2025-11-24 17:42:07, 0.0882337784, 0.1209424553, 0.0525029657, 0.0545945832, 1577.3939, 1569.9848, 818.7800, 20.7724
2025-11-24 17:42:13, 0.0800136717, 0.1141705894, 0.0689532460, 0.0746505468, 1539.8000, 1514.8286, 817.2200, 20.1358
2025-11-24 17:42:19, 0.0887235069, 0.1186931335, 0.0591481082, 0.0827130788, 1409.4531, 1421.7188, 814.8850, 21.0243
2025-11-24 17:42:25, 0.0963562017, 0.1519297368, 0.0236374705, 0.0280191907, 1315.8243, 1311.5270, 815.3300, 21.2695
2025-11-24 17:42:31, 0.0833724448, 0.1118600333, 0.0423088715, 0.0555442387, 1416.5763, 1487.1017, 815.1950, 20.0982
2025-11-24 17:42:37, 0.0705975645, 0.0141131842, 0.1034169731, 0.1368494413, 1703.8846, 1732.5256, 811.5650, 20.4023
2025-11-24 17:42:43, 0.0869187889, 0.1449279126, 0.0755920507, 0.0815717103, 1576.5588, 1612.2353, 811.5000, 19.1442
2025-11-24 17:42:49, 0.0929241393, 0.1280320563, 0.0638652741, 0.0550988093, 1454.5079, 1448.9048, 814.3750, 19.9783
2025-11-24 17:42:56, 0.0833866595, 0.1177149053, 0.0972814921, 0.0952311229, 1486.1724, 1491.7931, 813.5600, 18.9012
2025-11-24 17:43:02, 0.0971355575, 0.1226803711, 0.0428967753, 0.0292924686, 1316.4706, 1302.5176, 811.7800, 20.6049
2025-11-24 17:43:08, 0.0916228460, 0.1025868373, 0.0486768872, 0.0463427802, 1364.8667, 1362.1333, 812.8900, 19.2231
2025-11-24 17:43:14, 0.0830525099, 0.0933203514, 0.0770167397, 0.0669637527, 1342.1071, 1322.6250, 808.5700, 20.1662
2025-11-24 17:43:20, 0.0876345079, 0.0945894738, 0.0258509111, 0.0294128633, 1238.1311, 1247.6885, 812.7550, 20.8508
2025-11-24 17:43:26, 0.0787477672, 0.0753784667, 0.0282536109, 0.0194169092, 1155.4583, 1124.8472, 811.2700, 20.3238
2025-11-24 17:43:32, 0.0474566534, 0.0876423886, 0.0335924864, 0.0272487084, 1133.3333, 1114.0635, 809.8000, 18.1989
2025-11-24 17:43:38, 0.0102214607, 0.0081583123, 0.0128861892, 0.0065498711, 984.7660, 979.2979, 810.5950, 20.5203
2025-11-24 17:43:44, 0.0094926522, 0.0036212563, 0.0062501620, 0.0077793369, 951.2727, 951.1818, 810.4550, 19.4440
2025-11-24 17:43:50, 0.0156900115, 0.0033989833, 0.0066552304, 0.0069139093, 969.0217, 967.5652, 810.5050, 19.0895
2025-11-24 17:43:56, 0.0102552544, 0.0043634683, 0.0334077906, 0.0266893658, 880.3750, 869.0312, 809.0750, 18.3848
2025-11-24 17:44:02, 0.0669579516, 0.0416168119, 0.0028287334, 0.0032766341, 939.2203, 932.9661, 806.8100, 20.0665
2025-11-24 17:44:08, 0.0131482229, 0.0028419644, 0.0047670503, 0.0021883003, 911.8400, 917.2800, 804.6050, 19.2445
2025-11-24 17:44:14, 0.0045091016, 0.0033635473, 0.0037992330, 0.0145416179, 916.0000, 882.8077, 800.2950, 19.6768
2025-11-24 17:44:20, 0.0038715535, 0.0032955250, 0.0327325202, 0.0216360040, 806.2222, 823.6667, 795.0100, 19.1003
2025-11-24 17:44:26, 0.0026671046, 0.0009682014, 0.0436820686, 0.0521260932, 782.2632, 790.0000, 800.2750, 18.9306
2025-11-24 17:44:33, 0.0080252520, 0.0022140935, 0.0242610565, 0.0268610251, 855.7200, 827.6800, 799.3700, 20.2545
2025-11-24 17:44:39, 0.0031549852, 0.0064033515, 0.0463986433, 0.0388980848, 824.0000, 826.6957, 798.6850, 19.4429
2025-11-24 17:44:45, 0.0028637888, 0.0014023062, 0.0245026448, 0.0054736303, 814.7778, 822.0000, 796.5600, 17.2411
2025-11-24 17:44:51, 0.0029844795, 0.0012158454, 0.0067601749, 0.0012910041, 852.2727, 835.1818, 796.6800, 20.5255
2025-11-24 17:44:57, 0.0038505068, 0.0012214535, 0.0260271880, 0.0592461598, 780.2727, 738.1818, 798.1200, 19.7734
2025-11-24 17:45:03, 0.0026719110, 0.0016731934, 0.0282822108, 0.0542603710, 719.0000, 676.4000, 796.4300, 21.0042
2025-11-24 17:45:09, 0.0028059646, 0.0040397766, 0.1403185504, 0.0841904866, 634.1111, 678.5556, 794.2950, 18.9791
2025-11-24 17:45:15, 0.0047227933, 0.0070451216, 0.0462726693, 0.0635272884, 748.7500, 736.5000, 793.1250, 18.1796
2025-11-24 17:45:21, 0.0026717425, 0.0015944640, 0.0054956893, 0.0338208188, 791.6250, 752.5000, 795.2500, 18.4648
2025-11-24 17:45:27, 0.0033645747, 0.0019330098, 0.0309993204, 0.0344911113, 839.8095, 815.9048, 793.9150, 20.2718
2025-11-24 17:45:33, 0.0064453947, 0.0011849151, 0.0033129272, 0.0019097530, 880.0952, 871.0952, 788.1950, 19.5994
2025-11-24 17:45:39, 0.0065146834, 0.0056922537, 0.0119377981, 0.0094151251, 911.0976, 910.9512, 786.9650, 21.8960
2025-11-24 17:45:45, 0.0057426794, 0.0016875965, 0.0367170086, 0.0226558993, 811.2273, 813.9091, 787.9150, 19.5189
2025-11-24 17:45:51, 0.0024131939, 0.0009429886, 0.0446239485, 0.0360675830, 750.2000, 769.7000, 789.7200, 18.8643
2025-11-24 17:45:58, 0.0022035777, 0.0013720306, 0.0448719075, 0.0280851154, 780.4167, 805.5833, 785.3500, 19.7721
2025-11-24 17:46:04, 0.0032991585, 0.0040456250, 0.0044160780, 0.0152023631, 854.3684, 839.1579, 786.6550, 19.4084
2025-11-24 17:46:10, 0.0028836321, 0.0045982954, 0.0382425076, 0.0262873470, 820.8065, 835.9355, 785.7350, 19.2358
2025-11-24 17:46:16, 0.0264945260, 0.0040748711, 0.0057837679, 0.0047822727, 958.0227, 953.7500, 785.2300, 18.5391
2025-11-24 17:46:22, 0.0098953296, 0.0102662720, 0.0190836910, 0.0072048678, 926.9362, 925.1277, 784.6250, 18.9022
2025-11-24 17:46:28, 0.0086137761, 0.0023424259, 0.0111430736, 0.0093877362, 890.3871, 885.0000, 781.6900, 19.8968
2025-11-24 17:46:34, 0.0051268644, 0.0107774102, 0.0089955892, 0.0062150960, 926.2593, 930.6481, 782.9000, 21.1353
2025-11-24 17:46:40, 0.0079685269, 0.0084380932, 0.0075309279, 0.0126642623, 917.7500, 904.9750, 780.9200, 21.0958
2025-11-24 17:46:47, 0.0891015194, 0.0508734569, 0.0126342082, 0.0095040974, 990.9273, 995.2727, 782.4150, 19.1646
2025-11-24 17:46:53, 0.0170167690, 0.0027502312, 0.0186846881, 0.0125070882, 1024.5556, 1003.6508, 782.7050, 20.7028
2025-11-24 17:46:59, 0.0852066957, 0.0609379548, 0.0116951008, 0.0111092771, 993.5976, 984.4512, 781.6400, 22.3159
2025-11-24 17:47:05, 0.0922218917, 0.0479714425, 0.0351525809, 0.0311280630, 1045.5063, 1054.3165, 784.1300, 19.8639
2025-11-24 17:47:11, 0.0623620187, 0.0820560220, 0.0340710929, 0.0335774660, 1060.9589, 1076.8082, 781.0050, 20.3026
2025-11-24 17:47:17, 0.0851269682, 0.1078595562, 0.0652635787, 0.0397476624, 1212.8841, 1198.7101, 780.9200, 20.2530
2025-11-24 17:47:23, 0.0069537435, 0.0045510218, 0.0087610045, 0.0083697154, 895.3214, 878.7857, 778.1400, 21.1585
2025-11-24 17:47:29, 0.0044883007, 0.0023129853, 0.0333360174, 0.0253602797, 812.4483, 807.7241, 780.5750, 19.5649
2025-11-24 17:47:35, 0.0108061281, 0.0153917291, 0.0144353687, 0.0098311466, 966.7442, 969.6744, 780.3650, 22.5850
2025-11-24 17:47:41, 0.1052300505, 0.1155962104, 0.0291302287, 0.0315473865, 1194.9651, 1192.7209, 780.5400, 18.6874
2025-11-24 17:47:48, 0.0890667507, 0.1153384276, 0.0884665263, 0.0893689163, 1477.2911, 1489.9114, 780.3100, 21.3921
2025-11-24 17:47:54, 0.0501487768, 0.0066803022, 0.0308545847, 0.0305663611, 1062.2533, 1061.4400, 779.0200, 22.9850
2025-11-24 17:48:00, 0.0056123868, 0.0051919965, 0.0147675572, 0.0120440621, 935.3537, 942.2927, 779.4450, 19.3258
2025-11-24 17:48:06, 0.0064361857, 0.0027019627, 0.0122774220, 0.0056141140, 884.3433, 883.3284, 777.5450, 19.2374
2025-11-24 17:48:12, 0.0047904473, 0.0027164433, 0.0338103355, 0.0282675862, 795.9512, 807.6098, 779.5550, 19.9904
2025-11-24 17:48:19, 0.0063631611, 0.0022880841, 0.0219366271, 0.0082513108, 850.3953, 856.3023, 781.2750, 18.5682
2025-11-24 17:48:25, 0.0061711652, 0.0016812326, 0.0118564843, 0.0131119661, 877.4706, 862.6078, 783.4500, 17.5692
2025-11-24 17:48:31, 0.0031152129, 0.0013674822, 0.0210254327, 0.0329506883, 798.7500, 771.3214, 779.8550, 20.6779
2025-11-24 17:48:37, 0.0030042422, 0.0010163064, 0.0608149093, 0.0209987540, 641.3636, 732.0000, 782.1300, 19.5710
2025-11-24 17:48:43, 0.0020592140, 0.0009033722, 0.0413733620, 0.0515799042, 720.5000, 697.7500, 779.9550, 20.8404
2025-11-24 17:48:49, 0.0022791763, 0.0013308469, 0.0262324538, 0.0474453878, 726.2500, 664.4167, 780.6400, 18.2959
2025-11-24 17:48:55, 0.0020856807, 0.0015030213, 0.0363615196, 0.0280876289, 751.5000, 742.4167, 775.1800, 18.4135
2025-11-24 17:49:01, 0.0019581008, 0.0007634531, 0.0183732546, 0.0319310563, 783.1429, 727.1429, 777.2150, 19.8753
2025-11-24 17:49:07, 0.0030515108, 0.0011150547, 0.1112588376, 0.1025416940, 622.8571, 623.2857, 774.0100, 18.9056
2025-11-24 17:49:13, 0.0020010398, 0.0011383021, 0.0574724700, 0.0413239674, 592.6667, 711.0000, 775.7850, 19.6374
2025-11-24 17:49:20, 0.0016106866, 0.0009533293, 0.0732674244, 0.0576904527, 676.0000, 678.1818, 773.1400, 18.7992
2025-11-24 17:49:31, 0.0020480295, 0.0016601326, 0.0567503661, 0.0788404155, 683.5333, 646.5333, 773.4550, 18.3027
2025-11-24 17:49:37, 0.0031119451, 0.0011465802, 0.0354327401, 0.0476425256, 799.9655, 736.3793, 773.2350, 17.8938
2025-11-24 17:49:43, 0.0046941770, 0.0017565309, 0.0121671860, 0.0201863875, 838.0000, 804.2333, 770.2750, 20.9380
2025-11-24 17:49:49, 0.0061266726, 0.0027590858, 0.0140612766, 0.0161022227, 852.3778, 857.1778, 770.6350, 17.8690
2025-11-24 17:49:55, 0.0047641790, 0.0018688120, 0.0019296680, 0.0038849652, 829.2857, 826.8571, 769.8550, 19.3027
2025-11-24 17:50:01, 0.0114716410, 0.0016410613, 0.0202485575, 0.0124025608, 819.4091, 811.6364, 769.7700, 18.0773
2025-11-24 17:50:07, 0.0040530186, 0.0011783744, 0.0165716852, 0.0155279193, 813.3243, 802.1081, 771.2900, 18.5926
2025-11-24 17:50:13, 0.0150478872, 0.0151372910, 0.0388609698, 0.0424621302, 1134.7742, 1124.9194, 776.2500, 18.9311
2025-11-24 17:50:19, 0.1190875777, 0.1390200205, 0.0851585529, 0.0943395507, 1718.0145, 1666.3478, 776.1700, 18.1599
2025-11-24 17:50:25, 0.1072036532, 0.1326192417, 0.1640609280, 0.1307833329, 2012.7321, 1938.7857, 772.1400, 19.3745
2025-11-24 17:50:32, 0.0921609976, 0.1041905165, 0.1338292680, 0.1154874638, 2014.1176, 1898.7451, 773.0950, 19.5365
2025-11-24 17:50:38, 0.1469629715, 0.1196320257, 0.1459310554, 0.1680676151, 2516.9091, 2430.3636, 773.6100, 20.2039
2025-11-24 17:50:44, 0.1311278791, 0.1690597106, 0.1673684022, 0.1275250819, 2625.9500, 2560.4250, 771.7350, 19.2032
2025-11-24 17:50:50, 0.1085498567, 0.0919524150, 0.0790852739, 0.0695107664, 2090.6250, 2057.9792, 772.9400, 19.8941
2025-11-24 17:50:56, 0.1608305696, 0.1084144412, 0.1026122182, 0.0744984469, 1865.6286, 1825.1429, 771.5800, 18.3800
2025-11-24 17:51:02, 0.1167409611, 0.1095171802, 0.1560468553, 0.1368012157, 2198.1923, 2145.5385, 770.8200, 18.3485
2025-11-24 17:51:08, 0.1149817251, 0.1261557349, 0.1209094865, 0.1230016870, 1984.7193, 1958.4035, 769.5300, 20.3593
2025-11-24 17:51:13, 0.1108934194, 0.1385270643, 0.0968878506, 0.1173450374, 1798.6271, 1775.1525, 771.5500, 18.2682
2025-11-24 17:51:19, 0.1189601260, 0.1241203249, 0.0696150823, 0.1286721633, 1598.7931, 1645.0345, 764.6050, 18.8125
2025-11-24 17:51:25, 0.1086195040, 0.1167023105, 0.1003813419, 0.0900942322, 1564.0364, 1529.5818, 769.4200, 19.8218
2025-11-24 17:51:31, 0.0608147031, 0.0072996342, 0.1602217188, 0.1254343674, 1630.9836, 1600.3279, 767.0600, 18.0354
2025-11-24 17:51:37, 0.1244255043, 0.1335331842, 0.1416466130, 0.1220745569, 1994.8036, 1887.5357, 765.8500, 18.0138
2025-11-24 17:51:44, 0.0788072113, 0.1036463801, 0.2116797350, 0.1599816200, 1908.0741, 1847.8704, 763.3100, 18.4814
2025-11-24 17:51:50, 0.0988319173, 0.1692884071, 0.0723935115, 0.0701369284, 1477.4490, 1456.4490, 766.2350, 20.2958
2025-11-24 17:51:55, 0.1069690265, 0.1174105854, 0.1939439002, 0.1917677572, 1937.1273, 1927.2000, 765.4500, 21.7869
2025-11-24 17:52:01, 0.1011906795, 0.1166550802, 0.2281632288, 0.1847294139, 2151.2500, 2085.6964, 764.3700, 18.1464
2025-11-24 17:52:08, 0.1135190293, 0.1458804971, 0.1467051767, 0.1237518534, 1899.0678, 1888.3051, 763.9250, 18.8817
2025-11-24 17:52:14, 0.0895918931, 0.1039862010, 0.1573839619, 0.1366711425, 1780.0577, 1703.6346, 763.8000, 19.8045
2025-11-24 17:52:20, 0.0930253961, 0.1308976280, 0.1869305928, 0.1508954469, 2012.1852, 2016.7778, 765.5100, 21.4096
2025-11-24 17:52:25, 0.0877081223, 0.1153562482, 0.1743360246, 0.1755921987, 2000.8393, 1981.9107, 762.1550, 18.6312
2025-11-24 17:52:31, 0.0920354018, 0.0991205650, 0.1109940755, 0.0957214644, 1496.6545, 1465.9091, 765.7250, 19.9075
2025-11-24 17:52:37, 0.1079277459, 0.1401843567, 0.0896824803, 0.1161662644, 1493.9831, 1554.8475, 765.0100, 18.8428
2025-11-24 17:52:43, 0.1007979605, 0.1047050863, 0.0567267185, 0.0520051057, 1286.2805, 1259.1341, 766.3000, 19.9597
2025-11-24 17:52:50, 0.1083746774, 0.1506170190, 0.0891584162, 0.1084769141, 1592.4909, 1600.8727, 765.1400, 20.0058
2025-11-24 17:52:56, 0.0761972026, 0.0707283947, 0.4728672296, 0.3270179454, 1949.5965, 1939.8947, 766.7850, 18.3613
2025-11-24 17:53:01, 0.0881667643, 0.1051229595, 0.2271349373, 0.1909220698, 2087.5493, 2043.6761, 765.9900, 19.2650
2025-11-24 17:53:07, 0.1006919960, 0.1069839393, 0.1640615238, 0.2069479384, 1920.5294, 1941.6078, 766.3100, 18.1869
2025-11-24 17:53:13, 0.1170175540, 0.1108734002, 0.1105199782, 0.1209712487, 2242.7544, 2271.6667, 766.5750, 18.4232
2025-11-24 17:53:19, 0.0935048109, 0.1189222537, 0.1903437133, 0.2183102141, 2246.8864, 2244.2273, 766.5900, 19.1998
2025-11-24 17:53:25, 0.1149317810, 0.1369449572, 0.1385159413, 0.1461998580, 2155.4255, 2141.3404, 764.7900, 19.3978
2025-11-24 17:53:31, 0.1363993281, 0.1240636789, 0.3407327452, 0.2446002173, 2818.0455, 2729.8409, 767.1600, 18.4909
2025-11-24 17:53:37, 0.1074176620, 0.1183058638, 0.3468156271, 0.3741673264, 2591.7660, 2605.4894, 764.0300, 17.7727
2025-11-24 17:53:43, 0.0982262521, 0.1046720822, 0.2451981393, 0.2507075457, 2415.7292, 2321.6875, 765.4050, 18.5968
2025-11-24 17:53:49, 0.1099531197, 0.1028572062, 0.1457913239, 0.1497977989, 2146.9508, 2128.9016, 762.8950, 19.4957
2025-11-24 17:53:55, 0.0999625581, 0.0942211522, 0.1481615214, 0.1573219803, 2174.0513, 2273.2821, 759.1100, 19.0247
2025-11-24 17:54:01, 0.1083961064, 0.1222418505, 0.3266142183, 0.4504288091, 2410.5692, 2523.2308, 759.1450, 19.3167
2025-11-24 17:54:07, 0.0899924569, 0.1302190787, 0.3235325344, 0.2948385301, 2896.4118, 2836.9020, 764.6700, 19.2684
2025-11-24 17:54:13, 0.1341824028, 0.1332136750, 0.2150329624, 0.2352984170, 2445.9474, 2465.3860, 761.5800, 17.6188
2025-11-24 17:54:25, 0.1248316739, 0.1017507550, 0.2705495478, 0.2359805336, 2198.1091, 2113.0364, 761.4250, 17.8733
2025-11-24 17:54:31, 0.1041349924, 0.0841971780, 0.2238077662, 0.2371170156, 2367.4792, 2405.8542, 761.9150, 18.5278
2025-11-24 17:54:37, 0.1031412517, 0.0803237662, 0.2346195632, 0.1999342719, 2647.8500, 2662.0750, 757.9650, 18.9885
2025-11-24 17:54:43, 0.0989634338, 0.1122012926, 0.1343434608, 0.1494717978, 2239.4615, 2273.0769, 758.0950, 18.7362
2025-11-24 17:54:49, 0.0858367207, 0.0716241506, 0.1310481719, 0.0984418804, 2355.3571, 2275.8095, 760.0800, 21.2597
2025-11-24 17:55:01, 0.1372209896, 0.1023647762, 0.1653394746, 0.1698179567, 2657.7719, 2613.5263, 757.4250, 18.8304
2025-11-24 17:55:07, 0.1003456977, 0.1393896828, 0.1322204006, 0.1364066521, 2644.3667, 2628.1333, 759.7350, 18.0196
2025-11-24 17:55:13, 0.0913617288, 0.1037386374, 0.0949471773, 0.0938706367, 2537.6545, 2536.4545, 758.6500, 17.6609
2025-11-24 17:55:18, 0.0852116970, 0.0846499128, 0.2354079066, 0.2413990519, 2483.7400, 2435.0400, 758.2400, 19.5503
2025-11-24 17:55:24, 0.0856361462, 0.1026638051, 0.1925828639, 0.1581446875, 2741.4694, 2640.4286, 768.2850, 19.4513
2025-11-24 17:55:30, 0.1073851958, 0.0977161232, 0.1670643315, 0.1918867795, 2399.5472, 2416.0377, 763.0550, 19.6023
2025-11-24 17:55:36, 0.1051711549, 0.1169692745, 0.1726355699, 0.1518329775, 2491.3778, 2416.7778, 764.9200, 18.6170
2025-11-24 17:55:42, 0.1108774366, 0.1121811440, 0.1769149290, 0.2171765036, 3035.7255, 2889.1765, 764.2650, 17.4122
2025-11-24 17:55:48, 0.1086443233, 0.1266296192, 0.1329352164, 0.1582716304, 2363.4068, 2355.8136, 766.3400, 19.6182
2025-11-24 17:55:54, 0.1047925071, 0.1283579683, 0.1044876134, 0.1244981170, 2431.4419, 2455.9535, 763.2750, 18.6266
2025-11-24 17:56:00, 0.0828537079, 0.0893819683, 0.1704364122, 0.1876157340, 2266.2273, 2307.2273, 761.3100, 18.5850
2025-11-24 17:56:07, 0.1005213666, 0.0896358795, 0.1426257210, 0.1310659704, 2334.7619, 2325.9048, 763.4800, 18.6564
2025-11-24 17:56:12, 0.1429744641, 0.1400221803, 0.1386342296, 0.1125791461, 2286.5079, 2276.9524, 763.0850, 19.8595
2025-11-24 17:56:18, 0.0940964229, 0.0917135041, 0.1125816982, 0.0878640191, 2386.4762, 2473.8810, 763.9000, 20.1613
2025-11-24 17:56:24, 0.0841182995, 0.0769729545, 0.2087669212, 0.2499036179, 2545.5882, 2554.0294, 765.4500, 21.6152
2025-11-24 17:56:30, 0.0939724306, 0.0854692854, 0.2070951038, 0.1839790412, 2546.5333, 2457.3556, 767.4650, 18.6223
2025-11-24 17:56:36, 0.1153821613, 0.1327515113, 0.1948239669, 0.1953334495, 2527.2241, 2500.4310, 765.0100, 19.0798
2025-11-24 17:56:42, 0.1031803382, 0.0774122403, 0.1839207244, 0.1689931933, 2516.7692, 2530.6154, 763.6350, 20.3740
2025-11-24 17:56:48, 0.1037434816, 0.1038582370, 0.1038792345, 0.1126968130, 2404.7917, 2456.8333, 760.6050, 19.5691
2025-11-24 17:56:54, 0.0960256390, 0.1182657960, 0.1848143411, 0.1798808522, 2368.4340, 2412.5283, 765.1300, 21.0837
2025-11-24 17:57:00, 0.0965616966, 0.1002340834, 0.1088632455, 0.0752797168, 2176.7083, 2080.0000, 759.6450, 21.7368
2025-11-24 17:57:06, 0.1147943190, 0.1121798347, 0.1388059354, 0.1439246733, 2233.2037, 2264.8148, 762.3300, 19.8925
2025-11-24 17:57:12, 0.1227436899, 0.1025747330, 0.1945637878, 0.2240735625, 2548.1724, 2639.4483, 762.6750, 19.2268
2025-11-24 17:57:17, 0.0876541221, 0.0903122772, 0.2333914450, 0.1387019347, 2643.5472, 2536.9434, 760.8100, 20.1317
2025-11-24 17:57:23, 0.1028310786, 0.0877245925, 0.1378055742, 0.1508173167, 2469.1452, 2496.8710, 759.4300, 21.4162
2025-11-24 17:57:29, 0.1001446980, 0.0995488567, 0.1784850489, 0.1676716657, 2143.4333, 2238.1500, 758.6400, 18.0685
2025-11-24 17:57:35, 0.1061499992, 0.0995384514, 0.1071326116, 0.1087604477, 2558.0357, 2408.2857, 761.1700, 17.2497
2025-11-24 17:57:41, 0.0805225024, 0.0762763342, 0.2273018793, 0.2026934252, 2313.7761, 2267.7164, 758.1300, 16.5654
2025-11-24 17:57:47, 0.1182373879, 0.1183408778, 0.2116148708, 0.2046309321, 2339.2745, 2224.5098, 762.3000, 19.9995
2025-11-24 17:57:53, 0.1214176860, 0.1086725701, 0.1517716588, 0.1548193459, 2548.8400, 2483.4400, 758.7000, 18.1069
2025-11-24 17:57:58, 0.1095598906, 0.0920921372, 0.1375585848, 0.1110355236, 2496.9388, 2448.5306, 770.3050, 19.2804
2025-11-24 17:58:04, 0.0936801879, 0.1343599178, 0.1140471063, 0.1255018260, 2513.0164, 2524.4426, 769.2350, 18.0862
2025-11-24 17:58:10, 0.1497507691, 0.1199266992, 0.1346112793, 0.1849538838, 2579.7115, 2597.1923, 770.7250, 19.0100
2025-11-24 17:58:16, 0.1009752567, 0.1614277869, 0.2113743661, 0.1858676592, 2642.5778, 2685.2000, 767.7150, 17.7692
2025-11-24 17:58:22, 0.1142489858, 0.1275838160, 0.1721015341, 0.1825422740, 2372.8444, 2393.7333, 768.1300, 18.1390
2025-11-24 17:58:28, 0.0964414006, 0.1382478529, 0.2364376334, 0.1615511213, 2463.7705, 2369.4590, 768.1000, 17.8185
2025-11-24 17:58:34, 0.0977961358, 0.1327312306, 0.1290333937, 0.1024661488, 2564.0656, 2501.5410, 766.7900, 18.8145
2025-11-24 17:58:40, 0.1343217921, 0.1214656244, 0.1385824176, 0.1193901110, 2566.7959, 2465.8980, 773.6450, 22.6678
2025-11-24 17:58:46, 0.1070959164, 0.1372651002, 0.1172415251, 0.1168743063, 2617.7021, 2596.9149, 769.8500, 18.6737
2025-11-24 17:58:52, 0.1166819228, 0.1395309141, 0.1280772622, 0.1441609283, 2405.6585, 2527.2195, 774.4950, 20.2978
2025-11-24 17:58:57, 0.1113398954, 0.1124043257, 0.1398838667, 0.1411276595, 2476.2222, 2482.5185, 766.1550, 21.7067
2025-11-24 17:59:03, 0.1593928781, 0.1951968982, 0.2215325460, 0.2034560392, 2468.0370, 2480.3519, 768.4750, 19.5374
2025-11-24 17:59:09, 0.1331376009, 0.1748405187, 0.1569293236, 0.1311548970, 2497.7241, 2500.4138, 768.7100, 20.4772
2025-11-24 17:59:15, 0.1626691028, 0.1680532959, 0.1148861425, 0.1062963683, 2380.1333, 2361.9333, 762.7300, 20.9990
2025-11-24 17:59:21, 0.1123068453, 0.1422190888, 0.1201674744, 0.1234246350, 2585.0000, 2542.0339, 767.4500, 20.8100
2025-11-24 17:59:27, 0.1686138089, 0.1399933549, 0.1170319962, 0.1053782073, 2498.1207, 2457.9828, 762.5300, 19.5964
2025-11-24 17:59:33, 0.1451435898, 0.1383984204, 0.0978024696, 0.1076428882, 2592.9825, 2556.2982, 766.5750, 19.3774
2025-11-24 17:59:38, 0.1197067326, 0.1517862356, 0.2171746849, 0.1656910847, 2637.2683, 2642.5122, 764.6550, 19.8203
2025-11-24 17:59:44, 0.1120503871, 0.1320742619, 0.1432978224, 0.1471895469, 2615.3095, 2588.0000, 763.0350, 18.2894
2025-11-24 17:59:50, 0.1666944168, 0.1528674071, 0.3027981596, 0.3481434738, 2855.2708, 2736.9792, 762.8900, 19.7962
2025-11-24 17:59:56, 0.1092924973, 0.1140547898, 0.1306040750, 0.1617136758, 2331.8077, 2395.9615, 761.7250, 19.0622
2025-11-24 18:00:02, 0.1257448458, 0.1399839693, 0.1519103050, 0.1762605557, 2376.5789, 2360.1404, 760.3950, 20.6712
2025-11-24 18:00:07, 0.1373246111, 0.1541373558, 0.1345938592, 0.1486177949, 2562.2308, 2567.1346, 758.5850, 18.3486
2025-11-24 18:00:13, 0.1210367216, 0.1205392777, 0.1227475293, 0.1129315274, 2737.7500, 2622.9615, 759.1700, 19.2175
2025-11-24 18:00:19, 0.1368978267, 0.1227755779, 0.1806682028, 0.1715599496, 2492.2500, 2524.1538, 762.5950, 17.8054
2025-11-24 18:00:25, 0.1353478367, 0.1504363114, 0.1458762131, 0.1835400474, 2939.0192, 2944.7885, 759.3750, 17.4188
2025-11-24 18:00:31, 0.1300083182, 0.1123496666, 0.1798141612, 0.1681887936, 2756.1395, 2700.9070, 759.5650, 20.0034
2025-11-24 18:00:37, 0.1109803871, 0.1106992152, 0.1785671017, 0.1409537920, 2410.9180, 2339.0492, 760.0700, 17.7188
2025-11-24 18:00:42, 0.1042708184, 0.1519728786, 0.2600562689, 0.2745516669, 2356.7778, 2415.4000, 758.4050, 18.1494
2025-11-24 18:00:48, 0.1244774017, 0.1279914510, 0.2290075214, 0.2780248634, 2618.1064, 2521.4043, 766.4050, 18.5340
2025-11-24 18:00:54, 0.1666902594, 0.1192529615, 0.1118433598, 0.1278609342, 2516.5472, 2529.4906, 762.8600, 19.3026
2025-11-24 18:01:00, 0.1266132263, 0.1419112006, 0.1600004396, 0.1357358653, 2762.8400, 2573.5600, 764.1000, 19.9256
2025-11-24 18:01:06, 0.1160073322, 0.1352115828, 0.1284915948, 0.1476588951, 2465.9111, 2432.3778, 766.0650, 20.0400
2025-11-24 18:01:12, 0.1021442885, 0.1581362431, 0.1152389798, 0.1499794996, 2242.7674, 2254.9535, 765.5850, 20.1926
2025-11-24 18:01:17, 0.1248050267, 0.1561961530, 0.2338129260, 0.1616059477, 2559.1200, 2592.3800, 767.2650, 18.1123
2025-11-24 18:01:23, 0.0936349642, 0.1434907467, 0.1605641644, 0.1504793956, 2629.2292, 2537.7292, 764.0200, 19.2987
2025-11-24 18:01:29, 0.1058255928, 0.1203289364, 0.1826248192, 0.1753563955, 2218.7021, 2168.9149, 764.7150, 19.8533
2025-11-24 18:01:35, 0.0920328389, 0.1084521486, 0.1593427432, 0.1263064603, 2741.7255, 2636.6471, 765.7900, 19.6943
2025-11-24 18:01:41, 0.1009530277, 0.0976545091, 0.2778393665, 0.3717208463, 2742.9545, 2846.7955, 765.8450, 19.3791
2025-11-24 18:01:46, 0.1387043266, 0.1507259563, 0.1444563058, 0.1526506381, 2526.5217, 2486.0870, 760.5350, 19.0292
2025-11-24 18:01:52, 0.0996638552, 0.1088819759, 0.2052599282, 0.1880060503, 2506.5745, 2428.3404, 760.2350, 17.2522
2025-11-24 18:01:58, 0.1128087690, 0.1027810375, 0.3093387146, 0.2112698764, 2504.4706, 2406.8431, 762.9100, 18.6438
2025-11-24 18:02:04, 0.0828390818, 0.0876114773, 0.2177778129, 0.1567518760, 2407.1628, 2285.8605, 764.1350, 19.1752
2025-11-24 18:02:10, 0.1113223040, 0.1170418463, 0.1428006419, 0.1711737177, 2388.3256, 2355.9535, 766.4050, 18.6749
2025-11-24 18:02:15, 0.1438964239, 0.1145305657, 0.1435615606, 0.1580814952, 2187.4167, 2134.4792, 766.3550, 18.2844
2025-11-24 18:02:21, 0.1446997419, 0.1644148084, 0.1557816454, 0.1688957154, 2642.0000, 2606.7333, 763.4300, 19.2202
2025-11-24 18:02:27, 0.1169524808, 0.1098402294, 0.1274682732, 0.1111539189, 2466.8431, 2369.9020, 766.1900, 20.4603
2025-11-24 18:02:33, 0.0902070624, 0.1262693944, 0.1872450942, 0.1537148295, 2825.1458, 2756.5625, 764.2200, 18.4280
2025-11-24 18:02:39, 0.1195789610, 0.1421493976, 0.3183078128, 0.1969071838, 2664.4800, 2734.4800, 766.4350, 19.6384
2025-11-24 18:02:44, 0.1176044684, 0.1295448242, 0.1176977726, 0.1057779329, 2530.2909, 2453.2000, 766.2450, 18.6101
2025-11-24 18:02:50, 0.1281506226, 0.1152571728, 0.1816087449, 0.1855716143, 2391.4468, 2434.6383, 766.3050, 17.3053
2025-11-24 18:02:56, 0.1368536762, 0.1140731788, 0.1017760791, 0.1069614663, 2367.6000, 2309.6250, 766.5900, 19.1252
2025-11-24 18:03:02, 0.1212228039, 0.1638100317, 0.1619518006, 0.1896485178, 2283.6977, 2418.7907, 766.6600, 18.5385
2025-11-24 18:03:08, 0.1110778320, 0.1263213094, 0.2504183476, 0.2055082431, 2491.7966, 2364.7627, 768.2350, 18.0574
2025-11-24 18:03:14, 0.1141293370, 0.0827221727, 0.1828718742, 0.1965516664, 2355.9592, 2399.2041, 767.7400, 20.3885
2025-11-24 18:03:19, 0.1167101972, 0.1258158694, 0.1346045852, 0.1107303808, 2777.3902, 2777.4146, 763.3550, 19.2567
2025-11-24 18:03:25, 0.1260673324, 0.1118777032, 0.1516821466, 0.1777789064, 2590.7609, 2611.6522, 763.8500, 16.5417
2025-11-24 18:03:31, 0.1467291569, 0.1112956423, 0.1615190746, 0.1601450157, 2152.1111, 2116.3889, 768.3050, 16.5176
2025-11-24 18:03:37, 0.1354414478, 0.1239884832, 0.1801442417, 0.1568620449, 2419.9111, 2407.5111, 765.4750, 17.6315
2025-11-24 18:03:43, 0.1179520805, 0.1101430026, 0.1802142536, 0.1924484835, 2405.5000, 2431.3958, 762.9400, 18.1683
2025-11-24 18:03:48, 0.1155695974, 0.1213724357, 0.1189443906, 0.1227986794, 2599.6471, 2620.0000, 764.5050, 19.6352
2025-11-24 18:03:54, 0.1055669291, 0.1336325497, 0.1815521276, 0.1609279490, 2841.3600, 2713.5600, 765.6800, 18.6924
2025-11-24 18:04:00, 0.1013030335, 0.1052363991, 0.1518488263, 0.1296308454, 2554.6610, 2470.0847, 761.2100, 18.1881
2025-11-24 18:04:06, 0.0957062323, 0.1575963993, 0.1460071469, 0.1691742935, 2339.7800, 2412.4400, 760.6100, 17.5362
2025-11-24 18:04:12, 0.1084439239, 0.1115424843, 0.1162138132, 0.1468677138, 2457.8529, 2631.3824, 762.3500, 18.6330
2025-11-24 18:04:17, 0.0776054644, 0.0957215889, 0.1709390881, 0.1758687439, 2162.9623, 2110.4340, 760.8600, 19.2902
2025-11-24 18:04:23, 0.0855466238, 0.1170850496, 0.1840308833, 0.2196609969, 1907.2830, 1930.1698, 761.5700, 18.8657
2025-11-24 18:04:29, 0.1046177672, 0.0885324987, 0.1441433232, 0.1943652000, 1953.1186, 1972.4068, 761.3250, 17.3715
2025-11-24 18:04:35, 0.0946596074, 0.0929614324, 0.1180701927, 0.1305287469, 2010.6739, 2006.3696, 760.9600, 18.1562
2025-11-24 18:04:41, 0.1027120305, 0.0876483460, 0.1201398913, 0.1153525650, 2299.0182, 2222.5091, 759.1100, 16.8326
2025-11-24 18:04:46, 0.1041174756, 0.1139416291, 0.0752404386, 0.0778067969, 1825.5938, 1825.7656, 762.8800, 19.1477
2025-11-24 18:04:52, 0.1192817731, 0.1226963370, 0.1128703461, 0.0973921229, 2196.9828, 2165.0000, 758.9950, 18.0711
2025-11-24 18:04:58, 0.1175100818, 0.1091468665, 0.1228066748, 0.1642124206, 2593.3404, 2596.1702, 756.8800, 19.9906
2025-11-24 18:05:04, 0.1198438954, 0.0982544344, 0.1720715551, 0.1335287062, 2558.2121, 2508.2424, 754.6050, 18.9349
2025-11-24 18:05:09, 0.1358640692, 0.1002179618, 0.1573275390, 0.1697433119, 2340.9057, 2345.6792, 757.9850, 16.6858
2025-11-24 18:05:15, 0.1054341572, 0.1007949949, 0.1864581142, 0.1828921726, 2696.1143, 2662.4286, 754.5600, 16.6966
2025-11-24 18:05:21, 0.1127351985, 0.1260031713, 0.1809828399, 0.1701787173, 2543.4091, 2574.6591, 756.1750, 18.4113
2025-11-24 18:05:26, 0.1278392274, 0.1312230758, 0.1468099280, 0.1557897926, 2375.0566, 2391.9057, 759.5100, 18.0416
2025-11-24 18:05:32, 0.1026083868, 0.1037160776, 0.2117537587, 0.2214900423, 2364.6667, 2336.0784, 761.3050, 19.0815
2025-11-24 18:05:38, 0.1192058210, 0.1313179450, 0.1159006083, 0.1320872804, 2527.7759, 2451.9138, 758.6450, 19.4108
2025-11-24 18:05:44, 0.1325390988, 0.1333000549, 0.1191228656, 0.1330025042, 2489.3818, 2414.7091, 762.9900, 18.1733
2025-11-24 18:05:50, 0.1112904493, 0.1126287088, 0.1119634259, 0.1025940462, 2831.2157, 2778.0196, 759.8600, 17.9772
2025-11-24 18:05:55, 0.1221018282, 0.1255121057, 0.1614995830, 0.1356821875, 2458.8235, 2400.7451, 756.6300, 19.5482
2025-11-24 18:06:01, 0.0843608456, 0.1094722806, 0.2815532617, 0.2284342210, 2495.1538, 2337.7885, 756.0300, 17.9167
2025-11-24 18:06:07, 0.0776274541, 0.0970076085, 0.1459925065, 0.1350827447, 2176.4643, 2165.3929, 752.8500, 19.6705
2025-11-24 18:06:13, 0.1126903916, 0.1035350830, 0.0878471031, 0.0835129588, 1507.0345, 1528.7069, 757.5950, 17.0015
2025-11-24 18:06:18, 0.1421802359, 0.1228860265, 0.1608182646, 0.1539089961, 1879.1800, 1855.9000, 754.2200, 17.7294
2025-11-24 18:06:24, 0.0905671710, 0.0796091173, 0.1945586597, 0.1616411629, 2143.3276, 2137.8966, 755.2050, 18.0156
2025-11-24 18:06:30, 0.1094624681, 0.0968142242, 0.1011782586, 0.0838111808, 1929.1277, 1891.6383, 755.3500, 18.6485
2025-11-24 18:06:35, 0.1147401122, 0.1182729625, 0.1374955178, 0.1085766071, 2259.5091, 2206.1091, 754.9900, 18.7947
2025-11-24 18:06:41, 0.1383555305, 0.1119038150, 0.1060776104, 0.1021006831, 2377.4651, 2358.3721, 755.6650, 16.9515
2025-11-24 18:06:47, 0.1022368473, 0.1144540873, 0.1688337408, 0.1824858524, 2585.0208, 2645.3333, 754.7150, 17.0694
2025-11-24 18:06:53, 0.1194835751, 0.1230750405, 0.1624704924, 0.1548863435, 2547.6364, 2571.6545, 757.6500, 18.0119
2025-11-24 18:06:59, 0.1147125184, 0.1095756751, 0.1842976433, 0.1486449678, 2336.3878, 2292.6735, 754.9300, 17.1483
2025-11-24 18:07:04, 0.1672300299, 0.1536440122, 0.0903568188, 0.1018274001, 2337.1538, 2343.2115, 757.3500, 19.1117
2025-11-24 18:07:10, 0.1357051170, 0.1026964962, 0.1245163882, 0.1052256130, 2506.1667, 2490.5000, 756.3500, 19.6824
2025-11-24 18:07:16, 0.1326198406, 0.1289487071, 0.0972624757, 0.1203951902, 1906.3333, 1889.3509, 758.9400, 18.2794
2025-11-24 18:07:22, 0.1281030785, 0.1136839677, 0.2619058449, 0.2371871801, 2167.8065, 2089.9032, 758.1750, 18.1239
2025-11-24 18:07:28, 0.1217045876, 0.1317644633, 0.1168766637, 0.1034207072, 2405.9048, 2361.1667, 759.8700, 19.0230
2025-11-24 18:07:33, 0.1093184727, 0.1324851987, 0.1488951469, 0.1384949476, 2572.5686, 2554.9216, 762.4000, 16.9962
2025-11-24 18:07:39, 0.1052623781, 0.1310294546, 0.1729193341, 0.1541982987, 2341.4912, 2302.5439, 759.2750, 17.7831
2025-11-24 18:07:45, 0.1263497524, 0.1308892347, 0.1400113994, 0.1148508334, 2632.3673, 2618.5306, 761.2950, 16.9410
2025-11-24 18:07:51, 0.1370377203, 0.1369342980, 0.1873435137, 0.1966352983, 2513.8596, 2566.3684, 762.9600, 18.6938
2025-11-24 18:07:57, 0.1385618313, 0.1265988790, 0.1893306212, 0.1931857554, 2651.8654, 2520.8462, 761.9250, 18.3785
2025-11-24 18:08:03, 0.1372718484, 0.1443843920, 0.2251238366, 0.2078109833, 2656.6458, 2678.6042, 768.0250, 18.0697
2025-11-24 18:08:09, 0.1403468166, 0.1130939193, 0.1780609321, 0.1530933535, 2307.3651, 2261.1111, 767.7050, 19.4596
2025-11-24 18:08:14, 0.1152827754, 0.1095357830, 0.0659719048, 0.0714034479, 1603.2535, 1574.9577, 766.8000, 18.1893
2025-11-24 18:08:20, 0.1029646733, 0.1217493687, 0.1618044078, 0.1377802682, 2264.3191, 2205.4255, 767.4900, 18.1560
2025-11-24 18:08:26, 0.1506953922, 0.1477117736, 0.1336090217, 0.1219455396, 2055.5738, 2035.0820, 765.4500, 19.8229
2025-11-24 18:08:31, 0.1260530700, 0.1040614876, 0.0817676775, 0.0641055083, 1700.8980, 1704.2653, 765.6400, 19.6637
2025-11-24 18:08:37, 0.1368375795, 0.1594301138, 0.0989802110, 0.1051653772, 1695.5161, 1665.6452, 768.2400, 18.5858
2025-11-24 18:08:43, 0.1170438335, 0.1242035021, 0.0752352557, 0.0560805169, 1457.2239, 1395.0597, 768.3650, 19.2406
2025-11-24 18:08:49, 0.1205532499, 0.1640655880, 0.0448623811, 0.0474027789, 1339.8788, 1361.1212, 767.1400, 17.0924
2025-11-24 18:08:54, 0.1101801510, 0.0796557513, 0.0927629249, 0.0808738832, 1618.0769, 1609.3269, 766.0500, 18.4997
2025-11-24 18:09:00, 0.0788550022, 0.1099142315, 0.0870280720, 0.0708737756, 1274.9531, 1219.0938, 765.6450, 17.7851
2025-11-24 18:09:06, 0.0163176165, 0.0071080327, 0.0141039459, 0.0122028058, 937.6441, 911.1186, 766.6650, 17.9104
2025-11-24 18:09:12, 0.0097268688, 0.0030677981, 0.0179150799, 0.0080360766, 830.9200, 832.5800, 767.2600, 18.0802
2025-11-24 18:09:17, 0.0023053559, 0.0010821131, 0.0570134322, 0.0489092713, 667.8235, 669.0000, 765.5300, 20.4477
2025-11-24 18:09:23, 0.0033610724, 0.0015190420, 0.0324074741, 0.0403007388, 728.1290, 724.2903, 763.3350, 18.4001
2025-11-24 18:09:29, 0.0040748169, 0.0012789680, 0.0252239734, 0.0173221635, 812.1333, 815.5111, 763.1150, 16.6833
2025-11-24 18:09:35, 0.0083302532, 0.0025775006, 0.0140085432, 0.0073717014, 865.2979, 846.1064, 767.7900, 18.7039
2025-11-24 18:09:40, 0.0850875803, 0.0888373043, 0.0337276120, 0.0301947131, 1065.7344, 1053.8594, 767.9200, 20.3102
2025-11-24 18:09:46, 0.0588349611, 0.0651968396, 0.0837413830, 0.0762960010, 1741.7656, 1773.9219, 768.7800, 19.2443
2025-11-24 18:09:52, 0.0723832585, 0.0691444131, 0.0871945441, 0.0932731273, 1608.4098, 1548.3443, 767.0200, 20.4753
2025-11-24 18:09:58, 0.0903919074, 0.0613088990, 0.0987041006, 0.1245755123, 1618.2769, 1624.7846, 765.9800, 20.1032
2025-11-24 18:10:03, 0.0862472573, 0.0917039251, 0.1623117755, 0.1422278976, 1859.1000, 1784.4800, 771.7950, 17.9492
2025-11-24 18:10:09, 0.0813613505, 0.0613414605, 0.0436846350, 0.0484090065, 1295.1525, 1313.5932, 772.7600, 20.9187
2025-11-24 18:10:15, 0.0112459818, 0.0016805350, 0.0031008531, 0.0050328407, 882.4468, 872.4255, 768.7800, 19.1828
2025-11-24 18:10:20, 0.0162027791, 0.0041113510, 0.0053102476, 0.0051212858, 905.9355, 881.4194, 769.0600, 20.4073
2025-11-24 18:10:26, 0.0073911610, 0.0024101568, 0.0164376395, 0.0090018490, 872.7917, 877.3333, 768.3750, 20.3250
2025-11-24 18:10:32, 0.0115917845, 0.0018583866, 0.0046126906, 0.0024459393, 844.2667, 836.1667, 771.8500, 19.3692
2025-11-24 18:10:37, 0.0070850006, 0.0026410738, 0.0138165419, 0.0105721473, 864.8358, 868.5970, 769.6150, 18.4886
2025-11-24 18:10:43, 0.0694397873, 0.0643740198, 0.0332929289, 0.0269233500, 1073.3099, 1058.3239, 771.9600, 17.0663
2025-11-24 18:10:49, 0.0148389226, 0.0069839998, 0.0795900853, 0.0656003311, 1471.2881, 1425.6780, 769.6150, 20.1091
2025-11-24 18:10:55, 0.0658596791, 0.1028429162, 0.0667708276, 0.0626068584, 1501.7368, 1525.1930, 764.6500, 19.6267
2025-11-24 18:11:01, 0.0808188568, 0.0903342042, 0.0352621965, 0.0309565708, 1136.4872, 1136.4103, 763.0750, 19.5589
2025-11-24 18:11:06, 0.0785005121, 0.0597771350, 0.0138856424, 0.0141336340, 946.3014, 925.5616, 759.7600, 17.6205
2025-11-24 18:11:12, 0.0271615379, 0.0334435390, 0.0211696524, 0.0113317514, 1044.4265, 1015.1029, 755.9850, 19.2578
2025-11-24 18:11:18, 0.0770300765, 0.0746437489, 0.0305937859, 0.0178191118, 1114.0769, 1079.7846, 757.4250, 21.0909
2025-11-24 18:11:23, 0.0746355512, 0.1016190761, 0.0895017573, 0.0930152250, 2103.9091, 2141.9636, 759.7950, 19.3257
2025-11-24 18:11:29, 0.0816580023, 0.0829215781, 0.1746114226, 0.1786007613, 2573.0189, 2488.1509, 760.4800, 20.4861
2025-11-24 18:11:35, 0.0801938846, 0.0948861108, 0.0790873814, 0.0616029609, 1368.5303, 1352.9848, 760.0000, 18.0180
2025-11-24 18:11:40, 0.0684309662, 0.0807271984, 0.0722707202, 0.0624898107, 1287.9000, 1255.8857, 760.0750, 19.4617
2025-11-24 18:11:46, 0.0075337888, 0.0019288917, 0.0101731488, 0.0091615578, 887.7083, 878.2500, 760.6950, 18.2897
2025-11-24 18:11:52, 0.0049662668, 0.0019284948, 0.0135633993, 0.0037424318, 822.1250, 841.2000, 760.6650, 18.2023
2025-11-24 18:11:57, 0.0070248918, 0.0037298575, 0.0149919721, 0.0068844493, 876.7500, 872.2000, 758.1000, 17.2809
2025-11-24 18:12:03, 0.0095285704, 0.0035048697, 0.0218113429, 0.0207486307, 918.3788, 898.7121, 765.6900, 20.3257
2025-11-24 18:12:10, 0.0252636506, 0.0071432661, 0.0037869539, 0.0035824504, 898.9077, 895.0615, 757.5150, 17.2511
2025-11-24 18:12:16, 0.0654632719, 0.0724974769, 0.0443938930, 0.0306277034, 1122.1270, 1108.7302, 762.6500, 18.4528
2025-11-24 18:12:21, 0.0582162586, 0.0679001716, 0.0673261820, 0.0654421393, 1495.0000, 1471.6167, 763.2400, 20.3853
2025-11-24 18:12:27, 0.0690544821, 0.0602562678, 0.1270297648, 0.1249294856, 2196.8776, 2243.5102, 763.7850, 19.6114
2025-11-24 18:12:33, 0.0698494671, 0.0941904680, 0.0728668117, 0.0630874593, 1787.5094, 1742.1321, 761.0300, 19.1000
2025-11-24 18:12:38, 0.0827355025, 0.0792411920, 0.0429930145, 0.0517291427, 1291.0877, 1298.1930, 761.3550, 20.2817
2025-11-24 18:12:44, 0.0758034615, 0.0736641928, 0.0612005915, 0.0760433451, 1550.1875, 1575.9844, 759.8650, 17.6374
2025-11-24 18:12:50, 0.0705837012, 0.0659641956, 0.0704622987, 0.0730916521, 1639.3103, 1588.1897, 761.0400, 20.6400
2025-11-24 18:12:55, 0.0792682167, 0.0846701408, 0.0746044541, 0.0589099711, 1609.5821, 1594.1194, 760.3800, 18.1655
2025-11-24 18:13:01, 0.0837791784, 0.0852898715, 0.0449492176, 0.0460900710, 1205.8125, 1196.2969, 757.2450, 17.3068
2025-11-24 18:13:08, 0.0773698582, 0.0676856760, 0.0647652848, 0.0758710284, 1576.9800, 1551.9800, 757.4900, 17.9165
2025-11-24 18:13:14, 0.0985109790, 0.0756655228, 0.0928851778, 0.0714458091, 1588.4444, 1569.2222, 760.6050, 17.2551
2025-11-24 18:13:19, 0.0591949648, 0.0584965301, 0.0880188244, 0.0985268635, 1984.2453, 1944.1509, 757.7400, 17.5101
2025-11-24 18:13:25, 0.0727098557, 0.0560113733, 0.1749913350, 0.2282340650, 2051.5246, 2130.9836, 758.0700, 17.9222
2025-11-24 18:13:31, 0.0684212900, 0.0755280931, 0.1184685694, 0.1171703955, 2159.7059, 2186.6765, 759.5000, 18.0380
2025-11-24 18:13:36, 0.0786976414, 0.1105921495, 0.0974653799, 0.0832132900, 1888.3571, 1754.7679, 756.9800, 20.3993
2025-11-24 18:13:42, 0.0752185990, 0.0540332743, 0.1128707324, 0.0959346737, 1926.1316, 1883.5789, 759.5050, 19.6026
2025-11-24 18:13:48, 0.0520300986, 0.0570090037, 0.1280997724, 0.1215178620, 2002.8913, 2045.0435, 759.9000, 18.0892
2025-11-24 18:13:53, 0.0522683085, 0.0521832958, 0.0839718833, 0.0992574571, 1378.7049, 1401.9180, 761.6400, 19.2130
2025-11-24 18:13:59, 0.0654005004, 0.0510132377, 0.0512330008, 0.0367552564, 1232.2742, 1196.2581, 759.7700, 19.0349
2025-11-24 18:14:05, 0.0631066648, 0.0564534665, 0.0181741341, 0.0168141229, 1011.5000, 993.9024, 760.4250, 17.0600
2025-11-24 18:14:11, 0.0211573739, 0.0293901973, 0.0460534926, 0.0421536788, 1246.8525, 1206.1311, 761.7700, 18.1361
2025-11-24 18:14:16, 0.0938317794, 0.0876857791, 0.0943014609, 0.0983885391, 1560.3621, 1542.3103, 761.8200, 21.7655
2025-11-24 18:14:22, 0.0738886574, 0.0796843710, 0.0434615285, 0.0359368037, 1258.1515, 1272.1667, 759.6800, 19.7863
2025-11-24 18:14:28, 0.0633969002, 0.0625240616, 0.0500115692, 0.0329026811, 1219.7581, 1190.7097, 761.1850, 18.9750
2025-11-24 18:14:33, 0.0636425083, 0.0588017628, 0.0826527278, 0.0703932466, 1446.9180, 1427.6230, 761.9550, 19.8913
2025-11-24 18:14:39, 0.0624972239, 0.0579603399, 0.0942834858, 0.0709478253, 1771.6000, 1749.1333, 760.4450, 21.0719
2025-11-24 18:14:45, 0.0712002878, 0.0561200513, 0.1321157589, 0.1786479212, 1953.1481, 2022.4259, 762.1000, 19.5420
2025-11-24 18:14:50, 0.0722940101, 0.0573658906, 0.1427148403, 0.1444606033, 1934.7250, 1843.8500, 762.9550, 21.1892
2025-11-24 18:14:56, 0.0665873247, 0.0619810682, 0.1572206178, 0.1733151762, 2357.6571, 2369.0571, 761.2200, 18.4296
2025-11-24 18:15:02, 0.0633538992, 0.0526098531, 0.2300269159, 0.2039823778, 2052.2105, 2068.4474, 762.4850, 22.4074
2025-11-24 18:15:07, 0.0740777253, 0.0693848130, 0.1888216301, 0.2035933463, 2110.6591, 2126.8864, 760.7300, 20.0102
2025-11-24 18:15:13, 0.0779662319, 0.0598697335, 0.1195851506, 0.0983485603, 1508.3333, 1482.7500, 760.8850, 19.9593
2025-11-24 18:15:19, 0.0698606582, 0.0500187475, 0.1059634360, 0.0855334333, 1680.7692, 1671.3462, 763.3950, 18.3586
2025-11-24 18:15:25, 0.0761349918, 0.0621720129, 0.2164474593, 0.1385204806, 2031.3111, 1967.6667, 760.0750, 21.5842
2025-11-24 18:15:30, 0.0883769879, 0.0670917308, 0.0754540835, 0.0714702835, 1409.5833, 1413.9375, 764.3850, 20.7057
2025-11-24 18:15:36, 0.0692145523, 0.0620130732, 0.0973839662, 0.0824506733, 1536.3934, 1536.5738, 757.1000, 18.9534
2025-11-24 18:15:42, 0.0738469776, 0.0626523247, 0.0777351016, 0.0724815026, 1523.9841, 1484.1270, 760.8850, 16.7072
2025-11-24 18:15:47, 0.0683947124, 0.0822106848, 0.0748349948, 0.0577714812, 1613.5957, 1539.5319, 761.9700, 18.7606
2025-11-24 18:15:53, 0.0833930774, 0.0782452358, 0.0768998168, 0.0531896997, 1476.2353, 1445.4510, 759.0350, 18.8543
2025-11-24 18:15:59, 0.0904300030, 0.0787163783, 0.0773070934, 0.0822766371, 1820.9815, 1777.7037, 759.7700, 17.5800
2025-11-24 18:16:04, 0.0789821635, 0.0583399971, 0.0410615416, 0.0404959848, 1249.6140, 1245.2807, 758.5300, 17.5060
2025-11-24 18:16:10, 0.0694785901, 0.0694860187, 0.1756603827, 0.1665522799, 2317.2586, 2290.8448, 760.6150, 18.7578
2025-11-24 18:16:16, 0.0716637120, 0.0604674929, 0.0917485441, 0.0894287933, 1663.8679, 1714.2453, 759.2700, 18.5636
2025-11-24 18:16:22, 0.0764895920, 0.0822190840, 0.1327474817, 0.1037202179, 1800.9000, 1795.4800, 762.7000, 17.8827
2025-11-24 18:16:28, 0.0720753185, 0.1077571723, 0.1405072172, 0.1428715291, 2198.6744, 2216.7209, 760.2300, 18.6203
2025-11-24 18:16:33, 0.1011269634, 0.0801071489, 0.1650690801, 0.1414680608, 2287.4783, 2250.3043, 761.3000, 18.0535
2025-11-24 18:16:39, 0.0857814009, 0.0748131506, 0.1041870872, 0.0763324106, 2079.2909, 2036.0000, 757.0300, 16.6559
2025-11-24 18:16:45, 0.0880624413, 0.0626062100, 0.1244866456, 0.1261938151, 2523.0426, 2655.2766, 759.2600, 18.1053
2025-11-24 18:16:50, 0.0958822372, 0.0764363339, 0.1563540471, 0.1406420671, 2318.9796, 2273.7959, 759.3950, 18.3515
2025-11-24 18:16:56, 0.0754485928, 0.0791479604, 0.1506104165, 0.1283841491, 2281.6957, 2168.6087, 757.6400, 17.2482
2025-11-24 18:17:02, 0.0991806765, 0.1136300246, 0.2738108514, 0.2016605621, 2820.2683, 2678.1707, 757.9100, 17.6055
2025-11-24 18:17:07, 0.0747409023, 0.0758206364, 0.2777215391, 0.1972147021, 2797.7568, 2686.6757, 756.4650, 17.9744
2025-11-24 18:17:13, 0.0839660128, 0.0761112956, 0.1299697489, 0.1317573164, 2400.3269, 2405.2885, 757.0850, 17.4971
2025-11-24 18:17:19, 0.0825498409, 0.0789118676, 0.1138473235, 0.1572977489, 2433.9767, 2473.4419, 758.7150, 18.1910
2025-11-24 18:17:25, 0.0903417502, 0.0627580842, 0.1642577787, 0.1634684973, 2290.5750, 2387.8000, 756.9100, 17.0171
2025-11-24 18:17:30, 0.0657445258, 0.0788493211, 0.2054411086, 0.1420368914, 2548.8108, 2509.4324, 757.6850, 18.9342
2025-11-24 18:17:36, 0.0712529091, 0.0711518413, 0.1602811264, 0.1533971079, 2225.6552, 2242.3793, 761.1850, 18.2647
2025-11-24 18:17:41, 0.0753628433, 0.0938057545, 0.2279747335, 0.1768537925, 2384.9492, 2427.9492, 762.0050, 19.2321
2025-11-24 18:17:47, 0.0793204930, 0.0798745894, 0.2005696573, 0.1591021697, 2399.4909, 2370.4909, 762.7500, 17.2452
2025-11-24 18:17:53, 0.0711916854, 0.0745026129, 0.2053959135, 0.2684968720, 2532.0612, 2599.7755, 764.4350, 19.5189
2025-11-24 18:17:59, 0.0598669042, 0.0732563888, 0.1822663053, 0.1687672286, 2639.4750, 2644.7250, 760.1800, 17.8641
2025-11-24 18:18:04, 0.0696297595, 0.0516222209, 0.1685208657, 0.1503689269, 2700.9273, 2738.4182, 762.5650, 17.9362
2025-11-24 18:18:10, 0.0531330515, 0.0661933382, 0.1860838218, 0.1629026212, 2680.4545, 2523.5455, 763.5650, 19.4688
2025-11-24 18:18:15, 0.0898734285, 0.0692430852, 0.1721244195, 0.1694809928, 2326.1000, 2294.5500, 757.5900, 17.4325
2025-11-24 18:18:22, 0.0709784856, 0.0610425145, 0.1705671828, 0.1919844419, 2404.7925, 2439.3396, 759.7650, 18.5661
2025-11-24 18:18:27, 0.0544971917, 0.0566256377, 0.1679327211, 0.2410954013, 2418.0980, 2502.4118, 757.6200, 17.4349
2025-11-24 18:18:33, 0.0728761522, 0.0647199951, 0.2869832067, 0.3088795756, 2279.4118, 2265.0196, 757.9800, 18.7992
2025-11-24 18:18:39, 0.0761835533, 0.0475100461, 0.1816222711, 0.2065484115, 2690.6585, 2652.0488, 760.9450, 18.5732
2025-11-24 18:18:44, 0.0646044483, 0.0628229844, 0.1320513877, 0.1238385574, 2265.7593, 2160.1111, 757.6000, 20.4154
2025-11-24 18:18:50, 0.0720384786, 0.0859168408, 0.1954119058, 0.2169834600, 2809.7736, 2835.2264, 757.2750, 17.8185
2025-11-24 18:18:55, 0.0831436693, 0.0818455987, 0.1222901195, 0.0966389865, 2580.0000, 2521.8293, 758.0850, 17.8120
2025-11-24 18:19:01, 0.0912120658, 0.0467009128, 0.1457307315, 0.1381336222, 2470.9111, 2442.5778, 756.6900, 17.7728
2025-11-24 18:19:07, 0.0897339347, 0.0787474758, 0.1074122852, 0.0882250423, 2264.4250, 2225.0000, 760.2450, 17.7746
2025-11-24 18:19:12, 0.0875387555, 0.0541237328, 0.1698019121, 0.1959263290, 3000.4348, 2943.2174, 758.2400, 17.6415
2025-11-24 18:19:18, 0.0825606753, 0.0577218563, 0.1815967934, 0.1871782177, 2911.9091, 2794.4318, 762.3800, 17.8167
2025-11-24 18:19:24, 0.0894373574, 0.0769379791, 0.1048321291, 0.1180645105, 2555.1800, 2573.6200, 762.5850, 18.3849
2025-11-24 18:19:30, 0.1005623577, 0.0827535152, 0.0846996925, 0.1040284676, 2593.5526, 2590.6842, 762.3200, 20.0239
2025-11-24 18:19:36, 0.0955657611, 0.0883515594, 0.2003199756, 0.1171097760, 2493.3514, 2393.6486, 763.2450, 19.6187
2025-11-24 18:19:41, 0.0547290472, 0.0595543436, 0.1101180208, 0.1064206111, 2659.1579, 2498.1053, 762.8250, 18.4606
2025-11-24 18:19:47, 0.0681377237, 0.0541771167, 0.2333130346, 0.1536218775, 2431.2308, 2342.5000, 766.0950, 18.3738
2025-11-24 18:19:53, 0.0548799227, 0.0751249933, 0.0974093810, 0.1573186777, 2533.8727, 2492.4000, 764.1100, 18.6083
2025-11-24 18:19:58, 0.0763307954, 0.0713684182, 0.1833356573, 0.1349677502, 2764.9483, 2681.0000, 766.0450, 18.9183
2025-11-24 18:20:04, 0.0783853006, 0.0765984279, 0.1664015491, 0.1294453420, 2745.1136, 2794.0909, 766.4600, 16.5012
2025-11-24 18:20:10, 0.0850654680, 0.0808631528, 0.2850551296, 0.1921407800, 2912.8235, 2810.6275, 764.7800, 18.6693
2025-11-24 18:20:16, 0.0838532918, 0.0777106764, 0.1120913265, 0.0804619390, 2644.0392, 2593.9608, 766.0450, 15.9023
2025-11-24 18:20:21, 0.0711376131, 0.0773815356, 0.2502818443, 0.2179190442, 2674.6857, 2507.4286, 767.3850, 18.0983
2025-11-24 18:20:27, 0.0910737128, 0.0768638886, 0.1901719981, 0.2028902399, 2433.7292, 2315.9583, 766.4000, 17.2942
2025-11-24 18:20:33, 0.0771786670, 0.0762977605, 0.1446020690, 0.1644010748, 2679.6098, 2766.4634, 765.0100, 18.4347
2025-11-24 18:20:38, 0.0731956814, 0.0908642069, 0.1333946790, 0.1063428100, 2696.3725, 2682.0784, 767.4900, 17.9986
2025-11-24 18:20:44, 0.0903271913, 0.0734559504, 0.2019319446, 0.1915654769, 2582.2609, 2623.3261, 762.8550, 18.5729
2025-11-24 18:20:50, 0.0597489256, 0.0693798996, 0.1577762598, 0.1447747279, 2466.9070, 2476.6977, 766.0750, 18.4274
2025-11-24 18:20:55, 0.0757952081, 0.0935612682, 0.1301119772, 0.1377828072, 2574.1020, 2505.1224, 767.4800, 18.3355
2025-11-24 18:21:01, 0.0645959239, 0.0638369980, 0.2059898039, 0.1854705090, 2809.7170, 2743.0189, 764.2750, 18.0911
2025-11-24 18:21:07, 0.0728567336, 0.0629436777, 0.1789544542, 0.1936832479, 2643.4727, 2635.9273, 760.7850, 18.7592
2025-11-24 18:21:13, 0.0575503460, 0.0637359269, 0.1665204267, 0.1896484254, 2522.9778, 2651.5778, 760.1500, 18.7723
2025-11-24 18:21:18, 0.0926669717, 0.0580390664, 0.0814813360, 0.0882117826, 2525.4130, 2495.7174, 761.5400, 17.3793
2025-11-24 18:21:24, 0.1054196133, 0.0681210692, 0.0990128696, 0.0939776529, 2303.8444, 2280.7778, 758.6900, 18.7996
2025-11-24 18:21:30, 0.0872573480, 0.0504298524, 0.1443403023, 0.1480350905, 2490.2500, 2492.0167, 758.6250, 18.9112
2025-11-24 18:21:36, 0.0823480577, 0.0773757011, 0.1150596026, 0.1464644616, 2696.3191, 2626.5745, 760.5400, 18.4263
2025-11-24 18:21:41, 0.0671070453, 0.0631333623, 0.0872566393, 0.1059931149, 2434.4375, 2504.2292, 758.8350, 20.3223
2025-11-24 18:21:47, 0.0703453857, 0.0633422558, 0.1276290269, 0.1044957589, 2551.4681, 2442.7872, 760.1350, 18.7082
2025-11-24 18:21:53, 0.0779696337, 0.0574393285, 0.1355506813, 0.1172673172, 2470.6531, 2477.4898, 757.0050, 17.5236
2025-11-24 18:21:58, 0.0777000345, 0.0580990557, 0.1268828479, 0.1254243715, 2602.6531, 2546.2245, 756.4450, 19.0291
2025-11-24 18:22:04, 0.0780828691, 0.0872790131, 0.0943539408, 0.1003945342, 2682.3333, 2664.3111, 756.1350, 18.8127
2025-11-24 18:22:10, 0.0635198160, 0.0822461251, 0.1083441708, 0.0862047856, 2410.8387, 2324.5484, 757.0850, 18.2693
2025-11-24 18:22:15, 0.0641500508, 0.0529894262, 0.1139960958, 0.0989609635, 2564.3830, 2459.4894, 755.7900, 17.8826
2025-11-24 18:22:21, 0.0816691401, 0.0649686603, 0.1265862983, 0.1303135538, 2284.7755, 2325.9592, 756.4800, 17.1009
2025-11-24 18:22:26, 0.0617274415, 0.0507376395, 0.2776631354, 0.2090971550, 2508.2167, 2333.4833, 758.0000, 19.0990
2025-11-24 18:22:32, 0.0580525887, 0.0570358487, 0.2552694224, 0.3202404539, 2543.8462, 2657.5769, 757.4100, 16.9933
2025-11-24 18:22:38, 0.0825416568, 0.0818631881, 0.1432919837, 0.1288612238, 2565.6383, 2419.7021, 757.8400, 18.5670
2025-11-24 18:22:44, 0.0605463510, 0.0554144395, 0.1326015223, 0.1198906577, 2672.4400, 2691.0000, 761.8550, 17.0210
2025-11-24 18:22:50, 0.0597941182, 0.0592639374, 0.1775975593, 0.1902596173, 2504.0488, 2384.8780, 760.7750, 17.8189
2025-11-24 18:22:55, 0.0576219224, 0.0500176868, 0.0994687261, 0.1235901288, 2432.0541, 2300.2432, 757.9100, 18.4405
2025-11-24 18:23:01, 0.0587534884, 0.0534045715, 0.1267516878, 0.1198052239, 2770.3462, 2734.5385, 760.1150, 17.6003
2025-11-24 18:23:06, 0.0742357114, 0.0842217481, 0.1618741984, 0.1213361374, 2410.1379, 2338.6552, 761.0250, 17.7128
2025-11-24 18:23:12, 0.0757082759, 0.0790853927, 0.2034939520, 0.2123525189, 2620.1296, 2728.3889, 761.1600, 18.9988
2025-11-24 18:23:18, 0.0863942751, 0.0723266348, 0.1752324595, 0.1379853635, 2506.2444, 2401.2444, 761.8950, 15.9369
2025-11-24 18:23:24, 0.0848826352, 0.0736701995, 0.1411507909, 0.1265774354, 2471.1250, 2409.1875, 760.5500, 17.7794
2025-11-24 18:23:30, 0.0712019481, 0.0824328746, 0.1916859813, 0.2044341895, 2429.0351, 2390.7895, 761.1900, 18.4625
2025-11-24 18:23:35, 0.0663933976, 0.0915895630, 0.1407487774, 0.1391927879, 2438.2857, 2548.9524, 759.9250, 17.8966
2025-11-24 18:23:41, 0.0994917806, 0.0690473213, 0.1855468484, 0.1908315958, 2571.5682, 2612.7955, 759.2650, 20.6207
2025-11-24 18:23:47, 0.0907107187, 0.0881196058, 0.1702213670, 0.1285025329, 2497.7273, 2471.8545, 764.0750, 19.1512
2025-11-24 18:23:53, 0.0835746083, 0.0767130756, 0.1583370720, 0.1641941444, 2457.4815, 2433.4259, 763.4450, 19.3124
2025-11-24 18:23:58, 0.1124630603, 0.0742413824, 0.1415289669, 0.1579179932, 2391.7045, 2419.0455, 761.0900, 20.5702
2025-11-24 18:24:04, 0.0878578622, 0.0719448006, 0.1609569184, 0.2325607775, 2338.7755, 2394.6327, 764.4550, 17.6604
2025-11-24 18:24:10, 0.0733771365, 0.0974132220, 0.1468098827, 0.1350881348, 2544.6429, 2515.0952, 764.2400, 17.8231
2025-11-24 18:24:15, 0.0823930660, 0.0966274458, 0.0950879895, 0.0992435491, 2320.8833, 2261.7833, 763.1950, 19.7628
2025-11-24 18:24:21, 0.0954282853, 0.0773649334, 0.1055463601, 0.1158336173, 2197.9574, 2226.0638, 762.2400, 18.1819
2025-11-24 18:24:27, 0.0678726191, 0.0774417054, 0.1373575446, 0.1280954699, 2519.0465, 2461.6744, 764.6200, 17.5865
2025-11-24 18:24:32, 0.0887033179, 0.0855422613, 0.1552656065, 0.1147269364, 2543.0545, 2488.2364, 762.6450, 19.3463
2025-11-24 18:24:38, 0.0939064256, 0.0844996588, 0.2115241774, 0.1328723742, 2572.5091, 2483.8182, 763.3450, 17.1244
2025-11-24 18:24:44, 0.0702051186, 0.0642550680, 0.1684849748, 0.1173076246, 2774.6667, 2756.1875, 761.3050, 17.7438
2025-11-24 18:24:49, 0.0872731379, 0.0698740745, 0.1323972344, 0.1088214573, 2930.6905, 2943.7857, 763.4850, 20.0192
2025-11-24 18:24:55, 0.0772088009, 0.0732221392, 0.1254093102, 0.1106551256, 2270.5385, 2321.1731, 760.1950, 17.5533
2025-11-24 18:25:01, 0.1041776805, 0.0669399821, 0.1467064402, 0.1482632055, 2366.4286, 2370.2321, 763.9850, 19.1433
2025-11-24 18:25:06, 0.0782802966, 0.0825822107, 0.1686452566, 0.1906373057, 2575.4746, 2485.8814, 763.0950, 16.9291
2025-11-24 18:25:12, 0.0797239894, 0.0769967224, 0.1506026817, 0.1115074378, 2796.7931, 2653.5517, 765.3300, 18.8783
2025-11-24 18:25:18, 0.0750826462, 0.0839204125, 0.1385826453, 0.1182632510, 2734.1613, 2586.8710, 759.7550, 19.6735
2025-11-24 18:25:24, 0.0672404608, 0.0793656450, 0.1973543974, 0.1808250089, 2830.2174, 2743.9130, 762.2050, 22.0555
2025-11-24 18:25:29, 0.0946242642, 0.0757431831, 0.1389236077, 0.1338155499, 2430.1190, 2325.2143, 760.7950, 19.4536
2025-11-24 18:25:35, 0.0680618682, 0.0717129067, 0.2498436030, 0.2051004912, 2404.6744, 2354.7674, 759.3650, 19.8152
2025-11-24 18:25:41, 0.0832828629, 0.0950070639, 0.1600395678, 0.1209484286, 2378.1930, 2289.8596, 758.4200, 20.1128
2025-11-24 18:25:46, 0.0940521151, 0.0840972027, 0.1634896313, 0.1326740335, 2370.3043, 2356.1957, 764.3300, 17.5474
2025-11-24 18:25:52, 0.0921718855, 0.0782289712, 0.1880351120, 0.1850923670, 2721.0750, 2678.0750, 759.4600, 18.1642
2025-11-24 18:25:58, 0.1208677300, 0.0858474563, 0.1541983687, 0.2831642229, 2147.6486, 2185.2432, 760.7800, 19.2326
2025-11-24 18:26:04, 0.0754229873, 0.0801430388, 0.1182007560, 0.1600313464, 1997.9231, 2081.8974, 761.2850, 18.8445
2025-11-24 18:26:09, 0.0932481160, 0.0699221664, 0.1869621495, 0.1672324805, 2481.0488, 2435.4390, 760.9150, 19.9809
2025-11-24 18:26:15, 0.0767717632, 0.0609192143, 0.2172103842, 0.2122356101, 2504.4182, 2444.2364, 759.6200, 19.0036
2025-11-24 18:26:21, 0.0702361194, 0.0754022614, 0.2839323134, 0.2847830992, 2558.6744, 2460.9535, 759.8550, 17.4179
2025-11-24 18:26:26, 0.1037580403, 0.0900943456, 0.2014793800, 0.1893490973, 2613.3784, 2545.4054, 756.1000, 18.5804
2025-11-24 18:26:32, 0.0643037697, 0.0701003795, 0.2233874310, 0.1889482562, 2525.5581, 2483.8837, 758.2000, 18.9122
2025-11-24 18:26:38, 0.0954154421, 0.1052187077, 0.1767609249, 0.2013586109, 2354.9375, 2332.0833, 756.2000, 18.3712
2025-11-24 18:26:43, 0.0758813354, 0.1177868820, 0.1605049991, 0.1761208592, 2721.3404, 2837.5957, 764.3300, 20.1405
2025-11-24 18:26:49, 0.0856777739, 0.0895908329, 0.1996034484, 0.1722015368, 2536.8085, 2468.3191, 761.3400, 16.8174
2025-11-24 18:26:55, 0.0935133534, 0.0958198252, 0.2486270818, 0.2385193166, 2428.8727, 2442.9455, 761.9550, 16.4576
2025-11-24 18:27:00, 0.1080608336, 0.0842735085, 0.1572825897, 0.1798597698, 2383.0000, 2364.5439, 761.1850, 16.0362
2025-11-24 18:27:06, 0.0998722364, 0.1110519232, 0.2338244744, 0.2517001857, 2412.6905, 2374.0714, 760.3350, 18.2379
2025-11-24 18:27:12, 0.0956128571, 0.1039793170, 0.1666508744, 0.1703717173, 2167.8864, 2171.0455, 759.7550, 17.6894
2025-11-24 18:27:17, 0.0992391514, 0.0874463730, 0.1403373634, 0.1286585441, 2301.2419, 2364.5968, 760.2250, 16.6941
2025-11-24 18:27:23, 0.0601996053, 0.0669847682, 0.2456750088, 0.2778200930, 2811.6557, 2786.2459, 759.5900, 16.6917
2025-11-24 18:27:29, 0.1008488452, 0.0698375052, 0.1399725157, 0.1768977931, 2377.8250, 2527.1500, 759.1400, 17.0080
2025-11-24 18:27:35, 0.0856111079, 0.0807917920, 0.2297569212, 0.2870794478, 2454.9608, 2458.3333, 760.7000, 18.2080
2025-11-24 18:27:40, 0.0679120123, 0.0816760893, 0.2262505915, 0.2442515327, 2410.4348, 2365.8913, 761.8950, 18.5791
2025-11-24 18:27:46, 0.0805248728, 0.0857604503, 0.2030620287, 0.1587150091, 2282.7609, 2308.0217, 762.0050, 17.5361
2025-11-24 18:27:52, 0.0957502309, 0.0858649630, 0.1486899536, 0.1355036354, 2257.5593, 2200.7288, 759.0050, 18.0819
2025-11-24 18:27:58, 0.0680075434, 0.0701352471, 0.2036407466, 0.2654837554, 2429.1091, 2518.7636, 759.4250, 18.9181
2025-11-24 18:28:04, 0.0736283301, 0.0952302806, 0.2421979151, 0.1925024608, 2620.3095, 2628.5952, 760.7350, 19.2739
2025-11-24 18:28:09, 0.0979655334, 0.0843533270, 0.2482595370, 0.2599865336, 2765.8837, 2706.7209, 759.8750, 17.0783
2025-11-24 18:28:15, 0.0834200554, 0.0557696427, 0.1470354739, 0.1229676000, 2559.1538, 2541.8269, 759.9650, 17.9517
2025-11-24 18:28:21, 0.0818757747, 0.0970419140, 0.1751938001, 0.2389826808, 2957.9767, 3079.2326, 760.8100, 18.5622
2025-11-24 18:28:26, 0.0830514093, 0.0665962899, 0.1993361043, 0.2140099561, 2640.4048, 2667.1190, 759.9350, 18.1351
2025-11-24 18:28:32, 0.0778915863, 0.0611727598, 0.2014877014, 0.2214586224, 2583.2558, 2702.3953, 758.2750, 19.9489
2025-11-24 18:28:38, 0.0756752941, 0.0870889488, 0.2681485792, 0.2040259452, 2756.1373, 2757.4510, 763.1000, 18.3041
2025-11-24 18:28:43, 0.0992351800, 0.0916831336, 0.1333654838, 0.1485047712, 2528.0000, 2627.1176, 759.6750, 18.4035
2025-11-24 18:28:49, 0.0765207108, 0.0592620132, 0.1360394705, 0.1162698863, 2523.3182, 2441.8409, 760.1900, 19.5947
2025-11-24 18:28:55, 0.0701863819, 0.0786050959, 0.2209215185, 0.1303062683, 2546.9730, 2405.0811, 761.2300, 16.1610
2025-11-24 18:29:01, 0.0639155650, 0.0723367199, 0.1013234682, 0.1099972537, 2252.4348, 2281.0652, 760.5450, 17.1224
2025-11-24 18:29:06, 0.1083251777, 0.0906765014, 0.1804743442, 0.1561621996, 2983.2391, 2878.1522, 760.1400, 18.4922
2025-11-24 18:29:12, 0.0674745450, 0.0745274453, 0.1381882626, 0.1323830627, 2412.9459, 2274.0811, 760.1400, 17.6791
2025-11-24 18:29:18, 0.0753189436, 0.0712019106, 0.1280565983, 0.1268118450, 2583.2273, 2532.2955, 760.7000, 17.5536
2025-11-24 18:29:24, 0.0710973263, 0.0648094322, 0.1579579745, 0.1655062464, 2335.7800, 2243.0800, 762.5400, 18.3076
2025-11-24 18:29:29, 0.0962460778, 0.0647861496, 0.1860738794, 0.1770481691, 2402.6667, 2358.2157, 761.7350, 18.5180
2025-11-24 18:29:35, 0.0606593286, 0.0608743325, 0.3132248541, 0.2539510308, 2666.2000, 2604.4000, 758.5600, 16.5132
2025-11-24 18:29:41, 0.0624948071, 0.0694146998, 0.1322108303, 0.1496316102, 2430.7885, 2457.2885, 757.9300, 17.1042
2025-11-24 18:29:46, 0.0656030347, 0.0611586180, 0.1462844433, 0.2004620748, 2641.2075, 2591.6981, 760.8550, 17.4998
2025-11-24 18:29:52, 0.1071436256, 0.0887011926, 0.1993493605, 0.1797248112, 2582.3913, 2447.1522, 758.1750, 17.7492
2025-11-24 18:29:58, 0.0815223420, 0.0676586150, 0.1530107812, 0.1625504430, 2484.6591, 2480.8182, 758.6850, 16.9825
2025-11-24 18:30:04, 0.0713360973, 0.0671984589, 0.1746675285, 0.1353416530, 2681.1042, 2641.5208, 759.9350, 17.2099
2025-11-24 18:30:10, 0.0725615319, 0.0753602938, 0.1219925961, 0.1292069533, 2327.5500, 2376.0000, 758.9550, 17.2225
2025-11-24 18:30:16, 0.0607104513, 0.0765006444, 0.2669474157, 0.2404936834, 2562.4390, 2403.8537, 763.0350, 18.0559
2025-11-24 18:30:21, 0.0569842366, 0.0637344316, 0.2438509820, 0.2068229982, 2349.6190, 2300.3571, 762.0050, 17.0119
2025-11-24 18:30:27, 0.0890762049, 0.0967548083, 0.1015691880, 0.1112427271, 2596.0185, 2570.8889, 762.2500, 18.9464
2025-11-24 18:30:32, 0.0696058937, 0.1206221252, 0.1446375571, 0.2136698402, 2438.1860, 2342.8140, 762.6750, 18.2277
2025-11-24 18:30:38, 0.0824937521, 0.0777478159, 0.1879940546, 0.1965506277, 2657.4146, 2618.8049, 761.1300, 18.1734
2025-11-24 18:30:44, 0.0911873033, 0.0932863503, 0.2640854128, 0.2086444102, 2762.0508, 2675.2203, 760.9700, 17.8986
2025-11-24 18:30:49, 0.0764401805, 0.0689147701, 0.2444439059, 0.1542602646, 2578.3833, 2565.3000, 765.8450, 18.7976
2025-11-24 18:30:55, 0.0632183461, 0.0680454282, 0.1154818395, 0.1103468541, 2101.0000, 2076.8462, 765.9350, 18.3878
2025-11-24 18:31:01, 0.0826256833, 0.1159657702, 0.1802721834, 0.2029782050, 2787.8605, 2722.5814, 763.4950, 17.8740
2025-11-24 18:31:07, 0.0956659100, 0.0957650078, 0.1495232999, 0.1793563178, 2289.4902, 2359.3137, 766.1800, 19.4784
2025-11-24 18:31:12, 0.0958725005, 0.0902415001, 0.1514841137, 0.1540395004, 2544.0370, 2415.4630, 763.2250, 21.0925
2025-11-24 18:31:18, 0.0911354999, 0.0836576954, 0.1749824462, 0.1521517515, 2378.9149, 2420.7660, 764.2750, 19.2855
2025-11-24 18:31:24, 0.0849530310, 0.0944875593, 0.1045601440, 0.0909475162, 2512.3953, 2435.2326, 766.5750, 18.4888
2025-11-24 18:31:29, 0.1270035436, 0.1111958783, 0.1286517595, 0.1315260279, 2528.7391, 2348.4130, 764.9050, 20.0011
2025-11-24 18:31:35, 0.0787712170, 0.0874694994, 0.2008541536, 0.1537214488, 2487.2292, 2353.4375, 766.9050, 18.8766
2025-11-24 18:31:41, 0.1368751232, 0.0753012561, 0.2239291456, 0.2410398644, 2540.3415, 2583.3659, 768.8050, 18.1485
2025-11-24 18:31:46, 0.0865645634, 0.0649448575, 0.1486181399, 0.1632539758, 2661.6000, 2529.0222, 767.3400, 18.9722
2025-11-24 18:31:52, 0.0953637479, 0.0733090382, 0.1771668347, 0.1384244185, 2704.9535, 2442.8372, 768.7450, 18.9607
2025-11-24 18:31:58, 0.0955404101, 0.0826041198, 0.2094549393, 0.1377164395, 2589.5926, 2500.3519, 766.7550, 18.6771
2025-11-24 18:32:04, 0.0729655854, 0.0868338426, 0.1601180712, 0.1578875798, 2487.9048, 2593.3810, 765.5500, 17.7929
2025-11-24 18:32:09, 0.0755734895, 0.0611622814, 0.2172426528, 0.1675431403, 2277.6000, 2237.5143, 768.2000, 17.7045
2025-11-24 18:32:15, 0.1078467828, 0.0782232323, 0.2632892186, 0.1830557589, 2806.3721, 2657.7907, 768.5800, 18.9252
2025-11-24 18:32:20, 0.0918419698, 0.0596550569, 0.1443413476, 0.1452840272, 2481.0750, 2424.0000, 762.2200, 19.4674
2025-11-24 18:32:26, 0.0937841791, 0.0982043149, 0.1183672767, 0.1240167417, 2295.7353, 2365.0294, 763.9450, 19.1557
2025-11-24 18:32:32, 0.1405034372, 0.0908615246, 0.1903046242, 0.1616072974, 2730.6000, 2658.4750, 764.2250, 19.5529
2025-11-24 18:32:37, 0.0802909314, 0.0972675518, 0.1868551920, 0.1875024358, 2702.4359, 2677.3590, 762.7450, 18.0286
2025-11-24 18:32:43, 0.0959159831, 0.0969724467, 0.1360918726, 0.2631318410, 2422.7619, 2520.1905, 764.5600, 16.3904
2025-11-24 18:32:49, 0.0960953681, 0.0848127429, 0.1589856559, 0.1571079235, 2671.2619, 2702.1667, 764.8550, 18.9619
2025-11-24 18:32:55, 0.0871071042, 0.0947699055, 0.1329115509, 0.1115197577, 2363.8293, 2265.5610, 761.9350, 17.9736
2025-11-24 18:33:00, 0.0586621860, 0.0687637360, 0.1535117329, 0.1386658942, 2435.1429, 2373.8776, 763.2850, 18.5597
2025-11-24 18:33:06, 0.1175498295, 0.1083197083, 0.1117169621, 0.1160427066, 2269.5581, 2378.3023, 765.6450, 17.3182
2025-11-24 18:33:12, 0.0814432527, 0.0786750227, 0.2050074192, 0.1670221994, 3068.3800, 2940.5000, 762.3650, 17.0456
2025-11-24 18:33:17, 0.1121905897, 0.0733547232, 0.1333686750, 0.1131728963, 2358.7551, 2325.4286, 760.7350, 18.1448
2025-11-24 18:33:23, 0.0984197164, 0.0960841067, 0.1986215877, 0.1386473326, 3076.8421, 2768.2632, 761.5850, 16.7162
2025-11-24 18:33:29, 0.0928491288, 0.0987551722, 0.1219470152, 0.1154863658, 2575.1724, 2524.8276, 763.3850, 17.4936
2025-11-24 18:33:34, 0.1042772240, 0.0876408051, 0.1534454285, 0.1744124073, 2386.1071, 2427.2143, 764.3300, 16.7589
2025-11-24 18:33:40, 0.0836362845, 0.0813279401, 0.1118841595, 0.1115925994, 2371.4902, 2404.6667, 758.7000, 17.6898
2025-11-24 18:33:46, 0.1204377563, 0.1215905416, 0.1995851376, 0.2393109616, 2693.6136, 2688.5455, 756.2650, 18.0658
2025-11-24 18:33:51, 0.0643731323, 0.0966185831, 0.1022770037, 0.1057118386, 2564.8222, 2687.5778, 760.9600, 19.1306
2025-11-24 18:33:57, 0.0958420279, 0.0897754765, 0.1571786806, 0.1435497071, 2396.7021, 2356.6170, 755.6400, 17.6828
2025-11-24 18:34:03, 0.0848761170, 0.0957385551, 0.1707121859, 0.1545908516, 2558.7200, 2458.1400, 757.7900, 17.2811
2025-11-24 18:34:09, 0.1206957588, 0.0913454386, 0.0872120149, 0.1051529881, 2419.0952, 2433.8333, 757.6350, 18.4291
2025-11-24 18:34:14, 0.1242764291, 0.0665894432, 0.2047040893, 0.1901079530, 2269.1951, 2238.6829, 756.2300, 17.0387
2025-11-24 18:34:20, 0.0720834850, 0.0782929017, 0.1698310658, 0.1596196299, 2233.3000, 2308.6000, 757.7150, 15.9826
2025-11-24 18:34:26, 0.1096757533, 0.1075080831, 0.1173833599, 0.0816665598, 2501.2308, 2465.1538, 764.6950, 18.3494
2025-11-24 18:34:31, 0.0942582616, 0.0719867092, 0.2286985283, 0.2074899390, 2644.8085, 2606.6596, 762.8850, 17.5337
2025-11-24 18:34:37, 0.1029680983, 0.0772046490, 0.2467002634, 0.1713340544, 2629.8298, 2495.7021, 763.5900, 19.1066
2025-11-24 18:34:43, 0.0828236568, 0.0933163470, 0.1756047246, 0.1327949915, 2477.1818, 2409.2045, 762.9150, 18.0482
2025-11-24 18:34:48, 0.1179458283, 0.0958748187, 0.1385624823, 0.1554511387, 2448.7273, 2533.4909, 762.3100, 17.0735
2025-11-24 18:34:54, 0.0998690994, 0.0865890399, 0.1390732940, 0.1562534303, 2515.8571, 2463.5714, 764.5950, 17.2288
2025-11-24 18:35:00, 0.0988135066, 0.0930053355, 0.1338759525, 0.1041065679, 2875.9800, 2718.1400, 766.7950, 16.7049
2025-11-24 18:35:06, 0.0994281605, 0.0894342834, 0.1071673768, 0.1052167690, 2853.1915, 2811.6809, 765.5350, 18.0884
2025-11-24 18:35:12, 0.0887344847, 0.0986975816, 0.1421261991, 0.1338638271, 2499.5849, 2596.6226, 765.0850, 18.0180
2025-11-24 18:35:17, 0.1082330519, 0.0921406155, 0.1603271517, 0.1423941543, 2553.2642, 2564.2264, 764.9500, 19.3726
2025-11-24 18:35:23, 0.1390134645, 0.0916363112, 0.1485607183, 0.1382029535, 2253.7500, 2222.6154, 767.7200, 18.6711
2025-11-24 18:35:29, 0.1296973865, 0.1300296504, 0.1027833523, 0.1062907134, 2347.4694, 2338.0612, 764.1800, 17.1892
2025-11-24 18:35:34, 0.0802288845, 0.1138046501, 0.1336296612, 0.1519656909, 2600.2195, 2595.8049, 767.3850, 20.4041
2025-11-24 18:35:40, 0.0932580133, 0.0999468905, 0.1614722714, 0.1427685789, 2373.8605, 2242.8605, 765.2150, 18.2745
2025-11-24 18:35:46, 0.0989786268, 0.0917491530, 0.1733031629, 0.1518801712, 2596.1395, 2560.8140, 764.5000, 18.2280
2025-11-24 18:35:52, 0.0899189296, 0.0807841488, 0.1538071826, 0.1282488944, 2301.1143, 2455.8857, 764.8200, 17.9033
2025-11-24 18:35:57, 0.0873815720, 0.0910077920, 0.2656682476, 0.2337141839, 2723.8113, 2627.5094, 768.1500, 17.1396
2025-11-24 18:36:03, 0.1029179415, 0.0981195315, 0.2213219299, 0.2406533288, 2457.4889, 2532.0000, 767.0350, 18.5589
2025-11-24 18:36:09, 0.1091702998, 0.0854655138, 0.1516843789, 0.1208576238, 3133.1364, 2908.5682, 769.4500, 18.7229
2025-11-24 18:36:14, 0.1067100943, 0.0924790996, 0.1568333768, 0.2032982534, 2620.2083, 2709.3750, 767.0200, 16.8149
2025-11-24 18:36:20, 0.0957554613, 0.0885859258, 0.2653208387, 0.2428026215, 2666.4615, 2868.9423, 767.2900, 17.5167
2025-11-24 18:36:26, 0.1312065041, 0.0982709016, 0.1225503610, 0.1174811081, 2532.8974, 2410.5385, 765.1800, 18.1623
2025-11-24 18:36:31, 0.0892845996, 0.0774884847, 0.1994845799, 0.2085221099, 2726.2000, 2813.7800, 763.3200, 18.2071
2025-11-24 18:36:37, 0.1093616352, 0.0851537125, 0.1036389512, 0.0984051697, 2672.8286, 2679.6857, 764.4700, 16.7884
2025-11-24 18:36:43, 0.0972456172, 0.0825940848, 0.0894485138, 0.0946060367, 2289.3396, 2206.8679, 763.4300, 17.9308
2025-11-24 18:36:49, 0.0965168590, 0.0760007016, 0.1452263671, 0.1565785063, 2729.5319, 2703.5106, 765.0700, 17.2248
2025-11-24 18:36:54, 0.0988012932, 0.1202791710, 0.1867623660, 0.1904847055, 2529.1163, 2577.3488, 767.2800, 17.7494
2025-11-24 18:37:00, 0.1021494779, 0.1157032583, 0.2561353353, 0.2478035344, 2838.7391, 2845.6304, 764.6950, 18.4419
2025-11-24 18:37:06, 0.0911627598, 0.1046980470, 0.1610623010, 0.1878513537, 2589.1400, 2609.8200, 765.6450, 16.2049
2025-11-24 18:37:12, 0.1372703827, 0.0873109727, 0.1707421070, 0.1858169156, 2311.6000, 2299.4600, 766.4550, 17.6855
2025-11-24 18:37:17, 0.0947152583, 0.1048056178, 0.1843993890, 0.1820549447, 2376.4255, 2339.7447, 764.9050, 16.6225
2025-11-24 18:37:23, 0.0769443896, 0.0858115712, 0.1568208516, 0.1952038713, 2741.4750, 2684.0750, 766.1300, 18.0001
2025-11-24 18:37:29, 0.1086193035, 0.0914272956, 0.1751998536, 0.1487012574, 2501.3529, 2460.0000, 766.5600, 15.8350
2025-11-24 18:37:35, 0.0954659126, 0.0953305634, 0.1681340061, 0.1619440011, 2844.0732, 2853.5610, 766.5850, 17.5440
2025-11-24 18:37:40, 0.1196006273, 0.0789814386, 0.3047923523, 0.2467724218, 2692.7451, 2609.9804, 765.8900, 16.9097
2025-11-24 18:37:46, 0.0897789773, 0.0927805485, 0.1290453191, 0.1380946325, 2606.0208, 2579.2083, 765.3050, 17.1024
2025-11-24 18:37:52, 0.1041526573, 0.1019875480, 0.1572127881, 0.1438757767, 2794.3235, 2735.6765, 763.8700, 18.1808
2025-11-24 18:37:57, 0.1181008549, 0.0923073804, 0.1412049318, 0.1450746484, 2512.1915, 2512.8085, 761.6050, 17.6544
2025-11-24 18:38:03, 0.1072203653, 0.1157417693, 0.1432982424, 0.1157695762, 2322.6667, 2387.2143, 762.5300, 15.9897
2025-11-24 18:38:09, 0.1034419596, 0.1273283068, 0.1743761119, 0.2233867107, 2506.4182, 2539.3818, 763.8450, 17.7347
2025-11-24 18:38:15, 0.1191030550, 0.2451764669, 0.1390904721, 0.1068289134, 2635.9394, 2485.5758, 759.2200, 18.0530
2025-11-24 18:38:20, 0.1738453190, 0.1265279216, 0.1847415092, 0.1698724697, 2834.6047, 2861.7442, 763.4900, 18.1469
2025-11-24 18:38:26, 0.1121219711, 0.1080905324, 0.1558258615, 0.0897748959, 2604.7273, 2408.3409, 762.1150, 18.1932
2025-11-24 18:38:32, 0.1112349652, 0.0963054326, 0.1762924263, 0.1370753216, 2788.6739, 2628.8478, 758.9500, 16.7579
2025-11-24 18:38:38, 0.1140016631, 0.1314146467, 0.1610454011, 0.1267779457, 2276.8846, 2226.6154, 759.7100, 17.7732
2025-11-24 18:38:44, 0.1072113695, 0.0901383100, 0.1720494522, 0.1269852849, 2516.9500, 2337.1500, 762.9150, 18.8324
2025-11-24 18:38:49, 0.1147576871, 0.1003935036, 0.1606556770, 0.1792734628, 2422.1132, 2400.6792, 764.4700, 17.3487
2025-11-24 18:38:55, 0.1410859208, 0.1157487325, 0.1171407081, 0.1137142004, 2424.5273, 2434.2364, 762.5500, 18.3144
2025-11-24 18:39:01, 0.0899455915, 0.1104471819, 0.1351385017, 0.1076664753, 2632.3404, 2467.3830, 761.2050, 18.5063
2025-11-24 18:39:06, 0.0990679317, 0.1019308805, 0.1860570055, 0.2571830575, 2430.9074, 2559.2593, 762.7650, 18.3657
2025-11-24 18:39:12, 0.1062855826, 0.0995222266, 0.1688452053, 0.1139948369, 2633.4889, 2509.6667, 762.0500, 18.5358
2025-11-24 18:39:18, 0.1038578167, 0.0904169826, 0.2391762568, 0.1861553430, 2614.0426, 2691.3830, 763.7300, 17.5327
2025-11-24 18:39:24, 0.0929354406, 0.1038204962, 0.2027043300, 0.2057037547, 2650.6545, 2708.1091, 759.9000, 17.3934
2025-11-24 18:39:29, 0.1386597684, 0.1167020732, 0.1200337399, 0.1290572636, 2447.8511, 2394.7872, 759.0850, 18.7387
2025-11-24 18:39:36, 0.1070233265, 0.1060764362, 0.1035847241, 0.1081812409, 2192.5294, 2113.2353, 760.3900, 18.5760
2025-11-24 18:39:42, 0.1265990459, 0.0939835450, 0.1373218057, 0.0960429855, 2370.7167, 2383.9000, 761.0400, 18.8730
2025-11-24 18:39:47, 0.1236999977, 0.0760049431, 0.1242384367, 0.1098900606, 2371.8780, 2308.0244, 762.3900, 17.0967
2025-11-24 18:39:53, 0.1262579232, 0.1209914958, 0.0990358439, 0.1400024697, 2280.6410, 2252.8462, 757.0750, 18.2743
2025-11-24 18:39:58, 0.1413059163, 0.1064269046, 0.2011530974, 0.1150515864, 2363.6471, 2296.0294, 762.7600, 17.4124
2025-11-24 18:40:04, 0.1213013499, 0.1331537891, 0.1454218970, 0.1473553977, 2630.6957, 2519.8043, 763.5600, 17.6430
2025-11-24 18:40:10, 0.1444410842, 0.1126614274, 0.1835769679, 0.1373674700, 2624.1702, 2509.7660, 757.2050, 17.8144
2025-11-24 18:40:16, 0.1316021082, 0.0702237961, 0.2137625508, 0.2003500771, 2312.0000, 2431.9211, 757.1950, 16.8709
2025-11-24 18:40:21, 0.1533527960, 0.1198080434, 0.1331995983, 0.0734330354, 2601.4583, 2571.7083, 756.5150, 18.2244
2025-11-24 18:40:27, 0.1483848105, 0.1022249623, 0.1978907204, 0.1672171162, 2538.5714, 2470.8889, 755.6150, 18.7568
2025-11-24 18:40:33, 0.1285051233, 0.1377475801, 0.2083296050, 0.1767429656, 2493.7857, 2597.1667, 756.3250, 18.2014
2025-11-24 18:40:39, 0.1053994839, 0.1021124703, 0.1010954354, 0.1100364910, 2418.7436, 2391.5897, 757.5500, 18.2868
2025-11-24 18:40:45, 0.1003786772, 0.1005516738, 0.1105367910, 0.1131597666, 2348.9302, 2379.5581, 755.6850, 19.0498
2025-11-24 18:40:50, 0.0893088980, 0.0905189360, 0.2309137569, 0.1582508712, 2428.4314, 2388.1176, 756.1900, 17.9921
2025-11-24 18:40:56, 0.0800787650, 0.1022655338, 0.1216727089, 0.0712778274, 2514.3000, 2442.4250, 757.2550, 17.8701
2025-11-24 18:41:02, 0.0792188348, 0.1016720310, 0.1567192747, 0.1230529066, 2732.7895, 2609.7895, 756.1450, 18.6709
2025-11-24 18:41:07, 0.1122964024, 0.1196396992, 0.1919816484, 0.1132297859, 2881.2340, 2692.8723, 759.1050, 17.0260
2025-11-24 18:41:13, 0.0957051721, 0.1010232080, 0.1533107503, 0.1276169916, 2418.0889, 2498.9778, 757.4150, 18.9745
2025-11-24 18:41:19, 0.1072056832, 0.0971265044, 0.1148774286, 0.0985021196, 2714.9444, 2642.2222, 757.0850, 20.7978
2025-11-24 18:41:25, 0.1168408256, 0.1004479340, 0.1249313754, 0.1420142621, 2509.8974, 2488.0513, 758.0300, 17.3689
2025-11-24 18:41:30, 0.1363368862, 0.0809117189, 0.1425016924, 0.1410175241, 2481.5122, 2565.4146, 757.4950, 16.4603
2025-11-24 18:41:36, 0.1117454901, 0.0986153494, 0.1295849999, 0.1550022328, 2357.5789, 2480.1842, 760.7250, 17.4920
2025-11-24 18:41:41, 0.0754169914, 0.0875912382, 0.1157056134, 0.1444641490, 2254.0833, 2298.2500, 758.8850, 18.2908
2025-11-24 18:41:47, 0.1107239885, 0.0914522941, 0.1011917325, 0.0901677048, 2352.3667, 2266.1667, 760.5600, 18.0676
2025-11-24 18:41:53, 0.1289626204, 0.1098393569, 0.1501431571, 0.1681546781, 2576.5111, 2596.2000, 761.8300, 18.1078
2025-11-24 18:41:58, 0.0808487515, 0.1274686006, 0.1986912016, 0.2030333013, 2661.0577, 2654.7500, 761.5650, 20.6152
2025-11-24 18:42:04, 0.0952994403, 0.1165420202, 0.2197084788, 0.1949982102, 2521.3333, 2530.9000, 761.1550, 16.9724
2025-11-24 18:42:10, 0.0826525517, 0.0896551963, 0.3112320005, 0.2895048364, 2581.1795, 2580.1538, 765.7400, 19.3707
2025-11-24 18:42:16, 0.1151163476, 0.1199583038, 0.1290189918, 0.1366224351, 2520.5946, 2462.9459, 764.4900, 17.4685
2025-11-24 18:42:21, 0.1384928699, 0.1070218396, 0.1671093277, 0.1843270722, 2808.7209, 2805.8605, 762.3100, 15.8453
2025-11-24 18:42:27, 0.1446811556, 0.1320508452, 0.1164394186, 0.1258109844, 2460.1212, 2505.6364, 765.6150, 18.7533
2025-11-24 18:42:33, 0.1036271671, 0.0807987741, 0.1030667959, 0.0992308080, 2612.5250, 2514.3250, 762.1700, 16.7959
2025-11-24 18:42:38, 0.1076367381, 0.1231113210, 0.1879451783, 0.1883623991, 2555.0566, 2533.2075, 763.3900, 18.7917
2025-11-24 18:42:44, 0.1527211376, 0.1030746513, 0.1900217019, 0.2909954416, 2461.5833, 2562.4722, 763.7600, 17.0515
2025-11-24 18:42:50, 0.1383772115, 0.1064783102, 0.1379062822, 0.1675733962, 2421.2545, 2522.2000, 763.7050, 18.6477
2025-11-24 18:42:55, 0.1135684486, 0.1085052530, 0.1726471469, 0.1710880222, 2374.3571, 2380.8036, 760.2300, 18.6493
2025-11-24 18:43:01, 0.0917627687, 0.0857942226, 0.2244148144, 0.1725146274, 2263.0750, 2241.3500, 761.5850, 17.4769
2025-11-24 18:43:07, 0.1102530859, 0.0743636799, 0.3012424154, 0.4439256792, 2693.0769, 2657.0769, 762.8300, 17.8925
2025-11-24 18:43:12, 0.1215659067, 0.0950219615, 0.2016094216, 0.2119332636, 2381.3409, 2472.3182, 764.6700, 17.0755
2025-11-24 18:43:18, 0.1155265693, 0.0982698389, 0.1482227805, 0.1457376456, 2218.9600, 2214.6800, 764.2150, 19.0510
2025-11-24 18:43:23, 0.1352374034, 0.1157673476, 0.2110479482, 0.1389597714, 2597.6200, 2479.7200, 763.4000, 18.1720
2025-11-24 18:43:29, 0.0758255889, 0.0855902974, 0.1442811948, 0.1822314507, 2358.8235, 2374.4118, 763.0650, 19.5839
2025-11-24 18:43:35, 0.0878194742, 0.0912840850, 0.1482448433, 0.1120455840, 2309.6364, 2386.8182, 761.8300, 16.9600
2025-11-24 18:43:41, 0.1096119510, 0.1248626515, 0.1547048901, 0.1262600968, 2406.8611, 2383.4167, 760.6550, 18.1806
2025-11-24 18:43:46, 0.0774889674, 0.0822187252, 0.1492467796, 0.1169170987, 2635.8431, 2456.3922, 762.7350, 18.2835
2025-11-24 18:43:52, 0.0880994663, 0.0897476071, 0.2102340179, 0.2607129960, 2554.6410, 2562.9231, 762.7800, 20.7902
2025-11-24 18:43:58, 0.1111653112, 0.1185008980, 0.1172148884, 0.1350662756, 2322.4737, 2297.8684, 762.9700, 17.3873
2025-11-24 18:44:03, 0.1284231321, 0.0855294168, 0.1279737089, 0.1122622547, 2353.4000, 2447.3333, 761.3100, 18.9954
2025-11-24 18:44:09, 0.1062985851, 0.1422131373, 0.1960713318, 0.1515101505, 2488.3721, 2376.0000, 762.4650, 19.6680
2025-11-24 18:44:15, 0.1282534394, 0.1281074979, 0.1107747987, 0.1103870265, 2702.1875, 2710.3125, 761.3100, 18.6447
2025-11-24 18:44:20, 0.1394317573, 0.1142945660, 0.1680223840, 0.1464621944, 2780.5385, 2735.9231, 757.2900, 17.3961
2025-11-24 18:44:26, 0.1411809948, 0.1174023311, 0.1051297843, 0.1185265194, 2411.8182, 2398.5636, 755.8700, 19.0584
2025-11-24 18:44:32, 0.1181644218, 0.1245888174, 0.1900139407, 0.1793491416, 2778.4528, 2638.8302, 757.3400, 16.6471
2025-11-24 18:44:38, 0.1211996651, 0.1143116046, 0.2944701469, 0.1855558021, 2367.1739, 2346.5217, 759.9200, 17.2091
2025-11-24 18:44:44, 0.0965271617, 0.1110607245, 0.1483465964, 0.1735630677, 2562.0263, 2667.4474, 754.0600, 18.2345
2025-11-24 18:44:49, 0.1319450755, 0.1459106560, 0.1957858616, 0.1614852824, 2752.6000, 2855.7000, 753.2300, 17.2403
2025-11-24 18:44:55, 0.1580880597, 0.1087996672, 0.1409122792, 0.1549454725, 2665.0909, 2746.5455, 752.4000, 17.7969
2025-11-24 18:45:01, 0.1106503949, 0.0870510168, 0.0920889050, 0.1192417598, 2198.9167, 2161.0625, 750.5650, 19.2415
2025-11-24 18:45:06, 0.1122236653, 0.1241047397, 0.1536698705, 0.1076940181, 2341.0769, 2235.6923, 749.8300, 17.5997
2025-11-24 18:45:13, 0.1335335634, 0.1342428541, 0.1596367872, 0.1701658339, 2493.1731, 2554.3077, 753.3100, 18.2306
2025-11-24 18:45:18, 0.0959262861, 0.1098660800, 0.2065094849, 0.1993830964, 2530.7358, 2625.2075, 757.6400, 19.0843
2025-11-24 18:45:24, 0.1408993619, 0.1417781888, 0.1764400813, 0.1990149027, 2441.4314, 2533.4510, 756.0700, 17.9286
2025-11-24 18:45:30, 0.1292593567, 0.1551209730, 0.1776587877, 0.1837945530, 2863.1111, 2933.7778, 756.1850, 19.5719
2025-11-24 18:45:35, 0.1316454508, 0.1338322723, 0.1204677721, 0.1494327324, 2315.1163, 2435.9070, 756.7700, 19.6766
2025-11-24 18:45:41, 0.0926752425, 0.1143404247, 0.1221325651, 0.1366572804, 2088.3590, 2144.7692, 754.1200, 18.6184
2025-11-24 18:45:47, 0.1276889284, 0.1259820321, 0.0847579524, 0.0998283429, 2282.9074, 2352.2593, 754.6850, 17.2941
2025-11-24 18:45:52, 0.0831724301, 0.0934926705, 0.1590538500, 0.1336987941, 2456.7442, 2467.6279, 757.9050, 18.1418
2025-11-24 18:45:58, 0.1335672401, 0.1419507782, 0.1366854776, 0.1122832982, 2330.4510, 2358.2941, 757.9800, 17.8757
2025-11-24 18:46:04, 0.1006769091, 0.1286311711, 0.1586792653, 0.1512817682, 2719.9216, 2708.6863, 760.6400, 18.5421
2025-11-24 18:46:09, 0.1201146485, 0.1487576760, 0.1954519837, 0.2032240712, 2366.1389, 2292.8056, 760.6150, 17.9261
2025-11-24 18:46:15, 0.1764276706, 0.1185367816, 0.1151786191, 0.1325147877, 2635.3265, 2672.2245, 758.4950, 20.2079
2025-11-24 18:46:21, 0.1080538728, 0.1198604051, 0.2165668068, 0.2382861113, 2591.8378, 2598.1081, 757.6700, 18.7094
2025-11-24 18:46:27, 0.1583515941, 0.1218622996, 0.1827301773, 0.2036718067, 2340.6034, 2305.7759, 758.9550, 18.6175
2025-11-24 18:46:32, 0.1642520212, 0.1043995613, 0.1003890934, 0.1065497360, 2229.3571, 2203.4524, 759.4000, 18.6175
2025-11-24 18:46:38, 0.1308127390, 0.1324908064, 0.1692383375, 0.1343092341, 2493.0370, 2446.4815, 768.9450, 19.4659
2025-11-24 18:46:44, 0.1591517191, 0.1270716499, 0.1542962810, 0.1451476245, 2629.8400, 2668.4600, 766.2750, 17.6680
2025-11-24 18:46:49, 0.1901287193, 0.1479893930, 0.1505547584, 0.1313164513, 2691.3864, 2606.9318, 767.5400, 18.5383
2025-11-24 18:46:55, 0.1206634136, 0.1246553522, 0.1585881192, 0.1714370290, 2412.3279, 2482.4918, 768.6900, 19.1936
2025-11-24 18:47:01, 0.1089842272, 0.1251632276, 0.1985834156, 0.1074599831, 2728.1316, 2626.2895, 764.8150, 18.6899
2025-11-24 18:47:06, 0.1695850978, 0.1297698822, 0.1349635016, 0.1472705700, 2672.3778, 2615.8889, 766.7850, 17.1709
2025-11-24 18:47:12, 0.1562689865, 0.1391338093, 0.1659289777, 0.1484311793, 2315.7857, 2307.3810, 769.5850, 17.5061
2025-11-24 18:47:18, 0.1249710474, 0.1332924220, 0.0969809735, 0.0759563885, 2376.8333, 2373.1667, 767.4100, 18.1334
2025-11-24 18:47:23, 0.1577963942, 0.1022249750, 0.2031535133, 0.2086441367, 2437.0476, 2383.8810, 766.2300, 20.5460
2025-11-24 18:47:29, 0.1412035006, 0.1284737003, 0.1468372650, 0.1523961965, 2305.9756, 2352.9268, 766.4950, 20.1370
2025-11-24 18:47:35, 0.1251972709, 0.1509290575, 0.1510256925, 0.1440370750, 2856.5370, 2724.2407, 768.3650, 21.2097
2025-11-24 18:47:40, 0.1406787230, 0.1257702294, 0.1551372136, 0.1948104121, 2124.6923, 2201.1282, 768.2850, 16.8966
2025-11-24 18:47:46, 0.1242030886, 0.1519664528, 0.1039419400, 0.1074064104, 2444.3023, 2442.8140, 766.9950, 17.1221
2025-11-24 18:47:52, 0.1260658163, 0.1149617615, 0.1299673528, 0.1100673695, 2686.9808, 2615.9423, 766.1900, 18.4259
2025-11-24 18:47:58, 0.1236053682, 0.1265107012, 0.3127556951, 0.2705810580, 2493.6452, 2458.2258, 765.5850, 19.0277
2025-11-24 18:48:03, 0.0977955321, 0.0719865304, 0.1430345430, 0.1519954023, 2379.2826, 2268.0217, 764.3800, 18.2925
2025-11-24 18:48:09, 0.1381797048, 0.1308134910, 0.1892056933, 0.1766691590, 2639.6415, 2577.4151, 765.8850, 18.6794
2025-11-24 18:48:14, 0.1119747039, 0.1314767029, 0.1674593728, 0.1497765593, 2623.5758, 2532.6667, 762.5750, 18.6017
2025-11-24 18:48:20, 0.1828145462, 0.1374490004, 0.1573297178, 0.1410961991, 2495.4032, 2475.0323, 763.1550, 18.3600
2025-11-24 18:48:26, 0.1299801449, 0.1182605865, 0.1401639201, 0.1207979398, 2498.0667, 2424.8667, 762.9200, 19.5360
2025-11-24 18:48:31, 0.1506697767, 0.0989419146, 0.1248363034, 0.0851305127, 2301.0000, 2307.9583, 762.0900, 18.8378
2025-11-24 18:48:37, 0.1055455996, 0.1624182697, 0.2561658716, 0.2007866018, 2704.1212, 2625.2727, 759.3100, 16.2863
2025-11-24 18:48:43, 0.1274638240, 0.1450657973, 0.1419016257, 0.1424057966, 2472.0682, 2574.9091, 759.7800, 17.7494
2025-11-24 18:48:48, 0.1082409762, 0.1246876848, 0.2145364814, 0.1751958416, 2548.5962, 2571.0385, 762.0800, 18.1244
2025-11-24 18:48:54, 0.1202530009, 0.1155128066, 0.1039783620, 0.0791444374, 2501.5758, 2538.2121, 763.9200, 17.4775
2025-11-24 18:49:00, 0.1379017634, 0.1286973084, 0.2354011091, 0.1522408036, 2729.9672, 2662.7705, 762.8650, 17.6184
2025-11-24 18:49:05, 0.1270379308, 0.1205084878, 0.1072054663, 0.1401466049, 2230.2400, 2277.4000, 761.7200, 17.6825
2025-11-24 18:49:11, 0.1301909509, 0.1552687655, 0.1178886622, 0.1369140579, 2589.6316, 2684.0526, 760.2100, 17.6877
2025-11-24 18:49:17, 0.1283518666, 0.0994759100, 0.1293375191, 0.1108368581, 2585.8333, 2545.5000, 760.8400, 19.4302
2025-11-24 18:49:28, 0.1326283207, 0.1270940033, 0.2027130981, 0.1667888300, 2516.2727, 2498.4364, 758.1150, 17.9352
2025-11-24 18:49:34, 0.1247134581, 0.1164119217, 0.0917867942, 0.0818197973, 2665.2368, 2516.2632, 760.3800, 17.5507
2025-11-24 18:49:39, 0.1073429051, 0.1049968164, 0.1778159376, 0.1792130527, 2816.6379, 2697.8966, 763.3150, 19.7075
2025-11-24 18:49:45, 0.1512716482, 0.1339360082, 0.1449052910, 0.1281894488, 2507.5645, 2364.0323, 763.5550, 18.9968
2025-11-24 18:49:51, 0.1543575163, 0.1549525665, 0.2075795426, 0.1717437303, 2462.7000, 2404.6750, 761.5750, 16.8907
2025-11-24 18:49:56, 0.1436668024, 0.1479545398, 0.1370231328, 0.1460133397, 2391.6250, 2428.8542, 761.5250, 17.8275
2025-11-24 18:50:02, 0.1439038975, 0.1214922703, 0.1463014303, 0.1428578228, 2395.2083, 2276.0625, 764.5450, 18.9042
2025-11-24 18:50:08, 0.1065519390, 0.0920406886, 0.1656824306, 0.1700051879, 2044.9744, 2024.6410, 763.4450, 18.3575
2025-11-24 18:50:13, 0.0939642953, 0.0951884716, 0.1632858522, 0.2238975329, 2767.5227, 2968.9545, 761.3850, 17.5382
2025-11-24 18:50:19, 0.1028455069, 0.1095513403, 0.1898141484, 0.1945289829, 2394.5667, 2410.9167, 761.9600, 17.4275
2025-11-24 18:50:25, 0.0974718430, 0.1025642780, 0.1420377943, 0.1365818759, 2329.1000, 2420.0250, 759.8600, 18.1736
2025-11-24 18:50:31, 0.0850192545, 0.0877103383, 0.2147545007, 0.1758700781, 2502.3200, 2474.4200, 760.8250, 15.8396
2025-11-24 18:50:36, 0.0883052211, 0.0660680682, 0.2076514898, 0.1980295737, 2517.6667, 2438.4912, 759.3500, 20.2254
2025-11-24 18:50:42, 0.0906840437, 0.0645429186, 0.2512234732, 0.2351239229, 2423.4130, 2415.8261, 761.4750, 17.0232
2025-11-24 18:50:48, 0.0912006657, 0.1049007083, 0.1430714243, 0.1699443470, 2585.8980, 2572.7551, 763.2500, 19.0076
2025-11-24 18:50:54, 0.1032572909, 0.1073985361, 0.3013992955, 0.2373006221, 2800.2432, 2639.7027, 767.8200, 18.8076
2025-11-24 18:50:59, 0.1156854181, 0.0986798225, 0.2203216532, 0.1971330290, 2404.2449, 2515.0204, 764.0650, 17.2873
2025-11-24 18:51:05, 0.1290190408, 0.1168036853, 0.1039629446, 0.1250432777, 2461.8113, 2421.7547, 764.6600, 17.5583
2025-11-24 18:51:10, 0.1111042745, 0.1234203465, 0.1708031223, 0.1675742571, 2580.7273, 2510.4091, 762.9550, 17.2184
2025-11-24 18:51:16, 0.1018858508, 0.1465186980, 0.1724316342, 0.1725410431, 2285.6667, 2208.2500, 765.0300, 17.9577
2025-11-24 18:51:22, 0.1124830466, 0.1276787131, 0.1987283674, 0.2413177642, 2614.8776, 2687.3265, 766.3050, 18.1398
2025-11-24 18:51:27, 0.1270436052, 0.1313748684, 0.1527308326, 0.1630435975, 2360.0357, 2365.5357, 761.1300, 16.9830
2025-11-24 18:51:33, 0.1473111466, 0.1069701123, 0.2245659209, 0.1916660977, 2425.8718, 2419.5385, 763.0350, 17.3506
2025-11-24 18:51:39, 0.1275850435, 0.1024247883, 0.1940933633, 0.1602900304, 2613.1220, 2559.5854, 763.4300, 18.5220
2025-11-24 18:51:44, 0.1579055383, 0.1253784509, 0.1484170539, 0.1543210321, 2473.3607, 2478.3443, 764.7600, 17.8385
2025-11-24 18:51:50, 0.1429936977, 0.1400394535, 0.1645810217, 0.1570169270, 2491.3448, 2478.6207, 763.1300, 16.8465
2025-11-24 18:51:56, 0.1281186690, 0.1301074379, 0.1383493787, 0.1347882476, 2508.5435, 2579.7609, 764.7150, 18.1451
2025-11-24 18:52:02, 0.1219703235, 0.1147932814, 0.1570428353, 0.1632436756, 2753.6613, 2835.8710, 762.1450, 16.7205
2025-11-24 18:52:07, 0.1438092403, 0.1254336941, 0.1549682130, 0.1604972127, 2125.4390, 2161.5122, 762.3750, 18.6176
2025-11-24 18:52:13, 0.1318106059, 0.1368662027, 0.1945694408, 0.1854007696, 2277.4737, 2387.7719, 761.7400, 16.7864
2025-11-24 18:52:19, 0.1175721562, 0.1162799068, 0.2655935978, 0.2183788970, 3020.6909, 2891.7273, 760.4150, 17.7105
2025-11-24 18:52:24, 0.1196457415, 0.1033031317, 0.1899553703, 0.1911143461, 2568.7241, 2585.7586, 759.3650, 17.8880
2025-11-24 18:52:30, 0.0970287704, 0.1497619900, 0.1112236296, 0.1075578535, 2550.4167, 2598.2222, 760.4450, 18.0263
2025-11-24 18:52:36, 0.1235547004, 0.1130227068, 0.1352895887, 0.1161856936, 2494.4762, 2581.1190, 759.2400, 18.8126
2025-11-24 18:52:42, 0.1383412478, 0.1713579111, 0.2344070707, 0.1690860609, 2443.7778, 2375.3778, 762.0450, 18.8866
2025-11-24 18:52:48, 0.1352634573, 0.1208562638, 0.1246297365, 0.1463801224, 2476.1562, 2576.2500, 763.0850, 15.6492
2025-11-24 18:52:53, 0.1461913269, 0.1459917520, 0.1186067311, 0.0983628572, 2292.4918, 2228.8361, 759.5850, 18.1819
2025-11-24 18:52:59, 0.1610174282, 0.2088084505, 0.1209805928, 0.1441816571, 2460.5610, 2569.6829, 760.4600, 16.9826
2025-11-24 18:53:05, 0.1090287217, 0.1191381173, 0.1171643791, 0.1005743093, 2362.2333, 2283.8000, 763.8250, 17.9459
2025-11-24 18:53:10, 0.1171433081, 0.1491742892, 0.1373192870, 0.1366235670, 2492.3529, 2520.6863, 761.6350, 17.3436
2025-11-24 18:53:16, 0.1075163249, 0.1215340723, 0.1069333598, 0.1455133781, 2398.2115, 2461.6538, 763.3650, 17.6253
2025-11-24 18:53:22, 0.1312799906, 0.1038953326, 0.1678950662, 0.1338003635, 2369.8500, 2317.8750, 762.0250, 18.7276
2025-11-24 18:53:28, 0.1374660387, 0.1008850108, 0.2524624717, 0.1893976469, 2562.0526, 2499.2632, 761.7850, 16.5970
2025-11-24 18:53:34, 0.1734994374, 0.1345223054, 0.1216442889, 0.1155259296, 2267.1892, 2243.9189, 760.9850, 16.7823
2025-11-24 18:53:39, 0.1089027427, 0.1271020343, 0.2227750273, 0.1448307878, 2628.0392, 2533.5686, 759.5450, 16.7182
2025-11-24 18:53:45, 0.1194465431, 0.1405175822, 0.1459906449, 0.1502803869, 2449.3500, 2536.1750, 762.3650, 16.3010
2025-11-24 18:53:51, 0.1436433199, 0.1091069968, 0.1736910554, 0.1632687203, 2397.2931, 2397.6379, 761.7150, 17.1375
2025-11-24 18:53:57, 0.1470656334, 0.1253712215, 0.1352977658, 0.1105610460, 2273.4889, 2237.2000, 761.3800, 17.5672
2025-11-24 18:54:02, 0.1222605006, 0.1016612729, 0.1019589065, 0.1067748637, 2421.6429, 2387.3810, 759.4500, 18.1647
2025-11-24 18:54:08, 0.1376553186, 0.1086011430, 0.1675201029, 0.2155481565, 2265.6000, 2237.5200, 758.9800, 16.3098
2025-11-24 18:54:13, 0.1432964456, 0.1591375278, 0.2521418622, 0.2380660954, 2727.1154, 2812.5385, 760.5350, 17.5391
2025-11-24 18:54:19, 0.1696822534, 0.1360712993, 0.2575937894, 0.1489750469, 2734.4783, 2552.0652, 758.8850, 16.6779
2025-11-24 18:54:25, 0.1140799015, 0.0944776194, 0.1189057996, 0.0920777603, 2087.1860, 2016.3023, 755.8050, 18.5779
2025-11-24 18:54:31, 0.1303530834, 0.1288092257, 0.2035804354, 0.1931345376, 2275.5000, 2312.7812, 757.8450, 18.9130
2025-11-24 18:54:37, 0.1059625700, 0.1105608439, 0.3490443105, 0.3456200490, 2659.7907, 2653.3953, 757.1200, 19.1493
2025-11-24 18:54:42, 0.1208063958, 0.1008001433, 0.1452295211, 0.1849726364, 2422.4717, 2460.4528, 755.0550, 17.5907
2025-11-24 18:54:48, 0.1101407006, 0.0929143489, 0.2989367957, 0.3161986224, 2336.4286, 2302.1429, 758.3100, 19.3252
2025-11-24 18:54:54, 0.1685765841, 0.1198688604, 0.2246678294, 0.1938890176, 2752.6591, 2683.9091, 754.8000, 16.6148
2025-11-24 18:55:00, 0.1100304314, 0.1051368461, 0.2263212506, 0.2224298810, 2274.8600, 2258.3600, 757.5300, 18.7824
2025-11-24 18:55:05, 0.0960251584, 0.1452187618, 0.1833331737, 0.1419454774, 2602.6863, 2485.4902, 756.4350, 18.1165
2025-11-24 18:55:11, 0.1507515402, 0.1324114770, 0.2021729574, 0.2108667839, 2336.1026, 2424.4103, 755.2700, 18.6946
2025-11-24 18:55:17, 0.1270025509, 0.1468951793, 0.1969715891, 0.2049596321, 3093.2766, 2980.4681, 756.0650, 18.3306
2025-11-24 18:55:22, 0.1123216993, 0.1174619830, 0.1916206302, 0.1860587674, 2773.9310, 2740.4483, 767.3400, 19.4076
2025-11-24 18:55:28, 0.0847746924, 0.1011261900, 0.2909946273, 0.1822681536, 2288.2708, 2286.1875, 757.2400, 19.6897
2025-11-24 18:55:34, 0.1107058580, 0.1074413854, 0.1676533742, 0.1446196416, 2600.5000, 2555.0227, 764.3300, 18.9769
2025-11-24 18:55:46, 0.1473918888, 0.1449155796, 0.2903669985, 0.2718993942, 2700.1395, 2696.0000, 765.7500, 18.7997
2025-11-24 18:55:51, 0.1481780286, 0.1362608319, 0.2325720197, 0.2333024309, 2403.1000, 2474.7750, 768.3650, 19.3293
2025-11-24 18:55:57, 0.1656988032, 0.1558323442, 0.2057726138, 0.1984476079, 2430.5532, 2412.4043, 766.6150, 19.0742
2025-11-24 18:56:03, 0.1195470884, 0.0977115518, 0.3191499418, 0.2945291478, 2497.8511, 2410.8936, 766.4950, 18.8989
2025-11-24 18:56:08, 0.1083785123, 0.0910359508, 0.2303648940, 0.1909129619, 2850.3404, 2778.8298, 761.2800, 17.5349
2025-11-24 18:56:14, 0.1261223510, 0.1008577960, 0.2213804650, 0.2026850877, 2338.8077, 2280.7115, 763.6150, 18.1639
2025-11-24 18:56:20, 0.1303699903, 0.1253490480, 0.1777466043, 0.2448522729, 2370.1429, 2375.5714, 763.4800, 16.5103
2025-11-24 18:56:25, 0.2147350903, 0.1357603606, 0.1814808337, 0.1595400006, 2395.3750, 2420.8958, 762.8750, 16.1471
2025-11-24 18:56:31, 0.2193654468, 0.1317365325, 0.2275772016, 0.2148560998, 2400.0238, 2479.5238, 761.7450, 18.2275
2025-11-24 18:56:37, 0.1036237856, 0.1097931280, 0.2251295892, 0.2281942539, 2393.0000, 2343.8889, 760.6000, 17.1491
2025-11-24 18:56:42, 0.1370762353, 0.1293080665, 0.1275162580, 0.1226063761, 2432.9556, 2582.3111, 761.3350, 18.5014
2025-11-24 18:56:49, 0.1145929232, 0.1208657495, 0.1001560439, 0.0920141770, 2433.0278, 2442.7778, 759.0450, 17.0177
2025-11-24 18:56:54, 0.1375919505, 0.1198515140, 0.1594238838, 0.1411549379, 2565.6750, 2540.0250, 762.6150, 18.4379
2025-11-24 18:57:00, 0.0997676920, 0.1085664217, 0.1694389239, 0.1429997805, 2465.3220, 2358.0508, 760.8800, 17.9191
2025-11-24 18:57:06, 0.1554626395, 0.1464947857, 0.1791557430, 0.1808859571, 2217.2979, 2266.5319, 760.3750, 19.1649
2025-11-24 18:57:11, 0.1496124751, 0.1214895404, 0.1225458176, 0.1158354792, 2339.3704, 2326.4444, 762.5900, 17.1686
2025-11-24 18:57:17, 0.1396361795, 0.1626911536, 0.1665440458, 0.1534093841, 2780.1333, 2642.6000, 762.8150, 18.2573
2025-11-24 18:57:23, 0.1149081307, 0.1264877234, 0.2181261778, 0.1812717641, 2723.4103, 2650.8462, 760.5800, 17.2332
2025-11-24 18:57:28, 0.1735231537, 0.1558550642, 0.2205943328, 0.1530103475, 2778.4419, 2785.0465, 761.7400, 18.9225
2025-11-24 18:57:34, 0.1645547828, 0.1230920162, 0.1642109845, 0.1743784594, 2340.4746, 2397.5593, 762.6350, 17.9129
2025-11-24 18:57:40, 0.0944660941, 0.1367959404, 0.1315874560, 0.1105131686, 2220.7451, 2308.6275, 758.6800, 17.3161
2025-11-24 18:57:46, 0.1529890403, 0.1443722103, 0.1294962926, 0.1357085799, 2585.4898, 2601.2449, 767.5300, 18.7552
2025-11-24 18:57:51, 0.2077512271, 0.1428495017, 0.2211446049, 0.2182255356, 2678.4000, 2675.5250, 766.1250, 17.2670
2025-11-24 18:57:57, 0.1552231288, 0.1759179492, 0.1906146520, 0.1547548160, 2702.2143, 2608.2143, 766.2100, 18.4755
2025-11-24 18:58:03, 0.1317510058, 0.1341064016, 0.0952594363, 0.0979930987, 2373.1475, 2350.2787, 766.4800, 18.0787
2025-11-24 18:58:09, 0.1614732792, 0.1317421164, 0.3530833436, 0.2074394237, 2537.5185, 2482.2037, 768.2150, 18.6236
2025-11-24 18:58:15, 0.1618061414, 0.1677460022, 0.2755817576, 0.2983812955, 2529.8913, 2517.0000, 767.3350, 19.2245
2025-11-24 18:58:20, 0.1555073652, 0.1421916838, 0.1617513323, 0.1617746072, 3044.6731, 3059.9808, 765.8200, 21.1910
2025-11-24 18:58:26, 0.1283338603, 0.1340741954, 0.1178990355, 0.1099574357, 2525.8710, 2419.0645, 760.4200, 17.0057
2025-11-24 18:58:32, 0.1505362778, 0.1736384324, 0.1406646390, 0.1084212674, 2613.1897, 2555.1552, 763.5000, 19.6563
2025-11-24 18:58:37, 0.1745543065, 0.1191404238, 0.1500828435, 0.1256944179, 2266.4255, 2337.2553, 763.7600, 19.2944
2025-11-24 18:58:43, 0.1801972739, 0.1422501695, 0.1540364963, 0.1302598129, 2464.7258, 2418.8226, 765.2950, 18.7365
2025-11-24 18:58:49, 0.1705024900, 0.1291995994, 0.1737303495, 0.1693903763, 2260.4762, 2374.2381, 766.4750, 19.8811
2025-11-24 18:58:54, 0.1500326258, 0.1412570197, 0.1779136994, 0.2051307696, 2629.0000, 2704.7619, 760.7250, 19.7889
2025-11-24 18:59:00, 0.1247490554, 0.1382024734, 0.1487703551, 0.1685148837, 2485.5932, 2491.8983, 764.3750, 22.1281
2025-11-24 18:59:06, 0.1314454802, 0.1737712137, 0.1139452252, 0.1159817949, 2419.1087, 2470.9348, 764.2800, 20.8814
2025-11-24 18:59:12, 0.1515862017, 0.1502094730, 0.1201600760, 0.1170119215, 2457.9756, 2488.9024, 762.9300, 20.6096
2025-11-24 18:59:17, 0.1642676275, 0.1304743660, 0.2640853554, 0.2384986620, 2704.8947, 2723.1228, 769.9350, 21.4306
2025-11-24 18:59:23, 0.1702088465, 0.1527661062, 0.2060503089, 0.1947328125, 2729.0625, 2625.0625, 764.0750, 21.3131
2025-11-24 18:59:29, 0.1434965608, 0.1357473649, 0.2455540035, 0.2394600786, 2578.9423, 2568.6346, 760.8750, 17.7581
2025-11-24 18:59:34, 0.1761903117, 0.1243088489, 0.1621781587, 0.1591354176, 2519.3585, 2532.3774, 759.7650, 19.0725
2025-11-24 18:59:40, 0.1432650894, 0.1669510772, 0.2116505795, 0.1643740663, 2465.5682, 2438.6818, 759.6950, 18.0738
2025-11-24 18:59:46, 0.1849704272, 0.1120637768, 0.1897103795, 0.1837512359, 2593.5000, 2678.2000, 760.2150, 17.0135
2025-11-24 18:59:52, 0.1787008196, 0.1340223341, 0.1981338256, 0.1260128758, 2656.7222, 2557.3611, 758.4600, 16.9289
2025-11-24 18:59:57, 0.1162334814, 0.1064999859, 0.1816777072, 0.2156501209, 2384.5405, 2468.2432, 759.5100, 17.3312
2025-11-24 19:00:03, 0.1142626291, 0.1485311364, 0.1484342209, 0.1102584704, 2596.4545, 2519.9273, 760.0100, 16.1425
2025-11-24 19:00:08, 0.1423473182, 0.1160811554, 0.1179996095, 0.1108802409, 2537.9412, 2553.7647, 760.7800, 16.7009
2025-11-24 19:00:15, 0.1535133719, 0.1519157835, 0.1878743860, 0.1910427323, 2726.0217, 2751.9348, 758.1700, 18.9476
2025-11-24 19:00:21, 0.1298260995, 0.1277575545, 0.1334077339, 0.1096858414, 2298.8148, 2281.7963, 760.3850, 18.8214
2025-11-24 19:00:27, 0.1891899702, 0.1771616880, 0.1438933895, 0.1640772161, 2302.5455, 2376.5758, 761.4900, 17.4167
2025-11-24 19:00:33, 0.1688366046, 0.1715209147, 0.1344660350, 0.1234495091, 2342.4667, 2407.8889, 758.9700, 17.5556
2025-11-24 19:00:38, 0.1578887698, 0.1836224026, 0.1702883437, 0.1663950363, 2531.5238, 2431.2143, 764.4200, 16.6617
2025-11-24 19:00:44, 0.1328316312, 0.1187927832, 0.1342616277, 0.1509170361, 2544.9512, 2519.2683, 762.2000, 17.3534
2025-11-24 19:00:50, 0.1508344504, 0.2040952356, 0.2485357415, 0.2848402077, 2565.1622, 2626.8919, 761.9950, 18.7183
2025-11-24 19:00:55, 0.1634238621, 0.1465099309, 0.1836589880, 0.1683860103, 2714.3019, 2644.2075, 762.3850, 18.4999
2025-11-24 19:01:01, 0.1816978875, 0.1308893343, 0.1796977290, 0.1746246732, 2600.8400, 2687.8400, 760.6300, 18.0583
2025-11-24 19:01:07, 0.1957438713, 0.1773425068, 0.2292576367, 0.1111284659, 2751.8511, 2508.8936, 760.2850, 16.1998
2025-11-24 19:01:12, 0.1278903814, 0.1247988380, 0.1299012177, 0.1248702668, 2442.2000, 2459.6667, 765.6700, 16.6193
2025-11-24 19:01:19, 0.1612628471, 0.1304336298, 0.1427278072, 0.1869484939, 2520.0000, 2582.4848, 762.9400, 17.4573
2025-11-24 19:01:24, 0.1515624431, 0.1616364101, 0.1205133945, 0.1382023589, 2153.2895, 2240.3158, 762.8300, 17.3306
2025-11-24 19:01:30, 0.1546642027, 0.1243129035, 0.1187525962, 0.1198757488, 2272.7719, 2288.3333, 764.3200, 17.9482
2025-11-24 19:01:35, 0.1729927425, 0.1488198516, 0.1023747609, 0.1147320507, 2329.0857, 2355.3429, 764.4050, 18.2014
2025-11-24 19:01:41, 0.1297968202, 0.1609355226, 0.1256685904, 0.1389894703, 2306.6250, 2345.5625, 762.0950, 17.0815
2025-11-24 19:01:47, 0.0965600575, 0.0954367400, 0.1262148326, 0.1466362570, 2122.9767, 2158.0698, 764.1900, 19.5275
2025-11-24 19:01:53, 0.1649283426, 0.1434054081, 0.1396779349, 0.1385618065, 2594.0227, 2562.7955, 763.9250, 18.0585
2025-11-24 19:01:58, 0.1323875748, 0.1538076581, 0.1069030039, 0.1106165032, 2567.3333, 2565.7381, 762.8050, 19.9872
2025-11-24 19:02:04, 0.1276590344, 0.1344234298, 0.3066004027, 0.1730299325, 2415.2051, 2402.2308, 762.8150, 18.1634
2025-11-24 19:02:10, 0.1327970253, 0.1562723335, 0.1605659952, 0.1537101455, 2680.9730, 2546.1351, 762.4600, 18.3090
2025-11-24 19:02:15, 0.1050657440, 0.1266201752, 0.1177991875, 0.1455137615, 2484.7800, 2615.4000, 760.1750, 19.2168
2025-11-24 19:02:21, 0.1643122832, 0.1462703171, 0.1230591113, 0.0927165237, 2198.9730, 2284.1622, 760.5650, 19.9806
2025-11-24 19:02:27, 0.1466229943, 0.1224516301, 0.1153224312, 0.0954234275, 2399.9000, 2505.7600, 762.1550, 18.5424
2025-11-24 19:02:33, 0.1183625396, 0.1167117608, 0.1366389778, 0.1464396117, 2395.9216, 2367.6667, 760.8900, 18.3316
2025-11-24 19:02:38, 0.1623591375, 0.1773066607, 0.1130039180, 0.1256418648, 2539.6111, 2619.9444, 760.7600, 18.2475
2025-11-24 19:02:44, 0.1325411000, 0.1540279988, 0.1375969842, 0.1180848476, 2481.0345, 2474.6552, 754.9500, 18.7853
2025-11-24 19:02:49, 0.1220261428, 0.1509652197, 0.1358412708, 0.1129948352, 2409.7391, 2472.8696, 756.2450, 17.7807
2025-11-24 19:02:55, 0.1532530751, 0.1532957973, 0.1431771494, 0.1298606856, 2726.3488, 2678.0930, 756.7100, 18.4620
2025-11-24 19:03:01, 0.1519973425, 0.1273358306, 0.1114875573, 0.0997914927, 2526.6038, 2447.6415, 761.2350, 18.2702
2025-11-24 19:03:07, 0.0974002049, 0.1293093274, 0.0911525516, 0.0859741971, 2158.8125, 2265.9583, 760.1500, 18.4021
2025-11-24 19:03:12, 0.1240472497, 0.1480158916, 0.2109653427, 0.2265740717, 2357.6765, 2350.8235, 760.2000, 18.5922
2025-11-24 19:03:18, 0.1435186267, 0.0983707729, 0.1184840084, 0.1103470825, 2282.6170, 2231.8511, 760.2950, 18.8204
2025-11-24 19:03:24, 0.1115854014, 0.1166880207, 0.1805555373, 0.1467303286, 2529.8167, 2499.9000, 761.4700, 18.4932
2025-11-24 19:03:30, 0.1308125590, 0.1243940952, 0.1585142678, 0.1485058046, 2610.7368, 2587.5000, 759.4150, 18.3802
2025-11-24 19:03:36, 0.1193160478, 0.0887455511, 0.1568159232, 0.1309049877, 2840.6000, 2807.7778, 764.0800, 17.8116
2025-11-24 19:03:41, 0.1042354219, 0.1162555018, 0.3137392567, 0.2727941961, 2380.2909, 2438.0000, 761.3200, 17.9657
2025-11-24 19:03:47, 0.1110108036, 0.1216817768, 0.1670622971, 0.1741643284, 2506.8378, 2440.6486, 763.6250, 19.5978
2025-11-24 19:03:53, 0.1081398289, 0.1240999817, 0.2134650242, 0.1355139020, 2306.1500, 2309.2000, 764.2200, 19.9367
2025-11-24 19:03:59, 0.1201214120, 0.1571780889, 0.1278740450, 0.1452217155, 2331.1282, 2322.6410, 764.4750, 16.3765
2025-11-24 19:04:04, 0.0827006102, 0.1289355181, 0.1488843769, 0.1470012146, 2358.3913, 2356.8478, 763.8450, 18.6022
2025-11-24 19:04:10, 0.1094807731, 0.1112955578, 0.1367175036, 0.1753795606, 2265.2500, 2302.8125, 763.9450, 19.1032
2025-11-24 19:04:16, 0.1636210497, 0.1323021886, 0.1678549691, 0.1270128629, 2381.6154, 2327.6923, 764.7800, 20.1321
2025-11-24 19:04:21, 0.1621640611, 0.1364451013, 0.0826251381, 0.0768705362, 2313.5897, 2330.1538, 762.3400, 17.4406
2025-11-24 19:04:28, 0.1901588566, 0.1011448985, 0.0956118352, 0.0953048642, 2337.8205, 2328.6410, 760.2450, 20.1379
2025-11-24 19:04:34, 0.1138304415, 0.1340827587, 0.1271594743, 0.1379519397, 2387.2308, 2491.7692, 764.8500, 17.9192
2025-11-24 19:04:39, 0.1578546961, 0.1239229505, 0.1285664361, 0.1110939693, 2432.7143, 2397.4048, 762.2350, 18.3453
2025-11-24 19:04:45, 0.1227399756, 0.1447148812, 0.1658867748, 0.1365666541, 2417.7600, 2486.1600, 761.3400, 17.5147
2025-11-24 19:04:51, 0.1542782150, 0.1123829243, 0.2450580876, 0.2063345820, 2633.9412, 2693.9118, 761.9550, 17.0787
2025-11-24 19:04:57, 0.1171470930, 0.1201558982, 0.1415678717, 0.1574119241, 2417.8049, 2432.2927, 757.7300, 17.9741
2025-11-24 19:05:02, 0.1494117785, 0.1758231564, 0.1620842886, 0.1466950622, 2515.8727, 2567.5818, 759.8200, 17.9827
2025-11-24 19:05:08, 0.1359968393, 0.1519227865, 0.1335602368, 0.1226365885, 2279.8864, 2235.0455, 757.8200, 18.1914
2025-11-24 19:05:14, 0.1402243543, 0.1393360359, 0.1936924503, 0.2142075100, 2503.9302, 2605.6512, 762.3600, 18.4082
2025-11-24 19:05:19, 0.1084328938, 0.1363551754, 0.1435550430, 0.1396953246, 2339.6863, 2332.6078, 759.5300, 19.6964
2025-11-24 19:05:25, 0.1358968408, 0.1448339142, 0.2208896482, 0.2123741070, 2576.6000, 2472.4400, 757.7200, 17.8489
2025-11-24 19:05:31, 0.1198754058, 0.1157234987, 0.1838341229, 0.1369809836, 2363.0000, 2405.7872, 760.5850, 16.9320
2025-11-24 19:05:36, 0.1146959178, 0.0899567070, 0.1206570135, 0.1255952785, 2460.1860, 2556.7209, 758.4950, 17.4430
2025-11-24 19:05:42, 0.1097802792, 0.0841752137, 0.0848137413, 0.0980197497, 2533.9516, 2592.0806, 761.1850, 18.0009
2025-11-24 19:05:48, 0.1340179155, 0.0980581781, 0.2579051944, 0.1895632398, 2863.0270, 2882.1892, 759.8600, 18.9180
2025-11-24 19:05:54, 0.1307298679, 0.1474626530, 0.1212177511, 0.1412988526, 2477.3684, 2627.2632, 757.7050, 18.1546
2025-11-24 19:06:00, 0.1341043953, 0.1338706041, 0.1446734364, 0.1688970116, 2701.5789, 2893.7105, 760.3100, 16.9960
2025-11-24 19:06:05, 0.1399313726, 0.1305352061, 0.2087435799, 0.1405534309, 2511.5968, 2400.0806, 762.1800, 16.9537
2025-11-24 19:06:11, 0.1412263170, 0.1398098857, 0.1769758917, 0.1304956436, 2627.3333, 2445.7778, 763.9700, 18.1535
2025-11-24 19:06:17, 0.1721193337, 0.1207620794, 0.1974888969, 0.1574757382, 2691.6410, 2585.0769, 765.8450, 17.6026
2025-11-24 19:06:22, 0.1327727148, 0.1225982968, 0.1207462097, 0.1110986585, 2651.0000, 2499.2619, 765.3650, 17.2073
2025-11-24 19:06:28, 0.1846550245, 0.1415346751, 0.2224592534, 0.1516636800, 2227.2778, 2331.9722, 762.6550, 18.1927
2025-11-24 19:06:34, 0.1390804169, 0.1499890436, 0.1540975506, 0.2256425659, 2506.2500, 2600.9643, 763.3650, 18.5222
2025-11-24 19:06:39, 0.1634042682, 0.1177850750, 0.0800445148, 0.0956764214, 2463.1667, 2542.2143, 762.4400, 17.7067
2025-11-24 19:06:45, 0.1563212938, 0.1214409353, 0.1458023720, 0.1561032191, 2335.8333, 2310.6190, 759.7250, 18.5308
2025-11-24 19:06:51, 0.1023915705, 0.1174885250, 0.1780872937, 0.1504824239, 2295.7636, 2306.8182, 760.1300, 16.7303
2025-11-24 19:06:56, 0.1763150309, 0.1420848969, 0.1109406574, 0.1122088786, 2512.0213, 2557.7872, 760.9450, 16.0444
2025-11-24 19:07:02, 0.1407592208, 0.1301734668, 0.2407034172, 0.1888524867, 2673.9074, 2690.0370, 761.3550, 16.2846
2025-11-24 19:07:08, 0.0979585765, 0.1570571499, 0.1441180245, 0.2022211226, 2421.9231, 2537.9744, 759.3400, 16.9669
2025-11-24 19:07:13, 0.1669491054, 0.1329362518, 0.1040357738, 0.1196166512, 2251.3778, 2339.7333, 760.3300, 18.5772
2025-11-24 19:07:19, 0.0982352550, 0.0959093124, 0.1325313779, 0.1281611912, 2663.1778, 2654.7333, 760.1200, 18.9279
2025-11-24 19:07:25, 0.1467990827, 0.1249139494, 0.2043776683, 0.2579163847, 2403.4898, 2346.4694, 761.9800, 18.6612
2025-11-24 19:07:30, 0.1497326884, 0.1243497992, 0.2102336239, 0.1499062242, 2628.8250, 2651.3750, 760.1900, 17.8764
2025-11-24 19:07:36, 0.1343705350, 0.1268911759, 0.1028305914, 0.0956675766, 2582.6522, 2550.2391, 761.3450, 16.2762
2025-11-24 19:07:42, 0.1362256999, 0.1488669264, 0.1575352660, 0.1209449662, 2498.0750, 2593.7250, 764.0200, 16.9720
2025-11-24 19:07:48, 0.1458975065, 0.0807570575, 0.1890673092, 0.1857609985, 2706.4750, 2621.5750, 763.8150, 19.1492
2025-11-24 19:07:53, 0.1029360179, 0.1083796387, 0.1955772449, 0.1839746955, 2021.5385, 2021.8846, 764.2050, 18.0658
2025-11-24 19:07:59, 0.1249990917, 0.1066066309, 0.1382894330, 0.1237780816, 2681.1042, 2571.9792, 763.8450, 18.4519
2025-11-24 19:08:05, 0.1595426424, 0.1076685264, 0.1887041811, 0.1904986770, 2566.9667, 2574.6667, 763.2050, 16.5515
2025-11-24 19:08:11, 0.1349334552, 0.1249786728, 0.1343706488, 0.1452075217, 2615.2195, 2741.8293, 763.3750, 18.8922
2025-11-24 19:08:16, 0.1325537548, 0.1021840610, 0.1146255542, 0.1303471622, 2498.3810, 2506.4524, 762.2050, 17.3119
2025-11-24 19:08:22, 0.1212938013, 0.1289153970, 0.0778422296, 0.0834584784, 2254.7073, 2337.3659, 764.9800, 17.6728
2025-11-24 19:08:28, 0.1040705343, 0.0870265722, 0.1186290559, 0.1582445458, 2409.4259, 2464.9815, 760.4500, 17.6090
2025-11-24 19:08:34, 0.1506460537, 0.1775511605, 0.1101801988, 0.1284907161, 2705.5926, 2714.5556, 761.5500, 19.5632
2025-11-24 19:08:40, 0.1518317311, 0.1695689209, 0.0966755043, 0.1038861994, 2424.6429, 2477.1667, 765.2350, 17.7851
2025-11-24 19:08:46, 0.1536248184, 0.1301172573, 0.1827704417, 0.1260456471, 2555.9836, 2514.5246, 765.6400, 19.1272
2025-11-24 19:08:51, 0.1038889210, 0.1787132794, 0.1382455740, 0.1122149850, 2280.8000, 2265.7000, 763.8700, 20.2594
2025-11-24 19:08:57, 0.1574603297, 0.1815021761, 0.1302074057, 0.1226666638, 2492.0816, 2525.0816, 762.7850, 19.4198
2025-11-24 19:09:03, 0.1681431958, 0.1935687186, 0.1399941676, 0.1012889445, 2439.1053, 2377.1228, 763.6150, 17.8109
2025-11-24 19:09:08, 0.1364212284, 0.1513545142, 0.1086066177, 0.1334732918, 2711.8293, 2692.9268, 762.1500, 18.6225
2025-11-24 19:09:14, 0.1164776311, 0.1074698192, 0.2366022269, 0.1980465514, 2693.3409, 2679.5682, 761.6600, 16.0220
2025-11-24 19:09:19, 0.1046544985, 0.1236563128, 0.1909859385, 0.1785431616, 2728.9762, 2676.6190, 760.9850, 16.8141
2025-11-24 19:09:25, 0.1411957182, 0.1325801970, 0.1680902914, 0.1929832689, 2323.7059, 2389.2941, 760.5300, 17.7513
2025-11-24 19:09:31, 0.1102880608, 0.1234359112, 0.0971830313, 0.0957304895, 2373.3590, 2364.2821, 761.6850, 17.2420
2025-11-24 19:09:36, 0.0967171083, 0.1037651877, 0.1324115262, 0.1028676005, 2438.4667, 2416.2000, 759.8450, 17.1537
2025-11-24 19:09:42, 0.1538364554, 0.0949166233, 0.1252918602, 0.0819867787, 2568.1111, 2511.4167, 759.8200, 16.8169
2025-11-24 19:09:48, 0.1601693070, 0.1098626338, 0.1817021726, 0.1570198760, 2688.1481, 2749.1111, 763.0700, 17.8551
2025-11-24 19:09:54, 0.1497890263, 0.0941607572, 0.1260158191, 0.0945687877, 2380.7188, 2338.2500, 762.2600, 18.9993
2025-11-24 19:10:00, 0.1302300608, 0.1247504276, 0.1210128080, 0.1098721330, 2579.5714, 2646.0893, 759.5200, 16.6108
2025-11-24 19:10:06, 0.1365325846, 0.1538258777, 0.2026260360, 0.1620137973, 2454.2400, 2438.3600, 760.2750, 17.0241
2025-11-24 19:10:11, 0.1592255938, 0.1404360021, 0.0823423501, 0.0951547707, 2470.6889, 2466.5556, 758.3000, 16.8119
2025-11-24 19:10:17, 0.1189729268, 0.1574742275, 0.0713380273, 0.0866072608, 2700.8387, 2665.0968, 760.2850, 19.3839
2025-11-24 19:10:23, 0.1479820483, 0.1199385512, 0.1201057578, 0.0843061850, 2509.7308, 2474.0192, 762.7650, 17.6065
2025-11-24 19:10:28, 0.2321006817, 0.2420945070, 0.1873955653, 0.1836289828, 2412.3929, 2230.5000, 760.6300, 18.0012
2025-11-24 19:10:34, 0.1313542360, 0.1154465728, 0.1638022714, 0.1727189935, 2675.9143, 2710.9714, 761.5650, 17.5487
2025-11-24 19:10:40, 0.1475721435, 0.1397262024, 0.0975200974, 0.0878056703, 2163.1556, 2234.2222, 760.4850, 18.3646
2025-11-24 19:10:46, 0.1873430698, 0.1713804337, 0.1640625566, 0.1617114688, 2377.3261, 2401.1957, 760.7550, 19.5695
2025-11-24 19:10:52, 0.1293990121, 0.1597709286, 0.1409372146, 0.2471678259, 2479.6600, 2572.7000, 762.0300, 17.6167
2025-11-24 19:10:57, 0.1445873607, 0.1220730537, 0.1018972428, 0.1077388764, 2391.1143, 2469.4857, 762.0150, 17.7238
2025-11-24 19:11:03, 0.1248727992, 0.1112569790, 0.1124899570, 0.1200106843, 2619.4898, 2611.6122, 761.4300, 17.2338
2025-11-24 19:11:08, 0.1403331585, 0.1337318881, 0.1367949386, 0.1401741684, 2389.9400, 2379.3600, 761.6600, 17.0148
2025-11-24 19:11:14, 0.1595456612, 0.1025927411, 0.1397315691, 0.1139141038, 2661.5000, 2625.1562, 760.6950, 19.6136
2025-11-24 19:11:20, 0.1305992669, 0.1247496291, 0.1411885354, 0.1219917877, 2678.6792, 2615.1509, 762.2350, 17.7412
2025-11-24 19:11:25, 0.1062245951, 0.1709619280, 0.1124232046, 0.1221764456, 2181.6765, 2322.4412, 761.9400, 17.0287
2025-11-24 19:11:31, 0.1590150396, 0.1416804547, 0.1509790047, 0.1315848686, 2739.9348, 2686.7826, 762.2000, 16.2880
2025-11-24 19:11:38, 0.1216042870, 0.1627431685, 0.1176996447, 0.1044062816, 2458.4474, 2429.6842, 762.8300, 16.7359
2025-11-24 19:11:43, 0.1237146876, 0.1342879594, 0.1273852669, 0.1029260856, 2553.5625, 2450.0625, 762.3100, 17.4125
2025-11-24 19:11:49, 0.1743521661, 0.1376591984, 0.1636695036, 0.1583868315, 2396.6889, 2382.0000, 760.9050, 18.8092
2025-11-24 19:11:55, 0.1508610496, 0.1369040999, 0.2116735024, 0.2015010578, 2320.8205, 2320.3590, 761.8050, 18.0797
2025-11-24 19:12:01, 0.1292255905, 0.0960244563, 0.1568907919, 0.1620608124, 2446.0909, 2395.1515, 762.6650, 18.1246
2025-11-24 19:12:07, 0.1664688347, 0.1099321445, 0.1229588873, 0.1152240011, 2844.8621, 2902.1379, 765.7400, 18.9714
2025-11-24 19:12:12, 0.1584761686, 0.1648543223, 0.1027629502, 0.1005415462, 2495.9483, 2549.9655, 763.3500, 18.4797
2025-11-24 19:12:18, 0.1953265419, 0.1498587929, 0.1226822118, 0.1410863943, 2385.2857, 2417.7714, 764.9700, 17.8594
2025-11-24 19:12:23, 0.1673200892, 0.1203248799, 0.1634610099, 0.1571975907, 2365.9394, 2461.8636, 764.1000, 18.4746
2025-11-24 19:12:29, 0.0789217259, 0.1293545601, 0.1172669175, 0.0996036750, 2504.6970, 2503.6364, 767.6650, 17.8758
2025-11-24 19:12:35, 0.1164325766, 0.1414509836, 0.0918202830, 0.0949169313, 2601.9216, 2714.2353, 766.1150, 19.0725
2025-11-24 19:12:40, 0.1201026643, 0.1119694469, 0.1090170711, 0.0866773001, 2358.5965, 2342.9123, 765.6350, 19.0103
2025-11-24 19:12:46, 0.1160962550, 0.1385002595, 0.1691475264, 0.1922928825, 2545.3095, 2480.2619, 765.7400, 17.6180
2025-11-24 19:12:52, 0.1535201633, 0.1751028073, 0.0781103798, 0.0939132606, 2486.7551, 2544.0000, 766.0400, 18.3010
2025-11-24 19:12:58, 0.1045371309, 0.1889868644, 0.1097642276, 0.0734899232, 2382.8205, 2356.0513, 764.4750, 18.8048
2025-11-24 19:13:04, 0.1821125356, 0.1410084459, 0.0615976670, 0.0706199267, 2182.8158, 2220.3947, 764.1650, 19.3682
2025-11-24 19:13:09, 0.1012146658, 0.1024432411, 0.1059944150, 0.1020113422, 2510.8367, 2511.1020, 763.2600, 18.3846
2025-11-24 19:13:15, 0.1070464152, 0.0861116424, 0.0554074075, 0.0818241426, 2230.4375, 2276.3958, 767.0400, 19.1971
2025-11-24 19:13:21, 0.1502118975, 0.1028804194, 0.1124399885, 0.1100612789, 2781.8367, 2818.2245, 767.8600, 17.1324
2025-11-24 19:13:26, 0.0938533300, 0.1039199004, 0.0983601976, 0.0993643657, 2446.5833, 2500.5833, 765.8950, 18.4931
2025-11-24 19:13:32, 0.1239443865, 0.1627056001, 0.0664683527, 0.0563648791, 2216.3455, 2279.3636, 767.4500, 17.7211
2025-11-24 19:13:38, 0.1089177054, 0.1034309430, 0.0907975612, 0.0955636143, 2391.3889, 2446.5185, 766.8500, 17.5681
2025-11-24 19:13:44, 0.1292424158, 0.0897984104, 0.1605552652, 0.1164760787, 2754.8158, 2583.5000, 766.2700, 18.7467
2025-11-24 19:13:50, 0.1458859269, 0.1001919973, 0.1922823598, 0.1732658066, 2451.5946, 2429.0541, 766.1100, 20.3519
2025-11-24 19:13:56, 0.1008160164, 0.0946989200, 0.1568233651, 0.1515375544, 2393.2742, 2408.8065, 767.1150, 17.3428
2025-11-24 19:14:01, 0.0939331749, 0.1092339609, 0.1358795190, 0.1462060090, 2405.9231, 2409.8462, 765.0900, 18.4673
2025-11-24 19:14:07, 0.1356133804, 0.0978193172, 0.0965126224, 0.1174219434, 2608.9211, 2775.4211, 765.4500, 17.5971
2025-11-24 19:14:13, 0.1402535994, 0.1059753991, 0.1682339548, 0.1433853616, 2648.7547, 2577.3962, 763.8450, 18.9410
2025-11-24 19:14:18, 0.1496086501, 0.0889707307, 0.1278825367, 0.1221967029, 2356.4286, 2269.6571, 765.6250, 17.5452
2025-11-24 19:14:24, 0.1050023490, 0.0972177033, 0.1138249391, 0.1544775646, 2540.7750, 2643.3750, 768.1150, 18.2541
2025-11-24 19:14:30, 0.1297497562, 0.1170229390, 0.1528088312, 0.2083204872, 2547.6596, 2463.1489, 766.9500, 17.6507
2025-11-24 19:14:35, 0.1423554304, 0.1160892095, 0.2389261201, 0.1841199228, 2660.0244, 2592.6829, 764.7750, 18.8360
2025-11-24 19:14:41, 0.1302483553, 0.1435095209, 0.1284608079, 0.1577592286, 2344.7778, 2329.6825, 767.0750, 17.6768
2025-11-24 19:14:47, 0.1540850414, 0.1535389966, 0.2585540633, 0.1988633095, 2643.6389, 2622.8056, 765.1500, 19.1002
2025-11-24 19:14:53, 0.1796151477, 0.1464851802, 0.0813310887, 0.1229712784, 2278.4375, 2357.7500, 765.5450, 17.5236
2025-11-24 19:14:59, 0.1341801441, 0.1166126926, 0.1110869396, 0.1098243175, 2352.0652, 2354.0870, 761.7650, 19.3411
2025-11-24 19:15:05, 0.1022586690, 0.1137656316, 0.1488319592, 0.1319930866, 2345.4000, 2352.6000, 765.1500, 17.5148
2025-11-24 19:15:11, 0.1129521244, 0.1607725711, 0.1145934187, 0.1144996328, 2534.4000, 2563.7750, 764.7550, 17.9874
2025-11-24 19:15:16, 0.2398833190, 0.1444157768, 0.0623686149, 0.0510168963, 2509.5946, 2462.8108, 760.8400, 18.4221
2025-11-24 19:15:22, 0.1646799504, 0.1445630300, 0.1145124810, 0.1163168059, 2563.3878, 2516.4082, 758.8050, 17.3993
2025-11-24 19:15:28, 0.2086332799, 0.1382976699, 0.1050531491, 0.0942704439, 2504.5200, 2518.2400, 758.2200, 17.3237
2025-11-24 19:15:33, 0.1332041781, 0.1222353159, 0.1265896348, 0.0982077893, 2602.5957, 2573.7660, 758.3750, 16.8070
2025-11-24 19:15:39, 0.1397447266, 0.1274903392, 0.0952525985, 0.1226165234, 2400.8095, 2405.9048, 757.4450, 17.6030
2025-11-24 19:15:45, 0.1181208098, 0.1590741969, 0.1015340642, 0.1169623088, 2461.6316, 2417.4737, 758.0050, 18.4780
2025-11-24 19:15:51, 0.1414611544, 0.0968220056, 0.1687928008, 0.1506658380, 2465.7879, 2463.3939, 758.0550, 19.0500
2025-11-24 19:15:56, 0.1654970860, 0.1381423217, 0.1532524163, 0.1303326230, 2483.3659, 2501.5610, 758.9550, 18.0760
2025-11-24 19:16:02, 0.1575493477, 0.1388051907, 0.0858888872, 0.0780644041, 2443.8868, 2492.1509, 758.5950, 19.0058
2025-11-24 19:16:08, 0.1360561704, 0.1407418159, 0.1024939839, 0.1146266438, 2435.9118, 2448.2941, 757.5700, 17.5552
2025-11-24 19:16:13, 0.1489010823, 0.1045797009, 0.1419217778, 0.1386052208, 2320.9318, 2415.7273, 759.6100, 20.3273
2025-11-24 19:16:19, 0.1867458594, 0.1358256157, 0.1299094110, 0.1330654533, 2671.2750, 2653.1000, 762.8450, 18.2192
2025-11-24 19:16:25, 0.2157491535, 0.1942596853, 0.1290917603, 0.1189221390, 2431.5250, 2398.2750, 759.6950, 17.5457
2025-11-24 19:16:31, 0.1760003956, 0.1827830607, 0.1315637929, 0.1079839384, 2654.8776, 2641.4490, 760.3600, 19.7482
2025-11-24 19:16:36, 0.2019707554, 0.1690403540, 0.1496539129, 0.1565115337, 2730.4348, 2758.5217, 758.9350, 16.7452
2025-11-24 19:16:42, 0.1751893417, 0.1715980049, 0.0607818926, 0.0845921493, 2296.3333, 2394.0000, 760.5550, 19.0732
2025-11-24 19:16:48, 0.2166765885, 0.1612008098, 0.1272953431, 0.1338845078, 2506.7963, 2560.1296, 762.1850, 18.3175
2025-11-24 19:16:54, 0.1864306700, 0.1844883721, 0.0969490357, 0.1064199761, 2617.0816, 2612.2449, 762.6350, 18.8192
2025-11-24 19:16:59, 0.1376019718, 0.1441565913, 0.1159249124, 0.1035696585, 2552.2727, 2591.6000, 760.9250, 19.9316
2025-11-24 19:17:05, 0.1458365983, 0.1237209038, 0.0941855037, 0.1035254636, 2276.0000, 2303.9429, 759.8850, 18.5597
2025-11-24 19:17:11, 0.1182151781, 0.1421323135, 0.1175663977, 0.1000237835, 2708.0526, 2652.3158, 760.2000, 17.4118
2025-11-24 19:17:17, 0.1321787295, 0.1525074253, 0.1473790398, 0.1056569707, 2287.5385, 2246.8974, 756.2950, 17.4123
2025-11-24 19:17:22, 0.1090510541, 0.1105292921, 0.1102669220, 0.0896089376, 2456.6216, 2399.7027, 759.6400, 18.8860
2025-11-24 19:17:28, 0.0890540465, 0.1021552268, 0.1010186778, 0.1016290365, 2451.4364, 2380.6000, 758.7450, 19.3918
2025-11-24 19:17:34, 0.0865941580, 0.1047453415, 0.1252061026, 0.1193859217, 2481.0833, 2513.6667, 760.7450, 18.9222
2025-11-24 19:17:39, 0.1466842041, 0.0993071164, 0.0913118177, 0.0977062443, 2623.5000, 2605.2632, 759.6050, 19.0431
2025-11-24 19:17:45, 0.1420875170, 0.1269972020, 0.1418188829, 0.1090435790, 2490.8269, 2524.9231, 762.2450, 19.7473
2025-11-24 19:17:51, 0.1541753493, 0.1482699124, 0.0477961756, 0.0689660811, 2266.4848, 2318.3939, 760.1950, 18.0157
2025-11-24 19:17:57, 0.0952262760, 0.1362318050, 0.0880979569, 0.0830275611, 2507.3750, 2452.1750, 758.2100, 18.0434
2025-11-24 19:18:02, 0.1447670213, 0.1278046855, 0.0875911093, 0.0906906913, 2641.8108, 2790.6216, 760.9450, 16.9252
2025-11-24 19:18:08, 0.1295868092, 0.1709228103, 0.1460481895, 0.1344809698, 2567.1034, 2601.6897, 760.4350, 17.4426
2025-11-24 19:18:14, 0.1345541011, 0.1507470532, 0.0883337990, 0.0892723648, 2708.5957, 2595.1064, 759.7550, 18.9052
2025-11-24 19:18:19, 0.1224371614, 0.1109108324, 0.1819334581, 0.1925642288, 2600.0811, 2548.7838, 760.4200, 16.8310
2025-11-24 19:18:25, 0.1557105035, 0.1616288157, 0.0985717929, 0.0738980404, 2621.9348, 2582.1957, 759.3600, 17.3038
2025-11-24 19:18:31, 0.1614401932, 0.1302567022, 0.1488147081, 0.1452360658, 2552.3800, 2480.7200, 761.2250, 19.2423
2025-11-24 19:18:36, 0.1165040746, 0.0751473606, 0.1204820514, 0.1081302141, 2423.5278, 2325.4167, 761.5050, 18.1146
2025-11-24 19:18:42, 0.1904920351, 0.1298302488, 0.1307237834, 0.0842518434, 2591.8158, 2528.8026, 763.4650, 18.5623
2025-11-24 19:18:48, 0.0871265837, 0.1064351791, 0.1713197595, 0.2155724205, 2339.5600, 2425.6400, 756.4650, 17.3424
2025-11-24 19:18:53, 0.1166751923, 0.0982032663, 0.1554697629, 0.1173776555, 2366.0750, 2238.0250, 757.5450, 19.7944
2025-11-24 19:18:59, 0.1599060917, 0.1367130470, 0.1948360291, 0.1610470173, 2430.6863, 2392.8235, 758.7400, 18.7003
2025-11-24 19:19:05, 0.1492623167, 0.1926303434, 0.1340127137, 0.1300274754, 2433.6744, 2448.1860, 757.4200, 18.5141
2025-11-24 19:19:11, 0.1026436377, 0.1100035243, 0.1454925417, 0.1141137583, 2659.4318, 2545.5000, 761.7200, 18.0231
2025-11-24 19:19:17, 0.1155810584, 0.1088003188, 0.1985758192, 0.1722344658, 2741.7778, 2684.4222, 762.2300, 17.9197
2025-11-24 19:19:22, 0.0948847452, 0.0919476750, 0.1640099275, 0.1561082562, 2551.5455, 2605.8485, 763.6450, 18.2554
2025-11-24 19:19:28, 0.1411001995, 0.1026150256, 0.1476183207, 0.1613416420, 2510.2340, 2535.0851, 759.6150, 18.1248
2025-11-24 19:19:34, 0.1276362835, 0.0928846248, 0.1938137250, 0.1626157706, 2338.0417, 2317.5208, 761.7250, 18.7083
2025-11-24 19:19:39, 0.1198440653, 0.1432436076, 0.1372314633, 0.1707975144, 2586.8049, 2803.5366, 762.4900, 18.2669
2025-11-24 19:19:45, 0.1199595293, 0.0924203676, 0.1568655333, 0.1420420947, 2559.0400, 2638.6400, 760.7500, 16.9737
2025-11-24 19:19:51, 0.1135850920, 0.1249699888, 0.1177980635, 0.0988943151, 2674.7750, 2726.1000, 761.5500, 16.8943
2025-11-24 19:19:56, 0.1584445479, 0.1146605883, 0.1194853810, 0.1349145582, 2434.9091, 2522.9545, 762.9450, 18.3394
2025-11-24 19:20:02, 0.1284126661, 0.1195801009, 0.0836072411, 0.0914963579, 2128.6800, 2185.2800, 761.4800, 17.6250
2025-11-24 19:20:08, 0.1219789449, 0.0922721739, 0.1681921282, 0.1189966218, 2793.2703, 2644.5405, 762.5200, 18.3366
2025-11-24 19:20:14, 0.1702211899, 0.1322233647, 0.1635098888, 0.1304485908, 2278.0500, 2352.9500, 760.1550, 18.5241
2025-11-24 19:20:20, 0.1531950890, 0.1203800029, 0.0887739883, 0.0968915318, 2111.4839, 2183.3548, 761.7650, 17.7561
2025-11-24 19:20:26, 0.1334751134, 0.1111323160, 0.1059212490, 0.1389227670, 2432.9565, 2391.6304, 763.1300, 16.5010
2025-11-24 19:20:31, 0.1407679687, 0.1028795646, 0.2070359511, 0.1643269828, 2649.1154, 2595.4615, 762.3650, 16.5346
2025-11-24 19:20:37, 0.1137362053, 0.1260151586, 0.1849303356, 0.1617801954, 2812.6800, 2653.3600, 761.0400, 17.2632
2025-11-24 19:20:43, 0.1314454634, 0.1701440331, 0.1842867838, 0.1299286816, 2634.0408, 2450.2653, 762.2300, 17.8837
2025-11-24 19:20:49, 0.1181588966, 0.1054657872, 0.0860616985, 0.0933801648, 2451.6591, 2568.7273, 762.1200, 18.2320
2025-11-24 19:20:54, 0.1124478695, 0.0998193315, 0.1152634573, 0.1072273760, 2689.3191, 2596.5106, 759.9050, 18.4260
2025-11-24 19:21:00, 0.1599481844, 0.1475341914, 0.1362357691, 0.1282483284, 2630.8704, 2718.8148, 756.5500, 19.3842
2025-11-24 19:21:05, 0.1123927550, 0.1033610389, 0.1160988260, 0.1126383801, 2346.4727, 2221.8727, 757.7650, 18.0089
2025-11-24 19:21:11, 0.1191563848, 0.1092906932, 0.1448837047, 0.1269984919, 2627.1111, 2745.6667, 757.0900, 18.4079
2025-11-24 19:21:17, 0.1068669323, 0.0853232429, 0.1159689715, 0.1120805392, 2531.0000, 2467.9792, 759.8750, 17.8255
2025-11-24 19:21:23, 0.1547575906, 0.1205443636, 0.1823827487, 0.1935285448, 2416.6667, 2475.1282, 761.2650, 16.6020
2025-11-24 19:21:28, 0.1409192102, 0.1233812254, 0.1071259302, 0.1158258448, 2476.4681, 2432.6170, 759.5000, 17.4129
2025-11-24 19:21:34, 0.1419339889, 0.1544978385, 0.0990913062, 0.1174393711, 2351.9091, 2457.4318, 760.0150, 18.1437
2025-11-24 19:21:40, 0.1187049583, 0.1175601775, 0.1203980136, 0.1165340624, 2362.1731, 2340.2500, 761.5000, 19.9080
2025-11-24 19:21:45, 0.1359892058, 0.1106596580, 0.1326770390, 0.0949205510, 2779.3023, 2728.1628, 760.6050, 18.1130
2025-11-24 19:21:51, 0.1498733594, 0.1568404762, 0.0945172805, 0.0971500155, 2397.4651, 2455.4186, 760.9350, 18.5138
2025-11-24 19:21:57, 0.1541049705, 0.0992317486, 0.1363862368, 0.1233812721, 2444.7447, 2396.6596, 757.5600, 18.9704
2025-11-24 19:22:02, 0.1524652331, 0.1084281027, 0.1889248028, 0.1982155632, 2295.5306, 2323.7143, 756.1800, 18.8507
2025-11-24 19:22:08, 0.1472777223, 0.1346132334, 0.1457759730, 0.1941943275, 2454.8182, 2574.0303, 756.1300, 18.5271
2025-11-24 19:22:14, 0.1653818566, 0.1423662924, 0.1587827034, 0.1426370928, 2447.4043, 2426.0426, 755.4350, 18.3127
2025-11-24 19:22:20, 0.1461894081, 0.1502242343, 0.1912617043, 0.1884681582, 2392.7895, 2475.5526, 756.4000, 19.3827
2025-11-24 19:22:26, 0.1978081937, 0.1154505786, 0.0613660346, 0.0711973236, 2339.3051, 2452.6949, 757.7600, 17.7672
2025-11-24 19:22:32, 0.1439248906, 0.1187760693, 0.1517444225, 0.1223182462, 2439.3725, 2384.1569, 761.0350, 19.4387
2025-11-24 19:22:37, 0.1030074040, 0.1052613608, 0.1020245677, 0.1159768368, 2406.4138, 2338.2414, 758.9400, 20.4009
2025-11-24 19:22:43, 0.1659510679, 0.1368749946, 0.1083764186, 0.0853276975, 2258.1667, 2397.7292, 760.4900, 19.5573
2025-11-24 19:22:49, 0.1886647094, 0.1532040238, 0.1314014075, 0.0942936182, 2408.0811, 2501.3784, 761.3600, 19.1867
2025-11-24 19:22:54, 0.1495477696, 0.1196374915, 0.1534234782, 0.1633270078, 2982.9107, 2960.9643, 761.5900, 19.8905
2025-11-24 19:23:00, 0.1674484603, 0.1268899324, 0.1212318348, 0.1140178453, 2560.9818, 2544.0182, 764.9800, 20.1856
2025-11-24 19:23:05, 0.1394311447, 0.1113604630, 0.1526660243, 0.1294793541, 2590.7895, 2715.8158, 762.3650, 19.9005
2025-11-24 19:23:11, 0.1434746006, 0.1219291630, 0.0951526203, 0.1281621435, 2626.8276, 2705.3103, 764.1650, 20.6194
2025-11-24 19:23:17, 0.1641963617, 0.1489107619, 0.1526063311, 0.1612424825, 2829.5854, 2915.0488, 762.6250, 18.5616
2025-11-24 19:23:23, 0.1595566726, 0.0994977644, 0.1407722103, 0.1265606939, 2672.9643, 2657.4643, 769.1150, 20.7714
2025-11-24 19:23:29, 0.1278329624, 0.1207471207, 0.0985233603, 0.0752566849, 2276.5957, 2333.3404, 770.7150, 18.5152
2025-11-24 19:23:35, 0.1145372237, 0.1238302129, 0.1027527325, 0.1225855039, 2481.7292, 2479.6667, 768.5650, 19.8249
2025-11-24 19:23:41, 0.1352260162, 0.1122011509, 0.1067339643, 0.1161408531, 2327.5600, 2424.3600, 767.4500, 21.7733
2025-11-24 19:23:46, 0.1134870819, 0.1371541208, 0.1268891795, 0.1175481172, 2542.0789, 2435.7632, 763.0350, 19.2415
2025-11-24 19:23:52, 0.1721547066, 0.1456380986, 0.0956344942, 0.0804442706, 2465.2619, 2451.1905, 768.5400, 21.8527
2025-11-24 19:23:58, 0.1410843448, 0.1065965349, 0.1217383192, 0.1484139665, 2473.5932, 2584.2542, 770.2150, 21.4625
2025-11-24 19:24:03, 0.1676513774, 0.1072190816, 0.1493063691, 0.1725514265, 2454.4167, 2493.4167, 768.4150, 21.1304
2025-11-24 19:24:09, 0.1171453592, 0.1169555662, 0.1665061135, 0.1503023761, 2538.7667, 2575.4333, 768.0250, 18.0963
2025-11-24 19:24:15, 0.1732876223, 0.0968686466, 0.0773887856, 0.0786427735, 2312.0750, 2320.9000, 773.0200, 21.7736
2025-11-24 19:24:20, 0.1104319394, 0.1166090733, 0.1207785470, 0.1027713245, 2656.1250, 2551.6250, 767.4600, 18.6668
2025-11-24 19:24:26, 0.1081162367, 0.1254364829, 0.1874356992, 0.1259105133, 2695.2727, 2698.1818, 767.3300, 18.4220
2025-11-24 19:24:32, 0.1320193525, 0.1306721988, 0.1747030093, 0.1297537123, 2522.1667, 2431.4762, 766.8750, 19.0449
2025-11-24 19:24:38, 0.1626277761, 0.1697600012, 0.1437569251, 0.1329333980, 2577.6735, 2475.6735, 769.1400, 19.1635
2025-11-24 19:24:44, 0.1155580624, 0.1198428237, 0.1606888740, 0.1694063645, 2394.9608, 2348.8627, 767.2950, 18.1961
2025-11-24 19:24:49, 0.1238213299, 0.1185254204, 0.1435520045, 0.1986327981, 2569.9412, 2557.0980, 768.1350, 21.2063
2025-11-24 19:24:55, 0.1625913177, 0.1003885711, 0.0963876708, 0.1131759597, 2248.6562, 2315.7500, 766.3850, 19.3144
2025-11-24 19:25:01, 0.1476035649, 0.1188179482, 0.1510822284, 0.1389919506, 2531.4286, 2493.4694, 767.0950, 21.2331
2025-11-24 19:25:07, 0.1479284365, 0.1226666471, 0.0817912143, 0.0853749011, 2438.0789, 2395.1316, 769.1800, 20.5004
2025-11-24 19:25:12, 0.1133486180, 0.1147182990, 0.1447546521, 0.1486431320, 2533.8261, 2496.6739, 761.0650, 19.6795
2025-11-24 19:25:18, 0.1096457616, 0.1261941806, 0.1149367989, 0.1251099782, 2401.2727, 2365.6182, 758.6550, 19.1349
2025-11-24 19:25:24, 0.1673321422, 0.1486619271, 0.1796886498, 0.1069506578, 2482.4600, 2508.1000, 760.1800, 18.3885
2025-11-24 19:25:29, 0.1701764804, 0.1339897201, 0.1015826971, 0.1057081338, 2502.1935, 2456.5484, 758.1600, 18.7636
2025-11-24 19:25:35, 0.0885004821, 0.0957392298, 0.0890029559, 0.0662978729, 2148.1351, 2140.8649, 762.1650, 18.2416
2025-11-24 19:25:41, 0.1105425706, 0.1038551712, 0.0932023378, 0.1072064620, 2253.8085, 2290.9362, 763.5050, 18.1618
2025-11-24 19:25:46, 0.1199778652, 0.1242215245, 0.1319517626, 0.1152412668, 2468.9423, 2488.3654, 759.2050, 17.1707
2025-11-24 19:25:52, 0.1319555396, 0.0969991632, 0.1069942011, 0.1182283683, 2466.8837, 2409.7674, 764.2900, 19.7149
2025-11-24 19:25:58, 0.1480706247, 0.1013031228, 0.0799728123, 0.1027713700, 2558.2453, 2540.3396, 758.8000, 16.5780
2025-11-24 19:26:04, 0.1466807176, 0.1376607106, 0.1470195715, 0.1950002412, 2466.1163, 2476.0233, 757.5850, 18.4204
2025-11-24 19:26:09, 0.1127977209, 0.1421940879, 0.1175973265, 0.1303624035, 2553.2308, 2523.5385, 758.3200, 15.8296
2025-11-24 19:26:15, 0.1212842515, 0.1458316586, 0.1333958964, 0.1350180602, 2174.1500, 2194.7250, 758.2850, 18.3830
2025-11-24 19:26:21, 0.1181895030, 0.1130993796, 0.2512999374, 0.1509396277, 2643.2727, 2653.6364, 758.6100, 18.8281
2025-11-24 19:26:27, 0.1430670007, 0.1138119719, 0.1718176551, 0.1530712708, 2618.0392, 2578.0784, 755.6500, 18.5213
2025-11-24 19:26:32, 0.1310013618, 0.1423897112, 0.1234188899, 0.1043113188, 2553.1000, 2533.6400, 755.6300, 17.4429
2025-11-24 19:26:38, 0.1636529608, 0.1119281373, 0.1009223649, 0.0858169330, 2492.9487, 2420.9231, 759.9250, 18.3526
2025-11-24 19:26:44, 0.1129749774, 0.1148436469, 0.1307574444, 0.1335496081, 2757.3256, 2713.3721, 761.7350, 18.8572
2025-11-24 19:26:49, 0.1153878059, 0.0960326339, 0.1562482161, 0.1582105554, 2467.9245, 2528.3585, 765.3250, 17.4645
2025-11-24 19:26:55, 0.1550040722, 0.1422685288, 0.1255670868, 0.1113709585, 2302.8571, 2317.0612, 763.2250, 19.7614
2025-11-24 19:27:01, 0.1021028044, 0.1178087639, 0.2530319711, 0.2030469010, 2597.9524, 2523.8095, 763.4150, 18.0605
2025-11-24 19:27:06, 0.1744089796, 0.0912779240, 0.0809656422, 0.1079293720, 2379.6481, 2443.5000, 761.1300, 21.5400
2025-11-24 19:27:12, 0.1104045817, 0.1144998337, 0.0861243765, 0.0813028931, 2576.0893, 2737.6071, 763.7650, 17.7798
2025-11-24 19:27:18, 0.1261259984, 0.1273286914, 0.1527896250, 0.1563611991, 2489.4615, 2537.7500, 764.8300, 19.2598
2025-11-24 19:27:23, 0.1543295592, 0.1055971940, 0.1204259607, 0.0775203390, 2356.2549, 2325.0000, 763.7200, 19.1414
2025-11-24 19:27:29, 0.0997292832, 0.1083123602, 0.0849911834, 0.0685727451, 2301.4706, 2344.8627, 761.8150, 17.2850
2025-11-24 19:27:35, 0.1001531993, 0.1447345567, 0.1450870097, 0.1288086201, 2522.1333, 2536.9833, 766.3900, 19.7914
2025-11-24 19:27:41, 0.1219647362, 0.0942847482, 0.0853715209, 0.0750161322, 2445.5122, 2455.0976, 765.4350, 17.3045
2025-11-24 19:27:46, 0.1109793202, 0.0848922429, 0.1577938817, 0.1471391843, 2390.4746, 2365.3729, 766.8850, 19.3696
2025-11-24 19:27:52, 0.1132158552, 0.1410512160, 0.1349167590, 0.1150530879, 2547.2154, 2424.8923, 765.5000, 17.5545
2025-11-24 19:27:58, 0.1242403771, 0.1102761496, 0.1564834547, 0.1966550610, 2318.2571, 2454.5143, 766.0650, 18.1986
2025-11-24 19:28:04, 0.1071757497, 0.1003574962, 0.1185653207, 0.1096453003, 2685.8909, 2676.4727, 767.5550, 17.7608
2025-11-24 19:28:09, 0.1359195930, 0.1165683680, 0.0747615089, 0.0823572905, 2759.9250, 2737.9000, 765.1350, 18.7562
2025-11-24 19:28:15, 0.0844790781, 0.0787632413, 0.1410079277, 0.1088913904, 2566.8600, 2449.9800, 765.9300, 19.7303
2025-11-24 19:28:20, 0.1440128135, 0.1387842327, 0.1408493582, 0.1132947823, 2457.0896, 2395.5970, 764.1050, 20.3171
2025-11-24 19:28:26, 0.1096159698, 0.1085110396, 0.1842793209, 0.1620442985, 3056.2000, 2884.6500, 764.3850, 18.1765
2025-11-24 19:28:32, 0.1194165727, 0.0950784234, 0.2138057082, 0.2463303110, 2214.6552, 2253.1897, 764.0550, 17.4726
2025-11-24 19:28:38, 0.0888068526, 0.0871217317, 0.1774270741, 0.1623477459, 2761.3673, 2726.4898, 764.7650, 18.8746
2025-11-24 19:28:43, 0.1241005366, 0.1118173424, 0.1111315746, 0.1338994311, 2268.7222, 2329.9259, 764.1950, 15.8971
2025-11-24 19:28:49, 0.1199901917, 0.1133557342, 0.1624129916, 0.1296863811, 2542.9149, 2489.9149, 763.1750, 18.7124
2025-11-24 19:28:55, 0.0943937979, 0.0937371020, 0.1420536178, 0.1494839648, 2548.2653, 2544.0000, 765.7200, 17.9678
2025-11-24 19:29:00, 0.1229312196, 0.0869186667, 0.1223306694, 0.1511572312, 2390.0000, 2389.5085, 761.6950, 19.8381
2025-11-24 19:29:06, 0.1059894130, 0.0995918034, 0.1409341947, 0.1377195525, 2469.2857, 2472.4524, 763.5200, 17.3528
2025-11-24 19:29:12, 0.0983676080, 0.0880439116, 0.1038006130, 0.0982122777, 2388.3750, 2406.4167, 763.5350, 16.5553
2025-11-24 19:29:17, 0.1123449898, 0.1022860429, 0.1652364717, 0.1378355704, 2341.3529, 2352.2941, 765.5150, 18.1293
2025-11-24 19:29:23, 0.1040437785, 0.1095095073, 0.1102447390, 0.1156318072, 2328.6078, 2355.9412, 760.8300, 18.3989
2025-11-24 19:29:29, 0.1029397559, 0.1118835270, 0.1732302406, 0.1320817220, 2641.1020, 2514.1837, 761.4950, 17.9187
2025-11-24 19:29:34, 0.1098169930, 0.1075419993, 0.1184996917, 0.1260492228, 2452.4286, 2474.9048, 761.4550, 17.2884
2025-11-24 19:29:40, 0.0688574609, 0.0826139448, 0.0906060716, 0.0866708162, 2459.7447, 2417.4894, 761.1300, 19.2082
2025-11-24 19:29:46, 0.0828507161, 0.0861881989, 0.0812967079, 0.1005928077, 2387.8889, 2394.4259, 756.6900, 16.4719
2025-11-24 19:29:52, 0.1123224959, 0.0959796430, 0.1180609305, 0.1137804065, 2490.1562, 2572.4062, 761.4700, 17.2221
2025-11-24 19:29:57, 0.1182930125, 0.1075462887, 0.1638379839, 0.1120329000, 2718.6000, 2737.5538, 758.1050, 18.0143
2025-11-24 19:30:03, 0.1072540492, 0.0957392575, 0.1510220871, 0.1810199505, 2358.1481, 2346.9444, 755.8950, 18.7415
2025-11-24 19:30:09, 0.0851844353, 0.1107756007, 0.1401463648, 0.1332802742, 2737.9020, 2665.9804, 755.8300, 18.1747
2025-11-24 19:30:14, 0.0990764511, 0.1037621366, 0.1132888600, 0.1149898747, 2616.4464, 2599.8929, 756.8150, 17.2204
2025-11-24 19:30:20, 0.1036161910, 0.1238226599, 0.1328861030, 0.1027820824, 2501.0250, 2436.6500, 755.4200, 17.3785
2025-11-24 19:30:26, 0.1357926845, 0.0923388937, 0.0830791603, 0.1009224860, 2598.4186, 2484.2791, 755.3950, 18.1510
2025-11-24 19:30:31, 0.0963657996, 0.0667772540, 0.1939588111, 0.2089023166, 2577.5800, 2550.2400, 757.5950, 17.6882
2025-11-24 19:30:37, 0.0858897328, 0.0904849831, 0.1234646971, 0.1153691590, 2651.2292, 2782.0000, 757.4100, 18.7684
2025-11-24 19:30:43, 0.0621098825, 0.0642690888, 0.1194298325, 0.0936977816, 2607.0200, 2524.2000, 759.1150, 18.5440
2025-11-24 19:30:49, 0.1067395479, 0.0821665192, 0.1282214018, 0.0857972062, 2337.0200, 2171.5200, 756.0450, 17.6778
2025-11-24 19:30:54, 0.0991102487, 0.1159781882, 0.1138845790, 0.1151033963, 2822.8814, 2751.3051, 761.3950, 18.8682
2025-11-24 19:31:00, 0.0767531610, 0.0900358527, 0.1931478229, 0.1613817296, 2311.1875, 2345.4792, 762.3550, 18.1518
2025-11-24 19:31:06, 0.0755241131, 0.0772149389, 0.0781168383, 0.0805952030, 2583.2069, 2608.6552, 762.6350, 16.2687
2025-11-24 19:31:11, 0.0945814001, 0.1109955174, 0.0674718470, 0.0702123826, 2249.1500, 2267.2167, 764.3950, 18.3147
2025-11-24 19:31:17, 0.1575172712, 0.1056300689, 0.1025645702, 0.1081732739, 2353.6042, 2375.8958, 764.6000, 19.2881
2025-11-24 19:31:23, 0.0915274242, 0.1028366568, 0.1200038753, 0.1237381155, 2317.6667, 2264.6190, 760.7000, 18.6137
2025-11-24 19:31:28, 0.1157257496, 0.0888954877, 0.1015294957, 0.1065115970, 2342.5435, 2371.3043, 765.6150, 17.6013
2025-11-24 19:31:34, 0.0990166383, 0.0873768677, 0.1101814556, 0.1261817961, 2519.9565, 2586.8261, 761.7000, 18.0294
2025-11-24 19:31:40, 0.1063480594, 0.0833722778, 0.0872537856, 0.1024603155, 2175.1176, 2174.1176, 768.9150, 18.4396
2025-11-24 19:31:46, 0.0991680552, 0.0778698407, 0.0835158981, 0.0631497552, 2540.3043, 2519.3478, 766.9800, 18.8703
2025-11-24 19:31:51, 0.1085924077, 0.1027660183, 0.1128964039, 0.1178257748, 2458.6724, 2433.1897, 768.2700, 19.1109
2025-11-24 19:31:57, 0.1469629058, 0.0983456109, 0.1227766556, 0.0822441993, 2613.3659, 2582.2195, 764.3450, 19.1780
2025-11-24 19:32:03, 0.1031187708, 0.1095786440, 0.1309980905, 0.0946774409, 2594.0213, 2515.4894, 767.0950, 20.0728
2025-11-24 19:32:08, 0.1525290943, 0.1381039401, 0.1256927781, 0.1282898446, 2649.8824, 2591.6471, 766.8850, 17.6658
2025-11-24 19:32:14, 0.1261109226, 0.0957371417, 0.1301860416, 0.1550002343, 2342.0426, 2419.6809, 767.6850, 17.5156
2025-11-24 19:32:20, 0.1548053784, 0.1360751927, 0.1247417480, 0.1015940658, 2655.9429, 2630.4571, 768.8700, 17.8598
2025-11-24 19:32:26, 0.1356307972, 0.0904176757, 0.1680854857, 0.1204943635, 2536.9787, 2532.1277, 768.9000, 17.5345
2025-11-24 19:32:31, 0.1020228993, 0.0979812787, 0.1331611879, 0.1275130960, 2475.3659, 2619.0244, 771.7050, 17.6861
2025-11-24 19:32:37, 0.1069830162, 0.0940156780, 0.1619136083, 0.1325044765, 2398.2917, 2313.6458, 770.7550, 18.1594
2025-11-24 19:32:43, 0.0910633526, 0.0931636715, 0.1452165342, 0.1100764958, 2478.1373, 2444.5098, 770.5000, 18.1648
2025-11-24 19:32:49, 0.0923672807, 0.0911595190, 0.1271676297, 0.0935088564, 2401.9375, 2356.4792, 769.7200, 17.2549
2025-11-24 19:32:54, 0.0851037372, 0.0852103272, 0.0865770373, 0.1331012297, 2368.2115, 2482.8462, 769.4550, 18.2304
2025-11-24 19:33:00, 0.0903340966, 0.1009212605, 0.1201407936, 0.0932404242, 2271.5556, 2216.9444, 771.7350, 16.5162
2025-11-24 19:33:06, 0.0640615351, 0.0856393183, 0.1348140302, 0.1321626141, 2619.5000, 2620.2083, 767.2850, 18.3843
2025-11-24 19:33:11, 0.1132231917, 0.1235856754, 0.2211723539, 0.1716313859, 2480.8361, 2404.4754, 766.4900, 17.4837
2025-11-24 19:33:18, 0.0796516665, 0.0953896669, 0.1291121481, 0.1685117746, 2397.0200, 2501.1000, 769.8250, 17.3627
2025-11-24 19:33:23, 0.0635549064, 0.0776386968, 0.1697751242, 0.1281069124, 2583.0690, 2479.0517, 768.8950, 18.0076
2025-11-24 19:33:29, 0.1090005414, 0.1056105737, 0.1132306193, 0.1175339009, 2180.9545, 2254.3636, 767.4650, 17.4043
2025-11-24 19:33:35, 0.1232801290, 0.1047569743, 0.1306436435, 0.1142003235, 2716.6136, 2840.9545, 768.2600, 18.1976
2025-11-24 19:33:40, 0.0923669080, 0.0874323447, 0.1767008171, 0.1734039624, 2484.8864, 2506.3636, 770.7150, 18.7612
2025-11-24 19:33:46, 0.1167000963, 0.1098708769, 0.1033021545, 0.0971310256, 2489.3913, 2478.3913, 769.5750, 18.1649
2025-11-24 19:33:52, 0.1179889445, 0.1112565713, 0.1508830989, 0.1545416992, 2155.5500, 2208.4000, 769.5350, 17.1915
2025-11-24 19:33:58, 0.1066440264, 0.0984467539, 0.1684305320, 0.2020814276, 2386.2727, 2561.3409, 768.4500, 17.2081
2025-11-24 19:34:03, 0.0944958064, 0.1029530797, 0.0871783801, 0.0955202529, 2335.8627, 2348.4902, 767.5600, 17.8181
2025-11-24 19:34:09, 0.1046503096, 0.0748039839, 0.1217846208, 0.1154263536, 2609.3333, 2613.5926, 771.8500, 17.4464
2025-11-24 19:34:15, 0.0922540545, 0.1114953852, 0.1444937896, 0.1370847922, 2498.7115, 2591.3654, 770.2750, 17.1096
2025-11-24 19:34:20, 0.1003403578, 0.1029701980, 0.1615106472, 0.1092538963, 2630.4912, 2634.4912, 768.1100, 18.7933
2025-11-24 19:34:26, 0.0996366887, 0.0960652300, 0.1224192616, 0.0820198011, 2504.2979, 2386.1277, 768.4250, 18.8137
2025-11-24 19:34:32, 0.1066364784, 0.0747378037, 0.1177384845, 0.1224318450, 2530.2885, 2539.0962, 766.1300, 18.7118
2025-11-24 19:34:38, 0.0998726360, 0.1119691098, 0.1289613482, 0.1033772918, 2267.8200, 2207.6000, 763.1750, 18.2191
2025-11-24 19:34:44, 0.0956647528, 0.0953031682, 0.2208974869, 0.1905201014, 2428.5952, 2367.1905, 765.1750, 17.1001
2025-11-24 19:34:49, 0.1267154467, 0.0796776359, 0.2053489143, 0.1864688994, 2757.9464, 2702.6786, 761.1450, 16.7563
2025-11-24 19:35:01, 0.1144503719, 0.0940800287, 0.1314193573, 0.1429178841, 2609.4182, 2640.3091, 763.0550, 16.6743
2025-11-24 19:35:07, 0.1048042209, 0.1238331126, 0.1867329780, 0.1550228529, 2404.1739, 2434.7174, 761.6300, 18.5813
2025-11-24 19:35:12, 0.1015602964, 0.1275128957, 0.1255922464, 0.1197871831, 2458.9020, 2419.6078, 758.6950, 17.8205
2025-11-24 19:35:18, 0.1020330441, 0.0886342891, 0.1314567048, 0.1569718951, 2572.0943, 2576.5849, 761.1850, 17.0103
2025-11-24 19:35:24, 0.1136492696, 0.0916954828, 0.1717516098, 0.1404196514, 2507.3243, 2473.7027, 761.0150, 18.2361
2025-11-24 19:35:30, 0.1031888184, 0.1206473308, 0.1004569985, 0.1004562513, 2452.5952, 2480.0476, 763.5650, 17.4524
2025-11-24 19:35:35, 0.1560565879, 0.1425102432, 0.1271630564, 0.1411450349, 2328.8936, 2462.5106, 763.0900, 16.8259
2025-11-24 19:35:41, 0.1138840021, 0.1438704549, 0.0925663298, 0.0786262811, 2226.5625, 2227.1042, 760.9450, 18.5017
2025-11-24 19:35:47, 0.1003362317, 0.1099523005, 0.0937208966, 0.0912445121, 2438.2766, 2496.9787, 760.7300, 17.8154
2025-11-24 19:35:52, 0.1067652791, 0.1116574523, 0.1319498177, 0.1512145317, 2456.5870, 2338.1522, 762.8500, 18.7122
2025-11-24 19:35:58, 0.1203400371, 0.1330388075, 0.0841827982, 0.0752456284, 2161.8837, 2208.3721, 761.7100, 18.1952
2025-11-24 19:36:04, 0.1180044204, 0.1365723928, 0.1519719324, 0.1647956072, 2492.7750, 2466.4750, 764.1150, 18.5489
2025-11-24 19:36:09, 0.1089139026, 0.1177269566, 0.1520805998, 0.1508330642, 2401.6719, 2337.0000, 766.3300, 18.6218
2025-11-24 19:36:15, 0.1032339572, 0.1205233777, 0.0953597272, 0.1091195284, 2282.8605, 2355.6977, 763.8300, 16.9201
2025-11-24 19:36:21, 0.1136410051, 0.1042724208, 0.1068271622, 0.0864802712, 2674.7750, 2650.7750, 761.2050, 18.5203
2025-11-24 19:36:26, 0.1101044178, 0.1186020019, 0.0994915891, 0.0885400805, 2607.0625, 2448.1875, 762.5750, 17.8400
2025-11-24 19:36:32, 0.1221720415, 0.1021266713, 0.0763638640, 0.0903121243, 2453.7447, 2454.1064, 759.2000, 20.0846
2025-11-24 19:36:38, 0.0927048817, 0.1105472350, 0.0867010765, 0.1087736463, 2829.5946, 2839.4595, 760.2000, 18.4415
2025-11-24 19:36:43, 0.0761020580, 0.0584065407, 0.0964817801, 0.1193421704, 2306.2391, 2275.1522, 760.0750, 17.5339
2025-11-24 19:36:49, 0.0941880897, 0.0807034754, 0.2476381979, 0.1729995924, 2598.9211, 2664.0526, 762.6850, 20.1996
2025-11-24 19:36:55, 0.1230923548, 0.0717356397, 0.0975890709, 0.0978400417, 2564.6279, 2560.8837, 759.2000, 19.9397
2025-11-24 19:37:01, 0.1055405099, 0.0876502580, 0.1071130916, 0.0958198057, 2519.0370, 2498.4074, 762.2950, 17.4845
2025-11-24 19:37:07, 0.0949721872, 0.0841918727, 0.1798295591, 0.1622951875, 2313.8750, 2389.3750, 761.5350, 18.2650
2025-11-24 19:37:12, 0.0773112018, 0.0745763234, 0.1311704280, 0.1204543851, 2830.4878, 2751.2927, 758.6600, 17.5677
2025-11-24 19:37:18, 0.0963619534, 0.0749294978, 0.1182186756, 0.1117100745, 2502.2692, 2500.7308, 762.2450, 17.7013
2025-11-24 19:37:24, 0.0810911283, 0.0947963379, 0.1064764188, 0.1380996043, 2615.6400, 2643.9000, 757.3000, 18.8335
2025-11-24 19:37:29, 0.0905780308, 0.0918164561, 0.1103849886, 0.1290870571, 2452.1111, 2505.8413, 762.5900, 18.8455
2025-11-24 19:37:35, 0.0740866896, 0.0898992368, 0.1401714675, 0.1069141697, 2461.2292, 2436.1667, 764.7150, 17.4638
2025-11-24 19:37:41, 0.0851406094, 0.1093736048, 0.2274708853, 0.1843558389, 2601.0000, 2582.1957, 763.8350, 18.0654
2025-11-24 19:37:46, 0.0713296330, 0.0674415300, 0.1263110970, 0.1227417333, 2745.1053, 2604.7368, 770.5400, 17.3770
2025-11-24 19:37:52, 0.0970358888, 0.1133519784, 0.1269279560, 0.1399872208, 2393.6222, 2312.1333, 768.0250, 18.2637
2025-11-24 19:37:58, 0.0906368966, 0.0841753803, 0.1375370919, 0.1247172664, 2675.1087, 2581.0217, 766.5150, 17.2696
2025-11-24 19:38:03, 0.0926435469, 0.1141485850, 0.1228564638, 0.1162611397, 2401.3902, 2371.8293, 768.5450, 18.3330
2025-11-24 19:38:09, 0.0778290490, 0.1091372797, 0.1336689142, 0.1573789138, 2510.7317, 2453.2683, 770.1050, 17.8069
2025-11-24 19:38:15, 0.0808184129, 0.0790715512, 0.1736695125, 0.1234150742, 2514.4808, 2359.6346, 764.5100, 17.5886
2025-11-24 19:38:21, 0.0698685055, 0.0855919734, 0.1211256700, 0.0968439985, 2660.8684, 2657.9737, 766.8200, 17.4252
2025-11-24 19:38:26, 0.1041595745, 0.0970611786, 0.2043375290, 0.2047166878, 2571.9500, 2475.2250, 767.3400, 18.8118
2025-11-24 19:38:32, 0.0810545811, 0.0923718417, 0.0880310571, 0.0969175688, 2499.3409, 2508.4545, 766.4100, 19.2923
2025-11-24 19:38:38, 0.0802611860, 0.0810282161, 0.1278520223, 0.1239908974, 2609.5750, 2601.2250, 765.8200, 18.0127
2025-11-24 19:38:43, 0.0547305858, 0.0753753554, 0.1851948081, 0.1231355747, 2703.3478, 2573.4130, 764.5200, 17.8659
2025-11-24 19:38:49, 0.0590071837, 0.0718881946, 0.1449946063, 0.1353886043, 2558.5862, 2545.1379, 765.3950, 18.2729
2025-11-24 19:38:55, 0.1103849330, 0.0996724638, 0.1657751146, 0.1746998585, 2604.2564, 2681.9744, 767.7950, 18.9798
2025-11-24 19:39:01, 0.0867991335, 0.0824878715, 0.1523263116, 0.1271678725, 2613.7895, 2676.0351, 765.0050, 19.7328
2025-11-24 19:39:06, 0.0786658336, 0.0674726294, 0.1799698259, 0.1772472137, 2564.3509, 2608.4211, 764.1000, 19.6048
2025-11-24 19:39:12, 0.0854690317, 0.0684832492, 0.1614563053, 0.1761468137, 2314.5957, 2281.4681, 761.8750, 18.6523
2025-11-24 19:39:18, 0.0593635208, 0.0485026323, 0.1121296085, 0.0945099668, 2379.3721, 2316.7209, 761.9700, 19.1068
2025-11-24 19:39:24, 0.0859769549, 0.1219573204, 0.1730932958, 0.1821226286, 2869.7436, 2779.0769, 763.0950, 18.0027
2025-11-24 19:39:29, 0.1087537863, 0.0784517343, 0.2246298533, 0.1522904422, 2843.8889, 2787.0556, 762.5750, 18.5117
2025-11-24 19:39:35, 0.0973108574, 0.1054636584, 0.0946575292, 0.1166713010, 2567.4043, 2543.7021, 761.9800, 19.6252
2025-11-24 19:39:41, 0.0763504643, 0.0701705216, 0.1174375473, 0.0980379313, 2692.7647, 2565.6275, 763.5100, 19.0163
2025-11-24 19:39:46, 0.0936426552, 0.1041718583, 0.1382826377, 0.1438326613, 2398.2407, 2324.8519, 760.9800, 18.3292
2025-11-24 19:39:52, 0.0816366020, 0.0936137159, 0.1805543942, 0.1786748170, 2553.5556, 2574.9630, 762.9600, 17.9799
2025-11-24 19:39:58, 0.1150138505, 0.1157308223, 0.1214201155, 0.1116280909, 2596.3934, 2602.9016, 760.8150, 17.0792
2025-11-24 19:40:04, 0.0898989653, 0.1084087622, 0.1147025457, 0.1564169059, 2550.6750, 2704.2500, 762.8450, 17.8710
2025-11-24 19:40:10, 0.1106891373, 0.0858466707, 0.1171243680, 0.1077105272, 2423.3191, 2382.6596, 763.0000, 18.4673
2025-11-24 19:40:15, 0.1079513501, 0.0860985765, 0.1962971580, 0.1329071855, 2569.4035, 2497.4561, 761.4650, 18.8547
2025-11-24 19:40:21, 0.1318835573, 0.1071858862, 0.1746360451, 0.1864205866, 2611.0227, 2546.2955, 761.1600, 18.1911
2025-11-24 19:40:27, 0.1057790583, 0.0855178879, 0.1776788918, 0.1698252811, 2759.4808, 2721.9423, 762.9550, 21.0913
2025-11-24 19:40:32, 0.0816884500, 0.0969069348, 0.2089754872, 0.2323005904, 2400.1273, 2401.7636, 762.0350, 19.0492
2025-11-24 19:40:38, 0.1020855520, 0.0885419415, 0.1171338422, 0.1056376547, 2355.8116, 2254.2029, 763.2200, 19.2873
2025-11-24 19:40:44, 0.0742994786, 0.0802926575, 0.1272576940, 0.1474758653, 2271.0164, 2243.8033, 759.5000, 20.2606
2025-11-24 19:40:50, 0.0943231266, 0.0615019296, 0.1821881020, 0.1833533935, 2363.0526, 2372.4211, 763.8750, 18.9338
2025-11-24 19:40:55, 0.1332720712, 0.0884838826, 0.1383161453, 0.1864179951, 2599.1282, 2649.5897, 764.2050, 22.8268
2025-11-24 19:41:01, 0.0522875997, 0.0810982583, 0.1609260075, 0.1123190269, 2527.8571, 2463.3095, 763.3650, 21.2610
2025-11-24 19:41:07, 0.0753926371, 0.0803517757, 0.1187566402, 0.0883928909, 2409.3500, 2321.1500, 764.6100, 22.3803
2025-11-24 19:41:13, 0.0906361269, 0.0835173478, 0.1091049858, 0.0967002130, 2451.7021, 2345.9362, 763.7700, 21.2668
2025-11-24 19:41:19, 0.0773352568, 0.0912710322, 0.1410350270, 0.1122992885, 2625.4314, 2579.8627, 765.0800, 20.1282
2025-11-24 19:41:24, 0.1139061882, 0.0887713185, 0.2234512046, 0.1657985263, 2577.1458, 2568.1875, 766.0350, 19.6795
2025-11-24 19:41:30, 0.0792912787, 0.1027487883, 0.1782004273, 0.1243331956, 2320.6486, 2180.8649, 765.6350, 22.1649
2025-11-24 19:41:36, 0.0735139793, 0.0561087827, 0.1301383307, 0.1299002697, 2842.2292, 2915.5208, 764.6350, 20.3637
2025-11-24 19:41:42, 0.0567684124, 0.0567938938, 0.1224731999, 0.1182844908, 2432.6905, 2384.5476, 762.4350, 20.6784
2025-11-24 19:41:47, 0.0488703768, 0.0807833397, 0.1720194978, 0.1661056703, 2546.2500, 2450.0000, 764.7850, 21.4774
2025-11-24 19:41:53, 0.0869097741, 0.0657257041, 0.1811296606, 0.1482479826, 2528.3750, 2470.7292, 766.1950, 20.3582
2025-11-24 19:41:59, 0.0814109938, 0.0943216854, 0.1454422556, 0.1288170727, 2468.2955, 2376.1136, 766.2050, 21.1377
2025-11-24 19:42:04, 0.0728993379, 0.0605594596, 0.1863595391, 0.1256899462, 2774.9091, 2712.7955, 769.5650, 20.1106
2025-11-24 19:42:10, 0.0536766083, 0.0504402051, 0.1356392243, 0.1050458792, 2468.7292, 2437.8542, 766.3500, 23.2948
2025-11-24 19:42:16, 0.0922609291, 0.0755322537, 0.0909414501, 0.0890052933, 2402.3182, 2238.5455, 768.7300, 21.3004
2025-11-24 19:42:22, 0.0562088282, 0.0557984210, 0.1191282078, 0.0905178716, 2222.4035, 2215.0877, 770.3550, 20.6187
2025-11-24 19:42:27, 0.0509798173, 0.0593111044, 0.1357220297, 0.1462498831, 2458.7907, 2441.3953, 770.2750, 21.1412
2025-11-24 19:42:33, 0.0862350389, 0.0823625250, 0.1496970305, 0.1293901083, 2365.5227, 2414.5682, 768.1050, 21.0469
2025-11-24 19:42:39, 0.0720824810, 0.0906643651, 0.1666901931, 0.1826088199, 2398.1579, 2355.8947, 769.3600, 20.0252
2025-11-24 19:42:45, 0.0803332596, 0.0966211228, 0.1434164875, 0.1352210133, 2409.9706, 2360.1176, 762.6750, 18.6818
2025-11-24 19:42:50, 0.0790894316, 0.0883307988, 0.1530651147, 0.1884060740, 2222.4681, 2320.2766, 764.5850, 18.9874
2025-11-24 19:42:56, 0.1145721561, 0.0951836442, 0.2439608565, 0.1679361497, 2860.2093, 2616.7209, 759.9800, 18.6588
2025-11-24 19:43:02, 0.1078564692, 0.1051773225, 0.1650411467, 0.1469143644, 2736.0870, 2618.8043, 761.4050, 18.7145
2025-11-24 19:43:07, 0.1488396941, 0.1032415031, 0.1850887900, 0.1877197509, 2649.5854, 2585.6098, 761.0900, 17.8575
2025-11-24 19:43:13, 0.1067288879, 0.0961123131, 0.2223581304, 0.2142478599, 2541.9722, 2605.0000, 762.0650, 19.2938
2025-11-24 19:43:19, 0.0694626311, 0.0843598286, 0.2668391745, 0.2618698895, 2633.1000, 2542.9600, 759.6250, 20.6996
2025-11-24 19:43:25, 0.0760338816, 0.0634011901, 0.1525580985, 0.1466432321, 2413.2051, 2629.9744, 763.2350, 20.0062
2025-11-24 19:43:31, 0.0965551696, 0.0914174500, 0.1920768873, 0.1527198588, 2383.5088, 2354.5088, 759.9900, 19.1133
2025-11-24 19:43:36, 0.1033542033, 0.0757244286, 0.0798696491, 0.0907754786, 2200.2059, 2403.5000, 759.7600, 19.0878
2025-11-24 19:43:42, 0.0904084543, 0.0814392347, 0.1252011211, 0.1198565734, 2104.3333, 2151.0889, 754.5950, 17.6514
2025-11-24 19:43:48, 0.0934451473, 0.1094942629, 0.1168020368, 0.1105012998, 2338.1026, 2336.6667, 753.2750, 18.7750
2025-11-24 19:43:53, 0.0762677871, 0.0823902834, 0.1460958043, 0.1370097468, 2611.5217, 2529.7391, 752.3400, 18.5279
2025-11-24 19:43:59, 0.1031266443, 0.0677923557, 0.1831871725, 0.1015142525, 2797.5962, 2706.6538, 754.5750, 19.9643
2025-11-24 19:44:05, 0.1193224680, 0.0721016452, 0.0776389569, 0.0889210532, 2283.2381, 2270.2381, 753.0950, 18.9017
2025-11-24 19:44:11, 0.0350625668, 0.0443052703, 0.2429869037, 0.2569768893, 2314.3171, 2374.4878, 752.3900, 18.2430
2025-11-24 19:44:16, 0.0853083296, 0.0711959902, 0.2256530342, 0.2294077567, 2510.8837, 2517.9070, 753.2350, 18.6631
2025-11-24 19:44:22, 0.0873281423, 0.0766053309, 0.1857590562, 0.1597518279, 2537.3000, 2541.5800, 752.7250, 19.1235
2025-11-24 19:44:28, 0.0766991582, 0.0635489147, 0.2085803859, 0.1470874722, 2343.5882, 2337.6078, 761.1550, 18.8160
2025-11-24 19:44:34, 0.0647061721, 0.0558118281, 0.1342400295, 0.1116309536, 2389.0250, 2352.1250, 755.6800, 18.1964
2025-11-24 19:44:39, 0.1195640848, 0.0846750005, 0.1079721156, 0.1142378692, 2152.9487, 2170.8205, 756.9900, 17.8460
2025-11-24 19:44:45, 0.0928039212, 0.0687740792, 0.1751836035, 0.1423046827, 2568.2955, 2480.6818, 762.3100, 17.3644
2025-11-24 19:44:51, 0.0679087333, 0.0671668232, 0.1998775446, 0.1976189460, 2587.9500, 2606.6500, 759.5700, 19.0191
2025-11-24 19:44:56, 0.0743474480, 0.0567461151, 0.1655368482, 0.2034767714, 2252.7619, 2184.5476, 763.7150, 19.6704
2025-11-24 19:45:02, 0.0668018789, 0.0644402511, 0.1412898463, 0.1282516810, 2438.5641, 2402.1026, 756.9550, 17.8978
2025-11-24 19:45:08, 0.0768657748, 0.0778374063, 0.1886705150, 0.2216848120, 2655.4737, 2654.8421, 755.8400, 18.7215
2025-11-24 19:45:14, 0.0775231579, 0.0898054878, 0.1375500203, 0.1337579350, 2469.8478, 2488.3478, 758.8650, 18.2095
2025-11-24 19:45:19, 0.0922172947, 0.0881830696, 0.1878578830, 0.1463907340, 2278.5439, 2197.7368, 754.8500, 18.4035
2025-11-24 19:45:25, 0.0915316414, 0.0775589944, 0.3236528449, 0.2758909566, 2866.5128, 2802.1026, 766.6250, 18.4944
2025-11-24 19:45:31, 0.0924681892, 0.0796611218, 0.2564411712, 0.2186611596, 2538.0926, 2428.9444, 767.3900, 18.9533
2025-11-24 19:45:36, 0.0969072116, 0.0940222129, 0.2077371207, 0.2060085861, 2393.8772, 2367.0877, 766.3300, 19.9495
2025-11-24 19:45:42, 0.1246778927, 0.0852397045, 0.2228232093, 0.2001015631, 2486.2941, 2408.3235, 761.6650, 19.8460
2025-11-24 19:45:48, 0.0920489618, 0.0988957718, 0.2737205152, 0.1945937147, 2521.3617, 2500.7234, 764.8600, 18.5383
2025-11-24 19:45:53, 0.0748735040, 0.0851465592, 0.1719739089, 0.1687020510, 2515.4468, 2523.0851, 765.2250, 19.5955
2025-11-24 19:45:59, 0.0789864013, 0.0984915988, 0.1557662116, 0.0907557271, 2480.6818, 2376.0682, 764.9500, 18.2326
2025-11-24 19:46:05, 0.1037542612, 0.0944001828, 0.2037582859, 0.2167495463, 2625.0222, 2693.9111, 764.3400, 17.5483
2025-11-24 19:46:11, 0.0769333428, 0.0767999465, 0.3301168815, 0.2354021698, 3056.8718, 2790.7692, 763.9300, 18.4346
2025-11-24 19:46:16, 0.0993984350, 0.0792128191, 0.2956836611, 0.2775869374, 2440.2041, 2287.8980, 769.4950, 19.6507
2025-11-24 19:46:22, 0.0908470531, 0.0708996698, 0.1266246769, 0.1295017611, 2517.6875, 2591.6562, 768.2450, 18.6678
2025-11-24 19:46:28, 0.0723018603, 0.0683368272, 0.1409565081, 0.1607560779, 2685.9787, 2683.5745, 771.6350, 17.9519
2025-11-24 19:46:34, 0.0709651036, 0.0664687027, 0.1628995073, 0.1437707711, 2475.2264, 2397.0189, 768.9200, 17.9414
2025-11-24 19:46:39, 0.1035196642, 0.0745243299, 0.2572557800, 0.3189905908, 2888.4865, 2880.0270, 771.8950, 18.9173
2025-11-24 19:46:45, 0.0809785366, 0.0787777510, 0.1533484904, 0.1547696393, 2337.1622, 2254.8378, 768.2400, 17.5323
2025-11-24 19:46:51, 0.0759354612, 0.0727417015, 0.1913262182, 0.1770927996, 2637.7872, 2595.1915, 772.6750, 18.3005
2025-11-24 19:46:56, 0.0922785954, 0.0677055182, 0.1100337922, 0.1215720921, 2549.6364, 2617.6818, 770.7350, 18.4520
2025-11-24 19:47:02, 0.0902047439, 0.0688242466, 0.1608073042, 0.1734005983, 2705.1154, 2627.3269, 769.2400, 19.2375
2025-11-24 19:47:08, 0.0807310617, 0.0895266755, 0.2023864036, 0.1841785971, 2680.7544, 2600.9298, 769.8750, 18.5335
2025-11-24 19:47:13, 0.0801472347, 0.0767455949, 0.2366870825, 0.1982025147, 2764.3673, 2725.7959, 769.6900, 17.2778
2025-11-24 19:47:19, 0.0825352984, 0.0770507225, 0.2156750181, 0.1624006012, 2435.5686, 2403.9804, 770.1750, 17.7613
2025-11-24 19:47:25, 0.0645080793, 0.0549106477, 0.2095097306, 0.1578724351, 2384.8846, 2420.4615, 770.4950, 19.0822
2025-11-24 19:47:31, 0.0687302537, 0.0633190898, 0.1511144201, 0.1818655607, 2601.5714, 2613.5000, 769.8100, 18.2610
2025-11-24 19:47:37, 0.0863350486, 0.0909411744, 0.1188241931, 0.1222399219, 2806.0000, 2878.0278, 770.2650, 18.8755
2025-11-24 19:47:42, 0.0562966023, 0.0631804927, 0.0813066131, 0.0994582863, 2444.9762, 2498.9524, 772.2650, 19.4436
2025-11-24 19:47:48, 0.0737126384, 0.0643337783, 0.1917959995, 0.1822178803, 2419.7959, 2417.4694, 769.8450, 18.9927
2025-11-24 19:47:54, 0.0821235482, 0.0893263654, 0.2546159412, 0.2485392510, 2461.7797, 2457.8136, 767.3950, 16.5339
2025-11-24 19:47:59, 0.0542555941, 0.0704532547, 0.2702998924, 0.1942837029, 2627.6034, 2602.5517, 764.0450, 16.9642
2025-11-24 19:48:05, 0.0874652847, 0.0641969383, 0.1130442845, 0.1233831344, 2198.2326, 2198.1628, 762.3400, 18.0323
2025-11-24 19:48:11, 0.0662173191, 0.0722315800, 0.1250357560, 0.1114443703, 2694.4773, 2617.1591, 764.9250, 17.7493
2025-11-24 19:48:17, 0.1130682892, 0.0873911654, 0.1339056482, 0.1180930054, 2608.7647, 2575.7059, 764.6700, 18.3249
2025-11-24 19:48:22, 0.0845864742, 0.0802583293, 0.2108891855, 0.1847138422, 2490.4722, 2456.9722, 763.2000, 17.7102
2025-11-24 19:48:28, 0.0549804486, 0.0644322492, 0.1633880148, 0.1307580265, 2382.7179, 2390.0000, 765.5400, 16.4039
2025-11-24 19:48:34, 0.0865387987, 0.0907184370, 0.1745883639, 0.1587526363, 2411.9206, 2434.7143, 763.6450, 16.0639
2025-11-24 19:48:40, 0.0765090282, 0.1093746616, 0.2051763399, 0.1539452773, 2306.1081, 2314.2162, 762.4050, 18.6687
2025-11-24 19:48:45, 0.0929588303, 0.1048013776, 0.1442272514, 0.1428916783, 2123.6154, 2164.5769, 763.7850, 17.1825
2025-11-24 19:48:51, 0.0800332554, 0.0857136920, 0.2178254848, 0.1631198695, 2468.7674, 2379.9302, 762.3950, 17.1120
2025-11-24 19:48:57, 0.0634702604, 0.0832208811, 0.2495921704, 0.2094192046, 2723.6429, 2678.2857, 765.8800, 17.2408
2025-11-24 19:49:02, 0.1150378345, 0.0892607218, 0.1654824305, 0.1556736444, 2366.5660, 2428.6038, 765.9600, 18.4653
2025-11-24 19:49:08, 0.0854254300, 0.0870859240, 0.1574897980, 0.1436269206, 2404.5319, 2400.1489, 765.0950, 18.8580
2025-11-24 19:49:14, 0.1061122714, 0.1045118767, 0.1911379121, 0.2250616650, 2521.9630, 2504.9630, 766.4650, 17.5656
2025-11-24 19:49:19, 0.0959622712, 0.0908472324, 0.1888241612, 0.1321308985, 2279.9600, 2271.7200, 763.7800, 17.7226
2025-11-24 19:49:25, 0.0816815022, 0.0747093964, 0.1180528140, 0.0983732433, 2113.9500, 2149.6500, 766.4000, 17.9725
2025-11-24 19:49:31, 0.1051631909, 0.0958798330, 0.1077845065, 0.1511126156, 2327.6486, 2422.5135, 766.6650, 17.4543
2025-11-24 19:49:37, 0.1272180352, 0.0975165695, 0.1685200934, 0.1163812013, 2553.9615, 2425.7885, 767.1600, 17.8273
2025-11-24 19:49:42, 0.1175309154, 0.1306844356, 0.2117148948, 0.1826182346, 3024.9574, 2925.4468, 762.1800, 16.8074
2025-11-24 19:49:48, 0.1284637068, 0.0934628847, 0.1261823884, 0.1235311588, 2488.4878, 2436.5854, 757.7900, 17.6643
2025-11-24 19:49:54, 0.1385926147, 0.1260238719, 0.1103417665, 0.1040989672, 2515.3043, 2531.1957, 760.4600, 16.8350
2025-11-24 19:49:59, 0.1616308498, 0.1652439534, 0.1345143144, 0.1079325225, 2492.5476, 2473.9524, 761.8200, 17.9991
2025-11-24 19:50:05, 0.1572751800, 0.1318384695, 0.1272277911, 0.1094258291, 2385.2745, 2360.2157, 764.3200, 18.2657
2025-11-24 19:50:11, 0.1306486592, 0.1382197440, 0.2195384440, 0.1892164245, 2466.2927, 2421.3171, 758.5350, 17.6210
2025-11-24 19:50:16, 0.1183891111, 0.1218704226, 0.1942847358, 0.1680037423, 2550.5333, 2531.9333, 761.9300, 19.2550
2025-11-24 19:50:22, 0.1365488299, 0.1642152383, 0.1936152256, 0.1809803311, 2663.8571, 2718.7755, 765.2650, 18.4576
2025-11-24 19:50:28, 0.0876879016, 0.1154103069, 0.1850860276, 0.1904562909, 2611.6222, 2653.2889, 763.0250, 16.0569
2025-11-24 19:50:33, 0.1023476305, 0.1101619238, 0.0981146056, 0.0831756777, 2426.5814, 2370.2326, 763.4050, 18.1596
2025-11-24 19:50:39, 0.1077619198, 0.1051515572, 0.1363399024, 0.1548545637, 2615.5116, 2655.0233, 763.6700, 17.6437
2025-11-24 19:50:45, 0.0931339749, 0.1134349241, 0.1453754304, 0.1575640404, 2646.4032, 2695.0484, 758.4200, 18.6897
2025-11-24 19:50:51, 0.1239577869, 0.1325155371, 0.1195812106, 0.1396747365, 2385.8864, 2377.6818, 764.0000, 17.5323
2025-11-24 19:50:56, 0.0909192023, 0.1091632184, 0.1958962706, 0.2056322998, 2445.7381, 2376.7857, 757.1350, 17.8241
2025-11-24 19:51:02, 0.0994912365, 0.1178705832, 0.1702233375, 0.2293258893, 2574.2683, 2525.3415, 759.6850, 17.3204
2025-11-24 19:51:08, 0.0953829924, 0.1100989216, 0.1634405962, 0.2049865069, 2425.3673, 2594.9796, 758.8600, 20.1928
2025-11-24 19:51:13, 0.1156341366, 0.1261442099, 0.0980690978, 0.0930836395, 2520.3061, 2504.3061, 759.1650, 17.8734
2025-11-24 19:51:19, 0.0790448842, 0.0975314532, 0.1806540151, 0.1695481512, 2550.6500, 2527.9000, 759.4750, 17.9939
2025-11-24 19:51:25, 0.1079471760, 0.0855763672, 0.2154739930, 0.1557275076, 2514.6909, 2435.8727, 758.2900, 19.6267
2025-11-24 19:51:30, 0.0875286616, 0.1240728509, 0.0914624360, 0.0853525081, 2206.6250, 2270.1000, 758.2950, 18.6579
2025-11-24 19:51:36, 0.1013860909, 0.0914318232, 0.0937849687, 0.0858973309, 2582.6600, 2575.7800, 760.2950, 19.0454
2025-11-24 19:51:42, 0.0896458316, 0.1020039750, 0.0930706172, 0.0966235591, 2231.7692, 2296.8077, 759.4750, 18.8584
2025-11-24 19:51:48, 0.1166009231, 0.0982060392, 0.1642926270, 0.1718263582, 2256.4894, 2331.5957, 759.1750, 18.9162
2025-11-24 19:51:53, 0.0772811076, 0.0777155376, 0.1309922785, 0.1308527758, 2408.2444, 2463.0667, 758.9550, 21.3643
2025-11-24 19:51:59, 0.0638513489, 0.0545322114, 0.1228817135, 0.1500813748, 2453.1522, 2511.0435, 759.0650, 18.7062
2025-11-24 19:52:05, 0.0725182752, 0.0827920509, 0.1488706120, 0.1150589321, 2550.4231, 2524.3269, 759.3500, 18.5148
2025-11-24 19:52:10, 0.0754569037, 0.0975098449, 0.1543739509, 0.1004637515, 2512.1250, 2480.6250, 756.2350, 18.4377
2025-11-24 19:52:16, 0.0859753152, 0.0886179212, 0.2123292248, 0.2004577323, 2562.4038, 2548.4615, 759.9600, 17.8530
2025-11-24 19:52:22, 0.0787206887, 0.0911299813, 0.1891670395, 0.1386100751, 2520.1176, 2460.2353, 758.2050, 19.5162
2025-11-24 19:52:27, 0.0797730159, 0.0762907008, 0.1247386051, 0.0978605529, 2595.1633, 2577.8980, 760.0150, 18.7466
2025-11-24 19:52:34, 0.0589038602, 0.0831316524, 0.1996220108, 0.1642799443, 2321.6818, 2417.7273, 756.8100, 19.1155
2025-11-24 19:52:39, 0.0924491756, 0.1027474779, 0.1329867064, 0.1160056442, 2351.8636, 2437.7727, 755.6000, 18.9352
2025-11-24 19:52:45, 0.0894420296, 0.0697659870, 0.1180066408, 0.1476575502, 2570.0444, 2609.8000, 756.3800, 16.6146
2025-11-24 19:52:51, 0.0932518835, 0.0945129598, 0.1972607929, 0.1639399014, 2218.6905, 2226.0476, 757.7900, 16.1433
2025-11-24 19:52:56, 0.0964297378, 0.0998776348, 0.2191873565, 0.1843379463, 2566.5102, 2477.6122, 757.1800, 18.5964
2025-11-24 19:53:02, 0.0712332903, 0.0769899957, 0.1874718104, 0.1325412859, 2594.9483, 2448.2759, 758.4550, 18.0421
2025-11-24 19:53:08, 0.1158631123, 0.0805317863, 0.2325649935, 0.2795438819, 2158.7609, 2272.8913, 760.6200, 18.8962
2025-11-24 19:53:13, 0.1018764082, 0.0802978569, 0.2072801990, 0.2393553775, 2521.7963, 2496.5926, 760.2950, 16.5432
2025-11-24 19:53:19, 0.0890269877, 0.0700449526, 0.1796715709, 0.1392101698, 2687.1739, 2717.4783, 759.1650, 17.4183
2025-11-24 19:53:25, 0.0566743526, 0.0681705347, 0.2256007368, 0.1988198356, 2348.1667, 2377.8571, 758.9600, 17.0052
2025-11-24 19:53:30, 0.0782543439, 0.0705909272, 0.1800587506, 0.1676511658, 2449.7857, 2426.1429, 754.8650, 18.2879
2025-11-24 19:53:36, 0.0954008040, 0.0892259549, 0.1845478542, 0.1434181157, 2494.5385, 2535.9808, 755.3400, 17.4744
2025-11-24 19:53:42, 0.0809167654, 0.1021981563, 0.1208451638, 0.1320016449, 2339.9130, 2361.7826, 755.6100, 19.0273
2025-11-24 19:53:48, 0.0726171509, 0.0869798681, 0.1157713807, 0.1145037775, 2477.1400, 2540.3600, 758.1650, 19.2057
2025-11-24 19:53:53, 0.0877179611, 0.1009861885, 0.1037240055, 0.0874346261, 2295.5455, 2368.3455, 758.3850, 16.6324
2025-11-24 19:53:59, 0.0861569417, 0.1067479990, 0.2134365183, 0.1924815856, 2635.4783, 2610.2609, 759.0850, 18.5415
2025-11-24 19:54:05, 0.1047554575, 0.0998945086, 0.1729635786, 0.1315054439, 2194.1915, 2188.4894, 761.7950, 19.3614
2025-11-24 19:54:10, 0.0702990925, 0.0788382701, 0.1066778717, 0.0982630684, 2696.7255, 2715.8039, 759.5450, 20.2588
2025-11-24 19:54:16, 0.0578644571, 0.0647222935, 0.1607670520, 0.1479514477, 2457.3261, 2463.8478, 758.3700, 18.4346
2025-11-24 19:54:22, 0.0744573373, 0.0757993384, 0.1697244462, 0.1782894465, 2621.5217, 2608.2174, 761.4450, 17.5507
2025-11-24 19:54:28, 0.0792177284, 0.0868477888, 0.1215552042, 0.1296908100, 2234.6727, 2378.4364, 760.4400, 18.1829
2025-11-24 19:54:33, 0.0820531611, 0.0840893150, 0.1735157350, 0.1617669803, 2542.5000, 2529.6250, 760.1950, 17.7222
2025-11-24 19:54:39, 0.0909403152, 0.0790711619, 0.1874051759, 0.1900213203, 2566.6304, 2500.3261, 761.2350, 18.5884
2025-11-24 19:54:44, 0.0714342780, 0.0741046094, 0.1606939795, 0.1724328618, 2589.9697, 2647.9545, 759.4850, 19.3590
2025-11-24 19:54:51, 0.0750830228, 0.0744661034, 0.1352968010, 0.1291142561, 2524.0000, 2502.5957, 763.1250, 17.9427
2025-11-24 19:54:56, 0.0593145012, 0.0624223562, 0.1467664517, 0.1763220908, 2632.6400, 2570.3800, 760.8000, 18.5186
2025-11-24 19:55:02, 0.0915797714, 0.0730730508, 0.0983600731, 0.1371183136, 2294.2500, 2422.4091, 763.0100, 18.0513
2025-11-24 19:55:08, 0.0789049013, 0.0523348705, 0.1600325514, 0.1763902352, 2507.6939, 2645.5714, 762.3200, 18.3722
2025-11-24 19:55:13, 0.0817933681, 0.0505618562, 0.1938775786, 0.2145338104, 2742.1111, 2704.1333, 761.9400, 17.3369
2025-11-24 19:55:19, 0.0666095644, 0.0651687632, 0.1863982492, 0.1699286042, 2675.8182, 2511.7955, 762.2550, 19.7312
2025-11-24 19:55:26, 0.0539685213, 0.0551302366, 0.1987273694, 0.1949304302, 2575.9545, 2618.8409, 762.1500, 19.9684
2025-11-24 19:55:31, 0.0571406170, 0.0609235881, 0.1533219702, 0.1389926216, 2440.8776, 2335.1837, 763.9700, 16.7110
2025-11-24 19:55:37, 0.0962875936, 0.0734491949, 0.1761611218, 0.1280976800, 2751.8627, 2542.2353, 762.2750, 18.6263
2025-11-24 19:55:43, 0.0985823822, 0.0622157566, 0.1892192713, 0.1179117729, 2625.3415, 2469.5854, 762.4650, 17.3404
2025-11-24 19:55:49, 0.0680208294, 0.0774243442, 0.1584973415, 0.1870271290, 2399.9000, 2350.0000, 761.6250, 17.4566
2025-11-24 19:55:55, 0.0742681110, 0.0660136124, 0.2083893810, 0.1926760812, 2543.8298, 2553.1489, 760.2150, 17.5988
2025-11-24 19:56:00, 0.0524141247, 0.0652898569, 0.1366147419, 0.1125236539, 2326.5312, 2231.7031, 762.9000, 18.7302
2025-11-24 19:56:06, 0.0885407299, 0.0766364338, 0.0957138490, 0.1297778964, 2552.0213, 2620.3617, 760.5500, 18.1228
2025-11-24 19:56:12, 0.0817927041, 0.0598285961, 0.2028914638, 0.1899310361, 2696.8085, 2796.1702, 770.1050, 18.2659
2025-11-24 19:56:18, 0.0627337146, 0.0932495748, 0.0883292819, 0.0999131221, 2628.9143, 2585.6286, 769.3400, 17.8430
2025-11-24 19:56:23, 0.0622009257, 0.0724403911, 0.1353414793, 0.2034704493, 2582.4884, 2612.0000, 768.4250, 17.1920
2025-11-24 19:56:30, 0.0563223728, 0.0566520891, 0.1430291985, 0.1212366768, 2340.6364, 2330.8545, 771.3850, 18.5719
2025-11-24 19:56:35, 0.1074323919, 0.0952492104, 0.1762155843, 0.1969567978, 2492.0882, 2583.5882, 773.5600, 19.1931
2025-11-24 19:56:41, 0.0818138816, 0.0866919861, 0.1041230931, 0.0909895911, 2315.7568, 2314.9189, 769.8250, 17.7661
2025-11-24 19:56:47, 0.0764313603, 0.0769953946, 0.1607812481, 0.1594790197, 2597.9020, 2613.5098, 772.4250, 18.4576
2025-11-24 19:56:52, 0.0637793874, 0.0550139170, 0.2158298872, 0.3057056009, 2738.1250, 2754.2083, 770.9400, 19.3586
2025-11-24 19:56:58, 0.0669103825, 0.0881200159, 0.2489247592, 0.2902999173, 2687.2545, 2662.7091, 773.6800, 19.3338
2025-11-24 19:57:04, 0.0558895572, 0.0520409684, 0.2512777060, 0.2347728268, 2541.5750, 2504.0250, 772.1700, 19.6772
2025-11-24 19:57:10, 0.0713160264, 0.0686449913, 0.1275516505, 0.1132311946, 2180.5111, 2214.6222, 773.1900, 18.6508
2025-11-24 19:57:15, 0.0777835391, 0.0642677189, 0.1594527401, 0.1417598225, 2427.3333, 2443.6667, 764.6900, 15.5349
2025-11-24 19:57:21, 0.0835903054, 0.0549039356, 0.1536979029, 0.1556911609, 2350.5102, 2439.7551, 766.6750, 19.2767
2025-11-24 19:57:27, 0.0687850027, 0.0575359531, 0.2170157472, 0.1646338528, 2558.3043, 2516.8696, 767.8100, 18.3539
2025-11-24 19:57:32, 0.0487120310, 0.0696130070, 0.1663692980, 0.2200613150, 2372.6098, 2447.7561, 764.3500, 18.1878
2025-11-24 19:57:39, 0.0693559509, 0.0574428294, 0.1553247064, 0.1579831827, 2342.5893, 2355.6250, 764.6200, 19.7769
2025-11-24 19:57:45, 0.0700867848, 0.0504984067, 0.1348215864, 0.1000738784, 2257.7925, 2226.2264, 765.0600, 19.2511
2025-11-24 19:57:51, 0.0629768949, 0.0643987811, 0.2091042343, 0.2412896277, 2354.2927, 2405.8537, 766.2550, 17.8468
2025-11-24 19:57:56, 0.1107914118, 0.0778859174, 0.1462985755, 0.1579704001, 2389.9783, 2379.9348, 765.3200, 19.8070
2025-11-24 19:58:02, 0.0846605567, 0.0837254140, 0.1679416859, 0.1529004062, 2480.8864, 2501.2727, 765.5650, 19.9894
2025-11-24 19:58:08, 0.0956313779, 0.0858437352, 0.2460809377, 0.2579543494, 2221.7955, 2272.8864, 765.4300, 17.5392
2025-11-24 19:58:14, 0.0734996024, 0.0836037592, 0.3503377981, 0.1980977823, 2850.2273, 2768.6136, 765.0950, 18.5676
2025-11-24 19:58:19, 0.0881841966, 0.0753803266, 0.1571454316, 0.1431291330, 2565.8929, 2586.9821, 766.8850, 18.2733
2025-11-24 19:58:25, 0.0825147208, 0.0576079339, 0.1822447937, 0.1889176614, 2659.8913, 2666.2391, 763.5800, 20.2340
2025-11-24 19:58:31, 0.0944365622, 0.0649780938, 0.2066304901, 0.1994011755, 2551.6341, 2598.7073, 763.8100, 17.8912
2025-11-24 19:58:36, 0.0672340208, 0.0710438822, 0.2902313042, 0.1994902240, 2472.8125, 2332.7708, 762.1050, 18.3555
2025-11-24 19:58:42, 0.1132575565, 0.0812447648, 0.1157361107, 0.1365479986, 2368.5909, 2313.6818, 760.3150, 16.5044
2025-11-24 19:58:48, 0.0743175327, 0.0742596001, 0.0904550169, 0.1364125420, 2573.3265, 2634.6122, 762.7100, 17.8881
2025-11-24 19:58:54, 0.0835010106, 0.0589057350, 0.3749505991, 0.3227152685, 2561.2326, 2534.2558, 766.6450, 17.2736
2025-11-24 19:59:00, 0.0720747870, 0.0652544383, 0.4904718853, 0.7344350477, 2418.2683, 2472.0732, 762.1150, 19.1147
2025-11-24 19:59:06, 0.0746725855, 0.0600927794, 0.1252463435, 0.1728501117, 2415.9130, 2417.2609, 763.8400, 18.8020
2025-11-24 19:59:11, 0.1022794749, 0.0639321828, 1.0007634873, 0.5064227623, 2448.4848, 2433.6970, 762.8900, 17.4725
2025-11-24 19:59:17, 0.0704767790, 0.0583138544, 0.2180208867, 0.1877096842, 2360.6275, 2322.7647, 762.9650, 16.0771
2025-11-24 19:59:23, 0.0593289479, 0.0694896876, 0.2534868744, 0.2008579899, 2714.5909, 2523.6136, 761.9600, 18.2285
2025-11-24 19:59:28, 0.0675224829, 0.0733355146, 0.3348855696, 0.2251665541, 2497.6757, 2341.5676, 765.8600, 19.2855
2025-11-24 19:59:34, 0.0443906755, 0.0651875860, 0.2189576790, 0.1869654028, 2211.3030, 2271.2424, 764.4750, 18.6083
2025-11-24 19:59:40, 0.0596186733, 0.0599962899, 0.1807503278, 0.2057584883, 2223.4857, 2327.8000, 762.2650, 19.2970
2025-11-24 19:59:45, 0.0587415451, 0.0562249125, 0.3869300323, 0.3021539035, 2577.8431, 2492.3725, 763.0200, 15.5820
2025-11-24 19:59:51, 0.0792884987, 0.0829643876, 0.1422895989, 0.1566034544, 2359.6538, 2271.0962, 765.3300, 17.2291
2025-11-24 19:59:57, 0.0606075319, 0.0568951796, 0.3362476045, 0.1878483062, 2281.2407, 2160.3704, 764.1850, 15.1390
2025-11-24 20:00:02, 0.1062757050, 0.0735061465, 0.2255159433, 0.1912561678, 2609.9808, 2558.8654, 760.3850, 18.8191
2025-11-24 20:00:10, 0.1006438871, 0.0890380388, 0.1197886400, 0.1853360578, 2642.1935, 2645.4516, 764.7250, 18.7523
2025-11-24 20:00:15, 0.1015395975, 0.1026857398, 0.2067960196, 0.1851440150, 2939.0833, 2966.9792, 765.5800, 20.1669
2025-11-24 20:00:21, 0.0577936502, 0.0606695348, 0.0974798832, 0.1037741314, 2090.0652, 2081.6304, 762.6200, 20.5109
2025-11-24 20:00:27, 0.0758667477, 0.0511062319, 0.2368120083, 0.1984859172, 2691.0000, 2739.6098, 764.7000, 21.0903
2025-11-24 20:00:32, 0.0668612223, 0.0528799380, 0.1929219741, 0.2003434326, 2178.8611, 2119.3611, 761.4850, 22.1262
2025-11-24 20:00:38, 0.0465768068, 0.0603077361, 0.4154774387, 0.3500752282, 2526.6596, 2423.7660, 764.5850, 19.9202
2025-11-24 20:00:44, 0.0708722168, 0.0609079111, 0.2194360273, 0.2060911270, 2555.5769, 2500.5577, 765.2700, 21.7859
2025-11-24 20:00:49, 0.0578332061, 0.0667747298, 0.1622566766, 0.1727887910, 1958.6286, 1967.0571, 763.7750, 22.0652
2025-11-24 20:00:55, 0.0736108546, 0.0768448753, 0.1913965044, 0.1478621650, 2191.7917, 2109.2708, 767.2500, 21.0546
2025-11-24 20:01:01, 0.0656230700, 0.0602929152, 0.2902393725, 0.3381321676, 2416.8409, 2530.8182, 764.2600, 21.3687
2025-11-24 20:01:06, 0.0808625732, 0.0917586648, 0.2273612706, 0.2054200816, 2013.5000, 1961.0556, 763.3400, 21.8258
2025-11-24 20:01:12, 0.0552107466, 0.0495865636, 0.2901929077, 0.2090423674, 2385.8163, 2237.8776, 764.7700, 22.0369
2025-11-24 20:01:18, 0.0724610348, 0.0806233852, 0.1431251110, 0.1608294774, 2345.6905, 2484.2857, 766.2200, 21.4814
2025-11-24 20:01:24, 0.0700699115, 0.0881915882, 0.2188000753, 0.2252267928, 2947.7027, 2967.4324, 764.1500, 21.4543
2025-11-24 20:01:30, 0.0846105180, 0.0743466249, 0.1666537082, 0.2200353726, 2399.1163, 2438.5814, 762.5800, 23.9446
2025-11-24 20:01:35, 0.0616132185, 0.0507357440, 0.1094340383, 0.0900896877, 2152.1190, 2150.6190, 764.7200, 21.3460
2025-11-24 20:01:41, 0.0505571279, 0.0741904581, 0.2009921166, 0.1943092872, 2245.7568, 2206.0541, 762.0600, 21.5415
2025-11-24 20:01:47, 0.0839043969, 0.0584802639, 0.1851892415, 0.1844088519, 2152.6667, 2189.8000, 764.5250, 22.1007
2025-11-24 20:01:52, 0.0686684329, 0.0744376718, 0.1810657844, 0.1720352388, 2724.5556, 2701.1556, 767.9450, 19.7591
2025-11-24 20:01:58, 0.0815392526, 0.0622048582, 0.2055262402, 0.2814282321, 2400.4375, 2473.8542, 762.5250, 22.1429
2025-11-24 20:02:04, 0.0711539575, 0.0630490464, 0.2550431919, 0.2302299459, 2480.5581, 2430.6977, 765.0500, 20.1320
2025-11-24 20:02:09, 0.0729491558, 0.0691771223, 0.2272927624, 0.2128369501, 2469.4048, 2527.2143, 767.8100, 22.4099
2025-11-24 20:02:15, 0.0764539200, 0.0922164757, 0.2347920022, 0.2259616842, 2410.8718, 2409.5385, 760.8000, 19.3463
2025-11-24 20:02:21, 0.1104891900, 0.1001806902, 0.2214165484, 0.2342941052, 2193.6053, 2178.7105, 760.4400, 19.5168
2025-11-24 20:02:27, 0.0841008960, 0.0973302829, 0.1070448402, 0.1101227618, 2355.1522, 2309.5217, 759.4800, 19.9166
2025-11-24 20:02:33, 0.0724713537, 0.0900745927, 0.2771016316, 0.3106942024, 2388.1111, 2447.5556, 762.2750, 19.7692
2025-11-24 20:02:38, 0.0939766631, 0.0859593304, 0.1898792614, 0.2953350256, 2710.2571, 3022.0571, 760.2850, 20.0176
2025-11-24 20:02:44, 0.1041294534, 0.0756394427, 0.0932061396, 0.1175571906, 2498.7949, 2546.4359, 758.3950, 19.4270
2025-11-24 20:02:50, 0.0992607739, 0.0845886030, 0.2645700426, 0.2274709058, 2425.8333, 2410.1667, 759.0700, 18.0653
2025-11-24 20:02:56, 0.0995397353, 0.0833354695, 0.1881074771, 0.1709507275, 2815.2432, 2839.2703, 755.3900, 18.9610
2025-11-24 20:03:01, 0.1212405840, 0.0852630051, 0.2777164872, 0.2745344557, 2282.7907, 2298.1860, 759.8450, 17.8603
2025-11-24 20:03:07, 0.1146667366, 0.0683076267, 0.2860096907, 0.2968029577, 2135.3056, 2206.9444, 758.1050, 20.1143
2025-11-24 20:03:13, 0.0880661227, 0.0898976898, 0.1708148998, 0.1207532347, 2248.9756, 2172.4634, 760.8950, 18.5654
2025-11-24 20:03:19, 0.1048500544, 0.0625659695, 0.1465103616, 0.1540499183, 2209.4524, 2185.9048, 757.3300, 17.3661
2025-11-24 20:03:24, 0.1114232421, 0.0714451280, 0.2529932982, 0.3284723989, 2861.0889, 3029.6444, 756.0550, 19.6541
2025-11-24 20:03:30, 0.1097670372, 0.0735271289, 0.1982444341, 0.1891539825, 2573.0294, 2485.8824, 758.8000, 17.7460
2025-11-24 20:03:36, 0.0794279704, 0.0988459900, 0.2771937806, 0.1325671619, 2249.2895, 2168.8421, 756.1800, 18.5126
2025-11-24 20:03:41, 0.1310995774, 0.0750492887, 0.2829424618, 0.2478827576, 2370.6923, 2274.8077, 756.8300, 19.1131
2025-11-24 20:03:47, 0.1092702601, 0.0823074547, 0.1980772003, 0.1876410281, 2318.4792, 2278.0208, 755.7350, 19.0773
2025-11-24 20:03:53, 0.0921711024, 0.0793755148, 0.3134107813, 0.2678238177, 2564.2222, 2581.0833, 757.2700, 17.0190
2025-11-24 20:03:58, 0.0773293592, 0.0948699368, 0.1712385288, 0.1482904254, 2445.6579, 2433.5789, 756.3700, 18.3402
2025-11-24 20:04:04, 0.0645766220, 0.0623278068, 0.2043674259, 0.1922783133, 2367.7619, 2414.7619, 759.0200, 17.3658
2025-11-24 20:04:09, 0.0863428997, 0.1372081429, 0.1771735229, 0.1898491388, 2064.6552, 2141.8276, 757.8300, 19.0531
2025-11-24 20:04:15, 0.1122350413, 0.0764226249, 0.2994683021, 0.2501616135, 2770.4483, 2786.1034, 757.2750, 17.3439
2025-11-24 20:04:21, 0.1148809478, 0.0651123332, 0.0815382353, 0.0936339032, 2301.7941, 2390.7647, 757.9550, 19.2199
2025-11-24 20:04:27, 0.0753708278, 0.0934804572, 0.1822838397, 0.2395845082, 2257.6500, 2388.0000, 761.6200, 18.7319
2025-11-24 20:04:33, 0.0722804256, 0.0793801984, 0.2064681587, 0.1904558434, 2207.2414, 2389.8276, 760.7750, 17.7847
2025-11-24 20:04:39, 0.1409117013, 0.1033249686, 0.2126540069, 0.2134765089, 2597.7143, 2611.1224, 760.7900, 17.1618
2025-11-24 20:04:44, 0.0844932889, 0.0693021353, 0.3516942282, 0.2478035136, 2543.9737, 2261.0526, 760.6450, 18.2776
2025-11-24 20:04:50, 0.0862535017, 0.0727833773, 0.1933479295, 0.1769413907, 2175.0000, 2198.6275, 761.1700, 18.1731
2025-11-24 20:04:55, 0.0782426656, 0.0658273233, 0.1369612351, 0.1398898354, 2253.8049, 2262.7805, 762.3900, 18.1755
2025-11-24 20:05:01, 0.0905976638, 0.0741243213, 0.2758518047, 0.2197978528, 2250.9556, 2208.2000, 765.4050, 18.4394
2025-11-24 20:05:07, 0.0796159230, 0.0699944862, 0.1899639721, 0.1861080636, 2481.6098, 2374.7317, 766.7050, 17.4022
2025-11-24 20:05:12, 0.0745754791, 0.0767972889, 0.2466313477, 0.2704207045, 2438.9487, 2437.5897, 765.0150, 17.9531
2025-11-24 20:05:18, 0.0681797465, 0.0818962346, 0.1799060572, 0.2210599892, 1892.8864, 1988.9318, 767.1700, 18.5481
2025-11-24 20:05:24, 0.0818339806, 0.0794552889, 0.2478126210, 0.2717464744, 2258.6364, 2312.9697, 766.3600, 17.7626
2025-11-24 20:05:30, 0.0813626750, 0.0766213247, 0.1435984115, 0.1815172605, 2654.4000, 2749.9750, 770.2050, 16.9353
2025-11-24 20:05:35, 0.1072541933, 0.0613607126, 0.1857137548, 0.1655835721, 2378.0488, 2471.9512, 767.3200, 16.7104
2025-11-24 20:05:41, 0.0710695646, 0.0810318534, 0.2746498387, 0.2134079017, 2148.3659, 2121.7561, 767.2350, 18.0801
2025-11-24 20:05:47, 0.0824639151, 0.0985711202, 0.1608786596, 0.1600818039, 2362.3810, 2426.5952, 766.0250, 18.7730
2025-11-24 20:05:52, 0.0721401383, 0.0580204705, 0.2198050186, 0.2613462656, 2355.3611, 2286.3611, 769.2600, 17.0608
2025-11-24 20:05:58, 0.0650778454, 0.0644825839, 0.2186502511, 0.2125542558, 2512.6667, 2528.9444, 770.0700, 18.3732
2025-11-24 20:06:04, 0.0885611361, 0.0631891293, 0.2872671882, 0.2726652883, 2297.0976, 2444.9756, 765.3050, 17.7767
2025-11-24 20:06:09, 0.0612984400, 0.0580047532, 0.1638579230, 0.1298318667, 2295.6977, 2128.4884, 765.8200, 19.0483
2025-11-24 20:06:15, 0.0696950275, 0.0610968289, 0.1960638588, 0.1599817308, 2556.1273, 2420.3455, 762.4650, 19.0934
2025-11-24 20:06:21, 0.0667066094, 0.0691707197, 0.2011367500, 0.1497881082, 2391.3265, 2296.0000, 768.7250, 19.0638
2025-11-24 20:06:27, 0.0690577747, 0.0508214609, 0.1366201663, 0.1394551708, 2650.7083, 2547.6458, 764.8500, 17.9435
2025-11-24 20:06:33, 0.0963603724, 0.0614587601, 0.2456966664, 0.2409527364, 2462.1818, 2447.5455, 760.9850, 18.7501
2025-11-24 20:06:38, 0.0731919607, 0.0584115997, 0.2334446943, 0.2212504248, 2373.6250, 2397.0625, 763.8500, 19.9436
2025-11-24 20:06:44, 0.0935209424, 0.0720241649, 0.2504909647, 0.1753264095, 2418.5349, 2529.4651, 763.8300, 17.9491
2025-11-24 20:06:50, 0.0795687095, 0.0725575958, 0.2179586879, 0.1946891351, 2623.4634, 2618.0976, 764.6950, 17.7860
2025-11-24 20:06:56, 0.1092753745, 0.0960458819, 0.4454258013, 0.2870514234, 2667.7895, 2452.8684, 766.9000, 19.1262
2025-11-24 20:07:01, 0.0685117310, 0.1071093222, 0.1539192693, 0.1588703217, 2587.6667, 2607.6905, 768.0350, 19.4282
2025-11-24 20:07:07, 0.0743968801, 0.1014066941, 0.2344478441, 0.1669306579, 2224.9730, 2162.1351, 762.4000, 18.1541
2025-11-24 20:07:13, 0.0617167109, 0.0610585531, 0.0870704922, 0.1346032749, 2413.8529, 2601.1471, 763.3100, 18.0107
2025-11-24 20:07:18, 0.0615415234, 0.1068617090, 0.2074468478, 0.1781930151, 2518.2927, 2458.0488, 765.4550, 17.4651
2025-11-24 20:07:24, 0.0602109938, 0.0725968175, 0.1757191055, 0.1140283436, 2151.5814, 2143.2326, 762.6850, 17.6212
2025-11-24 20:07:30, 0.0836600655, 0.0877616154, 0.2692455993, 0.2153146704, 2438.9302, 2289.5349, 766.8600, 18.3826
2025-11-24 20:07:36, 0.1032499979, 0.1033300333, 0.1586908479, 0.1367764227, 2378.4571, 2320.3429, 764.9150, 19.1188
2025-11-24 20:07:41, 0.0986396491, 0.0864912326, 0.2372303801, 0.2527654365, 2667.5000, 2637.5682, 765.9900, 18.0347
2025-11-24 20:07:47, 0.1537299904, 0.1003431365, 0.1557379381, 0.1543638805, 2274.5610, 2330.2683, 764.6700, 17.9739
2025-11-24 20:07:53, 0.1002712019, 0.0795574231, 0.2176857376, 0.1567165530, 2435.7959, 2301.2653, 766.2150, 18.7283
2025-11-24 20:07:58, 0.1049933420, 0.0937266958, 0.1950191713, 0.1611360628, 2186.2727, 2229.4318, 767.5750, 18.9632
2025-11-24 20:08:04, 0.0826813420, 0.0855334911, 0.3137485471, 0.2903368441, 2397.0000, 2391.3810, 764.9900, 18.2041
2025-11-24 20:08:10, 0.1025358781, 0.0870675562, 0.1932698833, 0.1768410230, 2652.0930, 2578.3953, 768.5200, 18.4052
2025-11-24 20:08:15, 0.0752975988, 0.0729040500, 0.2064326303, 0.1571357802, 2829.0000, 2782.3864, 768.9400, 18.7901
2025-11-24 20:08:21, 0.0810594799, 0.0718525935, 0.3142895662, 0.2696194155, 2633.4872, 2445.4103, 768.5850, 19.6085
2025-11-24 20:08:27, 0.0959298166, 0.0770986054, 0.3103946527, 0.2466156036, 2577.5094, 2542.1698, 767.1200, 20.3864
2025-11-24 20:08:33, 0.1084398984, 0.1068386942, 0.1615207725, 0.1705668203, 2126.9362, 2035.7660, 766.1200, 18.9991
2025-11-24 20:08:39, 0.1029440780, 0.1158234343, 0.1759857188, 0.1704335734, 2547.2400, 2581.1600, 766.4750, 18.7133
2025-11-24 20:08:44, 0.0967902220, 0.1164111716, 0.1451315117, 0.1373677492, 2291.9032, 2353.9355, 766.0600, 19.6053
2025-11-24 20:08:50, 0.1068358602, 0.0800688666, 0.1667968654, 0.1770333856, 2419.7632, 2534.0526, 764.9700, 19.5711
2025-11-24 20:08:56, 0.0936223474, 0.1015938954, 0.1854486365, 0.2185498127, 2302.6923, 2374.2564, 768.0000, 20.0095
2025-11-24 20:09:01, 0.0640782743, 0.0805965465, 0.2030313027, 0.1853472555, 2505.6216, 2546.0270, 766.7200, 18.6376
2025-11-24 20:09:07, 0.1052656244, 0.0884150234, 0.1822425363, 0.2589722264, 2283.3333, 2360.5882, 769.6700, 22.7888
2025-11-24 20:09:13, 0.1186275155, 0.0925495036, 0.1906060814, 0.1878905241, 2307.6316, 2347.3684, 766.5850, 19.7723
2025-11-24 20:09:18, 0.0680497442, 0.0684846106, 0.3693965838, 0.2914870468, 2719.4286, 2739.3673, 769.2750, 22.2805
2025-11-24 20:09:24, 0.0906384304, 0.0785769081, 0.1219148137, 0.1351663967, 2136.4545, 2074.2500, 766.9250, 23.2817
2025-11-24 20:09:30, 0.0987147768, 0.0735985153, 0.2535546221, 0.1750157593, 2384.4091, 2387.5682, 768.7800, 22.1498
2025-11-24 20:09:36, 0.0788267180, 0.0934636013, 0.1646397505, 0.2054579883, 2317.7500, 2381.0250, 767.7500, 21.2767
2025-11-24 20:09:41, 0.0996210848, 0.0724838889, 0.3045840422, 0.2506340936, 2731.4043, 2683.0000, 768.8950, 20.7772
2025-11-24 20:09:47, 0.1180234839, 0.0718095789, 0.2765141018, 0.3048114247, 2458.8049, 2480.2195, 764.7200, 17.3018
2025-11-24 20:09:53, 0.0862830803, 0.0801832248, 0.2514527605, 0.3264018682, 2265.0000, 2237.0238, 764.4400, 19.1227
2025-11-24 20:09:58, 0.0822539640, 0.0627702566, 0.3600145989, 0.3945193635, 2329.2157, 2321.8039, 763.1900, 18.1578
2025-11-24 20:10:04, 0.0975100335, 0.0798321752, 0.2582663505, 0.3446729981, 2130.6444, 2142.7111, 762.0850, 18.3024
2025-11-24 20:10:10, 0.0877196284, 0.0906492427, 0.1750626188, 0.1706682879, 2302.3922, 2272.2157, 764.8350, 17.9306
2025-11-24 20:10:16, 0.0965144926, 0.1173830432, 0.2480431170, 0.2618480551, 2434.1220, 2447.7317, 760.7050, 18.9105
2025-11-24 20:10:21, 0.0811729142, 0.0867687337, 0.1909873829, 0.1861416653, 2392.4167, 2328.2083, 764.5150, 17.8129
2025-11-24 20:10:27, 0.1139233206, 0.0875085708, 0.2055211847, 0.1698427296, 2366.6842, 2272.0263, 767.1300, 17.1042
2025-11-24 20:10:33, 0.1041043123, 0.0804026529, 0.1681896875, 0.1571171138, 2391.7778, 2373.8444, 762.9750, 19.8818
2025-11-24 20:10:38, 0.0929662870, 0.0916679478, 0.2113985148, 0.2008629672, 2525.1111, 2555.7556, 763.8650, 18.6999
2025-11-24 20:10:44, 0.0864357133, 0.0737693863, 0.1600025516, 0.1617617068, 2364.6038, 2327.4717, 763.9250, 18.7624
2025-11-24 20:10:50, 0.0877662985, 0.0909017890, 0.1894463590, 0.1579193562, 2478.2500, 2522.0000, 766.4700, 18.1477
2025-11-24 20:10:55, 0.0786924349, 0.1040023092, 0.2055938309, 0.1875361221, 2460.2258, 2569.7097, 766.3600, 17.8289
2025-11-24 20:11:01, 0.0962448389, 0.0809084098, 0.2247489011, 0.2025752185, 2627.7609, 2665.8478, 765.4350, 18.3479
2025-11-24 20:11:07, 0.0735914927, 0.0617080050, 0.1739821176, 0.1699285245, 2432.3878, 2454.5714, 765.2600, 18.7399
2025-11-24 20:11:12, 0.1121389329, 0.0792519784, 0.2102439523, 0.2048311900, 2499.0000, 2455.3333, 764.5900, 16.8069
2025-11-24 20:11:18, 0.0927097041, 0.0891250858, 0.1044327798, 0.1232690937, 2224.2941, 2280.4510, 766.5100, 18.3619
2025-11-24 20:11:24, 0.0776794778, 0.0771528751, 0.1708280972, 0.1721840157, 2233.3966, 2242.4310, 765.5300, 19.6621
2025-11-24 20:11:29, 0.0925602458, 0.0912596650, 0.2182005174, 0.2509418132, 2276.4000, 2279.9556, 766.4150, 19.2144
2025-11-24 20:11:35, 0.0835065649, 0.0825312915, 0.3691529229, 0.2882180479, 2600.6444, 2661.7333, 772.6150, 16.2846
2025-11-24 20:11:41, 0.0882749790, 0.0895074145, 0.3007894933, 0.2165765747, 2588.4286, 2508.2857, 767.0450, 17.7252
2025-11-24 20:11:47, 0.1109469362, 0.1003417955, 0.2706825223, 0.2645251610, 2734.0270, 2592.2432, 770.3750, 17.3215
2025-11-24 20:11:53, 0.1184055189, 0.0847282939, 0.1443941871, 0.1524118326, 2562.7692, 2554.2885, 768.7750, 18.1332
2025-11-24 20:11:58, 0.0717499086, 0.0977434741, 0.2904678592, 0.2408733705, 2507.3684, 2368.2895, 767.6400, 17.1959
2025-11-24 20:12:04, 0.1010536504, 0.0745433887, 0.1672858376, 0.1482522093, 2242.5778, 2269.3556, 772.1200, 17.5356
2025-11-24 20:12:10, 0.0641453242, 0.0532396015, 0.1975740645, 0.1394881692, 2179.0200, 2120.8600, 768.1950, 17.8361
2025-11-24 20:12:15, 0.0847873471, 0.0826622244, 0.2743565365, 0.1664820313, 2715.0682, 2599.2273, 768.1950, 17.9097
2025-11-24 20:12:21, 0.0850571775, 0.0639075656, 0.2488798411, 0.2041908862, 2283.1333, 2272.3778, 764.0250, 16.8198
2025-11-24 20:12:27, 0.0870127059, 0.0790590559, 0.1441879583, 0.1207421188, 2338.9149, 2355.8511, 764.6250, 17.1001
2025-11-24 20:12:32, 0.0852694203, 0.0659847589, 0.2297647633, 0.2025737478, 2424.2500, 2340.2083, 766.0500, 18.0554
2025-11-24 20:12:38, 0.1126761937, 0.0927412170, 0.2401032069, 0.1951626772, 2839.4167, 2850.7222, 763.0600, 18.8938
2025-11-24 20:12:44, 0.0954560550, 0.0941899323, 0.2356243606, 0.2585626810, 2804.9412, 2834.4902, 761.3700, 16.7727
2025-11-24 20:12:49, 0.0843358980, 0.0757848893, 0.1427276104, 0.1033752103, 2322.0833, 2242.8611, 763.5100, 17.5753
2025-11-24 20:12:55, 0.0866128909, 0.0890597259, 0.1513019692, 0.1547140370, 2345.2955, 2327.7500, 765.6850, 18.9585
2025-11-24 20:13:01, 0.1035027239, 0.1051360500, 0.3109963302, 0.2950476033, 2440.8167, 2446.0167, 761.4500, 18.8933
2025-11-24 20:13:07, 0.0970394524, 0.0782847943, 0.2101894802, 0.2531252635, 2288.0652, 2447.6522, 762.4200, 18.2826
2025-11-24 20:13:12, 0.0833355397, 0.0663492710, 0.1120929323, 0.1289550276, 2545.2340, 2475.2553, 762.9100, 18.1243
2025-11-24 20:13:18, 0.0814252826, 0.0756771797, 0.1558356784, 0.1662326022, 2167.3556, 2102.5556, 760.9650, 17.6336
2025-11-24 20:13:23, 0.1169989966, 0.0940809346, 0.1647033165, 0.1799272288, 2257.9149, 2286.0426, 763.4050, 18.5214
2025-11-24 20:13:29, 0.0593225725, 0.0796769324, 0.1735609792, 0.1289778342, 2511.6000, 2498.8286, 760.4900, 18.7139
2025-11-24 20:13:35, 0.0874612666, 0.0943993547, 0.2754560194, 0.2771690921, 2529.3600, 2619.3800, 760.2650, 20.3569
2025-11-24 20:13:40, 0.0816633094, 0.0601340770, 0.1904200702, 0.2103426199, 2698.3182, 2730.2045, 761.9800, 19.1259
2025-11-24 20:13:46, 0.0664111215, 0.0901596882, 0.3008705660, 0.2093113704, 2162.4333, 2049.0000, 760.1850, 18.9684
2025-11-24 20:13:52, 0.0861210185, 0.1005418350, 0.2323682783, 0.2394223450, 2243.2245, 2240.0204, 763.2350, 17.9391
2025-11-24 20:13:58, 0.0895267190, 0.0872875628, 0.2028942959, 0.1200385037, 2376.4872, 2314.8974, 762.2150, 17.9616
2025-11-24 20:14:04, 0.0744022718, 0.1015398295, 0.1420596647, 0.1554546387, 2173.7288, 2254.8136, 762.3500, 19.1887
2025-11-24 20:14:09, 0.0986375019, 0.0772128279, 0.1908669367, 0.1752498414, 2497.0244, 2475.1707, 764.0600, 18.0332
2025-11-24 20:14:15, 0.0942455975, 0.0826317622, 0.2314495440, 0.1929865914, 2139.3333, 2098.4762, 763.6050, 18.1232
2025-11-24 20:14:21, 0.1145628473, 0.0910587264, 0.1602823066, 0.1658214537, 2091.4651, 2203.1395, 763.7400, 18.7782
2025-11-24 20:14:27, 0.0813033889, 0.0678609749, 0.2854570884, 0.2312367261, 2506.7317, 2571.3415, 767.8700, 17.4340
2025-11-24 20:14:32, 0.0947592000, 0.0811944342, 0.1763041241, 0.1619154431, 2605.1750, 2515.1500, 767.2350, 18.8907
2025-11-24 20:14:38, 0.1003803386, 0.1001660623, 0.3286686316, 0.3184794846, 2341.2766, 2419.0213, 767.6200, 18.4598
2025-11-24 20:14:44, 0.0974288805, 0.0875701934, 0.2864676689, 0.2011307338, 2297.8958, 2281.7500, 765.6050, 17.6142
2025-11-24 20:14:50, 0.0837100380, 0.0775100583, 0.3818899732, 0.2218564602, 2579.7727, 2317.1364, 766.9600, 18.8422
2025-11-24 20:14:55, 0.1206615621, 0.0901232119, 0.2274412888, 0.2345894398, 2385.3922, 2438.2549, 764.4650, 18.1345
2025-11-24 20:15:01, 0.1116365574, 0.1238347195, 0.1876757356, 0.1744570330, 2350.0465, 2462.1860, 766.5250, 15.6195
2025-11-24 20:15:07, 0.1184452422, 0.1060399131, 0.1945750500, 0.1456438088, 2362.1707, 2323.3902, 765.7400, 18.2984
2025-11-24 20:15:13, 0.0877905734, 0.1053404768, 0.1930428658, 0.2497944153, 2290.8750, 2391.2000, 764.9400, 18.5304
2025-11-24 20:15:18, 0.0949793557, 0.1075072107, 0.2208123099, 0.1734491065, 2513.5238, 2445.1429, 761.4350, 16.9522
2025-11-24 20:15:24, 0.1061459093, 0.1031645599, 0.1639635456, 0.2189802878, 2204.9429, 2323.2286, 760.9250, 17.4442
2025-11-24 20:15:29, 0.0877325611, 0.1050585056, 0.3488041913, 0.3449509752, 2519.8095, 2624.3810, 759.8300, 17.6845
2025-11-24 20:15:36, 0.0806246167, 0.0953531989, 0.1617506047, 0.1764259374, 2663.2955, 2865.7045, 761.9400, 20.4982
2025-11-24 20:15:42, 0.1507667696, 0.0941856137, 0.1152257716, 0.1579523109, 2423.5667, 2439.0667, 758.8400, 19.4493
2025-11-24 20:15:47, 0.1038669098, 0.0912063104, 0.3380716344, 0.3568662902, 3074.9459, 2987.0541, 759.8050, 16.5894
2025-11-24 20:15:53, 0.0702458506, 0.0767229470, 0.1655400846, 0.1861641019, 2188.3659, 2350.5610, 757.8650, 18.5086
2025-11-24 20:15:59, 0.0871456286, 0.0816550938, 0.1535000456, 0.1257922080, 2327.9149, 2327.1915, 757.4750, 18.3769
2025-11-24 20:16:04, 0.0688482963, 0.0808647126, 0.3894854711, 0.3594742658, 2461.2000, 2464.0800, 757.6950, 18.2765
2025-11-24 20:16:10, 0.0750462382, 0.0716148647, 0.1742648561, 0.1400811580, 2479.4545, 2477.6591, 760.6300, 17.7559
2025-11-24 20:16:16, 0.0803812761, 0.0747831153, 0.2100320657, 0.1978049036, 2599.1957, 2642.5435, 759.3900, 20.8763
2025-11-24 20:16:22, 0.1083551052, 0.0913308418, 0.2952275219, 0.1971569891, 2460.4634, 2435.8049, 758.5550, 20.6862
2025-11-24 20:16:27, 0.0716702992, 0.0983528104, 0.1885601123, 0.1930426044, 2367.9615, 2345.0192, 758.7250, 20.4800
2025-11-24 20:16:33, 0.1008045122, 0.0686490312, 0.2451740726, 0.1613759257, 2418.0213, 2398.8936, 762.1350, 18.9440
2025-11-24 20:16:39, 0.0806188130, 0.0756374671, 0.2805473612, 0.3009816187, 2286.1395, 2459.2791, 759.0500, 21.8947
2025-11-24 20:16:44, 0.0751792821, 0.1149614276, 0.1676472672, 0.1071528289, 1792.8710, 1755.2903, 762.3550, 21.1014
2025-11-24 20:16:50, 0.0974685507, 0.1179026777, 0.1648131862, 0.2327862018, 2410.7857, 2398.6429, 762.8950, 19.4333
2025-11-24 20:16:56, 0.0868073314, 0.1007589005, 0.2215289141, 0.2559657343, 2561.5686, 2624.7647, 763.1800, 20.5547
2025-11-24 20:17:02, 0.1037700890, 0.0818444637, 0.1655242812, 0.1804620286, 2158.2045, 2203.9773, 762.7000, 19.8751
2025-11-24 20:17:07, 0.1011060316, 0.1157956504, 0.3907820848, 0.3668702935, 2570.8182, 2544.4242, 763.3600, 19.9372
2025-11-24 20:17:13, 0.0711499793, 0.0796604908, 0.2409004311, 0.2965795562, 2365.0000, 2367.0392, 765.1100, 18.6619
2025-11-24 20:17:19, 0.1012071719, 0.0730219816, 0.1896596616, 0.1549796745, 2280.4000, 2327.0286, 765.1700, 21.0704
2025-11-24 20:17:24, 0.0948402529, 0.1068320679, 0.2187954585, 0.2201454137, 2798.2195, 2701.3659, 759.2000, 18.7051
2025-11-24 20:17:30, 0.1128906159, 0.1182300040, 0.1324084982, 0.1382795977, 2745.3333, 2758.9444, 762.9100, 18.4049
2025-11-24 20:17:36, 0.0924154929, 0.0890160838, 0.2240160745, 0.2611823186, 2280.9800, 2419.2000, 761.8750, 17.2792
2025-11-24 20:17:41, 0.1254145082, 0.0742491573, 0.2044424594, 0.1568782528, 2632.7143, 2567.0612, 761.5300, 17.5376
2025-11-24 20:17:47, 0.0901117361, 0.0974629130, 0.1436176840, 0.2096772689, 2143.4200, 2183.5200, 759.6000, 16.8068
2025-11-24 20:17:53, 0.0756845089, 0.0777725216, 0.1434167474, 0.1261879652, 2193.6786, 2241.2143, 759.4500, 18.1366
2025-11-24 20:17:58, 0.1050199415, 0.1040222054, 0.1690438553, 0.1878207185, 2340.5208, 2351.4167, 762.7350, 18.1960
2025-11-24 20:18:04, 0.1295775401, 0.1138076574, 0.1782657863, 0.1396420578, 2401.5250, 2411.0000, 759.7400, 19.0072
2025-11-24 20:18:11, 0.1124746012, 0.1070731746, 0.2478144330, 0.2475708689, 2458.7105, 2529.6053, 766.0300, 19.0937
2025-11-24 20:18:16, 0.0912920278, 0.0938391948, 0.1942265391, 0.2083514152, 2192.6512, 2244.0930, 761.0300, 16.9531
2025-11-24 20:18:22, 0.0780553925, 0.0518780519, 0.1954048940, 0.2257562568, 2400.2500, 2491.4722, 766.5250, 17.9357
2025-11-24 20:18:28, 0.1037982741, 0.0893181752, 0.1773617796, 0.1737647114, 2433.1667, 2448.1905, 768.0200, 17.0094
2025-11-24 20:18:33, 0.0911317797, 0.0780402563, 0.1968172491, 0.1364708052, 2537.6042, 2469.6250, 762.7800, 16.8509
2025-11-24 20:18:39, 0.1255891772, 0.1444296913, 0.0967101694, 0.1111634319, 2514.5833, 2505.6389, 767.8100, 18.0414
2025-11-24 20:18:45, 0.1316115191, 0.1285623889, 0.1139915333, 0.1192088040, 2491.0435, 2548.9130, 765.5900, 18.0918
2025-11-24 20:18:51, 0.0918528571, 0.1082833268, 0.1299040607, 0.1389091160, 2125.9783, 2156.9348, 767.2950, 18.3755
2025-11-24 20:18:56, 0.1072757554, 0.1051699003, 0.1132385406, 0.1813580156, 2223.6667, 2476.2549, 764.3200, 17.1673
2025-11-24 20:19:02, 0.0979084242, 0.0918305690, 0.2007097390, 0.1634742706, 2539.8519, 2524.1667, 766.1100, 19.0855
2025-11-24 20:19:08, 0.1329914476, 0.1278349868, 0.2103403655, 0.2191509238, 2815.0714, 2867.8571, 762.6550, 17.5073
2025-11-24 20:19:13, 0.1246039315, 0.1256082236, 0.1783723190, 0.1764444095, 2219.7358, 2122.2830, 765.1100, 17.5459
2025-11-24 20:19:19, 0.1071127325, 0.1087351164, 0.3224230256, 0.2611757282, 2849.6429, 2703.8333, 758.9000, 16.7380
2025-11-24 20:19:25, 0.0709242065, 0.0897352695, 0.2597242921, 0.2984615515, 2649.6296, 2691.6296, 763.0950, 19.6397
2025-11-24 20:19:31, 0.1482531420, 0.1245689544, 0.1878992010, 0.1899683545, 2302.7358, 2420.5094, 761.9700, 18.7811
2025-11-24 20:19:37, 0.0948534127, 0.0876384747, 0.1814344722, 0.1559477661, 2098.4737, 2096.0526, 761.4600, 19.0816
2025-11-24 20:19:42, 0.1188229482, 0.1300845649, 0.2139945876, 0.1884679137, 2262.1842, 2201.7368, 763.2550, 17.6326
2025-11-24 20:19:48, 0.1123837965, 0.1204181973, 0.2386782420, 0.2447232432, 2281.2381, 2249.7619, 762.4550, 18.5043
2025-11-24 20:19:54, 0.0923801223, 0.1091329901, 0.3817464514, 0.2410480740, 2420.7556, 2483.2889, 761.6150, 18.6772
2025-11-24 20:19:59, 0.1211567383, 0.1247362777, 0.0942336787, 0.0986223928, 2221.6486, 2395.2162, 764.6300, 18.3279
2025-11-24 20:20:05, 0.1130782524, 0.1205884966, 0.1742530913, 0.1578494087, 2309.9800, 2407.2200, 764.5700, 18.3413
2025-11-24 20:20:11, 0.1121930083, 0.1056553212, 0.0838384084, 0.0805791171, 2456.2222, 2370.4074, 763.3550, 17.0856
2025-11-24 20:20:16, 0.1513893914, 0.1219027606, 0.1501524144, 0.1209157227, 2419.4667, 2449.3111, 763.2500, 18.6493
2025-11-24 20:20:22, 0.1162558931, 0.1035317905, 0.1299814415, 0.1895728628, 2294.4167, 2359.8889, 765.8350, 17.1571
2025-11-24 20:20:28, 0.1097803682, 0.1085817726, 0.1896995566, 0.1516045260, 2403.3077, 2418.9615, 766.3500, 17.8739
2025-11-24 20:20:33, 0.1467377616, 0.0670668004, 0.2990055009, 0.2325548812, 2468.7714, 2462.7714, 765.4300, 17.0336
2025-11-24 20:20:39, 0.0858249278, 0.1044642437, 0.2782772460, 0.1978103830, 2596.4722, 2465.4444, 767.2000, 18.7571
2025-11-24 20:20:45, 0.0865402778, 0.1237622471, 0.1633647488, 0.1319433310, 2295.2500, 2254.8929, 763.7800, 16.5578
2025-11-24 20:20:50, 0.1195967946, 0.0961308725, 0.1631295582, 0.1477279087, 2212.3256, 2222.9535, 768.5700, 19.3183
2025-11-24 20:20:56, 0.1034619404, 0.1106332717, 0.1932684050, 0.2397203347, 2589.0192, 2675.9038, 768.0800, 17.8649
2025-11-24 20:21:02, 0.0938366635, 0.1000965466, 0.2796537684, 0.1353246467, 2614.7742, 2516.5161, 765.8850, 17.6687
2025-11-24 20:21:07, 0.0978026117, 0.0763403134, 0.2956372267, 0.2649508671, 2643.8696, 2524.5870, 769.4500, 18.8859
2025-11-24 20:21:13, 0.1068497845, 0.1213776093, 0.1851223078, 0.1466621176, 2469.1364, 2408.9545, 767.9950, 19.9976
2025-11-24 20:21:19, 0.1086860432, 0.1262615953, 0.2842627214, 0.2820339497, 2622.2619, 2677.6905, 764.2200, 19.4664
2025-11-24 20:21:25, 0.1262701193, 0.1132401427, 0.1514842209, 0.1478822083, 2697.5918, 2691.3469, 768.6950, 19.8165
2025-11-24 20:21:31, 0.0956464427, 0.1178291000, 0.1375447276, 0.1520881014, 2447.4286, 2472.1143, 763.5650, 18.6410
2025-11-24 20:21:36, 0.1308008586, 0.0874756809, 0.1936902116, 0.1732108588, 2576.2292, 2591.5000, 767.3300, 18.7982
2025-11-24 20:21:42, 0.1116784601, 0.1072147400, 0.1465558821, 0.1442198984, 2244.0392, 2301.4314, 768.0150, 16.9510
2025-11-24 20:21:48, 0.0783850625, 0.1074248014, 0.2234986774, 0.2035993116, 2611.1000, 2599.4000, 765.3100, 19.5355
2025-11-24 20:21:53, 0.0963205023, 0.1093350241, 0.2069447829, 0.2083302254, 2353.4444, 2329.6444, 768.4100, 18.2135
2025-11-24 20:21:59, 0.0789203121, 0.0868302859, 0.1173270009, 0.1446533972, 2325.7778, 2388.3333, 765.8450, 18.5632
2025-11-24 20:22:05, 0.1062912878, 0.1272479215, 0.1422593425, 0.2274223051, 2237.5405, 2310.0000, 767.6150, 18.9205
2025-11-24 20:22:11, 0.1190525868, 0.1014427264, 0.2323208788, 0.1592472088, 2522.0208, 2508.1042, 766.7150, 17.6650
2025-11-24 20:22:17, 0.0857919529, 0.1137512412, 0.2207051231, 0.2003451992, 2377.6522, 2352.5217, 767.6800, 17.7510
2025-11-24 20:22:23, 0.1051735345, 0.0920445204, 0.2168352045, 0.2388546465, 2651.3333, 2613.8889, 764.5800, 18.1855
2025-11-24 20:22:28, 0.1125705438, 0.0991414263, 0.2005611200, 0.1709904580, 2142.0769, 2189.3333, 763.5900, 20.3301
2025-11-24 20:22:34, 0.1176471021, 0.1219537968, 0.1757520760, 0.2198339926, 2547.2245, 2478.8776, 763.2650, 17.2894
2025-11-24 20:22:40, 0.0902951281, 0.0856403921, 0.2532076579, 0.1904014740, 2329.6042, 2309.8958, 763.4600, 19.0428
2025-11-24 20:22:46, 0.1256807033, 0.1277053869, 0.1401097921, 0.1635076526, 2348.9412, 2412.9412, 758.8200, 19.5076
2025-11-24 20:22:51, 0.0879567533, 0.1377372414, 0.3424286655, 0.2936640076, 3592.0000, 3598.5588, 765.5100, 18.4524
2025-11-24 20:22:57, 0.1270361174, 0.1213789414, 0.1700667509, 0.1597338873, 2251.2250, 2250.0250, 762.0100, 18.3812
2025-11-24 20:23:03, 0.1215586266, 0.0935366939, 0.1208663013, 0.1653452827, 2290.8333, 2335.2222, 764.7350, 19.6073
2025-11-24 20:23:09, 0.1068305314, 0.1413528969, 0.2498092616, 0.2418323879, 2791.9574, 2812.7872, 765.6350, 18.4955
2025-11-24 20:23:14, 0.0932098210, 0.1201588800, 0.1862232443, 0.1711163172, 2355.5862, 2368.9310, 764.1800, 17.8260
2025-11-24 20:23:20, 0.0959258540, 0.1063930415, 0.1588594847, 0.1878573553, 2335.6585, 2400.9756, 766.2250, 18.4403
2025-11-24 20:23:26, 0.0915504793, 0.1159305846, 0.2301625448, 0.1817379968, 2655.8000, 2551.4000, 761.5100, 18.8685
2025-11-24 20:23:32, 0.1051708099, 0.1084482352, 0.1521605444, 0.1740646905, 2166.5833, 2214.7167, 762.8700, 18.6736
2025-11-24 20:23:37, 0.1104488589, 0.0847290087, 0.1494773283, 0.1332089643, 2575.8810, 2532.4524, 762.1800, 17.8577
2025-11-24 20:23:43, 0.1045266607, 0.1128784340, 0.2794707807, 0.2408262869, 2523.3333, 2497.0952, 759.5900, 18.9769
2025-11-24 20:23:49, 0.1240643895, 0.1266399622, 0.1336595779, 0.1046048041, 2866.3864, 2764.6818, 761.8850, 17.2018
2025-11-24 20:23:54, 0.1410818608, 0.1502552292, 0.1053381286, 0.1144478481, 2655.1667, 2688.9286, 760.5500, 18.2679
2025-11-24 20:24:00, 0.1146411868, 0.1161770580, 0.0994934074, 0.1099181371, 2435.7111, 2484.9778, 761.1500, 17.9460
2025-11-24 20:24:06, 0.1385495558, 0.1212416730, 0.1241092906, 0.1217226705, 2820.7368, 2765.8421, 762.2250, 18.4178
2025-11-24 20:24:11, 0.1046379875, 0.0967998181, 0.1834297271, 0.2020960966, 2459.1892, 2462.6486, 764.0650, 17.8244
2025-11-24 20:24:17, 0.1240883248, 0.0962285659, 0.1146152992, 0.1074424833, 2139.9245, 2173.3396, 759.4200, 18.8514
2025-11-24 20:24:23, 0.1406796883, 0.1274111072, 0.1286059302, 0.1171927860, 2682.7812, 2702.8750, 758.6050, 16.2102
2025-11-24 20:24:29, 0.1134078625, 0.1420574403, 0.1555575238, 0.1904115407, 2374.1176, 2395.3824, 757.3450, 18.5961
2025-11-24 20:24:34, 0.1413540291, 0.1176784015, 0.1544984534, 0.2354136092, 2310.4878, 2471.1951, 758.7100, 17.3042
2025-11-24 20:24:40, 0.1112885585, 0.1337787355, 0.2461849348, 0.2728016128, 2458.5098, 2460.8235, 769.0150, 18.5635
2025-11-24 20:24:46, 0.1264797774, 0.1196813536, 0.1591812111, 0.1560044960, 2299.4419, 2310.0465, 769.3300, 18.6650
2025-11-24 20:24:52, 0.0916296074, 0.0609778115, 0.4026959743, 0.2582373771, 2661.2549, 2613.5098, 766.5550, 19.1287
2025-11-24 20:24:57, 0.1081446798, 0.1026920393, 0.1344060368, 0.1457603090, 2477.0000, 2503.9318, 768.9800, 17.3732
2025-11-24 20:25:03, 0.1015499158, 0.0779718755, 0.1824207733, 0.1755734098, 2270.8511, 2278.2553, 766.4000, 18.2049
2025-11-24 20:25:09, 0.1213536151, 0.1318096893, 0.2130290456, 0.2288158877, 2393.1163, 2480.6279, 766.9050, 18.6090
2025-11-24 20:25:14, 0.1367532468, 0.1536892514, 0.2134979526, 0.1801492471, 2470.2571, 2381.0000, 766.6550, 18.7506
2025-11-24 20:25:20, 0.0928668678, 0.1133019247, 0.0904100182, 0.0856204280, 2135.8200, 2162.4400, 767.8000, 17.6358
2025-11-24 20:25:26, 0.0894206966, 0.0775995832, 0.2526004625, 0.2149318533, 2330.2045, 2291.4091, 764.5300, 16.6412
2025-11-24 20:25:32, 0.1048587255, 0.1183565238, 0.1690555427, 0.1306126209, 2200.3333, 2203.8095, 765.6850, 18.5463
2025-11-24 20:25:38, 0.1066878950, 0.1120850959, 0.1939227495, 0.2217613344, 2235.9767, 2269.5814, 762.7100, 17.9058
2025-11-24 20:25:43, 0.0826162822, 0.1058489643, 0.1265511016, 0.1254437317, 2051.8333, 2097.6000, 762.1450, 18.1525
2025-11-24 20:25:49, 0.0919615201, 0.1160723290, 0.2612222374, 0.2397342759, 2363.8974, 2386.0769, 762.4750, 16.9287
2025-11-24 20:25:55, 0.1244753604, 0.0960813377, 0.1203371109, 0.0973859942, 2204.9750, 2173.0000, 764.1950, 17.2690
2025-11-24 20:26:00, 0.0976237230, 0.0994940904, 0.3649620565, 0.3156879964, 2439.4167, 2424.9722, 764.1000, 18.8465
2025-11-24 20:26:06, 0.0954087110, 0.0972566317, 0.1067142645, 0.1508083729, 1973.6829, 2059.5610, 762.4550, 17.2299
2025-11-24 20:26:12, 0.0708587101, 0.0715581337, 0.2758453091, 0.2568696341, 2428.0909, 2236.4848, 758.7850, 17.4450
2025-11-24 20:26:17, 0.0891770331, 0.1031694092, 0.2670878016, 0.1958778960, 2647.2381, 2529.2857, 758.2700, 16.2338
2025-11-24 20:26:23, 0.0771667331, 0.0862312736, 0.3037050120, 0.1920659992, 2495.7742, 2543.2903, 759.3450, 18.7007
2025-11-24 20:26:29, 0.0962705087, 0.1099071930, 0.2435284626, 0.1828994862, 2810.5128, 2639.6667, 757.5000, 17.9549
2025-11-24 20:26:35, 0.0943822170, 0.0702745888, 0.2013328925, 0.2174605436, 2362.7368, 2351.3421, 756.6350, 17.4001
2025-11-24 20:26:40, 0.0980844522, 0.0918307098, 0.1796090787, 0.1930779633, 2554.8056, 2548.0000, 753.2050, 16.9033
2025-11-24 20:26:46, 0.0956777552, 0.0908720871, 0.1882926586, 0.2065747667, 2528.5435, 2569.5435, 754.1200, 18.1889
2025-11-24 20:26:52, 0.1235630352, 0.0798563911, 0.2734749632, 0.3267949825, 2124.6512, 2151.0465, 757.1000, 17.8830
2025-11-24 20:26:58, 0.0967121463, 0.1250186832, 0.1396420117, 0.1605624165, 2258.7447, 2269.2979, 756.8750, 16.4736
2025-11-24 20:27:04, 0.1305092977, 0.1245481947, 0.2093818721, 0.1578753879, 2330.9143, 2310.0000, 758.9850, 16.6191
2025-11-24 20:27:09, 0.1399537701, 0.1061775115, 0.2017780733, 0.2224567253, 2342.5227, 2316.4318, 758.6950, 17.7964
2025-11-24 20:27:15, 0.0926465893, 0.0984403988, 0.1209387252, 0.1163904135, 2122.6607, 2116.8750, 757.8100, 18.6074
2025-11-24 20:27:21, 0.0804584812, 0.0969840621, 0.1267675499, 0.1166873052, 1934.9348, 1938.0870, 758.7050, 18.5110
2025-11-24 20:27:27, 0.0739686992, 0.0784174550, 0.2142650922, 0.1928648830, 2690.6304, 2701.5435, 756.7350, 17.3082
2025-11-24 20:27:32, 0.1121050850, 0.1415942466, 0.1144635770, 0.1455668138, 2233.0345, 2179.8621, 756.5800, 16.3213
2025-11-24 20:27:38, 0.1090951680, 0.0908607890, 0.2708606370, 0.1979226908, 1937.0488, 1986.9756, 756.6950, 17.6276
2025-11-24 20:27:44, 0.0861488717, 0.0992437954, 0.1811244117, 0.1834390946, 2209.6000, 2250.5000, 758.4500, 16.9118
2025-11-24 20:27:50, 0.0996170468, 0.0977212822, 0.2350803168, 0.1829680899, 2462.0741, 2456.4444, 757.7700, 16.9014
2025-11-24 20:27:56, 0.1396413464, 0.1081778103, 0.1010576613, 0.1081799480, 2309.3404, 2340.8723, 760.0850, 17.9064
2025-11-24 20:28:02, 0.0875950114, 0.0860704829, 0.1197289246, 0.1293442326, 2285.7273, 2493.5455, 759.9900, 17.4929
2025-11-24 20:28:07, 0.0645196712, 0.0698493370, 0.1274632088, 0.1467747781, 2489.6596, 2533.7872, 755.9400, 19.3268
2025-11-24 20:28:13, 0.0976057879, 0.0973372829, 0.2286957215, 0.2153177317, 2723.1636, 2695.8545, 756.8900, 17.2846
2025-11-24 20:28:19, 0.0849649549, 0.0961247616, 0.1868081586, 0.2577864969, 2642.0000, 2861.4792, 756.6850, 17.2507
2025-11-24 20:28:25, 0.1256539213, 0.0924496408, 0.2405497870, 0.2778388476, 2487.5000, 2542.5952, 755.7800, 17.1269
2025-11-24 20:28:31, 0.1025680801, 0.0982706118, 0.1755612552, 0.1889300877, 2168.9091, 2220.4091, 755.9200, 18.1886
2025-11-24 20:28:37, 0.0830193773, 0.0904774068, 0.2073743283, 0.2104425342, 2423.4750, 2590.3000, 755.9500, 18.1477
2025-11-24 20:28:42, 0.1125085854, 0.0882329737, 0.1597508575, 0.2068862403, 2345.6182, 2420.7091, 756.4400, 17.0554
2025-11-24 20:28:48, 0.0910618128, 0.1259421575, 0.1574808438, 0.2044619848, 2343.5556, 2526.5833, 756.8200, 17.7510
2025-11-24 20:28:53, 0.0794633264, 0.0839632483, 0.1660120109, 0.1689408348, 2484.5405, 2498.0270, 763.2950, 20.1987
2025-11-24 20:28:59, 0.1227572652, 0.1179646693, 0.1782648943, 0.1741113259, 2547.7143, 2589.0238, 766.4400, 19.7179
2025-11-24 20:29:05, 0.1091494720, 0.1109195172, 0.2998816018, 0.1820172724, 2353.8929, 2299.9286, 764.1300, 20.2624
2025-11-24 20:29:11, 0.1477741371, 0.1093384171, 0.2880161920, 0.2215888251, 2839.9459, 2744.1622, 762.9100, 20.3878
2025-11-24 20:29:16, 0.1011877406, 0.1258231503, 0.1116572080, 0.1246045863, 2532.4865, 2422.2973, 767.0900, 19.5778
2025-11-24 20:29:22, 0.1118236470, 0.1064003646, 0.1247917547, 0.1517880043, 2314.7200, 2242.4800, 765.3950, 20.5290
2025-11-24 20:29:28, 0.1009511254, 0.1412515896, 0.1247326886, 0.0906271139, 2282.5897, 2269.7692, 764.2350, 18.6764
2025-11-24 20:29:34, 0.0897170865, 0.0832133403, 0.1290979716, 0.1481528585, 2285.8696, 2358.4783, 766.4600, 19.5030
2025-11-24 20:29:39, 0.1541206796, 0.0991992124, 0.2905876594, 0.1659755478, 2546.9821, 2402.4464, 761.7600, 19.3944
2025-11-24 20:29:45, 0.1265324231, 0.1407096214, 0.2136057409, 0.1636929343, 2637.8298, 2527.5745, 763.1300, 19.6815
2025-11-24 20:29:51, 0.1008794814, 0.0810442712, 0.1648179464, 0.1513409360, 2060.2414, 2096.4138, 767.2900, 21.4214
2025-11-24 20:29:57, 0.1002505722, 0.0964584810, 0.2004092819, 0.1679317188, 2681.0612, 2652.3878, 763.8850, 20.6224
2025-11-24 20:30:02, 0.1067193540, 0.1271616616, 0.1859137464, 0.1841873439, 2138.2821, 2177.9231, 768.1600, 22.1232
2025-11-24 20:30:08, 0.1181422098, 0.1470568818, 0.1439976054, 0.1493831990, 2367.4717, 2401.3208, 762.9600, 18.5523
2025-11-24 20:30:14, 0.1067135822, 0.1303068518, 0.1992205471, 0.1905188699, 2299.2093, 2259.3721, 766.3950, 19.5036
2025-11-24 20:30:19, 0.1261281684, 0.1084065643, 0.1590560326, 0.1703688673, 2257.2927, 2353.8049, 759.2200, 18.3069
2025-11-24 20:30:25, 0.1769042886, 0.1383263255, 0.1009042836, 0.0701700248, 2206.5294, 2281.6176, 760.6150, 17.3464
2025-11-24 20:30:31, 0.1422373104, 0.1270046020, 0.1651474222, 0.1423698440, 2358.6102, 2302.7288, 759.2250, 16.3684
2025-11-24 20:30:36, 0.1035732825, 0.0988776897, 0.1781565838, 0.2097898712, 2504.7500, 2586.0500, 762.6350, 18.0139
2025-11-24 20:30:42, 0.1571814891, 0.1353839662, 0.1943548989, 0.1642618161, 2490.9107, 2496.6964, 761.6700, 16.7431
2025-11-24 20:30:54, 0.1563631382, 0.1572804457, 0.2266515016, 0.1854403145, 2691.4091, 2695.6591, 756.4850, 19.4072
2025-11-24 20:31:00, 0.0966116221, 0.1323131584, 0.2337488605, 0.1830252558, 2257.3590, 2227.0513, 760.7300, 17.8602
2025-11-24 20:31:06, 0.1332497717, 0.0812106042, 0.1829389915, 0.1896331900, 2421.9429, 2468.4286, 761.9300, 18.2342
2025-11-24 20:31:11, 0.1515023973, 0.1240804073, 0.1646207919, 0.1612644604, 2533.1250, 2576.0208, 762.3900, 19.2992
2025-11-24 20:31:17, 0.1084467036, 0.0953460445, 0.1431190255, 0.1232929651, 2503.8636, 2466.6591, 760.2100, 19.6126
2025-11-24 20:31:23, 0.1355751277, 0.1280483323, 0.1343547185, 0.1491600889, 2314.1042, 2446.9583, 764.0000, 19.2595
2025-11-24 20:31:28, 0.1597795332, 0.1143139750, 0.1182939823, 0.1009571011, 2206.6667, 2213.4167, 766.0750, 17.7685
2025-11-24 20:31:34, 0.0993242091, 0.0767960948, 0.1652339733, 0.1686826126, 2040.7632, 1972.0526, 764.3150, 18.7389
2025-11-24 20:31:40, 0.1148051241, 0.0989787653, 0.2601676115, 0.3056130267, 2560.1373, 2530.0588, 764.8900, 18.2290
2025-11-24 20:31:46, 0.1341877070, 0.1487513633, 0.1128185847, 0.1287978740, 2445.3409, 2455.5227, 764.1100, 17.7662
2025-11-24 20:31:51, 0.1135963396, 0.1055364621, 0.1737092256, 0.1313243229, 2082.4043, 2047.5319, 764.3400, 18.9303
2025-11-24 20:31:57, 0.0887929730, 0.1252395154, 0.1680362008, 0.1428148872, 2725.2286, 2650.2571, 764.0750, 18.4616
2025-11-24 20:32:03, 0.1367402589, 0.0968656433, 0.1568574942, 0.1101769837, 2348.9556, 2336.9778, 763.2750, 18.7109
2025-11-24 20:32:09, 0.0781450769, 0.0940806098, 0.1275931286, 0.1375945017, 2285.4783, 2227.5435, 766.1100, 18.6287
2025-11-24 20:32:15, 0.1796980009, 0.1185147923, 0.3577700801, 0.2787121157, 2494.9200, 2374.2000, 763.8200, 18.6975
2025-11-24 20:32:21, 0.1463544737, 0.1307151056, 0.1469239556, 0.1769469868, 2703.0222, 2708.1778, 761.5650, 16.1194
2025-11-24 20:32:26, 0.1037881901, 0.0825095806, 0.1479871421, 0.1950783166, 2215.0000, 2303.9459, 765.8050, 18.6211
2025-11-24 20:32:32, 0.1151564300, 0.1183753547, 0.1526278580, 0.1486825736, 2298.9756, 2254.0732, 765.8550, 17.1355
2025-11-24 20:32:38, 0.1222017585, 0.1046735658, 0.2346627955, 0.2009927339, 2644.3400, 2604.8400, 766.2750, 19.7056
2025-11-24 20:32:43, 0.1105197227, 0.0986628973, 0.1342796501, 0.1186855501, 2308.4773, 2303.5909, 767.5650, 18.3414
2025-11-24 20:32:49, 0.0905984377, 0.0702134068, 0.2493662978, 0.2377070002, 2295.5532, 2390.5745, 766.5650, 18.6809
2025-11-24 20:32:55, 0.0862457002, 0.0994388569, 0.1326154548, 0.1422282149, 2626.1026, 2660.5385, 767.0750, 17.6522
2025-11-24 20:33:01, 0.1105780118, 0.0855111123, 0.1657867740, 0.1760373471, 2219.7073, 2211.5854, 767.8800, 17.2530
2025-11-24 20:33:06, 0.1229127369, 0.1240247662, 0.1167662870, 0.1167231474, 2349.0851, 2328.5957, 767.4400, 17.3464
2025-11-24 20:33:12, 0.1052628092, 0.0941420316, 0.2357241189, 0.1827856959, 2639.3429, 2660.6857, 766.4900, 17.0126
2025-11-24 20:33:18, 0.1283461819, 0.1348527341, 0.2107622063, 0.2051060640, 2665.9318, 2624.9091, 769.5600, 18.5684
2025-11-24 20:33:23, 0.1105083327, 0.0914552654, 0.1025943189, 0.1178964557, 2285.3514, 2391.5676, 768.7400, 19.8377
2025-11-24 20:33:29, 0.1079546016, 0.1199469517, 0.1994610023, 0.2274763821, 2500.3922, 2580.6863, 768.5450, 20.5265
2025-11-24 20:33:35, 0.0654891694, 0.0712060657, 0.2155070964, 0.2168807330, 2273.4074, 2339.9259, 769.2300, 18.7464
2025-11-24 20:33:41, 0.1422316568, 0.1140596322, 0.1607623555, 0.1903520609, 2200.5417, 2230.4583, 768.2450, 17.9618
2025-11-24 20:33:46, 0.1206266372, 0.1492900101, 0.1751528868, 0.1865210539, 2381.2381, 2408.0714, 767.8900, 20.2257
2025-11-24 20:33:52, 0.1263139298, 0.1057457291, 0.1492876189, 0.1040818246, 2536.3519, 2544.4630, 769.4400, 18.5269
2025-11-24 20:33:58, 0.0867899074, 0.0874071340, 0.2372036593, 0.2008548991, 2591.7632, 2573.6053, 768.6800, 19.7567
2025-11-24 20:34:03, 0.0995250896, 0.0931370423, 0.2007771960, 0.1863353547, 2149.5870, 2123.2609, 767.8450, 19.6876
2025-11-24 20:34:09, 0.1053613529, 0.0882029368, 0.2176845087, 0.2228023287, 2535.2045, 2620.7727, 768.2100, 18.6978
2025-11-24 20:34:15, 0.1286747748, 0.0980682650, 0.2188891058, 0.2148011038, 2488.4231, 2547.2115, 765.1400, 18.7211
2025-11-24 20:34:21, 0.0918704214, 0.1372947785, 0.1440192920, 0.1416680433, 2404.2353, 2408.2353, 768.2200, 18.5992
2025-11-24 20:34:26, 0.0974999037, 0.0980241983, 0.1876166015, 0.1818471473, 2254.7200, 2252.4200, 766.0000, 20.3303
2025-11-24 20:34:32, 0.1444314930, 0.1444513239, 0.2094316153, 0.2158728304, 2389.6061, 2477.7273, 767.8050, 19.1224
2025-11-24 20:34:38, 0.1004766589, 0.0999385309, 0.1774230091, 0.1670748704, 2435.0000, 2481.4706, 766.3950, 19.4930
2025-11-24 20:34:43, 0.1021330612, 0.1460184369, 0.2882831802, 0.1989856107, 2757.6327, 2863.8163, 761.2750, 18.5121
2025-11-24 20:34:49, 0.0716050605, 0.0922306181, 0.1697088338, 0.1434216943, 2331.2619, 2352.3095, 764.1700, 20.4147
2025-11-24 20:34:55, 0.0991283856, 0.1113130622, 0.1698410547, 0.1468133708, 2285.0244, 2254.2439, 762.6700, 18.9729
2025-11-24 20:35:00, 0.0962804805, 0.0980256402, 0.1842521757, 0.1917030801, 2506.0312, 2484.2500, 760.5150, 19.4263
2025-11-24 20:35:06, 0.0830125850, 0.0808704015, 0.1512457582, 0.1379305338, 2240.9268, 2315.8537, 760.6400, 18.7662
2025-11-24 20:35:12, 0.1096583297, 0.0708347732, 0.1324436892, 0.0914360171, 2557.6071, 2562.3393, 761.0350, 18.2259
2025-11-24 20:35:17, 0.1022229381, 0.1119580959, 0.1686637997, 0.1461950009, 2448.3529, 2378.2059, 760.5350, 17.5621
2025-11-24 20:35:23, 0.0874452859, 0.0907239489, 0.2123884689, 0.1411578530, 2550.9333, 2530.0889, 758.1300, 18.8410
2025-11-24 20:35:29, 0.0926007427, 0.0967017526, 0.2059645558, 0.1943589655, 2489.4043, 2449.0851, 759.4950, 17.8143
2025-11-24 20:35:35, 0.1355466605, 0.0868491481, 0.0973849133, 0.0782073630, 2297.1220, 2235.5366, 760.6500, 18.8991
2025-11-24 20:35:41, 0.0865656593, 0.0859124487, 0.1167208394, 0.0861266554, 2494.1569, 2502.8431, 758.4600, 19.4054
2025-11-24 20:35:46, 0.1432526722, 0.1133752588, 0.1455878722, 0.1247222559, 2223.0923, 2304.6462, 759.6200, 19.2594
2025-11-24 20:35:52, 0.1079251095, 0.1145520114, 0.1320807249, 0.1427901816, 2131.7317, 2155.6341, 761.6000, 18.7603
2025-11-24 20:35:58, 0.1005017544, 0.0959552686, 0.2393582574, 0.2684898130, 2505.4103, 2568.3846, 762.0150, 19.5350
2025-11-24 20:36:04, 0.1241927941, 0.1747941427, 0.1321681063, 0.1474260566, 2269.7576, 2375.6970, 763.1150, 18.0519
2025-11-24 20:36:10, 0.0921009404, 0.1057524125, 0.1870420194, 0.1650737755, 2403.9455, 2368.6727, 761.4800, 18.6207
2025-11-24 20:36:16, 0.0989496775, 0.1296845809, 0.1662118820, 0.1758751939, 2642.6667, 2605.0667, 763.4300, 19.3583
2025-11-24 20:36:21, 0.0821396111, 0.0939683148, 0.2388512331, 0.1788800869, 2417.5714, 2406.0714, 764.6800, 16.8949
2025-11-24 20:36:27, 0.1099729772, 0.1159844569, 0.0938274999, 0.0895439610, 2251.2292, 2208.2917, 763.1500, 17.4298
2025-11-24 20:36:33, 0.1388290824, 0.1324373409, 0.1315857295, 0.1417089821, 2683.9302, 2793.4884, 761.4750, 18.7099
2025-11-24 20:36:38, 0.0978222039, 0.1207324227, 0.2630000071, 0.2497201614, 2591.3421, 2592.8421, 763.0650, 18.5753
2025-11-24 20:36:44, 0.0724133910, 0.0697469955, 0.1676956570, 0.1808835759, 2410.1633, 2388.7143, 760.5400, 18.9615
2025-11-24 20:36:50, 0.1016019878, 0.0853404082, 0.1695994117, 0.1457153360, 2568.4583, 2496.0000, 762.7650, 17.8611
2025-11-24 20:36:56, 0.1298644145, 0.1120282556, 0.2011476019, 0.2115506061, 2259.8718, 2376.3590, 762.3350, 18.7465
2025-11-24 20:37:01, 0.0754335197, 0.0740533375, 0.1431377973, 0.1694726146, 2478.0370, 2587.2037, 765.1250, 17.4270
2025-11-24 20:37:07, 0.1167553772, 0.0823932182, 0.1462475119, 0.2082660606, 2348.9556, 2446.4667, 767.2100, 16.9345
2025-11-24 20:37:13, 0.0846674872, 0.1123268462, 0.1642954068, 0.1608650046, 2501.9400, 2455.0400, 766.3150, 18.2600
2025-11-24 20:37:19, 0.1192132174, 0.1470345233, 0.1322426276, 0.1866918653, 2472.9268, 2543.0732, 765.9050, 20.1379
2025-11-24 20:37:25, 0.1294151478, 0.1253520583, 0.1964219866, 0.1761713332, 2598.2679, 2513.0179, 767.4650, 18.4268
2025-11-24 20:37:30, 0.1338095747, 0.1090546075, 0.2024611376, 0.1652980096, 2541.2245, 2556.6122, 764.8950, 18.0256
2025-11-24 20:37:36, 0.0948307488, 0.0884305023, 0.1309123681, 0.1278393978, 2317.5918, 2355.3673, 767.4350, 19.0829
2025-11-24 20:37:42, 0.0924134153, 0.0939957386, 0.1732195647, 0.1219385764, 2635.9444, 2450.8333, 763.0550, 18.8723
2025-11-24 20:37:47, 0.0938075855, 0.1168490243, 0.2156304561, 0.1646258193, 2310.8723, 2244.8085, 764.2400, 16.5234
2025-11-24 20:37:53, 0.1034766914, 0.1632897624, 0.1540756218, 0.1536260920, 2493.1111, 2466.6667, 764.3400, 17.8850
2025-11-24 20:37:59, 0.1146186289, 0.1423684720, 0.1464329774, 0.1227055334, 2366.8511, 2371.1702, 767.0000, 18.3997
2025-11-24 20:38:04, 0.1181846974, 0.1068831240, 0.1449482745, 0.1389693065, 2343.5192, 2365.2692, 762.0200, 17.2406
2025-11-24 20:38:10, 0.1144951479, 0.1142902290, 0.2030765566, 0.1475538495, 2321.4151, 2315.3208, 764.5750, 17.4010
2025-11-24 20:38:16, 0.1531542902, 0.1351437002, 0.1499136866, 0.2236121079, 2580.7333, 2635.7333, 763.0300, 18.8605
2025-11-24 20:38:22, 0.1192079488, 0.0993890555, 0.1474362481, 0.2087627355, 2041.2121, 2134.6667, 764.4900, 19.3752
2025-11-24 20:38:27, 0.1471014937, 0.1086741537, 0.1304235216, 0.1169780891, 2460.7561, 2379.2195, 762.8600, 19.4160
2025-11-24 20:38:33, 0.1336035221, 0.1185429956, 0.1638997061, 0.1313916379, 2759.9024, 2718.0732, 766.2900, 19.3017
2025-11-24 20:38:39, 0.1344100780, 0.1524546703, 0.1623075735, 0.1382389057, 2704.2000, 2611.6500, 765.3400, 18.0614
2025-11-24 20:38:45, 0.0885056878, 0.1099061797, 0.1202579949, 0.1211406821, 2548.2174, 2506.5435, 766.0150, 16.9486
2025-11-24 20:38:50, 0.1301440046, 0.1186179699, 0.1353592747, 0.1385545641, 2299.4559, 2255.6029, 761.0750, 17.8653
2025-11-24 20:38:56, 0.1374156070, 0.1524782117, 0.1522610039, 0.1588906209, 2429.0882, 2506.5588, 760.4800, 18.2896
2025-11-24 20:39:02, 0.1278077372, 0.1057020993, 0.1862274496, 0.1451558617, 2477.6154, 2492.2051, 763.2950, 17.5445
2025-11-24 20:39:08, 0.1198878934, 0.1119351903, 0.2408186748, 0.2063121313, 2821.8824, 2789.2941, 760.0650, 19.5911
2025-11-24 20:39:13, 0.1263133553, 0.1269066364, 0.1200986881, 0.1228659896, 2552.6000, 2535.6909, 762.8250, 17.5691
2025-11-24 20:39:19, 0.1180944222, 0.1151105741, 0.1246166337, 0.0873699757, 2270.0980, 2199.6471, 762.3400, 18.9001
2025-11-24 20:39:25, 0.1240816659, 0.1292583026, 0.1523969157, 0.1439323155, 2634.7759, 2548.2931, 761.1300, 17.9742
2025-11-24 20:39:31, 0.1494455345, 0.1336139302, 0.1722234361, 0.1304031222, 2209.3421, 2178.3947, 760.9250, 19.2549
2025-11-24 20:39:37, 0.0852259838, 0.1077628540, 0.1998810724, 0.1474458736, 2508.6190, 2412.3810, 761.2700, 16.8501
2025-11-24 20:39:43, 0.1580596971, 0.1272422419, 0.1349414351, 0.1279709404, 2369.8780, 2411.1951, 760.1050, 17.0098
2025-11-24 20:39:49, 0.1413335582, 0.1211171031, 0.1081299963, 0.1424963855, 2196.2653, 2328.4082, 759.8650, 17.9080
2025-11-24 20:39:55, 0.1047976778, 0.1190582059, 0.2711537691, 0.2396716309, 2183.8936, 2261.4681, 763.7100, 18.0551
2025-11-24 20:40:00, 0.1171006131, 0.1558360596, 0.1727327177, 0.1867503600, 2556.5946, 2521.1081, 761.2650, 18.0099
2025-11-24 20:40:06, 0.1742515559, 0.1088391787, 0.2177238016, 0.2111657071, 2772.0426, 2666.3191, 760.6550, 20.0606
2025-11-24 20:40:12, 0.0998556625, 0.1191478720, 0.2156014757, 0.2036863230, 2251.7600, 2275.6600, 764.1300, 18.0708
2025-11-24 20:40:18, 0.1226735292, 0.1279532103, 0.1099920500, 0.1146503801, 2558.4091, 2440.3182, 766.8050, 19.2265
2025-11-24 20:40:24, 0.0978280876, 0.1108696582, 0.1682295251, 0.1497426155, 2450.2000, 2468.2909, 764.5950, 18.5157
2025-11-24 20:40:29, 0.0948110860, 0.0822289937, 0.1784814055, 0.1726760629, 2346.9811, 2307.8302, 766.5000, 20.6671
2025-11-24 20:40:35, 0.0860729955, 0.1104736514, 0.1412325693, 0.1634275228, 2431.8333, 2476.1458, 766.2350, 18.7174
2025-11-24 20:40:41, 0.1016143339, 0.1153268963, 0.0891008169, 0.0772988790, 2242.5957, 2237.5745, 771.9000, 19.8459
2025-11-24 20:40:46, 0.1063445475, 0.1074771117, 0.2143232420, 0.2234628058, 2386.1224, 2378.0000, 771.4800, 17.8994
2025-11-24 20:40:52, 0.0602451696, 0.0677342864, 0.1163968631, 0.1013920571, 2267.1579, 2199.7895, 771.8300, 18.2129
2025-11-24 20:40:58, 0.1271895416, 0.0909580079, 0.1819030944, 0.1781138553, 2558.4444, 2600.0222, 773.5000, 19.7063
2025-11-24 20:41:03, 0.1492298238, 0.1493526142, 0.1429542955, 0.1615658353, 2498.0200, 2457.1200, 768.1800, 18.7893
2025-11-24 20:41:09, 0.0987595830, 0.1504496646, 0.1227665802, 0.1107925381, 2404.3721, 2410.2791, 769.3450, 18.4834
2025-11-24 20:41:15, 0.0916825988, 0.1028365356, 0.1266241223, 0.1072079973, 2510.3182, 2462.4318, 768.3750, 17.4629
2025-11-24 20:41:20, 0.0940602864, 0.0831936955, 0.1727182179, 0.1407553291, 2598.8571, 2521.4286, 768.4150, 20.1195
2025-11-24 20:41:26, 0.0769523317, 0.0981528399, 0.1615691280, 0.2633849324, 2145.5349, 2200.2326, 773.3800, 20.4708
2025-11-24 20:41:32, 0.1529121662, 0.1103782800, 0.1801938446, 0.1832019660, 2436.1509, 2482.2264, 772.3700, 22.2862
2025-11-24 20:41:38, 0.1371258220, 0.1207785841, 0.2560861523, 0.1966098069, 2642.4667, 2529.7556, 771.3900, 19.5662
2025-11-24 20:41:43, 0.1573284701, 0.1223526808, 0.1720526723, 0.1514725925, 2492.4103, 2530.5641, 770.5800, 19.2212
2025-11-24 20:41:49, 0.1133096792, 0.1023133148, 0.2586138142, 0.3695672822, 2724.3333, 2784.7556, 772.9750, 21.8610
2025-11-24 20:41:55, 0.0522514663, 0.0662876730, 0.2447715737, 0.2311742982, 2429.8936, 2466.7447, 769.8500, 19.6104
2025-11-24 20:42:00, 0.0858486452, 0.0802695737, 0.1802628933, 0.1799929598, 2583.2564, 2504.3077, 766.6350, 15.5497
2025-11-24 20:42:06, 0.1175349589, 0.0929494536, 0.1162977821, 0.0925198533, 2334.1316, 2347.0526, 769.4950, 18.6644
2025-11-24 20:42:12, 0.1358761174, 0.1273371358, 0.1486900952, 0.1552320426, 2285.6538, 2273.4231, 767.7800, 17.0159
2025-11-24 20:42:18, 0.1515042928, 0.1208210325, 0.1534347366, 0.1358531772, 2330.1228, 2274.7895, 768.0000, 17.7992
2025-11-24 20:42:24, 0.1600288386, 0.1286908782, 0.1619480938, 0.1391689722, 2386.5294, 2399.6078, 769.4350, 18.4609
2025-11-24 20:42:29, 0.1260615387, 0.1083531099, 0.1450248661, 0.1775409258, 2189.3636, 2169.7273, 769.2000, 18.0712
2025-11-24 20:42:35, 0.0949402861, 0.1054691071, 0.1435576349, 0.1356912970, 2532.6410, 2620.2821, 765.5950, 18.5672
2025-11-24 20:42:41, 0.1105141931, 0.0966759215, 0.0887016264, 0.0983180419, 2407.8974, 2500.0513, 767.2650, 17.4053
2025-11-24 20:42:46, 0.0999498545, 0.1047176472, 0.1476550699, 0.1492795661, 2223.1081, 2179.1622, 766.2550, 16.8926
2025-11-24 20:42:52, 0.0977083697, 0.0839987401, 0.1812910853, 0.1662157075, 2360.3617, 2401.8723, 767.8050, 18.2446
2025-11-24 20:42:58, 0.1026958840, 0.0750462444, 0.1513231452, 0.1335541925, 2292.6136, 2302.5000, 766.6400, 17.7471
2025-11-24 20:43:03, 0.0767726391, 0.0967935585, 0.1869161335, 0.1330457347, 2344.4500, 2426.4500, 764.8800, 16.6047
2025-11-24 20:43:09, 0.0749706691, 0.0820328733, 0.1911894935, 0.1934423094, 2147.5581, 2156.5814, 766.6350, 19.6133
2025-11-24 20:43:15, 0.1241525704, 0.1341422855, 0.2325112635, 0.2112785070, 2475.0714, 2437.7857, 769.1550, 17.7989
2025-11-24 20:43:21, 0.1296223173, 0.0829756708, 0.1353284588, 0.1123100455, 2549.7436, 2537.8974, 768.3150, 18.4444
2025-11-24 20:43:26, 0.1399951618, 0.1122642617, 0.2193404148, 0.2445240474, 2310.5500, 2332.9750, 769.2200, 17.9962
2025-11-24 20:43:32, 0.1297922805, 0.0966042547, 0.1943240446, 0.1935080047, 2790.5849, 2703.4906, 771.2300, 19.6257
2025-11-24 20:43:38, 0.0885645669, 0.1089359592, 0.2903689764, 0.2378574318, 2651.9167, 2515.2708, 766.6950, 17.8099
2025-11-24 20:43:43, 0.0802256450, 0.0850845185, 0.2069447000, 0.2111937369, 2365.9811, 2343.8868, 766.8500, 18.4642
2025-11-24 20:43:49, 0.0977785674, 0.0693161326, 0.2845716707, 0.2633062925, 2467.2368, 2525.9211, 766.7100, 16.8709
2025-11-24 20:43:55, 0.1091795467, 0.1343316551, 0.1658646035, 0.1795865385, 2583.5094, 2645.7170, 770.1500, 18.3681
2025-11-24 20:44:00, 0.0862884247, 0.0981525396, 0.2388687193, 0.1611122288, 2446.0488, 2413.1463, 766.9450, 15.4442
2025-11-24 20:44:06, 0.1059984906, 0.0919109693, 0.1241729674, 0.1362637473, 2179.3571, 2204.9643, 768.8650, 18.8658
2025-11-24 20:44:12, 0.1163732164, 0.1472919230, 0.2438034140, 0.2295782273, 2573.1304, 2547.2826, 767.2300, 19.6661
2025-11-24 20:44:18, 0.0876731270, 0.0969860164, 0.1607639111, 0.1611498241, 2356.3415, 2448.4390, 766.8300, 20.2968
2025-11-24 20:44:24, 0.0895071456, 0.0902209679, 0.1754030622, 0.2248751348, 2248.7073, 2323.4878, 767.3550, 16.4259
2025-11-24 20:44:30, 0.1251226032, 0.1197400554, 0.1530255194, 0.1468249108, 2414.4286, 2451.9524, 765.5650, 17.5760
2025-11-24 20:44:35, 0.0929344857, 0.1029011478, 0.2233155936, 0.2421889211, 2593.1163, 2632.4419, 761.3450, 16.4312
2025-11-24 20:44:41, 0.1162394725, 0.0928319042, 0.1860894707, 0.1454808399, 2441.0976, 2460.7317, 758.5950, 16.7604
2025-11-24 20:44:46, 0.1376159272, 0.0917981932, 0.1694227718, 0.1695721327, 2154.5319, 2140.3404, 761.1750, 18.3143
2025-11-24 20:44:52, 0.0930090363, 0.0923163330, 0.1787068573, 0.1911628029, 2297.3019, 2412.2642, 760.7550, 17.7656
2025-11-24 20:44:58, 0.1173149717, 0.1095190012, 0.2614227246, 0.2817447571, 2308.0952, 2354.9048, 763.6100, 19.0015
2025-11-24 20:45:04, 0.1180927704, 0.2122165542, 0.1730073436, 0.1400979623, 2193.7143, 2128.8571, 760.6950, 17.7088
2025-11-24 20:45:10, 0.1016139166, 0.1011748729, 0.1056861854, 0.1223706866, 2461.6964, 2567.4286, 760.2650, 18.2564
2025-11-24 20:45:15, 0.1452875349, 0.1133842787, 0.1464782620, 0.1708160234, 2345.4667, 2332.1111, 760.5500, 18.2246
2025-11-24 20:45:22, 0.1722262310, 0.1563478164, 0.2542980927, 0.1943076300, 2770.1622, 2738.5946, 760.0000, 16.9703
2025-11-24 20:45:27, 0.1324006271, 0.1101654959, 0.2158721211, 0.1499483991, 2790.1860, 2748.4186, 758.3500, 17.5285
2025-11-24 20:45:33, 0.1468233986, 0.1175136430, 0.1382336814, 0.1367202990, 2233.5000, 2217.1136, 758.9050, 18.4788
2025-11-24 20:45:39, 0.1068287041, 0.1025794953, 0.1374785760, 0.1164075583, 2317.6875, 2249.7500, 759.5550, 17.2046
2025-11-24 20:45:44, 0.1131355154, 0.0957315585, 0.1507889076, 0.1633634088, 1950.5641, 1992.6667, 759.2000, 17.4482
2025-11-24 20:45:50, 0.1181341322, 0.1220907933, 0.1548390234, 0.1538194529, 2259.1538, 2293.4808, 759.4950, 18.6767
2025-11-24 20:45:56, 0.0730356633, 0.1077755444, 0.1916490686, 0.1602068005, 2269.0750, 2291.2000, 759.2400, 16.8853
2025-11-24 20:46:01, 0.0597870897, 0.0657573380, 0.2813993921, 0.2352190196, 2649.3922, 2653.3725, 759.0200, 18.8891
2025-11-24 20:46:07, 0.1088067419, 0.1000275442, 0.1303412796, 0.1099098171, 2299.7568, 2272.7027, 757.8300, 17.3595
2025-11-24 20:46:13, 0.0868119705, 0.0889854431, 0.1597781944, 0.1281078885, 2408.2941, 2384.6765, 759.7850, 16.4836
2025-11-24 20:46:18, 0.1105890985, 0.1064477685, 0.1345327992, 0.0875667230, 2342.2683, 2233.7805, 760.8700, 17.9940
2025-11-24 20:46:24, 0.0897433049, 0.1040868146, 0.1385397813, 0.1357135522, 2331.9487, 2391.9231, 759.4750, 17.1700
2025-11-24 20:46:30, 0.1068120147, 0.1718001821, 0.1988030627, 0.1876268062, 2405.8600, 2432.8600, 758.2300, 17.0624
2025-11-24 20:46:36, 0.1114460574, 0.1200638877, 0.0945954638, 0.1311139852, 2258.5686, 2353.1569, 758.8950, 18.5306
2025-11-24 20:46:41, 0.0946768242, 0.0974625338, 0.1439408002, 0.1237728131, 2344.8085, 2285.9149, 770.5500, 19.2364
2025-11-24 20:46:47, 0.1129985696, 0.0883612995, 0.2253323116, 0.1988839988, 2569.8600, 2521.0000, 768.2500, 18.1485
2025-11-24 20:46:53, 0.1265320936, 0.0758749580, 0.1559382497, 0.1742597728, 2476.1212, 2556.0909, 760.5650, 18.1900
2025-11-24 20:46:58, 0.1138767231, 0.1377606567, 0.1994624367, 0.2039453771, 2888.6829, 2784.3659, 768.8600, 18.6534
2025-11-24 20:47:04, 0.0992490820, 0.1390650863, 0.1855499099, 0.1534868512, 2455.1935, 2369.1290, 765.6550, 18.0637
2025-11-24 20:47:10, 0.1225374590, 0.1460498733, 0.1897103627, 0.1695108067, 2630.4310, 2619.4483, 764.9850, 19.3903
2025-11-24 20:47:16, 0.1241005856, 0.1379364020, 0.1200131605, 0.1335899565, 1800.6809, 1869.0213, 769.1700, 17.0872
2025-11-24 20:47:21, 0.1210936166, 0.0965272744, 0.1452640675, 0.1537248359, 2340.8205, 2409.6410, 767.3200, 17.6999
2025-11-24 20:47:28, 0.0730677484, 0.1197448154, 0.1653359649, 0.1688919132, 2549.3902, 2531.3415, 765.6300, 16.6299
2025-11-24 20:47:33, 0.1009384946, 0.0855492177, 0.2344769542, 0.1694470028, 2231.2128, 2219.1702, 766.6300, 18.0370
2025-11-24 20:47:39, 0.1201041101, 0.1275723342, 0.1933528538, 0.1770877475, 2399.3704, 2516.9444, 765.2950, 17.7932
2025-11-24 20:47:44, 0.1085506729, 0.1165650543, 0.1391335277, 0.1126976983, 2861.4474, 2673.0000, 767.2400, 16.5956
2025-11-24 20:47:51, 0.1133481711, 0.1144935518, 0.1681346589, 0.1416110669, 2306.6964, 2313.4643, 764.3450, 18.4615
2025-11-24 20:47:56, 0.1175664988, 0.0966149055, 0.2115286900, 0.1071630575, 1975.1176, 1986.2647, 764.0100, 17.9427
2025-11-24 20:48:02, 0.1089305380, 0.1075168951, 0.2084758899, 0.2587373714, 2699.2564, 2818.7949, 764.2850, 18.7159
2025-11-24 20:48:08, 0.0835973848, 0.1102098102, 0.2048998876, 0.1860466257, 2462.8261, 2386.0000, 763.8950, 17.8374
2025-11-24 20:48:14, 0.1207099960, 0.1338278027, 0.3391726006, 0.2880826305, 2241.7209, 2260.6047, 764.4000, 18.0809
2025-11-24 20:48:20, 0.1228990750, 0.1061420801, 0.1191187543, 0.1231488347, 2073.6000, 2135.8400, 762.8850, 17.7756
2025-11-24 20:48:25, 0.1784479134, 0.0946154697, 0.1276342038, 0.1467312150, 2177.8125, 2205.3438, 763.6300, 16.8634
2025-11-24 20:48:31, 0.0956315782, 0.1080682227, 0.1723380608, 0.1980764431, 2351.0000, 2381.8367, 766.3300, 18.5197
2025-11-24 20:48:37, 0.0906374506, 0.1071436453, 0.1416797123, 0.1346573258, 2440.7045, 2480.3182, 764.2750, 17.8443
2025-11-24 20:48:43, 0.1045009605, 0.1110465913, 0.1792471733, 0.1765950696, 2147.8537, 2187.7073, 761.7700, 18.1713
2025-11-24 20:48:48, 0.0850062171, 0.0934383718, 0.1556853221, 0.1676725530, 2687.1304, 2638.8261, 764.6850, 19.0524
2025-11-24 20:48:54, 0.0972217729, 0.1045524729, 0.1796456314, 0.1774456117, 2404.0851, 2384.7660, 761.0300, 18.2250
2025-11-24 20:49:00, 0.1152168531, 0.0919763187, 0.1923898822, 0.1946887183, 2266.0000, 2162.8980, 762.8850, 17.0277
2025-11-24 20:49:05, 0.0853352791, 0.0917604342, 0.2123203291, 0.1903328533, 2739.6087, 2683.1087, 760.1750, 18.2974
2025-11-24 20:49:11, 0.0892429426, 0.0744384371, 0.2841666821, 0.3825035771, 2421.8000, 2408.4444, 764.8650, 16.2677
2025-11-24 20:49:17, 0.0940032565, 0.0957758280, 0.1439534639, 0.1357587097, 2158.3830, 2173.7021, 757.8050, 17.4825
2025-11-24 20:49:22, 0.0841898940, 0.0890220422, 0.1010890772, 0.0906268086, 2003.3529, 2051.0000, 758.1650, 17.1017
2025-11-24 20:49:28, 0.0917552315, 0.0995904840, 0.1415393740, 0.1342238158, 2512.5778, 2565.7333, 762.6250, 18.8726
2025-11-24 20:49:34, 0.1017593123, 0.1084858782, 0.1563401160, 0.1365238619, 2413.8077, 2376.3269, 759.3700, 18.1660
2025-11-24 20:49:40, 0.0745268716, 0.1051209085, 0.1675910384, 0.1500846940, 2371.6977, 2268.5116, 756.6350, 17.8575
2025-11-24 20:49:45, 0.1047605761, 0.1434943245, 0.2413726505, 0.1649057764, 2683.6222, 2665.6889, 758.5850, 15.5445
2025-11-24 20:49:51, 0.0780675823, 0.1040557737, 0.2436414821, 0.2160909599, 2402.7800, 2398.2800, 758.5850, 16.2093
2025-11-24 20:49:57, 0.0802115507, 0.0865778987, 0.1349316594, 0.1036908091, 2381.7436, 2376.1282, 758.4700, 18.4932
2025-11-24 20:50:02, 0.0827277540, 0.0858404325, 0.2189191270, 0.2667798648, 2536.0000, 2716.3235, 757.1050, 17.6574
2025-11-24 20:50:08, 0.0857814418, 0.0677498303, 0.2180083072, 0.2585603511, 2208.1091, 2186.9818, 760.6550, 17.6155
2025-11-24 20:50:14, 0.0901270682, 0.0966327564, 0.1667512524, 0.1899861999, 2310.2051, 2302.4615, 760.5850, 17.8909
2025-11-24 20:50:20, 0.1265633267, 0.1149697895, 0.3197528516, 0.2511227727, 2401.0750, 2393.9000, 757.2100, 18.2673
2025-11-24 20:50:25, 0.0982645959, 0.1301457830, 0.1535586493, 0.2332725950, 1938.8864, 1963.8409, 757.8350, 17.0296
2025-11-24 20:50:31, 0.1092936767, 0.1162810092, 0.1318070756, 0.1125178538, 2373.0690, 2227.6552, 760.1700, 18.1042
2025-11-24 20:50:37, 0.0966887645, 0.0866267237, 0.2027177612, 0.2687765103, 2552.9706, 2587.4118, 759.2250, 16.7187
2025-11-24 20:50:42, 0.1051726348, 0.0949843212, 0.2382078797, 0.2132986021, 2755.9737, 2771.6842, 757.5250, 19.0995
2025-11-24 20:50:48, 0.0940977705, 0.1135808735, 0.2322097330, 0.2176290530, 2149.7500, 2155.2692, 762.5950, 19.2520
2025-11-24 20:50:54, 0.0875592916, 0.1049949067, 0.2044726383, 0.1778392885, 2333.2963, 2286.4444, 754.7100, 17.6719
2025-11-24 20:51:00, 0.0898020025, 0.0740277147, 0.1085825369, 0.1184518842, 2195.5763, 2279.6102, 755.2600, 16.6160
2025-11-24 20:51:05, 0.0933262276, 0.0728355442, 0.2083592636, 0.1556851253, 2231.9333, 2162.8667, 756.5150, 19.5077
2025-11-24 20:51:11, 0.1022026656, 0.1134887951, 0.1788997982, 0.1522163139, 2382.0426, 2382.8511, 756.2500, 19.7567
2025-11-24 20:51:17, 0.0983604904, 0.0772423859, 0.1803509945, 0.1602535332, 2308.4600, 2221.5800, 759.6300, 18.9043
2025-11-24 20:51:23, 0.0789371342, 0.1070680114, 0.1345507775, 0.1278030866, 2508.0577, 2477.6538, 757.6600, 17.7937
2025-11-24 20:51:28, 0.1004011135, 0.1018219269, 0.1920193567, 0.2276963124, 2692.8718, 2695.8462, 757.8250, 16.4656
2025-11-24 20:51:34, 0.0927442917, 0.0860680172, 0.2585397793, 0.1868161585, 2263.3400, 2145.5400, 758.6250, 19.0784
2025-11-24 20:51:40, 0.1240259199, 0.1030166893, 0.1887107137, 0.2196999495, 2188.2745, 2215.6078, 755.9000, 16.7117
2025-11-24 20:51:46, 0.1113012686, 0.0847729427, 0.2478789297, 0.2067607795, 2278.6829, 2191.8780, 759.8400, 15.8649
2025-11-24 20:51:51, 0.1265368472, 0.1624969474, 0.1209143240, 0.1547305549, 2437.2703, 2393.4324, 757.6600, 18.4075
2025-11-24 20:51:57, 0.1000952388, 0.1232393298, 0.1365765462, 0.1276407973, 2538.9231, 2442.4359, 758.7850, 18.0607
2025-11-24 20:52:03, 0.1286762474, 0.1366297609, 0.2361141754, 0.1987412314, 2504.4390, 2436.5610, 758.6000, 17.7570
2025-11-24 20:52:09, 0.0768933126, 0.0632159598, 0.2025669057, 0.2606102325, 2325.6053, 2338.2632, 757.8250, 18.6643
2025-11-24 20:52:15, 0.0763922596, 0.0702911184, 0.1084380600, 0.0912064743, 2285.9767, 2344.3488, 761.5100, 18.2494
2025-11-24 20:52:20, 0.0870478192, 0.1049381316, 0.3320195611, 0.2392105143, 2506.2500, 2457.2000, 758.9400, 18.1537
2025-11-24 20:52:26, 0.0979829122, 0.0864853970, 0.1272073731, 0.1276373972, 2335.0769, 2434.0962, 761.8000, 18.0019
2025-11-24 20:52:32, 0.0767821640, 0.0954815353, 0.2139170800, 0.2026701645, 2210.1915, 2266.9574, 760.4100, 18.0840
2025-11-24 20:52:37, 0.0708904790, 0.0748464781, 0.1774435961, 0.1018724475, 2176.9773, 2117.9773, 763.2600, 17.1584
2025-11-24 20:52:43, 0.1143964447, 0.0956674414, 0.2117783280, 0.1832416589, 2439.5102, 2329.1429, 760.8200, 18.0130
2025-11-24 20:52:49, 0.1391542505, 0.0877119554, 0.2293328010, 0.2453534723, 2445.3333, 2333.3889, 764.6600, 16.8593
2025-11-24 20:52:54, 0.1046709468, 0.0885400739, 0.1419368142, 0.1712110570, 2723.5000, 2810.4167, 762.6800, 16.7053
2025-11-24 20:53:00, 0.0786567846, 0.0794775481, 0.1439602984, 0.1983632937, 2173.0000, 2224.7692, 764.0600, 17.8243
2025-11-24 20:53:06, 0.0525292925, 0.0604484185, 0.0971959466, 0.1074112342, 2374.8462, 2390.3846, 763.5050, 16.9225
2025-11-24 20:53:12, 0.0887888948, 0.1074631214, 0.1703911758, 0.1698694743, 2616.1892, 2679.7568, 764.1600, 18.8660
2025-11-24 20:53:17, 0.0901446626, 0.0972654620, 0.1666509360, 0.1440320393, 2108.3673, 2229.6939, 762.7000, 16.6907
2025-11-24 20:53:23, 0.0852334193, 0.0795382314, 0.1288062498, 0.1050456891, 2185.9730, 2269.9189, 754.2650, 18.1880
2025-11-24 20:53:29, 0.0937608201, 0.1061212552, 0.1611697954, 0.1582456275, 2447.0000, 2623.4878, 761.5950, 18.2151
2025-11-24 20:53:34, 0.1009754155, 0.1118567614, 0.2645791587, 0.2462707633, 2178.4286, 2122.3143, 754.6400, 17.9953
2025-11-24 20:53:40, 0.0956438098, 0.1107300489, 0.2523674395, 0.2304551614, 2193.8036, 2257.3750, 760.0250, 16.4461
2025-11-24 20:53:46, 0.0638888988, 0.0638478036, 0.2453295268, 0.1428662003, 2236.7736, 2183.2642, 755.1400, 18.6406
2025-11-24 20:53:52, 0.0837447391, 0.1072871363, 0.1968053548, 0.1371514929, 2640.0303, 2648.9091, 755.7650, 18.4797
2025-11-24 20:53:58, 0.0983147696, 0.0744920104, 0.1774168896, 0.1624668193, 2155.0000, 2255.5098, 756.7450, 18.0928
2025-11-24 20:54:04, 0.0998804037, 0.0878623257, 0.1325470346, 0.1289361461, 2904.3243, 2895.1081, 757.2000, 18.6486
2025-11-24 20:54:09, 0.0970060263, 0.0998330009, 0.2013571348, 0.1657636206, 2398.0600, 2380.1400, 755.9500, 19.5227
2025-11-24 20:54:15, 0.0969634411, 0.1269538824, 0.3040675004, 0.2733357525, 2500.9024, 2500.1951, 757.7650, 19.3951
2025-11-24 20:54:21, 0.0975399512, 0.0827395699, 0.1473200832, 0.1243313080, 2214.2857, 2174.2041, 757.6450, 16.6829
2025-11-24 20:54:26, 0.1047951339, 0.1030349481, 0.1109750075, 0.1248810693, 2444.5938, 2474.0625, 757.1700, 17.1672
2025-11-24 20:54:32, 0.1106757228, 0.0989234331, 0.1891587526, 0.1928209366, 2391.7937, 2411.9206, 756.0350, 18.1525
2025-11-24 20:54:37, 0.0987571067, 0.0871861136, 0.1466561967, 0.1494688012, 2491.8571, 2486.4571, 756.9700, 17.6139
2025-11-24 20:54:43, 0.1362172506, 0.1238039032, 0.1250926033, 0.1279168141, 2509.2979, 2517.7660, 756.0650, 20.7331
2025-11-24 20:54:49, 0.1043506920, 0.1271798399, 0.1331116946, 0.1455642877, 2240.0667, 2213.0444, 756.4900, 17.3988
2025-11-24 20:54:55, 0.1702072884, 0.1299136222, 0.2108570314, 0.1744719031, 2537.2333, 2477.5333, 761.6900, 18.5681
2025-11-24 20:55:00, 0.1098958672, 0.1167509875, 0.1381261014, 0.1623070139, 2223.4545, 2156.5909, 758.1000, 18.6623
2025-11-24 20:55:06, 0.0948288162, 0.1064274654, 0.2185528991, 0.1524259811, 2423.5263, 2358.8246, 757.4350, 18.9155
2025-11-24 20:55:12, 0.1086145287, 0.1112346754, 0.2565893724, 0.1841368479, 2510.1154, 2334.8654, 762.3800, 18.1988
2025-11-24 20:55:17, 0.1242921048, 0.1118757062, 0.1243265227, 0.1347394266, 2156.8387, 2094.5806, 764.9400, 16.6678
2025-11-24 20:55:23, 0.1038690735, 0.1182437674, 0.2406471692, 0.2340946800, 2547.9118, 2677.6176, 765.3150, 18.1878
2025-11-24 20:55:29, 0.1169671537, 0.1014920289, 0.1357327789, 0.1542752925, 2533.6522, 2562.1087, 763.1000, 19.1486
2025-11-24 20:55:34, 0.0906599619, 0.1073907178, 0.2195687412, 0.1663902790, 2372.6591, 2359.1591, 761.3700, 18.5546
2025-11-24 20:55:40, 0.1105071093, 0.1397804626, 0.1984103632, 0.2537582783, 2296.9231, 2328.8718, 763.6600, 19.9718
2025-11-24 20:55:46, 0.1243106409, 0.1234804227, 0.2401315635, 0.1923873430, 2501.3673, 2507.0000, 764.1250, 17.4760
2025-11-24 20:55:52, 0.0997823377, 0.1047131707, 0.2777944763, 0.2443895760, 2291.0488, 2275.8537, 762.7850, 19.1718
2025-11-24 20:55:58, 0.0898397488, 0.0823178507, 0.2612076397, 0.2422320122, 2596.9318, 2570.9318, 762.7850, 19.1533
2025-11-24 20:56:03, 0.1107213320, 0.1154108319, 0.1726713907, 0.1647525251, 2215.7931, 2156.1379, 764.7850, 17.8888
2025-11-24 20:56:09, 0.0897961301, 0.0828843936, 0.1872837939, 0.1817577643, 2467.7561, 2481.2683, 761.7950, 18.2897
2025-11-24 20:56:14, 0.1158241013, 0.1519346535, 0.2143001520, 0.1861469994, 2243.8857, 2205.4857, 768.1100, 18.9095
2025-11-24 20:56:20, 0.1457610524, 0.1062641277, 0.1646186344, 0.1719221010, 2349.8182, 2392.4545, 761.6000, 18.0391
2025-11-24 20:56:26, 0.1518854745, 0.1257250277, 0.2354065487, 0.1612321584, 2483.0000, 2414.2973, 763.1800, 18.0191
2025-11-24 20:56:32, 0.1490280380, 0.1600611394, 0.2399512486, 0.1830398427, 2914.4048, 2825.9762, 762.4150, 19.4135
2025-11-24 20:56:37, 0.1358856837, 0.1469439622, 0.1461528548, 0.1526275640, 2741.3061, 2766.2041, 760.2300, 18.5377
2025-11-24 20:56:43, 0.1617446949, 0.1288787713, 0.1293440757, 0.1259488806, 2574.5789, 2462.4737, 760.2550, 16.7484
2025-11-24 20:56:49, 0.1254108334, 0.1006251982, 0.2803595011, 0.2592395115, 2504.9189, 2418.8649, 763.6200, 18.0063
2025-11-24 20:56:54, 0.1374549215, 0.1271048871, 0.1876470825, 0.1980971433, 2601.0833, 2639.2222, 762.3650, 18.7105
2025-11-24 20:57:00, 0.1091144003, 0.0870224304, 0.2574398148, 0.2544007541, 2634.9000, 2628.3000, 762.4600, 18.6112
2025-11-24 20:57:06, 0.0938908204, 0.0830735350, 0.2806422127, 0.2498563962, 2578.8947, 2592.0263, 762.3750, 17.1737
2025-11-24 20:57:12, 0.1073482210, 0.1188689339, 0.2747126680, 0.2162407670, 2456.1250, 2395.5500, 763.9650, 17.8220
2025-11-24 20:57:17, 0.1124786201, 0.0905126924, 0.1603721079, 0.1509745205, 2216.2444, 2234.5111, 764.1850, 18.5839
2025-11-24 20:57:23, 0.1553140685, 0.1042440405, 0.2255585933, 0.1750955425, 2347.7593, 2388.7593, 760.9500, 18.2170
2025-11-24 20:57:29, 0.0900534140, 0.1072236842, 0.1684243938, 0.1634680055, 2639.1915, 2645.4043, 760.8700, 17.9870
2025-11-24 20:57:35, 0.1065975926, 0.0860566432, 0.2048734700, 0.1840748816, 2458.9130, 2373.9130, 761.4600, 17.9930
2025-11-24 20:57:41, 0.0587345867, 0.0782024013, 0.2956951368, 0.3233186185, 2633.5122, 2644.6585, 763.1900, 17.5472
2025-11-24 20:57:46, 0.0999282153, 0.1086543886, 0.2835216578, 0.2945924660, 2568.2174, 2538.0870, 762.0700, 18.0343
2025-11-24 20:57:52, 0.1081487750, 0.1041930542, 0.2200257102, 0.2499760097, 2718.5294, 2720.2353, 763.2950, 17.4157
2025-11-24 20:57:58, 0.1014594396, 0.1201448802, 0.4002095160, 0.5900361366, 2426.8889, 2569.8889, 762.8050, 17.2600
2025-11-24 20:58:03, 0.0825874685, 0.1050039106, 0.1531565119, 0.1294327909, 2440.2093, 2480.1628, 762.8500, 17.3115
2025-11-24 20:58:09, 0.1196109659, 0.1553368831, 0.1543610738, 0.1521117993, 2707.0750, 2808.0000, 761.6150, 18.1490
2025-11-24 20:58:15, 0.1133751721, 0.1530527179, 0.1544268490, 0.1179364552, 2805.0789, 2777.9211, 761.5850, 17.6828
2025-11-24 20:58:21, 0.1312297820, 0.1264334161, 0.1036008105, 0.1101289623, 2482.9000, 2515.3000, 764.3450, 18.4295
2025-11-24 20:58:26, 0.0970351379, 0.1280736047, 0.2235915192, 0.2047963221, 2375.5957, 2336.4894, 765.1800, 19.6959
2025-11-24 20:58:32, 0.1047978132, 0.1126163455, 0.2550446248, 0.2159734363, 2549.0000, 2637.6667, 767.0800, 18.6715
2025-11-24 20:58:38, 0.0815999110, 0.0678340470, 0.1105791832, 0.1292176033, 2110.1111, 2169.1389, 763.1250, 19.1050
2025-11-24 20:58:44, 0.0785362045, 0.1246668627, 0.2165340217, 0.2587732150, 2568.1471, 2594.6176, 762.3700, 18.0605
2025-11-24 20:58:49, 0.0892863179, 0.0899224932, 0.3089579128, 0.2184783986, 2819.8919, 2764.3243, 766.2000, 19.0966
2025-11-24 20:58:55, 0.1220518722, 0.0955685558, 0.1736710479, 0.2058095015, 2273.2273, 2288.8409, 764.4400, 19.9481
2025-11-24 20:59:01, 0.0586124479, 0.0722025301, 0.1139008391, 0.1208982006, 2256.6750, 2299.2750, 765.4200, 18.3734
2025-11-24 20:59:07, 0.1447671302, 0.1035228276, 0.1416958851, 0.1099891846, 2407.6176, 2305.0588, 762.1250, 17.7384
2025-11-24 20:59:12, 0.1133874605, 0.1064849585, 0.1363246762, 0.1175568485, 2386.3333, 2482.5952, 763.6800, 21.0192
2025-11-24 20:59:18, 0.1369617643, 0.1174805361, 0.1167162881, 0.1014769013, 2193.3500, 2224.5500, 764.3850, 18.7954
2025-11-24 20:59:24, 0.1373637969, 0.1020435307, 0.2607736755, 0.2736832368, 2301.1087, 2377.5000, 763.0800, 19.5623
2025-11-24 20:59:29, 0.1339042125, 0.0986499571, 0.1111043676, 0.1153892845, 2455.0488, 2355.8293, 758.8500, 18.4934
2025-11-24 20:59:35, 0.1423660036, 0.1195250685, 0.2571513848, 0.2151025092, 2770.7073, 2656.0244, 759.7500, 16.8576
2025-11-24 20:59:41, 0.1276026417, 0.1001278041, 0.1751500928, 0.1489065607, 2474.8409, 2442.4773, 761.5650, 18.1573
2025-11-24 20:59:46, 0.1307882477, 0.1114915998, 0.2164194677, 0.2296652822, 2365.9211, 2367.6316, 762.1700, 20.1284
2025-11-24 20:59:52, 0.1430420447, 0.1178983703, 0.1159046779, 0.0949388554, 2268.8462, 2306.9231, 759.8700, 19.2718
2025-11-24 20:59:58, 0.1183907115, 0.1090580705, 0.2222492821, 0.1987887673, 2233.2600, 2284.4600, 760.6400, 18.2472
2025-11-24 21:00:04, 0.1096766774, 0.1054606212, 0.2154853024, 0.1292535411, 2618.6562, 2504.5312, 759.3900, 17.3461
2025-11-24 21:00:09, 0.0776915715, 0.1084150817, 0.2615590259, 0.2501042326, 2506.3673, 2498.2245, 759.4950, 15.8562
2025-11-24 21:00:15, 0.0701533430, 0.0769128704, 0.1473105894, 0.1201849686, 2243.2642, 2275.3585, 757.8900, 18.7920
2025-11-24 21:00:21, 0.1074572165, 0.0965192080, 0.1716584250, 0.2647677321, 2337.4194, 2430.9032, 758.1700, 19.3768
2025-11-24 21:00:27, 0.0750353389, 0.1085608083, 0.1616011321, 0.2009471732, 2331.0000, 2350.8261, 757.3400, 20.1267
2025-11-24 21:00:32, 0.0806896715, 0.1004149616, 0.1329968781, 0.1609460661, 2347.7660, 2355.6170, 757.1750, 18.2152
2025-11-24 21:00:38, 0.0893032571, 0.1065797515, 0.1415064031, 0.1761796765, 2413.1111, 2450.2667, 755.9900, 16.8985
2025-11-24 21:00:44, 0.1740910294, 0.1129718711, 0.2894346097, 0.1735322672, 2678.5227, 2562.9091, 754.7250, 21.1346
2025-11-24 21:00:50, 0.1032000996, 0.1031553896, 0.1827026772, 0.1718990247, 2374.1864, 2320.4746, 756.0800, 17.8783
2025-11-24 21:00:55, 0.1009773056, 0.1354284504, 0.1842139850, 0.2435475261, 2607.1613, 2573.0645, 757.3400, 17.9896
2025-11-24 21:01:01, 0.0902275724, 0.0945443350, 0.2298191832, 0.1790846065, 2149.2308, 2117.8269, 755.1650, 19.4206
2025-11-24 21:01:07, 0.1026955954, 0.1112025546, 0.2457302357, 0.1960043424, 2562.1489, 2560.6596, 756.2450, 17.6625
2025-11-24 21:01:13, 0.1117460102, 0.1331216996, 0.0939589160, 0.0894092796, 2349.3158, 2367.3158, 755.2300, 18.3158
2025-11-24 21:01:19, 0.0885312905, 0.0902837706, 0.2061949704, 0.1370270960, 1927.3469, 1896.1837, 755.3400, 18.7455
2025-11-24 21:01:24, 0.1198248383, 0.0915296517, 0.1912558143, 0.2003532842, 2223.2821, 2163.9487, 755.7600, 18.7796
2025-11-24 21:01:30, 0.1266984037, 0.1158629630, 0.1238422966, 0.0935814798, 2333.9778, 2225.4889, 761.8250, 17.8330
2025-11-24 21:01:36, 0.1050566717, 0.0672083538, 0.2689808833, 0.2486202206, 2403.9762, 2396.3571, 758.1350, 18.2123
2025-11-24 21:01:41, 0.1075320274, 0.0874615556, 0.1693506404, 0.1537485252, 2680.9302, 2659.9535, 758.8950, 17.8450
2025-11-24 21:01:47, 0.1059910086, 0.1023415112, 0.2535855686, 0.2520543461, 2631.0000, 2689.2667, 759.8250, 19.7394
2025-11-24 21:01:53, 0.1043472810, 0.1178307940, 0.2234712262, 0.1822643067, 2281.3636, 2301.0455, 762.4800, 16.6598
2025-11-24 21:01:59, 0.1261675346, 0.1185018941, 0.1637175826, 0.2180869303, 2230.5294, 2221.7647, 763.7250, 18.1080
2025-11-24 21:02:05, 0.0944292169, 0.1360749506, 0.2571937203, 0.1942819542, 2579.6400, 2462.1800, 762.1800, 16.4769
2025-11-24 21:02:10, 0.1054258540, 0.0957819526, 0.2122137658, 0.1868437397, 2639.5814, 2588.4419, 763.8100, 18.0700
2025-11-24 21:02:16, 0.1191640401, 0.1033226622, 0.1865047225, 0.1693340168, 2609.7297, 2513.5676, 762.7300, 17.3213
2025-11-24 21:02:22, 0.1064868878, 0.0968145454, 0.1423975227, 0.1279206589, 2278.7297, 2252.9730, 761.0750, 16.7472
2025-11-24 21:02:28, 0.1215917349, 0.0897306596, 0.2678427220, 0.2447771913, 2508.7200, 2510.7000, 762.9900, 17.5704
2025-11-24 21:02:33, 0.0734221097, 0.0929789620, 0.2026343927, 0.2157918999, 2303.4872, 2315.7692, 761.9750, 16.7288
2025-11-24 21:02:39, 0.1208393657, 0.0998193545, 0.2360324985, 0.1577821137, 2382.0930, 2369.5814, 760.4500, 18.8605
2025-11-24 21:02:45, 0.0949234709, 0.1099126791, 0.1073892907, 0.1371979876, 2406.9318, 2467.7045, 762.0350, 16.9403
2025-11-24 21:02:51, 0.1461103040, 0.1255391742, 0.2199058077, 0.1904506228, 2240.6200, 2284.6800, 761.9700, 18.5432
2025-11-24 21:02:56, 0.1301248070, 0.0931050737, 0.1611693363, 0.1501460394, 2579.7714, 2537.8286, 761.1050, 18.3974
2025-11-24 21:03:02, 0.1525516979, 0.1313853656, 0.1746554607, 0.1408365375, 2418.2188, 2369.5000, 764.2750, 16.6787
2025-11-24 21:03:08, 0.1134539351, 0.1551080183, 0.1437376013, 0.1088844047, 2376.5000, 2367.6296, 760.8550, 18.0059
2025-11-24 21:03:13, 0.1094508608, 0.1116073117, 0.1795902592, 0.1283511352, 2309.4500, 2273.8750, 762.9100, 16.6476
2025-11-24 21:03:19, 0.1222461623, 0.1547787969, 0.2593210178, 0.2325065442, 2495.7308, 2566.5192, 763.6600, 18.1784
2025-11-24 21:03:25, 0.0966942699, 0.0810186981, 0.1281441336, 0.1296632273, 2290.5510, 2287.5714, 758.7200, 17.9667
2025-11-24 21:03:30, 0.0795230207, 0.0938032485, 0.2987107283, 0.2434660172, 2530.3333, 2562.4314, 762.5050, 18.3682
2025-11-24 21:03:36, 0.1136246583, 0.1254003430, 0.1728919282, 0.1783773749, 2399.0769, 2466.7692, 764.0500, 17.7406
2025-11-24 21:03:42, 0.0923208985, 0.1112975802, 0.5161662528, 0.6098059897, 2487.9512, 2672.6341, 761.2500, 18.6772
2025-11-24 21:03:48, 0.1094596853, 0.0786047516, 0.1614287638, 0.1662120482, 2222.6667, 2303.6667, 762.0550, 20.1122
2025-11-24 21:03:53, 0.0854386628, 0.1048840014, 0.1902262994, 0.2019974170, 2602.7297, 2706.9459, 760.4200, 18.8665
2025-11-24 21:03:59, 0.0659166317, 0.0887687268, 0.2496543744, 0.2713639848, 2429.5952, 2369.8333, 762.7900, 17.0794
2025-11-24 21:04:04, 0.0941746859, 0.0831603089, 0.1807824371, 0.1508738657, 2625.2553, 2588.2766, 762.7000, 18.9932
2025-11-24 21:04:10, 0.0972687864, 0.0954898148, 0.1509521707, 0.1364188740, 2144.6304, 2076.6304, 765.2400, 17.5192
2025-11-24 21:04:16, 0.1215692793, 0.1515971739, 0.0878596600, 0.1089531559, 2415.7857, 2451.9048, 758.4250, 18.4444
2025-11-24 21:04:22, 0.1059046679, 0.1083467234, 0.1072611914, 0.1247278701, 2217.0323, 2198.3226, 760.7500, 18.3319
2025-11-24 21:04:27, 0.1193347270, 0.0916619358, 0.1705834592, 0.1808351785, 2445.2982, 2465.0526, 761.3700, 16.4068
2025-11-24 21:04:33, 0.1001381815, 0.1117065718, 0.1951268296, 0.2566471764, 2554.4103, 2606.7436, 760.2000, 17.0053
2025-11-24 21:04:39, 0.1296925233, 0.1271169092, 0.1968642810, 0.2136869813, 2373.7778, 2374.9333, 763.8050, 17.4802
2025-11-24 21:04:45, 0.0693822839, 0.1001639272, 0.1420910706, 0.1513006939, 2372.6875, 2480.0833, 760.5600, 18.8843
2025-11-24 21:04:50, 0.1056738934, 0.0946361713, 0.1467806269, 0.1418328343, 2643.6923, 2641.8974, 766.3600, 17.6338
2025-11-24 21:04:56, 0.1188833185, 0.1215685858, 0.1133387749, 0.1457416432, 2207.9667, 2239.1000, 762.9500, 16.8264
2025-11-24 21:05:02, 0.0977573317, 0.1008211354, 0.1686206324, 0.1440904331, 2328.6744, 2236.3256, 765.3850, 17.7154
2025-11-24 21:05:07, 0.1496307930, 0.1249982293, 0.2970042128, 0.3548421937, 2645.5238, 2697.5952, 763.1250, 17.4132
2025-11-24 21:05:13, 0.1093940838, 0.1155610945, 0.2067172186, 0.2549186558, 2289.5250, 2363.5250, 763.0700, 16.4820
2025-11-24 21:05:19, 0.1352210431, 0.0799486643, 0.1585542086, 0.1338657830, 2302.9545, 2364.2727, 767.0650, 21.2295
2025-11-24 21:05:25, 0.1019935787, 0.1043175536, 0.2376861280, 0.1787714113, 2326.8205, 2267.3846, 767.4700, 18.7715
2025-11-24 21:05:30, 0.1008955969, 0.1003971608, 0.2679239288, 0.2244545499, 2581.2432, 2567.2973, 766.9950, 19.6925
2025-11-24 21:05:36, 0.0903636776, 0.0964841314, 0.2597939604, 0.1650913802, 2192.2000, 2131.4000, 763.8850, 19.7426
2025-11-24 21:05:41, 0.0958632500, 0.0975197381, 0.2103756911, 0.1614751041, 2204.8478, 2155.1304, 765.5050, 20.1569
2025-11-24 21:05:47, 0.1075354352, 0.1068867674, 0.1974045307, 0.1949214540, 2411.4390, 2443.5610, 760.3100, 19.3880
2025-11-24 21:05:53, 0.0851020957, 0.1002559707, 0.1850504625, 0.1501886872, 2095.0294, 2145.4412, 761.1550, 19.5090
2025-11-24 21:05:59, 0.1187060239, 0.0975201006, 0.2158879020, 0.2105698020, 2657.2500, 2561.9722, 761.2100, 17.6022
2025-11-24 21:06:04, 0.0901499996, 0.1172835294, 0.1742931178, 0.1936519119, 2510.9762, 2527.1905, 762.5100, 20.2734
2025-11-24 21:06:10, 0.0979719291, 0.0929896218, 0.2335310314, 0.2327601906, 2358.9787, 2410.8085, 763.0850, 19.7017
2025-11-24 21:06:16, 0.0917188326, 0.0848944270, 0.2821174106, 0.2317883778, 2407.5455, 2491.7879, 762.4750, 21.6977
2025-11-24 21:06:22, 0.1100037786, 0.1011916093, 0.1775630736, 0.2325596175, 2607.8421, 2737.2368, 763.6650, 19.3841
2025-11-24 21:06:27, 0.1031199809, 0.0912385253, 0.2111066954, 0.2906230703, 2093.8409, 2219.2273, 762.9700, 20.6012
2025-11-24 21:06:33, 0.1004949189, 0.0794377639, 0.2700238134, 0.2378104060, 2320.2909, 2300.2182, 764.8300, 19.6876
2025-11-24 21:06:38, 0.1033674100, 0.0852907788, 0.1864443219, 0.2463390542, 2223.0976, 2247.1707, 764.4000, 19.1005
2025-11-24 21:06:44, 0.0799035797, 0.0771371606, 0.2016483252, 0.1527214918, 2384.2059, 2399.4412, 769.3150, 18.5663
2025-11-24 21:06:50, 0.0784831301, 0.0720753447, 0.2959027926, 0.2438083986, 2543.2500, 2603.7857, 768.4000, 20.3826
2025-11-24 21:06:55, 0.0991959632, 0.1190736290, 0.4061946877, 0.2852923302, 2446.2157, 2450.9608, 763.1950, 22.1049
2025-11-24 21:07:01, 0.1292610214, 0.1066349443, 0.1732894555, 0.1702854507, 2373.2326, 2310.2093, 766.2050, 18.9186
2025-11-24 21:07:07, 0.1089423297, 0.0707380438, 0.2932361071, 0.2605336580, 2590.1556, 2485.0222, 766.0150, 17.9846
2025-11-24 21:07:12, 0.0882929029, 0.0852608587, 0.2328614204, 0.2037388169, 2098.1500, 2108.0750, 762.9650, 18.5584
2025-11-24 21:07:18, 0.0984725897, 0.0733960310, 0.2194016329, 0.1742133357, 2294.8261, 2274.5652, 765.1000, 17.3853
2025-11-24 21:07:24, 0.0829992491, 0.1111633995, 0.1837504195, 0.1474816537, 2442.0588, 2446.6863, 765.7750, 17.7272
2025-11-24 21:07:30, 0.0879560985, 0.0832066235, 0.1264705305, 0.1312706399, 2105.7174, 2170.5000, 761.2450, 19.0679
2025-11-24 21:07:35, 0.1338859802, 0.0909773163, 0.3481319071, 0.2635764664, 2364.1190, 2386.0476, 763.7200, 18.5608
2025-11-24 21:07:41, 0.1209595522, 0.1459152328, 0.1391989171, 0.2617520101, 2663.0370, 2683.5556, 761.5200, 19.4247
2025-11-24 21:07:47, 0.1050163217, 0.1301996672, 0.2210320625, 0.1972657812, 2148.0244, 2075.8049, 762.1450, 20.1113
2025-11-24 21:07:52, 0.1224138589, 0.1171209683, 0.2156710121, 0.2102464905, 2134.3636, 2102.0682, 762.0550, 18.5022
2025-11-24 21:07:58, 0.1237928735, 0.1081759374, 0.1250242395, 0.1257434642, 2037.8158, 2036.3158, 764.0900, 17.9931
2025-11-24 21:08:04, 0.0934527679, 0.1371676775, 0.2832759268, 0.2591293463, 2372.1500, 2266.1500, 760.9550, 17.8360
2025-11-24 21:08:09, 0.0774460686, 0.0794114142, 0.1819456632, 0.1953297379, 2253.9062, 2422.6562, 761.7350, 16.4069
2025-11-24 21:08:15, 0.1071660061, 0.1134074726, 0.2697612070, 0.1695119447, 2321.6889, 2210.0000, 760.9300, 20.1498
2025-11-24 21:08:21, 0.0832557812, 0.0907848977, 0.2853791646, 0.2412939924, 2547.2500, 2512.9318, 762.8800, 20.4266
2025-11-24 21:08:27, 0.0782246729, 0.0968284033, 0.2221683181, 0.2010927604, 2196.2391, 2216.0652, 759.2600, 17.4637
2025-11-24 21:08:32, 0.0959785990, 0.0998455807, 0.2953740180, 0.1878629084, 2240.4286, 2206.4857, 759.1700, 18.2343
2025-11-24 21:08:38, 0.0768477026, 0.0816134614, 0.1093546606, 0.1342629574, 2346.6000, 2336.8500, 759.0200, 18.5620
2025-11-24 21:08:44, 0.1344610600, 0.1006574703, 0.1184220525, 0.0864877505, 2341.3125, 2276.1875, 760.1250, 18.8276
2025-11-24 21:08:49, 0.1263669123, 0.0659409317, 0.1084028955, 0.1246082068, 1815.6341, 1829.7805, 762.6900, 18.1910
2025-11-24 21:08:55, 0.0926969539, 0.1081862152, 0.1307079198, 0.1119637952, 1954.0000, 1844.1224, 763.6750, 18.7168
2025-11-24 21:09:01, 0.1072412820, 0.1076977008, 0.1814935825, 0.1543603810, 1962.2353, 1980.2157, 760.3300, 15.8004
2025-11-24 21:09:07, 0.1172477167, 0.1170682187, 0.2231102858, 0.2353523706, 2270.4262, 2201.1967, 761.6400, 17.3116
2025-11-24 21:09:12, 0.0984380044, 0.1150391548, 0.1651194831, 0.1683588090, 2179.3191, 2181.8511, 760.5700, 18.1597
2025-11-24 21:09:18, 0.1141479112, 0.0985232278, 0.2278943580, 0.2495662036, 2418.7750, 2393.8500, 761.0300, 17.4608
2025-11-24 21:09:24, 0.1164227072, 0.0898977888, 0.3180498859, 0.2481930894, 2341.8163, 2311.9796, 763.7150, 16.5733
2025-11-24 21:09:30, 0.0809270932, 0.0915553543, 0.1653721102, 0.1291416166, 2435.3750, 2374.9000, 762.5600, 17.7346
2025-11-24 21:09:36, 0.1092846363, 0.0997684078, 0.1979477419, 0.1502363535, 2310.8947, 2230.0526, 765.7150, 17.2416
2025-11-24 21:09:42, 0.0793203824, 0.1003166427, 0.2395614624, 0.3030986100, 2305.8049, 2422.6585, 766.7800, 15.8235
2025-11-24 21:09:47, 0.0984561423, 0.0744232183, 0.1187795064, 0.1209725411, 2303.4722, 2307.4167, 761.8550, 19.9157
2025-11-24 21:09:53, 0.0990931274, 0.0696725064, 0.3077211912, 0.2780945775, 2270.0000, 2219.4211, 762.3750, 18.5595
2025-11-24 21:09:58, 0.1043050559, 0.1049212843, 0.1343142022, 0.1489604122, 2098.5686, 2105.4902, 761.2600, 18.3851
2025-11-24 21:10:04, 0.1062310217, 0.0991879539, 0.2103923406, 0.1470041282, 2048.3462, 2000.5000, 764.9950, 20.6810
2025-11-24 21:10:10, 0.1109986514, 0.1024020456, 0.2273595381, 0.1610703355, 1967.1395, 1923.7907, 762.7100, 18.8991
2025-11-24 21:10:16, 0.1176165727, 0.0855047303, 0.1035116206, 0.1024837781, 1630.9756, 1617.4390, 764.3300, 19.9414
2025-11-24 21:10:21, 0.1215235554, 0.1131526670, 0.1185442507, 0.0811858687, 1768.1923, 1727.5769, 763.0500, 20.6760
2025-11-24 21:10:27, 0.1373744873, 0.0905336468, 0.0380602285, 0.0357454137, 1227.0000, 1218.5370, 763.8200, 18.6820
2025-11-24 21:10:33, 0.0920211536, 0.1142674588, 0.0234421770, 0.0281875969, 1063.9355, 1058.8548, 778.3600, 21.5537
2025-11-24 21:10:39, 0.0329428931, 0.0582126455, 0.0127424385, 0.0110643394, 970.9265, 957.4853, 763.1450, 18.0265
2025-11-24 21:10:45, 0.0090689629, 0.0029416264, 0.0047630315, 0.0066549937, 885.1667, 888.5000, 763.0600, 20.2735
2025-11-24 21:10:50, 0.0060138990, 0.0021902362, 0.0048416577, 0.0027833884, 864.9167, 839.4375, 763.9650, 19.7976
2025-11-24 21:10:56, 0.0084184754, 0.0026785957, 0.0061863654, 0.0059072264, 871.0732, 847.4146, 763.0850, 19.7486
2025-11-24 21:11:02, 0.0073308658, 0.0057439821, 0.0145356673, 0.0079420793, 847.7407, 833.9259, 765.9650, 17.9090
2025-11-24 21:11:07, 0.0075299658, 0.0035605858, 0.0183718255, 0.0071893657, 794.9444, 813.8333, 763.1300, 19.2401
2025-11-24 21:11:13, 0.0022178090, 0.0008232997, 0.0655944108, 0.0172406167, 656.0000, 744.1818, 763.7650, 20.5942
2025-11-24 21:11:19, 0.0019497531, 0.0008413161, 0.0268286437, 0.0358884942, 685.2222, 717.8889, 767.5400, 18.6547
