timestamp_UT, r0_L, r0_T, scint_L, scint_R, mean_counts_L, mean_counts_R, bg_flux_mean, bg_flux_std
2025-12-10 17:29:57, 0.0028731774, 0.0057279843, 0.1587493337, 0.0649124687, 1063.5990, 1324.9740, 2101.1800, 45.0523
2025-12-10 17:30:03, 0.0026698117, 0.0030644037, 0.1435987140, 0.0706231172, 1026.5426, 1277.7181, 2077.7850, 40.5925
2025-12-10 17:30:09, 0.0131447050, 0.0066477814, 0.0925502887, 0.1104004734, 3686.0000, 3728.9853, 2109.3300, 44.2684
2025-12-10 17:30:16, 0.0226936734, 0.0344327558, 0.1300649104, 0.1385904893, 4067.8696, 4161.0000, 2078.5700, 43.4774
2025-12-10 17:30:22, 0.0211606581, 0.0649820313, 0.1085693632, 0.1024666474, 3745.1892, 3666.0676, 2043.1900, 42.6138
2025-12-10 17:30:29, 0.0605333313, 0.0754858298, 0.1472796346, 0.1082806464, 3732.1636, 3602.4909, 2015.8300, 43.5826
2025-12-10 17:30:35, 0.0299694907, 0.0179838595, 0.1228573214, 0.1514877794, 3833.4483, 3881.3276, 1990.1900, 42.0290
2025-12-10 17:30:41, 0.0169864944, 0.0190111594, 0.2428053910, 0.2443099969, 4007.1111, 4011.7937, 1963.3600, 35.1001
2025-12-10 17:30:47, 0.0476758072, 0.0393403357, 0.1103562797, 0.0958782666, 3619.8571, 3569.8413, 1928.9500, 42.5748
2025-12-10 17:30:53, 0.0386215524, 0.0047643193, 0.1415018874, 0.1129914852, 4123.7538, 4037.3231, 1909.0650, 40.4170
2025-12-10 17:30:59, 0.0682879550, 0.0879181587, 0.1378063516, 0.1672448350, 3601.7846, 3612.3538, 1875.0750, 42.8480
2025-12-10 17:31:05, 0.0597965487, 0.0039592144, 0.1083040382, 0.0886518076, 3509.0741, 3458.6481, 1855.2800, 38.0154
2025-12-10 17:31:11, 0.0330292243, 0.0734912617, 0.1404241144, 0.1341572151, 3706.3333, 3741.1200, 1821.5950, 40.0293
2025-12-10 17:31:18, 0.0150006060, 0.0502958948, 0.1324730439, 0.1760447639, 3604.7018, 3557.8596, 1803.4750, 39.4141
2025-12-10 17:31:24, 0.0493511130, 0.0240318229, 0.2979877915, 0.2610322008, 3999.8060, 4007.1493, 1779.4400, 39.1679
2025-12-10 17:31:30, 0.0782806922, 0.0924763462, 0.2078337202, 0.1998153727, 3889.7843, 3814.9412, 1752.8700, 36.4618
2025-12-10 17:31:36, 0.0593101022, 0.0765925554, 0.1143378623, 0.1139400658, 3580.3662, 3671.0282, 1731.8400, 39.3763
2025-12-10 17:31:42, 0.0827025460, 0.0947230768, 0.1542596534, 0.1325115747, 3694.5909, 3697.4697, 1714.7200, 39.9644
2025-12-10 17:31:48, 0.0954857685, 0.0704457912, 0.0993507607, 0.1124244181, 3548.5424, 3624.4407, 1685.2750, 40.0931
2025-12-10 17:31:54, 0.0954506066, 0.1023406654, 0.1602170355, 0.1359824128, 3504.6964, 3541.9643, 1670.2950, 40.9684
2025-12-10 17:32:00, 0.0515599316, 0.0610756076, 0.1215544655, 0.1742279462, 3350.6290, 3416.7419, 1645.7900, 36.6772
2025-12-10 17:32:06, 0.0253852738, 0.0647957196, 0.1962274440, 0.1447857829, 3540.2667, 3379.4667, 1628.2250, 38.4781
2025-12-10 17:32:12, 0.0306900073, 0.0220173382, 0.1224088206, 0.1195852744, 3358.2593, 3311.6111, 1601.7600, 39.4281
2025-12-10 17:32:18, 0.0763607797, 0.0809055932, 0.1840020249, 0.2356503233, 3418.9818, 3444.4909, 1585.2950, 36.6198
2025-12-10 17:32:25, 0.0422356723, 0.0561636564, 0.1295533197, 0.1292458443, 3022.3750, 3045.6964, 1565.3400, 36.2172
2025-12-10 17:32:31, 0.0239481412, 0.0047621850, 0.1409509931, 0.1324650085, 3465.8594, 3411.6719, 1542.7250, 37.8981
2025-12-10 17:32:37, 0.1043049118, 0.1003151473, 0.2157824462, 0.1554207653, 3751.0351, 3656.8246, 1533.1700, 35.9082
2025-12-10 17:32:43, 0.0320016664, 0.0206751715, 0.1612138077, 0.1739541224, 3390.6290, 3476.5161, 1514.6500, 32.8080
2025-12-10 17:32:49, 0.1087144343, 0.1186754192, 0.1223127439, 0.1387639504, 3171.6032, 3186.7302, 1496.0000, 32.7458
2025-12-10 17:32:55, 0.1011962015, 0.1102465548, 0.1020665084, 0.0977529695, 3368.2885, 3451.8269, 1474.6400, 36.4810
2025-12-10 17:33:01, 0.0992844651, 0.1307022223, 0.1551341154, 0.1332354246, 3609.4898, 3633.9592, 1456.0450, 33.4618
2025-12-10 17:33:07, 0.0936381588, 0.1313128046, 0.1436754740, 0.1515968400, 3083.4717, 3054.4528, 1443.4750, 34.4122
2025-12-10 17:33:13, 0.1083621088, 0.0870238497, 0.1504658324, 0.1399549387, 3388.8833, 3449.9000, 1422.0450, 34.0576
2025-12-10 17:33:19, 0.0891599207, 0.1072735380, 0.1303370263, 0.1592927613, 3394.6102, 3466.6102, 1402.2900, 32.7273
2025-12-10 17:33:26, 0.0932507634, 0.0922418633, 0.1357729960, 0.1175720654, 3239.9153, 3226.6271, 1389.9800, 33.6149
2025-12-10 17:33:32, 0.0936345823, 0.1048435618, 0.1295584402, 0.1562238301, 2992.0702, 3020.2456, 1373.1800, 32.5774
2025-12-10 17:33:38, 0.0841560848, 0.0839103579, 0.1777558073, 0.1645276876, 3741.1509, 3782.5660, 1362.5700, 31.9209
2025-12-10 17:33:44, 0.0958217586, 0.0830655705, 0.1607039632, 0.1779584778, 3510.0980, 3441.3137, 1346.8050, 33.5869
2025-12-10 17:33:50, 0.0667908265, 0.0734535063, 0.1127318963, 0.1241753800, 3096.6379, 3169.6207, 1329.1000, 29.8565
2025-12-10 17:33:56, 0.0881089971, 0.0946366581, 0.1975100423, 0.1578931273, 3061.6667, 2982.5098, 1324.9500, 33.1273
2025-12-10 17:34:02, 0.0932202176, 0.1418680667, 0.0917881077, 0.0759604457, 3109.9057, 3027.7925, 1311.2950, 31.2754
2025-12-10 17:34:08, 0.0881367637, 0.0911809863, 0.2020460302, 0.2076485261, 3533.7719, 3398.7895, 1295.0300, 30.3942
2025-12-10 17:34:14, 0.0579895359, 0.0834047950, 0.1529662399, 0.1696840373, 3196.7679, 3240.1786, 1284.3750, 32.5936
2025-12-10 17:34:20, 0.0669065341, 0.0848999929, 0.1957718716, 0.1468380783, 3224.8852, 3169.5574, 1272.7600, 31.5078
2025-12-10 17:34:26, 0.0773376194, 0.0816369671, 0.1451316885, 0.1167468591, 3083.7037, 3082.5370, 1263.5100, 27.1455
2025-12-10 17:34:32, 0.0721973131, 0.0748269391, 0.1281373431, 0.1177490293, 2810.1311, 2801.0000, 1250.1200, 29.5033
2025-12-10 17:34:39, 0.0850049408, 0.0834292204, 0.2587706526, 0.1731830687, 3171.6552, 3134.8621, 1235.5350, 33.1083
2025-12-10 17:34:45, 0.0632865901, 0.0697763592, 0.2272777269, 0.2235326448, 3043.9846, 2969.4000, 1222.7200, 31.5649
2025-12-10 17:34:51, 0.0606577489, 0.0490822291, 0.1469689862, 0.1135422656, 2975.7321, 2944.0179, 1212.8150, 29.6931
2025-12-10 17:34:57, 0.0671365637, 0.0489924026, 0.1637872641, 0.1528887827, 3301.4746, 3285.8136, 1197.0600, 28.2095
2025-12-10 17:35:03, 0.0814585567, 0.0699500713, 0.3067975831, 0.3099602212, 3339.6000, 3398.1455, 1191.3750, 28.5871
2025-12-10 17:35:09, 0.0688883925, 0.0775314753, 0.1036499257, 0.1107971024, 2930.5319, 2974.5745, 1179.3300, 26.9954
2025-12-10 17:35:15, 0.0662116589, 0.0680055023, 0.1824263348, 0.1876021781, 3143.8406, 3175.7246, 1169.3800, 26.4518
2025-12-10 17:35:21, 0.0540054602, 0.0511979433, 0.1991619944, 0.1911436045, 3406.0962, 3341.7692, 1159.5350, 26.7864
2025-12-10 17:35:27, 0.1084654378, 0.0829572527, 0.1805821807, 0.1421283710, 3174.6000, 3087.4222, 1151.3800, 27.4746
2025-12-10 17:35:33, 0.0668103920, 0.0657130977, 0.1208499509, 0.1393452969, 2897.7895, 2871.0351, 1141.2700, 27.9007
2025-12-10 17:35:39, 0.0867140129, 0.0991136919, 0.1026332440, 0.1365733398, 2777.1404, 2840.5789, 1133.6700, 26.5974
2025-12-10 17:35:46, 0.0596429896, 0.0893393240, 0.1399423071, 0.1367296416, 3200.8571, 3134.1111, 1122.5000, 24.4941
2025-12-10 17:35:52, 0.1047983433, 0.0994833638, 0.1125770131, 0.0999574838, 2995.7547, 3032.1698, 1110.7100, 24.8142
2025-12-10 17:35:58, 0.0894285764, 0.0775314683, 0.1911825566, 0.1859163448, 2765.5682, 2761.0682, 1101.7250, 24.7471
2025-12-10 17:36:04, 0.0925740099, 0.0910889066, 0.1656127782, 0.1387277133, 3407.4423, 3321.9808, 1096.7400, 26.0859
2025-12-10 17:36:10, 0.0855829264, 0.0751497021, 0.1802422384, 0.1681535619, 2939.9796, 2927.7755, 1083.0100, 28.6852
2025-12-10 17:36:16, 0.0162142096, 0.0068557954, 0.2315005922, 0.2045827138, 2726.5741, 2858.4074, 1076.3300, 26.7477
2025-12-10 17:36:22, 0.0684196070, 0.0834451476, 0.1892116981, 0.1650050270, 2986.9464, 3009.1071, 1070.5650, 26.1636
2025-12-10 17:36:28, 0.0898177983, 0.0777372732, 0.1356319878, 0.1316026394, 2903.0204, 2988.7551, 1061.6300, 26.7165
2025-12-10 17:36:34, 0.0707713427, 0.0563496372, 0.1722876585, 0.1804771521, 3228.4565, 3346.0217, 1051.8600, 23.7952
2025-12-10 17:36:40, 0.0769467444, 0.1010989627, 0.1507573534, 0.1417786215, 3169.8125, 3102.3333, 1046.9250, 24.8016
2025-12-10 17:36:46, 0.1117780826, 0.0809628751, 0.1656094293, 0.1930069337, 2948.2615, 2967.2000, 1037.7950, 24.6092
2025-12-10 17:36:53, 0.0836155727, 0.1007551509, 0.1811566513, 0.1231561878, 3381.0638, 3335.6596, 1035.0100, 24.6984
2025-12-10 17:36:59, 0.1141924316, 0.1271187077, 0.2300637895, 0.2302722888, 2913.4211, 2908.8596, 1021.2900, 24.3141
2025-12-10 17:37:05, 0.0805985454, 0.0936671599, 0.2186191589, 0.2005401978, 3171.6667, 3094.8421, 1016.4300, 24.7290
2025-12-10 17:37:11, 0.0884478208, 0.0870443925, 0.1984475422, 0.1903342854, 3284.2885, 3355.0962, 1012.7550, 25.2324
2025-12-10 17:37:17, 0.0866580968, 0.0903503658, 0.1147299608, 0.1083404854, 2733.2794, 2763.9412, 1004.9650, 25.5016
2025-12-10 17:37:23, 0.0824026078, 0.0601695973, 0.1499168420, 0.1998512856, 2657.7347, 2740.5102, 996.6500, 27.0985
2025-12-10 17:37:30, 0.0937606703, 0.0780945584, 0.1633073981, 0.1571405164, 2828.4717, 2818.4151, 994.2000, 22.5020
2025-12-10 17:37:36, 0.0660945104, 0.0923772560, 0.1369907834, 0.1324928608, 3115.1154, 3146.5577, 983.3100, 25.1136
2025-12-10 17:37:42, 0.0740644158, 0.0754268919, 0.2357568583, 0.1620749869, 2764.0000, 2805.5091, 978.1800, 24.7366
2025-12-10 17:37:48, 0.0981007608, 0.0890416868, 0.2333986922, 0.2475533844, 2949.6957, 3020.9130, 974.5300, 23.0790
2025-12-10 17:37:54, 0.0887212643, 0.1149852429, 0.1748437474, 0.1848019450, 2942.8571, 2894.6905, 970.8550, 23.1762
2025-12-10 17:38:00, 0.1047825227, 0.1082384046, 0.2141435507, 0.2176281859, 3128.1316, 3072.9868, 964.5100, 24.5650
2025-12-10 17:38:06, 0.1018732823, 0.1015757260, 0.3684316293, 0.3228521285, 3085.3833, 3132.5167, 960.3000, 24.4532
2025-12-10 17:38:12, 0.1174089214, 0.0808550121, 0.2593902808, 0.2569403515, 2694.8542, 2660.1458, 951.3750, 22.7303
2025-12-10 17:38:19, 0.0631421417, 0.0787162308, 0.1425349971, 0.1688891024, 2951.8689, 3031.0492, 949.5800, 22.3068
2025-12-10 17:38:25, 0.0548820097, 0.0685863812, 0.2032478401, 0.1730588334, 2993.3265, 3028.6531, 943.4300, 21.0460
2025-12-10 17:38:31, 0.0719938011, 0.0739118010, 0.1345173079, 0.1246795737, 2673.1915, 2733.9574, 935.4200, 25.0670
2025-12-10 17:38:37, 0.0733579191, 0.0857779741, 0.2212709472, 0.2402065128, 2847.3091, 2825.0364, 935.8050, 22.3704
2025-12-10 17:38:43, 0.0893263234, 0.0991478471, 0.1525121367, 0.1558421311, 2732.2245, 2776.9184, 927.5950, 22.5262
2025-12-10 17:38:50, 0.0162202839, 0.0467390215, 0.2208022466, 0.1813556989, 2514.1304, 2552.0217, 923.7400, 21.5811
2025-12-10 17:38:56, 0.0734575235, 0.0777368354, 0.1261036913, 0.1259824231, 2812.0833, 2802.1458, 925.0250, 22.3144
2025-12-10 17:39:02, 0.0764224964, 0.0781165784, 0.2031398295, 0.2333336885, 3051.3469, 3163.5714, 914.6050, 22.8041
2025-12-10 17:39:08, 0.0751265783, 0.0878977667, 0.2039493302, 0.2848857714, 2787.6071, 2829.7321, 917.4300, 22.2992
2025-12-10 17:39:14, 0.0853036866, 0.0813891566, 0.0894895496, 0.0895885330, 2873.3810, 2869.2381, 915.8800, 21.7358
2025-12-10 17:39:20, 0.0860728293, 0.0960467041, 0.2607137003, 0.2076781846, 3045.8627, 2936.4510, 910.4450, 20.4029
2025-12-10 17:39:26, 0.0881473570, 0.0702561952, 0.2143020382, 0.1712447974, 2818.6415, 2747.3585, 907.4250, 22.3380
2025-12-10 17:39:32, 0.0636099396, 0.0607399620, 0.2066522253, 0.2042097633, 2745.8039, 2674.7647, 899.7700, 21.4273
2025-12-10 17:39:38, 0.0883265336, 0.0906074274, 0.2066083412, 0.1872774959, 2753.3333, 2804.0526, 897.2950, 21.6960
2025-12-10 17:39:44, 0.0915980017, 0.0837755142, 0.1260921181, 0.1070898102, 3128.6863, 3074.8431, 895.8900, 21.6309
2025-12-10 17:39:51, 0.0636282326, 0.0651807906, 0.1947629596, 0.2122339402, 3070.2321, 3079.1786, 893.3400, 20.4104
2025-12-10 17:39:57, 0.0564619297, 0.0561753237, 0.1377147139, 0.1336289052, 2933.4186, 2866.5581, 889.5850, 20.5709
2025-12-10 17:40:03, 0.0706680644, 0.0757538813, 0.2571788484, 0.2232071943, 2970.0357, 2929.7857, 883.1050, 21.2072
2025-12-10 17:40:09, 0.0592522693, 0.0534706270, 0.2182777257, 0.2034451922, 2920.8684, 3006.5263, 879.3950, 23.5514
2025-12-10 17:40:15, 0.0580507810, 0.0887513569, 0.1792131785, 0.1303035788, 2708.8000, 2642.2250, 879.8100, 20.8388
2025-12-10 17:40:21, 0.0681044723, 0.0648769893, 0.1597261238, 0.1740085299, 2725.2105, 2797.4912, 873.6950, 19.8948
2025-12-10 17:40:27, 0.0826686238, 0.0918012864, 0.1392046190, 0.1791233265, 2644.1818, 2777.4545, 874.0650, 20.9609
2025-12-10 17:40:33, 0.0899640914, 0.0730010882, 0.1209118966, 0.1542947513, 2477.4750, 2565.1000, 871.5300, 22.4051
2025-12-10 17:40:39, 0.0914200140, 0.0848132520, 0.1151364720, 0.1370207358, 2273.0682, 2400.0227, 867.4850, 21.7697
2025-12-10 17:40:46, 0.0814527606, 0.0572916665, 0.2501356149, 0.2328277918, 2556.7297, 2569.5135, 865.8800, 20.4011
2025-12-10 17:40:52, 0.0595347460, 0.0688239436, 0.1641450899, 0.1871651973, 2817.0000, 2821.7963, 864.1250, 22.0570
2025-12-10 17:40:58, 0.0895511544, 0.0903379703, 0.1230968949, 0.1621072233, 2862.8409, 2881.4091, 863.0350, 20.8589
2025-12-10 17:41:04, 0.0670427900, 0.0646461570, 0.2989185954, 0.2975787612, 2861.1017, 2863.5424, 857.7000, 20.4922
2025-12-10 17:41:10, 0.0749672958, 0.0682944728, 0.2414994489, 0.2165707808, 2837.1087, 2879.6087, 859.0800, 22.1270
2025-12-10 17:41:16, 0.0640401433, 0.0659604696, 0.2289987987, 0.2137570787, 3252.0200, 3206.3800, 856.3800, 20.2150
2025-12-10 17:41:22, 0.0840713031, 0.0629886958, 0.1673815802, 0.1548906731, 2702.0638, 2815.1489, 853.0350, 23.3202
2025-12-10 17:41:28, 0.0721256596, 0.0814074661, 0.1674041615, 0.1623546400, 2421.6279, 2474.8837, 851.0800, 20.9173
2025-12-10 17:41:34, 0.0829085345, 0.0676858525, 0.3774676311, 0.3629622228, 2760.8444, 2796.3778, 851.0650, 19.7773
2025-12-10 17:41:40, 0.0771451172, 0.0802759153, 0.1894471391, 0.1783816358, 2717.0862, 2710.2069, 845.9350, 21.0995
2025-12-10 17:41:46, 0.0794489208, 0.0791684795, 0.1931525280, 0.1738462890, 2704.5686, 2701.7059, 844.3400, 20.8527
2025-12-10 17:41:52, 0.0673482406, 0.0714793576, 0.1792032726, 0.2451690962, 2183.9545, 2244.1818, 843.2850, 21.8012
2025-12-10 17:41:59, 0.0826704025, 0.0932434085, 0.3018613603, 0.2340481770, 3095.3269, 2938.1538, 839.1400, 20.0808
2025-12-10 17:42:05, 0.0784005455, 0.0543970184, 0.2060523497, 0.2034726852, 2547.2708, 2571.0000, 837.1800, 20.1910
2025-12-10 17:42:11, 0.0899361781, 0.0720598794, 0.2879092655, 0.2443741953, 2707.9318, 2793.7273, 832.4300, 20.9503
2025-12-10 17:42:17, 0.0600408182, 0.0707225684, 0.2378557539, 0.2678776760, 2767.5424, 2875.7288, 831.6750, 20.6031
2025-12-10 17:42:23, 0.0726786838, 0.0627346372, 0.3637753493, 0.2589861615, 2460.7636, 2511.3091, 832.9250, 20.2136
2025-12-10 17:42:30, 0.0943432314, 0.1161682959, 0.3552211282, 0.3152779434, 2924.4419, 2866.4419, 831.8400, 18.9374
2025-12-10 17:42:36, 0.0779356573, 0.0736063005, 0.3764653877, 0.2712692396, 2683.6613, 2634.6290, 829.4750, 19.3990
2025-12-10 17:42:42, 0.0913987312, 0.0880378673, 0.2279072492, 0.2101268551, 3212.7869, 3133.3770, 823.9200, 19.5434
2025-12-10 17:42:48, 0.0853071305, 0.0627676654, 0.2360481847, 0.2517974483, 2726.0500, 2771.3750, 821.6750, 20.5711
2025-12-10 17:42:54, 0.0773512258, 0.0810033528, 0.2051053654, 0.2035132320, 2505.2692, 2472.2500, 823.5100, 19.0604
2025-12-10 17:43:00, 0.0986927159, 0.1063858224, 0.3253749259, 0.3095773609, 2864.2941, 2886.2745, 826.1150, 19.1745
2025-12-10 17:43:06, 0.1171549892, 0.0820180074, 0.1070109310, 0.1053054082, 2427.7917, 2476.7917, 815.6100, 20.3258
2025-12-10 17:43:12, 0.0772667547, 0.0838861974, 0.2982112451, 0.2387806918, 2958.0222, 2873.2000, 813.6650, 17.8774
2025-12-10 17:43:18, 0.0298282062, 0.0172563274, 0.1664039318, 0.1834358725, 2709.8400, 2708.9600, 814.4700, 17.5391
2025-12-10 17:43:24, 0.0761060075, 0.1138045001, 0.2074733694, 0.2038017425, 3090.2692, 3112.9615, 815.1650, 21.0677
2025-12-10 17:43:30, 0.0746976901, 0.0744324862, 0.1818338024, 0.1800556323, 2465.3148, 2415.7593, 812.6300, 19.7849
2025-12-10 17:43:36, 0.0603202070, 0.0662104526, 0.1599535310, 0.1276748205, 2821.6000, 2597.7500, 813.5650, 19.8926
2025-12-10 17:43:42, 0.0762061226, 0.0577523160, 0.2877008210, 0.2471163191, 2906.7826, 2962.6304, 811.4700, 20.4188
2025-12-10 17:43:48, 0.0787276753, 0.1019793288, 0.1974757703, 0.1953884074, 2634.6000, 2731.8364, 808.3500, 19.9183
2025-12-10 17:43:54, 0.0751960545, 0.0928458852, 0.2095296140, 0.2332989459, 2938.9333, 2997.5111, 806.4950, 18.3210
2025-12-10 17:44:00, 0.1000851033, 0.0774930197, 0.2279505479, 0.2374564471, 2924.6429, 2946.0714, 807.8200, 19.5202
2025-12-10 17:44:06, 0.0615254835, 0.0726492839, 0.1634526887, 0.1563645805, 2608.5306, 2621.1837, 807.7250, 21.9180
2025-12-10 17:44:12, 0.0794915929, 0.0894831435, 0.3375522252, 0.2098628137, 2671.1731, 2599.9808, 804.0750, 19.5716
2025-12-10 17:44:18, 0.0693468449, 0.0988579393, 0.2811869971, 0.2943541367, 2613.6458, 2605.2083, 802.8300, 19.3326
2025-12-10 17:44:24, 0.0792600300, 0.0811550398, 0.2012791078, 0.2412844284, 2532.3953, 2580.6047, 800.6050, 18.8928
2025-12-10 17:44:31, 0.0701969858, 0.0775562701, 0.2563688438, 0.2544608487, 2514.9091, 2660.3091, 797.3800, 20.7645
2025-12-10 17:44:37, 0.0958718268, 0.0930645979, 0.1732547855, 0.1918695329, 2681.4889, 2770.2000, 799.6700, 20.7490
2025-12-10 17:44:43, 0.0900717890, 0.0944759799, 0.2604025810, 0.2878478098, 2751.4118, 2674.7647, 793.4300, 19.7875
2025-12-10 17:44:49, 0.1028327081, 0.0836480907, 0.1486642251, 0.1318691539, 2391.4286, 2463.5000, 793.0700, 19.0624
2025-12-10 17:44:55, 0.0855464854, 0.0895642191, 0.2447075683, 0.2508564671, 3131.4091, 3150.9318, 795.8350, 19.9617
2025-12-10 17:45:01, 0.0811906996, 0.0813518943, 0.2270926379, 0.2330292618, 2432.0408, 2480.4082, 798.1250, 18.5375
2025-12-10 17:45:07, 0.0639781148, 0.0594185299, 0.2223111253, 0.1761100608, 2335.3571, 2336.2857, 797.6300, 21.0055
2025-12-10 17:45:13, 0.0667625993, 0.0731219355, 0.2438006457, 0.2318970884, 2726.5000, 2740.2692, 798.6200, 19.8911
2025-12-10 17:45:19, 0.0883365351, 0.0586785867, 0.1778870188, 0.1237787610, 2545.8302, 2475.7736, 796.8750, 19.9068
2025-12-10 17:45:25, 0.0704200163, 0.0828413150, 0.2091201781, 0.2101958884, 2967.7255, 2958.7843, 796.0400, 20.4174
2025-12-10 17:45:31, 0.0487680292, 0.0708307936, 0.1971537935, 0.2026241157, 2413.3934, 2475.2295, 792.4750, 19.8363
2025-12-10 17:45:37, 0.0660388023, 0.0692712820, 0.2647967511, 0.2788241745, 3037.1136, 2949.6136, 794.0150, 19.4585
2025-12-10 17:45:43, 0.0720611805, 0.0849287399, 0.1945319307, 0.2407845187, 2405.6458, 2439.5417, 794.0300, 20.7292
2025-12-10 17:45:49, 0.0744549449, 0.0641898217, 0.2492108525, 0.2538115253, 2675.5625, 2590.8333, 794.0200, 18.4326
2025-12-10 17:45:55, 0.0595488504, 0.0505387831, 0.2617049214, 0.1854452940, 2633.5556, 2587.0926, 794.4850, 19.4183
2025-12-10 17:46:01, 0.1158012062, 0.0885061811, 0.2042229677, 0.1895891189, 2542.8684, 2495.6579, 789.8300, 19.5223
2025-12-10 17:46:07, 0.1004008256, 0.0922600108, 0.1955801998, 0.1853832956, 2511.0851, 2576.3617, 788.2500, 19.6766
2025-12-10 17:46:13, 0.1143222163, 0.0880193996, 0.1702405546, 0.1808588277, 2680.5122, 2700.8293, 788.7250, 19.7535
2025-12-10 17:46:19, 0.1095385483, 0.1149418761, 0.3047293052, 0.2932449647, 2602.2045, 2633.5227, 789.3600, 19.7742
2025-12-10 17:46:25, 0.1180033615, 0.1156289072, 0.1728564307, 0.1707231096, 2896.8511, 2858.8298, 787.6300, 18.6567
2025-12-10 17:46:32, 0.1011874457, 0.0860433302, 0.1792137398, 0.1827506475, 2784.3913, 2790.4130, 790.6300, 17.4400
2025-12-10 17:46:38, 0.0966434140, 0.0945050265, 0.2325746994, 0.1461360176, 2542.7447, 2510.8936, 788.8150, 20.0485
2025-12-10 17:46:44, 0.0800233694, 0.1045655887, 0.2763472946, 0.2679383937, 3015.4412, 3013.0588, 790.3250, 18.0100
2025-12-10 17:46:50, 0.1551686758, 0.1238705856, 0.2493738695, 0.2295996481, 2688.6000, 2733.6667, 787.8800, 18.6600
2025-12-10 17:46:56, 0.1123494210, 0.0922081281, 0.2364461863, 0.2232018665, 2756.4262, 2641.7705, 785.3400, 18.4327
2025-12-10 17:47:02, 0.0656589472, 0.0672137357, 0.2490933317, 0.2009143286, 2413.1667, 2503.6111, 786.9800, 18.6842
2025-12-10 17:47:08, 0.1266644841, 0.1150855452, 0.2205736847, 0.1839577032, 2716.5102, 2704.5918, 787.1600, 19.2233
2025-12-10 17:47:14, 0.1034115069, 0.0982847441, 0.1876465563, 0.1562403823, 2829.6346, 2849.6731, 782.4750, 16.6283
2025-12-10 17:47:20, 0.0816107243, 0.0799553650, 0.1625141839, 0.1487274902, 2844.4082, 2770.8980, 784.2100, 19.7050
2025-12-10 17:47:26, 0.0837403359, 0.0805326946, 0.2580625974, 0.3349956161, 2522.1429, 2547.1667, 786.3950, 19.5059
2025-12-10 17:47:32, 0.0839594748, 0.0819259870, 0.2895853601, 0.3748685682, 2569.0545, 2682.2000, 778.9550, 19.7970
2025-12-10 17:47:38, 0.0624716671, 0.1065733467, 0.1335834023, 0.1592788676, 2476.6250, 2450.6458, 777.3950, 17.3366
2025-12-10 17:47:44, 0.0731085978, 0.0846747530, 0.1489162642, 0.1463207948, 2734.6458, 2766.0208, 781.2150, 18.4024
2025-12-10 17:47:50, 0.0894166754, 0.0941234120, 0.1125958441, 0.1072243628, 2347.2444, 2353.8444, 783.4750, 18.5771
2025-12-10 17:47:56, 0.0854534996, 0.1063069253, 0.2244485823, 0.2215936298, 2605.6346, 2624.0769, 778.0000, 19.7048
2025-12-10 17:48:02, 0.1243076155, 0.1002603381, 0.2328517695, 0.2164175109, 2589.1556, 2703.6889, 784.4350, 18.7762
2025-12-10 17:48:08, 0.0685510671, 0.0815731203, 0.2259651117, 0.1964620790, 2406.1250, 2452.7321, 784.2700, 17.6445
2025-12-10 17:48:14, 0.0642225680, 0.0802212209, 0.2761676198, 0.3748805164, 2591.8704, 2675.1852, 781.9300, 20.2362
2025-12-10 17:48:20, 0.0946697621, 0.0752447063, 0.1878593207, 0.2172026157, 2459.4359, 2475.4615, 782.5950, 17.8718
2025-12-10 17:48:26, 0.0851813921, 0.0864979229, 0.2155444965, 0.2065101246, 2511.3571, 2600.7857, 779.4150, 16.7801
2025-12-10 17:48:32, 0.1129034783, 0.0743603466, 0.3106999330, 0.2483863649, 3184.2889, 3173.2667, 783.1400, 20.0422
2025-12-10 17:48:39, 0.1223470023, 0.0801756154, 0.2050247151, 0.1711900647, 2740.2703, 2742.8919, 784.1000, 18.9895
2025-12-10 17:48:45, 0.0849282889, 0.0724926835, 0.3778328651, 0.3670193378, 2997.1481, 3084.8704, 780.9900, 18.4103
2025-12-10 17:48:51, 0.0866515333, 0.0686555230, 0.3097061875, 0.2593730400, 3373.3750, 3394.8929, 779.6200, 17.0278
2025-12-10 17:48:57, 0.0868810506, 0.0774255175, 0.2463332258, 0.2793204328, 2601.4130, 2607.2391, 781.9400, 18.2334
2025-12-10 17:49:03, 0.0927532228, 0.0772108098, 0.2770901055, 0.2486035515, 2809.9565, 2738.3913, 779.2500, 18.2958
2025-12-10 17:49:09, 0.0716998299, 0.0623198420, 0.1951945097, 0.2783656985, 2145.8148, 2255.7407, 777.1650, 18.8023
2025-12-10 17:49:15, 0.0738699605, 0.0636121054, 0.1815178346, 0.1697357070, 2333.0714, 2303.2857, 776.3500, 17.3530
2025-12-10 17:49:21, 0.0746053955, 0.0620489750, 0.1754065375, 0.1609243704, 2358.4468, 2357.3830, 776.4400, 17.9537
2025-12-10 17:49:27, 0.1101585998, 0.0956466793, 0.2560436487, 0.2266686418, 2985.0000, 2948.7000, 778.7150, 20.1691
2025-12-10 17:49:33, 0.1209242351, 0.0841182206, 0.5295921140, 0.3945161809, 3079.8600, 2951.7600, 779.0700, 19.0805
2025-12-10 17:49:39, 0.0967242538, 0.0924509942, 0.1250937276, 0.1024095381, 2400.7358, 2377.2453, 780.6450, 17.8460
2025-12-10 17:49:45, 0.0893829750, 0.1029382023, 0.3277344740, 0.2868092012, 2605.5455, 2682.4091, 779.6400, 17.9992
2025-12-10 17:49:51, 0.0788726066, 0.0862829774, 0.2900024140, 0.2598771119, 2917.9231, 2805.3590, 778.4950, 19.1666
2025-12-10 17:49:57, 0.0789043866, 0.0634626241, 0.3564539617, 0.2759449368, 2757.8696, 2700.5435, 779.9050, 19.2519
2025-12-10 17:50:03, 0.0785094421, 0.0848038636, 0.4913299528, 0.4063472640, 2700.5102, 2694.6327, 777.8350, 19.2642
2025-12-10 17:50:09, 0.0876911491, 0.1149364271, 0.2142952652, 0.1847744840, 2635.8537, 2740.6829, 778.3850, 17.7535
2025-12-10 17:50:16, 0.0993304251, 0.0975521018, 0.3035285774, 0.2706497406, 3045.5179, 2964.5000, 778.4100, 20.0303
2025-12-10 17:50:22, 0.0986355882, 0.0916515378, 0.2087914257, 0.1864552581, 2939.4909, 2922.8545, 778.7350, 19.5406
2025-12-10 17:50:28, 0.1089639028, 0.1081874098, 0.2344928644, 0.2941293322, 2567.3721, 2564.2326, 778.5050, 18.4608
2025-12-10 17:50:34, 0.0942276616, 0.0852746480, 0.2826253454, 0.2381895399, 2597.0000, 2610.3846, 777.3950, 19.0113
2025-12-10 17:50:40, 0.1130260547, 0.0829762082, 0.1374476745, 0.1467939612, 2625.4082, 2687.5102, 775.6350, 19.8470
2025-12-10 17:50:46, 0.1082502779, 0.0952542703, 0.2116560864, 0.1809688525, 2649.7209, 2567.5349, 776.5950, 19.3078
2025-12-10 17:50:52, 0.0857523675, 0.0825568139, 0.1739163623, 0.1525766250, 2929.5319, 2979.3617, 777.5450, 20.5523
2025-12-10 17:50:58, 0.1036203758, 0.0716928675, 0.3043528565, 0.2467456132, 2758.8718, 2743.9744, 774.4300, 18.8628
2025-12-10 17:51:04, 0.0703315910, 0.0764436427, 0.2714897955, 0.2445057816, 2565.6250, 2537.4286, 776.3300, 17.7851
2025-12-10 17:51:10, 0.0817003657, 0.0797671293, 0.3221803062, 0.4070839468, 2485.3469, 2641.7143, 773.7700, 17.2990
2025-12-10 17:51:17, 0.1112020538, 0.0883496718, 0.3096745830, 0.2899829359, 2586.7297, 2628.5946, 776.2300, 19.2839
2025-12-10 17:51:23, 0.1011425852, 0.0832107048, 0.2381419455, 0.1493522957, 2838.6111, 2634.8333, 775.5550, 19.0333
2025-12-10 17:51:28, 0.0666990408, 0.0860344541, 0.1390385628, 0.1832023476, 2418.5952, 2501.4048, 775.4650, 18.0759
2025-12-10 17:51:35, 0.1166893511, 0.0971923201, 0.2441748196, 0.1852175600, 2639.7805, 2554.5366, 772.1550, 19.5587
2025-12-10 17:51:40, 0.0749620933, 0.0607477825, 0.5017324041, 0.4826785320, 3045.8158, 2888.2368, 772.5100, 18.1124
2025-12-10 17:51:46, 0.0746554256, 0.0709630835, 0.1760286451, 0.1678599460, 2701.2075, 2720.5283, 773.0000, 20.2781
2025-12-10 17:51:53, 0.0763706569, 0.0838497759, 0.2183033805, 0.2121449350, 2976.0222, 2964.5333, 770.8450, 18.0011
2025-12-10 17:51:59, 0.0872065924, 0.0868022882, 0.3264700942, 0.3453501198, 2606.8750, 2694.1964, 772.7500, 18.1889
2025-12-10 17:52:05, 0.0751888107, 0.1010067563, 0.1452144407, 0.1935819509, 2771.9688, 2850.7188, 774.1300, 18.1575
2025-12-10 17:52:10, 0.0688700503, 0.0803182925, 0.3653276503, 0.2462993046, 3078.7021, 2869.3617, 772.8500, 18.0958
2025-12-10 17:52:16, 0.0880688999, 0.1238162233, 0.1858400032, 0.1764155469, 2989.6600, 2927.6200, 772.2900, 19.1955
2025-12-10 17:52:22, 0.0834501185, 0.0742958815, 0.2758623210, 0.2203766613, 2731.1837, 2710.4694, 769.7100, 19.3416
2025-12-10 17:52:28, 0.0700761335, 0.1268539975, 0.4212040999, 0.3213735811, 2840.4082, 2824.3265, 773.3050, 19.3285
2025-12-10 17:52:34, 0.0775262974, 0.0703463841, 0.2674618588, 0.2437321986, 2931.0000, 2925.9623, 774.9350, 18.4602
2025-12-10 17:52:40, 0.1022522650, 0.0743718922, 0.3185714013, 0.3761970501, 2840.8444, 2838.5556, 771.9400, 21.1749
2025-12-10 17:52:46, 0.1472176593, 0.1259079319, 0.5197383114, 0.3927161203, 3255.4000, 3107.7556, 772.6050, 18.3809
2025-12-10 17:52:52, 0.0675195854, 0.0651583950, 0.2621781020, 0.1945514600, 2458.9556, 2391.6222, 772.6250, 19.5001
2025-12-10 17:52:58, 0.1001055954, 0.0932023195, 0.2505306047, 0.2384302573, 2951.4800, 2912.2200, 770.9300, 17.9004
2025-12-10 17:53:04, 0.1030252718, 0.1046426973, 0.2994498358, 0.2809306553, 2598.1923, 2626.2115, 771.4500, 19.4871
2025-12-10 17:53:10, 0.1244237654, 0.1222401551, 0.2495160308, 0.2756416622, 2693.4561, 2695.7544, 775.0550, 18.6368
2025-12-10 17:53:16, 0.1049925670, 0.0965509909, 0.3077324861, 0.2743954254, 3057.5660, 2990.4906, 768.7050, 17.5994
2025-12-10 17:53:22, 0.0643673596, 0.0932719755, 0.5765134867, 0.3755979245, 2904.5849, 2885.1132, 770.4650, 17.2441
2025-12-10 17:53:28, 0.0959394546, 0.0771965998, 0.2648016803, 0.2259901412, 2745.9811, 2771.4528, 774.8550, 18.2358
2025-12-10 17:53:34, 0.0658626990, 0.1094009304, 0.3278085469, 0.3517555347, 2546.1020, 2579.5102, 767.9350, 18.2617
2025-12-10 17:53:40, 0.1077650606, 0.1004173524, 0.2572032392, 0.2294714121, 2765.3137, 2804.6863, 771.4800, 19.0767
2025-12-10 17:53:46, 0.1295456010, 0.0959852763, 0.1857552548, 0.1971178378, 2976.6000, 3039.7636, 766.1450, 17.8859
2025-12-10 17:53:52, 0.0664911138, 0.0576997151, 0.2102203904, 0.2289125809, 2240.9000, 2278.6600, 766.6800, 19.5094
2025-12-10 17:53:58, 0.0860034326, 0.0627675006, 0.5103927244, 0.5011688254, 2819.2295, 2795.3115, 769.1500, 17.5233
2025-12-10 17:54:04, 0.0898954771, 0.0874202625, 0.1809464797, 0.1309540728, 2427.9388, 2351.8367, 768.9500, 19.0236
2025-12-10 17:54:10, 0.0800081728, 0.0756475463, 0.2030888864, 0.1939969101, 2946.6200, 3060.4600, 770.1050, 18.6017
2025-12-10 17:54:16, 0.0891563996, 0.0813264260, 0.2506701863, 0.1818973213, 2949.2222, 2912.5556, 769.7900, 16.9135
2025-12-10 17:54:22, 0.0915087319, 0.0904080801, 0.1684533450, 0.2546681621, 2666.0789, 2813.7105, 768.7850, 18.4662
2025-12-10 17:54:28, 0.1090742588, 0.1302907268, 0.1608956073, 0.1493651785, 2391.4340, 2408.8679, 771.8700, 18.5955
2025-12-10 17:54:34, 0.0780113673, 0.0803071957, 0.1223607825, 0.1460913010, 2604.5000, 2585.6400, 768.3150, 19.2514
2025-12-10 17:54:40, 0.0748510972, 0.0940998187, 0.2362266895, 0.2076066196, 2592.4186, 2738.4186, 770.1000, 18.8499
2025-12-10 17:54:45, 0.0925817660, 0.0779586897, 0.2394571258, 0.1743470686, 2743.7556, 2727.3111, 769.2000, 19.7289
2025-12-10 17:54:52, 0.1020321192, 0.0843345499, 0.2855105985, 0.2236926989, 2826.4808, 2874.4808, 768.5500, 17.1880
2025-12-10 17:54:57, 0.0754370273, 0.0635622005, 0.1416502090, 0.1632637972, 2509.2609, 2703.1522, 768.3450, 16.1169
2025-12-10 17:55:04, 0.1126068442, 0.0861785993, 0.1572544793, 0.1590333384, 2635.1852, 2532.7778, 768.0000, 17.2427
2025-12-10 17:55:10, 0.0731854289, 0.0746892833, 0.3145061864, 0.2953968501, 2873.5952, 2857.2619, 767.5850, 19.4644
2025-12-10 17:55:16, 0.1031705134, 0.0818903900, 0.2212610835, 0.2209693351, 2904.5000, 2833.5714, 765.7600, 17.5061
2025-12-10 17:55:22, 0.1029039290, 0.0820352999, 0.2400012887, 0.2208606772, 2557.8780, 2619.6098, 768.8750, 16.1966
2025-12-10 17:55:27, 0.1426199843, 0.1193044514, 0.1136893350, 0.1293288938, 2901.2105, 2861.6842, 766.4300, 17.7253
2025-12-10 17:55:33, 0.0807837801, 0.1250603683, 0.1565958672, 0.1471619093, 2672.9565, 2762.3261, 766.3000, 19.1178
2025-12-10 17:55:39, 0.0825814819, 0.0853477974, 0.1819264586, 0.1305902530, 2782.8571, 2658.9796, 767.5750, 17.7951
2025-12-10 17:55:45, 0.1118776595, 0.1179832824, 0.1679878509, 0.1346180313, 2598.3571, 2502.5952, 767.7000, 19.4121
2025-12-10 17:55:51, 0.1044244466, 0.1011260702, 0.0940468668, 0.1750233064, 2502.0645, 2551.9032, 765.5150, 17.9377
2025-12-10 17:55:57, 0.0986406191, 0.1174999194, 0.1122669766, 0.1088396914, 2742.5789, 2909.3947, 766.9450, 16.8838
2025-12-10 17:56:03, 0.0944233260, 0.1115867898, 0.2517126167, 0.2225177949, 2864.7174, 2948.9348, 769.3250, 18.1862
2025-12-10 17:56:10, 0.0813273385, 0.0979623064, 0.1917550348, 0.1770354155, 3176.4524, 3201.5238, 769.1400, 20.1869
2025-12-10 17:56:15, 0.0746391403, 0.0593389572, 0.2477129610, 0.2373589524, 2873.8182, 2976.9545, 771.8050, 19.4822
2025-12-10 17:56:21, 0.0988099770, 0.0942278288, 0.2804411963, 0.2501407702, 2993.7222, 2943.4444, 769.0200, 18.3864
2025-12-10 17:56:27, 0.1084960007, 0.0800545435, 0.2752175371, 0.2558443768, 2795.4286, 2853.4821, 767.5000, 16.4180
2025-12-10 17:56:33, 0.1313734202, 0.0802721944, 0.1903461234, 0.1563420899, 2638.7800, 2588.0800, 767.5350, 18.7256
2025-12-10 17:56:39, 0.1084256994, 0.0868128289, 0.1011955489, 0.0998929216, 2694.4783, 2806.2826, 769.4550, 18.9132
2025-12-10 17:56:45, 0.1178480465, 0.1187383134, 0.3021565362, 0.2193436204, 2751.4340, 2736.3396, 765.2400, 18.9703
2025-12-10 17:56:51, 0.1293097390, 0.1182784585, 0.3001592356, 0.2901459991, 2577.6279, 2622.2326, 769.7000, 18.9491
2025-12-10 17:56:57, 0.1036643055, 0.1205879805, 0.2520131581, 0.1749802781, 2582.8947, 2538.3421, 768.3500, 17.4215
2025-12-10 17:57:03, 0.0723944832, 0.1201600521, 0.2276580266, 0.2092701514, 2462.6286, 2412.6000, 773.0600, 21.0999
2025-12-10 17:57:15, 0.0768474305, 0.1029721057, 0.1960544903, 0.2110537956, 3009.2174, 3074.3261, 773.3300, 19.0263
2025-12-10 17:57:20, 0.0663571511, 0.0878354792, 0.1831158711, 0.2029080006, 2763.1750, 2825.6500, 773.8400, 19.6889
2025-12-10 17:57:26, 0.1070249043, 0.0957817623, 0.3839050572, 0.3433680805, 3052.1333, 3108.3111, 772.6300, 20.7584
2025-12-10 17:57:32, 0.0888068023, 0.0921608557, 0.1614762262, 0.1666862562, 2369.6429, 2433.3571, 772.3050, 20.3794
2025-12-10 17:57:38, 0.0851721843, 0.0928112869, 0.1944707612, 0.1946980406, 2803.5500, 2771.9000, 772.5000, 19.7195
2025-12-10 17:57:44, 0.1016117897, 0.1238555722, 0.2592320716, 0.2307715563, 2769.8913, 2802.9348, 774.1500, 19.4979
2025-12-10 17:57:50, 0.0998479359, 0.0832462628, 0.1992743625, 0.1794189714, 2680.6897, 2603.1379, 774.3200, 18.9134
2025-12-10 17:57:56, 0.1414794202, 0.1065429892, 0.2632300238, 0.2466989366, 2900.5625, 2921.8542, 773.8000, 18.3665
2025-12-10 17:58:02, 0.1142211289, 0.0967923467, 0.2947841991, 0.2439956803, 2908.5192, 2963.7500, 773.5450, 19.2410
2025-12-10 17:58:08, 0.1169523588, 0.1307367975, 0.2356924835, 0.2235854808, 3027.1111, 3139.6000, 773.4300, 19.5667
2025-12-10 17:58:13, 0.1143764120, 0.1178276625, 0.1995394519, 0.1409943080, 2898.3137, 2754.8824, 772.4650, 21.7338
2025-12-10 17:58:19, 0.1300512491, 0.1295265177, 0.1602344994, 0.1444147872, 2460.3878, 2459.2041, 768.9150, 18.9206
2025-12-10 17:58:25, 0.1265258220, 0.1110038456, 0.1973864807, 0.1918072672, 2985.8723, 3020.4468, 776.2050, 23.8427
2025-12-10 17:58:31, 0.1216833124, 0.0708727990, 0.2230394050, 0.1910115042, 2572.7292, 2543.5417, 775.7450, 21.8046
2025-12-10 17:58:37, 0.1010258655, 0.0946007495, 0.2145777264, 0.1709733568, 2896.4146, 2809.6341, 768.5850, 20.1215
2025-12-10 17:58:43, 0.1032597316, 0.1131420659, 0.1388212583, 0.1354010749, 2636.0000, 2727.0417, 770.2800, 22.3670
2025-12-10 17:58:49, 0.1216302665, 0.1108412097, 0.1956810213, 0.1808634445, 2787.0789, 2759.2895, 770.2500, 22.3136
2025-12-10 17:58:55, 0.0842466006, 0.0777266075, 0.2000501655, 0.1577603195, 2986.5333, 2953.6444, 768.5750, 19.7440
2025-12-10 17:59:01, 0.0942327656, 0.0900895959, 0.1509432733, 0.1458933233, 2984.5763, 2982.5085, 764.8750, 19.4396
2025-12-10 17:59:07, 0.1109173292, 0.1221449979, 0.2127817229, 0.2196414856, 2680.8780, 2731.8049, 764.8650, 18.0074
2025-12-10 17:59:13, 0.0936267307, 0.1206053328, 0.1964217189, 0.1798943207, 2702.1020, 2745.0000, 766.5100, 18.4206
2025-12-10 17:59:19, 0.0937650618, 0.0673483537, 0.3072983361, 0.1966727388, 2734.6071, 2598.4643, 768.4350, 18.5977
2025-12-10 17:59:25, 0.1024613149, 0.1073882377, 0.2087192863, 0.2008815311, 2576.8627, 2656.3137, 763.9050, 19.0215
2025-12-10 17:59:30, 0.1013798431, 0.0677819794, 0.1910832299, 0.1482317280, 2268.7027, 2170.1892, 765.8500, 18.3763
2025-12-10 17:59:36, 0.0778136375, 0.0808961399, 0.3181407760, 0.2352754193, 2688.0179, 2610.7679, 761.6850, 18.2249
2025-12-10 17:59:42, 0.0731831467, 0.0828619574, 0.2012092371, 0.1979006903, 2762.5098, 2707.5294, 766.2000, 18.0377
2025-12-10 17:59:48, 0.1164067265, 0.0989854070, 0.2197608810, 0.1906643044, 2801.9444, 2919.4074, 764.5150, 17.3787
2025-12-10 17:59:54, 0.1086963205, 0.1108326353, 0.1553179306, 0.1230996512, 2454.0357, 2364.8214, 767.8100, 17.0213
2025-12-10 18:00:00, 0.1016906508, 0.1009768941, 0.1855891465, 0.2041713085, 2806.9474, 2790.9211, 764.4850, 18.3905
2025-12-10 18:00:06, 0.0737931418, 0.0734765015, 0.2033201126, 0.2195146875, 2946.8421, 2896.6842, 767.1100, 17.3697
2025-12-10 18:00:12, 0.1364633707, 0.0975828886, 0.2919742018, 0.3346196683, 2828.1458, 2918.8542, 767.8800, 18.8710
2025-12-10 18:00:19, 0.1038806252, 0.0893632526, 0.2236916106, 0.2355825000, 2825.2222, 2857.2444, 765.7650, 17.9075
2025-12-10 18:00:24, 0.1012427562, 0.1133711679, 0.2794346900, 0.3143632703, 3010.7674, 3070.7442, 768.5300, 16.7087
2025-12-10 18:00:30, 0.1146493123, 0.0947880754, 0.1773842763, 0.1676383443, 2345.9783, 2310.2174, 766.8100, 18.3364
2025-12-10 18:00:36, 0.1379052895, 0.0740709615, 0.1924566270, 0.2366891441, 2604.3171, 2751.9512, 767.6400, 18.2332
2025-12-10 18:00:42, 0.0831429336, 0.0642173737, 0.2198208243, 0.1480895657, 3006.9556, 2988.9556, 765.2650, 18.6009
2025-12-10 18:00:48, 0.0574683126, 0.0807697611, 0.2472862165, 0.2425057901, 2787.7209, 2815.1395, 766.5600, 17.4827
2025-12-10 18:00:53, 0.1017058018, 0.0859228473, 0.1505144254, 0.1528381246, 2423.5800, 2381.9400, 766.6450, 17.1382
2025-12-10 18:00:59, 0.1003918839, 0.0946961990, 0.1269827101, 0.1444952620, 2519.4717, 2614.1321, 762.9450, 19.1374
2025-12-10 18:01:05, 0.1395309947, 0.1183983913, 0.1575953762, 0.1411323880, 2443.2326, 2350.5814, 767.7100, 16.7041
2025-12-10 18:01:11, 0.1312098970, 0.1166081943, 0.2519709974, 0.2699777821, 2813.4444, 2899.8889, 767.4250, 17.5461
2025-12-10 18:01:17, 0.1317124311, 0.0859005982, 0.3495798875, 0.3402102642, 2760.7347, 2809.7959, 767.9050, 18.2413
2025-12-10 18:01:23, 0.1203543235, 0.1319884974, 0.1716508932, 0.1539392683, 2637.0208, 2609.2500, 768.9350, 18.9768
2025-12-10 18:01:29, 0.0737613398, 0.0812026056, 0.1722936854, 0.2257974165, 2987.2708, 2963.7917, 767.4200, 17.7683
2025-12-10 18:01:34, 0.1147099521, 0.0977465091, 0.1025741832, 0.0987474692, 2854.0303, 2994.0303, 765.9350, 17.7553
2025-12-10 18:01:40, 0.1124316903, 0.1072017704, 0.1724960463, 0.1613748238, 2630.1026, 2606.0000, 761.0250, 18.1520
2025-12-10 18:01:46, 0.0833662487, 0.0858292383, 0.1689790009, 0.2328070305, 2806.0784, 2917.4118, 763.5450, 19.7949
2025-12-10 18:01:52, 0.0699236147, 0.0770578101, 0.2097807579, 0.2173769102, 2779.0208, 2746.6667, 764.1400, 17.6599
2025-12-10 18:01:58, 0.1261933375, 0.1251697098, 0.1549348599, 0.1587309333, 2624.3636, 2677.6136, 763.5100, 18.8000
2025-12-10 18:02:03, 0.0923164585, 0.0874441850, 0.1870682289, 0.1838898289, 2621.5660, 2649.9623, 763.2300, 18.9818
2025-12-10 18:02:10, 0.1297045344, 0.1160336336, 0.2476031369, 0.2477232883, 2813.3415, 2849.3171, 762.2100, 18.4945
2025-12-10 18:02:15, 0.1020535435, 0.0814173379, 0.1431539063, 0.0956423286, 2716.0952, 2612.8333, 761.6350, 18.4047
2025-12-10 18:02:21, 0.1020669191, 0.1051637136, 0.2577993123, 0.2203820231, 2719.3265, 2691.6531, 764.5050, 16.7478
2025-12-10 18:02:27, 0.1240659253, 0.0989123045, 0.3602859969, 0.2489550134, 2703.0213, 2709.3617, 761.4750, 17.8664
2025-12-10 18:02:33, 0.1240561674, 0.1299136084, 0.1827235216, 0.2001052581, 2777.5172, 2769.6207, 766.5600, 17.9303
2025-12-10 18:02:39, 0.1482760387, 0.1346555695, 0.1525675101, 0.1739885335, 2561.3243, 2634.8649, 764.4400, 19.1010
2025-12-10 18:02:45, 0.1260336669, 0.1227427426, 0.1765854507, 0.1930424690, 2932.4651, 2964.3953, 765.2500, 18.7304
2025-12-10 18:02:51, 0.1435209346, 0.1433823669, 0.2212526061, 0.2251666439, 2725.8235, 2858.0392, 764.0450, 17.8939
2025-12-10 18:02:56, 0.1309700471, 0.1204611320, 0.2131887416, 0.2065277998, 2657.9474, 2647.4386, 765.1150, 18.1976
2025-12-10 18:03:02, 0.1540474710, 0.1728174380, 0.2202414906, 0.2063904645, 3026.4750, 3032.8750, 768.0000, 19.4810
2025-12-10 18:03:08, 0.1180096155, 0.1393148511, 0.1284771835, 0.1078854841, 2520.7273, 2443.6970, 770.0300, 19.0630
2025-12-10 18:03:14, 0.1255299565, 0.1406095549, 0.1664165607, 0.1384629269, 2629.8780, 2572.8293, 767.1700, 17.4465
2025-12-10 18:03:20, 0.1068030858, 0.0862503563, 0.1940232993, 0.1753898276, 2401.8814, 2451.4237, 766.6700, 16.3319
2025-12-10 18:03:26, 0.0933285318, 0.1209931387, 0.2281326857, 0.3039912537, 3008.9556, 3083.8444, 765.5650, 17.1396
2025-12-10 18:03:32, 0.0876663438, 0.0880411743, 0.1890645499, 0.2343536010, 2393.4872, 2421.7179, 764.4950, 17.6576
2025-12-10 18:03:37, 0.0792410455, 0.0639993747, 0.2917460592, 0.5202709006, 2218.0566, 2337.1321, 765.4200, 18.4446
2025-12-10 18:03:43, 0.0919997531, 0.0816440050, 0.2062326476, 0.1805334766, 2610.3056, 2573.5556, 766.5750, 17.5620
2025-12-10 18:03:49, 0.0785599795, 0.0677941686, 0.3270825282, 0.2454063936, 2843.0000, 2791.6538, 760.0750, 15.2286
2025-12-10 18:03:55, 0.1046645886, 0.0795813315, 0.3467335954, 0.4773782153, 2612.7083, 2607.0833, 761.4850, 18.5227
2025-12-10 18:04:01, 0.1046381660, 0.0826248045, 0.2052407009, 0.1461705424, 3050.6585, 2933.9756, 763.3350, 19.1949
2025-12-10 18:04:06, 0.1391430439, 0.1176699347, 0.1831179562, 0.1283903642, 2620.5208, 2648.4792, 761.6750, 19.4504
2025-12-10 18:04:12, 0.1039305556, 0.0937333910, 0.2480084446, 0.2563076372, 2818.6458, 2807.2500, 760.4350, 16.2014
2025-12-10 18:04:18, 0.0742738476, 0.0791333471, 0.2860040982, 0.3097257548, 2713.6279, 2672.6047, 761.1700, 17.5363
2025-12-10 18:04:24, 0.1229385122, 0.1408142971, 0.2017000210, 0.1968723770, 2731.0789, 2642.2895, 763.0700, 16.4264
2025-12-10 18:04:30, 0.0700890869, 0.0662576683, 0.1879760936, 0.1937412439, 2323.4091, 2315.5000, 760.5500, 19.7997
2025-12-10 18:04:36, 0.0694731361, 0.0683747505, 0.2801353786, 0.3075687052, 2495.9762, 2564.1190, 768.0000, 19.1016
2025-12-10 18:04:41, 0.0910696818, 0.0938097680, 0.2848553612, 0.3430875097, 2479.9792, 2613.7500, 761.8000, 16.2521
2025-12-10 18:04:47, 0.1258143115, 0.1315728040, 0.1849093712, 0.2346277368, 3026.3409, 3086.7727, 761.1150, 17.8654
2025-12-10 18:04:53, 0.1314949730, 0.1141412821, 0.1718183519, 0.1939075615, 2613.2391, 2642.7174, 765.9700, 19.8260
2025-12-10 18:04:59, 0.0953830269, 0.0772724012, 0.3284009171, 0.2923604178, 2738.6579, 2647.5526, 767.0750, 19.0276
2025-12-10 18:05:05, 0.0978032490, 0.1087150700, 0.1927243959, 0.1981045557, 2701.8824, 2709.9706, 761.9150, 17.4111
2025-12-10 18:05:10, 0.0917058475, 0.0751314667, 0.2716762333, 0.2109540763, 2819.0000, 2719.6905, 767.7350, 18.2826
2025-12-10 18:05:16, 0.0866515379, 0.1033888239, 0.1549973105, 0.1847818029, 2477.7273, 2520.9545, 763.9400, 19.5657
2025-12-10 18:05:22, 0.0966998209, 0.0815278899, 0.2681197068, 0.2929528927, 2686.2200, 2749.9000, 765.3150, 18.6378
2025-12-10 18:05:28, 0.0996274424, 0.1075338968, 0.1877776583, 0.2113466722, 2713.3111, 2812.8444, 765.5050, 17.9986
2025-12-10 18:05:34, 0.1164989576, 0.1181179238, 0.1631704246, 0.1407402554, 2947.3542, 3079.7917, 765.3800, 16.6843
2025-12-10 18:05:40, 0.1094322616, 0.1033414260, 0.3925761546, 0.2566617796, 3044.3636, 2945.8364, 762.0100, 19.3280
2025-12-10 18:05:45, 0.1207549229, 0.1015671864, 0.1634407097, 0.1818687783, 2586.0189, 2739.3396, 762.2150, 18.4699
2025-12-10 18:05:51, 0.0992263340, 0.0989998760, 0.2498348867, 0.2335656506, 2897.3182, 2863.7727, 757.2700, 17.7276
2025-12-10 18:05:57, 0.1012609689, 0.0786606957, 0.2611298988, 0.2003722047, 2404.9804, 2247.5490, 764.0150, 19.0125
2025-12-10 18:06:03, 0.0736422784, 0.0731166262, 0.2817733894, 0.3265217003, 2974.9474, 3128.6316, 761.1600, 16.6215
2025-12-10 18:06:08, 0.0653606760, 0.0763926131, 0.3958145083, 0.5725525657, 2598.5000, 2536.2955, 764.1300, 19.3740
2025-12-10 18:06:14, 0.0877775498, 0.0714601546, 0.3074584034, 0.2888581012, 2669.5000, 2592.5208, 760.8050, 22.1017
2025-12-10 18:06:20, 0.1022127917, 0.0687727686, 0.3312401394, 0.2738011230, 2936.5294, 2902.2941, 763.6500, 18.7834
2025-12-10 18:06:26, 0.1221824641, 0.1029655928, 0.3110188551, 0.2953733549, 2881.0000, 2801.1224, 765.0150, 19.2069
2025-12-10 18:06:31, 0.0160284613, 0.0879222125, 0.1796108772, 0.2213326368, 2472.9318, 2523.5000, 765.2500, 18.2238
2025-12-10 18:06:37, 0.0928227952, 0.0882353882, 0.2150789557, 0.2009339400, 2548.8235, 2559.0980, 761.6900, 21.3968
2025-12-10 18:06:43, 0.0900306904, 0.0898966913, 0.1484655915, 0.1953329132, 2609.6957, 2681.0217, 762.6300, 19.1873
2025-12-10 18:06:49, 0.1132955076, 0.1351056070, 0.2105847841, 0.2355890475, 2718.3953, 2849.5349, 762.8500, 20.9401
2025-12-10 18:06:55, 0.1019523519, 0.0703609545, 0.2220452876, 0.1713891186, 2374.0625, 2278.7083, 760.1950, 18.4227
2025-12-10 18:07:00, 0.0889161690, 0.0802809186, 0.2080798357, 0.2016030259, 2970.4878, 3033.2683, 757.9100, 21.2413
2025-12-10 18:07:06, 0.1021892062, 0.1057278709, 0.2320845882, 0.2461484665, 2419.1000, 2437.0600, 762.0000, 17.8527
2025-12-10 18:07:12, 0.0963497414, 0.0998426666, 0.1888045614, 0.2215497422, 2677.0500, 2737.5500, 761.8650, 18.4423
2025-12-10 18:07:18, 0.0862156802, 0.0851948913, 0.3347037421, 0.1678669045, 2686.1750, 2488.6750, 760.4900, 18.5691
2025-12-10 18:07:24, 0.0906733505, 0.0901406826, 0.2370542013, 0.1899827854, 2529.3061, 2515.3061, 761.2200, 17.8914
2025-12-10 18:07:29, 0.0878970108, 0.0977806663, 0.1640986805, 0.1638771430, 2543.3864, 2570.2727, 762.3850, 18.9912
2025-12-10 18:07:35, 0.1142672925, 0.1087262748, 0.2786829538, 0.2907375999, 2619.9762, 2681.0238, 760.8100, 18.2979
2025-12-10 18:07:41, 0.0586303063, 0.0579804738, 0.4750521439, 0.5838317912, 2917.2174, 2908.1957, 758.8800, 18.2405
2025-12-10 18:07:47, 0.0872831382, 0.0697570187, 0.2729340035, 0.2658649514, 2597.1136, 2469.8409, 761.3300, 19.0717
2025-12-10 18:07:52, 0.0720592004, 0.0902693371, 0.1651013415, 0.1854819240, 2461.7143, 2469.8036, 761.8200, 17.7656
2025-12-10 18:07:58, 0.0683580954, 0.0951349352, 0.2690582426, 0.2721607307, 2515.0800, 2546.7000, 760.7650, 18.2233
2025-12-10 18:08:04, 0.0910425982, 0.1228811319, 0.4525817708, 0.4864000940, 2621.7297, 2537.9459, 760.7750, 19.2651
2025-12-10 18:08:10, 0.0876503181, 0.0961114831, 0.1481645878, 0.1813770229, 2912.6154, 2922.3077, 758.9400, 18.0002
2025-12-10 18:08:15, 0.1022617440, 0.0939246442, 0.3640084885, 0.2957780215, 3462.1163, 3439.8372, 760.5800, 16.6860
2025-12-10 18:08:21, 0.0699040753, 0.0570390303, 0.3559581276, 0.3681389332, 2957.1458, 3125.8958, 753.6850, 18.7935
2025-12-10 18:08:27, 0.1055664016, 0.1033178975, 0.2000858940, 0.2250523786, 2960.9333, 2989.0444, 752.6950, 17.9157
2025-12-10 18:08:33, 0.0930231078, 0.0769825362, 0.2115093137, 0.1672667437, 2707.2500, 2594.1458, 753.5750, 18.7335
2025-12-10 18:08:38, 0.0834940628, 0.0816335148, 0.2092279814, 0.2199262555, 2628.7021, 2684.8936, 753.6050, 18.0005
2025-12-10 18:08:44, 0.0782516528, 0.0839223185, 0.2850846884, 0.1908668014, 2379.4894, 2291.4255, 753.0650, 18.4868
2025-12-10 18:08:51, 0.0826821130, 0.0842815863, 0.2856728382, 0.1704609503, 3013.2500, 2796.0682, 755.4550, 17.9334
2025-12-10 18:08:56, 0.1259318939, 0.0877988721, 0.1998998074, 0.1438221607, 2131.1837, 2089.7959, 754.3750, 17.9004
2025-12-10 18:09:02, 0.1407222005, 0.0907326631, 0.2377737400, 0.1699420819, 2658.9167, 2639.3958, 758.3050, 17.7348
2025-12-10 18:09:07, 0.1177808491, 0.0861574424, 0.2225277286, 0.2204168488, 2884.8571, 2959.9048, 759.2250, 17.9344
2025-12-10 18:09:13, 0.0796007978, 0.0893633997, 0.2033115200, 0.2374844214, 2546.2766, 2575.3830, 758.1000, 19.4779
2025-12-10 18:09:19, 0.0688205284, 0.0729024679, 0.2424537311, 0.1943555687, 2777.6341, 2736.2683, 756.0450, 17.4009
2025-12-10 18:09:25, 0.0593210427, 0.0520709231, 0.2661314823, 0.2399457915, 2735.2105, 2720.7368, 755.7000, 17.8899
2025-12-10 18:09:30, 0.1204186536, 0.1083288135, 0.2443643249, 0.2998423408, 2658.1860, 2616.7442, 757.6200, 17.8579
2025-12-10 18:09:36, 0.0936826807, 0.1127062146, 0.1494035370, 0.1316118713, 2836.0435, 2968.6304, 759.1950, 18.0224
2025-12-10 18:09:42, 0.0759076739, 0.0651374928, 0.1843599963, 0.2326096020, 2685.2115, 2688.1538, 756.4250, 19.6220
2025-12-10 18:09:48, 0.0675836118, 0.0621067318, 0.2498549477, 0.2675678502, 2648.6531, 2619.8367, 760.1150, 17.2224
2025-12-10 18:09:53, 0.0665753367, 0.0526252399, 0.1486778603, 0.1550837837, 2281.6250, 2362.7000, 761.4550, 18.1636
2025-12-10 18:09:59, 0.0889712172, 0.0804153107, 0.5066737339, 0.4303472462, 2750.5111, 2698.0222, 763.5750, 17.8456
2025-12-10 18:10:05, 0.0735314742, 0.0662635737, 0.1368625855, 0.1109144049, 2537.7045, 2473.5455, 760.2550, 17.0168
2025-12-10 18:10:10, 0.0732015970, 0.0528012096, 0.3001372072, 0.2619718610, 2568.4000, 2561.0600, 761.7450, 18.1309
2025-12-10 18:10:16, 0.0892830000, 0.0681337720, 0.3160086044, 0.2538022926, 2672.6136, 2552.0455, 762.1600, 17.6328
2025-12-10 18:10:22, 0.1064674237, 0.0679582822, 0.1688877368, 0.2052176117, 2801.9111, 2857.4444, 759.4450, 17.9919
2025-12-10 18:10:28, 0.0840218216, 0.0715163854, 0.2533738784, 0.2700499943, 2547.7021, 2564.7660, 762.2850, 17.2390
2025-12-10 18:10:33, 0.0672507970, 0.0561910416, 0.2500854935, 0.3014071875, 2608.4909, 2694.7636, 762.0600, 17.2895
2025-12-10 18:10:39, 0.0560533480, 0.0506717037, 0.1759941465, 0.2047603680, 2758.0204, 3045.3878, 762.8050, 18.8292
2025-12-10 18:10:44, 0.0524277431, 0.0536671232, 0.2549355337, 0.2140993555, 2655.6364, 2682.8409, 759.1750, 18.7647
2025-12-10 18:10:50, 0.1068327655, 0.0748763491, 0.1833454786, 0.2158152194, 2643.8980, 2694.7551, 765.3900, 18.3727
2025-12-10 18:10:56, 0.0914461518, 0.0907979010, 0.2053565685, 0.2143134754, 2953.2979, 3029.8085, 761.7100, 19.3247
2025-12-10 18:11:02, 0.0983057315, 0.0672024402, 0.2523940546, 0.1991767187, 2510.3269, 2431.6923, 765.0900, 19.4073
2025-12-10 18:11:07, 0.1123562374, 0.0510144478, 0.1890370573, 0.1786319708, 2539.2500, 2538.7708, 766.0850, 18.8841
2025-12-10 18:11:20, 0.0909206429, 0.0825911863, 0.2335320274, 0.1950409139, 2766.6034, 2769.1379, 766.5000, 18.9090
2025-12-10 18:11:25, 0.1023452421, 0.0830876988, 0.2301959160, 0.2131387532, 2567.4706, 2594.0588, 765.5000, 18.3289
2025-12-10 18:11:31, 0.0675806866, 0.0597271060, 0.1899643096, 0.1683405367, 2587.8000, 2663.8222, 768.1100, 18.6161
2025-12-10 18:11:37, 0.0766934636, 0.0731240133, 0.1490383271, 0.1318832170, 2439.7857, 2495.4048, 765.7600, 18.7059
2025-12-10 18:11:42, 0.0885028598, 0.0836383769, 0.2864333781, 0.2082557490, 2670.0976, 2723.8049, 769.2350, 18.1155
2025-12-10 18:11:48, 0.0759183394, 0.0809094863, 0.1707161078, 0.1899625210, 2259.3571, 2357.5714, 763.6050, 18.9024
2025-12-10 18:11:54, 0.0569996948, 0.0723885703, 0.2909992433, 0.2661439442, 2764.4444, 2633.4630, 765.2300, 19.4391
2025-12-10 18:12:00, 0.0615644306, 0.0632375984, 0.1136966389, 0.1041383962, 2689.5897, 2669.8205, 766.9800, 19.5905
2025-12-10 18:12:05, 0.0655832173, 0.0600011962, 0.1973069450, 0.2158759906, 2371.5192, 2433.9423, 765.7400, 19.7272
2025-12-10 18:12:11, 0.0828186869, 0.0713940910, 0.1464516220, 0.1445546030, 2545.4762, 2454.5476, 760.4950, 18.7045
2025-12-10 18:12:17, 0.0753383833, 0.0711402497, 0.2245383815, 0.2595099508, 2824.8333, 2948.5714, 759.5200, 17.9050
2025-12-10 18:12:23, 0.0667946598, 0.0668298377, 0.2518291480, 0.1611250824, 2576.0217, 2444.3913, 762.3500, 18.7477
2025-12-10 18:12:28, 0.0576631776, 0.0573503567, 0.2442780303, 0.2238297353, 2625.7547, 2583.0943, 763.2500, 17.6033
2025-12-10 18:12:35, 0.0629214400, 0.0607061683, 0.2076575763, 0.1671281928, 3081.6400, 3170.5200, 761.2600, 18.8940
2025-12-10 18:12:40, 0.0831854067, 0.0682684557, 0.1728153120, 0.2041992716, 2647.0682, 2683.2727, 763.2400, 17.0752
2025-12-10 18:12:46, 0.0657324609, 0.0847981358, 0.2381389440, 0.2127904923, 2571.3400, 2636.0400, 761.1250, 16.2422
2025-12-10 18:12:51, 0.1030267119, 0.0923437016, 0.1946459532, 0.1539680276, 2712.7143, 2804.2381, 765.0350, 16.9916
2025-12-10 18:12:57, 0.0645018846, 0.0586952293, 0.3360844166, 0.2602629991, 2808.0682, 2765.7727, 763.1600, 18.6431
2025-12-10 18:13:04, 0.0719809884, 0.0904405504, 0.3782713261, 0.2782606259, 2682.6818, 2464.7500, 762.7400, 18.1133
2025-12-10 18:13:09, 0.0596385037, 0.0828285946, 0.3222060764, 0.3399600947, 2546.9286, 2589.2857, 767.1100, 17.9897
2025-12-10 18:13:15, 0.0929056315, 0.0831072162, 0.2645732923, 0.2656621700, 2911.8864, 2938.9545, 766.0200, 18.5712
2025-12-10 18:13:21, 0.0856822144, 0.0849874611, 0.2340368276, 0.2792621706, 2569.2692, 2693.2500, 768.7650, 18.2557
2025-12-10 18:13:26, 0.0912700228, 0.0813466129, 0.2217784616, 0.2149086779, 2760.7143, 2879.4898, 764.1800, 17.3297
2025-12-10 18:13:32, 0.0998061346, 0.0684982708, 0.1767096036, 0.1719525746, 2414.7736, 2512.5094, 766.8600, 19.0644
2025-12-10 18:13:38, 0.0757384476, 0.0650634771, 0.2236636014, 0.2209711667, 2534.2941, 2543.1569, 767.2250, 18.7607
2025-12-10 18:13:43, 0.0629857345, 0.0653208219, 0.2320907361, 0.2630398418, 2768.3864, 2970.9545, 763.5500, 18.7635
2025-12-10 18:13:49, 0.0693401930, 0.0602499225, 0.2066931708, 0.1853313343, 2954.1500, 2855.5833, 764.9250, 18.8844
2025-12-10 18:13:55, 0.1000486418, 0.0692126666, 0.2288247825, 0.2092363897, 2757.1395, 2738.4651, 765.7350, 18.5907
2025-12-10 18:14:00, 0.0464035223, 0.0408597717, 0.1758058146, 0.1726717659, 2476.3902, 2413.2927, 764.0250, 18.4636
2025-12-10 18:14:06, 0.0348519783, 0.0407317800, 0.2538980868, 0.2353683532, 2713.7407, 2634.0556, 758.8200, 18.3850
2025-12-10 18:14:12, 0.0479234178, 0.0477815951, 0.1381296457, 0.1625756414, 2441.7843, 2449.2549, 763.9900, 18.2836
2025-12-10 18:14:18, 0.0753335379, 0.0583225078, 0.1504771793, 0.1444003471, 2239.8649, 2310.2703, 765.6200, 17.9865
2025-12-10 18:14:24, 0.0822828376, 0.0580234029, 0.1779341982, 0.2081018646, 2468.7308, 2473.2692, 765.1200, 16.2030
2025-12-10 18:14:29, 0.0597935657, 0.0495022560, 0.1845040183, 0.1573234622, 2835.5349, 2776.3953, 764.7550, 17.6628
2025-12-10 18:14:35, 0.0598917401, 0.0493344340, 0.3600334196, 0.3666058272, 3065.3182, 3136.6364, 767.7200, 17.4892
2025-12-10 18:14:41, 0.0929416199, 0.0703021612, 0.2645627838, 0.2322402480, 2648.3636, 2668.5091, 764.3900, 17.7098
2025-12-10 18:14:47, 0.0748406936, 0.0750771682, 0.1688403527, 0.1366909304, 2293.6250, 2321.2750, 763.8900, 17.5350
2025-12-10 18:14:52, 0.0595553174, 0.0535603377, 0.2522915781, 0.2022900079, 2776.6400, 2836.3000, 760.1600, 18.0775
2025-12-10 18:14:58, 0.0483081618, 0.0455225222, 0.2533977385, 0.2562531319, 3250.5510, 3232.8367, 763.4100, 17.4881
2025-12-10 18:15:04, 0.0582552477, 0.0585981760, 0.2828710919, 0.2849160829, 3009.7209, 3174.0000, 764.2600, 17.8374
2025-12-10 18:15:10, 0.0576924818, 0.0767969788, 0.4116807283, 0.3242612579, 2320.6222, 2296.4889, 764.5050, 18.2811
2025-12-10 18:15:16, 0.0696941387, 0.0647746911, 0.2146820828, 0.1326618673, 2624.4054, 2604.2973, 762.3750, 18.6318
2025-12-10 18:15:21, 0.0711314826, 0.0568414893, 0.1913200597, 0.1305315916, 2702.2766, 2763.6383, 764.2350, 18.1108
2025-12-10 18:15:27, 0.0491345349, 0.0533969879, 0.1438203310, 0.1997872576, 2277.2667, 2353.0889, 762.8850, 17.7942
2025-12-10 18:15:33, 0.0474545059, 0.0496437258, 0.1845288505, 0.1759536958, 2264.6842, 2366.2105, 763.6550, 18.5274
2025-12-10 18:15:38, 0.0866788204, 0.0934275141, 0.2102148069, 0.2538895697, 2423.2250, 2470.8000, 762.0200, 18.1152
2025-12-10 18:15:44, 0.0847480059, 0.0747176783, 0.1612059292, 0.1719882027, 2719.0727, 2700.7091, 765.8700, 17.9712
2025-12-10 18:15:50, 0.0879216978, 0.0840873220, 0.1980526832, 0.2125767155, 2466.0465, 2566.2558, 762.5900, 18.0028
2025-12-10 18:15:55, 0.0865883304, 0.0803984274, 0.4672267415, 0.4787428056, 2682.6585, 2599.1463, 764.6100, 18.5741
2025-12-10 18:16:01, 0.0615328453, 0.0705687231, 0.2846346016, 0.2385322074, 2515.6897, 2472.1379, 762.8100, 17.5115
2025-12-10 18:16:07, 0.0722562702, 0.0607354556, 0.2656594445, 0.2799012381, 2542.5294, 2622.3725, 764.3200, 18.4756
2025-12-10 18:16:13, 0.0816010270, 0.0629423189, 0.3111814144, 0.3335649441, 2716.8800, 2683.0600, 763.7700, 18.6633
2025-12-10 18:16:19, 0.0860678865, 0.0733285673, 0.2153952138, 0.1967908534, 2201.7500, 2146.6250, 761.4500, 17.7842
2025-12-10 18:16:24, 0.0727617041, 0.0964203423, 0.3793662131, 0.3392882538, 2715.0000, 2700.0476, 763.8200, 17.3196
2025-12-10 18:16:30, 0.1176405762, 0.0644713141, 0.3174181818, 0.2863004625, 3022.7179, 2971.0256, 765.0750, 17.9388
2025-12-10 18:16:36, 0.0877563845, 0.0737224449, 0.2165935998, 0.2523627858, 2422.5405, 2339.7568, 763.7550, 17.5404
2025-12-10 18:16:41, 0.0703713524, 0.0871350420, 0.2583409504, 0.1890792543, 2753.6042, 2775.5208, 762.5800, 17.8780
2025-12-10 18:16:47, 0.0584229375, 0.0697574384, 0.1946168013, 0.1711972358, 2519.2857, 2507.5000, 762.5700, 17.0946
2025-12-10 18:16:53, 0.0689188918, 0.0602302587, 0.2267079845, 0.1615675202, 2503.2353, 2458.9216, 762.8100, 16.7662
2025-12-10 18:16:58, 0.0918700880, 0.0776216826, 0.2349201783, 0.2222137120, 2707.5946, 2687.7297, 760.9800, 17.5898
2025-12-10 18:17:04, 0.1109878961, 0.0813833535, 0.2003772610, 0.1337305685, 2424.0222, 2379.8667, 763.4700, 19.3445
2025-12-10 18:17:10, 0.0953313547, 0.0785948401, 0.1770042708, 0.2242954006, 2600.3269, 2612.3077, 760.7200, 18.7051
2025-12-10 18:17:15, 0.0705147241, 0.0668340451, 0.3307316637, 0.2714744061, 2598.9048, 2539.8810, 759.8050, 17.3818
2025-12-10 18:17:22, 0.0647791767, 0.0808873062, 0.1917550482, 0.1856525835, 2572.4146, 2631.0000, 757.5850, 18.4359
2025-12-10 18:17:27, 0.1077414728, 0.0797358563, 0.2037720079, 0.3547932182, 2856.3542, 2985.5625, 756.9650, 17.8934
2025-12-10 18:17:33, 0.0973911382, 0.0649406618, 0.2658534852, 0.2010451925, 2752.3261, 2638.2609, 755.8800, 18.7282
2025-12-10 18:17:39, 0.0670404625, 0.0583387205, 0.3014631935, 0.2661340340, 2580.1081, 2573.3784, 757.4450, 17.6807
2025-12-10 18:17:44, 0.0669803656, 0.0594227643, 0.5064664819, 0.6134394799, 2459.7727, 2470.4773, 757.3850, 17.1393
2025-12-10 18:17:50, 0.0755737167, 0.0695659545, 0.2873234742, 0.2456120156, 2850.9153, 2866.9661, 760.8150, 16.8787
2025-12-10 18:17:56, 0.1154548367, 0.0840706339, 0.2112279770, 0.2358285004, 2758.4318, 2860.9318, 760.2250, 18.8752
2025-12-10 18:18:02, 0.1029785771, 0.0911935654, 0.2624807568, 0.3373846510, 2702.3191, 2755.6596, 762.3200, 18.8573
2025-12-10 18:18:07, 0.0704561249, 0.0645007890, 0.1924504109, 0.1842378958, 2401.1364, 2385.5909, 761.9600, 16.9251
2025-12-10 18:18:13, 0.0604638187, 0.0628447580, 0.3423695097, 0.3898528378, 2805.9298, 2813.6667, 761.7300, 17.9663
2025-12-10 18:18:19, 0.0865299604, 0.0840801473, 0.2024072537, 0.1626901355, 2573.4595, 2582.1892, 763.6200, 18.9408
2025-12-10 18:18:24, 0.0853586849, 0.1000253430, 0.1882605747, 0.1954452594, 2444.9600, 2415.1000, 761.1900, 17.5227
2025-12-10 18:18:30, 0.0765259495, 0.0965206502, 0.1502917696, 0.1387568613, 2329.3333, 2262.5556, 763.5550, 18.2027
2025-12-10 18:18:36, 0.0677028162, 0.0629533603, 0.1680056954, 0.1823315424, 2379.4894, 2346.5957, 766.4900, 19.5049
2025-12-10 18:18:41, 0.0675296184, 0.0613038902, 0.3212057739, 0.3166444703, 2916.7143, 2904.4490, 766.1950, 15.7555
2025-12-10 18:18:47, 0.0892784118, 0.0767024117, 0.2724190892, 0.3198626877, 2746.0870, 2761.5217, 766.5000, 17.9541
2025-12-10 18:18:53, 0.0610138019, 0.0846670058, 0.1685499830, 0.1637542358, 2426.1026, 2432.7179, 764.9050, 17.8683
2025-12-10 18:18:58, 0.0823595663, 0.0645600420, 0.1719222310, 0.1406921235, 2967.0909, 2912.2045, 765.6100, 18.6241
2025-12-10 18:19:04, 0.0794618316, 0.0827843491, 0.3351929159, 0.2970170940, 2779.4091, 2932.9545, 762.7250, 17.7707
2025-12-10 18:19:10, 0.0684863128, 0.0948946118, 0.1896606000, 0.1701909724, 2603.9211, 2587.2368, 761.8350, 19.4558
2025-12-10 18:19:15, 0.0703772809, 0.0588998566, 0.1942722248, 0.1666473779, 2269.6923, 2324.5577, 765.3850, 19.3250
2025-12-10 18:19:22, 0.1051484336, 0.0753101372, 0.2140276492, 0.1818512350, 2648.6667, 2584.9216, 759.9550, 18.4139
2025-12-10 18:19:28, 0.0937551314, 0.1181196690, 0.1886774583, 0.1736189338, 2838.5625, 2875.0000, 769.0000, 21.5160
2025-12-10 18:19:34, 0.0827796449, 0.0758077085, 0.1619381618, 0.1546298587, 2528.4634, 2622.0000, 765.6100, 19.2805
2025-12-10 18:19:40, 0.1114206930, 0.0828752795, 0.2946470096, 0.1870156743, 2656.6364, 2598.6364, 763.7650, 18.4187
2025-12-10 18:19:46, 0.1068383437, 0.0948823006, 0.2173017673, 0.2028947194, 2605.1778, 2601.6000, 766.7450, 21.2094
2025-12-10 18:19:51, 0.1105104972, 0.0878243984, 0.2063950897, 0.2686229124, 2871.9706, 2976.0294, 768.6350, 21.7831
2025-12-10 18:19:57, 0.0963838027, 0.0709204852, 0.2800042887, 0.2508785772, 2580.6087, 2613.5435, 762.7700, 22.4717
2025-12-10 18:20:03, 0.0808722785, 0.0679812303, 0.3127837458, 0.2973776987, 2921.8077, 2893.3269, 768.7850, 20.6780
2025-12-10 18:20:08, 0.0959484511, 0.0707288329, 0.1715558867, 0.1912523803, 2529.8723, 2552.7872, 766.6300, 18.1282
2025-12-10 18:20:14, 0.0797604234, 0.0447556882, 0.3361286547, 0.3412514508, 2526.7000, 2562.0200, 763.0800, 21.6648
2025-12-10 18:20:20, 0.0833438674, 0.0683025217, 0.2714168509, 0.2531313190, 2690.7500, 2657.0893, 765.7300, 19.5729
2025-12-10 18:20:26, 0.0749377879, 0.0680081392, 0.5570865001, 0.5355350391, 2536.3409, 2594.3409, 762.5600, 19.1284
2025-12-10 18:20:32, 0.0765667372, 0.0705789116, 0.2067861585, 0.1863784799, 2802.3721, 2678.3256, 764.5150, 19.6015
2025-12-10 18:20:37, 0.0803491203, 0.0837165502, 0.2813948574, 0.1589493348, 2770.4762, 2656.1190, 761.8000, 20.5684
2025-12-10 18:20:43, 0.0924950721, 0.0797450813, 0.3342494245, 0.2627167529, 2873.8000, 2853.3250, 759.6900, 19.1933
2025-12-10 18:20:49, 0.1100384694, 0.1001246636, 0.3312109762, 0.2322625380, 2741.7045, 2572.4773, 759.6200, 18.8591
2025-12-10 18:20:54, 0.0833683133, 0.1009129883, 0.3060513833, 0.3311764912, 2631.0204, 2584.6939, 760.4850, 17.6641
2025-12-10 18:21:00, 0.1270988711, 0.0892374420, 0.3379586264, 0.3216642664, 2520.5862, 2354.0690, 761.2500, 19.9035
2025-12-10 18:21:06, 0.0562149087, 0.0670726875, 0.3154063623, 0.3001981273, 2786.2619, 2784.0952, 760.1800, 19.1026
2025-12-10 18:21:11, 0.0816355301, 0.0896246755, 0.1848924575, 0.2268585804, 2366.0789, 2542.6842, 757.2200, 18.8248
2025-12-10 18:21:17, 0.1102785972, 0.0715598975, 0.2615117851, 0.1928038792, 2881.4595, 2812.4595, 762.7350, 17.3287
2025-12-10 18:21:23, 0.0962235641, 0.0765170024, 0.1849830868, 0.1738479112, 2487.8500, 2492.1500, 763.3050, 19.7120
2025-12-10 18:21:29, 0.0854825375, 0.1180187108, 0.2682433863, 0.2634032227, 2931.4737, 2804.6579, 766.3500, 19.9180
2025-12-10 18:21:34, 0.1049246129, 0.1056694959, 0.3240946380, 0.3013464799, 2885.6410, 2870.5385, 764.1550, 17.7003
2025-12-10 18:21:40, 0.1129699654, 0.0745107875, 0.1566085293, 0.1172679121, 2655.8372, 2541.4651, 763.0800, 18.4601
2025-12-10 18:21:46, 0.0877644352, 0.0720839277, 0.2551606798, 0.2527968821, 2841.4318, 2788.2045, 767.4150, 19.9665
2025-12-10 18:21:51, 0.0895715371, 0.0866929898, 0.1510232083, 0.1364404031, 2605.7551, 2764.8571, 765.7650, 18.2461
2025-12-10 18:21:58, 0.1105315849, 0.1225072550, 0.1704953481, 0.1439061299, 2920.4902, 2771.5098, 764.9400, 19.2457
2025-12-10 18:22:03, 0.0863084715, 0.0899690423, 0.0742564599, 0.0787993054, 3078.2903, 3253.6129, 762.5150, 19.7360
2025-12-10 18:22:09, 0.0952883075, 0.0868472837, 0.2188601225, 0.1954366697, 2846.9000, 2752.0000, 762.9400, 17.5564
2025-12-10 18:22:15, 0.0589716189, 0.0877157665, 0.1330785206, 0.1222654869, 2702.0408, 2670.1837, 763.4300, 18.2840
2025-12-10 18:22:20, 0.0916000474, 0.0686601233, 0.2075137611, 0.2021533635, 3076.4091, 3009.3182, 768.8150, 18.5648
2025-12-10 18:22:26, 0.0875933163, 0.0884800986, 0.1641842443, 0.1806164710, 2533.2745, 2640.4314, 767.4100, 18.8229
2025-12-10 18:22:32, 0.0831827209, 0.0872174329, 0.3200546382, 0.2475563608, 2899.8605, 2833.8140, 765.1700, 19.1278
2025-12-10 18:22:37, 0.1150101979, 0.0655839234, 0.0995992276, 0.0886509450, 2497.8367, 2457.4898, 766.0500, 21.0130
2025-12-10 18:22:43, 0.0909311042, 0.0738010154, 0.2890044154, 0.3255016963, 2636.5952, 2771.2619, 764.6250, 17.7883
2025-12-10 18:22:49, 0.0561826751, 0.0606327478, 0.1507109088, 0.2150469928, 2749.5098, 2748.9804, 765.7200, 17.6364
2025-12-10 18:22:54, 0.0841230607, 0.0767035338, 0.2998958027, 0.2895105629, 2735.3636, 2794.3636, 765.8700, 17.7922
2025-12-10 18:23:00, 0.1084970542, 0.0939108524, 0.1589869801, 0.1671601760, 2675.9259, 2731.4815, 763.8500, 19.4360
2025-12-10 18:23:07, 0.0882500828, 0.1148960196, 0.1928729459, 0.1671395397, 2879.3500, 2848.9750, 764.0200, 17.1776
2025-12-10 18:23:12, 0.0831354932, 0.0865385500, 0.2204986875, 0.2204110705, 2373.4118, 2415.0392, 763.2400, 19.2549
2025-12-10 18:23:18, 0.1200761562, 0.1012728041, 0.1677082369, 0.1362758594, 2746.8611, 2687.3333, 766.4950, 19.5389
2025-12-10 18:23:23, 0.0992404164, 0.1079302850, 0.3115975567, 0.3820634730, 2670.2812, 2762.6562, 765.7200, 18.6687
2025-12-10 18:23:29, 0.1000417868, 0.0874739332, 0.2260195342, 0.2426142266, 2481.0488, 2448.2683, 769.6450, 19.6423
2025-12-10 18:23:35, 0.1100347879, 0.0772749182, 0.3746964763, 0.3209357482, 3178.1842, 3075.8158, 769.1700, 18.4979
2025-12-10 18:23:41, 0.0923524886, 0.0686390897, 0.2213456686, 0.2725929191, 2736.5278, 2885.4444, 764.5300, 18.9615
2025-12-10 18:23:47, 0.1091217095, 0.0925119932, 0.4389044394, 0.4083008993, 2467.3256, 2522.4651, 762.7050, 19.0047
2025-12-10 18:23:52, 0.1241199602, 0.0922614754, 0.2235485441, 0.2107620000, 2566.3056, 2506.1111, 762.5900, 18.9035
2025-12-10 18:23:58, 0.0985133519, 0.1110630085, 0.2230396657, 0.4160612892, 2577.8333, 2782.0278, 762.2450, 18.1660
2025-12-10 18:24:04, 0.0773052975, 0.0908640921, 0.3274311180, 0.2593998998, 2478.2045, 2450.6136, 765.0600, 21.5271
2025-12-10 18:24:10, 0.1175670028, 0.0916119398, 0.5078464781, 0.3341437525, 2855.6739, 2819.7609, 766.8400, 20.0241
2025-12-10 18:24:15, 0.1062467592, 0.0910833196, 0.1636776609, 0.1927872710, 2985.8056, 2935.5278, 763.1000, 16.3618
2025-12-10 18:24:21, 0.0995963702, 0.1012149000, 0.1992808949, 0.1729583629, 2734.3684, 2752.1316, 765.7300, 17.7355
2025-12-10 18:24:27, 0.1177428550, 0.0963565272, 0.1431063673, 0.1396997274, 2879.2000, 3001.8750, 765.9000, 17.6051
2025-12-10 18:24:32, 0.0793044182, 0.1023212896, 0.2591724684, 0.2214058310, 2950.9661, 2882.8305, 764.9550, 17.1176
2025-12-10 18:24:38, 0.0862769396, 0.0616956383, 0.2558508079, 0.2469610919, 2427.5854, 2525.2927, 765.5100, 18.3306
2025-12-10 18:24:44, 0.1277948859, 0.1026053209, 0.2712981811, 0.1816975672, 2985.0444, 2807.2222, 766.7600, 17.8774
2025-12-10 18:24:50, 0.1084226888, 0.1178879680, 0.1662155891, 0.1420057700, 2440.1053, 2440.5526, 760.2500, 16.8249
2025-12-10 18:24:55, 0.1142751737, 0.1179322130, 0.1919349600, 0.1625003578, 2885.0000, 2827.5238, 761.8450, 17.3087
2025-12-10 18:25:01, 0.0848960652, 0.0992274612, 0.1829380935, 0.1788441194, 2643.1053, 2674.0526, 761.6000, 17.3156
2025-12-10 18:25:06, 0.0981572424, 0.0796126266, 0.2175870108, 0.2052322320, 2534.1250, 2648.0000, 763.7600, 19.8910
2025-12-10 18:25:12, 0.1183195795, 0.1284213620, 0.2244033217, 0.2277694495, 2883.0889, 2966.7333, 759.8400, 18.9985
2025-12-10 18:25:18, 0.0996575866, 0.1214820432, 0.1843874824, 0.1648902464, 2327.4419, 2392.9535, 758.4150, 18.8431
2025-12-10 18:25:24, 0.0865922104, 0.0939560010, 0.3983797756, 0.3994321034, 2727.1500, 2799.3250, 757.4350, 17.0861
2025-12-10 18:25:29, 0.0692943353, 0.0809773177, 0.3455736124, 0.3057138367, 2530.9744, 2499.2821, 758.5550, 17.6787
2025-12-10 18:25:35, 0.0813624875, 0.0780058029, 0.2471337245, 0.2301351044, 2453.6667, 2503.5490, 756.9600, 18.4621
2025-12-10 18:25:41, 0.0865814768, 0.0780677621, 0.2494588618, 0.2334263085, 2565.4468, 2588.3191, 759.8600, 18.0419
2025-12-10 18:25:47, 0.0788102243, 0.0659885299, 0.2578285383, 0.2472079025, 2609.5778, 2606.9333, 757.5600, 19.1900
2025-12-10 18:25:53, 0.0932770677, 0.0745463762, 0.3558598222, 0.3076175515, 2706.7073, 2683.0000, 758.8450, 20.2052
2025-12-10 18:25:58, 0.0831283573, 0.0611530948, 0.2316321038, 0.1714118876, 2855.6111, 2693.6296, 766.0700, 19.9094
2025-12-10 18:26:04, 0.1036757049, 0.0984708390, 0.1812345690, 0.2013787694, 2709.6102, 2727.6441, 767.3950, 20.1740
2025-12-10 18:26:10, 0.0877107013, 0.0902860641, 0.1651210636, 0.1541063385, 2510.2766, 2426.6170, 766.6000, 16.9924
2025-12-10 18:26:16, 0.1018134571, 0.0910914014, 0.2204022765, 0.1891168161, 2390.4074, 2296.4630, 766.3100, 18.5627
2025-12-10 18:26:21, 0.0721363020, 0.0838959335, 0.2335017867, 0.2069248565, 2596.9286, 2608.9762, 768.4850, 17.8916
2025-12-10 18:26:27, 0.0682411579, 0.0633023002, 0.2144543599, 0.2583187410, 2532.4510, 2499.6471, 764.9300, 19.9964
2025-12-10 18:26:32, 0.0936840603, 0.0642720666, 0.2799080103, 0.3717650358, 2581.7308, 2539.9231, 767.5750, 19.2324
2025-12-10 18:26:38, 0.0683581237, 0.0571011221, 0.3573065443, 0.3212331191, 2411.1875, 2432.8958, 771.2550, 17.4121
2025-12-10 18:26:44, 0.1213039462, 0.0902918430, 0.2274350240, 0.2240316423, 2702.5000, 2721.3478, 768.4400, 16.6219
2025-12-10 18:26:50, 0.0819301905, 0.0544831337, 0.1982202439, 0.1700987447, 2272.2500, 2204.4615, 765.8200, 17.4111
2025-12-10 18:26:55, 0.1049417916, 0.0813997842, 0.2036126057, 0.1566603892, 2293.8462, 2277.3846, 764.1600, 18.8988
2025-12-10 18:27:01, 0.0700349567, 0.0827597555, 0.2005586752, 0.2431621853, 2568.6522, 2637.5000, 769.3900, 18.3275
2025-12-10 18:27:07, 0.0916820436, 0.0824654482, 0.3299160300, 0.3635899204, 2685.1316, 2782.3684, 768.3700, 18.6599
2025-12-10 18:27:12, 0.0954126187, 0.0929021337, 0.3487447060, 0.2713668687, 2908.3659, 2801.1220, 763.0050, 20.1813
2025-12-10 18:27:18, 0.0827613432, 0.1124248824, 0.2556851848, 0.1926057380, 2531.6829, 2521.2195, 768.0550, 21.3193
2025-12-10 18:27:24, 0.0684958073, 0.0750138726, 0.3665876647, 0.3649534659, 2906.6444, 2993.0222, 765.4450, 21.7761
2025-12-10 18:27:30, 0.0736087282, 0.0647440831, 0.2993822955, 0.2472663299, 2609.7059, 2487.8431, 766.1150, 21.7297
2025-12-10 18:27:35, 0.0724342291, 0.0548221679, 0.5664607260, 0.3327450959, 3095.5217, 2951.9348, 766.4400, 18.5566
2025-12-10 18:27:41, 0.0762391960, 0.0617364417, 0.2319323629, 0.2607930372, 2521.7632, 2505.3684, 769.1650, 21.1480
2025-12-10 18:27:47, 0.0795633797, 0.0896391101, 0.2420336694, 0.2361242942, 2638.5000, 2702.4583, 767.1650, 20.1568
2025-12-10 18:27:53, 0.0595748185, 0.0866672315, 0.2928169404, 0.2545802403, 2546.5217, 2471.1957, 765.8950, 22.9720
2025-12-10 18:27:58, 0.0944821854, 0.0952197345, 0.3362267911, 0.3332567906, 2852.6596, 2877.4681, 766.9750, 22.7111
2025-12-10 18:28:04, 0.0789175523, 0.0789429306, 0.2206788223, 0.2188534000, 2703.6429, 2910.0000, 767.8600, 20.8660
2025-12-10 18:28:10, 0.0949426715, 0.0910870536, 0.1466859940, 0.1464741869, 2666.8627, 2662.5294, 764.3750, 20.5831
2025-12-10 18:28:16, 0.0882185960, 0.0777712825, 0.3684038544, 0.3411270827, 2425.8500, 2424.4500, 767.2250, 19.6511
2025-12-10 18:28:21, 0.0804947642, 0.0701211309, 0.2259936083, 0.2544856502, 2617.8269, 2702.5385, 767.4800, 18.8008
2025-12-10 18:28:27, 0.0799993670, 0.0708051596, 0.2910411747, 0.2527116754, 2619.4800, 2619.8600, 770.0350, 20.4224
2025-12-10 18:28:33, 0.0851895202, 0.0804436709, 0.3577329789, 0.2545183209, 2398.5526, 2302.0263, 763.9950, 21.8416
2025-12-10 18:28:38, 0.0840512680, 0.0770785115, 0.4970348398, 0.5956510578, 2533.0750, 2522.0500, 768.9750, 19.6767
2025-12-10 18:28:44, 0.1018642273, 0.0853120152, 0.1480332439, 0.1797489938, 2432.1860, 2382.5116, 762.2200, 17.0377
2025-12-10 18:28:50, 0.0830501103, 0.0767843476, 0.2016216980, 0.1656404669, 2249.0000, 2261.4062, 760.3650, 16.5315
2025-12-10 18:28:55, 0.0867057156, 0.0854207684, 0.2268690948, 0.1956405982, 2791.8810, 2773.7857, 760.9500, 17.7724
2025-12-10 18:29:01, 0.1262238259, 0.0741633478, 0.3531702041, 0.2955395258, 2616.5932, 2549.9831, 757.9650, 17.9506
2025-12-10 18:29:07, 0.0811183903, 0.0696341904, 0.2407519715, 0.1932653696, 2563.0682, 2449.1136, 759.8300, 18.4900
2025-12-10 18:29:13, 0.0826923122, 0.0542016914, 0.3222760180, 0.2771488742, 2400.4595, 2455.0270, 759.0200, 18.0804
2025-12-10 18:29:18, 0.0638853466, 0.0579218452, 0.2840345735, 0.4038255515, 2330.0000, 2463.6481, 760.4900, 17.5300
2025-12-10 18:29:24, 0.0761520042, 0.0865767717, 0.2540398866, 0.2262453032, 2524.8431, 2582.2549, 760.9300, 18.9400
2025-12-10 18:29:30, 0.1012106304, 0.0840405274, 0.2488845325, 0.1457189262, 2631.5476, 2591.4048, 761.7850, 18.3453
2025-12-10 18:29:35, 0.1196445508, 0.0780896657, 0.2140711356, 0.2175141166, 2689.7674, 2722.2791, 762.4850, 16.7499
2025-12-10 18:29:42, 0.0850305417, 0.1060868720, 0.2264626838, 0.2363175208, 2580.2955, 2600.5455, 757.4250, 18.8033
2025-12-10 18:29:47, 0.1168772278, 0.0893532347, 0.2659063598, 0.2516895179, 2472.4839, 2337.7097, 756.4750, 17.5362
2025-12-10 18:29:53, 0.0648272258, 0.0818809186, 0.2744215194, 0.2546897507, 2668.3171, 2623.6585, 759.9250, 18.1871
2025-12-10 18:29:59, 0.0871462594, 0.0958366197, 0.3158040879, 0.3349774252, 2944.0000, 2904.4082, 758.5900, 17.4749
2025-12-10 18:30:05, 0.1059531603, 0.1107897614, 0.1821603903, 0.2224955537, 2504.2273, 2615.0909, 760.7850, 17.8401
2025-12-10 18:30:10, 0.0874469603, 0.0749709883, 0.3053700380, 0.3320640233, 2550.9808, 2629.5192, 765.7700, 18.5948
2025-12-10 18:30:16, 0.0686722550, 0.0650000390, 0.1515276405, 0.1673863344, 2569.6444, 2540.6000, 767.4150, 19.0479
2025-12-10 18:30:22, 0.0936981698, 0.0832168019, 0.3290452628, 0.2736854588, 2732.6724, 2720.6897, 766.1600, 16.1504
2025-12-10 18:30:27, 0.0777290785, 0.0686099801, 0.1694474748, 0.1831705313, 2162.7333, 2248.9778, 768.5300, 18.5362
2025-12-10 18:30:33, 0.0635287124, 0.0781125961, 0.2148555547, 0.2521793020, 2665.1667, 2676.2593, 766.6900, 17.3587
2025-12-10 18:30:39, 0.0818626045, 0.0779423947, 0.2553802305, 0.3051503290, 2660.8140, 2816.1163, 766.5650, 17.8968
2025-12-10 18:30:44, 0.0982335312, 0.0810675533, 0.3475896697, 0.3082723859, 2940.3556, 2977.2889, 767.3750, 17.3151
2025-12-10 18:30:50, 0.0699393293, 0.0584004188, 0.2943012434, 0.2061107697, 2529.7755, 2505.6122, 766.0000, 19.0187
2025-12-10 18:30:56, 0.1180884488, 0.0839607636, 0.2293171261, 0.2317563066, 3136.4571, 3086.5714, 767.3100, 18.3086
2025-12-10 18:31:02, 0.1225326781, 0.0827195130, 0.4465319624, 0.3806280131, 2612.6341, 2531.6585, 765.7950, 18.1806
2025-12-10 18:31:07, 0.1092605623, 0.0717804752, 0.2587006546, 0.2412621220, 2570.6275, 2479.3333, 769.1450, 18.1170
2025-12-10 18:31:13, 0.1067564224, 0.1205051108, 0.1706109371, 0.1531229018, 2526.9032, 2585.5161, 770.7200, 18.3680
2025-12-10 18:31:19, 0.1047770621, 0.0726079391, 0.1938907147, 0.2582880349, 2283.1190, 2357.9286, 769.4800, 18.2803
2025-12-10 18:31:24, 0.1048830774, 0.1401155053, 0.3205095750, 0.3741392639, 3143.8298, 3216.2766, 769.9700, 19.8922
2025-12-10 18:31:30, 0.1004870298, 0.0726426308, 0.1528256697, 0.1682121767, 2672.3023, 2715.3953, 769.1100, 18.1716
2025-12-10 18:31:36, 0.0824062179, 0.0840796837, 0.2351281277, 0.1870383242, 2680.0851, 2597.1064, 771.1000, 17.8412
2025-12-10 18:31:42, 0.0663620466, 0.0503946539, 0.2486475479, 0.2698551352, 2709.1429, 2682.3429, 770.6950, 18.3788
2025-12-10 18:31:47, 0.0662254685, 0.0796408752, 0.1701736038, 0.2096470790, 2185.9118, 2296.0588, 770.5500, 18.9762
2025-12-10 18:31:53, 0.0865730991, 0.0585577240, 0.3412857210, 0.3359471123, 2791.8163, 2673.0204, 767.0000, 17.5177
2025-12-10 18:31:59, 0.1129518854, 0.0867873110, 0.2320718129, 0.2996894320, 2613.7391, 2709.4565, 768.8550, 17.5765
2025-12-10 18:32:04, 0.0809419106, 0.0884602102, 0.3244831544, 0.2290103315, 2484.1064, 2422.6170, 768.9350, 19.0423
2025-12-10 18:32:10, 0.1033085879, 0.0754862871, 0.2037533179, 0.2233189570, 2526.5745, 2535.9362, 764.9950, 17.1626
2025-12-10 18:32:16, 0.0716901118, 0.0922736786, 0.3051182228, 0.2634057768, 2778.8293, 2629.7805, 765.6350, 17.8200
2025-12-10 18:32:21, 0.1120437408, 0.0933934404, 0.2294675266, 0.2139267544, 2836.4600, 2804.7400, 770.0800, 17.9656
2025-12-10 18:32:27, 0.1102796852, 0.1140111428, 0.2148594802, 0.1778981222, 2557.9167, 2633.7222, 771.1100, 17.9371
2025-12-10 18:32:33, 0.1228451047, 0.1054754201, 0.2405182156, 0.4130120911, 2555.9524, 2654.4048, 770.8350, 18.3084
2025-12-10 18:32:38, 0.1131636832, 0.0867541209, 0.1791472466, 0.1497351658, 2533.6667, 2493.8182, 767.4250, 17.6829
2025-12-10 18:32:44, 0.1042284869, 0.0669669323, 0.2016452806, 0.1837373617, 2569.6053, 2617.1316, 767.6900, 17.4452
2025-12-10 18:32:50, 0.0822725750, 0.0810800775, 0.3005318923, 0.2721263272, 2492.0189, 2351.3962, 766.3450, 18.6978
2025-12-10 18:32:56, 0.0897442820, 0.0972274071, 0.2659534135, 0.2582137167, 2726.0286, 2711.7143, 766.0750, 17.9658
2025-12-10 18:33:01, 0.1086369341, 0.0713625630, 0.2263180796, 0.1965517350, 2949.0172, 2858.1379, 765.8700, 17.9060
2025-12-10 18:33:07, 0.0994831372, 0.0635641699, 0.2920114074, 0.3270919372, 2972.0541, 3065.4595, 766.7900, 18.1151
2025-12-10 18:33:13, 0.0850841269, 0.0652279499, 0.2395017253, 0.2511773878, 2604.1905, 2698.3810, 765.3250, 18.5615
2025-12-10 18:33:19, 0.0682346672, 0.0804279493, 0.2366731580, 0.2674024508, 2488.9231, 2412.7436, 766.2400, 20.3822
2025-12-10 18:33:24, 0.0751644317, 0.0799436293, 0.2293613410, 0.1948167393, 2219.2826, 2191.5217, 768.2800, 19.4587
2025-12-10 18:33:30, 0.0904916079, 0.0854117144, 0.2986204698, 0.3011733403, 2492.3800, 2659.2600, 770.8050, 18.0246
2025-12-10 18:33:36, 0.0719773683, 0.0536497634, 0.3650616974, 0.2905288340, 2241.4865, 2295.5135, 767.2050, 17.6506
2025-12-10 18:33:41, 0.0724192824, 0.0708691885, 0.2935342618, 0.4038033661, 2516.7447, 2635.8511, 768.8800, 15.6402
2025-12-10 18:33:47, 0.0762071179, 0.0866128883, 0.2129002949, 0.2592415526, 2700.7273, 2773.0227, 766.7000, 18.6432
2025-12-10 18:33:52, 0.0724560991, 0.0566260806, 0.3127356312, 0.2932751034, 2435.1667, 2473.7037, 770.0900, 17.0412
2025-12-10 18:33:58, 0.0893390582, 0.0809737911, 0.2026799587, 0.2235959291, 2748.2195, 2881.8049, 767.3700, 17.8441
2025-12-10 18:34:04, 0.0676380253, 0.0602910161, 0.2390798821, 0.2132791226, 2448.6981, 2550.7925, 760.6250, 17.8453
2025-12-10 18:34:09, 0.0814402059, 0.0628916404, 0.2753468018, 0.3377727308, 2699.6727, 2772.9636, 764.2900, 18.7231
2025-12-10 18:34:15, 0.0821049118, 0.0615227451, 0.2459482281, 0.2119855969, 2314.2157, 2307.8431, 767.3950, 16.7048
2025-12-10 18:34:21, 0.0667605430, 0.0757303381, 0.1208772845, 0.2162028366, 2312.0256, 2411.4615, 766.9400, 16.9289
2025-12-10 18:34:26, 0.0880853070, 0.0983818513, 0.2129033869, 0.1980198360, 2548.8837, 2701.6279, 761.0450, 18.5063
2025-12-10 18:34:32, 0.0761714585, 0.0860074965, 0.2674342214, 0.2518035837, 2574.7500, 2504.0208, 766.4500, 18.6144
2025-12-10 18:34:38, 0.1030838318, 0.1006446452, 0.3585277430, 0.2885793471, 3196.4419, 3068.7442, 763.9700, 18.6499
2025-12-10 18:34:43, 0.0917681427, 0.0771442073, 0.1988844857, 0.1529199411, 2529.0893, 2523.3214, 765.3800, 18.8766
2025-12-10 18:34:49, 0.0807352834, 0.0798605747, 0.3069506752, 0.3264390287, 2532.7083, 2579.9375, 762.7000, 18.7206
2025-12-10 18:34:55, 0.1138100863, 0.0988821767, 0.2403900166, 0.2623193748, 2774.3696, 2860.4348, 761.4750, 16.9094
2025-12-10 18:35:00, 0.0797779807, 0.0825220644, 0.1448023110, 0.1439988595, 2229.7917, 2282.2292, 764.8400, 19.3772
2025-12-10 18:35:06, 0.1140028574, 0.0688490747, 0.2425186053, 0.2367020470, 2678.4082, 2654.7755, 762.0300, 18.0604
2025-12-10 18:35:12, 0.0815856064, 0.0800086840, 0.2160350279, 0.2086153864, 2546.1429, 2523.3878, 761.6650, 17.4380
2025-12-10 18:35:18, 0.0739176999, 0.0869418080, 0.3268261336, 0.3070775069, 3010.1429, 3023.9184, 761.3950, 18.1394
2025-12-10 18:35:23, 0.0926723200, 0.0832283848, 0.2615497434, 0.3240814501, 2653.5676, 2757.7838, 763.6800, 17.2464
2025-12-10 18:35:29, 0.0742251510, 0.0619089382, 0.2408341675, 0.2873269970, 2642.3784, 2588.7838, 760.9950, 17.3576
2025-12-10 18:35:35, 0.0861001758, 0.0804923615, 0.3085768108, 0.2742325200, 2751.1463, 2704.3171, 761.5150, 19.4635
2025-12-10 18:35:40, 0.0797509317, 0.0798961193, 0.2053103800, 0.1799294794, 2857.1600, 2915.2800, 760.6400, 17.0411
2025-12-10 18:35:46, 0.0872735076, 0.0687193141, 0.4294833907, 0.3925046488, 2467.9762, 2381.5476, 761.5650, 19.2459
2025-12-10 18:35:52, 0.0992952490, 0.0913435347, 0.2572874067, 0.2955534428, 2451.6531, 2506.6122, 763.2350, 18.3022
2025-12-10 18:35:57, 0.0789782744, 0.0699572017, 0.3164511700, 0.3889214235, 2850.2778, 2879.2778, 763.5700, 19.4986
2025-12-10 18:36:03, 0.0842412250, 0.0642582485, 0.1815063836, 0.1942376673, 2381.3333, 2505.7692, 762.1700, 18.5430
2025-12-10 18:36:09, 0.0705940546, 0.0845039937, 0.2888557360, 0.3201820921, 2487.5000, 2492.0750, 761.3400, 17.5070
2025-12-10 18:36:15, 0.0791056760, 0.0969402928, 0.2280400716, 0.2380517168, 2338.1622, 2268.8378, 764.7250, 19.3455
2025-12-10 18:36:20, 0.1060493841, 0.0999252320, 0.2523835936, 0.2449770384, 2736.8718, 2726.0513, 762.5800, 18.8882
2025-12-10 18:36:26, 0.0992689101, 0.0685589158, 0.2966320256, 0.3854951400, 2655.2917, 2706.3542, 764.4150, 17.9545
2025-12-10 18:36:32, 0.0852705902, 0.0870060000, 0.1731615032, 0.1983467275, 2409.9355, 2440.6774, 767.0450, 18.0414
2025-12-10 18:36:38, 0.0691159080, 0.0694284816, 0.0971960267, 0.1376075638, 2236.5455, 2322.0000, 762.4650, 18.9023
2025-12-10 18:36:43, 0.0745169909, 0.0690083713, 0.2952318515, 0.3286981749, 2704.6087, 2794.0217, 765.8250, 16.6822
2025-12-10 18:36:49, 0.0575571600, 0.0711522836, 0.2546646724, 0.3514504637, 2305.7955, 2459.0455, 764.3450, 18.0371
2025-12-10 18:36:55, 0.0664944426, 0.0649701161, 0.2569962974, 0.2654849370, 2722.0400, 2767.4600, 764.5300, 17.5721
2025-12-10 18:37:00, 0.0766868949, 0.0765553421, 0.4265325925, 0.3778650254, 2999.5217, 2918.6304, 765.1550, 19.0368
2025-12-10 18:37:06, 0.0816177628, 0.0861963216, 0.2323719586, 0.2635508750, 2526.7838, 2634.9730, 765.1150, 17.4878
2025-12-10 18:37:12, 0.0837799629, 0.0809299884, 0.2566978160, 0.2233946157, 2717.7105, 2679.0263, 768.8850, 18.2489
2025-12-10 18:37:18, 0.0592679110, 0.0457629044, 0.2824318536, 0.2649963333, 2369.3750, 2408.6750, 767.1900, 17.2466
2025-12-10 18:37:23, 0.0958839471, 0.1394372171, 0.2084780926, 0.1961723485, 2649.7059, 2636.7647, 766.9750, 16.2186
2025-12-10 18:37:30, 0.0887390704, 0.0891268842, 0.1959582503, 0.2077542886, 2569.6111, 2656.2778, 763.5550, 17.5959
2025-12-10 18:37:35, 0.0933205837, 0.1140497089, 0.2623096184, 0.2529841891, 2743.4595, 2867.2973, 765.6000, 16.8988
2025-12-10 18:37:41, 0.0880624795, 0.0929680726, 0.2717650565, 0.2865607393, 2637.6500, 2627.9500, 769.5300, 17.8017
2025-12-10 18:37:47, 0.0667671593, 0.0846999083, 0.2674677428, 0.2391194418, 2840.8293, 2894.5854, 766.4400, 17.5096
2025-12-10 18:37:52, 0.0884613063, 0.0942110049, 0.1652752928, 0.1426672371, 2520.4545, 2597.5455, 763.1450, 18.4216
2025-12-10 18:37:58, 0.1168518055, 0.0898238410, 0.4912625085, 0.4109887982, 2413.3750, 2463.8958, 770.4700, 16.5574
2025-12-10 18:38:04, 0.1203273902, 0.0788373003, 0.2803174201, 0.2343895812, 2985.7674, 2916.6512, 764.2300, 17.8538
2025-12-10 18:38:09, 0.0898282064, 0.0752117686, 0.1510997234, 0.1608411800, 2274.5750, 2310.7000, 766.6000, 18.0859
2025-12-10 18:38:15, 0.1170464576, 0.1296219361, 0.2340079300, 0.2070893104, 2849.1000, 2925.4250, 765.8200, 17.8686
2025-12-10 18:38:21, 0.0863603111, 0.0793577580, 0.4683978510, 0.4976597241, 2493.7143, 2521.1837, 765.5800, 16.3206
2025-12-10 18:38:26, 0.0814481771, 0.1066687132, 0.3892893241, 0.3248061388, 2779.5833, 2723.6042, 766.0850, 18.9994
2025-12-10 18:38:32, 0.0969497383, 0.0917944652, 0.3775209744, 0.2861277214, 2994.9070, 2811.1628, 764.0500, 18.6908
2025-12-10 18:38:38, 0.1061984370, 0.0925437093, 0.2639360029, 0.2775636031, 2336.1778, 2406.8667, 764.1900, 17.7091
2025-12-10 18:38:44, 0.0737053914, 0.0729166376, 0.2469083884, 0.2301607574, 2442.5200, 2491.1200, 764.7300, 20.4364
2025-12-10 18:38:50, 0.0753717994, 0.0633592442, 0.2853612309, 0.2922554761, 3019.1818, 3082.4318, 763.6350, 18.1006
2025-12-10 18:38:55, 0.1022756630, 0.0753031478, 0.3375580148, 0.2721314408, 2906.9600, 3011.6200, 764.1050, 21.0780
2025-12-10 18:39:01, 0.0875178323, 0.0729772781, 0.1764030877, 0.1997650054, 2463.3673, 2373.5306, 766.3100, 19.6215
2025-12-10 18:39:07, 0.1117100881, 0.0795075246, 0.2867643436, 0.1709076941, 2950.1290, 2737.9032, 767.1300, 18.7695
2025-12-10 18:39:12, 0.1072164669, 0.0861184317, 0.2070515533, 0.1851904468, 2545.5641, 2616.2308, 766.9600, 17.4570
2025-12-10 18:39:18, 0.0859096255, 0.0726759440, 0.1994582416, 0.1926730724, 2711.5079, 2717.7937, 767.3550, 17.0519
2025-12-10 18:39:24, 0.1111143216, 0.0675833527, 0.2583348210, 0.2094768909, 2689.2143, 2715.5714, 766.8000, 18.1000
2025-12-10 18:39:29, 0.0763262719, 0.0941637549, 0.4175024199, 0.2434570972, 2684.2000, 2491.7000, 766.8350, 18.4821
2025-12-10 18:39:35, 0.1045697402, 0.1159443387, 0.1537181744, 0.1422934395, 2253.3636, 2303.1591, 761.1000, 16.6535
2025-12-10 18:39:41, 0.0873371405, 0.0597988194, 0.2566639857, 0.2477965587, 2742.5682, 2714.0682, 764.7900, 17.2179
2025-12-10 18:39:47, 0.0827131120, 0.0676805905, 0.2892649670, 0.2868976812, 2519.1250, 2485.9250, 763.6100, 17.6869
2025-12-10 18:39:52, 0.0801047098, 0.0837722109, 0.2259366220, 0.1839846264, 2568.2692, 2521.7115, 764.1000, 17.7874
2025-12-10 18:39:58, 0.0913231681, 0.0723904105, 0.1994280703, 0.1753961757, 2396.3488, 2365.2558, 763.1950, 19.9874
2025-12-10 18:40:03, 0.0924590257, 0.0993326486, 0.2082928524, 0.1800351632, 2890.0488, 2812.5366, 763.9600, 18.2299
2025-12-10 18:40:09, 0.0610077608, 0.0600654834, 0.2397250013, 0.3195960037, 2430.2000, 2518.5778, 762.1750, 19.4431
2025-12-10 18:40:15, 0.0865627538, 0.0718671852, 0.2859065868, 0.2620611912, 3010.3148, 3049.7593, 763.7400, 17.5163
2025-12-10 18:40:21, 0.0694146924, 0.1017253442, 0.3107813235, 0.3432506354, 2711.9184, 2678.4898, 767.2250, 21.2653
2025-12-10 18:40:27, 0.0571192906, 0.0547880445, 0.2371367298, 0.2633271666, 2327.2571, 2288.7429, 766.3250, 19.7350
2025-12-10 18:40:32, 0.0894710740, 0.0829190163, 0.2396017560, 0.1868427981, 2321.4800, 2260.6200, 765.2100, 19.8617
2025-12-10 18:40:38, 0.0884298564, 0.0901447477, 0.2515933558, 0.2407167781, 2466.3455, 2397.3273, 765.8050, 18.8660
2025-12-10 18:40:43, 0.0949459814, 0.0843378785, 0.1898641995, 0.2034146843, 2786.1373, 2791.8431, 768.2300, 20.4124
2025-12-10 18:40:49, 0.0938005629, 0.0849872867, 0.2402185065, 0.2313225941, 2918.2745, 2974.1569, 769.0200, 18.6815
2025-12-10 18:40:55, 0.1384938328, 0.1270859327, 0.1951070833, 0.2395155713, 2801.6383, 2701.9787, 765.8150, 20.0831
2025-12-10 18:41:00, 0.0735508148, 0.0840769076, 0.2490966643, 0.2695823069, 2431.3095, 2465.0714, 767.3300, 20.4932
2025-12-10 18:41:06, 0.1179547781, 0.1200292934, 0.2422957434, 0.2694687476, 2453.2292, 2624.5625, 769.0050, 20.6919
2025-12-10 18:41:12, 0.0978816245, 0.0923693819, 0.2190998968, 0.2217121745, 2544.6667, 2536.7143, 768.6500, 21.3677
2025-12-10 18:41:18, 0.0759237215, 0.0944799000, 0.3104134777, 0.3350023511, 2771.4898, 2826.2857, 770.2200, 20.5860
2025-12-10 18:41:23, 0.1584822977, 0.1438632757, 0.2188668758, 0.1502582568, 2607.8611, 2490.9722, 771.5600, 21.7011
2025-12-10 18:41:29, 0.1251112497, 0.0870140639, 0.3014901694, 0.2153832588, 2809.8684, 2791.7368, 767.4050, 20.8648
2025-12-10 18:41:35, 0.1014775480, 0.0944456679, 0.2393173043, 0.2666127187, 2732.5581, 2821.5116, 767.6950, 20.9505
2025-12-10 18:41:40, 0.1023039482, 0.1001264543, 0.1780487473, 0.1986734401, 2837.5102, 2840.4286, 766.2200, 19.6546
2025-12-10 18:41:46, 0.0999587414, 0.0851037281, 0.1802185207, 0.2092514329, 2553.4667, 2597.0222, 767.0250, 17.9088
2025-12-10 18:41:52, 0.0834907323, 0.0996539779, 0.1558883994, 0.1371305862, 2346.0000, 2350.0217, 766.8700, 18.6934
2025-12-10 18:41:58, 0.0936201809, 0.0809781381, 0.2172094308, 0.2098197381, 2290.8750, 2220.2917, 765.0350, 18.0218
2025-12-10 18:42:03, 0.0778962224, 0.0714181701, 0.2540121188, 0.3541220682, 2729.8814, 2808.3220, 765.6750, 16.4845
2025-12-10 18:42:09, 0.0721218953, 0.0555685056, 0.3448838391, 0.3201353107, 2557.2545, 2551.0909, 768.4150, 17.9709
2025-12-10 18:42:15, 0.0750146915, 0.0892353202, 0.2128761771, 0.2214310744, 2458.2143, 2465.7619, 768.6700, 18.5882
2025-12-10 18:42:20, 0.0879767409, 0.0750633736, 0.2992522681, 0.3015959303, 2256.1042, 2297.5208, 760.2200, 17.5921
2025-12-10 18:42:26, 0.1232790304, 0.1173593462, 0.1471936949, 0.1754937843, 2259.0233, 2337.0233, 760.9050, 19.3297
2025-12-10 18:42:32, 0.0818636294, 0.0814758573, 0.3768137896, 0.2915417296, 2521.0000, 2398.5962, 759.3100, 20.4422
2025-12-10 18:42:37, 0.0907238277, 0.1109097156, 0.2987527872, 0.3580016182, 2704.1364, 2733.5455, 761.3250, 18.6845
2025-12-10 18:42:50, 0.1036222857, 0.0815408348, 0.3458679573, 0.3556278589, 2559.4186, 2590.2326, 758.8400, 16.3424
2025-12-10 18:42:55, 0.1183643518, 0.1069900303, 0.2014756651, 0.2253948822, 2680.2653, 2767.7347, 759.4900, 18.9225
2025-12-10 18:43:01, 0.0985826016, 0.0944399453, 0.4173480548, 0.4005577146, 2240.6216, 2342.3514, 757.3650, 19.3487
2025-12-10 18:43:06, 0.0886144512, 0.0796559192, 0.3011901419, 0.2136473411, 2450.7292, 2421.2292, 757.0150, 20.0722
2025-12-10 18:43:12, 0.0723358876, 0.0799281335, 0.2181261518, 0.2072311728, 2509.6750, 2365.6250, 756.2350, 19.6629
2025-12-10 18:43:18, 0.0694867402, 0.0628218885, 0.1875741687, 0.2440498508, 2226.7451, 2238.9216, 761.9250, 17.7823
2025-12-10 18:43:24, 0.0768507209, 0.0657633623, 0.2622676702, 0.3077728019, 2213.7381, 2296.1429, 759.6550, 19.4878
2025-12-10 18:43:30, 0.0817143145, 0.0916372648, 0.1788118220, 0.2242351418, 2171.9512, 2294.8049, 758.8050, 18.2331
2025-12-10 18:43:35, 0.1066890029, 0.0798232536, 0.2404367715, 0.2376917183, 2643.5581, 2637.0000, 761.0750, 19.5913
2025-12-10 18:43:41, 0.0809585600, 0.0911741296, 0.2513058866, 0.2134935192, 2397.4906, 2385.3208, 755.8800, 17.6894
2025-12-10 18:43:47, 0.0977813301, 0.0908263057, 0.3619341709, 0.3721314472, 2846.1698, 2746.0000, 760.0050, 17.5933
2025-12-10 18:43:53, 0.0958755334, 0.0902190015, 0.3274329582, 0.2231074185, 2561.3542, 2401.7708, 758.7800, 17.1803
2025-12-10 18:43:59, 0.0706935518, 0.0631976403, 0.2279358711, 0.3257977478, 2074.1569, 2092.0196, 760.5750, 19.6195
2025-12-10 18:44:05, 0.0696376921, 0.0684753834, 0.2180251247, 0.2100492623, 2339.5098, 2386.3333, 758.4350, 17.2103
2025-12-10 18:44:10, 0.0924402934, 0.0739496695, 0.2875221004, 0.2758791220, 2465.5849, 2489.9623, 760.1150, 17.8043
2025-12-10 18:44:16, 0.1397528489, 0.1079834889, 0.1334080894, 0.0925274045, 2279.3784, 2242.5946, 769.3900, 19.7286
2025-12-10 18:44:22, 0.0891707588, 0.0791045877, 0.2708821464, 0.2825891542, 2574.4717, 2572.2642, 766.7400, 17.9542
2025-12-10 18:44:27, 0.0896704142, 0.0649889738, 0.3219766858, 0.3134947364, 2221.1702, 2256.7234, 760.9800, 19.2940
2025-12-10 18:44:33, 0.0940269144, 0.0869147544, 0.1797958717, 0.1912872863, 2500.8421, 2443.4211, 767.0100, 17.8135
2025-12-10 18:44:39, 0.0633700592, 0.1095506839, 0.3062018260, 0.3023461757, 2517.9672, 2384.6557, 764.7750, 16.5664
2025-12-10 18:44:44, 0.0733842245, 0.0728471364, 0.3780509163, 0.3574829262, 2422.7143, 2430.2381, 766.7600, 17.4480
2025-12-10 18:44:50, 0.1290886648, 0.0874572025, 0.5346532423, 0.4924497696, 2797.6098, 2788.9756, 764.0300, 17.8516
2025-12-10 18:44:56, 0.0868390074, 0.0876396114, 0.1154087918, 0.1532825534, 2055.0652, 2194.0870, 763.7400, 18.8033
2025-12-10 18:45:02, 0.1040461150, 0.0913758922, 0.2893268803, 0.3852120586, 2215.5000, 2253.2045, 763.2400, 17.3405
2025-12-10 18:45:07, 0.0834849804, 0.0812343752, 0.1980904542, 0.2268178281, 2310.3810, 2287.2619, 766.6400, 18.8955
2025-12-10 18:45:13, 0.0888526896, 0.0756279873, 0.2536474502, 0.2256093404, 2463.0638, 2548.7234, 765.4350, 18.0609
2025-12-10 18:45:18, 0.0904021116, 0.0924276742, 0.2594688615, 0.1814441959, 2489.2545, 2418.6727, 763.4100, 19.0977
2025-12-10 18:45:24, 0.0999810574, 0.1018999382, 0.2429069769, 0.2328093577, 2539.1750, 2464.4500, 761.6700, 17.7302
2025-12-10 18:45:30, 0.0951392497, 0.0722021533, 0.3424310902, 0.3770324001, 2503.5333, 2452.8222, 765.2150, 19.9699
2025-12-10 18:45:36, 0.1134518588, 0.0700121816, 0.2150358432, 0.2536064355, 2441.3571, 2482.7143, 769.2600, 19.1602
2025-12-10 18:45:41, 0.1256933355, 0.0839070839, 0.3282987175, 0.2532000254, 2248.2600, 2201.3800, 770.0300, 18.9713
2025-12-10 18:45:47, 0.0837853371, 0.0911417061, 0.2413021565, 0.2890318934, 2506.0351, 2494.5789, 766.6100, 19.0184
2025-12-10 18:45:53, 0.1066233521, 0.0897799722, 0.2226658900, 0.2369826782, 2431.2955, 2465.0455, 770.3750, 18.9714
2025-12-10 18:45:58, 0.0967631868, 0.0800307689, 0.2736444854, 0.2749791495, 2348.0426, 2347.0213, 771.7150, 19.4055
2025-12-10 18:46:04, 0.0783828009, 0.0825868192, 0.3105802082, 0.3335691492, 2405.0000, 2351.6667, 775.2950, 18.2400
2025-12-10 18:46:10, 0.0600825551, 0.0679268025, 0.3780872715, 0.2909121753, 2530.2292, 2391.3542, 772.2750, 17.3144
2025-12-10 18:46:15, 0.1206230204, 0.1006676125, 0.1787849284, 0.1528476419, 2484.6061, 2593.0606, 770.8500, 17.1180
2025-12-10 18:46:21, 0.0906648916, 0.0808412399, 0.2922240348, 0.2679050279, 2443.3396, 2407.0943, 769.9450, 17.2175
2025-12-10 18:46:27, 0.0824578735, 0.1178959051, 0.3210089569, 0.3184580306, 2580.0377, 2660.5849, 771.4050, 18.8659
2025-12-10 18:46:32, 0.0590835928, 0.0651284464, 0.2116156143, 0.2110826505, 2223.3182, 2250.6136, 768.5500, 18.1090
2025-12-10 18:46:38, 0.0907388575, 0.0793732806, 0.2561093062, 0.3067067184, 2406.6522, 2430.6087, 772.6650, 17.5913
2025-12-10 18:46:44, 0.0990811547, 0.1085790194, 0.4136971763, 0.2722207323, 2497.3488, 2348.7907, 771.3400, 19.5250
2025-12-10 18:46:49, 0.1045226359, 0.1109678830, 0.1909101014, 0.2322119844, 2128.7222, 2187.2963, 770.9250, 18.6097
2025-12-10 18:46:55, 0.1028340562, 0.0991460165, 0.2156542362, 0.1794167079, 2075.3750, 2103.3571, 763.5950, 16.8419
2025-12-10 18:47:01, 0.0902177536, 0.0772562655, 0.3411222726, 0.2796135549, 2593.1739, 2521.7826, 767.3800, 19.0075
2025-12-10 18:47:06, 0.0936510001, 0.0971538340, 0.2445311453, 0.2900615566, 2570.7561, 2685.1707, 763.9350, 18.8515
2025-12-10 18:47:12, 0.1024951650, 0.1025593795, 0.2089671806, 0.2426913071, 2306.0588, 2218.3725, 765.0500, 17.2470
2025-12-10 18:47:18, 0.0978516857, 0.0830549510, 0.2626231133, 0.1801209787, 2635.1556, 2507.8889, 764.9650, 17.3598
2025-12-10 18:47:23, 0.0754060368, 0.0744655015, 0.1946690394, 0.2080470106, 2153.5833, 2210.0208, 767.1900, 17.8071
2025-12-10 18:47:29, 0.0781105095, 0.0744622274, 0.2970680195, 0.3264375473, 2582.5098, 2638.0000, 764.0050, 17.8669
2025-12-10 18:47:35, 0.0938341685, 0.0878621271, 0.2235172309, 0.2595961567, 2341.4634, 2330.1463, 765.7150, 16.7294
2025-12-10 18:47:41, 0.0879994397, 0.0640342046, 0.4673640260, 0.3717010084, 2497.4773, 2434.3409, 767.9000, 18.4299
2025-12-10 18:47:47, 0.0836616369, 0.0647269158, 0.3566944007, 0.2859129536, 2723.5918, 2602.0816, 766.7800, 18.9769
2025-12-10 18:47:52, 0.0973927893, 0.0742596328, 0.2689049202, 0.2582302092, 2266.2407, 2218.1481, 764.0200, 17.5140
2025-12-10 18:47:58, 0.1533012994, 0.0722916551, 0.2279576019, 0.2256338552, 2558.8378, 2597.9730, 768.2350, 16.5460
2025-12-10 18:48:04, 0.0717033938, 0.0738724501, 0.1906122107, 0.2016145746, 2154.4630, 2235.2963, 766.8050, 17.9574
2025-12-10 18:48:09, 0.0803334231, 0.0687499290, 0.2698338155, 0.2348454268, 2430.9216, 2444.7059, 763.8550, 17.2338
2025-12-10 18:48:15, 0.1299253066, 0.0905315833, 0.1916811279, 0.2372588549, 2748.3261, 2737.0217, 766.3050, 18.0746
2025-12-10 18:48:21, 0.1028266804, 0.0876144800, 0.3764966953, 0.4358317724, 2627.3400, 2602.2200, 765.3250, 17.8252
2025-12-10 18:48:26, 0.1091314111, 0.1007960364, 0.2331556230, 0.2382913024, 2081.6667, 2076.4375, 765.1200, 17.1282
2025-12-10 18:48:32, 0.0701675461, 0.0630917570, 0.4160779298, 0.3193658551, 2769.5294, 2728.6275, 765.1450, 18.0495
2025-12-10 18:48:38, 0.0965649494, 0.0673623426, 0.2149035174, 0.1652352877, 2063.3846, 2054.4615, 765.5300, 18.7720
2025-12-10 18:48:43, 0.0779067575, 0.0721376547, 0.4102635222, 0.3466765499, 2272.3091, 2270.3273, 767.1950, 17.4624
2025-12-10 18:48:49, 0.1353025421, 0.0869704635, 0.2853236452, 0.2314570106, 2287.7551, 2252.2449, 764.1850, 17.0033
2025-12-10 18:48:55, 0.1116489934, 0.0913683438, 0.2613110209, 0.2516676183, 2238.9524, 2217.8571, 760.4300, 17.8453
2025-12-10 18:49:01, 0.0719022019, 0.0652004901, 0.2853013550, 0.2645502428, 2388.6400, 2466.7800, 760.5300, 18.9272
2025-12-10 18:49:06, 0.1179439547, 0.0782863898, 0.2153147975, 0.2537185815, 2593.5000, 2636.9762, 762.7650, 17.0232
2025-12-10 18:49:12, 0.0993977954, 0.1020970501, 0.2734605229, 0.2155949725, 2399.5000, 2271.7083, 761.8750, 17.0631
2025-12-10 18:49:18, 0.0720647025, 0.0734602245, 0.2795587321, 0.3201252667, 2220.2857, 2225.5714, 760.8000, 18.4976
2025-12-10 18:49:24, 0.0987431393, 0.0772942786, 0.1816011773, 0.1581676682, 2460.3191, 2572.8936, 760.6350, 17.7809
2025-12-10 18:49:29, 0.0832984753, 0.0846849445, 0.2397557310, 0.2053787094, 2296.2791, 2194.5581, 759.8500, 16.9026
2025-12-10 18:49:35, 0.0313709511, 0.0294187973, 0.2161241026, 0.2464236063, 2392.9762, 2586.9048, 762.0550, 20.3885
2025-12-10 18:49:41, 0.0754763106, 0.0752315467, 0.1879862473, 0.1694147838, 2274.1429, 2229.3333, 759.2050, 19.8230
2025-12-10 18:49:52, 0.0949687421, 0.0683020825, 0.5044716382, 0.4997240546, 2156.6667, 2165.3778, 757.4850, 17.5399
2025-12-10 18:49:58, 0.0721746424, 0.0675819586, 0.2906189883, 0.2829674235, 2285.7647, 2189.5294, 757.3250, 17.8930
2025-12-10 18:50:04, 0.0939091531, 0.0680361462, 0.2118528507, 0.2727659342, 2332.6522, 2504.0870, 757.6700, 18.2456
2025-12-10 18:50:09, 0.0759930708, 0.0676201040, 0.3912738988, 0.3990153746, 2420.7451, 2450.2549, 759.6900, 18.3909
2025-12-10 18:50:15, 0.1081130076, 0.0919223734, 0.1919493326, 0.1402661263, 2426.3696, 2354.5217, 760.3450, 18.2342
2025-12-10 18:50:21, 0.0742092263, 0.0873158630, 0.2308154061, 0.1952523613, 2317.8846, 2241.1731, 758.6250, 20.0966
2025-12-10 18:50:27, 0.0870828966, 0.0820497595, 0.1419421422, 0.1169476260, 1938.0238, 1900.5714, 759.7350, 18.3351
2025-12-10 18:50:32, 0.0927916571, 0.0749030481, 0.2080836321, 0.1583004383, 1967.5625, 1955.9375, 761.2100, 18.3792
2025-12-10 18:50:38, 0.0862210085, 0.0036939152, 0.2334402179, 0.1798313100, 2121.9250, 2083.6750, 759.1100, 17.2635
2025-12-10 18:50:43, 0.0759217816, 0.0739577589, 0.2140536317, 0.2877578596, 2321.6596, 2405.9787, 761.1150, 18.0109
2025-12-10 18:50:49, 0.0550285590, 0.0791963883, 0.3187094660, 0.2736837370, 2104.3333, 2065.2549, 759.2350, 18.8138
2025-12-10 18:50:55, 0.0924543677, 0.0825709073, 0.3008839741, 0.3987584877, 2470.6792, 2655.0377, 762.8650, 20.1121
2025-12-10 18:51:01, 0.0700359558, 0.0549528771, 0.1881165544, 0.1450447384, 2092.1818, 2083.4182, 760.4450, 17.9743
2025-12-10 18:51:07, 0.0652611833, 0.0582772375, 0.3776640516, 0.3270889113, 2374.6735, 2426.2041, 759.3750, 17.7413
2025-12-10 18:51:12, 0.0814704004, 0.0662224974, 0.2227794695, 0.2458283232, 1993.3462, 1945.0000, 760.2800, 19.8172
2025-12-10 18:51:18, 0.0950189222, 0.0720304968, 0.2174367725, 0.2858979522, 2070.1800, 2067.9400, 761.1950, 17.8820
2025-12-10 18:51:24, 0.0625017452, 0.0626798494, 0.1307731481, 0.1342525617, 1888.2979, 1920.5957, 758.8700, 18.8747
2025-12-10 18:51:30, 0.0667450052, 0.1076922927, 0.2151409190, 0.3304213484, 2194.3429, 2240.7714, 757.2800, 17.5665
2025-12-10 18:51:35, 0.0268239213, 0.0491840678, 0.3462688187, 0.2998178691, 2378.7308, 2371.1923, 755.5050, 17.6238
2025-12-10 18:51:41, 0.0755676705, 0.0688297192, 0.4137010607, 0.4503981637, 2362.7857, 2386.0238, 756.2250, 19.0561
2025-12-10 18:51:47, 0.0787928877, 0.0493677392, 0.3447307496, 0.2784023904, 2485.6585, 2507.2195, 757.0300, 17.8810
2025-12-10 18:51:52, 0.0681025437, 0.0722508104, 0.2741785145, 0.2082046602, 2050.7500, 2003.9545, 756.3250, 17.2881
2025-12-10 18:51:58, 0.0641208664, 0.0617095233, 0.1918900085, 0.1579881181, 2316.2143, 2208.8571, 757.9350, 18.7936
2025-12-10 18:52:04, 0.0710447325, 0.0761995347, 0.2640294731, 0.2480863770, 2357.2941, 2428.8039, 757.3950, 18.8329
2025-12-10 18:52:09, 0.0614326431, 0.0741951446, 0.1759508822, 0.1543779782, 2250.5366, 2209.2439, 758.8900, 20.1462
2025-12-10 18:52:15, 0.0839806932, 0.0968254440, 0.2619260975, 0.2417691943, 2268.9706, 2193.8529, 757.9100, 19.4013
2025-12-10 18:52:21, 0.0752672940, 0.0627647213, 0.2383981283, 0.3456553338, 2406.1250, 2460.1458, 756.4250, 18.3631
2025-12-10 18:52:26, 0.0695592963, 0.0762877719, 0.2087171172, 0.2657547672, 2242.8780, 2349.3415, 757.4050, 18.4519
2025-12-10 18:52:32, 0.0848240371, 0.0825081822, 0.2163485304, 0.2091563149, 2248.1887, 2300.4528, 758.1350, 18.1633
2025-12-10 18:52:38, 0.0702359348, 0.0677483463, 0.3046170651, 0.2326291660, 2327.7170, 2258.8302, 759.0950, 18.8800
2025-12-10 18:52:43, 0.1087896315, 0.1100023793, 0.2286146879, 0.2372005082, 2263.8085, 2321.1277, 761.7750, 19.2129
2025-12-10 18:52:49, 0.0850469179, 0.0920484761, 0.1704051063, 0.1719251945, 2347.8723, 2409.3617, 758.8750, 17.0921
2025-12-10 18:52:55, 0.0830006114, 0.0695362713, 0.1706343432, 0.1771538049, 2234.7255, 2318.3529, 759.3450, 20.2093
2025-12-10 18:53:00, 0.0751284461, 0.0609104143, 0.2494609431, 0.2626939846, 2413.5000, 2397.2105, 760.0000, 19.1917
2025-12-10 18:53:06, 0.1121378536, 0.0920926324, 0.2006347045, 0.2078407010, 2252.3200, 2269.8200, 761.2050, 15.4260
2025-12-10 18:53:12, 0.1147417052, 0.0691873897, 0.2019454964, 0.1728227045, 2409.7719, 2301.1404, 758.1750, 15.9629
2025-12-10 18:53:17, 0.0858339010, 0.0805291786, 0.3439860252, 0.2723742567, 2088.4500, 2093.7500, 760.7850, 16.5665
2025-12-10 18:53:23, 0.0893063606, 0.0671678539, 0.1720963696, 0.1347978281, 1994.2195, 1973.0000, 758.7900, 18.0977
2025-12-10 18:53:29, 0.0751793300, 0.0670682126, 0.3122966517, 0.2206405778, 2336.3556, 2327.8000, 760.3850, 16.9445
2025-12-10 18:53:34, 0.0749323406, 0.0714783148, 0.1537426949, 0.1401249251, 2249.1842, 2142.7632, 763.0950, 18.9883
2025-12-10 18:53:40, 0.0800557674, 0.0626444590, 0.3299558723, 0.2487390763, 2427.2632, 2365.3947, 761.0800, 17.2228
2025-12-10 18:53:46, 0.1019307496, 0.0652316658, 0.1606359172, 0.1612967022, 2265.9333, 2230.2889, 761.4050, 19.1340
2025-12-10 18:53:51, 0.1135590638, 0.1174601370, 0.2183353027, 0.2864868812, 2103.7451, 2197.7451, 764.7100, 17.9350
2025-12-10 18:53:57, 0.0968183608, 0.0883280344, 0.2495697828, 0.2786595116, 2323.0455, 2401.6364, 760.0400, 16.8208
2025-12-10 18:54:03, 0.0867105893, 0.0818522295, 0.1766496681, 0.1455534003, 2183.2955, 2128.6818, 762.5200, 17.6156
2025-12-10 18:54:09, 0.0954314678, 0.0933188431, 0.1927409708, 0.1936197824, 1980.3171, 1986.6585, 762.0300, 16.6610
2025-12-10 18:54:15, 0.0692912186, 0.0817212514, 0.2468998633, 0.2671592476, 2109.7719, 2029.7544, 761.8550, 17.0348
2025-12-10 18:54:20, 0.0711178874, 0.0488449319, 0.1365860043, 0.1970300890, 1991.7907, 2046.2326, 764.1750, 17.5666
2025-12-10 18:54:26, 0.0869463180, 0.0673592321, 0.2210013042, 0.1992710102, 2099.8837, 2124.9535, 762.2700, 18.8414
2025-12-10 18:54:32, 0.0678280079, 0.0687692063, 0.1054932893, 0.0876560153, 1833.1364, 1847.3636, 764.5900, 18.2190
2025-12-10 18:54:37, 0.0650826731, 0.0714363487, 0.2445755023, 0.2857396977, 2389.3056, 2612.2500, 761.9350, 18.6711
2025-12-10 18:54:43, 0.0817745993, 0.0840610720, 0.1709713958, 0.1756945015, 2194.2250, 2136.5750, 763.6950, 18.2401
2025-12-10 18:54:49, 0.0941501629, 0.0724093530, 0.1489926822, 0.1562331678, 1890.3636, 1882.3636, 766.0700, 18.5339
2025-12-10 18:54:54, 0.0717242560, 0.0766834643, 0.1470861421, 0.1500226386, 1720.0625, 1773.3958, 766.1600, 19.0390
2025-12-10 18:55:00, 0.0520949778, 0.0574191556, 0.1457166597, 0.1433120615, 2019.9074, 1983.6481, 765.8450, 17.5685
2025-12-10 18:55:06, 0.0906102215, 0.0948923246, 0.1303871147, 0.1299538797, 1977.2250, 1955.9000, 764.8500, 18.5496
2025-12-10 18:55:12, 0.0668401110, 0.0603318614, 0.1789353508, 0.2119801315, 2222.4750, 2365.1000, 764.0500, 18.8361
2025-12-10 18:55:17, 0.0790482332, 0.0555201863, 0.1223312093, 0.1102158846, 1870.6552, 1758.5862, 766.5600, 18.9126
2025-12-10 18:55:23, 0.0855210121, 0.0678354304, 0.2752570761, 0.3564266255, 1943.2097, 1987.7097, 767.8950, 17.0547
2025-12-10 18:55:29, 0.0764731613, 0.0685686686, 0.1529360784, 0.1784405985, 1956.5926, 1958.6111, 764.5300, 18.0308
2025-12-10 18:55:34, 0.0810993836, 0.0602172559, 0.1406859446, 0.1172909845, 2018.4444, 1988.4667, 770.6850, 18.8350
2025-12-10 18:55:40, 0.0599175328, 0.0515315776, 0.1506978605, 0.1438359577, 1778.2308, 1814.2500, 770.8600, 18.5273
2025-12-10 18:55:46, 0.0472047428, 0.0546928372, 0.1120793387, 0.1269981218, 1935.2200, 1922.6600, 771.3650, 17.6154
2025-12-10 18:55:51, 0.0577977621, 0.0654785751, 0.1949524330, 0.2227249745, 1974.3333, 1993.9608, 773.2000, 17.6460
2025-12-10 18:55:57, 0.0615405656, 0.0744557846, 0.1953731262, 0.1935136469, 1977.3091, 1917.3455, 770.7800, 18.8669
2025-12-10 18:56:10, 0.0884608188, 0.1142851570, 0.4324090368, 0.3499497785, 2227.8500, 2124.4250, 773.7800, 18.5046
2025-12-10 18:56:15, 0.0802011013, 0.0766765499, 0.1447272044, 0.1406820224, 1855.9000, 1839.1800, 774.4350, 17.4779
2025-12-10 18:56:21, 0.0526817560, 0.0569482041, 0.1550734553, 0.1560936028, 1854.8269, 1894.8269, 767.9400, 20.1123
2025-12-10 18:56:27, 0.0855441472, 0.0636603452, 0.1379704310, 0.2086370231, 1943.5778, 2070.6667, 767.7850, 17.9223
2025-12-10 18:56:32, 0.0883396139, 0.0975634808, 0.2092481513, 0.1959474688, 2090.4510, 2066.1569, 769.9950, 19.2758
2025-12-10 18:56:38, 0.1133562062, 0.1199905856, 0.2333139040, 0.2118304436, 1955.9615, 1925.4808, 768.8250, 19.1654
2025-12-10 18:56:44, 0.0835226431, 0.0930943543, 0.1259311461, 0.1438164744, 1612.3333, 1563.8333, 767.8350, 19.5872
2025-12-10 18:56:49, 0.0864143927, 0.1278178661, 0.2055617093, 0.1977702381, 2063.0638, 2069.6170, 766.6150, 18.9535
2025-12-10 18:56:55, 0.0872900577, 0.1024980618, 0.1319853241, 0.1401327765, 1947.3958, 1957.8750, 767.6200, 18.6058
2025-12-10 18:57:01, 0.0798795065, 0.0917545771, 0.1067819604, 0.0967075742, 1737.8571, 1716.3571, 770.2500, 18.4122
2025-12-10 18:57:06, 0.1162282270, 0.0832866573, 0.1560227248, 0.1273296769, 1903.8649, 1917.7297, 760.7900, 20.3434
2025-12-10 18:57:12, 0.0822541421, 0.0992439647, 0.1751772728, 0.1220571067, 1881.0600, 1834.0600, 769.5300, 18.6871
2025-12-10 18:57:18, 0.0766287192, 0.1040444110, 0.1394662856, 0.1017565167, 2108.5510, 2128.2857, 763.2650, 18.3601
2025-12-10 18:57:24, 0.0887643093, 0.0919272299, 0.2338529778, 0.2235280200, 2140.2667, 2100.5556, 762.6900, 18.7996
2025-12-10 18:57:29, 0.0972223281, 0.0803003351, 0.2612417612, 0.2411131935, 2042.0000, 2081.5789, 761.0900, 19.2783
2025-12-10 18:57:35, 0.0888874777, 0.0738816931, 0.1564308841, 0.1702786074, 1757.3111, 1835.8222, 765.4600, 16.9481
2025-12-10 18:57:40, 0.1134561454, 0.1206915603, 0.3795806776, 0.1742116978, 2108.0233, 2098.5116, 762.5800, 19.1816
2025-12-10 18:57:46, 0.0976000044, 0.1008993477, 0.1319777087, 0.1456641825, 2173.4906, 2222.7170, 763.9900, 20.1162
2025-12-10 18:57:52, 0.1266964615, 0.0674733941, 0.1298328680, 0.1286816123, 2002.3061, 2037.9184, 763.8350, 19.2764
2025-12-10 18:57:58, 0.0170992212, 0.0164431606, 0.2106776661, 0.2301369141, 1750.5102, 1773.7347, 764.0200, 20.5801
2025-12-10 18:58:03, 0.0851523943, 0.0589699804, 0.2979402279, 0.2244611869, 2090.4054, 2040.3514, 764.6200, 18.2131
2025-12-10 18:58:09, 0.0815730163, 0.0686315416, 0.3114521590, 0.3278344222, 2340.5111, 2393.2000, 765.7450, 17.0441
2025-12-10 18:58:15, 0.1051439278, 0.0775652695, 0.2481811211, 0.2827035537, 2138.4667, 2224.0444, 766.6250, 17.0966
2025-12-10 18:58:20, 0.0724181090, 0.0955502735, 0.2278003171, 0.2032903550, 2265.7609, 2216.5435, 762.2800, 19.2489
2025-12-10 18:58:26, 0.0788350147, 0.0767293162, 0.2621149898, 0.2215091605, 1972.9070, 1955.4651, 763.0700, 19.9303
2025-12-10 18:58:32, 0.0619898713, 0.0770756154, 0.1786307565, 0.1703063376, 2072.3725, 2135.8039, 762.6150, 16.3709
2025-12-10 18:58:37, 0.0842169170, 0.0812421993, 0.1835429698, 0.2556426860, 2411.2115, 2469.4423, 761.9550, 16.3084
2025-12-10 18:58:43, 0.1062037634, 0.0764175753, 0.1882248714, 0.1914049829, 2218.4340, 2174.8491, 765.9300, 18.6337
2025-12-10 18:58:49, 0.0988826429, 0.0794641443, 0.2165362663, 0.2240042937, 2026.7209, 2123.5581, 761.5350, 20.0242
2025-12-10 18:58:55, 0.0994293051, 0.1072604197, 0.1431084942, 0.1811856204, 2206.7059, 2252.4118, 763.5250, 17.8709
2025-12-10 18:59:00, 0.0913162653, 0.0777334601, 0.3796070920, 0.3742370081, 2325.5476, 2306.3333, 765.9800, 18.2480
2025-12-10 18:59:06, 0.0753221565, 0.0853196778, 0.2230879652, 0.3185811650, 2289.2167, 2423.3167, 764.8050, 19.0031
2025-12-10 18:59:12, 0.0621998462, 0.0862014412, 0.2699864871, 0.2306861419, 2007.7609, 1993.6739, 766.1350, 19.0680
2025-12-10 18:59:17, 0.0685863565, 0.0876370498, 0.1614765115, 0.2668422604, 2031.3191, 2090.8511, 765.8550, 18.9598
2025-12-10 18:59:23, 0.0699238936, 0.0894151610, 0.1158780714, 0.1557092002, 1955.1837, 2062.2041, 763.3400, 17.8369
2025-12-10 18:59:29, 0.0758802611, 0.0885201256, 0.1287211726, 0.1445576392, 2010.4318, 2066.3182, 763.7200, 17.1015
2025-12-10 18:59:35, 0.0917101317, 0.0711381479, 0.1048146209, 0.1023891825, 2067.8205, 2037.3333, 761.8700, 19.0768
2025-12-10 18:59:40, 0.0731073506, 0.0873535885, 0.2297573931, 0.2306970156, 1935.0000, 1917.3958, 764.9450, 22.3480
2025-12-10 18:59:46, 0.0741872303, 0.0903079966, 0.1327216322, 0.1548639268, 2065.1944, 2126.9722, 765.8400, 22.1313
2025-12-10 18:59:52, 0.0812192344, 0.1010476127, 0.1825995522, 0.1389652870, 2085.0250, 2146.4750, 763.4600, 20.3590
2025-12-10 18:59:57, 0.1038564865, 0.0998051862, 0.2522020562, 0.1652045718, 1913.5882, 1845.3333, 764.3550, 21.9615
2025-12-10 19:00:03, 0.1243187174, 0.0723407612, 0.2684165611, 0.2100209176, 2232.3333, 2168.3611, 767.5800, 21.0398
2025-12-10 19:00:09, 0.0813560272, 0.0822558003, 0.2491538495, 0.2281484543, 2403.1333, 2379.9333, 769.0800, 21.8242
2025-12-10 19:00:15, 0.0923251870, 0.0725944903, 0.4512824750, 0.4809039723, 2408.9231, 2349.8718, 763.2250, 20.8544
2025-12-10 19:00:20, 0.0979471859, 0.0826052879, 0.1468849948, 0.1481115928, 2286.0000, 2248.7636, 766.5300, 21.4632
2025-12-10 19:00:26, 0.0938592181, 0.0880624823, 0.3106947786, 0.2812987216, 2742.2000, 2707.0800, 765.0600, 22.7030
2025-12-10 19:00:32, 0.0742592155, 0.0555864945, 0.5012541365, 0.5241832139, 2512.9429, 2567.4000, 768.1850, 24.1440
2025-12-10 19:00:37, 0.1274225467, 0.1070718979, 0.2339906210, 0.3202578689, 2762.5366, 2888.7317, 767.3500, 21.3053
2025-12-10 19:00:43, 0.0700483581, 0.0788999727, 0.3459194460, 0.3411947937, 2447.0357, 2524.2500, 767.7200, 21.8598
2025-12-10 19:00:48, 0.0711631101, 0.0788034641, 0.2095665634, 0.1748358369, 2248.6364, 2066.3864, 768.5000, 22.9305
2025-12-10 19:00:55, 0.0864624232, 0.0885956983, 0.2694164104, 0.2873997780, 2421.0800, 2482.9200, 764.7850, 24.5617
2025-12-10 19:01:01, 0.1100403708, 0.0579825186, 0.2606173319, 0.2475208573, 2537.9762, 2583.9524, 765.9850, 22.2213
2025-12-10 19:01:06, 0.0799924108, 0.0826031630, 0.2038368466, 0.1932698234, 2431.9091, 2304.2273, 764.9000, 24.2807
2025-12-10 19:01:12, 0.0843484471, 0.0928641144, 0.2080117521, 0.2975519239, 2225.2553, 2213.3830, 766.9000, 22.9513
2025-12-10 19:01:18, 0.0945025838, 0.0845631969, 0.2256742025, 0.2508788343, 2565.8980, 2582.9796, 766.5500, 19.2088
2025-12-10 19:01:23, 0.0852825175, 0.0934577233, 0.1412523786, 0.1388240576, 2165.7381, 2218.3810, 767.7850, 22.3316
2025-12-10 19:01:29, 0.1198659811, 0.0884158346, 0.3131309286, 0.2226881738, 2189.0667, 2135.2444, 762.7150, 19.3089
2025-12-10 19:01:35, 0.0752089032, 0.0877472924, 0.2018467033, 0.2697600614, 2523.4615, 2581.4359, 764.1550, 19.8545
2025-12-10 19:01:41, 0.0523511237, 0.0794058920, 0.2277937931, 0.1911669779, 2533.0000, 2479.9583, 765.2150, 19.7116
2025-12-10 19:01:46, 0.0584630421, 0.0630723276, 0.2316501099, 0.2166932511, 2310.4167, 2314.6875, 760.3900, 18.7397
2025-12-10 19:01:52, 0.0755062338, 0.0788067612, 0.1647292724, 0.1965678967, 2236.3636, 2235.5000, 764.4150, 19.5590
2025-12-10 19:01:58, 0.0606944612, 0.0600394848, 0.2391109645, 0.2065219712, 2260.6889, 2219.1778, 761.2350, 19.2637
2025-12-10 19:02:03, 0.0677539772, 0.0677842799, 0.2396489563, 0.1861547367, 2239.4074, 2117.5741, 762.7750, 18.5606
2025-12-10 19:02:09, 0.0964638541, 0.0856591944, 0.2274072137, 0.1995294797, 2524.5172, 2504.3621, 759.7250, 20.1834
2025-12-10 19:02:15, 0.0738989136, 0.0864039517, 0.1760921145, 0.1574935087, 2526.7556, 2506.0667, 759.3500, 19.0247
2025-12-10 19:02:21, 0.0610652115, 0.0651054634, 0.3067028584, 0.2537733404, 2519.0962, 2503.7115, 761.3650, 19.0502
2025-12-10 19:02:27, 0.1068294460, 0.1249630453, 0.2915823563, 0.2832556551, 2387.2571, 2541.6000, 762.9750, 18.3187
2025-12-10 19:02:33, 0.0944682943, 0.0741481920, 0.2216903723, 0.2033853020, 2548.0204, 2592.1020, 760.3600, 17.8320
2025-12-10 19:02:38, 0.0937588201, 0.0635118652, 0.2516486030, 0.2143781429, 2601.4667, 2562.9778, 758.2550, 17.0663
2025-12-10 19:02:44, 0.0709373629, 0.0683517203, 0.2661577718, 0.2692169260, 2202.0213, 2171.6596, 760.1150, 17.8132
2025-12-10 19:02:50, 0.1057602450, 0.0997067095, 0.1229831996, 0.1328315132, 1999.4872, 2010.2564, 760.4700, 18.0651
2025-12-10 19:02:55, 0.0815657692, 0.0986841559, 0.2284397127, 0.2883244247, 2286.3953, 2440.9535, 757.8700, 17.7587
2025-12-10 19:03:01, 0.0748502508, 0.0776933373, 0.2585603679, 0.3034448414, 2110.0789, 2116.7105, 756.0150, 20.0151
2025-12-10 19:03:07, 0.0778405830, 0.0795955179, 0.2265934066, 0.2184485056, 2341.8605, 2304.9535, 754.9950, 20.0006
2025-12-10 19:03:13, 0.0644822021, 0.0620952625, 0.1478742546, 0.1432048449, 2383.8222, 2353.9111, 758.8500, 17.7197
2025-12-10 19:03:18, 0.0865336127, 0.0860871304, 0.1965517832, 0.1909447463, 2485.5366, 2552.5366, 761.6150, 17.2464
2025-12-10 19:03:24, 0.0962821976, 0.0897581999, 0.1877564567, 0.2265527906, 2125.3947, 2193.7632, 758.4450, 18.6488
2025-12-10 19:03:30, 0.0863896520, 0.1147509721, 0.3017358710, 0.2804069120, 2271.0000, 2273.0952, 761.0800, 18.7852
2025-12-10 19:03:35, 0.1023633661, 0.0804304817, 0.1855604362, 0.1660149949, 2186.2500, 2203.4750, 758.8000, 18.4594
2025-12-10 19:03:41, 0.0843850285, 0.0814903263, 0.4411072745, 0.4117277941, 2323.3810, 2359.1190, 760.3200, 17.5573
2025-12-10 19:03:47, 0.0728791785, 0.0723202474, 0.2144258659, 0.2393487762, 2872.5385, 2886.6667, 762.0000, 16.6589
2025-12-10 19:03:52, 0.0705946934, 0.0664423740, 0.2475731585, 0.1771414004, 2303.9333, 2301.8222, 759.9250, 16.6916
2025-12-10 19:03:58, 0.0887303044, 0.0737971703, 0.4755014813, 0.3691578841, 2887.3409, 2978.1136, 762.7400, 19.0676
2025-12-10 19:04:04, 0.0856253209, 0.0765612037, 0.3259544685, 0.2657456212, 2789.7000, 2702.1250, 761.2950, 19.3406
2025-12-10 19:04:10, 0.1141335368, 0.0700395717, 0.2349319677, 0.2699621153, 2426.4583, 2413.8125, 767.5950, 17.0168
2025-12-10 19:04:15, 0.0791374154, 0.0543833153, 0.2942927925, 0.2493553480, 2227.7674, 2165.1395, 766.7800, 17.3200
2025-12-10 19:04:21, 0.0585571797, 0.0650647666, 0.1745421099, 0.1972707669, 2429.5952, 2421.1667, 767.6750, 18.9813
2025-12-10 19:04:27, 0.0875970830, 0.0690634878, 0.2696971452, 0.2621359161, 2577.7193, 2581.4386, 767.2750, 16.8873
2025-12-10 19:04:32, 0.0877838870, 0.0624273086, 0.2644858190, 0.3865976766, 2242.9524, 2342.0476, 765.9700, 16.0265
2025-12-10 19:04:38, 0.1046828334, 0.0931241671, 0.2449554144, 0.2601810513, 2555.6957, 2563.3478, 768.2850, 17.5577
2025-12-10 19:04:44, 0.0804555379, 0.0856048005, 0.2260603331, 0.2218391832, 2827.6957, 2849.8043, 767.9800, 16.6027
2025-12-10 19:04:50, 0.0761985129, 0.0712207994, 0.1616687048, 0.1707239953, 2320.1111, 2322.5778, 769.2100, 17.1291
2025-12-10 19:04:55, 0.0841217419, 0.0626866702, 0.3104286785, 0.2784742917, 2699.0500, 2751.8250, 769.8650, 18.2759
2025-12-10 19:05:01, 0.0723193476, 0.0552055397, 0.1809745261, 0.1875349372, 2539.4444, 2504.7778, 768.3900, 16.6532
2025-12-10 19:05:07, 0.0998625666, 0.0743367726, 0.1575570604, 0.1711231889, 2366.2000, 2435.8500, 771.5500, 17.0278
2025-12-10 19:05:13, 0.0805503595, 0.0657666662, 0.3061921939, 0.3442226201, 2404.8163, 2354.6122, 769.2000, 19.8829
2025-12-10 19:05:19, 0.0545836691, 0.0575702491, 0.1604391877, 0.1437653429, 2473.0385, 2381.6923, 767.3900, 19.2535
2025-12-10 19:05:24, 0.0715016983, 0.0477150481, 0.3761717946, 0.2767400346, 2695.6279, 2622.4186, 765.0200, 20.2124
2025-12-10 19:05:30, 0.0714630059, 0.0698157428, 0.2891301857, 0.2085882383, 2494.0435, 2515.7174, 764.6450, 18.0041
2025-12-10 19:05:36, 0.0908901704, 0.0761542611, 0.1904128045, 0.1931069158, 2923.3889, 2965.8333, 765.8000, 16.7750
2025-12-10 19:05:41, 0.1012043910, 0.0688513789, 0.2304052597, 0.1900227354, 2403.4038, 2330.9423, 768.2550, 17.8440
2025-12-10 19:05:47, 0.1058164078, 0.1039948513, 0.2171577289, 0.2407942538, 2422.3585, 2476.5283, 767.0850, 17.3962
2025-12-10 19:05:53, 0.0655525203, 0.0718632959, 0.2161603630, 0.2132984529, 2480.0200, 2587.0400, 763.5900, 17.9321
2025-12-10 19:05:58, 0.0792682451, 0.0760256445, 0.2305952432, 0.2264095328, 2799.4898, 2931.5102, 765.2750, 18.3175
2025-12-10 19:06:04, 0.0730589012, 0.0785026880, 0.3163906369, 0.2336447958, 3021.4565, 2929.8261, 765.9700, 18.0097
2025-12-10 19:06:10, 0.0639046161, 0.0068337231, 0.1944510161, 0.2224951870, 2402.5106, 2483.9787, 768.2700, 18.4035
2025-12-10 19:06:16, 0.0597243706, 0.0642587329, 0.2619332811, 0.2737348042, 2889.0233, 2977.5349, 766.5700, 19.0711
2025-12-10 19:06:21, 0.0870305418, 0.0770448749, 0.2507309299, 0.3132446881, 2418.0000, 2574.2273, 768.4200, 16.2623
2025-12-10 19:06:27, 0.0636987161, 0.0674931391, 0.1608103163, 0.1401635688, 2638.0263, 2490.1842, 767.5500, 19.4943
2025-12-10 19:06:33, 0.0504271070, 0.0592810998, 0.2637142417, 0.2043612462, 3270.6981, 3204.0566, 768.2550, 17.2792
2025-12-10 19:06:39, 0.0831978051, 0.0838096098, 0.3266500730, 0.3674315194, 2743.5814, 2863.1395, 767.7050, 17.4143
2025-12-10 19:06:44, 0.0710608662, 0.0799452789, 0.2069482514, 0.1665615586, 2533.3333, 2443.1458, 766.0000, 18.4377
2025-12-10 19:06:50, 0.0832347367, 0.0684767483, 0.2893837213, 0.2726789989, 2594.8043, 2630.7609, 765.1450, 18.6541
2025-12-10 19:06:56, 0.0908902460, 0.0707162058, 0.2680894815, 0.2796130336, 2840.9608, 2891.3922, 762.9100, 17.6097
2025-12-10 19:07:01, 0.0893955124, 0.0798282354, 0.2908132940, 0.2451426234, 2692.5000, 2734.1042, 768.0450, 18.2053
2025-12-10 19:07:07, 0.0809864520, 0.0737266413, 0.2437172486, 0.2981722491, 2492.4737, 2566.8947, 767.3250, 17.9527
2025-12-10 19:07:12, 0.0788924936, 0.0966959377, 0.2298199646, 0.2188152319, 2758.9796, 2925.1837, 769.5950, 19.1241
2025-12-10 19:07:18, 0.0755890712, 0.0801812981, 0.1932015899, 0.2182437016, 2838.3878, 2786.1429, 767.1500, 19.6366
2025-12-10 19:07:24, 0.0755890584, 0.0624456138, 0.3743780229, 0.3210269862, 2306.2444, 2330.6889, 770.8650, 19.3744
2025-12-10 19:07:30, 0.1032426162, 0.0885217288, 0.3135416504, 0.1984248454, 2506.5510, 2575.3878, 772.5450, 21.2461
2025-12-10 19:07:36, 0.1222486461, 0.0669572506, 0.3511866643, 0.2993696503, 2786.3333, 2746.7692, 770.4600, 20.0314
2025-12-10 19:07:41, 0.1196900238, 0.0993890600, 0.1045639414, 0.1485275939, 2255.0909, 2334.2045, 768.1650, 19.8448
2025-12-10 19:07:47, 0.0905026703, 0.0734370532, 0.2954301783, 0.3401442802, 2648.4898, 2803.1633, 766.6550, 19.7610
2025-12-10 19:07:53, 0.0708109226, 0.0709093382, 0.2008422791, 0.1671975730, 2428.3636, 2415.0682, 767.9500, 18.6812
2025-12-10 19:07:59, 0.0703646394, 0.0748847812, 0.2276779632, 0.2388414958, 2318.2143, 2297.9524, 767.3600, 18.6749
2025-12-10 19:08:04, 0.0826924389, 0.0602436365, 0.1765265840, 0.2342679995, 2754.8605, 2753.1163, 766.4350, 20.4713
2025-12-10 19:08:10, 0.1040865825, 0.0965104897, 0.1820778763, 0.2545432076, 2993.2222, 3107.5556, 770.5750, 20.3016
2025-12-10 19:08:16, 0.0721553813, 0.0944690774, 0.2278949838, 0.2141676822, 2694.8000, 2723.1429, 769.0250, 18.6278
2025-12-10 19:08:21, 0.1242735845, 0.1205014755, 0.3212325280, 0.2704017248, 2764.2000, 2736.4444, 773.8300, 21.4026
2025-12-10 19:08:27, 0.1151578992, 0.0952257407, 0.1332338378, 0.1309074364, 2332.0000, 2365.1818, 767.3950, 20.6153
2025-12-10 19:08:33, 0.1084652207, 0.0957676140, 0.1506889869, 0.1571403724, 2466.5128, 2473.9487, 771.7950, 19.8830
2025-12-10 19:08:39, 0.0778238514, 0.0891636126, 0.3183498270, 0.3478513633, 2693.3333, 2801.2381, 768.9900, 21.1102
2025-12-10 19:08:45, 0.0652841313, 0.0765592218, 0.2267838443, 0.2116561411, 2685.9000, 2686.0250, 769.6200, 21.6508
2025-12-10 19:08:51, 0.1149249340, 0.0669263471, 0.1463408523, 0.1924522979, 2138.7619, 2220.0000, 768.2400, 21.7104
2025-12-10 19:08:56, 0.1057670495, 0.1071673613, 0.1388176299, 0.1475517662, 2700.1633, 2842.4694, 770.2500, 19.7509
2025-12-10 19:09:02, 0.1121345263, 0.0978946019, 0.2586207853, 0.2442534754, 2855.4340, 2969.5660, 767.3350, 19.1602
2025-12-10 19:09:08, 0.0923539069, 0.0779491137, 0.1936683292, 0.2275596246, 2718.5000, 2779.7857, 765.1450, 16.9025
2025-12-10 19:09:14, 0.1016542391, 0.0995778123, 0.2695894363, 0.2025503364, 2594.6500, 2535.4000, 767.6400, 17.3055
2025-12-10 19:09:19, 0.0934880785, 0.0508552463, 0.2924881919, 0.2611240461, 2620.6458, 2636.9375, 765.8350, 18.9185
2025-12-10 19:09:25, 0.0763355359, 0.0890007050, 0.1389532332, 0.1454010044, 2437.9375, 2509.5625, 764.1250, 18.1719
2025-12-10 19:09:31, 0.0764626077, 0.0971590508, 0.2907694185, 0.2826474682, 2908.7826, 2766.8043, 762.8700, 18.5613
2025-12-10 19:09:36, 0.0872474708, 0.0952805693, 0.2183426737, 0.1247502280, 2444.5526, 2447.0263, 764.6700, 16.5862
2025-12-10 19:09:42, 0.0772529510, 0.0834375996, 0.2733124232, 0.3806844750, 2696.9556, 2842.8222, 765.4800, 18.7339
2025-12-10 19:09:48, 0.0690808087, 0.0657340706, 0.1764962860, 0.1930915655, 2363.1373, 2463.2745, 766.1200, 17.3535
2025-12-10 19:09:54, 0.1002270136, 0.0729680030, 0.1503623253, 0.1201698404, 2876.7917, 2915.6458, 765.0550, 18.7899
2025-12-10 19:09:59, 0.1133797654, 0.0840132325, 0.2466585335, 0.1989068567, 2975.4222, 2935.6222, 765.3900, 18.8324
2025-12-10 19:10:05, 0.1166034467, 0.0985138396, 0.2494905317, 0.2151112973, 2892.1111, 2749.2222, 767.3900, 17.8608
2025-12-10 19:10:11, 0.1049186199, 0.1149888792, 0.1946415710, 0.2234029991, 2837.1915, 3030.7234, 768.1400, 19.1661
2025-12-10 19:10:16, 0.1174121115, 0.0969265865, 0.2806075187, 0.2096929355, 2790.2143, 2885.6250, 767.0850, 18.0668
2025-12-10 19:10:22, 0.0819571186, 0.0769528531, 0.2192702057, 0.2480004425, 2361.7755, 2357.2041, 769.3500, 17.5809
2025-12-10 19:10:28, 0.1054296913, 0.1048067240, 0.2019324567, 0.1952943683, 2618.8286, 2525.4000, 768.7600, 17.4380
2025-12-10 19:10:33, 0.0914213421, 0.0698567621, 0.3739154623, 0.3005344214, 2669.5000, 2686.1905, 768.3550, 19.4874
2025-12-10 19:10:39, 0.0929330685, 0.0885279873, 0.2164649953, 0.1628515190, 2428.5789, 2494.0789, 768.0400, 17.9047
2025-12-10 19:10:45, 0.1085866485, 0.0928884297, 0.2080797919, 0.2063566632, 2719.7885, 2737.5577, 766.7400, 18.7049
2025-12-10 19:10:51, 0.0871846382, 0.0880573432, 0.2436217594, 0.2478109685, 2996.8085, 3047.7872, 769.6350, 18.7412
2025-12-10 19:10:57, 0.1143092001, 0.1027319723, 0.2670773709, 0.2235205715, 3135.1875, 3085.6250, 769.8700, 18.3530
2025-12-10 19:11:02, 0.1071856681, 0.0795339287, 0.3316693180, 0.3863349908, 2752.8293, 2841.6341, 770.0900, 18.5947
2025-12-10 19:11:08, 0.1188685107, 0.0750974243, 0.2878396653, 0.2779536888, 2630.8684, 2736.1579, 772.1250, 17.3101
2025-12-10 19:11:14, 0.0937635601, 0.1111170635, 0.2419433647, 0.2402431460, 2363.4651, 2455.6977, 770.7650, 17.3669
2025-12-10 19:11:19, 0.0782232441, 0.0731514657, 0.2635674239, 0.3200788004, 2628.7619, 2653.2143, 772.0700, 18.1938
2025-12-10 19:11:25, 0.0966120004, 0.0911072999, 0.1683088900, 0.2692568764, 2675.8158, 2849.7632, 769.4450, 16.4027
2025-12-10 19:11:31, 0.0825067464, 0.0882084264, 0.2358751066, 0.2117398493, 2670.9524, 2711.4286, 769.1450, 17.0755
2025-12-10 19:11:36, 0.0924267381, 0.0910243217, 0.2132283912, 0.2169014706, 2840.1020, 2926.9796, 768.6850, 16.8581
2025-12-10 19:11:42, 0.0975704387, 0.1086576416, 0.1211765529, 0.1780608164, 3044.1111, 3057.0000, 768.2350, 18.1226
2025-12-10 19:11:48, 0.0812643263, 0.0692625022, 0.1869192625, 0.1466373731, 2867.5250, 2737.6250, 766.5850, 17.1899
2025-12-10 19:11:54, 0.0782446870, 0.0656898290, 0.2512531265, 0.1930796470, 2482.2727, 2408.3409, 768.4750, 18.6839
2025-12-10 19:11:59, 0.0526927581, 0.0618094999, 0.2223086570, 0.1769690791, 2362.9070, 2366.9070, 763.3450, 18.4243
2025-12-10 19:12:05, 0.0697469932, 0.0607250950, 0.2276290599, 0.2335573361, 2528.8750, 2536.4000, 766.2300, 17.3677
2025-12-10 19:12:11, 0.1024095111, 0.0782845670, 0.1754324084, 0.2624813727, 2465.6857, 2582.6857, 765.5250, 18.0327
2025-12-10 19:12:16, 0.0867678758, 0.0838176918, 0.2087134399, 0.1669750295, 2508.6522, 2551.6522, 764.4950, 18.9747
2025-12-10 19:12:22, 0.0790377211, 0.0740762242, 0.2265427725, 0.2923305817, 2486.0213, 2462.6383, 764.6700, 17.5670
2025-12-10 19:12:28, 0.0891462743, 0.0885036189, 0.2382245779, 0.2820927277, 2858.1702, 3006.0426, 764.7200, 17.3865
2025-12-10 19:12:34, 0.0961977389, 0.0875962857, 0.3073400360, 0.2469817016, 2871.8889, 2838.1111, 765.8550, 17.1197
2025-12-10 19:12:39, 0.0733872368, 0.0817943475, 0.1946577263, 0.2420437000, 2602.3469, 2694.5714, 764.2200, 17.2000
2025-12-10 19:12:45, 0.0808206405, 0.0769562827, 0.2261892718, 0.2088787929, 2705.3158, 2586.0789, 763.3150, 19.0015
2025-12-10 19:12:51, 0.0801972752, 0.1063055964, 0.2211128628, 0.2431145854, 2624.6757, 2718.9459, 763.8050, 18.9918
2025-12-10 19:12:56, 0.0849587058, 0.0731170700, 0.2229945679, 0.2502336548, 2493.7609, 2616.8261, 760.1600, 16.8616
2025-12-10 19:13:02, 0.0940756615, 0.0857417627, 0.1870757432, 0.1482918896, 2297.7347, 2377.9796, 759.7650, 17.8090
2025-12-10 19:13:08, 0.1069697893, 0.0861555009, 0.1652177759, 0.2062336394, 2216.5500, 2244.6500, 764.1300, 17.6149
2025-12-10 19:13:14, 0.0837905770, 0.0732386805, 0.1209863191, 0.1470494180, 2595.9318, 2558.5227, 762.7850, 19.4435
2025-12-10 19:13:19, 0.0857457678, 0.0915441463, 0.2014485791, 0.1970950390, 2595.7885, 2552.6731, 764.4050, 17.3436
2025-12-10 19:13:25, 0.0963321456, 0.0767858146, 0.2050309576, 0.2165267675, 2464.9600, 2518.7200, 765.1250, 17.9585
2025-12-10 19:13:31, 0.0818102009, 0.0796163729, 0.1806348544, 0.1931551333, 2677.7619, 2703.8095, 765.7600, 17.3497
2025-12-10 19:13:37, 0.0906845494, 0.0708051184, 0.1690564290, 0.1663331589, 2473.4878, 2464.9024, 766.2400, 15.9500
2025-12-10 19:13:42, 0.1052623485, 0.0680324590, 0.1761441383, 0.1788510380, 2419.2449, 2406.8571, 762.7450, 18.2431
2025-12-10 19:13:48, 0.0767390373, 0.0752606229, 0.2434998944, 0.1719615003, 2707.8000, 2605.3750, 767.8550, 16.1909
2025-12-10 19:13:54, 0.1061929985, 0.0929852728, 0.2530495177, 0.3252225437, 2555.7000, 2645.3250, 766.9600, 19.6959
2025-12-10 19:14:00, 0.0762970715, 0.0559909395, 0.3024484747, 0.2828732056, 2518.7174, 2500.0217, 766.9350, 18.5330
2025-12-10 19:14:05, 0.0699962463, 0.0938401338, 0.2258358670, 0.1854330985, 2919.5532, 2952.0851, 766.5850, 17.9048
2025-12-10 19:14:11, 0.0932743584, 0.0569574379, 0.1749781996, 0.1326932980, 2451.8611, 2427.3889, 766.8600, 18.0618
2025-12-10 19:14:17, 0.1183015613, 0.0975678649, 0.2597049080, 0.2536798737, 2709.1515, 2776.3030, 767.9050, 18.3520
2025-12-10 19:14:22, 0.0718558849, 0.0731255081, 0.1813272459, 0.2151922083, 2588.0930, 2620.3256, 768.4600, 17.5396
2025-12-10 19:14:28, 0.1084521884, 0.0730695969, 0.1644910044, 0.1859574363, 3019.2647, 3212.9706, 768.8500, 16.8478
2025-12-10 19:14:34, 0.0972065366, 0.0606167212, 0.1895858410, 0.2175472332, 2637.8913, 2575.2174, 764.8650, 19.2077
2025-12-10 19:14:39, 0.0557501689, 0.0578666017, 0.2871363452, 0.2376837279, 2612.6429, 2634.4286, 762.0050, 16.1934
2025-12-10 19:14:45, 0.0729529395, 0.0738739270, 0.2741733078, 0.2263448370, 2559.0417, 2622.2083, 763.9750, 19.4544
2025-12-10 19:14:51, 0.0679083174, 0.0619073893, 0.2151989504, 0.2507369982, 2775.6977, 2776.2093, 761.7150, 19.6572
2025-12-10 19:14:56, 0.0692170464, 0.0647247734, 0.2555806001, 0.2986815576, 2798.6889, 2833.8667, 763.0750, 17.3413
2025-12-10 19:15:02, 0.0915040409, 0.0901794762, 0.2566048847, 0.2268127692, 2627.8333, 2657.4762, 763.0800, 19.1111
2025-12-10 19:15:08, 0.0693356104, 0.0570119951, 0.1417962318, 0.1113300904, 2255.1569, 2206.9412, 764.8150, 18.4288
2025-12-10 19:15:13, 0.0613251190, 0.0879653807, 0.1797296257, 0.1490458847, 2661.4222, 2666.0889, 762.3200, 17.4590
2025-12-10 19:15:19, 0.0797113166, 0.0761272156, 0.3224324272, 0.3282476443, 2472.3846, 2442.0769, 761.4150, 20.0834
2025-12-10 19:15:25, 0.1309020333, 0.0818032328, 0.3056697605, 0.2481189013, 2771.8261, 2644.1739, 760.0750, 16.8627
2025-12-10 19:15:30, 0.0759067612, 0.0642413996, 0.3479301876, 0.2777393581, 2556.7843, 2684.6275, 759.3250, 18.8194
2025-12-10 19:15:42, 0.0803535910, 0.0471940464, 0.2095150589, 0.2141328329, 2689.4091, 2676.0909, 760.9500, 18.2356
2025-12-10 19:15:47, 0.0653250392, 0.0571233964, 0.1505216755, 0.1747469707, 2471.5532, 2477.0000, 761.0750, 19.1356
2025-12-10 19:15:53, 0.0869369640, 0.0804661754, 0.3844409782, 0.3302516441, 3070.9524, 3155.3095, 759.8250, 17.5078
2025-12-10 19:15:59, 0.0548533595, 0.0542946972, 0.2557325936, 0.2131353282, 2538.6977, 2583.9767, 764.4850, 21.2408
2025-12-10 19:16:05, 0.0742092765, 0.0780730677, 0.3043315611, 0.2650399102, 2693.1556, 2594.0000, 761.0650, 20.2990
2025-12-10 19:16:10, 0.0685560163, 0.0699838659, 0.1873021831, 0.2120403724, 2828.2273, 2768.8409, 766.2750, 19.8020
2025-12-10 19:16:16, 0.0845247930, 0.1109516484, 0.2343449243, 0.1869288103, 2657.6429, 2615.7381, 764.7450, 21.0209
2025-12-10 19:16:22, 0.1167326206, 0.0961952740, 0.1612728262, 0.1700330802, 2755.8750, 2773.3125, 763.2350, 19.0294
2025-12-10 19:16:28, 0.0851828197, 0.0680103061, 0.2817473163, 0.3168873789, 2674.3864, 2652.3864, 763.8700, 21.5558
2025-12-10 19:16:33, 0.0861738116, 0.0744985229, 0.3408399044, 0.4051733497, 2553.1250, 2499.5417, 764.9100, 17.8424
2025-12-10 19:16:39, 0.1037811227, 0.0969876040, 0.1611731297, 0.1765053479, 2408.3714, 2455.9143, 765.6700, 18.7316
2025-12-10 19:16:45, 0.1098955245, 0.1079699776, 0.2343210729, 0.2110502215, 2562.5526, 2607.7105, 764.5300, 18.5922
2025-12-10 19:16:51, 0.0970961740, 0.0858885037, 0.1277219103, 0.1293569135, 2327.5476, 2323.8810, 759.4900, 17.5103
2025-12-10 19:16:56, 0.0902983769, 0.0893234305, 0.1858557888, 0.1426636595, 2849.2391, 2882.7609, 763.0700, 17.7185
2025-12-10 19:17:02, 0.1036838588, 0.1075403400, 0.2339046415, 0.2132148477, 2466.5682, 2612.5682, 764.7500, 16.6462
2025-12-10 19:17:08, 0.1186767612, 0.0689892971, 0.1530399702, 0.1721792086, 2627.1852, 2630.7778, 762.8900, 19.1410
2025-12-10 19:17:13, 0.0987433322, 0.0755549981, 0.2640358864, 0.2342672658, 2805.4694, 2762.9592, 761.6150, 17.6413
2025-12-10 19:17:20, 0.1004729068, 0.0895327171, 0.1489865338, 0.1420211259, 2970.0638, 2966.0000, 759.9050, 17.7569
2025-12-10 19:17:26, 0.1199128887, 0.0950424886, 0.1398473748, 0.1787634104, 2862.6176, 2928.5000, 761.5050, 16.9661
2025-12-10 19:17:31, 0.1083179791, 0.0967872381, 0.2250260259, 0.2038273954, 2527.1622, 2560.1081, 760.1150, 16.7333
2025-12-10 19:17:37, 0.1136307997, 0.1077988116, 0.2731648800, 0.3227930902, 2304.2558, 2368.0000, 769.1100, 17.6090
2025-12-10 19:17:42, 0.0879089514, 0.0911449176, 0.2123451226, 0.2358437323, 2976.5789, 3076.8158, 766.1600, 17.0433
2025-12-10 19:17:54, 0.0879634765, 0.0920990242, 0.1856074249, 0.1725824838, 2891.4524, 3018.3810, 768.9700, 18.2241
2025-12-10 19:18:00, 0.0734005950, 0.0727635327, 0.4084532365, 0.2209028396, 2838.2308, 2803.3269, 766.8200, 17.6266
2025-12-10 19:18:06, 0.0892079461, 0.0695477542, 0.2052012438, 0.1959759173, 2774.3696, 2655.7391, 766.7200, 17.1747
2025-12-10 19:18:11, 0.0883015392, 0.0687083976, 0.1941901219, 0.1754318144, 2653.0182, 2725.2182, 766.5750, 18.2248
2025-12-10 19:18:17, 0.0771819250, 0.0673160599, 0.2235769475, 0.1950952296, 2669.2545, 2710.9818, 764.5950, 18.2820
2025-12-10 19:18:23, 0.0579604296, 0.0589321484, 0.2159920825, 0.2087507631, 2527.8780, 2522.4878, 767.0850, 20.0925
2025-12-10 19:18:29, 0.0732560593, 0.0589287236, 0.1976045119, 0.1349590201, 2833.0976, 2575.1463, 765.1350, 16.9599
2025-12-10 19:18:34, 0.0620613246, 0.0663946382, 0.1896807464, 0.1526669297, 2669.3684, 2556.5088, 767.4100, 18.7094
2025-12-10 19:18:40, 0.1147983421, 0.0885837202, 0.2166999762, 0.2424938072, 2538.1795, 2616.8462, 761.5700, 14.5782
2025-12-10 19:18:46, 0.0828744059, 0.0880249313, 0.1595648843, 0.2210026686, 2810.3778, 2901.8000, 764.6400, 16.8182
2025-12-10 19:18:51, 0.1219967379, 0.1231826673, 0.1712784127, 0.1368655451, 2713.7447, 2766.1489, 762.4400, 19.2454
2025-12-10 19:18:57, 0.0787828884, 0.0654038441, 0.2561129382, 0.2959686029, 2450.2045, 2543.5227, 760.4100, 17.9090
2025-12-10 19:19:03, 0.0871182190, 0.0796881547, 0.1495844076, 0.1552944161, 2404.5490, 2514.3922, 763.2900, 18.2838
2025-12-10 19:19:09, 0.0712536527, 0.0646710939, 0.1508316196, 0.1685093823, 2489.0968, 2591.2581, 764.0000, 17.1977
2025-12-10 19:19:14, 0.0895124488, 0.0950544302, 0.2660352260, 0.2228463171, 2490.5814, 2394.5581, 764.8750, 18.0222
2025-12-10 19:19:20, 0.1449327970, 0.1043556680, 0.2668185889, 0.2539419194, 2758.9167, 2908.1667, 763.1900, 16.9040
2025-12-10 19:19:26, 0.0806841135, 0.0756466660, 0.1545715397, 0.1392881197, 2371.3590, 2382.0000, 763.4050, 18.5764
2025-12-10 19:19:32, 0.0785482759, 0.0686226126, 0.1277583452, 0.1575813809, 2934.0222, 3032.6444, 765.6300, 18.9811
2025-12-10 19:19:37, 0.0950385436, 0.0681971701, 0.1877475900, 0.2300776766, 2639.4222, 2636.0889, 762.6550, 17.6087
2025-12-10 19:19:43, 0.0715136769, 0.0459012511, 0.2487075301, 0.1863519677, 2865.9111, 2712.8889, 761.9400, 17.4985
2025-12-10 19:19:49, 0.0585947483, 0.0381799949, 0.2961705416, 0.2026869544, 2608.3333, 2349.4561, 764.3000, 16.5276
2025-12-10 19:19:54, 0.0909663979, 0.0720654667, 0.1861039985, 0.1893785060, 2551.4565, 2570.7391, 768.1100, 18.0410
2025-12-10 19:20:00, 0.0675167172, 0.0498297827, 0.1107335912, 0.1260467999, 2680.3919, 2493.7703, 767.5700, 17.6617
2025-12-10 19:20:06, 0.0709076842, 0.0676526065, 0.2540619123, 0.2269828535, 2570.8627, 2561.4706, 768.5500, 17.6697
2025-12-10 19:20:12, 0.0629656349, 0.0430991997, 0.1940832239, 0.2401778716, 2759.7077, 2786.2462, 767.4600, 19.7790
2025-12-10 19:20:17, 0.0841608238, 0.0567446484, 0.3759200497, 0.3041735817, 2647.2143, 2448.0357, 766.6750, 17.9783
2025-12-10 19:20:23, 0.0855538699, 0.0608701712, 0.3490707599, 0.4275236034, 3166.0588, 3095.2353, 767.1900, 18.4533
2025-12-10 19:20:29, 0.0835094145, 0.0536792243, 0.3190099673, 0.3668409413, 2713.0244, 2719.5854, 768.6650, 17.2769
2025-12-10 19:20:34, 0.0844343058, 0.0583565631, 0.2930845108, 0.2699403197, 2756.0800, 2784.7000, 767.8000, 17.8975
2025-12-10 19:20:40, 0.0840050252, 0.0569636619, 0.3068417595, 0.2776833348, 2272.2200, 2242.1000, 765.4150, 18.8253
2025-12-10 19:20:46, 0.0721929479, 0.0787232653, 0.1635826717, 0.1715492033, 2261.3125, 2348.4375, 763.7050, 18.2529
2025-12-10 19:20:51, 0.0938050528, 0.0955542834, 0.3077127592, 0.2599280166, 2597.2400, 2529.8200, 764.8350, 18.4113
2025-12-10 19:20:57, 0.0677557808, 0.0587100011, 0.2409718189, 0.1543173744, 2328.8776, 2229.4286, 764.9350, 17.9897
2025-12-10 19:21:03, 0.0871536600, 0.0533777906, 0.3113710840, 0.3120382041, 3054.7021, 3106.4255, 769.6000, 19.3067
2025-12-10 19:21:09, 0.0660524506, 0.0548727012, 0.2274203982, 0.2494936269, 2786.8148, 2703.5370, 766.8800, 19.5419
2025-12-10 19:21:15, 0.0559674960, 0.0529984813, 0.2357318927, 0.2609865295, 2452.6667, 2516.7222, 772.0300, 19.2582
2025-12-10 19:21:20, 0.0626976708, 0.0455092048, 0.1307754616, 0.2122510620, 2509.5370, 2572.5926, 770.0200, 17.8365
2025-12-10 19:21:26, 0.0854969770, 0.0812426980, 0.3384285131, 0.2641424696, 2538.4074, 2472.7963, 767.7350, 17.3780
2025-12-10 19:21:32, 0.0981585290, 0.0697262955, 0.1983892794, 0.2046305974, 2596.2593, 2532.2778, 769.1750, 19.8443
2025-12-10 19:21:37, 0.0670882028, 0.0592727653, 0.2820575281, 0.2737135611, 2609.7073, 2584.6098, 770.7850, 18.9723
2025-12-10 19:21:43, 0.1136047239, 0.0773781408, 0.1554019257, 0.2148155807, 2403.2857, 2348.5714, 766.9700, 17.4436
2025-12-10 19:21:49, 0.0951369534, 0.0706953796, 0.3425459237, 0.4667345552, 2653.6977, 2768.8837, 765.5350, 18.5531
2025-12-10 19:21:55, 0.0649343392, 0.0773794227, 0.1554689878, 0.2405711484, 2431.6923, 2431.9615, 764.8050, 18.7887
2025-12-10 19:22:00, 0.0802254231, 0.0719261445, 0.2999350200, 0.2436143447, 2594.3478, 2499.0652, 765.9000, 19.1729
2025-12-10 19:22:06, 0.0739006173, 0.0556750179, 0.5116116501, 0.4229432612, 2541.8261, 2498.8696, 763.5100, 16.8443
2025-12-10 19:22:12, 0.0767646105, 0.0690563294, 0.1607892163, 0.1335457960, 2886.0000, 2736.7826, 765.2100, 19.0944
2025-12-10 19:22:18, 0.0774561018, 0.0823155250, 0.1787438226, 0.1737930177, 2310.6667, 2390.4333, 763.8000, 18.6526
2025-12-10 19:22:23, 0.0906945253, 0.0854838054, 0.2819477525, 0.2405160971, 2367.1739, 2391.6957, 764.7250, 18.6703
2025-12-10 19:22:29, 0.0736565847, 0.0856640379, 0.2203274751, 0.2257703675, 2644.6444, 2754.0889, 766.7300, 17.5868
2025-12-10 19:22:35, 0.0790558852, 0.0824088010, 0.1105949259, 0.1046634193, 2279.8718, 2243.0513, 767.7500, 19.0218
2025-12-10 19:22:40, 0.0646235481, 0.0844201619, 0.2597076467, 0.2800794747, 2607.3243, 2665.1892, 766.0750, 18.6228
2025-12-10 19:22:46, 0.0810499977, 0.0566002202, 0.3006339177, 0.2894579964, 2743.2308, 2792.8718, 767.2150, 16.9903
2025-12-10 19:22:52, 0.0634467933, 0.0696481217, 0.2827186549, 0.2878281653, 2671.1860, 2601.1163, 766.5900, 19.6467
2025-12-10 19:22:57, 0.0707530444, 0.0917604016, 0.3965249859, 0.3829553868, 2554.8222, 2665.6000, 763.2300, 17.8739
2025-12-10 19:23:03, 0.0818810949, 0.0951744150, 0.4435488566, 0.4007526882, 2711.2157, 2792.0196, 763.5100, 19.9905
2025-12-10 19:23:15, 0.1060642992, 0.0768324269, 0.2746772601, 0.2780408905, 2610.6744, 2549.6744, 768.3650, 17.8334
2025-12-10 19:23:21, 0.0729947550, 0.0589657183, 0.1649968240, 0.1261532479, 2109.6250, 2182.1875, 769.0750, 18.6831
2025-12-10 19:23:27, 0.0755627717, 0.0910129109, 0.1404928580, 0.1768496006, 2370.0417, 2361.5417, 769.5250, 17.4854
2025-12-10 19:23:32, 0.1030037792, 0.0696725172, 0.2344730296, 0.2136106067, 2841.8605, 2775.2558, 760.6850, 17.8694
2025-12-10 19:23:38, 0.0889205298, 0.0799139189, 0.1932462254, 0.2442015715, 2501.0000, 2613.2917, 761.5400, 18.1223
2025-12-10 19:23:44, 0.0723693207, 0.0779417741, 0.2494269840, 0.2451460980, 2458.8571, 2434.5476, 758.1600, 16.1284
2025-12-10 19:23:50, 0.0657120851, 0.0568947523, 0.2870789251, 0.2097056233, 2634.5370, 2500.8333, 762.5100, 17.4514
2025-12-10 19:23:55, 0.0634473441, 0.0397366432, 0.2057437761, 0.1988734554, 2242.3000, 2106.8000, 759.6400, 17.0373
2025-12-10 19:24:01, 0.0742559718, 0.0638888497, 0.2506122517, 0.2497933036, 2456.7018, 2454.2632, 761.6550, 18.4336
2025-12-10 19:24:07, 0.0655174830, 0.0573685075, 0.3755720006, 0.2402879991, 2854.8841, 2682.6812, 763.4600, 18.4431
2025-12-10 19:24:12, 0.0670384002, 0.0417521497, 0.1584446147, 0.1592841079, 2790.7385, 2646.1846, 770.9100, 17.8631
2025-12-10 19:24:18, 0.0599103046, 0.0603354241, 0.3209692385, 0.2709306095, 2613.4000, 2437.8182, 768.9300, 16.8851
2025-12-10 19:24:24, 0.0578687989, 0.0430907553, 0.1964029140, 0.1952027112, 2484.1875, 2404.9219, 769.7700, 18.6434
2025-12-10 19:24:30, 0.0515365749, 0.0607069024, 0.2417545468, 0.3184507469, 2835.9074, 2671.5185, 768.4300, 19.2843
2025-12-10 19:24:35, 0.0664380784, 0.0580862418, 0.1919530282, 0.1920604814, 2438.4259, 2330.0185, 768.3050, 16.1812
2025-12-10 19:24:41, 0.0646383036, 0.0411524998, 0.2563275963, 0.3003044790, 2787.0213, 2767.8511, 770.0300, 18.1154
2025-12-10 19:24:47, 0.0542035044, 0.0500012175, 0.3893827728, 0.3304387473, 2661.5263, 2542.5263, 767.2550, 19.0055
2025-12-10 19:24:53, 0.0527412470, 0.0385626707, 0.3218597739, 0.3065644518, 2707.0317, 2560.9048, 769.7650, 17.7899
2025-12-10 19:24:58, 0.0663184094, 0.0651987167, 0.1577340524, 0.1631099560, 2230.2105, 2216.6140, 766.8850, 18.4332
2025-12-10 19:25:04, 0.0527615378, 0.0443248928, 0.2031693910, 0.1814426994, 2531.3519, 2513.5185, 767.8000, 19.1695
2025-12-10 19:25:10, 0.0548909151, 0.0470741841, 0.2121746035, 0.2326876234, 2756.7174, 2799.2826, 766.5400, 17.9669
2025-12-10 19:25:15, 0.0716599546, 0.0460797912, 0.2011375381, 0.2337535527, 2982.4600, 3036.4400, 765.2350, 19.8935
2025-12-10 19:25:21, 0.0774617298, 0.0613586590, 0.2615373730, 0.2552641800, 2819.6875, 2718.9688, 763.9100, 17.1646
2025-12-10 19:25:27, 0.0672531191, 0.0553576899, 0.3147680027, 0.2922397103, 2540.9821, 2559.5536, 765.3500, 17.3158
2025-12-10 19:25:33, 0.0560166351, 0.0476266543, 0.2966284443, 0.3508131644, 2753.7647, 2725.9804, 763.1650, 17.1487
2025-12-10 19:25:39, 0.0575969198, 0.0621347430, 0.2836187243, 0.2968084253, 2313.6410, 2360.8205, 764.9550, 19.4803
2025-12-10 19:25:44, 0.0941466221, 0.0818462463, 0.2943345744, 0.3260061636, 2945.9600, 2896.2400, 760.7450, 19.0528
2025-12-10 19:25:50, 0.0710652312, 0.0597568624, 0.2553114340, 0.1752900100, 3011.5366, 2888.5366, 761.1650, 18.3431
2025-12-10 19:25:55, 0.0763682312, 0.0852386308, 0.3248617179, 0.1906520231, 2553.1429, 2417.9524, 757.1500, 18.5423
2025-12-10 19:26:01, 0.0726391562, 0.0706471376, 0.2498625737, 0.2329190176, 2870.9808, 2878.2115, 755.1350, 18.9999
2025-12-10 19:26:07, 0.0868086041, 0.0519945679, 0.1919087801, 0.1561468396, 2737.2979, 2592.9574, 756.0500, 17.4421
2025-12-10 19:26:12, 0.0634793501, 0.0491917091, 0.2120144346, 0.2073843541, 3258.7347, 3133.2245, 758.8650, 18.7536
2025-12-10 19:26:18, 0.0617817369, 0.0593932112, 0.1770256075, 0.1944346604, 2290.7547, 2420.2642, 759.8000, 17.5721
2025-12-10 19:26:24, 0.0689030017, 0.0475338170, 0.3906230205, 0.2570696153, 2788.0000, 2622.9545, 758.4300, 16.9013
2025-12-10 19:26:30, 0.0741559239, 0.0582006984, 0.2180951804, 0.1783437175, 2788.1818, 2624.8864, 758.7900, 19.3627
2025-12-10 19:26:36, 0.0621355750, 0.0511105957, 0.1811455916, 0.1949422992, 2472.5600, 2469.6200, 760.9700, 18.2461
2025-12-10 19:26:41, 0.0702107120, 0.0539052807, 0.2857634923, 0.2590401512, 2536.3396, 2500.4151, 757.8700, 18.3927
2025-12-10 19:26:47, 0.0653559296, 0.0573762337, 0.1848642215, 0.2505079646, 2414.2549, 2457.8824, 758.4850, 17.7418
2025-12-10 19:26:53, 0.1039043714, 0.0763588957, 0.2657148723, 0.2162676560, 2626.4750, 2619.2500, 759.1100, 17.9147
2025-12-10 19:26:58, 0.0629773397, 0.0757772472, 0.2922423736, 0.2350157817, 2700.0233, 2750.3023, 761.0300, 16.6400
2025-12-10 19:27:04, 0.0857885919, 0.0655368708, 0.1419522126, 0.1521119217, 2148.0244, 2240.5122, 758.6800, 16.3076
2025-12-10 19:27:10, 0.1042346460, 0.0728119254, 0.1650984169, 0.1754429786, 2439.4468, 2609.3191, 761.9200, 16.3387
2025-12-10 19:27:15, 0.0695152425, 0.0627395375, 0.2058790057, 0.2201961552, 2468.3600, 2460.5600, 762.8750, 18.1348
2025-12-10 19:27:21, 0.0906689775, 0.1072322479, 0.1687147907, 0.2099836623, 2631.3333, 2708.1333, 760.8650, 17.2959
2025-12-10 19:27:27, 0.0646780367, 0.0566213938, 0.3352093305, 0.2911713709, 2803.4222, 2759.8667, 760.3500, 17.2516
2025-12-10 19:27:33, 0.0863196068, 0.0739193501, 0.2328445732, 0.2185220405, 2506.3333, 2487.9722, 758.8250, 16.1414
2025-12-10 19:27:38, 0.0588703155, 0.0546255893, 0.1235145830, 0.1074116320, 2459.0000, 2354.7436, 759.6300, 18.4928
2025-12-10 19:27:44, 0.0547950830, 0.0440982486, 0.2603084975, 0.2862991325, 3080.1282, 3000.6410, 758.3600, 18.3810
2025-12-10 19:27:49, 0.0859114326, 0.0819034895, 0.2550423110, 0.2726364429, 2989.5370, 2955.8704, 758.8250, 17.1340
2025-12-10 19:27:55, 0.0658331181, 0.0777446554, 0.2113059012, 0.1630332192, 2507.5143, 2425.4286, 759.1000, 17.9391
2025-12-10 19:28:01, 0.0705457915, 0.0654357546, 0.2657135387, 0.3374692433, 2595.7727, 2592.2727, 759.1850, 18.3951
2025-12-10 19:28:07, 0.0536152262, 0.0498315745, 0.2113679144, 0.1839149661, 2669.3404, 2493.3617, 764.3850, 21.8245
2025-12-10 19:28:12, 0.0769611568, 0.0711000897, 0.3044834136, 0.3122200011, 2761.4792, 2752.8750, 764.0100, 20.0803
2025-12-10 19:28:18, 0.0722645684, 0.0554532022, 0.2364237549, 0.2537260826, 2656.3929, 2595.1429, 762.6850, 18.9865
2025-12-10 19:28:24, 0.1004623782, 0.0509173826, 0.1123049271, 0.1563264092, 2286.4737, 2394.6842, 759.9150, 20.9470
2025-12-10 19:28:29, 0.0836091545, 0.0601252341, 0.3190700013, 0.2877575292, 2958.5741, 2981.0185, 764.4750, 20.9160
2025-12-10 19:28:35, 0.0665255452, 0.0630575788, 0.1608898459, 0.1963367006, 2290.5909, 2244.7273, 761.0800, 17.9277
2025-12-10 19:28:41, 0.0737654729, 0.0491876459, 0.2226703397, 0.2481961942, 2719.6610, 2616.4068, 769.7300, 20.4061
2025-12-10 19:28:47, 0.0479826075, 0.0507302824, 0.1515036315, 0.1398378299, 2629.7308, 2576.1346, 766.7150, 20.6403
2025-12-10 19:28:53, 0.0623079996, 0.0693636154, 0.3271644727, 0.2820191108, 2887.2500, 2869.1167, 768.3600, 20.9542
2025-12-10 19:28:58, 0.0811909562, 0.0546437208, 0.2312814237, 0.1888952428, 2342.2586, 2213.3793, 765.0400, 19.7560
2025-12-10 19:29:04, 0.0735455474, 0.0484951241, 0.1567194873, 0.1856485161, 2377.2321, 2366.7143, 765.3250, 19.5361
2025-12-10 19:29:10, 0.0679495033, 0.0605626443, 0.3403649354, 0.3803406259, 2639.9608, 2737.5490, 766.5250, 17.8056
2025-12-10 19:29:15, 0.0798876274, 0.0697963324, 0.2161724326, 0.2763940376, 2568.0656, 2564.0984, 766.4500, 19.6664
2025-12-10 19:29:21, 0.0748162871, 0.0465375062, 0.1640907488, 0.1205976483, 2719.0545, 2477.3455, 768.4550, 19.8295
2025-12-10 19:29:27, 0.1267997303, 0.0938065969, 0.2054388192, 0.2031620808, 2848.7647, 2864.2059, 769.7000, 19.9070
2025-12-10 19:29:32, 0.0848017639, 0.0499720604, 0.2642305413, 0.3420401772, 2401.5283, 2426.0943, 767.9250, 20.8794
2025-12-10 19:29:38, 0.0611339340, 0.0607329799, 0.1288064984, 0.1426778212, 2143.4426, 2161.9836, 767.1150, 19.4795
2025-12-10 19:29:44, 0.0538117901, 0.0372656638, 0.1164579085, 0.1509331876, 2465.2973, 2358.4324, 770.3350, 18.6479
2025-12-10 19:29:50, 0.0476413170, 0.0382930977, 0.1250938402, 0.1376432613, 2464.7500, 2424.3654, 764.2100, 16.1897
2025-12-10 19:29:55, 0.0534825249, 0.0458467995, 0.1807508917, 0.1748814590, 2265.5577, 2096.0769, 769.9700, 21.6834
2025-12-10 19:30:01, 0.0760947357, 0.0812756040, 0.2001423152, 0.1893854728, 2530.6744, 2536.2558, 763.4150, 17.3477
2025-12-10 19:30:07, 0.0660690195, 0.0625343783, 0.2057984050, 0.2206619281, 2366.3750, 2460.1500, 761.3900, 19.1569
2025-12-10 19:30:12, 0.0830722289, 0.0474523872, 0.1839072366, 0.1775664718, 2452.7556, 2548.7778, 759.1350, 17.9746
2025-12-10 19:30:18, 0.0556342258, 0.0518478279, 0.2025632795, 0.2212554438, 2654.8065, 2620.8065, 761.9150, 17.7516
2025-12-10 19:30:24, 0.0767178495, 0.0597641153, 0.1996783360, 0.2695704562, 2490.2576, 2606.6667, 761.3350, 19.6985
2025-12-10 19:30:29, 0.0727853079, 0.0589548253, 0.2447262212, 0.2306979200, 2771.3594, 2715.6250, 760.5250, 17.8191
2025-12-10 19:30:35, 0.0544025107, 0.0534477420, 0.1236124586, 0.1573563128, 2124.2105, 2053.9649, 762.2550, 18.8149
2025-12-10 19:30:41, 0.0803787596, 0.0705760059, 0.2553639484, 0.2820893019, 3158.5641, 3146.5385, 763.4950, 17.6963
2025-12-10 19:30:47, 0.0594713503, 0.0400427696, 0.2427855905, 0.2152649997, 2563.8814, 2474.5763, 764.5300, 18.6713
2025-12-10 19:30:53, 0.0637452312, 0.0493057567, 0.1413608970, 0.1885863466, 2557.5263, 2593.2982, 765.6050, 17.0267
2025-12-10 19:30:58, 0.0589266665, 0.0420667322, 0.2101348661, 0.2445636629, 2495.3380, 2437.5211, 762.7850, 16.7872
2025-12-10 19:31:04, 0.0735511409, 0.0527747555, 0.1581951651, 0.1852218785, 2375.6724, 2478.0517, 762.2450, 15.6040
2025-12-10 19:31:10, 0.0508588600, 0.0353187155, 0.2721723191, 0.2627797134, 2732.3770, 2655.5082, 764.5950, 17.6400
2025-12-10 19:31:15, 0.0469467658, 0.0436382182, 0.2914120843, 0.3240176205, 2744.6615, 2633.0615, 768.5250, 17.5713
2025-12-10 19:31:21, 0.0705025548, 0.0363519364, 0.1625319524, 0.1678446965, 2573.8088, 2468.3235, 767.4800, 17.3773
2025-12-10 19:31:27, 0.0649217787, 0.0493271364, 0.1814789449, 0.2173473888, 2670.4127, 2566.0952, 766.4000, 18.7886
2025-12-10 19:31:33, 0.0566074165, 0.0466899498, 0.1516133320, 0.1485800045, 2611.9452, 2453.5342, 766.2650, 16.8103
2025-12-10 19:31:38, 0.0587887169, 0.0374479884, 0.3827535143, 0.3672987244, 2766.2000, 2686.7800, 765.8050, 17.2406
2025-12-10 19:31:44, 0.0607089047, 0.0480971163, 0.2009906430, 0.1722677615, 2737.9242, 2607.9545, 766.2850, 18.0653
2025-12-10 19:31:49, 0.0682030278, 0.0512644273, 0.2017228653, 0.1902110822, 2484.2000, 2376.7000, 767.2450, 17.6688
2025-12-10 19:31:55, 0.0609820222, 0.0661478024, 0.2792487621, 0.2459170286, 2697.1538, 2644.7692, 769.0800, 17.6205
2025-12-10 19:32:01, 0.0852962678, 0.0582630948, 0.2735456522, 0.2722311762, 2706.8276, 2680.1897, 767.6300, 16.2195
2025-12-10 19:32:07, 0.0555826175, 0.0552168186, 0.3335918496, 0.3711975657, 2581.0862, 2622.5172, 767.6100, 17.9507
2025-12-10 19:32:12, 0.0500746216, 0.0468525195, 0.3235640319, 0.3792827564, 2877.4773, 2844.8182, 768.4400, 17.2478
2025-12-10 19:32:18, 0.0395008652, 0.0353274410, 0.2709089146, 0.2582803809, 2448.6792, 2388.6792, 767.4300, 18.2344
2025-12-10 19:32:24, 0.0558581728, 0.0402865909, 0.2367279794, 0.1930887303, 2472.8571, 2405.6250, 768.8250, 17.1652
2025-12-10 19:32:29, 0.0763143615, 0.0501486803, 0.2472013940, 0.3607522325, 2714.6949, 2675.1864, 769.0850, 18.3980
2025-12-10 19:32:35, 0.0665332116, 0.0489780946, 0.3533474018, 0.3626426147, 2732.2791, 2643.2093, 768.4700, 16.3878
2025-12-10 19:32:41, 0.0639799627, 0.0672054934, 0.2560711742, 0.1767240492, 2356.4043, 2298.0638, 768.3350, 17.9956
2025-12-10 19:32:47, 0.0715555576, 0.0559831285, 0.2400841342, 0.2757426395, 2912.5366, 2930.3902, 769.5000, 16.9160
2025-12-10 19:32:52, 0.0682295173, 0.0551344184, 0.3858478281, 0.2660303145, 2406.5417, 2412.3542, 769.9300, 18.4769
2025-12-10 19:32:58, 0.0650268242, 0.0504337454, 0.2095316311, 0.2155627525, 2510.7447, 2452.4894, 769.0450, 17.9372
2025-12-10 19:33:04, 0.0502511194, 0.0429632173, 0.2697932678, 0.2706738658, 2424.1509, 2429.0000, 768.2600, 18.9381
2025-12-10 19:33:09, 0.0466590912, 0.0439576610, 0.3070835529, 0.3813774297, 2526.6600, 2539.6800, 769.8850, 19.3073
2025-12-10 19:33:15, 0.0727098141, 0.0604338671, 0.2695490384, 0.2195648965, 2881.7826, 2738.0652, 769.5800, 19.9011
2025-12-10 19:33:21, 0.0638500365, 0.0463216111, 0.1845226650, 0.1885373369, 2699.2687, 2582.2090, 770.7850, 20.1156
2025-12-10 19:33:26, 0.0671477931, 0.0487504949, 0.3215164937, 0.3093476760, 2941.2653, 2787.6327, 773.6600, 20.2444
2025-12-10 19:33:33, 0.0580295822, 0.0496709068, 0.2683187917, 0.2202635689, 2456.0909, 2327.5606, 769.7000, 17.0892
2025-12-10 19:33:39, 0.0592053697, 0.0503402523, 0.2222177909, 0.1898273376, 2334.7547, 2351.4906, 770.0950, 22.5461
2025-12-10 19:33:44, 0.0597594534, 0.0562043509, 0.1666988799, 0.1753520775, 2306.5556, 2366.3651, 768.3700, 20.6981
2025-12-10 19:33:50, 0.0505171361, 0.0466962105, 0.2572276236, 0.2049850436, 2429.7879, 2383.7727, 769.9200, 20.1642
2025-12-10 19:33:56, 0.0646385111, 0.0611171824, 0.2170557152, 0.1744796922, 2636.6875, 2546.0417, 767.5700, 21.7374
2025-12-10 19:34:01, 0.0890462717, 0.0512954281, 0.2769630129, 0.3453468495, 2455.4048, 2413.3571, 767.9600, 22.0841
2025-12-10 19:34:07, 0.0758337217, 0.0743597348, 0.3438375506, 0.2497952435, 2547.9804, 2513.9608, 765.1300, 19.2684
2025-12-10 19:34:13, 0.0605125189, 0.0547388644, 0.2240610303, 0.2114568732, 2175.3810, 2303.1190, 766.9700, 18.7662
2025-12-10 19:34:18, 0.0712451966, 0.0514408065, 0.1995266536, 0.1853496339, 2600.7925, 2567.3585, 766.2500, 20.0409
2025-12-10 19:34:24, 0.0452114617, 0.0359399024, 0.3253978160, 0.2950465786, 2497.3636, 2373.1364, 767.2850, 21.3725
2025-12-10 19:34:30, 0.0556709302, 0.0474197255, 0.1991885673, 0.2015541738, 2781.2982, 2731.0000, 764.8250, 16.5092
2025-12-10 19:34:36, 0.0669297413, 0.0587373898, 0.1688233885, 0.1921836055, 2452.9844, 2408.2812, 762.9550, 18.3615
2025-12-10 19:34:41, 0.0763440005, 0.0550131758, 0.4065947386, 0.3924588537, 2577.0625, 2587.0000, 763.9050, 17.0149
2025-12-10 19:34:47, 0.0616327051, 0.0533296668, 0.1788260772, 0.2128482626, 2509.9200, 2560.6000, 762.6200, 19.4619
2025-12-10 19:34:53, 0.0651705193, 0.0662058650, 0.2078697949, 0.1852794190, 2581.7703, 2467.1892, 762.8450, 18.9463
2025-12-10 19:34:58, 0.0930599889, 0.0667905713, 0.4157822131, 0.3714860248, 2605.2174, 2518.3043, 761.8650, 18.6348
2025-12-10 19:35:04, 0.0683593153, 0.0532074211, 0.2273459278, 0.2800737544, 2508.8158, 2547.8421, 760.7950, 18.8373
2025-12-10 19:35:10, 0.0634552937, 0.0550968893, 0.2011208285, 0.2222879431, 2752.5536, 2712.1786, 764.5350, 17.7879
2025-12-10 19:35:15, 0.0522570202, 0.0608409519, 0.1589315835, 0.1569108900, 2200.9200, 2227.1600, 761.8250, 19.2944
2025-12-10 19:35:21, 0.0612994099, 0.0719646484, 0.2282477553, 0.1882872599, 2651.5778, 2744.7556, 764.3950, 18.5642
2025-12-10 19:35:27, 0.0995977840, 0.0800266052, 0.2855342718, 0.2297013923, 2776.3778, 2733.1333, 764.9150, 19.0567
2025-12-10 19:35:32, 0.0788930960, 0.0477432428, 0.3782345303, 0.2514900045, 3012.5962, 2939.3269, 764.0200, 19.7274
2025-12-10 19:35:38, 0.0910647028, 0.0626415215, 0.2883876449, 0.2972469624, 2603.8947, 2544.3509, 760.5150, 19.3391
2025-12-10 19:35:44, 0.0658848974, 0.0438014813, 0.2646096235, 0.2521248277, 2419.0698, 2433.0465, 763.0450, 16.8048
2025-12-10 19:35:50, 0.0568509414, 0.0605188868, 0.2591835010, 0.2123715902, 2552.9583, 2350.5417, 762.5350, 18.1176
2025-12-10 19:35:55, 0.0560344378, 0.0672113543, 0.2820213747, 0.2257536288, 2446.2097, 2384.2742, 762.7800, 19.4525
2025-12-10 19:36:01, 0.0616778518, 0.0677653212, 0.1319126086, 0.1428790288, 2238.3077, 2302.9615, 765.1300, 18.8126
2025-12-10 19:36:07, 0.0635609801, 0.0715449676, 0.2922913366, 0.2610092022, 2578.0000, 2557.5510, 765.8300, 16.9679
2025-12-10 19:36:13, 0.0859470507, 0.0887924746, 0.2276965738, 0.2661535890, 2446.8163, 2396.5714, 763.3250, 19.2146
2025-12-10 19:36:19, 0.0507072425, 0.0619151435, 0.2575141469, 0.1825690014, 2638.8571, 2550.1633, 764.7350, 18.5705
2025-12-10 19:36:24, 0.0633032690, 0.0517460407, 0.2374090743, 0.2218878983, 2584.2759, 2510.2931, 768.3450, 19.0088
2025-12-10 19:36:30, 0.0508659366, 0.0414732963, 0.1763665072, 0.1933536199, 2911.2817, 2828.8451, 767.1800, 18.8472
2025-12-10 19:36:36, 0.0575731782, 0.0483399808, 0.2480645519, 0.2804697692, 2793.9167, 2710.4792, 766.1650, 19.2738
2025-12-10 19:36:41, 0.0510968332, 0.0436427761, 0.2421880575, 0.1912517875, 2318.7843, 2294.7255, 765.9000, 18.2839
2025-12-10 19:36:47, 0.0713853081, 0.0539282084, 0.1986275707, 0.1900269827, 2472.6346, 2454.3077, 767.5700, 16.8649
2025-12-10 19:36:53, 0.0560772668, 0.0492257989, 0.2369851415, 0.2746655233, 3037.3281, 2926.0625, 768.0700, 20.4256
2025-12-10 19:36:59, 0.0650789299, 0.0507561381, 0.2217297114, 0.2281820523, 2496.7719, 2449.3860, 768.5600, 18.3444
2025-12-10 19:37:04, 0.0764397748, 0.0634266854, 0.2728058805, 0.2542772728, 2829.2745, 2728.7843, 767.5050, 19.4417
2025-12-10 19:37:10, 0.0660739808, 0.0640631426, 0.2907763782, 0.3117441024, 2801.5370, 2866.2593, 766.1400, 18.9534
2025-12-10 19:37:16, 0.0649503778, 0.0517150931, 0.2170913009, 0.2407546852, 2583.0179, 2630.0179, 765.9900, 18.0186
2025-12-10 19:37:22, 0.0549269566, 0.0664234019, 0.1641445232, 0.1991870331, 2523.4821, 2484.1607, 765.8350, 17.9253
2025-12-10 19:37:27, 0.0802251574, 0.0416387493, 0.2989915055, 0.2655610442, 3014.5000, 2940.5385, 761.9800, 18.2956
2025-12-10 19:37:33, 0.0591721923, 0.0637113962, 0.1914142972, 0.1948805602, 2693.6585, 2637.0976, 766.9800, 19.3298
2025-12-10 19:37:39, 0.0471197950, 0.0555483776, 0.2758468532, 0.2324530810, 2521.8571, 2428.4898, 765.2450, 17.5330
2025-12-10 19:37:44, 0.0544627333, 0.0536792304, 0.2030556383, 0.1528893997, 2519.2593, 2372.7037, 767.1400, 19.4178
2025-12-10 19:37:50, 0.0618346706, 0.0456771658, 0.2031056317, 0.1257067675, 2461.8511, 2244.8511, 764.9450, 18.6242
2025-12-10 19:37:56, 0.0922811774, 0.0684405716, 0.2037739804, 0.2462097306, 2511.6800, 2579.7400, 765.9150, 18.2789
2025-12-10 19:38:01, 0.0670436219, 0.0632338957, 0.2378150385, 0.2737923320, 2500.1818, 2431.3409, 764.4350, 17.7388
2025-12-10 19:38:07, 0.0686490746, 0.0616539996, 0.2291728854, 0.2040116661, 2414.9231, 2285.9038, 766.8300, 16.9847
2025-12-10 19:38:13, 0.0758940434, 0.0563756135, 0.1901619529, 0.2202572945, 2368.0312, 2376.9688, 765.4700, 16.7493
2025-12-10 19:38:18, 0.0606072543, 0.0531277256, 0.2004284085, 0.2282030723, 2481.5600, 2434.7200, 763.2800, 17.2578
2025-12-10 19:38:24, 0.0640280713, 0.0566168241, 0.3497402629, 0.2532748867, 2634.0182, 2525.0727, 765.0400, 18.0252
2025-12-10 19:38:30, 0.0637633454, 0.0602678915, 0.3341977417, 0.3128410307, 2759.5893, 2837.1071, 762.2700, 18.1771
2025-12-10 19:38:36, 0.0744306434, 0.0661494541, 0.1923656336, 0.2050253667, 2566.7966, 2525.1186, 765.4200, 17.0579
2025-12-10 19:38:42, 0.0461443504, 0.0337876350, 0.2695020907, 0.3145652156, 2567.2778, 2567.6852, 764.0600, 16.5646
2025-12-10 19:38:48, 0.0513648778, 0.0464951004, 0.2717486176, 0.2883712125, 2682.9265, 2545.2206, 760.5950, 18.0189
2025-12-10 19:38:53, 0.0516549690, 0.0431733290, 0.2935991233, 0.3210635436, 2675.7963, 2656.8889, 761.7150, 18.3677
2025-12-10 19:38:59, 0.0592689306, 0.0455232501, 0.1792128982, 0.1557196143, 2660.6000, 2698.5091, 763.2900, 17.2452
2025-12-10 19:39:05, 0.0589429224, 0.0399753897, 0.3045633040, 0.2118092530, 2563.4717, 2473.1132, 761.4250, 18.5177
2025-12-10 19:39:11, 0.0703319993, 0.0663626023, 0.1373810622, 0.2002849296, 2221.0000, 2299.7447, 762.4650, 16.6916
2025-12-10 19:39:16, 0.0867068148, 0.0577297895, 0.2699365080, 0.3083879001, 2635.6981, 2670.6415, 763.3950, 17.4948
2025-12-10 19:39:22, 0.0511686016, 0.0475166863, 0.2683703914, 0.2673448372, 2588.8293, 2518.9512, 762.6300, 17.4190
2025-12-10 19:39:27, 0.0695053282, 0.0483639226, 0.4862573121, 0.2977136519, 2653.1250, 2496.0938, 764.0700, 17.1054
2025-12-10 19:39:33, 0.0626867371, 0.0630299311, 0.5647885111, 0.3479321130, 2495.0476, 2363.8810, 764.6850, 18.3234
2025-12-10 19:39:39, 0.0554453304, 0.0464240971, 0.1426309654, 0.1605554466, 2504.4151, 2418.6038, 764.9450, 18.1453
2025-12-10 19:39:44, 0.0638783864, 0.0830560653, 0.2229726425, 0.2510807269, 2682.5500, 2775.3500, 769.6050, 18.5715
2025-12-10 19:39:50, 0.0829282101, 0.0701316977, 0.2387562762, 0.2467134051, 2521.5238, 2565.4921, 769.1400, 19.3365
2025-12-10 19:39:56, 0.0836625462, 0.0634527741, 0.2454714800, 0.2368320723, 2621.2500, 2528.9423, 767.7500, 19.7608
2025-12-10 19:40:01, 0.0742041695, 0.0781704328, 0.2225434682, 0.2549743689, 2601.4444, 2591.7500, 770.8950, 20.1996
2025-12-10 19:40:07, 0.0707593023, 0.0487620029, 0.2543589069, 0.2300213874, 2644.6383, 2676.6809, 772.2100, 19.7569
2025-12-10 19:40:13, 0.0502125850, 0.0579697482, 0.2801113232, 0.2688775972, 2652.4286, 2583.1071, 775.1150, 21.2092
2025-12-10 19:40:19, 0.0925183678, 0.0671502374, 0.1159623620, 0.1129995666, 2510.6923, 2548.0000, 771.9650, 21.5445
2025-12-10 19:40:25, 0.0611476105, 0.0811231112, 0.3270076725, 0.2763123943, 2594.9184, 2514.8367, 769.4150, 17.6174
2025-12-10 19:40:30, 0.0750253203, 0.0613003088, 0.2179239222, 0.2605145806, 2121.8205, 2224.4615, 769.0600, 19.1934
2025-12-10 19:40:36, 0.0794559945, 0.0641844739, 0.4434083039, 0.4811946190, 3026.0638, 2840.0000, 771.1350, 17.8720
2025-12-10 19:40:42, 0.0732303351, 0.0805304915, 0.3721039002, 0.4501800365, 2736.9583, 2826.6458, 771.4050, 20.4615
2025-12-10 19:40:47, 0.0710437280, 0.0686405579, 0.2075212423, 0.1858974119, 2412.6552, 2476.9655, 772.3950, 19.2049
2025-12-10 19:40:53, 0.0894398921, 0.1092672245, 0.3016766076, 0.3182100849, 2659.9149, 2693.9787, 773.0450, 17.8441
2025-12-10 19:40:59, 0.0694465862, 0.0634271637, 0.2234865100, 0.2344840099, 2280.5814, 2351.4884, 774.9300, 20.0917
2025-12-10 19:41:04, 0.0632284786, 0.0603696465, 0.3206201142, 0.2744113886, 2568.1042, 2518.1875, 775.1500, 20.2417
2025-12-10 19:41:10, 0.0864558856, 0.0721653443, 0.2382315612, 0.1996513411, 2570.3721, 2530.1395, 776.7200, 19.9492
2025-12-10 19:41:16, 0.0739271820, 0.0718321713, 0.3220322561, 0.4068067272, 2770.3696, 2745.5217, 772.7750, 17.8259
2025-12-10 19:41:22, 0.0640264704, 0.0676275864, 0.3266536254, 0.2809590972, 2739.4783, 2519.3478, 776.1650, 20.2452
2025-12-10 19:41:27, 0.0618828248, 0.0699962975, 0.2213573592, 0.2309625707, 2650.4737, 2821.2895, 774.1750, 18.3228
2025-12-10 19:41:33, 0.0583077512, 0.0489539192, 0.2032831093, 0.2224051860, 2330.2571, 2277.3143, 770.0350, 18.6020
2025-12-10 19:41:38, 0.0714665935, 0.0768185465, 0.1730464223, 0.2427469942, 2675.6667, 2732.3333, 772.7150, 20.7614
2025-12-10 19:41:44, 0.0675094272, 0.0609245041, 0.1477076489, 0.1986857827, 2334.9737, 2456.6316, 771.6550, 16.9737
2025-12-10 19:41:50, 0.0635000376, 0.0776489539, 0.2216357270, 0.2381587213, 2499.7000, 2470.1250, 768.1550, 17.1497
2025-12-10 19:41:56, 0.0933289702, 0.0567063409, 0.1729579292, 0.1709184229, 2546.2093, 2518.3488, 767.9350, 17.3770
2025-12-10 19:42:01, 0.0814283034, 0.0648771391, 0.2188381566, 0.1855401879, 2281.5000, 2058.8158, 769.2250, 18.7498
2025-12-10 19:42:07, 0.0582520410, 0.0545138057, 0.2382683351, 0.2165611375, 2651.6379, 2633.6034, 770.0950, 19.4257
2025-12-10 19:42:13, 0.0808420288, 0.0543057532, 0.2588778574, 0.2736034903, 2470.5581, 2439.5116, 772.2450, 17.6719
2025-12-10 19:42:18, 0.0650061580, 0.0508325295, 0.1334643261, 0.1489926274, 2617.0192, 2638.3077, 768.0650, 17.4700
2025-12-10 19:42:24, 0.0611067248, 0.0640542311, 0.4024078872, 0.4119111269, 2585.4865, 2772.1622, 771.4450, 17.7676
2025-12-10 19:42:30, 0.0739230693, 0.0851119454, 0.2795845499, 0.2079552573, 2729.1463, 2621.4634, 769.5450, 17.7963
2025-12-10 19:42:36, 0.0547675174, 0.0558850997, 0.2372112462, 0.2094544248, 2928.0370, 2827.3333, 770.9650, 19.1210
2025-12-10 19:42:41, 0.0795571801, 0.0477351921, 0.2456358508, 0.3028669988, 2761.9130, 2816.5435, 766.0650, 16.6883
2025-12-10 19:42:47, 0.0600474473, 0.0756243118, 0.2245332438, 0.2927714376, 2264.0238, 2250.7857, 768.4200, 18.1109
2025-12-10 19:42:53, 0.0449700486, 0.0502055697, 0.1846628082, 0.2171546537, 2318.4510, 2440.0196, 766.5700, 17.3230
2025-12-10 19:42:58, 0.0575413956, 0.0633409518, 0.3186765787, 0.2143042516, 2454.6279, 2425.9767, 766.5400, 17.7558
2025-12-10 19:43:04, 0.0560878507, 0.0531279748, 0.2944035293, 0.2301332982, 2700.5645, 2562.8065, 765.9250, 19.0100
2025-12-10 19:43:10, 0.0811608744, 0.0830713814, 0.1874787826, 0.2078050188, 2390.0233, 2406.2791, 767.7200, 18.6642
2025-12-10 19:43:16, 0.0983492715, 0.0860967984, 0.1556410108, 0.1356253993, 2222.4792, 2161.3542, 765.1000, 18.2318
2025-12-10 19:43:21, 0.0546410485, 0.0438257988, 0.2446506793, 0.2293551585, 2389.0408, 2343.0612, 768.6250, 17.3719
2025-12-10 19:43:27, 0.0575835696, 0.0444715652, 0.6001700103, 0.3443026743, 3081.2982, 2901.0702, 770.4400, 16.1331
2025-12-10 19:43:33, 0.0601750939, 0.0440324084, 0.1275574470, 0.1464261301, 2466.7200, 2410.8600, 768.5300, 19.0084
2025-12-10 19:43:39, 0.0607379903, 0.0547679188, 0.2799479253, 0.2943924998, 2796.2500, 2615.7500, 768.6900, 18.0376
2025-12-10 19:43:44, 0.0311734206, 0.0385447089, 0.2530866042, 0.3975308802, 2407.5085, 2434.4915, 769.1750, 17.8884
2025-12-10 19:43:50, 0.0456216128, 0.0399517566, 0.2014558684, 0.1506670626, 2814.1522, 2689.0217, 769.1500, 18.0648
2025-12-10 19:43:56, 0.0742377922, 0.0615493751, 0.2187822843, 0.2238771907, 2405.1837, 2405.0204, 766.4800, 18.8542
2025-12-10 19:44:02, 0.0667179244, 0.0444545558, 0.2834044294, 0.1931850508, 2495.7750, 2414.6500, 766.5450, 17.2400
2025-12-10 19:44:07, 0.0601056647, 0.0521514425, 0.2685264299, 0.2703415132, 2350.7200, 2433.6000, 766.0500, 16.5945
2025-12-10 19:44:13, 0.0587311946, 0.0501307681, 0.2454649688, 0.2096551590, 2590.8913, 2527.8261, 764.8050, 17.8165
2025-12-10 19:44:19, 0.0658947342, 0.0579345525, 0.2187443011, 0.2215884085, 2628.3830, 2617.9787, 763.1350, 18.3618
2025-12-10 19:44:24, 0.0503436747, 0.0500863956, 0.2793624426, 0.3018999687, 2579.8302, 2579.7358, 762.8200, 19.4301
2025-12-10 19:44:31, 0.0582677725, 0.0444411264, 0.3541637014, 0.3229646811, 2772.9833, 2685.2333, 764.9850, 19.4557
2025-12-10 19:44:36, 0.0869663027, 0.0712099708, 0.2677346326, 0.2721992988, 2956.6481, 2952.7963, 761.4750, 17.7620
2025-12-10 19:44:42, 0.0685978607, 0.0740675887, 0.2037505712, 0.1935022961, 2345.1961, 2325.9608, 763.0500, 18.3564
2025-12-10 19:44:48, 0.0760712835, 0.0582493309, 0.2772469131, 0.3187865386, 2707.3750, 2632.8500, 762.9050, 16.5062
2025-12-10 19:44:53, 0.0941242302, 0.0481511410, 0.2272372666, 0.2204939192, 2473.3200, 2547.9400, 758.6650, 17.1445
2025-12-10 19:44:59, 0.0538519511, 0.0656758496, 0.2245153352, 0.3243167606, 2761.6757, 2771.0541, 762.3200, 18.2479
2025-12-10 19:45:05, 0.0658508480, 0.0656823738, 0.1925343509, 0.1779727101, 2596.8723, 2718.8085, 760.8400, 18.1968
2025-12-10 19:45:10, 0.0944602383, 0.0647473146, 0.2707307818, 0.1968330922, 2683.5682, 2539.2045, 763.5050, 18.8425
2025-12-10 19:45:16, 0.0689230179, 0.0596453679, 0.1491818469, 0.1593609634, 2355.7250, 2352.5500, 759.9950, 17.4268
2025-12-10 19:45:22, 0.0601092753, 0.0691046703, 0.3021615027, 0.2822493981, 2622.5526, 2519.5789, 764.4650, 18.4491
2025-12-10 19:45:28, 0.0899856293, 0.0729327049, 0.2855638846, 0.2402525959, 2944.4902, 2794.1569, 762.3050, 16.3099
2025-12-10 19:45:33, 0.0787800748, 0.0501329961, 0.5856534417, 0.3708579435, 2479.2766, 2346.3404, 762.7250, 16.4295
2025-12-10 19:45:39, 0.0749070620, 0.0842017695, 0.4240820799, 0.4384997301, 2648.8936, 2733.5319, 761.6000, 16.8722
2025-12-10 19:45:45, 0.0742772093, 0.0624569023, 0.1729946598, 0.2247844296, 2469.9024, 2543.7317, 763.5550, 17.5245
2025-12-10 19:45:50, 0.0496555615, 0.0509903404, 0.2552206463, 0.2505431026, 2514.5870, 2511.4348, 759.8300, 16.9201
2025-12-10 19:45:56, 0.0611788248, 0.0548993997, 0.7249044892, 0.8206965710, 2842.6429, 2825.0238, 759.4650, 17.6915
2025-12-10 19:46:02, 0.0773293675, 0.0534640211, 0.3386088483, 0.4044754865, 2407.3696, 2509.2609, 756.5200, 18.2896
2025-12-10 19:46:07, 0.0707960106, 0.0959064830, 0.2550525239, 0.2043755977, 2827.3830, 2787.2553, 762.8700, 18.4305
2025-12-10 19:46:13, 0.0866424924, 0.0714032831, 0.3562685635, 0.2513389803, 2598.5227, 2613.2727, 762.2300, 17.3697
2025-12-10 19:46:19, 0.1025225975, 0.0786878787, 0.2170382267, 0.2147770074, 2876.9730, 2988.3514, 761.8850, 19.3559
2025-12-10 19:46:25, 0.0781093575, 0.0688301421, 0.2271812203, 0.1813963547, 2531.8780, 2452.9756, 760.3500, 18.8647
2025-12-10 19:46:30, 0.0917207297, 0.0793152504, 0.3460462358, 0.2573105240, 2842.4444, 2846.3056, 761.2700, 18.1746
2025-12-10 19:46:36, 0.0716096615, 0.0803508672, 0.2331045812, 0.1911310096, 2441.6471, 2467.8039, 762.9050, 16.6810
2025-12-10 19:46:42, 0.0834344770, 0.0907428741, 0.2623441292, 0.2833794419, 2476.0000, 2625.0000, 761.2150, 15.3866
2025-12-10 19:46:48, 0.1108994834, 0.0896186372, 0.2913553956, 0.2281018691, 2759.1714, 2667.7714, 761.2500, 18.2010
2025-12-10 19:46:53, 0.0702834878, 0.0837942305, 0.4098717765, 0.3063599556, 2801.5435, 2820.2826, 759.9500, 17.7698
2025-12-10 19:46:59, 0.0537607070, 0.0373519101, 0.3143975360, 0.2499153447, 2793.8222, 2736.4000, 760.4050, 19.0334
2025-12-10 19:47:05, 0.0637138111, 0.0589361023, 0.1884590462, 0.2812812556, 2678.4773, 2703.7045, 762.9100, 17.5446
2025-12-10 19:47:10, 0.0550834911, 0.0369310175, 0.2673745972, 0.4194444793, 2515.1132, 2684.5849, 768.5250, 17.9349
2025-12-10 19:47:16, 0.0699782387, 0.0611828936, 0.3375490975, 0.2179762443, 2767.7436, 2571.7436, 760.9500, 17.0070
2025-12-10 19:47:22, 0.0777414332, 0.0683034762, 0.2506416852, 0.3369548866, 2702.6500, 2634.2750, 764.6500, 18.1647
2025-12-10 19:47:28, 0.0630995412, 0.0565345810, 0.1839158769, 0.1820548450, 2344.1579, 2388.4737, 766.1450, 17.7145
2025-12-10 19:47:33, 0.0721377198, 0.0569844220, 0.1384398680, 0.1288651577, 2418.8205, 2324.6667, 765.1200, 18.1958
2025-12-10 19:47:39, 0.0693698108, 0.0547662984, 0.3029869583, 0.3459337661, 2442.2391, 2421.0217, 763.8800, 17.5361
2025-12-10 19:47:45, 0.0464061014, 0.0503550010, 0.6600665272, 0.3570010034, 3148.7719, 2945.8070, 763.6000, 18.6888
2025-12-10 19:47:51, 0.0559747290, 0.0429881809, 0.2642869200, 0.2134790679, 2367.7561, 2362.0976, 763.5200, 17.8011
2025-12-10 19:47:57, 0.0601404009, 0.0500169169, 0.3384828074, 0.3337193878, 2989.7708, 2975.8958, 765.7650, 18.5577
2025-12-10 19:48:03, 0.0664232144, 0.0766906963, 0.3331199757, 0.3432283114, 2504.1429, 2590.0893, 763.8750, 16.6174
2025-12-10 19:48:08, 0.0501958145, 0.0551959796, 0.2716270227, 0.2103105833, 2778.9333, 2678.5111, 766.1600, 16.1163
2025-12-10 19:48:14, 0.0676936401, 0.0519594843, 0.3439423922, 0.2685354248, 2502.7321, 2381.2321, 763.4050, 18.0441
2025-12-10 19:48:20, 0.0584617166, 0.0689874494, 0.3837790674, 0.3142692403, 2634.4583, 2551.4375, 763.0750, 17.1493
2025-12-10 19:48:25, 0.0728055540, 0.0668279345, 0.1778913595, 0.2817793445, 2483.5135, 2577.5135, 764.1500, 16.5888
2025-12-10 19:48:31, 0.0927068885, 0.1052867939, 0.2601317818, 0.2505586329, 2263.8378, 2282.5405, 762.7400, 17.1739
2025-12-10 19:48:37, 0.0795810137, 0.0780810935, 0.2107764328, 0.2315445488, 2656.7838, 2533.0000, 764.6600, 17.0181
2025-12-10 19:48:42, 0.0790350357, 0.1121643959, 0.1978318686, 0.1574486672, 2844.7551, 2728.8571, 762.5800, 17.8009
2025-12-10 19:48:48, 0.0648820409, 0.0490461378, 0.3121821751, 0.3442886221, 2606.1224, 2757.5102, 762.1850, 16.1599
2025-12-10 19:48:54, 0.0589387042, 0.0550265265, 0.1243582442, 0.1558686001, 2228.8491, 2227.3208, 762.0850, 17.0768
2025-12-10 19:49:00, 0.0693524588, 0.0487245094, 0.2404158138, 0.2214768478, 2393.3208, 2380.4528, 759.0000, 17.2270
2025-12-10 19:49:06, 0.0694087382, 0.0542460189, 0.2186411823, 0.1804348370, 2427.3542, 2441.2292, 760.1150, 17.1759
2025-12-10 19:49:11, 0.0574319986, 0.0489458444, 0.3331211449, 0.2935147633, 2619.4894, 2528.8723, 765.2700, 16.5039
2025-12-10 19:49:17, 0.0702817774, 0.0581810207, 0.2908060784, 0.3039572356, 2576.5472, 2584.6415, 762.9350, 17.6114
2025-12-10 19:49:23, 0.0600924514, 0.0682423387, 0.2756873416, 0.2595490536, 2654.0204, 2649.3673, 763.8750, 17.1901
2025-12-10 19:49:29, 0.0765513565, 0.0689563707, 0.1431469542, 0.1554908676, 2324.0400, 2344.3600, 762.6500, 17.5538
2025-12-10 19:49:34, 0.0452894715, 0.0509798455, 0.1474641219, 0.1626145777, 2224.0600, 2363.4200, 760.4600, 16.6027
2025-12-10 19:49:40, 0.0430729019, 0.0576913948, 0.3947957132, 0.3466256663, 2513.3265, 2491.8163, 761.4450, 16.9666
2025-12-10 19:49:46, 0.0722391176, 0.0489480823, 0.4111671824, 0.3238857133, 2719.7551, 2610.4082, 761.9200, 17.2431
2025-12-10 19:49:51, 0.0856901046, 0.0697936945, 0.1991891598, 0.3576373161, 2242.2326, 2275.4186, 759.2800, 18.0649
2025-12-10 19:49:57, 0.0783203526, 0.0561695212, 0.3244531316, 0.2902559117, 2503.4884, 2512.9070, 762.4350, 16.3397
2025-12-10 19:50:03, 0.0856915556, 0.0524102088, 0.1643462075, 0.1930473456, 2216.1000, 2186.8800, 762.5300, 17.9819
2025-12-10 19:50:09, 0.0889534444, 0.0586732563, 0.2004983692, 0.2577630955, 2318.5814, 2360.9070, 766.2850, 18.5320
2025-12-10 19:50:14, 0.0807458364, 0.0848936307, 0.2955444088, 0.2492096304, 2683.0750, 2606.2250, 762.6900, 16.4564
2025-12-10 19:50:20, 0.0665988449, 0.0689901124, 0.3575582337, 0.3844216332, 2495.4286, 2647.8333, 763.0650, 18.6947
2025-12-10 19:50:26, 0.0638866982, 0.0584790894, 0.2426065272, 0.3628730481, 2420.0682, 2512.9545, 763.2450, 18.3621
2025-12-10 19:50:31, 0.0637762827, 0.0465200665, 0.1942345529, 0.2126076047, 2287.1190, 2328.4524, 764.8400, 17.2990
2025-12-10 19:50:37, 0.0612529726, 0.0631958213, 0.2343807150, 0.2979766840, 2569.4792, 2591.2083, 765.0250, 17.2367
2025-12-10 19:50:43, 0.0691260224, 0.0559845230, 0.2477959856, 0.2103144549, 2559.4038, 2601.3077, 765.4250, 17.1655
2025-12-10 19:50:49, 0.1024571430, 0.0797565800, 0.2311611430, 0.2274568939, 2513.0000, 2493.3158, 766.5650, 17.0158
2025-12-10 19:50:55, 0.0890170980, 0.0549085911, 0.1199270762, 0.1116367129, 2197.3611, 2142.7500, 765.5900, 19.1110
2025-12-10 19:51:00, 0.0638146443, 0.0865789596, 0.2173868938, 0.1573979995, 2610.0500, 2579.0250, 767.8400, 16.8933
2025-12-10 19:51:06, 0.0491384742, 0.0494063564, 0.2676861048, 0.2299970695, 2682.8824, 2609.4902, 767.3700, 15.7513
2025-12-10 19:51:12, 0.0485637484, 0.0428983882, 0.2255631647, 0.1943050629, 2372.2000, 2305.1333, 760.3600, 17.6017
2025-12-10 19:51:17, 0.0573776424, 0.0546435093, 0.2908931442, 0.2461836347, 2940.1667, 2816.3148, 764.1250, 16.2382
2025-12-10 19:51:23, 0.0634608667, 0.0531966827, 0.1710350624, 0.1916040546, 2482.8125, 2521.0938, 759.6050, 17.1245
2025-12-10 19:51:29, 0.0642209264, 0.0708148918, 0.1633788430, 0.1442539487, 2486.4737, 2592.7895, 760.3450, 17.3187
2025-12-10 19:51:35, 0.0691415101, 0.0684012059, 0.3813119318, 0.4256873676, 2712.2500, 2754.9750, 757.9700, 19.1486
2025-12-10 19:51:40, 0.0539516848, 0.0602915243, 0.2303919492, 0.1990506977, 2677.9245, 2673.0566, 759.4850, 16.7221
2025-12-10 19:51:46, 0.0584989950, 0.0616798383, 0.2101559674, 0.2026466192, 2813.8000, 2865.9750, 758.2200, 17.0922
2025-12-10 19:51:52, 0.0503445266, 0.0362032225, 0.2161584580, 0.1755770445, 2297.5000, 2229.9130, 761.2300, 17.4873
2025-12-10 19:51:58, 0.0707649959, 0.0569079853, 0.3694204040, 0.4053661323, 2622.6316, 2671.1579, 757.7100, 17.9384
2025-12-10 19:52:03, 0.0680327277, 0.0625533363, 0.2435960205, 0.3487984175, 2607.6667, 2692.0278, 760.9300, 17.8347
2025-12-10 19:52:09, 0.0573831113, 0.0537269418, 0.3296919399, 0.2470183335, 2610.1429, 2499.5306, 761.4100, 16.6605
2025-12-10 19:52:15, 0.0673100331, 0.0530509911, 0.1701401131, 0.2158090514, 2452.6923, 2547.9744, 764.3700, 18.0129
2025-12-10 19:52:21, 0.0592184572, 0.0630293470, 0.1639031033, 0.1241783451, 2478.3023, 2354.3023, 762.9250, 16.6433
2025-12-10 19:52:27, 0.0595436756, 0.0690998098, 0.1841169744, 0.1925637678, 2559.3182, 2491.3864, 760.7000, 18.5248
2025-12-10 19:52:32, 0.0647776798, 0.0536410625, 0.2389391437, 0.1912428565, 2355.9268, 2384.3659, 763.5950, 17.6400
2025-12-10 19:52:38, 0.0725825799, 0.0552811723, 0.2572265472, 0.1919005844, 2633.0455, 2649.5227, 761.1750, 16.6729
2025-12-10 19:52:44, 0.0514307786, 0.0598202193, 0.2060296852, 0.2165358929, 2710.3396, 2660.2830, 763.9650, 17.9720
2025-12-10 19:52:49, 0.0526966753, 0.0496327575, 0.1924754388, 0.2160516647, 2323.9556, 2394.8889, 764.6700, 17.9558
2025-12-10 19:52:55, 0.0715668362, 0.0689815749, 0.2015394300, 0.1776486755, 2478.5882, 2511.9608, 765.5150, 18.7694
2025-12-10 19:53:01, 0.0728281502, 0.0600057009, 0.2738374957, 0.2928359074, 2311.3125, 2397.0000, 764.2600, 16.7971
2025-12-10 19:53:06, 0.0632324272, 0.0527944911, 0.1815072907, 0.2172528669, 2008.5366, 2092.9512, 766.3500, 17.0689
2025-12-10 19:53:12, 0.0508900498, 0.0523922104, 0.2528438682, 0.2144490121, 2175.3600, 2142.7400, 762.5350, 17.6754
2025-12-10 19:53:18, 0.0529410647, 0.0547109078, 0.1297782940, 0.1429048980, 1973.0244, 2012.1951, 767.3550, 17.8656
2025-12-10 19:53:24, 0.0525536270, 0.0587265208, 0.2104381209, 0.2222368346, 2168.7674, 2207.8837, 764.8750, 16.9988
2025-12-10 19:53:29, 0.0618163948, 0.0503313271, 0.1902821784, 0.2128023797, 2099.9000, 2129.0500, 762.0150, 15.9830
2025-12-10 19:53:35, 0.0916842391, 0.0935023192, 0.1432715477, 0.2111473333, 2066.5152, 2233.6061, 763.2850, 18.4693
2025-12-10 19:53:41, 0.0621627406, 0.0570817655, 0.2209807191, 0.2404786516, 2151.2955, 2209.6136, 763.5200, 17.5602
2025-12-10 19:53:47, 0.0720408679, 0.0739511017, 0.2073540983, 0.1277722764, 1959.1837, 1987.8163, 763.1300, 16.9497
2025-12-10 19:53:52, 0.0584671239, 0.0719788664, 0.1736005578, 0.1258371133, 1811.4694, 1815.6327, 763.1550, 16.7693
2025-12-10 19:53:58, 0.0882307716, 0.0640332474, 0.1240858392, 0.1505571326, 1707.5849, 1793.5472, 758.9300, 18.7796
2025-12-10 19:54:04, 0.0666784778, 0.0560123974, 0.1745791182, 0.1086076799, 1801.6842, 1783.3158, 760.3050, 16.7873
2025-12-10 19:54:09, 0.0562583601, 0.0527062445, 0.1294611827, 0.1618387982, 1731.7442, 1775.4651, 763.6450, 18.6131
2025-12-10 19:54:15, 0.0598145274, 0.0639537099, 0.1427549810, 0.1654245035, 1631.2364, 1661.5273, 761.1750, 19.3648
2025-12-10 19:54:21, 0.0698419005, 0.0547774854, 0.1729976465, 0.1598452723, 1648.9091, 1626.7576, 757.5400, 18.1708
2025-12-10 19:54:26, 0.0881053851, 0.0675314459, 0.0907898387, 0.0932636496, 1703.8158, 1822.1053, 758.9950, 17.4610
2025-12-10 19:54:32, 0.0822573218, 0.0815028553, 0.0970283575, 0.0969080083, 1823.9167, 1935.3056, 759.8400, 18.4788
2025-12-10 19:54:38, 0.1132159600, 0.0678252625, 0.2071888649, 0.2222902082, 1956.8889, 1981.9111, 762.8050, 17.7298
2025-12-10 19:54:43, 0.0682890062, 0.0627411633, 0.2023060949, 0.1983710767, 1921.9459, 1919.7568, 762.4500, 18.0410
2025-12-10 19:54:49, 0.0678669274, 0.0725067935, 0.1531148897, 0.1590066102, 1915.2727, 1911.5455, 763.6900, 18.1644
2025-12-10 19:54:55, 0.0777242342, 0.0685074188, 0.1018281317, 0.1079455940, 1862.8269, 1860.0000, 765.0250, 18.7924
2025-12-10 19:55:00, 0.0586121856, 0.0757264252, 0.4303294418, 0.2598035595, 2149.8163, 2163.3469, 759.7100, 18.9390
2025-12-10 19:55:06, 0.0857998143, 0.0801163678, 0.1524336917, 0.0953875083, 1934.9545, 1917.8864, 759.9350, 18.9742
2025-12-10 19:55:12, 0.0672554250, 0.0712761467, 0.2456107393, 0.2266050335, 2092.5814, 2054.8372, 760.7400, 17.3422
2025-12-10 19:55:18, 0.0937972052, 0.0781813952, 0.3322175049, 0.3303718787, 2196.6383, 2232.6809, 762.5800, 19.9126
2025-12-10 19:55:24, 0.1186028054, 0.0884608632, 0.2617463017, 0.2191827913, 2410.0698, 2402.2093, 763.1400, 17.9956
2025-12-10 19:55:29, 0.0899486445, 0.0599959665, 0.1638859816, 0.1695770385, 1912.4082, 1915.2857, 762.7200, 17.7626
2025-12-10 19:55:35, 0.0767244769, 0.0920587954, 0.2034985355, 0.1625376802, 2220.8571, 2278.1190, 765.3650, 19.1356
2025-12-10 19:55:41, 0.0663000008, 0.0604341944, 0.1870781896, 0.1808070551, 2154.7111, 2171.3333, 768.4550, 17.4742
2025-12-10 19:55:46, 0.0963531557, 0.0863143857, 0.1601045301, 0.1533849726, 2093.4286, 2047.9206, 767.7000, 16.2284
2025-12-10 19:55:52, 0.0795852525, 0.0733555998, 0.1540809170, 0.1956058198, 1996.0000, 2137.8065, 768.0650, 19.9060
2025-12-10 19:55:58, 0.0778942300, 0.0503266882, 0.1682892559, 0.1692338110, 2085.4694, 2113.2041, 767.8550, 19.5794
2025-12-10 19:56:03, 0.0574746434, 0.0605972628, 0.2931449868, 0.2245000882, 2346.7556, 2314.5556, 764.6700, 17.6466
2025-12-10 19:56:09, 0.0601448654, 0.0446358913, 0.1367541253, 0.1566111379, 2480.5116, 2526.3256, 767.4650, 18.3703
2025-12-10 19:56:15, 0.0829609768, 0.0665845849, 0.2039068044, 0.2232008214, 2487.9796, 2542.1224, 766.4950, 18.8812
2025-12-10 19:56:20, 0.0610456267, 0.0544730165, 0.2801188973, 0.2748052141, 2590.1026, 2546.8718, 766.8250, 19.4896
2025-12-10 19:56:26, 0.0724796212, 0.0512773614, 0.2046350243, 0.2058932418, 2730.2340, 2738.7660, 763.6100, 18.5644
2025-12-10 19:56:32, 0.0544957179, 0.0466250594, 0.4162042682, 0.3802100942, 2335.9592, 2342.9184, 766.9000, 19.2634
2025-12-10 19:56:37, 0.0721355829, 0.0523061729, 0.3669643928, 0.2706231283, 2683.7778, 2527.9074, 764.4050, 18.8738
2025-12-10 19:56:43, 0.0957623269, 0.0960439524, 0.2275982712, 0.1746030801, 2651.5278, 2575.5000, 765.5600, 18.4577
2025-12-10 19:56:49, 0.0619882471, 0.0585276713, 0.2674689530, 0.2186277227, 3091.4412, 3107.9118, 764.9750, 18.4763
2025-12-10 19:56:55, 0.1083767431, 0.0845063436, 0.2751133452, 0.2837791865, 2615.8511, 2740.3830, 768.1800, 18.8711
2025-12-10 19:57:00, 0.0984108051, 0.0857084742, 0.3310703613, 0.3164502240, 2718.7317, 2734.0244, 766.2800, 19.1299
2025-12-10 19:57:06, 0.0844145770, 0.0811344121, 0.2218709941, 0.2092357547, 2563.3333, 2544.2745, 762.7400, 17.4572
2025-12-10 19:57:12, 0.0935269057, 0.0867074985, 0.2895407871, 0.2998070912, 2705.0714, 2743.7381, 764.2850, 19.4521
2025-12-10 19:57:18, 0.0663259743, 0.0652309826, 0.2282293812, 0.2499383908, 2549.6000, 2568.8800, 766.5600, 18.1600
2025-12-10 19:57:24, 0.1164352962, 0.0744441962, 0.2862011393, 0.3004423437, 2964.4255, 2876.6383, 764.7450, 17.1956
2025-12-10 19:57:29, 0.0701861814, 0.0542171510, 0.1918596773, 0.2162112199, 2562.1739, 2541.8696, 765.1300, 16.7745
2025-12-10 19:57:35, 0.0794906308, 0.0727631143, 0.1733088103, 0.1442893267, 2472.0500, 2627.9250, 765.7200, 19.1327
2025-12-10 19:57:40, 0.0839659073, 0.0768179286, 0.1552159267, 0.1740769078, 2420.5455, 2318.5758, 766.2600, 18.2571
2025-12-10 19:57:46, 0.0713790202, 0.0768396114, 0.1751334596, 0.1777275060, 2378.7174, 2402.0217, 767.4950, 17.0719
2025-12-10 19:57:52, 0.0510880700, 0.0521356632, 0.2389366262, 0.2437286515, 2408.7800, 2528.7000, 766.4400, 17.6767
2025-12-10 19:57:58, 0.0662064676, 0.0631819277, 0.2279143397, 0.1642992524, 2337.3750, 2191.4792, 765.9900, 18.9942
2025-12-10 19:58:03, 0.0730523981, 0.0701520006, 0.2285155383, 0.2188617943, 2769.8491, 2691.4528, 766.6400, 17.8777
2025-12-10 19:58:09, 0.1057623862, 0.0947508088, 0.3207704996, 0.2078529950, 2964.8462, 2801.2308, 765.2300, 17.7118
2025-12-10 19:58:15, 0.0577295544, 0.0548437648, 0.1996550212, 0.1451644212, 2425.6250, 2348.7500, 766.6750, 15.7832
2025-12-10 19:58:21, 0.0877402943, 0.0767418073, 0.4072169096, 0.3183917662, 2590.3056, 2571.2778, 765.4300, 17.0325
2025-12-10 19:58:26, 0.0710445539, 0.1158801439, 0.2035872675, 0.2485676673, 2376.5238, 2423.5238, 764.3450, 17.6172
2025-12-10 19:58:32, 0.0918227209, 0.0733549578, 0.3031354465, 0.3843154227, 2425.9778, 2466.0889, 765.3350, 17.3160
2025-12-10 19:58:38, 0.0766440550, 0.0646876786, 0.1860042547, 0.1339926046, 2517.6364, 2461.7500, 765.1350, 18.7533
2025-12-10 19:58:43, 0.0876678913, 0.0763402267, 0.3436951768, 0.2896757837, 2294.2000, 2304.8750, 768.6750, 19.4761
2025-12-10 19:58:49, 0.0874026396, 0.0591651413, 0.2187632653, 0.1599813556, 2021.0750, 1972.5750, 763.0700, 18.0833
2025-12-10 19:58:55, 0.0688728986, 0.0661912552, 0.1525569759, 0.1866359308, 2116.4595, 2157.7297, 766.4850, 18.6531
2025-12-10 19:59:00, 0.0895212060, 0.1097367361, 0.1760831845, 0.1331938281, 2142.8684, 2196.9474, 763.5700, 18.3001
2025-12-10 19:59:06, 0.0655323279, 0.0651412425, 0.2190558911, 0.2155539928, 1957.1667, 1942.6667, 765.4750, 17.3637
2025-12-10 19:59:12, 0.0465828622, 0.0488464855, 0.1768038051, 0.1844113952, 2105.5323, 2097.6129, 761.5300, 17.4430
2025-12-10 19:59:18, 0.0520739140, 0.0566499772, 0.1623350246, 0.1651911986, 2188.2381, 2225.7857, 761.9150, 19.9627
2025-12-10 19:59:24, 0.0694839610, 0.0693762195, 0.2459676418, 0.2376381449, 2104.5085, 2086.9831, 762.9000, 18.9552
2025-12-10 19:59:29, 0.0627801215, 0.0558646223, 0.1317547391, 0.1676149615, 1920.7170, 1933.8302, 762.4150, 16.3323
2025-12-10 19:59:35, 0.0724012125, 0.0730322545, 0.2262370211, 0.2006404014, 2409.1667, 2296.2292, 761.1000, 19.3685
2025-12-10 19:59:41, 0.0757410908, 0.0637884337, 0.2773900373, 0.3056222625, 2253.1463, 2317.6829, 759.2650, 19.7880
2025-12-10 19:59:46, 0.0875335827, 0.0689296761, 0.3783423074, 0.3056658484, 2451.9057, 2318.3774, 763.0400, 20.7084
2025-12-10 19:59:52, 0.0864090933, 0.0610962970, 0.1534420724, 0.2185047891, 1998.4348, 2116.0652, 758.0600, 19.3726
2025-12-10 19:59:58, 0.0744966847, 0.0804733229, 0.2231005882, 0.2513973897, 2346.6341, 2311.7805, 758.9950, 19.2729
2025-12-10 20:00:04, 0.0797589741, 0.0642216984, 0.2298674535, 0.1836605012, 2188.6739, 2187.8261, 757.9000, 18.4171
2025-12-10 20:00:09, 0.0783435432, 0.0585252254, 0.2655139544, 0.1794093027, 2318.6857, 2117.2857, 758.5200, 17.5103
2025-12-10 20:00:15, 0.0478154005, 0.0653420234, 0.3228399270, 0.3820027588, 2115.2642, 2148.6415, 758.9800, 18.4597
2025-12-10 20:00:21, 0.0845266847, 0.0617996745, 0.1864387077, 0.1957421592, 1997.0000, 2002.8444, 755.4700, 17.6983
2025-12-10 20:00:26, 0.0713650149, 0.0573839563, 0.2476568254, 0.2476115910, 2399.4902, 2359.1765, 755.8250, 19.7594
2025-12-10 20:00:32, 0.0621019851, 0.0609629283, 0.2438087867, 0.2398655843, 2285.6486, 2249.5135, 755.8400, 18.8697
2025-12-10 20:00:38, 0.0762829925, 0.0586748871, 0.2429889325, 0.2620594316, 2495.5400, 2468.7200, 757.9800, 20.2195
2025-12-10 20:00:44, 0.0365060535, 0.0434478129, 0.2031668970, 0.2120001771, 2174.9057, 2119.1887, 757.9100, 20.0595
2025-12-10 20:00:50, 0.0987253143, 0.0583446335, 0.2556961258, 0.2605057138, 2581.2703, 2617.5946, 757.6050, 18.1019
2025-12-10 20:00:56, 0.0714431478, 0.0569272731, 0.2859929226, 0.2942099176, 2626.7500, 2597.0192, 759.7200, 16.3500
2025-12-10 20:01:01, 0.0680705344, 0.0591415610, 0.1660631033, 0.1378731578, 2512.2069, 2382.6897, 758.8550, 16.6687
2025-12-10 20:01:07, 0.0795944156, 0.0558540870, 0.2325112332, 0.1792538100, 2275.9394, 2311.1212, 759.3750, 18.5824
2025-12-10 20:01:13, 0.0596327687, 0.0589348612, 0.1757473969, 0.2287558962, 2483.3696, 2500.6739, 763.3500, 18.4694
2025-12-10 20:01:19, 0.0801081395, 0.0856156150, 0.1720091166, 0.1494904166, 2133.6410, 2030.5641, 761.8800, 18.9445
2025-12-10 20:01:24, 0.0521548883, 0.0619786024, 0.1826603058, 0.1980857403, 2429.2115, 2430.2885, 762.7450, 18.2625
2025-12-10 20:01:30, 0.0527867179, 0.0705668331, 0.1507251487, 0.2217977770, 1981.5641, 2018.0000, 763.3950, 17.7854
2025-12-10 20:01:36, 0.0380496554, 0.0446275478, 0.2502809707, 0.3105153535, 2193.4524, 2150.4048, 764.3450, 17.6138
2025-12-10 20:01:41, 0.0498716000, 0.0406828659, 0.2164359146, 0.2082518576, 1944.1346, 1943.0962, 764.2350, 17.1977
2025-12-10 20:01:47, 0.0439294651, 0.0352590296, 0.2330152677, 0.1686443802, 2233.8913, 2090.3696, 760.0600, 17.6699
2025-12-10 20:01:53, 0.0607891088, 0.0539257416, 0.1950012840, 0.2436319357, 2457.1569, 2472.0392, 763.2950, 17.8888
2025-12-10 20:01:59, 0.0642280942, 0.0514915475, 0.1534088345, 0.1922607098, 2135.7451, 2257.2745, 764.3800, 17.3212
2025-12-10 20:02:04, 0.0401043557, 0.0414397554, 0.2720437568, 0.2156542630, 2452.8776, 2384.7143, 761.9200, 18.2067
2025-12-10 20:02:10, 0.0738959729, 0.0804152308, 0.2282836332, 0.2086765651, 2078.3400, 2110.9600, 763.5650, 17.2077
2025-12-10 20:02:16, 0.0642145100, 0.0495513459, 0.2889265761, 0.2422903984, 2173.3617, 2088.5532, 762.0150, 19.0697
2025-12-10 20:02:21, 0.0517265665, 0.0605594780, 0.1904712329, 0.2468296039, 2282.8140, 2336.2791, 764.9150, 19.4236
2025-12-10 20:02:27, 0.1003316147, 0.0900647966, 0.1309820275, 0.1093258417, 2191.6750, 2251.3500, 762.5100, 17.5710
2025-12-10 20:02:33, 0.0772471092, 0.0587909039, 0.1812161808, 0.1409862838, 2249.2766, 2143.4255, 761.9900, 17.2601
2025-12-10 20:02:39, 0.1065196755, 0.0758196385, 0.3068641799, 0.2623838271, 2205.2766, 2184.2128, 759.6650, 15.9469
2025-12-10 20:02:44, 0.0896112901, 0.0562225918, 0.2496073945, 0.2717556917, 2224.7692, 2254.5577, 763.0400, 19.5233
2025-12-10 20:02:50, 0.0900740982, 0.0829797293, 0.1779934020, 0.1976422210, 2078.6923, 2109.0962, 762.1750, 17.5998
2025-12-10 20:02:56, 0.1087490718, 0.0998433406, 0.2616978171, 0.3192761753, 2171.8868, 2241.1132, 763.4650, 17.8140
2025-12-10 20:03:01, 0.0756307581, 0.0761808645, 0.1567746864, 0.1770647055, 2005.8222, 1964.4889, 761.8400, 18.1790
2025-12-10 20:03:07, 0.0680275507, 0.0760793480, 0.1993766022, 0.2270009316, 2155.9778, 2245.5333, 756.9150, 18.9385
2025-12-10 20:03:13, 0.0672191811, 0.0652001012, 0.1604076089, 0.1411511668, 2169.5957, 2139.4043, 761.6450, 17.3522
2025-12-10 20:03:19, 0.0409867832, 0.0424792899, 0.2212632870, 0.2187191627, 2270.6667, 2113.8070, 764.9200, 16.1652
2025-12-10 20:03:24, 0.0454817049, 0.0378499081, 0.1948260116, 0.1896465481, 2191.5769, 2060.0577, 762.9750, 18.1693
2025-12-10 20:03:30, 0.0587764141, 0.0544627548, 0.0964590266, 0.0874135127, 1913.5102, 1808.2245, 759.1300, 18.0525
2025-12-10 20:03:36, 0.0472392348, 0.0553979866, 0.1302572567, 0.1178843400, 1902.5385, 1886.2692, 761.4200, 18.3898
2025-12-10 20:03:42, 0.0601646817, 0.0432513790, 0.1908767475, 0.1454434543, 2181.5536, 2136.0000, 761.1300, 16.7897
2025-12-10 20:03:47, 0.0564773915, 0.0415455706, 0.2747372514, 0.2946316197, 2430.1915, 2356.5957, 761.4350, 20.2355
2025-12-10 20:03:53, 0.0478574192, 0.0355725776, 0.2133274993, 0.1761942264, 2299.4800, 2180.7200, 760.4400, 17.5013
2025-12-10 20:03:59, 0.0760992793, 0.0563883141, 0.1922965747, 0.2364515590, 2349.3023, 2376.2093, 761.8050, 19.0165
2025-12-10 20:04:04, 0.0702205014, 0.0434918331, 0.3332109662, 0.2663325525, 2171.0465, 2150.4651, 764.8100, 16.7282
2025-12-10 20:04:10, 0.0728796758, 0.0726013520, 0.1805565158, 0.2004754432, 2387.7561, 2358.4146, 765.6450, 18.9137
2025-12-10 20:04:16, 0.0712814651, 0.0515694664, 0.2132516245, 0.1962152741, 2319.1538, 2253.8654, 761.8400, 18.1713
2025-12-10 20:04:22, 0.0786301013, 0.0630853005, 0.1593162462, 0.1510315721, 2343.1176, 2316.2353, 763.0400, 18.5704
2025-12-10 20:04:27, 0.0542437689, 0.0495531714, 0.2406017360, 0.2835632934, 2430.0250, 2628.9000, 765.2550, 18.4784
2025-12-10 20:04:33, 0.0739629045, 0.0653106701, 0.2955801637, 0.3351172062, 2416.1600, 2478.1000, 766.1400, 17.9622
2025-12-10 20:04:39, 0.0827751078, 0.0783308867, 0.2187499149, 0.2027364085, 2560.4600, 2527.3000, 763.9350, 17.0942
2025-12-10 20:04:44, 0.0688598450, 0.0516009431, 0.1644659234, 0.1904228535, 2165.4545, 2199.3636, 764.2250, 18.3307
2025-12-10 20:04:50, 0.0619158439, 0.0621035729, 0.1674141437, 0.1674094468, 2415.8780, 2385.6341, 762.6050, 18.6113
2025-12-10 20:04:56, 0.0681497537, 0.0798017528, 0.3059536167, 0.2790903748, 2642.5490, 2599.7647, 764.7950, 16.6779
2025-12-10 20:05:02, 0.0593424869, 0.0526912061, 0.3577722380, 0.2859201992, 2412.8780, 2397.0488, 759.8200, 18.6228
2025-12-10 20:05:08, 0.0905250732, 0.0797349557, 0.1873048925, 0.1755960286, 2448.2791, 2457.6744, 760.2250, 18.5589
2025-12-10 20:05:13, 0.0567300390, 0.0542934534, 0.1519632193, 0.2269570550, 2553.5714, 2560.6190, 762.5750, 18.0708
2025-12-10 20:05:19, 0.0830071241, 0.0934406852, 0.4041014046, 0.3973575995, 2705.5366, 2785.0732, 762.3750, 18.2974
2025-12-10 20:05:25, 0.0734732544, 0.0644190344, 0.1956693151, 0.1478639176, 2570.2051, 2500.7692, 760.7500, 17.5524
2025-12-10 20:05:31, 0.0632477982, 0.0591259885, 0.2331820598, 0.3211925238, 2504.9388, 2490.8367, 764.4900, 19.4713
2025-12-10 20:05:37, 0.0535768202, 0.0453315831, 0.2677748334, 0.2787558280, 2646.2308, 2593.0577, 763.6500, 18.6437
2025-12-10 20:05:42, 0.0937413483, 0.0675492206, 0.2226108248, 0.2229612930, 2703.5227, 2657.2500, 762.7450, 17.9761
2025-12-10 20:05:48, 0.0521884484, 0.0575435433, 0.2569347768, 0.2372769161, 2385.7826, 2436.9783, 757.2950, 18.9388
2025-12-10 20:05:54, 0.0592973183, 0.0513436331, 0.1772628226, 0.1712792234, 2288.6429, 2309.1964, 765.1150, 20.7355
2025-12-10 20:05:59, 0.0604066819, 0.0677325151, 0.2915563158, 0.2748566181, 2691.7273, 2772.2500, 773.5550, 22.0022
2025-12-10 20:06:05, 0.0803659458, 0.0680111674, 0.3566882702, 0.3756855876, 2680.8235, 2707.6667, 757.7950, 18.5489
2025-12-10 20:06:11, 0.0794864935, 0.0629082517, 0.2466992782, 0.3303202587, 2447.8478, 2599.8043, 775.0150, 23.8175
2025-12-10 20:06:17, 0.0718964068, 0.0480582948, 0.2059060690, 0.1813750860, 2536.5000, 2390.1905, 771.9300, 20.8424
2025-12-10 20:06:22, 0.0622056435, 0.0599756826, 0.1011239717, 0.1378394082, 2177.4737, 2146.7632, 774.1700, 21.3322
2025-12-10 20:06:28, 0.0568801477, 0.0578361885, 0.2448107115, 0.2910028752, 2389.0435, 2449.0870, 773.6100, 22.6689
2025-12-10 20:06:34, 0.0610165159, 0.0611189849, 0.3029808760, 0.2978534705, 2320.9070, 2341.3023, 772.3800, 20.3879
2025-12-10 20:06:39, 0.0794211106, 0.0629477150, 0.2889960579, 0.2126353579, 2409.8250, 2294.6750, 773.5400, 22.2879
2025-12-10 20:06:45, 0.0817594628, 0.0670772092, 0.2571577782, 0.2473364783, 2642.6977, 2716.4186, 776.2700, 21.6628
2025-12-10 20:06:51, 0.0540240200, 0.0476161275, 0.2287598591, 0.2754150400, 2702.8261, 2665.6304, 776.5100, 22.6108
2025-12-10 20:06:56, 0.0756403729, 0.0513627293, 0.2451048977, 0.3188303421, 2637.0208, 2640.8750, 769.8850, 16.9216
2025-12-10 20:07:02, 0.0697342645, 0.0587074216, 0.1875404445, 0.1832169396, 2374.9000, 2363.2750, 774.2850, 21.2902
2025-12-10 20:07:08, 0.1006969579, 0.0888822399, 0.2741575960, 0.2983991375, 2573.9649, 2578.3158, 770.4350, 17.8554
2025-12-10 20:07:13, 0.0603736067, 0.0596854105, 0.1193745307, 0.1411776987, 2525.2174, 2508.4565, 766.2150, 18.4477
2025-12-10 20:07:19, 0.0679123124, 0.0689985190, 0.2289563663, 0.2275106286, 2278.2558, 2235.5349, 765.8650, 17.5652
2025-12-10 20:07:25, 0.0721358691, 0.0599851634, 0.1915901240, 0.2677123676, 2593.3208, 2613.8302, 768.8400, 18.5177
2025-12-10 20:07:30, 0.0887563663, 0.0727348622, 0.2173031571, 0.2001659716, 2746.6905, 2663.9048, 766.9900, 18.5176
2025-12-10 20:07:36, 0.0834638062, 0.0885195383, 0.2018742218, 0.2036501087, 2477.1111, 2581.8611, 766.6800, 18.9401
2025-12-10 20:07:42, 0.0729698450, 0.0604993529, 0.3111483926, 0.2124705498, 2652.6316, 2601.6316, 766.4200, 18.5414
2025-12-10 20:07:47, 0.0680440296, 0.0571105880, 0.1387192994, 0.1983326979, 2225.6000, 2260.5778, 767.6850, 17.4183
2025-12-10 20:07:53, 0.0577128715, 0.0542607745, 0.2165161910, 0.1912947520, 2823.8529, 2685.2647, 762.2500, 17.6093
2025-12-10 20:07:59, 0.0607439327, 0.0539793184, 0.4606450866, 0.4351676287, 2826.7500, 2885.4318, 764.0600, 17.0369
2025-12-10 20:08:04, 0.0672704745, 0.0628098801, 0.2504726291, 0.3358468509, 2704.7805, 2740.0244, 763.4750, 18.7619
2025-12-10 20:08:10, 0.0711311441, 0.0632975117, 0.2180086643, 0.1507162610, 2118.1163, 2129.9535, 764.8900, 18.2682
2025-12-10 20:08:16, 0.0483935904, 0.0528381066, 0.2655284335, 0.2189186162, 2640.6250, 2655.1250, 761.1950, 16.7677
2025-12-10 20:08:22, 0.0521470477, 0.0624610035, 0.2460270647, 0.1828765790, 2530.0000, 2483.9787, 761.7450, 18.7139
2025-12-10 20:08:27, 0.0760737117, 0.0706646844, 0.2112671989, 0.2318955262, 2511.1489, 2490.0638, 760.7650, 19.9630
2025-12-10 20:08:33, 0.0581378013, 0.0520881268, 0.2337576403, 0.2267807353, 2335.9444, 2451.4074, 760.9200, 18.0500
2025-12-10 20:08:39, 0.0710465173, 0.0873182629, 0.2944640420, 0.3342287768, 2618.1707, 2679.4878, 764.1200, 19.3302
2025-12-10 20:08:45, 0.0845459201, 0.0541994076, 0.2090796506, 0.2225105041, 2397.4681, 2371.5319, 764.7550, 18.1225
2025-12-10 20:08:50, 0.0886268336, 0.0641061664, 0.2340957554, 0.2428124385, 2413.0811, 2266.9730, 765.6750, 19.7777
2025-12-10 20:08:56, 0.0811381194, 0.0615694828, 0.1830275965, 0.1941271059, 2693.1951, 2639.0488, 760.6050, 18.2266
2025-12-10 20:09:02, 0.0427890564, 0.0445954462, 0.1443503361, 0.1578340083, 2306.8333, 2378.7292, 761.8400, 19.2628
2025-12-10 20:09:07, 0.0702865303, 0.0644203412, 0.2198393326, 0.1505912147, 2586.1304, 2565.3913, 760.0650, 17.9263
2025-12-10 20:09:13, 0.0658894128, 0.0580677517, 0.2840126741, 0.2459728219, 2474.8519, 2552.7037, 761.1550, 18.6223
2025-12-10 20:09:19, 0.0733633388, 0.0716672644, 0.2083056518, 0.1916122272, 2581.9298, 2688.9298, 763.9200, 17.3998
2025-12-10 20:09:24, 0.1261699438, 0.0772969291, 0.2027829408, 0.2776369832, 2935.2979, 3035.7234, 760.8200, 17.9131
2025-12-10 20:09:30, 0.1005251093, 0.0756777661, 0.1956382063, 0.2102974175, 2649.7167, 2643.6000, 762.4200, 19.5689
2025-12-10 20:09:36, 0.0877021615, 0.0735326378, 0.2260844934, 0.2212490585, 2649.1224, 2748.6735, 762.1600, 18.0869
2025-12-10 20:09:42, 0.1090236524, 0.1019111885, 0.3035617352, 0.2655891864, 2546.7250, 2591.9500, 761.9000, 18.0726
2025-12-10 20:09:47, 0.1241538726, 0.1091074477, 0.3645757488, 0.4245171540, 2766.7297, 2881.8919, 764.3250, 18.0225
2025-12-10 20:09:53, 0.0936219658, 0.0688229106, 0.1224617597, 0.1322582235, 2297.0606, 2333.5758, 763.0350, 18.5662
2025-12-10 20:09:59, 0.0864274418, 0.0909484682, 0.2134710562, 0.2180891678, 2613.9020, 2651.9804, 763.8300, 17.6964
2025-12-10 20:10:04, 0.0953538229, 0.0982752064, 0.2716858150, 0.2350115925, 2570.2821, 2558.8205, 763.7150, 17.0981
2025-12-10 20:10:10, 0.0749612184, 0.0674251889, 0.4276875811, 0.4201012785, 2401.8333, 2404.9167, 762.8050, 18.0629
2025-12-10 20:10:16, 0.0928481057, 0.0582996302, 0.2606951391, 0.2503035248, 2653.4340, 2682.6981, 762.2350, 16.8461
2025-12-10 20:10:21, 0.0773282503, 0.0618082930, 0.1008544947, 0.1395572798, 2336.5263, 2328.3684, 763.4300, 17.5757
2025-12-10 20:10:27, 0.0774848040, 0.0829299351, 0.2515398263, 0.2282710262, 2677.3421, 2669.6579, 760.7750, 17.9923
2025-12-10 20:10:34, 0.0588984336, 0.0524402397, 0.1748825563, 0.1392658802, 2338.0889, 2384.6222, 763.9300, 19.6958
2025-12-10 20:10:40, 0.0632124267, 0.0739288888, 0.2392843585, 0.2016556929, 2467.7209, 2428.2326, 768.8600, 16.5179
2025-12-10 20:10:45, 0.0686054593, 0.0672226002, 0.2464317820, 0.2098625944, 2654.1579, 2564.0000, 762.6250, 17.2387
2025-12-10 20:10:51, 0.0674426468, 0.0583951210, 0.3289936817, 0.3388369856, 2176.1944, 2197.2222, 766.0100, 17.3977
2025-12-10 20:10:57, 0.0609156138, 0.0914885548, 0.1923960640, 0.1807196174, 2332.1905, 2288.3810, 764.5800, 17.5198
2025-12-10 20:11:03, 0.0554132544, 0.0557612888, 0.2137789856, 0.2291540869, 2246.2308, 2297.6000, 765.0000, 20.1154
2025-12-10 20:11:09, 0.0635393111, 0.0448959575, 0.1754420776, 0.1666611176, 2616.5000, 2507.3750, 768.2000, 18.6938
2025-12-10 20:11:14, 0.0553511074, 0.0440758132, 0.2842084258, 0.3047918163, 2461.5319, 2392.0851, 766.4650, 18.3858
2025-12-10 20:11:20, 0.0722780119, 0.0685630064, 0.2998982284, 0.2715824349, 2466.6364, 2378.3182, 765.3300, 17.3819
2025-12-10 20:11:26, 0.0936041383, 0.0805970903, 0.1662081884, 0.1729594321, 2629.7719, 2652.5965, 763.4700, 17.4794
2025-12-10 20:11:31, 0.0665944047, 0.0644477026, 0.1717706083, 0.1682063191, 2421.3200, 2386.1400, 765.4200, 17.6384
2025-12-10 20:11:37, 0.0749083487, 0.0464383147, 0.2754969172, 0.2191917960, 2429.8511, 2280.2979, 765.3750, 16.9444
2025-12-10 20:11:43, 0.0591973843, 0.0616593177, 0.1754007707, 0.1581351547, 2702.5000, 2701.8333, 766.3700, 17.3050
2025-12-10 20:11:49, 0.0620075678, 0.0537809029, 0.1528609174, 0.1847090092, 2522.3182, 2534.5455, 763.6750, 17.6929
2025-12-10 20:11:55, 0.0708043185, 0.0821201638, 0.3139016907, 0.2587418653, 2819.7447, 2746.2128, 764.3800, 18.6305
2025-12-10 20:12:00, 0.1138473463, 0.0642096142, 0.2668803470, 0.2717437302, 2946.8293, 3086.8293, 765.6200, 18.0551
2025-12-10 20:12:06, 0.1264324408, 0.0910198954, 0.1676770264, 0.2454740227, 2718.0750, 2906.4750, 767.8700, 17.8164
2025-12-10 20:12:12, 0.0798100702, 0.0919699750, 0.1470814726, 0.1511198634, 2574.8125, 2645.2708, 768.5700, 18.6565
2025-12-10 20:12:17, 0.0757148849, 0.0930250080, 0.3421512003, 0.3390772421, 2916.6000, 2867.2889, 767.7750, 17.8769
2025-12-10 20:12:23, 0.0782555080, 0.0619450382, 0.2516727961, 0.3876745041, 2518.3962, 2639.1698, 769.6900, 17.7675
2025-12-10 20:12:29, 0.0895035768, 0.0794314808, 0.2397539171, 0.2197611200, 2803.9231, 2772.2308, 764.8350, 16.9646
2025-12-10 20:12:34, 0.0793459193, 0.0835132461, 0.3614232741, 0.2139817099, 2500.0000, 2395.0488, 765.6550, 17.9286
2025-12-10 20:12:40, 0.0966794910, 0.0661563424, 0.3437661653, 0.3588025973, 2665.3810, 2633.5952, 766.1450, 17.4658
2025-12-10 20:12:46, 0.0717966385, 0.0636180595, 0.1786034051, 0.2166978216, 2723.5238, 2595.9048, 765.9650, 19.4014
2025-12-10 20:12:52, 0.0665946664, 0.0640592148, 0.2308335440, 0.2043125445, 2397.1452, 2338.0806, 766.8450, 18.7059
2025-12-10 20:12:57, 0.0696459732, 0.0741372035, 0.2383295572, 0.2074488918, 2376.6000, 2302.6000, 768.4700, 19.0208
2025-12-10 20:13:03, 0.0734602757, 0.0435975570, 0.1256505559, 0.1687020208, 2323.5319, 2368.2553, 760.7850, 16.7651
2025-12-10 20:13:09, 0.0765457377, 0.0909001872, 0.1621330616, 0.1405927180, 2600.0278, 2517.3056, 766.5000, 18.6995
2025-12-10 20:13:15, 0.0928018373, 0.0948833834, 0.2001960227, 0.1778773024, 2711.8704, 2693.4259, 764.7800, 17.9307
2025-12-10 20:13:20, 0.0611793438, 0.0643962766, 0.2420738427, 0.2414160881, 2590.7097, 2478.5161, 766.4350, 17.2010
2025-12-10 20:13:32, 0.0659201584, 0.0999512174, 0.2556411040, 0.2403185364, 2505.3000, 2581.6800, 763.7650, 16.2582
2025-12-10 20:13:38, 0.0505273654, 0.0329922723, 0.2172850903, 0.3056731148, 2381.1250, 2434.6786, 764.1100, 17.8431
2025-12-10 20:13:43, 0.0556259761, 0.0695802460, 0.3761566361, 0.3068227828, 2834.8049, 2766.9512, 762.8600, 18.5184
2025-12-10 20:13:49, 0.0668890280, 0.0635379995, 0.2373772181, 0.2362130566, 2409.5500, 2443.1250, 767.9800, 16.6409
2025-12-10 20:13:55, 0.0487367314, 0.0529943331, 0.2885470570, 0.1956412325, 2354.1064, 2183.2979, 761.7450, 18.3423
2025-12-10 20:14:00, 0.0773335184, 0.0595785778, 0.2108110521, 0.2532436588, 2567.4902, 2618.3529, 764.0700, 16.7680
2025-12-10 20:14:07, 0.0897367936, 0.0610201006, 0.2504341473, 0.3599929206, 2820.8286, 2858.1143, 762.1850, 18.2483
2025-12-10 20:14:12, 0.0640816439, 0.0807571257, 0.3457381851, 0.3172684136, 2904.2895, 3035.7895, 761.3750, 18.2613
2025-12-10 20:14:18, 0.0755402650, 0.0626185707, 0.2382457331, 0.2722211610, 2494.2609, 2596.7391, 764.7950, 16.5868
2025-12-10 20:14:24, 0.0870170122, 0.0791340834, 0.1875399674, 0.1495654595, 2424.7949, 2446.7436, 762.3300, 16.5336
2025-12-10 20:14:29, 0.0739164514, 0.0540849603, 0.3210651699, 0.3491749607, 2485.4186, 2600.0698, 760.3850, 18.4785
2025-12-10 20:14:35, 0.0581123307, 0.0514977576, 0.1972931540, 0.1919460975, 2303.9111, 2314.6444, 764.0750, 17.9265
2025-12-10 20:14:41, 0.0790577719, 0.0488675981, 0.3213596445, 0.3682490470, 2632.4583, 2734.8750, 760.7150, 17.3275
2025-12-10 20:14:46, 0.0659168894, 0.0482846867, 0.2538858259, 0.1784949807, 2437.1224, 2352.7347, 764.5550, 18.5207
2025-12-10 20:14:52, 0.0822899132, 0.0574856450, 0.2024149368, 0.2108386755, 2394.8939, 2473.7424, 763.1900, 18.4433
2025-12-10 20:14:58, 0.0629368506, 0.0661755924, 0.2835827287, 0.2776927098, 2896.0889, 2743.0000, 754.2150, 18.0549
2025-12-10 20:15:03, 0.0645615532, 0.0649643690, 0.1678519537, 0.1289237979, 2488.1522, 2448.3696, 766.8000, 16.1133
2025-12-10 20:15:09, 0.0732971273, 0.0653541953, 0.1590086204, 0.1694755308, 2411.2558, 2479.5349, 753.1200, 19.3087
2025-12-10 20:15:15, 0.0668234563, 0.0547783231, 0.3241390453, 0.3629102416, 2732.6154, 2721.0769, 759.3650, 19.7069
2025-12-10 20:15:20, 0.0670918392, 0.0517983101, 0.1749109082, 0.1919289634, 2198.1702, 2289.7872, 754.2750, 17.0906
2025-12-10 20:15:26, 0.0643704995, 0.0528460864, 0.2071303001, 0.1750572947, 2515.9375, 2529.3125, 755.5450, 16.6354
2025-12-10 20:15:32, 0.0711260724, 0.0606058763, 0.2109234968, 0.2155538940, 2397.8372, 2299.8605, 753.0900, 17.5106
2025-12-10 20:15:37, 0.0718523859, 0.0530270953, 0.3020288282, 0.2888223795, 2382.1333, 2441.4667, 760.8550, 18.2199
2025-12-10 20:15:43, 0.0782087796, 0.0780349790, 0.1760654953, 0.1579461655, 2174.8372, 2122.3023, 755.4950, 18.0211
2025-12-10 20:15:49, 0.0604048032, 0.0603684324, 0.3098433006, 0.3808646201, 2528.9000, 2592.0800, 754.3500, 18.1019
2025-12-10 20:15:54, 0.1006470390, 0.0704579431, 0.4069957459, 0.3159384314, 2694.3421, 2693.6316, 755.2000, 18.0369
2025-12-10 20:16:00, 0.0715094026, 0.0648964722, 0.2602797661, 0.2845677659, 2460.8000, 2474.8000, 757.8900, 18.2150
2025-12-10 20:16:06, 0.0842353037, 0.0631707226, 0.1714154388, 0.1772262943, 2369.3191, 2333.4681, 761.5400, 20.9248
2025-12-10 20:16:11, 0.0615222878, 0.0724545113, 0.2749073175, 0.2649614960, 2455.5577, 2404.2308, 761.4550, 21.4667
2025-12-10 20:16:17, 0.0611376772, 0.0657778247, 0.1659668569, 0.1892181186, 2591.6200, 2573.7800, 759.8200, 20.8444
2025-12-10 20:16:23, 0.0650128313, 0.0578215497, 0.2571712853, 0.4517804025, 2318.8039, 2404.8235, 755.8350, 19.2722
2025-12-10 20:16:29, 0.0764377796, 0.0467784100, 0.2386842727, 0.1834041194, 2441.2222, 2371.0222, 757.4850, 20.8360
2025-12-10 20:16:35, 0.0567011431, 0.0625157474, 0.2126097691, 0.1939411909, 2388.9583, 2328.2083, 758.2900, 20.1434
2025-12-10 20:16:40, 0.0850779777, 0.0562458023, 0.2029743437, 0.1780511985, 2507.6905, 2397.5476, 755.7200, 19.8734
2025-12-10 20:16:46, 0.0808879457, 0.0856384598, 0.2009080444, 0.2115683507, 2414.7400, 2373.9800, 755.3000, 20.2963
2025-12-10 20:16:52, 0.0524399241, 0.0581648010, 0.1342011569, 0.2200899684, 2274.2195, 2368.5122, 757.5950, 21.1540
2025-12-10 20:16:58, 0.0646324538, 0.0573478118, 0.2431402387, 0.2509940537, 2918.1200, 2910.7200, 755.5500, 21.3171
2025-12-10 20:17:04, 0.0800024513, 0.0652735418, 0.3268610084, 0.3703810093, 2430.0317, 2348.8413, 757.9600, 20.8760
2025-12-10 20:17:09, 0.0686593351, 0.0683511479, 0.1945206417, 0.1861797227, 2458.4286, 2371.1607, 755.4450, 18.8161
2025-12-10 20:17:15, 0.0714166367, 0.0508510304, 0.1470569187, 0.1441170947, 2484.5323, 2411.0968, 755.0450, 19.0723
2025-12-10 20:17:21, 0.0782264833, 0.0625413625, 0.2334046236, 0.3337625480, 2386.3659, 2364.3659, 755.8650, 21.2223
2025-12-10 20:17:26, 0.0524146035, 0.0462477672, 0.2158209365, 0.2538476228, 2286.9348, 2266.5217, 758.3550, 21.0157
2025-12-10 20:17:32, 0.0641682344, 0.0435860361, 0.1732453715, 0.2004780677, 2527.7593, 2537.8704, 756.0050, 21.4083
2025-12-10 20:17:38, 0.0736241870, 0.0469574112, 0.3972376602, 0.3800339375, 2848.8250, 2873.3500, 759.7400, 19.4628
2025-12-10 20:17:43, 0.0831781325, 0.0626075855, 0.2562178502, 0.2717293170, 2616.3878, 2533.3878, 758.8400, 18.2544
2025-12-10 20:17:49, 0.0678988827, 0.0689273321, 0.2788743742, 0.2648008900, 2648.0000, 2667.4717, 758.4350, 22.2168
2025-12-10 20:17:55, 0.0706772007, 0.0725085610, 0.1840435582, 0.1821104160, 2267.7021, 2320.2766, 756.2750, 18.4959
2025-12-10 20:18:01, 0.0726095770, 0.0638803925, 0.1422838657, 0.1721730237, 2358.0000, 2497.1163, 756.3550, 17.0774
2025-12-10 20:18:06, 0.0688965503, 0.0617528183, 0.2323867336, 0.1809691989, 2309.5510, 2352.1837, 756.9800, 16.4241
2025-12-10 20:18:12, 0.0734691778, 0.0554617533, 0.3317647896, 0.2831055356, 2735.1818, 2755.8864, 756.9850, 18.8384
2025-12-10 20:18:17, 0.0771727956, 0.0673907948, 0.4222762694, 0.4051477508, 3014.6098, 2894.6585, 755.7450, 16.2025
2025-12-10 20:18:23, 0.0934321285, 0.0642586964, 0.2639651299, 0.2785135831, 2949.0455, 3088.2273, 757.6850, 16.9637
2025-12-10 20:18:29, 0.1005273506, 0.0853304248, 0.1747980934, 0.1440857039, 2393.4889, 2342.3111, 759.6450, 16.2200
2025-12-10 20:18:35, 0.0745807546, 0.0626469471, 0.2345084525, 0.2415579723, 2412.0250, 2329.2750, 763.0400, 19.0664
2025-12-10 20:18:40, 0.0954418168, 0.1047142450, 0.1733239585, 0.1435432900, 2453.3415, 2397.3171, 759.5150, 18.7417
2025-12-10 20:18:46, 0.1156073326, 0.1337344247, 0.2007574431, 0.1859350055, 2647.1429, 2546.9762, 756.9850, 17.1124
2025-12-10 20:18:52, 0.0737038716, 0.0766129323, 0.1827412151, 0.1980084696, 2556.0851, 2639.8723, 763.6400, 19.5873
2025-12-10 20:18:57, 0.0808259657, 0.0866244559, 0.2414965515, 0.2062380348, 2689.8438, 2683.4375, 763.3450, 17.4295
2025-12-10 20:19:03, 0.1094587389, 0.0895800479, 0.3497021345, 0.3002471885, 2512.1750, 2479.9500, 754.7400, 19.2349
2025-12-10 20:19:09, 0.0812022430, 0.0574575394, 0.1244598207, 0.1537280998, 2209.0244, 2323.5366, 753.0750, 18.3306
2025-12-10 20:19:15, 0.0730539901, 0.0589637418, 0.1780534780, 0.1654860214, 2381.3750, 2430.2917, 755.7000, 18.9710
2025-12-10 20:19:20, 0.0723436973, 0.0636651950, 0.4590264288, 0.4114196457, 2575.0000, 2733.0571, 757.5950, 17.5425
2025-12-10 20:19:26, 0.0614332977, 0.0625682557, 0.2473339735, 0.1922643108, 2455.6923, 2376.7115, 756.2950, 16.1434
2025-12-10 20:19:32, 0.0544150891, 0.0602573571, 0.1185179857, 0.1107272282, 2327.3585, 2404.6604, 755.4900, 19.0155
2025-12-10 20:19:38, 0.0755453149, 0.0860451783, 0.2646855939, 0.3726591328, 2743.0000, 2879.8667, 756.1500, 17.8555
2025-12-10 20:19:43, 0.0502679058, 0.0542252317, 0.2311020813, 0.2015592070, 2535.7222, 2509.8333, 755.7750, 18.7828
2025-12-10 20:19:49, 0.0686143428, 0.0636306400, 0.2162207516, 0.2595041603, 2356.9535, 2434.3721, 759.2300, 18.3825
2025-12-10 20:19:55, 0.0775525752, 0.0720597091, 0.1857363277, 0.1455036161, 2738.4468, 2760.5319, 761.7650, 18.6459
2025-12-10 20:20:01, 0.0671399331, 0.0489295065, 0.2763060055, 0.2866086364, 2774.7234, 2754.2766, 760.2250, 18.6278
2025-12-10 20:20:07, 0.0837277847, 0.0649592854, 0.2285513798, 0.2651334914, 2468.2982, 2481.2632, 757.0000, 20.0227
2025-12-10 20:20:12, 0.0735761348, 0.0631386412, 0.2502516959, 0.2377114721, 2570.3571, 2495.8810, 759.0750, 19.9033
2025-12-10 20:20:18, 0.0632825760, 0.0613458005, 0.3929259800, 0.3646105459, 2667.0488, 2577.0976, 756.7750, 20.7924
2025-12-10 20:20:23, 0.0476679912, 0.0419262862, 0.1887027370, 0.1703597696, 2407.6875, 2293.8958, 756.9700, 17.5482
2025-12-10 20:20:29, 0.0447025418, 0.0387528148, 0.3675448733, 0.4493541969, 2882.1042, 2881.1667, 756.2250, 18.4050
2025-12-10 20:20:35, 0.0403877824, 0.0453311715, 0.2152537413, 0.1617008713, 2734.5682, 2663.9091, 761.7050, 18.7888
2025-12-10 20:20:41, 0.0749794040, 0.0756993889, 0.2789250462, 0.2006200177, 2812.9800, 2716.8000, 762.8150, 18.7193
2025-12-10 20:20:47, 0.0633798812, 0.0514679467, 0.1442438497, 0.1227870212, 2285.5556, 2225.1111, 757.6400, 17.8039
2025-12-10 20:20:52, 0.0511756702, 0.0512924562, 0.3353124645, 0.3240165362, 2761.9608, 2724.0000, 767.5200, 17.7381
2025-12-10 20:20:58, 0.0515602195, 0.0491835291, 0.2183357575, 0.2223168084, 2523.0488, 2484.8780, 764.1550, 18.4329
2025-12-10 20:21:04, 0.0607862202, 0.0610132210, 0.2169489403, 0.1780234981, 2480.3750, 2425.8958, 764.9950, 17.4136
2025-12-10 20:21:10, 0.0621281844, 0.0625567562, 0.1965711800, 0.1746256796, 2580.5750, 2543.7250, 762.0050, 18.8858
2025-12-10 20:21:15, 0.0828743316, 0.0538255531, 0.3498365005, 0.3234994694, 2694.1538, 2656.8718, 766.2200, 22.3207
2025-12-10 20:21:21, 0.0781123521, 0.0789571201, 0.2587300789, 0.3894873867, 2574.1739, 2679.7391, 766.4750, 19.5187
2025-12-10 20:21:28, 0.0461159538, 0.0750796145, 0.1277787023, 0.1077701121, 2246.1739, 2369.5000, 766.9650, 19.3493
2025-12-10 20:21:33, 0.0496438797, 0.0431140011, 0.2469220942, 0.2363838888, 2845.3600, 2864.7800, 764.0550, 18.1882
2025-12-10 20:21:39, 0.0452092415, 0.0305948454, 0.1644879188, 0.1756692523, 2546.8182, 2488.2727, 765.8400, 19.5541
2025-12-10 20:21:44, 0.0542320148, 0.0421681477, 0.2538937336, 0.3297294375, 2619.9268, 2780.6585, 765.0350, 20.0036
2025-12-10 20:21:50, 0.0823864856, 0.0681188080, 0.2480539764, 0.1683470743, 2557.5455, 2695.8485, 766.2750, 18.6059
2025-12-10 20:21:56, 0.0527848550, 0.0644117282, 0.1977232702, 0.1830095999, 2524.8649, 2519.8649, 764.6100, 18.9472
2025-12-10 20:22:02, 0.0559427393, 0.0413701305, 0.1788097121, 0.1792813480, 2346.6667, 2384.5476, 764.6200, 18.7775
2025-12-10 20:22:08, 0.0560341425, 0.0474871673, 0.2598656045, 0.2471078948, 2495.4286, 2481.7551, 765.9800, 18.8973
2025-12-10 20:22:13, 0.0730528401, 0.0597127690, 0.1784896525, 0.1398152539, 2716.7778, 2763.6889, 761.0150, 19.3338
2025-12-10 20:22:19, 0.0604014160, 0.0571758147, 0.2206111752, 0.2332854097, 3012.2200, 2953.4000, 767.4600, 19.3302
2025-12-10 20:22:25, 0.0503622502, 0.0513155486, 0.2711181992, 0.2910041738, 2602.0652, 2613.3913, 762.9550, 19.6164
2025-12-10 20:22:31, 0.0600448256, 0.0649406909, 0.2019465669, 0.1743431593, 2611.5918, 2587.2245, 763.8400, 19.7095
2025-12-10 20:22:37, 0.0524147664, 0.0484679762, 0.2335658167, 0.2611130545, 2705.4118, 2710.4510, 761.2550, 20.7082
2025-12-10 20:22:42, 0.0886634862, 0.0579523977, 0.2525826437, 0.2228558304, 2384.1163, 2484.6512, 763.6100, 20.1658
2025-12-10 20:22:48, 0.0825317111, 0.0559216749, 0.1161385750, 0.1035786571, 2592.2195, 2528.2927, 765.4100, 19.6467
2025-12-10 20:22:54, 0.0545157428, 0.0426323705, 0.3114939389, 0.2545151217, 2670.6400, 2544.8200, 759.7700, 18.6600
2025-12-10 20:23:00, 0.0674525923, 0.0880810352, 0.1977914637, 0.1929403925, 2683.2941, 2756.9706, 762.7000, 18.0386
2025-12-10 20:23:06, 0.0864477535, 0.0644494617, 0.3503941195, 0.3455443611, 2721.7045, 2655.4091, 762.2500, 18.7189
2025-12-10 20:23:11, 0.0798897446, 0.0697366341, 0.2853938819, 0.3214490759, 2663.2051, 2686.5641, 764.8750, 22.4299
2025-12-10 20:23:17, 0.0612435189, 0.0524578498, 0.2870312750, 0.2651357387, 2524.4583, 2554.5000, 762.4550, 21.1153
2025-12-10 20:23:23, 0.0742986814, 0.0741135744, 0.2098112985, 0.1897293944, 2592.8889, 2603.1333, 765.4850, 17.5040
2025-12-10 20:23:28, 0.0712754630, 0.0513724355, 0.2509505041, 0.3402407877, 2778.0465, 2905.1395, 763.4300, 18.1924
2025-12-10 20:23:34, 0.0574928217, 0.0499082075, 0.1777178686, 0.1678902716, 2373.5641, 2340.6667, 760.0950, 20.4604
2025-12-10 20:23:40, 0.0592060850, 0.0726848725, 0.1750157249, 0.1553920920, 2524.2162, 2486.0541, 764.0300, 19.2894
2025-12-10 20:23:46, 0.0581806684, 0.0537186244, 0.3058452126, 0.3219025041, 2525.6579, 2577.8421, 764.3250, 18.5997
2025-12-10 20:23:51, 0.0401354157, 0.0374696546, 0.1623877894, 0.2204592255, 2356.1667, 2358.5476, 763.8300, 17.9742
2025-12-10 20:23:57, 0.0801439224, 0.0810997608, 0.2685375620, 0.2728870618, 2592.7692, 2672.6667, 763.5200, 18.0679
2025-12-10 20:24:03, 0.0596092602, 0.0651612219, 0.1297028880, 0.1351347350, 2525.0612, 2568.3673, 763.5350, 18.3573
2025-12-10 20:24:08, 0.0493121949, 0.0567085934, 0.2382759225, 0.1998584341, 2612.9762, 2566.5238, 763.5900, 17.8637
2025-12-10 20:24:14, 0.0552977045, 0.0632470036, 0.2665273007, 0.2097472128, 2376.0727, 2443.9455, 766.2850, 18.1462
2025-12-10 20:24:20, 0.0493455866, 0.0564610972, 0.3081702415, 0.2531372032, 2712.5306, 2610.0408, 764.5450, 18.6163
2025-12-10 20:24:26, 0.0678534773, 0.0577942392, 0.1957763384, 0.1647685208, 2408.0465, 2377.6512, 766.6950, 18.3612
2025-12-10 20:24:32, 0.0535008603, 0.0425727360, 0.3824666579, 0.2649979811, 2598.5882, 2525.8627, 766.1500, 18.0413
2025-12-10 20:24:37, 0.0481880632, 0.0512599298, 0.2108905912, 0.2261724241, 2721.5102, 2741.1633, 767.8350, 17.6303
2025-12-10 20:24:43, 0.0604400224, 0.0602664179, 0.2278701659, 0.1983746672, 2723.9167, 2563.1250, 767.2250, 18.3413
2025-12-10 20:24:49, 0.0580856932, 0.0650025273, 0.1795768753, 0.1797245372, 2570.4082, 2647.3265, 768.3350, 17.5779
2025-12-10 20:24:54, 0.0563777793, 0.0580511625, 0.1765029238, 0.1113276707, 2695.9167, 2613.7292, 769.1500, 18.4301
2025-12-10 20:25:00, 0.0898442184, 0.0610941186, 0.1631752023, 0.1967638700, 2598.2250, 2642.0250, 766.9250, 18.1876
2025-12-10 20:25:06, 0.0762349395, 0.0999773939, 0.1205949394, 0.1481593069, 2693.6136, 2659.1818, 765.6650, 17.4577
2025-12-10 20:25:11, 0.0878210311, 0.0609896368, 0.1740653657, 0.1838614292, 2409.6875, 2366.3333, 765.3350, 18.6097
2025-12-10 20:25:17, 0.0884593147, 0.0687337617, 0.1759525201, 0.1588190988, 2788.2353, 2813.9412, 768.8550, 18.2116
2025-12-10 20:25:23, 0.0778991569, 0.0741024709, 0.2689884625, 0.2699949607, 2779.5435, 2792.6304, 764.6850, 17.7855
2025-12-10 20:25:29, 0.0668503150, 0.0697099373, 0.1556860920, 0.1286350254, 2584.7857, 2414.6071, 764.5400, 15.5942
2025-12-10 20:25:35, 0.0652601950, 0.0576689692, 0.2171933887, 0.1758973836, 2620.5500, 2499.5500, 765.9000, 20.7065
2025-12-10 20:25:40, 0.0679258641, 0.0902099651, 0.1399191666, 0.1183830237, 2441.9250, 2413.3750, 768.1700, 18.8099
2025-12-10 20:25:46, 0.0871557008, 0.0650098407, 0.2024157319, 0.1903134842, 2803.9143, 2831.0000, 766.0100, 18.0873
2025-12-10 20:25:51, 0.0805387590, 0.0659562242, 0.1475352451, 0.1120322570, 2496.7857, 2565.7321, 764.6850, 19.2267
2025-12-10 20:25:57, 0.1132859839, 0.0719922175, 0.1880966072, 0.2409907370, 2774.0556, 2835.4722, 764.3850, 17.1160
2025-12-10 20:26:03, 0.1021477797, 0.0585307642, 0.2475601315, 0.2370243378, 2400.9750, 2460.2500, 758.8350, 19.3574
2025-12-10 20:26:09, 0.0937785105, 0.0815866753, 0.1564366392, 0.1589814964, 2647.8000, 2677.1778, 766.3500, 19.3028
2025-12-10 20:26:15, 0.0981968395, 0.0918002498, 0.1729926229, 0.1909692701, 2590.1930, 2610.6491, 764.9000, 18.2041
2025-12-10 20:26:21, 0.0984689761, 0.0837372180, 0.1954071641, 0.1622464984, 2727.5472, 2756.3585, 765.6150, 17.5396
2025-12-10 20:26:27, 0.1245805440, 0.1032107429, 0.1881988927, 0.1453693627, 2597.4667, 2553.1778, 764.1750, 19.2739
2025-12-10 20:26:32, 0.1191280828, 0.1254118317, 0.1133022832, 0.1070185749, 2966.7442, 2998.0233, 762.8700, 18.6092
2025-12-10 20:26:38, 0.1195122554, 0.0911167576, 0.1528602305, 0.1363428256, 2828.9048, 2825.4762, 757.7900, 18.4861
2025-12-10 20:26:44, 0.1188596326, 0.0988757616, 0.1272740661, 0.1183624138, 2436.9038, 2372.4231, 758.2000, 19.2401
2025-12-10 20:26:50, 0.0682847110, 0.0759963609, 0.1123450210, 0.1298724564, 2639.5000, 2811.7500, 759.4100, 19.5975
2025-12-10 20:26:55, 0.1215819165, 0.0910820823, 0.1212491678, 0.1363786250, 2862.3878, 2865.0204, 760.4950, 17.3098
2025-12-10 20:27:01, 0.0635499943, 0.0498512651, 0.1364328770, 0.1178683771, 2431.3200, 2487.2600, 761.4600, 19.4149
2025-12-10 20:27:07, 0.0695652592, 0.0718498114, 0.1620784360, 0.2176313189, 2394.2444, 2580.2000, 757.8550, 19.2975
2025-12-10 20:27:13, 0.0593528614, 0.0527189143, 0.1736276639, 0.1429878007, 2633.5610, 2561.8293, 761.1750, 20.2974
2025-12-10 20:27:19, 0.0558047605, 0.0764583692, 0.2066275172, 0.1608734672, 2704.7917, 2553.0208, 762.8050, 19.2644
2025-12-10 20:27:25, 0.0744444887, 0.0634885293, 0.1497209198, 0.1617777923, 2574.0179, 2611.1786, 761.2400, 19.5464
2025-12-10 20:27:31, 0.0706888563, 0.0704232642, 0.1392698729, 0.1250484422, 2801.6000, 2790.2000, 762.9650, 18.3435
2025-12-10 20:27:36, 0.0794828591, 0.0688155798, 0.1082330007, 0.1164087352, 2680.5000, 2776.1136, 764.1700, 18.0746
2025-12-10 20:27:42, 0.0578270695, 0.0608964627, 0.1180254716, 0.1260726932, 2862.0196, 2897.0784, 762.1750, 19.4459
2025-12-10 20:27:48, 0.0859634141, 0.0728014147, 0.1749495859, 0.2281393169, 2653.1296, 2735.4259, 765.4250, 19.3136
2025-12-10 20:27:53, 0.0891631383, 0.0667402678, 0.1228300117, 0.1307089997, 2532.3250, 2506.7250, 763.2500, 17.8401
2025-12-10 20:27:59, 0.0691429910, 0.0574764573, 0.1329856748, 0.1376455876, 2596.7179, 2652.7692, 761.7600, 19.3060
2025-12-10 20:28:05, 0.0748496003, 0.0681273144, 0.2153530158, 0.1991052329, 2780.2727, 2834.8364, 762.5200, 19.9547
2025-12-10 20:28:10, 0.1179900589, 0.0633771928, 0.2016307786, 0.2289770776, 2881.4211, 2937.8158, 765.9800, 17.9153
2025-12-10 20:28:16, 0.0582152481, 0.0751597348, 0.1332038659, 0.1548326389, 2450.3889, 2603.9074, 763.3800, 18.5212
2025-12-10 20:28:22, 0.0719622679, 0.0701635153, 0.1876584086, 0.1262747674, 3098.1622, 3033.4595, 761.2650, 19.5953
2025-12-10 20:28:28, 0.0827109499, 0.0810035261, 0.1440782069, 0.1320686089, 2792.7174, 2789.4348, 762.4100, 17.8217
2025-12-10 20:28:33, 0.1120696291, 0.0700897770, 0.1181471468, 0.1450280491, 2624.4464, 2616.4107, 761.0300, 17.5715
2025-12-10 20:28:39, 0.0647475047, 0.0841789283, 0.1500581269, 0.1492748997, 2937.6136, 2952.0227, 761.9500, 18.6263
2025-12-10 20:28:45, 0.0902525676, 0.0772376454, 0.0873881951, 0.0888935702, 2338.2439, 2368.9756, 763.2700, 18.2901
2025-12-10 20:28:50, 0.0980248565, 0.0981572544, 0.0893137212, 0.0835776069, 2505.3953, 2529.9767, 764.6750, 18.8191
2025-12-10 20:28:56, 0.0608385039, 0.0683252391, 0.1108563515, 0.0920475258, 2779.0952, 2842.3571, 762.6150, 17.9590
2025-12-10 20:29:02, 0.0821481926, 0.0876431698, 0.1654000019, 0.1624667674, 2734.1897, 2914.0862, 762.0400, 16.9174
2025-12-10 20:29:07, 0.0910168518, 0.0638216617, 0.1142895666, 0.1200150316, 2538.5625, 2626.1250, 761.6650, 17.7006
2025-12-10 20:29:13, 0.0891183335, 0.0690944504, 0.1267880930, 0.0842561327, 2653.6744, 2658.6047, 765.5200, 17.7423
2025-12-10 20:29:19, 0.0867505794, 0.0804504623, 0.1545716769, 0.1033510179, 2976.1633, 3036.8571, 763.4000, 16.2049
2025-12-10 20:29:24, 0.0905273003, 0.0796484579, 0.1147868549, 0.1508807240, 2591.7959, 2669.0000, 763.3800, 17.1682
2025-12-10 20:29:30, 0.0685776997, 0.0755577021, 0.1620303422, 0.1469200271, 2794.3600, 2819.9600, 760.8750, 18.6834
2025-12-10 20:29:36, 0.0737158013, 0.0585409805, 0.1021825686, 0.0680248781, 2369.2821, 2433.9231, 764.8600, 17.1368
2025-12-10 20:29:42, 0.0978445510, 0.0699565135, 0.2307761621, 0.2122963505, 2788.1628, 2893.8605, 763.6350, 17.7773
2025-12-10 20:29:47, 0.0958845364, 0.0824589860, 0.2082074347, 0.2225868981, 2850.2381, 2851.7857, 767.5400, 20.4980
2025-12-10 20:29:53, 0.0855218602, 0.1027202267, 0.1803886899, 0.1980828157, 2410.0000, 2548.5750, 768.2050, 18.8102
2025-12-10 20:29:59, 0.0869990189, 0.0963205207, 0.1027308779, 0.0830047881, 2902.2000, 2790.7778, 767.6500, 19.7022
2025-12-10 20:30:05, 0.0751360944, 0.0784137642, 0.1405981435, 0.1510909014, 2706.9808, 2697.7308, 765.5100, 20.2635
2025-12-10 20:30:10, 0.0797446658, 0.0775793882, 0.1576800767, 0.1286169725, 2613.9828, 2635.3276, 769.3650, 21.3753
2025-12-10 20:30:16, 0.0856000584, 0.0840328848, 0.0988162366, 0.1167214070, 2543.0566, 2553.1132, 770.0200, 19.5826
2025-12-10 20:30:22, 0.0773034233, 0.0763707890, 0.1204803392, 0.1090578288, 2564.6383, 2620.8085, 766.2700, 19.7873
2025-12-10 20:30:27, 0.0804443855, 0.0799126871, 0.3032368316, 0.2348217289, 2725.6735, 2739.2653, 763.3400, 20.1543
2025-12-10 20:30:33, 0.0973856709, 0.0957822265, 0.2074013455, 0.1429734570, 3058.8889, 3158.1111, 765.9300, 19.2108
2025-12-10 20:30:38, 0.0701650732, 0.0746060945, 0.1688785654, 0.1394850402, 2554.0566, 2613.5283, 766.5750, 21.3996
2025-12-10 20:30:44, 0.0723409951, 0.0591156128, 0.1105011449, 0.1338762316, 2452.7458, 2535.1864, 762.4400, 18.9498
2025-12-10 20:30:51, 0.0785066122, 0.0672862590, 0.1365525663, 0.1374042827, 2784.5893, 2762.0000, 762.3050, 21.2930
2025-12-10 20:30:56, 0.0838705389, 0.0749400586, 0.1650151157, 0.1612568319, 2755.8333, 2808.3333, 764.1400, 21.5149
2025-12-10 20:31:02, 0.0811641683, 0.0811241477, 0.1509730863, 0.1325101167, 2500.9500, 2585.1833, 764.7450, 19.9161
2025-12-10 20:31:08, 0.0896258586, 0.0716456918, 0.1322789517, 0.1516850649, 2738.1591, 2885.2955, 764.9700, 20.6574
2025-12-10 20:31:13, 0.0940245208, 0.1070606084, 0.1764347082, 0.1568815180, 2611.9474, 2568.8158, 764.9700, 21.9388
2025-12-10 20:31:19, 0.1013969922, 0.0931651909, 0.1470963825, 0.0952466645, 3063.7333, 3145.2667, 761.7400, 19.5195
2025-12-10 20:31:25, 0.0865852344, 0.0738447496, 0.1392652042, 0.1280512578, 2684.7059, 2772.7647, 763.3150, 18.3299
2025-12-10 20:31:30, 0.1171324221, 0.0843007687, 0.1274939416, 0.0930285124, 2594.7381, 2648.4048, 761.4800, 22.1016
2025-12-10 20:31:36, 0.0978729082, 0.0990904164, 0.1332316040, 0.1037027638, 2801.9818, 2891.1273, 761.1650, 18.9483
2025-12-10 20:31:42, 0.1066243288, 0.0794047926, 0.1234535350, 0.1415415523, 2704.5952, 2748.6667, 763.1350, 18.6565
2025-12-10 20:31:48, 0.0892937099, 0.0643062012, 0.1958540420, 0.1581511172, 2949.1364, 2921.7273, 763.0550, 18.9495
2025-12-10 20:31:53, 0.0788705611, 0.0679525648, 0.1130557698, 0.1040335088, 2518.0000, 2652.2368, 760.8100, 19.9277
2025-12-10 20:31:59, 0.0807660558, 0.0715781727, 0.2250069377, 0.1747973154, 2712.5556, 2652.9683, 762.3450, 18.0043
2025-12-10 20:32:04, 0.0829888030, 0.0731160310, 0.1372169609, 0.1595564968, 2405.2564, 2517.6410, 761.3950, 19.7593
2025-12-10 20:32:10, 0.0927947121, 0.0670404588, 0.1446498953, 0.1502831622, 2466.6038, 2468.1132, 760.7050, 18.8581
2025-12-10 20:32:16, 0.0781033920, 0.0763746298, 0.1536663159, 0.1187225911, 2760.4821, 2623.9821, 762.7950, 20.3333
2025-12-10 20:32:22, 0.0691772595, 0.0788455232, 0.2516947977, 0.2153348864, 2918.4681, 2933.2766, 764.6050, 20.1943
2025-12-10 20:32:28, 0.0667664680, 0.0553098251, 0.1901627614, 0.1459212565, 2732.3200, 2770.6200, 763.0950, 19.2529
2025-12-10 20:32:33, 0.0614479426, 0.0681951760, 0.2867686761, 0.2789360097, 2789.4615, 2902.0000, 765.8000, 19.7287
2025-12-10 20:32:39, 0.0986172501, 0.0841657009, 0.1687350631, 0.2018607576, 2412.1515, 2546.6061, 767.8050, 18.5757
2025-12-10 20:32:45, 0.1296851586, 0.0802627176, 0.1359151286, 0.1449904683, 2656.9118, 2745.5000, 766.9050, 20.2291
2025-12-10 20:32:50, 0.0755768922, 0.0684780395, 0.2276828453, 0.1729828006, 2616.2308, 2589.5000, 765.3450, 17.7535
2025-12-10 20:32:56, 0.0745668968, 0.0496574886, 0.0964489363, 0.1255825491, 2602.5283, 2610.4528, 762.0150, 18.4679
2025-12-10 20:33:02, 0.0774415442, 0.0643937473, 0.1561268762, 0.1992761654, 2817.2245, 2950.9388, 764.5050, 18.0192
2025-12-10 20:33:08, 0.0581846312, 0.0623063736, 0.1500520996, 0.2496576052, 2620.0000, 2656.4898, 767.6200, 17.5683
2025-12-10 20:33:14, 0.0801212397, 0.0664965598, 0.1483295222, 0.1562160244, 2604.6250, 2593.0625, 765.6500, 17.5416
2025-12-10 20:33:19, 0.0760708816, 0.0757936292, 0.1395013566, 0.1424803009, 2631.7714, 2603.1714, 765.2700, 16.9085
2025-12-10 20:33:25, 0.0786210836, 0.0765019938, 0.1146489596, 0.1043719357, 2828.8636, 2852.7045, 765.8850, 18.0707
2025-12-10 20:33:31, 0.0735287648, 0.0799233976, 0.1938593988, 0.1869068634, 2688.9000, 2679.9800, 764.0700, 18.1693
2025-12-10 20:33:36, 0.0392309982, 0.0377643040, 0.1450672842, 0.1796384489, 2767.9200, 2925.6000, 763.5100, 17.2354
2025-12-10 20:33:42, 0.0565345416, 0.0833747320, 0.1388118923, 0.1115782459, 2628.8750, 2604.9375, 766.8000, 20.1000
2025-12-10 20:33:48, 0.0602403210, 0.0544046732, 0.1733916188, 0.2383697468, 2522.0217, 2629.6957, 767.0750, 18.4848
2025-12-10 20:33:54, 0.0586502686, 0.0496251103, 0.2539380963, 0.1793876406, 2883.0000, 2768.9444, 767.0150, 17.2721
2025-12-10 20:33:59, 0.0477805466, 0.0598055688, 0.1740166807, 0.1608672872, 2650.3279, 2681.8361, 767.2100, 17.2074
2025-12-10 20:34:05, 0.0471234201, 0.0478563068, 0.1689099984, 0.1762914497, 2661.3673, 2750.5918, 766.7350, 17.3411
2025-12-10 20:34:10, 0.0508968368, 0.0619860029, 0.1132924378, 0.1046786597, 2402.1087, 2447.1522, 765.2650, 17.0615
2025-12-10 20:34:16, 0.0997140089, 0.0714009295, 0.1591545340, 0.1462337924, 2336.2549, 2418.4510, 764.9500, 18.6975
2025-12-10 20:34:22, 0.0898541822, 0.0704398830, 0.1307862071, 0.1256758539, 2964.4902, 3018.8824, 764.9300, 17.0621
2025-12-10 20:34:28, 0.0913938773, 0.0640653507, 0.3313710587, 0.2768192539, 2701.9348, 2724.4130, 764.0400, 19.8121
2025-12-10 20:34:33, 0.0509769750, 0.0497860188, 0.1444842566, 0.1802157467, 2737.2895, 2782.2632, 764.6450, 19.7276
2025-12-10 20:34:39, 0.0687351006, 0.0762468648, 0.1922034455, 0.1708612057, 2873.7755, 2951.8163, 765.5800, 17.7331
2025-12-10 20:34:45, 0.0910075775, 0.0877457959, 0.1616638352, 0.1737167859, 2695.2353, 2859.3137, 758.5900, 17.9341
2025-12-10 20:34:51, 0.0984378178, 0.0667635750, 0.1739163477, 0.2065156350, 2593.3191, 2647.0851, 758.7650, 19.4990
2025-12-10 20:34:57, 0.1200038554, 0.0841508332, 0.1950187284, 0.1749501055, 2661.6667, 2649.4583, 762.2950, 18.3542
2025-12-10 20:35:03, 0.0551092410, 0.0537380891, 0.1816899656, 0.1489452067, 2689.9388, 2744.7755, 758.3100, 18.8895
2025-12-10 20:35:08, 0.0868979466, 0.0752111343, 0.1837754076, 0.1392159771, 2546.5556, 2641.2889, 759.7450, 18.4572
2025-12-10 20:35:14, 0.0712183631, 0.0873502525, 0.1511896098, 0.1554463889, 2548.8222, 2690.0222, 759.6950, 18.0813
2025-12-10 20:35:19, 0.0773123734, 0.0939194695, 0.3107217358, 0.2159995810, 2861.3878, 2729.1837, 763.2950, 19.6412
2025-12-10 20:35:25, 0.0873656406, 0.0836092358, 0.1714265871, 0.1751716535, 2640.7500, 2783.8500, 763.4600, 17.8849
2025-12-10 20:35:31, 0.0899254487, 0.0949821272, 0.1850955910, 0.1677907020, 2855.9535, 2799.7907, 762.9950, 18.6975
2025-12-10 20:35:37, 0.0753274703, 0.0744273278, 0.1644013354, 0.2085839817, 2420.5476, 2532.3810, 765.3450, 17.7822
2025-12-10 20:35:42, 0.1077925499, 0.0758969151, 0.2810803389, 0.3110960673, 2446.3077, 2425.0192, 763.7350, 18.8328
2025-12-10 20:35:48, 0.1225816327, 0.1160556018, 0.2050521246, 0.1413277623, 2697.8947, 2657.4474, 763.7050, 17.0367
2025-12-10 20:35:54, 0.0912079312, 0.0843719983, 0.1823547777, 0.1460881977, 2507.1163, 2565.5581, 761.8600, 16.3667
2025-12-10 20:36:00, 0.0698691930, 0.0884707307, 0.1528055298, 0.1933932300, 2626.3182, 2717.5682, 767.0350, 16.6125
2025-12-10 20:36:05, 0.0807745446, 0.0727567656, 0.1778107516, 0.2111692143, 2514.8600, 2683.4400, 768.3050, 17.3162
2025-12-10 20:36:11, 0.0745622654, 0.1008265368, 0.1894930714, 0.2263657023, 2636.4792, 2757.4167, 766.6800, 18.0897
2025-12-10 20:36:17, 0.0966983452, 0.0814562963, 0.2301230875, 0.1863978566, 2491.2195, 2527.9268, 766.8850, 17.6435
2025-12-10 20:36:22, 0.0389516314, 0.0424531570, 0.1966958860, 0.1689496546, 2223.2245, 2333.4898, 765.7200, 17.9349
2025-12-10 20:36:28, 0.0543742485, 0.0715760701, 0.1421857500, 0.1409806917, 2903.9024, 2909.3171, 769.2200, 19.1220
2025-12-10 20:36:34, 0.0700857583, 0.0651617663, 0.2011837676, 0.1501028602, 2573.6452, 2648.5484, 767.9500, 16.7922
2025-12-10 20:36:39, 0.0896323154, 0.0906260424, 0.2816277863, 0.2455189620, 2586.3095, 2509.5000, 767.0500, 18.8424
2025-12-10 20:36:45, 0.0725731906, 0.0776543702, 0.1449309819, 0.1378488185, 2498.3333, 2353.5686, 769.2150, 18.6260
2025-12-10 20:36:51, 0.0676817350, 0.0569327710, 0.1193188785, 0.1237245571, 2616.0541, 2608.8378, 769.7150, 18.2922
2025-12-10 20:36:57, 0.0731008432, 0.0908927344, 0.2200385297, 0.1941079893, 2894.2093, 3026.0930, 766.5300, 17.9505
2025-12-10 20:37:03, 0.0898156962, 0.0989484145, 0.3138750737, 0.2432576164, 2583.6585, 2570.6098, 761.7350, 19.8478
2025-12-10 20:37:08, 0.1253697443, 0.1191666408, 0.3236818048, 0.2659376987, 2761.2653, 2772.4286, 763.5950, 18.0145
2025-12-10 20:37:14, 0.1154905209, 0.0891680310, 0.1456294454, 0.1519147111, 2747.7708, 2754.4375, 762.3650, 17.7655
2025-12-10 20:37:20, 0.0812502801, 0.0669930111, 0.0842367391, 0.0754399394, 2490.0377, 2503.4528, 764.5550, 16.4480
2025-12-10 20:37:25, 0.1074827683, 0.0820357164, 0.1865623565, 0.2285075879, 2583.6400, 2647.6200, 762.1000, 17.2531
2025-12-10 20:37:31, 0.0903229720, 0.0901204440, 0.1926845805, 0.1890211835, 2477.3095, 2536.7381, 767.4050, 17.4577
2025-12-10 20:37:37, 0.1032441178, 0.0916295807, 0.1353464633, 0.1231123150, 2370.6042, 2389.4167, 760.1450, 17.8791
2025-12-10 20:37:42, 0.0960871138, 0.0908966377, 0.2290960652, 0.2176346931, 2683.0435, 2704.0000, 762.2000, 17.4748
2025-12-10 20:37:48, 0.0858778024, 0.0708871450, 0.1703365435, 0.1711864013, 2251.9714, 2430.1429, 761.1700, 17.9689
2025-12-10 20:37:54, 0.0928081132, 0.0952184158, 0.1359437009, 0.1434508348, 2498.7209, 2705.3256, 759.8700, 17.1966
2025-12-10 20:37:59, 0.0722963069, 0.0686154793, 0.1934587405, 0.1595231710, 2240.6739, 2211.9565, 761.1650, 16.4158
2025-12-10 20:38:05, 0.1005306428, 0.0941235317, 0.2662339724, 0.2271286161, 2239.1633, 2272.5918, 758.7450, 17.9911
2025-12-10 20:38:11, 0.0919723105, 0.0812550850, 0.2195289251, 0.1684684845, 2832.3396, 2840.3396, 762.6150, 18.0335
2025-12-10 20:38:17, 0.0961637113, 0.0596371639, 0.1739273514, 0.1609641085, 2257.2903, 2412.9355, 763.4100, 17.3185
2025-12-10 20:38:23, 0.0857475185, 0.0865179234, 0.2209623334, 0.2485885716, 2785.8333, 2868.5741, 760.1000, 17.2206
2025-12-10 20:38:29, 0.0809267730, 0.0902322755, 0.1409070093, 0.1382034184, 2458.8571, 2572.4524, 759.6550, 15.5774
2025-12-10 20:38:34, 0.0834339865, 0.0777563659, 0.2715068946, 0.2738557221, 2397.2941, 2428.8039, 761.9600, 18.8467
2025-12-10 20:38:40, 0.0747570905, 0.0567218317, 0.1147027838, 0.0882444642, 2214.0000, 2144.7353, 763.8150, 20.1100
2025-12-10 20:38:46, 0.0812542258, 0.0776882697, 0.1698700435, 0.1443161369, 2515.1509, 2491.4151, 765.0350, 20.6585
2025-12-10 20:38:51, 0.0710023499, 0.0685120537, 0.2910884514, 0.3649764572, 2671.7419, 2788.4839, 760.7700, 21.0522
2025-12-10 20:38:57, 0.0944785993, 0.0899213322, 0.1580431195, 0.1633536754, 2911.8043, 2810.0000, 763.1800, 19.6850
2025-12-10 20:39:03, 0.0751871521, 0.0693856426, 0.1939807083, 0.1299000615, 2563.7292, 2520.1875, 762.7400, 20.8243
2025-12-10 20:39:09, 0.0707892503, 0.0372327176, 0.2248091085, 0.2044709041, 2873.4667, 2991.2444, 761.8900, 17.9771
2025-12-10 20:39:14, 0.0649816226, 0.0680382615, 0.1781307521, 0.1625857402, 2425.8409, 2420.7273, 763.9850, 17.2112
2025-12-10 20:39:20, 0.0833446619, 0.0628015193, 0.1833370784, 0.1717581114, 2219.5400, 2186.4200, 762.2650, 17.2909
2025-12-10 20:39:26, 0.0899151132, 0.0788453108, 0.1157794188, 0.1217944461, 2598.5526, 2668.3684, 766.9400, 19.6854
2025-12-10 20:39:31, 0.0636506883, 0.0564337082, 0.2040488414, 0.1961625313, 2512.5400, 2392.7600, 760.4600, 20.7956
2025-12-10 20:39:37, 0.0515285317, 0.0557726187, 0.2514982869, 0.1716214006, 2456.5652, 2337.1087, 762.5150, 18.8934
2025-12-10 20:39:43, 0.0702478137, 0.0636473167, 0.2550427290, 0.1795970095, 2786.2800, 2815.0400, 763.6450, 18.4393
2025-12-10 20:39:48, 0.0760792354, 0.0580448268, 0.1464230229, 0.1459304366, 2771.4419, 2679.4186, 761.7950, 20.4644
2025-12-10 20:39:54, 0.0653173271, 0.0661824180, 0.2203109093, 0.2069328108, 2694.9796, 2618.4082, 759.9250, 22.1950
2025-12-10 20:40:00, 0.0660061373, 0.0615971150, 0.1873821030, 0.1999272977, 2726.1034, 2703.1552, 760.3700, 20.3134
2025-12-10 20:40:05, 0.0893156663, 0.0771997388, 0.2736392267, 0.2639574865, 2656.8776, 2658.9184, 761.3300, 19.6337
2025-12-10 20:40:11, 0.0986646024, 0.1007178715, 0.1939206351, 0.1245719687, 2331.3111, 2346.7778, 755.9900, 18.4242
2025-12-10 20:40:17, 0.0727280994, 0.0668899377, 0.1403033494, 0.1683327801, 2299.3750, 2285.0417, 759.3050, 19.7912
2025-12-10 20:40:23, 0.0884306306, 0.0661226937, 0.2279551657, 0.2141776732, 2704.8400, 2789.4600, 759.4150, 18.3012
2025-12-10 20:40:29, 0.0745011498, 0.0617868669, 0.1770859829, 0.1365802162, 2675.8302, 2781.8302, 758.3300, 18.5912
2025-12-10 20:40:34, 0.0671810517, 0.0586019637, 0.1447497690, 0.1482783377, 2509.8333, 2588.1481, 760.1650, 16.5281
2025-12-10 20:40:40, 0.0621246055, 0.0680859573, 0.1631095125, 0.1453772941, 2547.7111, 2583.1556, 758.5900, 19.2110
2025-12-10 20:40:46, 0.0985607239, 0.0706057366, 0.1876978824, 0.1795384886, 2564.8857, 2587.5143, 757.5250, 17.1204
2025-12-10 20:40:52, 0.0719535696, 0.0607457767, 0.1674320967, 0.1592727898, 2803.3111, 2815.6222, 758.8300, 17.9911
2025-12-10 20:40:58, 0.0706170680, 0.0444508038, 0.1808225128, 0.1936256145, 2639.3636, 2689.8409, 760.4500, 20.1044
2025-12-10 20:41:03, 0.0710354004, 0.0613494779, 0.2458728532, 0.2364476747, 2511.1000, 2488.1200, 760.8000, 17.3398
2025-12-10 20:41:09, 0.0584975087, 0.0641636219, 0.1618656796, 0.1176218319, 2769.0196, 2759.5686, 762.5450, 17.1799
2025-12-10 20:41:15, 0.0516924207, 0.0634902134, 0.2211178092, 0.2136022113, 2628.3953, 2706.3488, 763.8650, 18.1203
2025-12-10 20:41:21, 0.0781304791, 0.0626182417, 0.2614964399, 0.2317293776, 2742.8611, 2699.5278, 762.1100, 18.3403
2025-12-10 20:41:27, 0.0469434660, 0.0521292775, 0.1922486178, 0.2198394103, 2482.4915, 2514.5424, 764.5000, 18.2765
2025-12-10 20:41:32, 0.0449728411, 0.0456069174, 0.1745644523, 0.1922825833, 2930.9565, 2944.2174, 764.8200, 18.7664
2025-12-10 20:41:38, 0.0641507029, 0.0595268835, 0.1448231722, 0.1307416185, 2641.1915, 2520.8511, 765.0250, 18.1729
2025-12-10 20:41:44, 0.0627321220, 0.0494655165, 0.1698386676, 0.1973409429, 2778.4286, 2897.8095, 764.9700, 19.1363
2025-12-10 20:41:49, 0.0573689395, 0.0431374552, 0.2753481906, 0.2617585036, 2603.3182, 2535.3864, 764.6850, 19.1240
2025-12-10 20:41:55, 0.0603326607, 0.0591582105, 0.1626907919, 0.1685666233, 2725.7400, 2628.7400, 763.7150, 17.2718
2025-12-10 20:42:01, 0.1034051708, 0.0787211028, 0.2323619655, 0.2222584717, 2723.5435, 2705.3478, 766.3000, 17.3450
2025-12-10 20:42:07, 0.0841590644, 0.0706611581, 0.1618244505, 0.1984672349, 2692.0755, 2854.0755, 766.9550, 18.9088
2025-12-10 20:42:12, 0.0683650010, 0.0616748009, 0.1268536384, 0.1528003061, 2445.4222, 2567.4000, 764.9700, 17.2916
2025-12-10 20:42:18, 0.0498707407, 0.0361041979, 0.2530239026, 0.1978549119, 2587.4894, 2553.9787, 768.7500, 20.0930
2025-12-10 20:42:24, 0.0430854748, 0.0456649112, 0.2116918743, 0.2304162124, 2638.4792, 2689.3333, 764.4750, 18.9018
2025-12-10 20:42:30, 0.0700349335, 0.0722060887, 0.2890772418, 0.2688730447, 3517.2821, 3550.6154, 767.0050, 16.4470
2025-12-10 20:42:36, 0.0878612269, 0.0883776474, 0.1772566603, 0.1663062679, 2627.4348, 2774.1739, 767.7200, 18.0120
2025-12-10 20:42:41, 0.0780741488, 0.0601377011, 0.1073844739, 0.1513097319, 2169.2051, 2253.9231, 767.2250, 16.9733
2025-12-10 20:42:47, 0.0632033826, 0.0612354345, 0.2708796776, 0.3175072341, 2524.4906, 2633.3962, 768.5800, 17.5150
2025-12-10 20:42:53, 0.0855516045, 0.0683966619, 0.1135178572, 0.1176101084, 2662.9804, 2698.8824, 770.9450, 18.9837
2025-12-10 20:42:58, 0.0719030598, 0.0761844399, 0.1312201427, 0.1557445971, 2469.6591, 2550.3182, 767.4050, 19.6158
2025-12-10 20:43:04, 0.0640182497, 0.0702412243, 0.1214478705, 0.1279621326, 2685.0000, 2700.2195, 767.6950, 19.0956
2025-12-10 20:43:10, 0.0785121612, 0.0771591260, 0.1421684354, 0.1565140241, 2814.7358, 2890.1321, 766.0900, 17.8200
2025-12-10 20:43:15, 0.0762986741, 0.0696586671, 0.1646440392, 0.1674612792, 2918.0000, 2973.5172, 766.9850, 17.9901
2025-12-10 20:43:21, 0.0785803310, 0.0614921203, 0.1625492449, 0.1366343740, 2898.4528, 2808.1132, 766.6900, 19.4300
2025-12-10 20:43:27, 0.0787199602, 0.0980491842, 0.1855216527, 0.1631907985, 2662.4468, 2760.3404, 767.4250, 17.1425
2025-12-10 20:43:33, 0.0738200091, 0.0869260559, 0.2310939606, 0.2201105564, 2443.3125, 2601.6667, 769.0600, 16.7525
2025-12-10 20:43:38, 0.1593173066, 0.0823262024, 0.2105374312, 0.1871074429, 3149.7333, 3265.4000, 768.9150, 17.7039
2025-12-10 20:43:44, 0.0760137399, 0.0962595402, 0.1934833074, 0.1565593296, 2708.3077, 2713.8718, 766.9050, 18.6755
2025-12-10 20:43:50, 0.0563122492, 0.0634189074, 0.1793805364, 0.1702719277, 2827.2439, 2898.0000, 767.1950, 17.1781
2025-12-10 20:43:55, 0.0706029864, 0.0607597659, 0.2560885242, 0.2373777551, 2763.2222, 2867.0556, 767.6550, 16.1894
2025-12-10 20:44:01, 0.1065364986, 0.0708908626, 0.1262967675, 0.1004862083, 2798.8222, 2760.3778, 765.9900, 19.6606
2025-12-10 20:44:07, 0.1316906605, 0.0903011871, 0.2494178651, 0.2017154635, 2656.9487, 2616.5897, 766.0900, 18.5397
2025-12-10 20:44:13, 0.1104066592, 0.0801273257, 0.1712860078, 0.1505713838, 2564.9787, 2539.7660, 766.8800, 17.2330
2025-12-10 20:44:18, 0.0691005694, 0.0579629479, 0.2171810828, 0.1522857745, 2770.1579, 2643.3947, 764.7100, 18.3991
2025-12-10 20:44:24, 0.0845641428, 0.0663365903, 0.1722781466, 0.1491330506, 2742.2766, 2817.1915, 769.7500, 18.9237
2025-12-10 20:44:30, 0.0730349692, 0.0907310088, 0.1973248592, 0.1797647132, 2517.4043, 2446.2128, 766.7750, 19.4536
2025-12-10 20:44:35, 0.1026590842, 0.0886866660, 0.1815134541, 0.1801850370, 2815.9400, 2855.2000, 767.8700, 16.1939
2025-12-10 20:44:41, 0.0662486118, 0.0797678894, 0.2050007278, 0.1978118676, 2489.8000, 2509.6600, 763.2350, 17.0402
2025-12-10 20:44:47, 0.0522641085, 0.0650240442, 0.1772167457, 0.1915433768, 2669.1633, 2709.3265, 767.1850, 19.4697
2025-12-10 20:44:52, 0.0592083793, 0.0515418774, 0.1533372333, 0.1416191244, 2518.4884, 2549.6279, 761.5000, 17.4846
2025-12-10 20:44:58, 0.0712986327, 0.0847987130, 0.1323689659, 0.1234553936, 2732.7941, 2732.5294, 766.3250, 18.5140
2025-12-10 20:45:03, 0.0764642855, 0.0674170182, 0.1767952259, 0.1574927051, 2647.0714, 2711.5952, 765.6450, 19.5389
2025-12-10 20:45:09, 0.0646332942, 0.0690539964, 0.1903796420, 0.1993040607, 2886.5778, 2898.0889, 762.9550, 17.6322
2025-12-10 20:45:16, 0.0847233368, 0.0630946005, 0.1893935929, 0.2246946613, 2839.5714, 2860.1020, 761.3250, 17.6193
2025-12-10 20:45:22, 0.0547222197, 0.0502998402, 0.1634844640, 0.1406808012, 2688.7778, 2809.1667, 760.4300, 17.1200
2025-12-10 20:45:28, 0.0920171935, 0.0803677316, 0.1655213546, 0.1102366878, 2349.5581, 2343.8837, 763.3550, 16.2816
2025-12-10 20:45:33, 0.0933270479, 0.0856091800, 0.1579765037, 0.1204757999, 2744.4545, 2638.3333, 762.2050, 17.7308
2025-12-10 20:45:39, 0.0932120552, 0.0750306750, 0.2909851747, 0.2604291751, 2442.5217, 2427.2174, 763.3000, 18.5356
2025-12-10 20:45:44, 0.0960999980, 0.0929537233, 0.1817380417, 0.1910208028, 2847.2800, 2894.4800, 764.3950, 17.9610
2025-12-10 20:45:50, 0.0832150958, 0.0629217352, 0.2044597362, 0.2315935384, 2718.5278, 2892.0278, 763.1850, 18.1896
2025-12-10 20:45:56, 0.0873909527, 0.0663796506, 0.1637357246, 0.1885173275, 2669.2979, 2910.2553, 766.2900, 19.2314
2025-12-10 20:46:01, 0.0792075148, 0.0632071960, 0.5364499740, 0.4598554674, 2698.6000, 2756.4000, 762.1150, 18.5807
2025-12-10 20:46:07, 0.0630074150, 0.0575356759, 0.2114552340, 0.2150731376, 2414.0769, 2550.1026, 764.7750, 19.0506
2025-12-10 20:46:13, 0.0593186751, 0.0552216348, 0.1603640634, 0.1559268486, 2633.0732, 2787.1463, 761.0200, 17.6025
2025-12-10 20:46:19, 0.0975189597, 0.0832544832, 0.1693740398, 0.1578451328, 2754.7255, 2705.2549, 761.1550, 18.7585
2025-12-10 20:46:24, 0.0700602373, 0.0602570762, 0.2364705060, 0.2212363854, 2842.3500, 2827.4250, 768.0950, 19.0572
2025-12-10 20:46:30, 0.0764483554, 0.0712443820, 0.2310081948, 0.2051693380, 2605.6552, 2543.7931, 767.3250, 19.0399
2025-12-10 20:46:36, 0.0692727372, 0.0603438746, 0.2969262586, 0.2442055110, 2770.9714, 2686.6286, 767.3650, 18.8455
2025-12-10 20:46:41, 0.0915120127, 0.0703213405, 0.1539201127, 0.1807825505, 2496.8511, 2635.1915, 765.0750, 19.1397
2025-12-10 20:46:47, 0.0699875796, 0.0691789348, 0.2088429012, 0.1699966279, 2953.8913, 2981.5000, 768.5550, 18.2556
2025-12-10 20:46:53, 0.0595359700, 0.0704645587, 0.1887850869, 0.1967228762, 2594.2727, 2598.6136, 765.2750, 19.4725
2025-12-10 20:46:58, 0.0529531494, 0.0543693251, 0.2256105692, 0.2467368706, 2705.0208, 2896.4583, 764.1450, 18.3282
2025-12-10 20:47:04, 0.0591879318, 0.0689700141, 0.1352055812, 0.0999278269, 2494.7045, 2482.6591, 764.4800, 18.8497
2025-12-10 20:47:10, 0.0741990672, 0.0702572499, 0.2035268936, 0.1886020570, 2665.6809, 2738.9362, 764.6250, 19.8473
2025-12-10 20:47:16, 0.0757890557, 0.0707259222, 0.2065524407, 0.2506322895, 2502.0800, 2592.2000, 764.3800, 18.5452
2025-12-10 20:47:22, 0.0642826010, 0.0627908093, 0.1947862068, 0.1736770808, 2412.6522, 2417.2826, 763.2150, 19.3385
2025-12-10 20:47:28, 0.0841730301, 0.0652116826, 0.2031892826, 0.1786442537, 2415.2083, 2337.2708, 766.3550, 19.3002
2025-12-10 20:47:33, 0.0988668133, 0.1046298054, 0.1563776619, 0.1623570799, 2284.1915, 2240.5319, 765.5950, 20.3934
2025-12-10 20:47:39, 0.0439214316, 0.0496985546, 0.1247619663, 0.1462445514, 2731.1000, 2743.8800, 767.0550, 17.5369
2025-12-10 20:47:45, 0.0421336292, 0.0459380036, 0.1717116550, 0.1514932114, 2691.5636, 2597.3273, 768.4950, 21.0751
2025-12-10 20:47:51, 0.0534255367, 0.0478476770, 0.1863102911, 0.1692905873, 2477.4146, 2500.8049, 768.3650, 19.3019
2025-12-10 20:47:56, 0.0618076947, 0.0615712862, 0.1978320275, 0.2007793823, 2414.9216, 2472.1373, 769.6250, 18.4690
2025-12-10 20:48:02, 0.0478568984, 0.0484799136, 0.0983950114, 0.1121188757, 2523.3519, 2551.5185, 767.3150, 18.0274
2025-12-10 20:48:08, 0.0583181642, 0.0468242992, 0.1913011794, 0.1570397215, 2677.6486, 2637.0811, 762.8750, 17.4559
2025-12-10 20:48:13, 0.0627501393, 0.0622749193, 0.1881914836, 0.1991921394, 2629.5610, 2606.9024, 764.3950, 18.8976
2025-12-10 20:48:19, 0.0588604727, 0.0536616389, 0.1800516397, 0.1789869338, 2488.2045, 2526.7500, 764.0800, 17.6452
2025-12-10 20:48:25, 0.0442506807, 0.0469654438, 0.1829942299, 0.2221282623, 2371.4545, 2481.8636, 763.3300, 17.7243
2025-12-10 20:48:30, 0.0737083890, 0.0861451916, 0.1115170492, 0.1032816652, 2308.8596, 2440.3684, 763.9600, 18.4043
2025-12-10 20:48:36, 0.0532514379, 0.0512683662, 0.2109916818, 0.1840116175, 2367.0769, 2341.5897, 764.2000, 18.0677
2025-12-10 20:48:42, 0.0892313865, 0.0820020542, 0.1501814056, 0.1214252899, 2609.4821, 2571.9107, 766.4000, 16.5221
2025-12-10 20:48:48, 0.0767543930, 0.0610735044, 0.1490607713, 0.1277021839, 2438.2549, 2464.4706, 764.7050, 18.3643
2025-12-10 20:48:53, 0.0668144596, 0.0679856384, 0.1846773975, 0.1698855738, 2382.1064, 2469.0426, 762.0750, 18.0316
2025-12-10 20:48:59, 0.0753945366, 0.0655645756, 0.1658973896, 0.1371425745, 2724.0444, 2716.0889, 764.1850, 17.4643
2025-12-10 20:49:05, 0.0703210921, 0.0691503834, 0.1495903397, 0.1548367369, 2708.6154, 2790.8974, 765.1000, 18.5637
2025-12-10 20:49:11, 0.0291561828, 0.0251828200, 0.1396399408, 0.1397730354, 2655.0800, 2599.2800, 763.6800, 18.6161
2025-12-10 20:49:17, 0.0422534005, 0.0445666313, 0.1395364005, 0.1171200711, 2781.9615, 2837.9231, 762.6650, 17.6253
2025-12-10 20:49:22, 0.0503247308, 0.0637729219, 0.1668579661, 0.1230017971, 3038.4386, 3034.4211, 764.2150, 17.8230
2025-12-10 20:49:29, 0.0683378658, 0.0516722338, 0.0967167464, 0.1208080720, 2510.1951, 2612.0244, 764.1600, 18.1536
2025-12-10 20:49:34, 0.0670767371, 0.0727379947, 0.1357406565, 0.1046701776, 2512.2203, 2542.2881, 762.7150, 18.0921
2025-12-10 20:49:40, 0.0692052810, 0.0425229036, 0.1391958896, 0.1574709904, 2612.2889, 2670.8000, 760.9700, 18.5502
2025-12-10 20:49:46, 0.0639321941, 0.0508229690, 0.1945525477, 0.1701648232, 2935.7925, 2856.6226, 762.6200, 17.3726
2025-12-10 20:49:52, 0.0567054980, 0.0485254163, 0.1440259264, 0.1582926413, 2550.2381, 2558.0476, 762.2600, 18.8173
2025-12-10 20:49:58, 0.0729006331, 0.0810951963, 0.1647634375, 0.2053099777, 2736.8125, 2832.5000, 763.4300, 17.4088
2025-12-10 20:50:03, 0.0918245941, 0.0721568878, 0.1257658849, 0.1387715763, 2649.9375, 2716.7292, 759.4700, 18.0053
2025-12-10 20:50:09, 0.0629348382, 0.0608570081, 0.1943759511, 0.1955740636, 2738.6604, 2687.5849, 762.8300, 17.0241
2025-12-10 20:50:15, 0.0664976741, 0.0521898504, 0.1366461951, 0.1585794432, 2450.8333, 2523.1429, 763.6750, 16.5719
2025-12-10 20:50:20, 0.0513275100, 0.0691549598, 0.1159320735, 0.1238323918, 2591.9643, 2619.2143, 764.4650, 17.0376
2025-12-10 20:50:26, 0.1053251967, 0.0758604353, 0.1666218384, 0.1321070393, 2576.9756, 2660.3415, 765.1800, 18.3931
2025-12-10 20:50:32, 0.1180661667, 0.0996629127, 0.1350756612, 0.1255620130, 2497.6279, 2406.7674, 764.5900, 17.6576
2025-12-10 20:50:37, 0.0971021303, 0.0820082011, 0.1199331995, 0.1102479221, 2662.5091, 2655.9455, 763.8200, 18.0811
2025-12-10 20:50:43, 0.0977002671, 0.0986893682, 0.2043667318, 0.1287768549, 2687.7111, 2642.3333, 765.0950, 17.0932
2025-12-10 20:50:49, 0.1182585626, 0.1021358261, 0.1237453129, 0.1229947776, 2529.3500, 2493.4000, 764.4500, 15.7942
2025-12-10 20:50:54, 0.0893456296, 0.0855338667, 0.1920475024, 0.1918800310, 2782.8333, 2930.8542, 765.9750, 18.5851
2025-12-10 20:51:00, 0.0789672335, 0.0996022379, 0.1065885396, 0.1071822318, 2576.2800, 2554.9200, 767.0500, 19.5409
2025-12-10 20:51:06, 0.0782270888, 0.0888229213, 0.1283602373, 0.1088582121, 2583.4783, 2574.2609, 766.8600, 18.3041
2025-12-10 20:51:12, 0.0813701044, 0.0843510689, 0.1516540208, 0.1581074712, 2815.4286, 2889.4082, 764.4550, 19.7185
2025-12-10 20:51:17, 0.0941934498, 0.0863961040, 0.1480228393, 0.1506546640, 2700.8980, 2771.7551, 763.9550, 18.1836
2025-12-10 20:51:23, 0.0492500393, 0.0595094145, 0.1114876727, 0.1021867522, 2710.7959, 2612.6122, 764.6850, 20.0174
2025-12-10 20:51:29, 0.0706635654, 0.0713234095, 0.1128571716, 0.1050363234, 3004.5510, 3111.0816, 763.7950, 17.6551
2025-12-10 20:51:34, 0.0508542160, 0.0486390885, 0.0845852247, 0.0883662368, 2679.2745, 2688.6667, 765.5000, 17.7175
2025-12-10 20:51:40, 0.0645172726, 0.0456151384, 0.1237031802, 0.1155431494, 2820.0323, 2839.0484, 763.0150, 18.2364
2025-12-10 20:51:46, 0.0800340698, 0.0583028450, 0.1320525484, 0.1149040994, 2621.6889, 2623.0222, 763.7150, 18.6063
2025-12-10 20:51:52, 0.0726982793, 0.0531018897, 0.1086772338, 0.0698987045, 2661.4773, 2624.9091, 763.6700, 17.0705
2025-12-10 20:51:58, 0.0782969471, 0.0634424043, 0.1080323722, 0.0981802520, 2700.6833, 2709.0500, 764.3300, 19.2912
2025-12-10 20:52:03, 0.0881950760, 0.0876250154, 0.3552392784, 0.2324016884, 2891.8409, 2974.3182, 763.0500, 21.1667
2025-12-10 20:52:09, 0.0717875969, 0.1045255536, 0.1420051886, 0.1397607499, 2672.3111, 2776.5778, 763.5100, 21.2167
2025-12-10 20:52:14, 0.0830545072, 0.1069223422, 0.0819050885, 0.0640934671, 2664.6410, 2815.5897, 765.6400, 17.4874
2025-12-10 20:52:20, 0.0904904055, 0.0826351332, 0.1609303259, 0.1287750870, 2678.1628, 2709.8140, 763.9900, 20.1859
2025-12-10 20:52:26, 0.0822082002, 0.0978192080, 0.0974964888, 0.1093626749, 2572.9375, 2689.3125, 763.0450, 19.2308
2025-12-10 20:52:32, 0.0702481202, 0.0669274233, 0.1188290903, 0.1055195308, 2809.8571, 2754.3061, 763.5150, 18.5602
2025-12-10 20:52:37, 0.0714187332, 0.0693182333, 0.0932594074, 0.0824926421, 2739.2600, 2841.1800, 763.1000, 17.9282
2025-12-10 20:52:43, 0.0841036233, 0.0786354866, 0.1402375942, 0.1202642576, 2683.6296, 2727.2407, 765.2850, 19.2978
2025-12-10 20:52:49, 0.0699532413, 0.0691769560, 0.0943095592, 0.0914567293, 2687.3469, 2734.9184, 763.2600, 19.3210
2025-12-10 20:52:54, 0.0752360630, 0.0621815566, 0.1560719554, 0.1451039635, 2705.1905, 2792.8254, 765.2400, 18.3167
2025-12-10 20:53:00, 0.0836106405, 0.0595664020, 0.0697593104, 0.1091400716, 2686.0577, 2830.8654, 764.4000, 18.5086
2025-12-10 20:53:06, 0.0647333353, 0.0641410399, 0.1110644470, 0.1514493622, 2638.7903, 2697.2258, 769.3600, 20.8127
2025-12-10 20:53:11, 0.0667835391, 0.0736632986, 0.1610476849, 0.1126723214, 2991.6042, 2892.2708, 766.0000, 19.6657
2025-12-10 20:53:17, 0.0551302579, 0.0709967394, 0.1014857049, 0.1087847772, 2621.2444, 2623.0444, 767.8700, 19.7844
2025-12-10 20:53:23, 0.0767396645, 0.0675153072, 0.0740960145, 0.1044824876, 2881.3023, 2729.0698, 770.2250, 18.8961
2025-12-10 20:53:28, 0.0683021573, 0.0569250114, 0.0861732359, 0.0980701969, 2896.6875, 2872.0625, 768.5450, 18.3480
2025-12-10 20:53:34, 0.0677235555, 0.0533904833, 0.1413797243, 0.1025624819, 2806.0962, 2750.0962, 768.8400, 19.4377
2025-12-10 20:53:40, 0.0718227083, 0.0564015665, 0.0947936326, 0.0967242476, 2840.1224, 2729.6122, 768.1150, 18.5570
2025-12-10 20:53:46, 0.0675591396, 0.0548647065, 0.1377600967, 0.1361625177, 2815.3036, 2805.4107, 766.8000, 17.9981
2025-12-10 20:53:51, 0.0752023453, 0.0712645987, 0.1269425527, 0.1004581188, 2633.9167, 2591.1458, 768.5450, 20.4044
2025-12-10 20:53:57, 0.1118984273, 0.1010915489, 0.1004796223, 0.1155862404, 2791.3137, 2920.8431, 766.1150, 19.6538
2025-12-10 20:54:03, 0.0757685117, 0.0732647912, 0.1315954841, 0.1160666326, 2778.5690, 2665.1897, 769.9100, 21.4698
2025-12-10 20:54:08, 0.0741859009, 0.0811297075, 0.1043037893, 0.0802897397, 2870.8261, 2837.5652, 769.6200, 22.8947
2025-12-10 20:54:14, 0.0585986299, 0.0368173942, 0.1473749968, 0.1329094251, 2863.2400, 2869.8600, 766.6000, 18.1293
2025-12-10 20:54:20, 0.0554865687, 0.0475453802, 0.1288823970, 0.1508432933, 2630.0159, 2634.4762, 765.0150, 18.7719
2025-12-10 20:54:25, 0.0513414139, 0.0465628877, 0.1143697256, 0.0840035386, 2647.0893, 2648.9821, 765.8150, 20.1157
2025-12-10 20:54:31, 0.0497871985, 0.0444238260, 0.1601546798, 0.1205466176, 2475.1364, 2529.5682, 768.7950, 22.0110
2025-12-10 20:54:37, 0.0707332454, 0.0464764058, 0.1853213226, 0.1377891991, 2914.1739, 2850.8043, 764.5550, 20.3774
2025-12-10 20:54:42, 0.0780359937, 0.0545882390, 0.1512925043, 0.1235612176, 2844.7800, 2914.7000, 767.0750, 21.8556
2025-12-10 20:54:48, 0.0918835455, 0.0596118793, 0.1873733277, 0.1603785980, 2673.7759, 2722.5345, 769.6550, 22.4663
2025-12-10 20:54:54, 0.0696431148, 0.0706583114, 0.1250427332, 0.1233886117, 2571.8293, 2656.4634, 768.8650, 21.9269
2025-12-10 20:55:00, 0.0743722935, 0.0805224773, 0.1796459180, 0.1341280530, 2709.3889, 2637.5833, 771.8500, 22.0932
2025-12-10 20:55:05, 0.0910777160, 0.0869570982, 0.1119628983, 0.1247275900, 2677.9767, 2726.9070, 767.4200, 23.8022
2025-12-10 20:55:11, 0.0752502555, 0.0691285694, 0.1506781671, 0.1169912586, 2746.5476, 2751.7857, 766.1500, 21.8068
2025-12-10 20:55:17, 0.0707690938, 0.0779833039, 0.2304811019, 0.1714900973, 2849.3269, 2876.9038, 766.2850, 22.4736
2025-12-10 20:55:23, 0.0751410003, 0.0533233236, 0.1648690210, 0.1116923385, 2642.8085, 2493.1277, 768.6500, 21.1343
2025-12-10 20:55:28, 0.0475868118, 0.0402980065, 0.1286389053, 0.1409517606, 2679.4808, 2832.9038, 763.4650, 21.9934
2025-12-10 20:55:34, 0.0599740462, 0.0561454064, 0.2640163918, 0.2019242227, 2629.8000, 2558.9429, 768.6550, 22.4012
2025-12-10 20:55:40, 0.0738856436, 0.0474169132, 0.1703770279, 0.1523475997, 2658.6667, 2697.0476, 768.0200, 20.5244
2025-12-10 20:55:46, 0.0775191746, 0.0742582652, 0.1275158232, 0.1323213002, 2461.4231, 2480.1538, 764.3250, 22.2699
2025-12-10 20:55:51, 0.0737163389, 0.0490251861, 0.1401976056, 0.1270396717, 2393.6250, 2347.2292, 766.5200, 23.1024
2025-12-10 20:55:57, 0.0519696477, 0.0422569445, 0.1398580743, 0.1726857517, 2509.8980, 2505.6939, 766.2650, 22.9662
2025-12-10 20:56:03, 0.0579778127, 0.0513654945, 0.1279720186, 0.1312211455, 2565.6780, 2669.0847, 766.8600, 22.2621
2025-12-10 20:56:08, 0.0523079707, 0.0515914988, 0.1235132092, 0.0990493023, 3044.0364, 2974.5636, 766.5250, 23.2217
2025-12-10 20:56:14, 0.0646168272, 0.0566074520, 0.2736656863, 0.1920269092, 2838.3036, 2826.7679, 763.2450, 22.1755
2025-12-10 20:56:20, 0.0661234604, 0.0508914238, 0.0970007829, 0.0637158975, 2518.5238, 2498.9762, 762.4950, 20.6969
2025-12-10 20:56:26, 0.0604259381, 0.0712292879, 0.1127702440, 0.0972677077, 2720.9811, 2624.6226, 764.9300, 21.8853
2025-12-10 20:56:31, 0.0496236851, 0.0450594597, 0.1162240927, 0.1213666814, 2858.3548, 2745.0161, 762.1300, 17.2030
2025-12-10 20:56:37, 0.0826946500, 0.0569844497, 0.1123548312, 0.1257772390, 2696.1042, 2758.5208, 760.9450, 19.7094
2025-12-10 20:56:43, 0.0508803032, 0.0534931100, 0.1013878811, 0.0884715606, 2772.8000, 2795.1636, 759.3200, 19.4720
2025-12-10 20:56:49, 0.0780598620, 0.0509633616, 0.1034783377, 0.0856773817, 2616.8723, 2554.9362, 762.1000, 19.3326
2025-12-10 20:56:55, 0.0499746531, 0.0566606432, 0.2486737811, 0.1955843699, 2787.5652, 2709.9130, 763.9100, 19.5175
2025-12-10 20:57:01, 0.0635540035, 0.0382765041, 0.1416150529, 0.1436910376, 2960.0182, 2911.9091, 760.1050, 19.1654
2025-12-10 20:57:06, 0.0504872461, 0.0471513997, 0.0913848235, 0.0725690921, 2573.2600, 2534.6400, 758.7750, 19.0219
2025-12-10 20:57:12, 0.0844681959, 0.0714983720, 0.2323637565, 0.1395707464, 3260.1429, 3172.8571, 759.6650, 19.8757
2025-12-10 20:57:18, 0.0994785462, 0.0933947485, 0.1569256995, 0.1333538512, 2718.5435, 2811.8478, 760.7550, 19.6251
2025-12-10 20:57:24, 0.0806105672, 0.0793901058, 0.1366539152, 0.1053436488, 2604.8511, 2607.2766, 761.0000, 18.9346
2025-12-10 20:57:29, 0.0772763163, 0.0790999246, 0.1227583159, 0.1165859410, 2766.9623, 2839.1321, 761.8300, 17.7635
2025-12-10 20:57:35, 0.0914361568, 0.0633175855, 0.1377200070, 0.1418218620, 2953.6667, 2994.2833, 762.6700, 20.0080
2025-12-10 20:57:40, 0.0796402638, 0.0782781167, 0.1276628529, 0.1257891357, 2913.8000, 2830.3000, 763.9050, 19.0826
2025-12-10 20:57:46, 0.0949006602, 0.0680375634, 0.1125532913, 0.1009373546, 2810.2449, 2784.0204, 762.2550, 18.5782
2025-12-10 20:57:52, 0.0809501887, 0.0614117963, 0.1014167998, 0.0955802903, 2951.7400, 2940.1400, 764.1850, 18.4245
2025-12-10 20:57:58, 0.0877168182, 0.0871388329, 0.0882991207, 0.0796696025, 2799.4286, 2815.2619, 757.8300, 18.8367
2025-12-10 20:58:03, 0.0822335283, 0.0979449723, 0.1745917751, 0.1581302778, 2857.2162, 2848.2703, 757.9150, 18.8600
2025-12-10 20:58:09, 0.1107212433, 0.0798408934, 0.1394618322, 0.1019650236, 2848.8246, 2750.0000, 756.1250, 17.6272
2025-12-10 20:58:15, 0.0569048140, 0.0516186853, 0.1177968464, 0.1028909223, 2753.0784, 2811.2353, 755.7650, 18.6545
2025-12-10 20:58:21, 0.0998899735, 0.0749542517, 0.1255971786, 0.1454071898, 2519.8478, 2629.4130, 756.4900, 18.2702
2025-12-10 20:58:26, 0.0887922183, 0.0761166021, 0.0942751667, 0.0748896007, 2723.7073, 2740.8780, 757.1900, 19.4606
2025-12-10 20:58:32, 0.0589288541, 0.0655896509, 0.1051337791, 0.0913952492, 2483.5200, 2531.6200, 759.5650, 17.4859
2025-12-10 20:58:38, 0.0535505647, 0.0603412440, 0.1272885254, 0.1581444423, 2943.2083, 3100.2917, 761.0200, 16.9106
2025-12-10 20:58:44, 0.0594415148, 0.0595769412, 0.1283911057, 0.1185072153, 2629.5091, 2585.1273, 759.1850, 16.7908
2025-12-10 20:58:49, 0.0819930186, 0.0616662806, 0.0904012652, 0.0916374810, 2453.8478, 2475.3696, 760.5750, 15.7393
2025-12-10 20:58:55, 0.0811951663, 0.0929026727, 0.1126759334, 0.1231084584, 2774.1364, 2906.4091, 760.9250, 17.9611
2025-12-10 20:59:01, 0.1051358951, 0.0882511372, 0.1544450616, 0.1560934911, 2654.4839, 2694.2258, 757.8200, 17.3230
2025-12-10 20:59:07, 0.0756611153, 0.0538967336, 0.0894651805, 0.0886662636, 3034.7609, 3038.4130, 758.3200, 18.6147
2025-12-10 20:59:12, 0.0751509839, 0.0729072757, 0.1132840352, 0.1048090556, 2748.6250, 2756.2321, 759.1450, 17.9291
2025-12-10 20:59:18, 0.0910163954, 0.1114036779, 0.2046964677, 0.1651526254, 2838.7143, 2811.4048, 759.6550, 19.2082
2025-12-10 20:59:24, 0.0921121173, 0.0939367907, 0.0794166039, 0.0937792374, 2583.0000, 2613.5745, 759.9100, 17.4895
2025-12-10 20:59:29, 0.0990760561, 0.0742485445, 0.1226904032, 0.1408262922, 2651.9767, 2786.1163, 761.8700, 17.6896
2025-12-10 20:59:35, 0.0794981861, 0.0956734646, 0.0984170239, 0.1193863585, 2919.3571, 2926.0476, 762.3000, 18.2371
2025-12-10 20:59:41, 0.0893345273, 0.0826081163, 0.1391357861, 0.1219570144, 2743.6047, 2772.7442, 760.8250, 18.4351
2025-12-10 20:59:46, 0.0677049762, 0.0863774415, 0.1522341567, 0.1121459894, 2988.2250, 2940.3000, 761.4700, 18.0781
2025-12-10 20:59:52, 0.1108980255, 0.0810696801, 0.1427292976, 0.0944158800, 2584.7843, 2634.1373, 759.8200, 17.8457
2025-12-10 20:59:58, 0.1003703992, 0.0783138624, 0.1793658306, 0.1682253852, 2606.0682, 2650.7273, 760.6050, 19.6545
2025-12-10 21:00:04, 0.1213981565, 0.0920108608, 0.0757064904, 0.0753082162, 2860.0556, 3022.8148, 760.8450, 19.3016
2025-12-10 21:00:10, 0.0989188645, 0.0835995265, 0.1295028853, 0.0977462151, 2888.1224, 2888.2449, 760.5050, 21.5265
2025-12-10 21:00:15, 0.1013987352, 0.0851840361, 0.1136394195, 0.1026544256, 2800.7907, 2769.4884, 762.9200, 18.7602
2025-12-10 21:00:21, 0.0927535087, 0.0800772884, 0.0817927411, 0.0835960108, 2597.1304, 2627.7174, 761.8950, 18.0426
2025-12-10 21:00:27, 0.0866425582, 0.0962670939, 0.1392367083, 0.1535546960, 2592.2826, 2572.0435, 763.4450, 18.6619
2025-12-10 21:00:32, 0.0952163901, 0.0706622041, 0.2128106641, 0.1481636805, 2738.6842, 2630.6316, 764.3900, 18.6295
2025-12-10 21:00:38, 0.0823106927, 0.0871162421, 0.1590022663, 0.1524950997, 2843.9091, 2829.7500, 759.7350, 18.1847
2025-12-10 21:00:44, 0.0630540144, 0.0629233396, 0.0744943528, 0.0708363543, 2681.6364, 2664.4773, 762.6300, 17.2076
2025-12-10 21:00:50, 0.0979702953, 0.0810196770, 0.0955879640, 0.0969519931, 2674.6829, 2732.2195, 764.3650, 18.8563
2025-12-10 21:00:55, 0.0719016272, 0.0698810906, 0.0861874838, 0.0870608575, 2536.6441, 2571.3729, 763.5400, 19.7261
2025-12-10 21:01:01, 0.0944973788, 0.0768365786, 0.0912726120, 0.0710570360, 2855.3833, 2986.3667, 765.1100, 18.7768
2025-12-10 21:01:07, 0.0820174006, 0.0663370726, 0.0792543650, 0.0597469818, 2590.9020, 2545.3922, 763.6100, 17.2104
2025-12-10 21:01:12, 0.0659932163, 0.0738157386, 0.0834996003, 0.0716534312, 2745.5800, 2877.0200, 762.8650, 17.8991
2025-12-10 21:01:18, 0.0584448340, 0.0488007121, 0.0556328964, 0.0713820514, 2651.8333, 2726.1111, 763.9600, 17.5379
2025-12-10 21:01:24, 0.0883931526, 0.0791013750, 0.1330675919, 0.1173309994, 2921.2857, 2920.2321, 764.7350, 19.1949
2025-12-10 21:01:29, 0.0729822584, 0.0732574809, 0.1024729273, 0.1037077587, 3033.1864, 3008.6780, 767.1900, 18.3585
2025-12-10 21:01:35, 0.0480342075, 0.0326137082, 0.1182012789, 0.1219403234, 2649.3455, 2645.1818, 765.8550, 17.7171
2025-12-10 21:01:41, 0.0824915047, 0.0773704671, 0.1511036644, 0.1277118688, 2887.7414, 2866.3103, 765.6800, 17.5031
2025-12-10 21:01:47, 0.0645685362, 0.0760347378, 0.1181191577, 0.1251619534, 2943.8810, 2890.5952, 763.9050, 18.7020
2025-12-10 21:01:53, 0.0780558608, 0.0662894293, 0.1266924023, 0.1212113747, 2885.1304, 2893.0435, 762.6250, 18.8829
2025-12-10 21:01:59, 0.0942370584, 0.0730236632, 0.1177160957, 0.0976406239, 2711.4872, 2707.8718, 760.0200, 17.6023
2025-12-10 21:02:04, 0.1059697221, 0.1171860680, 0.1115820079, 0.1011082254, 2764.6531, 2728.5306, 760.3400, 16.6896
2025-12-10 21:02:10, 0.1155070653, 0.0902833223, 0.1384804280, 0.1136139633, 2802.1087, 2788.6304, 759.9100, 15.3197
2025-12-10 21:02:16, 0.0880829427, 0.0669669857, 0.0743140198, 0.1071072464, 2644.1111, 2765.5741, 760.4650, 17.1540
2025-12-10 21:02:21, 0.0981086623, 0.0944870920, 0.0986605744, 0.0517312208, 2783.8537, 2732.4390, 759.5500, 19.5025
2025-12-10 21:02:27, 0.1044586928, 0.0646459084, 0.1551503307, 0.1528403722, 2733.3333, 2788.2941, 766.2350, 16.5073
2025-12-10 21:02:33, 0.0683260887, 0.0695244119, 0.0830643560, 0.0643940957, 2672.5370, 2662.2407, 758.0600, 17.8425
2025-12-10 21:02:38, 0.0892049348, 0.0655358024, 0.0784167563, 0.0945490542, 2626.5882, 2701.1765, 764.5600, 17.2956
2025-12-10 21:02:44, 0.0560988693, 0.0580018473, 0.0778730899, 0.0648922721, 2694.3409, 2610.5909, 764.9050, 16.8700
2025-12-10 21:02:50, 0.0921358556, 0.0776366446, 0.0871234699, 0.0789422676, 2788.7925, 2846.0377, 760.2000, 19.5747
2025-12-10 21:02:55, 0.0807492406, 0.0720395161, 0.1217045456, 0.1329037106, 2720.3077, 2788.6923, 761.2700, 18.1744
2025-12-10 21:03:01, 0.0643284161, 0.0638565659, 0.1359913564, 0.1265022753, 2635.0000, 2600.8293, 761.9550, 16.1516
2025-12-10 21:03:07, 0.0736738557, 0.0902244433, 0.1283187999, 0.1266856013, 2621.9455, 2632.0182, 764.2850, 18.3266
2025-12-10 21:03:13, 0.0914586745, 0.0904179528, 0.0618436004, 0.0675361811, 2687.2963, 2723.9815, 763.2200, 18.2724
2025-12-10 21:03:19, 0.1009797931, 0.0907968168, 0.1153781524, 0.1152799298, 2840.3617, 2851.3404, 761.1150, 18.1929
2025-12-10 21:03:24, 0.0695743493, 0.0789237673, 0.1298602837, 0.1110409349, 2579.2444, 2450.2222, 759.9800, 18.9489
2025-12-10 21:03:30, 0.0862391799, 0.1115546690, 0.1581335001, 0.1699027638, 2814.8750, 2819.2500, 762.7350, 17.6883
2025-12-10 21:03:35, 0.0654432561, 0.0612522008, 0.1139593517, 0.1157646338, 2612.8679, 2625.5094, 762.0400, 17.6536
2025-12-10 21:03:41, 0.1028343159, 0.0821876546, 0.1265007916, 0.1108893438, 2551.6400, 2507.9400, 761.6850, 18.2290
2025-12-10 21:03:47, 0.1015090418, 0.0785472305, 0.1262188323, 0.1222500048, 2646.9574, 2686.0638, 764.3700, 18.2061
2025-12-10 21:03:53, 0.0789109703, 0.0761145536, 0.0953147971, 0.1009968303, 2755.2500, 2767.0962, 759.6900, 17.5688
2025-12-10 21:03:59, 0.0720128931, 0.0881204458, 0.1054383165, 0.0916013314, 2959.0000, 2969.7925, 759.9200, 16.9869
2025-12-10 21:04:04, 0.0969483414, 0.1413405383, 0.1009310429, 0.1255773169, 2695.1111, 2734.1852, 760.0250, 17.7190
2025-12-10 21:04:10, 0.1108098573, 0.1079145566, 0.1028027188, 0.0992801944, 2842.6610, 2787.6441, 758.3650, 15.5654
2025-12-10 21:04:16, 0.0794809661, 0.0861836294, 0.0926495707, 0.0922178922, 2550.1026, 2525.0256, 758.7150, 17.5369
2025-12-10 21:04:22, 0.1178156456, 0.1099173822, 0.0875144440, 0.1040114808, 2551.9250, 2613.6000, 760.0750, 18.1942
2025-12-10 21:04:28, 0.0950096433, 0.1111289385, 0.0956827103, 0.0950888203, 2743.0167, 2646.9500, 757.2400, 16.7079
2025-12-10 21:04:34, 0.0820350978, 0.0675010254, 0.2478105563, 0.1902342500, 2682.0600, 2711.7400, 756.6050, 17.4533
2025-12-10 21:04:40, 0.0792150904, 0.1181996167, 0.0900773861, 0.0838597523, 2557.7292, 2639.3958, 755.4850, 17.3652
2025-12-10 21:04:45, 0.1099662825, 0.0965612726, 0.1293479775, 0.1409064737, 2687.1132, 2726.1132, 759.1600, 18.3604
2025-12-10 21:04:51, 0.0935983890, 0.0746964822, 0.1017995252, 0.0990797579, 2798.6667, 2856.9556, 756.9350, 17.1465
2025-12-10 21:04:57, 0.0654566223, 0.0773485594, 0.0845749695, 0.1213274775, 2742.1296, 2777.5000, 756.4900, 16.7854
2025-12-10 21:05:03, 0.0498806919, 0.0651198588, 0.1257381389, 0.1189477606, 2916.4419, 2895.4884, 759.4250, 19.3159
2025-12-10 21:05:08, 0.0581528090, 0.0774198789, 0.0681698186, 0.0657555551, 2505.9804, 2498.0588, 756.9450, 16.2789
2025-12-10 21:05:14, 0.0717302404, 0.0563199328, 0.0906452264, 0.0936834676, 2635.1212, 2628.5455, 756.6700, 18.3677
2025-12-10 21:05:20, 0.0572687561, 0.0614353915, 0.1079937496, 0.0906129674, 2828.7111, 2731.7333, 757.1550, 17.8003
2025-12-10 21:05:25, 0.1073293040, 0.0756112239, 0.1195165692, 0.1298456815, 2909.2791, 2942.3023, 758.4150, 17.7570
2025-12-10 21:05:31, 0.0776944663, 0.0725040125, 0.1026168384, 0.0947013676, 2961.8913, 2989.8478, 760.1350, 20.1178
2025-12-10 21:05:37, 0.0708682973, 0.0604337294, 0.1472867569, 0.1170045811, 2769.1786, 2668.4643, 759.6600, 16.9616
2025-12-10 21:05:43, 0.0890390886, 0.1253235891, 0.1547167031, 0.1324716779, 2780.4074, 2787.5370, 757.7100, 18.6672
2025-12-10 21:05:49, 0.0737844490, 0.0788489546, 0.0999133655, 0.1161917712, 2692.2941, 2788.8627, 758.2300, 18.1148
2025-12-10 21:05:54, 0.0813435238, 0.0785928474, 0.1300253428, 0.1718418839, 3035.1667, 3194.7381, 759.0250, 16.9730
2025-12-10 21:06:00, 0.1169129482, 0.0952862957, 0.1933881278, 0.2000737472, 2868.0426, 2876.1489, 758.6850, 18.1057
2025-12-10 21:06:06, 0.0811749235, 0.0890043131, 0.1101663570, 0.1311422249, 2762.4211, 2825.8246, 759.4400, 20.7737
2025-12-10 21:06:11, 0.0779816297, 0.0662638705, 0.0862615621, 0.1069145118, 2703.5254, 2713.1186, 759.2450, 19.2428
2025-12-10 21:06:17, 0.0881447353, 0.0764594587, 0.0680268312, 0.0613312722, 2932.4200, 2972.8600, 761.7400, 19.9340
2025-12-10 21:06:23, 0.0919881615, 0.0748764254, 0.0879397222, 0.0922161004, 2734.7708, 2703.7292, 758.5500, 17.2203
2025-12-10 21:06:28, 0.1202067601, 0.0773746585, 0.0984613525, 0.0822896485, 2817.2449, 2732.6122, 760.4250, 19.9104
2025-12-10 21:06:34, 0.1319794254, 0.0980398395, 0.1342313352, 0.1298478642, 2825.5333, 2749.4222, 762.6650, 20.9362
2025-12-10 21:06:40, 0.0832946108, 0.0975437328, 0.1104732925, 0.1214363194, 2620.9643, 2668.6786, 759.9650, 16.7632
2025-12-10 21:06:45, 0.0594804582, 0.0738888887, 0.1400980168, 0.0965734909, 2919.6792, 2917.3208, 757.9800, 19.6962
2025-12-10 21:06:51, 0.1048960390, 0.1058552812, 0.0809111648, 0.0878990119, 2652.1636, 2633.0545, 763.5500, 19.5690
2025-12-10 21:06:57, 0.1412769326, 0.0970342175, 0.1149850018, 0.0815539372, 2691.5000, 2787.0682, 762.6750, 18.5593
2025-12-10 21:07:02, 0.1050453291, 0.0968972990, 0.0895020321, 0.0794483467, 2948.5476, 2881.2143, 761.3950, 19.7775
2025-12-10 21:07:08, 0.1091356542, 0.0979947240, 0.0847923570, 0.0625495919, 2769.2807, 2744.6316, 768.9350, 18.9700
2025-12-10 21:07:14, 0.1118152205, 0.0893534669, 0.1125000185, 0.0983477229, 2765.4130, 2727.2826, 765.8800, 19.0283
2025-12-10 21:07:20, 0.1200203154, 0.0854291137, 0.1228079364, 0.1156625752, 2714.9592, 2740.0204, 764.4400, 17.8683
2025-12-10 21:07:25, 0.1133134480, 0.0806654542, 0.1161391536, 0.1086253874, 2683.9808, 2655.3077, 763.3950, 17.1499
2025-12-10 21:07:31, 0.0846114335, 0.0838500200, 0.1047447854, 0.1114207467, 2926.8621, 2894.3793, 765.4350, 19.7100
2025-12-10 21:07:37, 0.1076555207, 0.0942917561, 0.0905849892, 0.0879138822, 2717.6939, 2671.7347, 765.7950, 20.0822
2025-12-10 21:07:42, 0.0980757823, 0.0889981663, 0.0835110507, 0.0922696869, 2712.4545, 2695.9273, 762.7750, 20.0530
2025-12-10 21:07:48, 0.1014160197, 0.0841202008, 0.0741661345, 0.0610183259, 2877.5800, 2834.9400, 765.2450, 18.6900
2025-12-10 21:07:54, 0.0947508275, 0.0935670693, 0.0807133173, 0.0708805048, 2760.3065, 2749.4516, 763.2650, 17.9874
2025-12-10 21:08:00, 0.0865462128, 0.0764167436, 0.1310545690, 0.1199392624, 2932.3077, 2788.4615, 763.9800, 19.8194
2025-12-10 21:08:05, 0.0841701295, 0.0758526837, 0.1814007776, 0.1616981416, 2816.8000, 2880.9200, 762.1300, 18.8450
2025-12-10 21:08:11, 0.1108701339, 0.1028884918, 0.0705495717, 0.0711825012, 2671.4667, 2663.5778, 758.9050, 17.7078
2025-12-10 21:08:17, 0.1071518748, 0.0789200651, 0.0855487133, 0.0633276093, 2563.3000, 2672.3800, 762.6850, 19.4958
2025-12-10 21:08:22, 0.0892186217, 0.0911015084, 0.0750480942, 0.0957176649, 2725.6731, 2778.8654, 762.8000, 18.3793
2025-12-10 21:08:29, 0.1343405280, 0.1194206493, 0.1087133025, 0.1085249526, 2903.2653, 2857.1837, 762.4250, 17.6707
2025-12-10 21:08:34, 0.1038904720, 0.0920439804, 0.0848218730, 0.0912306171, 2857.3396, 2891.0000, 760.6300, 17.7776
2025-12-10 21:08:40, 0.0882165821, 0.0882340753, 0.1153575307, 0.1221111013, 2722.8214, 2764.2143, 760.0650, 18.4768
2025-12-10 21:08:46, 0.1388689839, 0.0936727387, 0.0849854992, 0.1108864595, 3028.2703, 3029.6757, 761.8850, 16.9506
2025-12-10 21:08:51, 0.1208890896, 0.1302717196, 0.1036220330, 0.0976314150, 2800.3333, 2810.4000, 759.8050, 17.7549
2025-12-10 21:08:57, 0.1929145612, 0.1302729139, 0.1643559776, 0.1122281121, 2878.5926, 2842.6667, 760.3550, 18.4393
2025-12-10 21:09:03, 0.1305223998, 0.1006469954, 0.0854082112, 0.0848492818, 2841.8269, 2840.1538, 757.1150, 17.0910
2025-12-10 21:09:09, 0.0949109692, 0.0917139322, 0.0747803042, 0.0887954891, 2628.5714, 2663.9365, 759.1900, 17.8085
2025-12-10 21:09:14, 0.0716889189, 0.0626963536, 0.0745073780, 0.0691171182, 2800.8727, 2860.7273, 758.7150, 15.9529
2025-12-10 21:09:20, 0.0638355875, 0.0581846468, 0.0745899180, 0.0605908180, 2716.6410, 2548.1538, 762.6450, 17.8227
2025-12-10 21:09:32, 0.1013717573, 0.0780861752, 0.1302346723, 0.1287837116, 2893.7959, 2897.6939, 762.9200, 18.4812
2025-12-10 21:09:38, 0.0881717816, 0.0744672877, 0.3008549610, 0.2537605046, 2773.1364, 2713.5455, 761.0050, 17.7627
2025-12-10 21:09:43, 0.0807134219, 0.0761390466, 0.1157869354, 0.1287226609, 2841.2642, 2871.6038, 766.6400, 18.2294
2025-12-10 21:09:49, 0.1227876476, 0.0811790920, 0.0971697977, 0.0933078622, 2703.7500, 2741.1346, 762.3700, 17.8096
2025-12-10 21:09:55, 0.1038962746, 0.0865390572, 0.0823768524, 0.1018138304, 2623.1791, 2654.1642, 760.6550, 17.5196
2025-12-10 21:10:00, 0.0746312140, 0.0763284221, 0.1676036799, 0.1013891918, 2897.7143, 2827.7959, 762.7800, 17.4015
2025-12-10 21:10:06, 0.0796076204, 0.0774306279, 0.1271150986, 0.1087568995, 2652.1489, 2688.9362, 761.6900, 18.1098
2025-12-10 21:10:12, 0.0823118731, 0.0697302486, 0.1209890236, 0.1332394506, 2409.3714, 2553.2000, 761.1850, 18.2220
2025-12-10 21:10:18, 0.0876042604, 0.0824662516, 0.1148154915, 0.0932120004, 2834.2885, 2820.8462, 761.4650, 18.3087
2025-12-10 21:10:23, 0.0659653720, 0.0670426220, 0.1513123783, 0.1327049891, 2654.9333, 2701.9333, 762.0550, 17.3765
2025-12-10 21:10:29, 0.0834410601, 0.0950822205, 0.1834639862, 0.1483409990, 2675.0250, 2691.7500, 761.6700, 17.1126
2025-12-10 21:10:35, 0.0708383006, 0.0588633205, 0.1258593647, 0.1306262024, 2730.4118, 2649.7843, 761.9850, 19.4606
2025-12-10 21:10:41, 0.0997083989, 0.0744965859, 0.1143870938, 0.1370326488, 2751.0909, 2843.0682, 764.3200, 17.2121
2025-12-10 21:10:46, 0.0750767469, 0.0794493549, 0.1386314814, 0.1304646967, 2558.5417, 2611.3125, 761.4050, 19.0898
2025-12-10 21:10:52, 0.0708499399, 0.0748276702, 0.1240542966, 0.1273418898, 2733.0000, 2730.4107, 760.7900, 16.7301
2025-12-10 21:11:03, 0.0849050188, 0.0742686468, 0.1032116456, 0.1036787526, 2485.8780, 2584.0976, 761.3000, 17.7017
2025-12-10 21:11:09, 0.0721806339, 0.0795491483, 0.1793339659, 0.1814680155, 2782.4727, 2775.6364, 759.9900, 19.0276
2025-12-10 21:11:15, 0.0712729947, 0.0722792467, 0.1129445039, 0.1095018944, 2662.2917, 2662.2500, 762.4800, 17.3430
2025-12-10 21:11:20, 0.1057090118, 0.0944427148, 0.1164873786, 0.1374644106, 2883.2453, 2974.6792, 758.9300, 17.4584
2025-12-10 21:11:26, 0.1094297918, 0.0970022462, 0.1340355812, 0.1242389322, 2274.7647, 2321.4902, 759.3750, 18.6543
2025-12-10 21:11:32, 0.0826164635, 0.1090102959, 0.1104895662, 0.1342151663, 2600.5652, 2779.5870, 758.8850, 18.9455
2025-12-10 21:11:38, 0.1022617729, 0.0841459716, 0.1400021835, 0.1245533467, 2586.5556, 2577.8519, 757.0550, 18.3927
2025-12-10 21:11:44, 0.0882150161, 0.0913759102, 0.1538231801, 0.1236089160, 2872.1471, 2801.0000, 758.8650, 18.5188
2025-12-10 21:11:49, 0.0473750847, 0.0604607897, 0.1049672438, 0.0990635026, 2811.6140, 2802.6842, 757.2650, 17.4675
2025-12-10 21:11:55, 0.0869655694, 0.0590423830, 0.1265200902, 0.0766079782, 3131.3043, 2980.5217, 756.4650, 19.1653
2025-12-10 21:12:01, 0.0674798282, 0.0673948898, 0.1454536823, 0.1353999140, 2535.7660, 2436.1489, 755.4900, 18.3349
2025-12-10 21:12:06, 0.1056733648, 0.0984559421, 0.1575933734, 0.1279993514, 3014.7857, 2931.9464, 759.1050, 18.5109
2025-12-10 21:12:12, 0.0931287100, 0.1010691621, 0.1701203664, 0.1619401983, 2699.1522, 2863.3261, 761.8700, 17.5383
2025-12-10 21:12:18, 0.1033141580, 0.0853259582, 0.1183158216, 0.1419471047, 2668.8800, 2660.7200, 760.4900, 17.8659
2025-12-10 21:12:24, 0.0867499269, 0.0763703524, 0.1259749110, 0.1524082115, 2802.2826, 2829.5217, 759.9950, 17.9732
2025-12-10 21:12:29, 0.0868768099, 0.0895828703, 0.1997884938, 0.2266169833, 2898.4500, 2898.8500, 760.5850, 17.3483
2025-12-10 21:12:35, 0.0816405133, 0.0763267944, 0.1142887047, 0.1041742175, 2873.4255, 2790.8511, 759.9800, 18.6818
2025-12-10 21:12:41, 0.0895121273, 0.0829448259, 0.1450638794, 0.1462141748, 2590.9796, 2694.6939, 761.3700, 18.5082
2025-12-10 21:12:47, 0.1254399630, 0.1072464882, 0.1564648491, 0.1350269910, 2648.6739, 2768.5435, 764.7700, 16.9227
2025-12-10 21:12:53, 0.1301351469, 0.0949520046, 0.1428750473, 0.1325199062, 2583.2188, 2677.4375, 763.1000, 16.9260
2025-12-10 21:12:58, 0.1283407315, 0.0938173053, 0.1967026362, 0.1746511073, 2815.8846, 2795.4231, 766.1100, 18.2811
2025-12-10 21:13:04, 0.1113625483, 0.0836531994, 0.1793603343, 0.1268739622, 2824.7708, 2849.1042, 763.3650, 18.6639
2025-12-10 21:13:09, 0.0867575342, 0.0618921794, 0.1353737599, 0.1185578684, 2571.3214, 2628.3929, 767.8200, 16.8294
2025-12-10 21:13:15, 0.0908476309, 0.0941679421, 0.1288760541, 0.1220915495, 2701.7907, 2694.9302, 765.3700, 17.8618
2025-12-10 21:13:21, 0.0885419280, 0.0860880763, 0.1784037759, 0.1520113267, 2738.8478, 2746.6739, 769.9600, 17.8008
2025-12-10 21:13:26, 0.0708086677, 0.0935409093, 0.1522463026, 0.1250388460, 2600.3600, 2808.0200, 768.3950, 19.7045
2025-12-10 21:13:32, 0.0875528589, 0.0839765444, 0.1449097053, 0.1499032889, 2906.1190, 2990.6190, 770.5650, 20.8621
2025-12-10 21:13:38, 0.0826350638, 0.0692638778, 0.1683336445, 0.1874128897, 3103.8780, 3150.7073, 768.5300, 18.6920
2025-12-10 21:13:44, 0.1206707623, 0.0920991722, 0.1943489040, 0.1882199623, 2929.8269, 3001.1923, 766.0750, 18.1483
2025-12-10 21:13:50, 0.0773531252, 0.0934678884, 0.0871943573, 0.0819108364, 2423.4898, 2534.4082, 766.0850, 18.7523
2025-12-10 21:13:56, 0.0667657829, 0.0756922216, 0.1708444917, 0.1380583715, 3035.4898, 2918.6531, 771.1050, 18.7426
2025-12-10 21:14:01, 0.0834291634, 0.0655720358, 0.1057852809, 0.0962069733, 2846.9545, 2816.8182, 766.5050, 18.7483
2025-12-10 21:14:07, 0.0704423840, 0.0840133779, 0.2764881597, 0.2517600915, 2956.8409, 2870.8864, 766.8450, 18.6143
2025-12-10 21:14:13, 0.1070952783, 0.0795019576, 0.2025015402, 0.2311521089, 2794.5957, 2868.5745, 768.4650, 18.8753
2025-12-10 21:14:19, 0.0713374102, 0.0826844215, 0.1734319517, 0.1793586355, 2542.5909, 2561.1591, 767.6000, 19.2143
2025-12-10 21:14:24, 0.0884922599, 0.0699056475, 0.1535123824, 0.1556461512, 2493.0455, 2544.1818, 767.1950, 18.6093
2025-12-10 21:14:30, 0.0919604249, 0.0925315899, 0.1099100879, 0.1211597054, 2878.5938, 2897.4062, 766.3500, 17.3507
2025-12-10 21:14:36, 0.0774621944, 0.1051156808, 0.1482820819, 0.1480407150, 2496.1190, 2501.5000, 763.0150, 19.2965
2025-12-10 21:14:42, 0.1043346730, 0.0772868445, 0.1394219961, 0.1635713065, 2867.1633, 2927.1020, 762.8250, 18.2895
2025-12-10 21:14:47, 0.1215225641, 0.1060835124, 0.2279089403, 0.2222659371, 2535.8140, 2673.0930, 762.0700, 18.2720
2025-12-10 21:14:53, 0.1169892905, 0.0897984342, 0.1180028519, 0.1276571189, 2524.1509, 2612.3019, 762.2100, 18.8233
2025-12-10 21:14:59, 0.1324146333, 0.1098335172, 0.1602516634, 0.1053132953, 2562.3659, 2482.5122, 761.7950, 17.7905
2025-12-10 21:15:04, 0.0853681419, 0.0890891327, 0.1244601152, 0.1101697926, 2792.7500, 2746.8462, 762.3300, 17.8444
2025-12-10 21:15:10, 0.1002587661, 0.1040824488, 0.1679634524, 0.1879603119, 2755.6667, 2824.5897, 761.1850, 18.6810
2025-12-10 21:15:16, 0.0899272419, 0.0933298144, 0.1761189237, 0.1573652296, 2496.1538, 2396.4423, 761.8400, 16.2069
2025-12-10 21:15:22, 0.0926314387, 0.0851590340, 0.1316589578, 0.1450878590, 2758.6538, 2810.9808, 764.8200, 17.9317
2025-12-10 21:15:28, 0.1231857857, 0.1022723137, 0.0996029027, 0.1062474382, 2502.0541, 2616.3784, 761.9100, 16.1025
2025-12-10 21:15:34, 0.1232179278, 0.0943435941, 0.1583458947, 0.1356746792, 2885.2093, 2926.8372, 762.5400, 17.9827
2025-12-10 21:15:39, 0.0958606894, 0.1156331844, 0.2228652990, 0.2073618945, 2737.8182, 2781.3636, 761.8800, 18.7874
2025-12-10 21:15:45, 0.0726329590, 0.0788369758, 0.0959541769, 0.1223855039, 2573.3077, 2711.1282, 760.0800, 18.0932
2025-12-10 21:15:51, 0.0843251132, 0.0887814847, 0.1490646635, 0.1469059949, 2515.3488, 2514.7907, 759.4050, 18.9169
2025-12-10 21:15:57, 0.0596734488, 0.0645907437, 0.1759916937, 0.1797009752, 2629.6977, 2588.7209, 763.1400, 18.5184
2025-12-10 21:16:03, 0.0549902717, 0.0431965857, 0.1384181557, 0.1364001997, 2859.1111, 2913.7111, 761.9700, 17.9903
2025-12-10 21:16:08, 0.1048280260, 0.1006683931, 0.1145873643, 0.0908543929, 2967.9730, 2892.8649, 761.0200, 18.7891
2025-12-10 21:16:14, 0.0584985905, 0.0689427082, 0.2201805333, 0.1786743910, 2930.9057, 2844.8113, 760.5900, 18.0250
2025-12-10 21:16:20, 0.0638427903, 0.0525142281, 0.1457204583, 0.1288727665, 2828.4000, 2750.3333, 761.4850, 17.2798
2025-12-10 21:16:25, 0.0684275912, 0.0615572293, 0.1233591235, 0.1217455412, 2831.5091, 2854.9636, 766.2150, 15.0259
2025-12-10 21:16:31, 0.0980378435, 0.0638078155, 0.1879747679, 0.1779715324, 2654.1667, 2697.0625, 765.7000, 19.0337
2025-12-10 21:16:37, 0.0735420381, 0.0568483704, 0.1244654649, 0.1275891484, 2678.2667, 2741.9833, 758.9500, 16.7651
2025-12-10 21:16:42, 0.0996380672, 0.0698071874, 0.0948625914, 0.0966490811, 2660.9474, 2786.4737, 757.8200, 18.2079
2025-12-10 21:16:48, 0.0648299308, 0.0750661581, 0.1152866088, 0.1163216836, 2989.1296, 2961.5926, 761.5950, 16.6961
2025-12-10 21:16:54, 0.0500226880, 0.0463777871, 0.0995225004, 0.1067720145, 2730.0577, 2719.1538, 763.9700, 18.2307
2025-12-10 21:17:00, 0.0493127860, 0.0419130862, 0.1275426298, 0.1266652391, 2686.6981, 2614.0755, 762.2650, 19.4395
2025-12-10 21:17:05, 0.0488447316, 0.0424738147, 0.1693071784, 0.1386764061, 2695.1967, 2663.5738, 766.4800, 19.4484
2025-12-10 21:17:11, 0.0830158880, 0.0849814005, 0.2943615046, 0.2234087479, 2779.8222, 2841.3778, 767.4750, 18.0477
2025-12-10 21:17:16, 0.1109627308, 0.0793880572, 0.1066337524, 0.0986510008, 2624.0943, 2583.0566, 765.2650, 17.4804
2025-12-10 21:17:22, 0.0869508103, 0.0908371405, 0.1509232897, 0.0955256393, 2363.5455, 2376.2500, 763.1500, 17.4650
2025-12-10 21:17:28, 0.0860478207, 0.0870108180, 0.1135269703, 0.1193706649, 2624.0889, 2690.2000, 769.4200, 18.5780
2025-12-10 21:17:34, 0.0878750843, 0.0504495121, 0.0954766632, 0.0893139754, 2641.5600, 2688.4800, 767.7700, 19.9225
2025-12-10 21:17:39, 0.0626455820, 0.0752882234, 0.2300054215, 0.2032651383, 2995.3333, 2928.4762, 770.8400, 18.8501
2025-12-10 21:17:45, 0.0870793596, 0.0886904489, 0.1742830178, 0.1619588194, 2528.3958, 2504.2083, 766.4600, 17.9465
2025-12-10 21:17:51, 0.0885034777, 0.0934830142, 0.1397391324, 0.1081891973, 2725.2857, 2672.1633, 762.9150, 15.4343
2025-12-10 21:17:57, 0.0753004393, 0.0738513759, 0.1114551209, 0.0846614982, 2798.0263, 2859.5526, 764.9850, 19.2272
2025-12-10 21:18:02, 0.1055215661, 0.0858698569, 0.1621810660, 0.1550458697, 2834.3902, 2959.2927, 764.7600, 19.3081
2025-12-10 21:18:08, 0.1057430542, 0.0689158560, 0.1602911394, 0.1358419007, 2442.7750, 2542.3250, 765.4400, 19.0745
2025-12-10 21:18:14, 0.1000858888, 0.1063228711, 0.1286891851, 0.1379604358, 2714.1961, 2785.7059, 765.3300, 16.7774
2025-12-10 21:18:20, 0.1032379697, 0.0812514179, 0.1154743198, 0.1064925255, 2744.3478, 2845.4348, 763.2650, 19.0088
2025-12-10 21:18:25, 0.0892993995, 0.0745886253, 0.1074652558, 0.0956002338, 2618.8393, 2730.0179, 761.6150, 18.9720
2025-12-10 21:18:31, 0.0591051299, 0.0585447108, 0.1222726904, 0.1804232608, 2507.6000, 2596.5000, 765.4700, 19.3866
2025-12-10 21:18:37, 0.0734144459, 0.0661501925, 0.1067217089, 0.0971976227, 2688.2553, 2756.6809, 760.0700, 20.6711
2025-12-10 21:18:42, 0.0756300944, 0.0648230801, 0.1435371527, 0.1597235370, 2612.1400, 2719.0000, 760.6450, 19.0179
2025-12-10 21:18:48, 0.0976502357, 0.0699679309, 0.1458311828, 0.1437562095, 2539.6863, 2513.7647, 760.3100, 20.5933
2025-12-10 21:18:54, 0.0485003704, 0.0545780313, 0.1909867063, 0.1607495286, 2853.6154, 2902.4231, 762.8100, 17.8338
2025-12-10 21:19:00, 0.1033384970, 0.0952478743, 0.1649676163, 0.1829232432, 2771.2200, 2869.3600, 759.9500, 21.0648
2025-12-10 21:19:05, 0.0864395361, 0.1010247878, 0.1628664226, 0.1380559732, 2637.0200, 2681.5600, 758.3200, 18.4751
2025-12-10 21:19:11, 0.1012536641, 0.0745251288, 0.1582634509, 0.1532259537, 2784.8605, 2680.1163, 759.4300, 18.3283
2025-12-10 21:19:17, 0.0779148809, 0.0922711511, 0.1196001545, 0.1517476929, 2616.0952, 2767.8095, 759.5000, 19.2089
2025-12-10 21:19:22, 0.1175642261, 0.0884575099, 0.1681380750, 0.1938700160, 2541.0244, 2558.1951, 766.1350, 19.5734
2025-12-10 21:19:28, 0.0929810052, 0.0725831127, 0.1327572756, 0.1303512767, 2882.4651, 3028.6977, 764.8050, 19.9225
2025-12-10 21:19:34, 0.0885427555, 0.1031137441, 0.1975678400, 0.1891495484, 2498.1944, 2469.2222, 765.9600, 20.6196
2025-12-10 21:19:39, 0.1039312331, 0.0649737205, 0.1414559653, 0.1442712315, 2765.8605, 2804.8372, 764.9300, 21.7045
2025-12-10 21:19:45, 0.0946719480, 0.0930573667, 0.2443297986, 0.1825673419, 2823.1020, 2805.4286, 767.3150, 19.0847
2025-12-10 21:19:51, 0.0718700940, 0.0627098987, 0.1436741754, 0.1305802980, 2491.8750, 2579.8958, 766.2350, 19.4897
2025-12-10 21:19:56, 0.1051515446, 0.0763508059, 0.1543914323, 0.1743468386, 2639.7170, 2676.5660, 765.4550, 20.2267
2025-12-10 21:20:02, 0.0717845394, 0.0804286952, 0.2779140086, 0.2805973078, 2499.8636, 2535.5682, 764.6200, 20.5637
2025-12-10 21:20:08, 0.1038969517, 0.0849419115, 0.1686044966, 0.1534333187, 2820.6571, 2804.4571, 766.1700, 19.8837
2025-12-10 21:20:14, 0.0843350642, 0.1067813730, 0.2644767486, 0.2393927140, 2928.6667, 2937.3636, 766.3700, 19.6398
2025-12-10 21:20:20, 0.0722908483, 0.0771501712, 0.1424609897, 0.1716244985, 2164.4651, 2274.3256, 765.7000, 20.7058
2025-12-10 21:20:25, 0.0715605826, 0.0921531138, 0.1531016583, 0.1367929246, 2638.4848, 2844.7576, 767.9000, 20.9442
2025-12-10 21:20:31, 0.0805230864, 0.0756837229, 0.1836185212, 0.1748947409, 2453.7692, 2375.1795, 766.2000, 21.2471
2025-12-10 21:20:37, 0.0746699675, 0.0836156519, 0.1048740098, 0.1102774386, 2445.9565, 2449.3261, 763.1850, 19.9507
2025-12-10 21:20:42, 0.0883075549, 0.0879515166, 0.1974457062, 0.1798197701, 2675.3784, 2684.0000, 760.9050, 20.1233
2025-12-10 21:20:48, 0.1079612025, 0.0881533227, 0.1627809132, 0.1742445076, 2802.2174, 2951.0870, 764.0950, 20.5421
2025-12-10 21:20:54, 0.0717216924, 0.0664853409, 0.1378849375, 0.1269904141, 3028.1136, 3072.3409, 760.9050, 19.0823
2025-12-10 21:21:00, 0.0773620127, 0.0767717516, 0.1177200246, 0.1368188104, 2480.3182, 2532.7045, 762.7850, 19.1389
2025-12-10 21:21:05, 0.0917797007, 0.0812305531, 0.1257606647, 0.1324935091, 2752.7429, 2815.1714, 761.1600, 19.2287
2025-12-10 21:21:11, 0.1284590592, 0.0621200665, 0.0636091018, 0.0565038481, 2595.5652, 2636.0217, 759.2200, 17.0834
2025-12-10 21:21:17, 0.1113167761, 0.0929226889, 0.1023865332, 0.0852198542, 2586.5000, 2585.4600, 760.7750, 19.3074
2025-12-10 21:21:23, 0.1062920384, 0.0983790329, 0.1600931247, 0.1163920108, 2853.8611, 2951.4444, 760.4350, 18.7813
2025-12-10 21:21:29, 0.0826670524, 0.0815886554, 0.1175999769, 0.1316507237, 2930.1628, 2925.0465, 761.5800, 16.5654
2025-12-10 21:21:35, 0.0916350226, 0.0933517221, 0.1262860150, 0.0841916889, 2833.8654, 2743.4038, 759.9600, 17.6689
2025-12-10 21:21:40, 0.0992815932, 0.0769446211, 0.1092984172, 0.0688091944, 2798.9189, 2775.2973, 759.9350, 16.8586
2025-12-10 21:21:46, 0.0889071959, 0.0788420905, 0.1445681788, 0.1318122564, 2791.0702, 2732.4737, 760.5150, 18.0958
2025-12-10 21:21:52, 0.0879071310, 0.0828350835, 0.1044198242, 0.0800346677, 2675.1346, 2753.3846, 756.2900, 18.3318
2025-12-10 21:21:57, 0.1299644136, 0.0888432074, 0.0865409421, 0.0935288057, 2823.6111, 2875.6111, 760.4600, 17.9644
2025-12-10 21:22:03, 0.1523246051, 0.1061529880, 0.0892329504, 0.0971128153, 2891.5319, 2955.8298, 756.6550, 17.7723
2025-12-10 21:22:10, 0.1293166713, 0.1168661935, 0.1296390738, 0.1157127806, 2769.0222, 2780.5556, 759.5200, 18.3622
2025-12-10 21:22:15, 0.1186817769, 0.1038424096, 0.1051202625, 0.1033824082, 2541.2462, 2552.2000, 758.2750, 18.6099
2025-12-10 21:22:21, 0.0968517743, 0.0906577253, 0.2064070704, 0.2102104275, 2699.5000, 2746.7727, 757.2700, 16.5096
2025-12-10 21:22:27, 0.1119542283, 0.1038636491, 0.1102546787, 0.0859916914, 2615.6034, 2688.0000, 762.2250, 18.9630
2025-12-10 21:22:32, 0.0923898116, 0.1051654297, 0.1523154715, 0.1547006564, 2571.6964, 2595.8036, 758.9200, 17.9428
2025-12-10 21:22:38, 0.0805393017, 0.0643031328, 0.0850232604, 0.0821338130, 2653.6667, 2639.3333, 761.2200, 17.3154
2025-12-10 21:22:44, 0.0933038501, 0.0933882643, 0.0809126094, 0.0908094825, 2947.8864, 2989.8864, 763.5500, 18.9978
2025-12-10 21:22:50, 0.1142095734, 0.1273982706, 0.1336080061, 0.1483282137, 2917.5094, 2971.7736, 761.3550, 18.2568
2025-12-10 21:22:55, 0.1102868394, 0.1020198225, 0.1349851839, 0.0962003423, 2696.0930, 2662.6512, 762.0300, 19.7068
2025-12-10 21:23:01, 0.1039557798, 0.1192660755, 0.0646945062, 0.0658133929, 2981.2250, 3062.5500, 757.3100, 19.7784
2025-12-10 21:23:07, 0.0945005444, 0.0665543120, 0.1529825539, 0.1385312022, 2942.1731, 2877.8462, 765.3350, 19.5042
2025-12-10 21:23:13, 0.0741502485, 0.0775646172, 0.0929051852, 0.0894384414, 2796.8333, 2758.2778, 764.0000, 18.8454
2025-12-10 21:23:18, 0.0763042704, 0.0640383284, 0.1060504714, 0.1029647339, 2746.4255, 2798.8298, 765.1400, 18.7798
2025-12-10 21:23:24, 0.0588032499, 0.0588601267, 0.0749673076, 0.0596362333, 2863.3778, 2882.3111, 764.4150, 18.2262
2025-12-10 21:23:30, 0.0727195348, 0.0508978711, 0.0925703147, 0.0831848386, 2743.7593, 2664.1111, 763.2200, 17.5986
2025-12-10 21:23:35, 0.0885592161, 0.0736523755, 0.1065964511, 0.1084891010, 2797.7083, 2849.9583, 766.1500, 18.4477
2025-12-10 21:23:41, 0.0793983368, 0.0736117402, 0.0648577479, 0.0690900250, 2769.1017, 2789.4576, 765.9600, 18.9248
2025-12-10 21:23:47, 0.0696919967, 0.0750032706, 0.1148155712, 0.1013603293, 2956.3158, 2971.4211, 762.0000, 18.2661
2025-12-10 21:23:52, 0.0917834462, 0.0907432173, 0.0945679852, 0.0983648359, 2795.2281, 2744.4737, 765.0850, 17.8636
2025-12-10 21:23:58, 0.0493014999, 0.0692245755, 0.0690184227, 0.0613712154, 2582.2391, 2659.2174, 761.9450, 17.5289
2025-12-10 21:24:04, 0.0491379178, 0.0449959185, 0.0568752877, 0.0765556951, 2658.5283, 2572.6981, 757.2850, 18.5131
2025-12-10 21:24:10, 0.0748890382, 0.0732480604, 0.1229847312, 0.0991064299, 2792.2941, 2768.0980, 762.0100, 19.6178
2025-12-10 21:24:15, 0.0617385979, 0.0622988343, 0.1338726003, 0.1355425589, 2618.3265, 2618.2245, 761.6000, 17.8525
2025-12-10 21:24:21, 0.0775883210, 0.0692448750, 0.1379579891, 0.0949494533, 2861.1364, 2812.2273, 759.4250, 17.4194
2025-12-10 21:24:27, 0.0691945505, 0.0580043637, 0.0748743667, 0.1243017004, 2778.4154, 2778.9538, 758.6600, 18.7412
2025-12-10 21:24:33, 0.0725596533, 0.0713282123, 0.3040280828, 0.2864320526, 2711.4348, 2696.6739, 760.7350, 18.7391
2025-12-10 21:24:38, 0.0845272403, 0.0813098338, 0.1561345755, 0.1381522812, 3135.7451, 2938.9216, 758.6200, 18.2682
2025-12-10 21:24:44, 0.0694489851, 0.0599544309, 0.1931512196, 0.2266532510, 2931.0545, 2855.3273, 760.2450, 15.7440
2025-12-10 21:24:50, 0.0741728791, 0.0691578348, 0.1022232739, 0.1165380120, 2724.0732, 2682.4390, 759.3150, 18.6972
2025-12-10 21:24:56, 0.0686404264, 0.0491496821, 0.1116291128, 0.0928942041, 2492.6154, 2542.1346, 758.6650, 18.1131
2025-12-10 21:25:02, 0.0646422999, 0.0642201477, 0.0967800758, 0.0828290546, 2517.3125, 2716.8750, 762.9050, 17.4990
2025-12-10 21:25:07, 0.1016316457, 0.0836794157, 0.1203241422, 0.1007646449, 2517.4483, 2615.4655, 763.0000, 18.3894
2025-12-10 21:25:13, 0.0868037965, 0.0691534104, 0.1238814202, 0.1106860916, 2866.3529, 2838.5294, 765.9600, 18.8026
2025-12-10 21:25:19, 0.0569450319, 0.0617195447, 0.1741168656, 0.1378225025, 2696.3200, 2740.7600, 762.0000, 17.0663
2025-12-10 21:25:24, 0.0938528391, 0.0619034666, 0.2298559571, 0.2337030985, 2989.7551, 3122.2653, 763.9450, 19.0048
2025-12-10 21:25:30, 0.0912721674, 0.0657052396, 0.1247813545, 0.1144632779, 2686.3000, 2813.6200, 763.1750, 16.8340
2025-12-10 21:25:36, 0.0915960080, 0.0879741994, 0.1258651822, 0.1488545962, 2717.4889, 2753.1556, 763.3200, 17.2217
2025-12-10 21:25:42, 0.1015827489, 0.0847283029, 0.0830267605, 0.0881154776, 2791.3529, 2754.5490, 764.5400, 18.0468
2025-12-10 21:25:47, 0.0976981324, 0.1078667528, 0.1102287003, 0.1252192067, 2670.8929, 2766.5179, 761.7150, 17.3477
2025-12-10 21:25:53, 0.0818373483, 0.0754811661, 0.1049483026, 0.0988672102, 2657.9000, 2672.5000, 761.1400, 17.9772
2025-12-10 21:25:58, 0.1238116737, 0.0931597125, 0.0929882085, 0.1290767433, 2783.0308, 2923.7077, 763.7600, 18.5783
2025-12-10 21:26:04, 0.0830149825, 0.0791746711, 0.0895089032, 0.0753094107, 2667.8103, 2578.1552, 763.5050, 19.0738
2025-12-10 21:26:10, 0.1021285485, 0.0807554831, 0.1228518154, 0.1325037669, 2677.3333, 2717.3922, 762.1000, 20.3703
2025-12-10 21:26:16, 0.0886099339, 0.0677021849, 0.1001946628, 0.0914414505, 2707.8364, 2791.8545, 762.5000, 18.6585
2025-12-10 21:26:21, 0.0587991717, 0.0674495045, 0.0925619261, 0.0723280155, 2724.7708, 2667.1875, 767.2300, 22.1668
2025-12-10 21:26:27, 0.0885972556, 0.0767836421, 0.0890054855, 0.0717954844, 2687.9333, 2660.0889, 767.3700, 20.7741
2025-12-10 21:26:33, 0.0755052647, 0.0911125802, 0.1247799921, 0.0983746640, 2729.4286, 2684.6190, 768.2000, 18.4437
2025-12-10 21:26:38, 0.1132101001, 0.0710049800, 0.1340664446, 0.1056668901, 2738.0179, 2745.2679, 765.8150, 21.2547
2025-12-10 21:26:44, 0.0788555467, 0.0699590834, 0.0972395070, 0.1108361554, 2584.1724, 2626.3793, 760.5800, 18.0575
2025-12-10 21:26:50, 0.0634976807, 0.0592873512, 0.1288705750, 0.1030594922, 2739.5185, 2626.5000, 764.4050, 20.9557
2025-12-10 21:26:55, 0.1097927166, 0.0601611104, 0.0863552589, 0.0753394715, 2691.6486, 2586.3514, 763.3550, 20.3440
2025-12-10 21:27:01, 0.0723325839, 0.0636147751, 0.0745316265, 0.0714528969, 2814.3500, 2850.7833, 764.6150, 19.6425
2025-12-10 21:27:07, 0.0676280982, 0.0776170438, 0.0686695655, 0.0878768248, 2661.5357, 2750.8929, 760.6450, 21.3042
2025-12-10 21:27:13, 0.0737874333, 0.0638769662, 0.0905183710, 0.0663359543, 2701.1277, 2631.7021, 763.5600, 21.6466
2025-12-10 21:27:19, 0.0872227423, 0.0645661568, 0.1116868458, 0.0949394845, 2696.1600, 2635.5400, 761.1750, 19.1210
2025-12-10 21:27:24, 0.0581466664, 0.0559062553, 0.0739372785, 0.0803789140, 2670.4000, 2706.2667, 764.9050, 21.4650
2025-12-10 21:27:30, 0.0700658457, 0.0807939178, 0.0662054334, 0.0556131981, 2436.9423, 2485.7885, 765.8600, 22.1375
2025-12-10 21:27:36, 0.0992074288, 0.0750676649, 0.0765437688, 0.0746357431, 2774.1538, 2781.8923, 763.3500, 19.7070
2025-12-10 21:27:42, 0.0843825835, 0.0606561241, 0.1313720068, 0.1048550484, 2855.3158, 2882.4211, 763.9650, 22.0609
2025-12-10 21:27:47, 0.0721521278, 0.0734307828, 0.0967737714, 0.0860119293, 2653.8723, 2718.1702, 763.2500, 19.9704
2025-12-10 21:27:53, 0.1042876497, 0.0715050667, 0.0596321278, 0.0742008205, 2619.8182, 2590.3818, 756.4600, 20.1429
2025-12-10 21:27:59, 0.1189652042, 0.0714812200, 0.0906155134, 0.0845343579, 2911.8772, 3007.7895, 759.3700, 19.3650
2025-12-10 21:28:05, 0.0935471706, 0.0837689028, 0.1216663791, 0.0886282160, 2612.8909, 2579.8000, 756.2750, 20.3226
2025-12-10 21:28:10, 0.0691837308, 0.0606145382, 0.0670264827, 0.0624038471, 2849.5556, 2851.6508, 754.6950, 18.4638
2025-12-10 21:28:16, 0.0754845564, 0.0728074410, 0.0892041932, 0.0888250719, 2540.0000, 2579.5227, 760.9900, 20.1189
2025-12-10 21:28:22, 0.0766730643, 0.0954876063, 0.1175494430, 0.0885192300, 2825.5000, 2809.7600, 757.8650, 20.1086
2025-12-10 21:28:28, 0.0704124361, 0.0875996933, 0.0695746070, 0.0704087256, 2753.6800, 2877.3000, 757.9350, 18.8648
2025-12-10 21:28:33, 0.1015564092, 0.0925366279, 0.1111853973, 0.0903880609, 2756.6471, 2685.3333, 759.2850, 19.1615
2025-12-10 21:28:39, 0.0708085935, 0.0694121648, 0.0929547214, 0.0660535475, 2926.0426, 2958.3830, 757.3500, 16.6065
2025-12-10 21:28:44, 0.0520490151, 0.0485528297, 0.0741029924, 0.0862745285, 2668.4366, 2673.6761, 756.5650, 18.0337
2025-12-10 21:28:50, 0.0673768430, 0.0831022081, 0.0812030310, 0.0932545767, 2702.2600, 2847.3800, 758.1550, 17.9533
2025-12-10 21:28:56, 0.0901465375, 0.0490726402, 0.1120703910, 0.1275234322, 2820.0769, 2804.4872, 759.5700, 18.4679
2025-12-10 21:29:01, 0.0996919474, 0.0662696279, 0.1092408311, 0.0792312488, 2768.5577, 2764.1346, 760.2350, 19.6543
2025-12-10 21:29:07, 0.0860768859, 0.0802192549, 0.0852052114, 0.0814840306, 2717.2941, 2636.5098, 762.4150, 18.0769
2025-12-10 21:29:13, 0.0556047004, 0.0486746069, 0.0720348640, 0.0607676441, 2755.5102, 2790.1837, 758.1100, 17.0546
2025-12-10 21:29:19, 0.0592674310, 0.0723183893, 0.0975756163, 0.0926170103, 3027.8200, 3039.4800, 762.7800, 18.4361
2025-12-10 21:29:24, 0.0696665971, 0.0711820450, 0.0693695216, 0.0694798963, 2790.4423, 2790.5000, 766.2150, 17.5388
2025-12-10 21:29:30, 0.0737384642, 0.0779389475, 0.0507269365, 0.0656700743, 2690.0000, 2621.8519, 764.0000, 17.3813
2025-12-10 21:29:36, 0.0955032295, 0.0863047753, 0.0762842212, 0.0527145705, 2858.9796, 2859.1224, 765.2750, 17.5234
2025-12-10 21:29:41, 0.0740854007, 0.0653906664, 0.0771075710, 0.0821104269, 2788.3256, 2761.8837, 765.1650, 18.0280
2025-12-10 21:29:47, 0.1164768378, 0.0677953276, 0.1096172131, 0.1002777839, 2927.4754, 2782.4262, 764.5900, 19.0447
2025-12-10 21:29:53, 0.0615546410, 0.0692639928, 0.0777176658, 0.0787247962, 2643.0357, 2609.8571, 765.2850, 17.7596
2025-12-10 21:29:58, 0.0788068702, 0.0692420432, 0.1459320932, 0.1260973085, 2770.5106, 2894.2340, 761.5700, 18.9920
2025-12-10 21:30:04, 0.0960337769, 0.0745873187, 0.1566152523, 0.1550225433, 2827.4318, 2879.7955, 765.7600, 17.4511
2025-12-10 21:30:10, 0.0629092378, 0.0778920049, 0.1011486484, 0.0759276777, 2874.5362, 2809.9565, 762.3850, 17.8030
2025-12-10 21:30:16, 0.0864826569, 0.0582598304, 0.0949430860, 0.1157901678, 2802.6852, 2864.5926, 766.1350, 16.5888
2025-12-10 21:30:21, 0.0601959861, 0.0541890969, 0.1560443070, 0.1247214742, 2775.1961, 2779.5098, 762.5200, 18.4534
2025-12-10 21:30:27, 0.0903366547, 0.0779960222, 0.0764536320, 0.0635721813, 2896.3191, 2775.9362, 766.6950, 18.6583
2025-12-10 21:30:33, 0.0806146964, 0.0891550529, 0.0770853277, 0.0665280065, 2871.9839, 2806.5161, 763.3750, 18.2053
2025-12-10 21:30:39, 0.0686047154, 0.0710421058, 0.0765935349, 0.0906670336, 2794.6596, 2785.8085, 765.4550, 18.4862
2025-12-10 21:30:44, 0.0720838868, 0.0798927536, 0.0580421957, 0.0621147419, 2682.2941, 2706.6667, 764.0350, 16.3047
2025-12-10 21:30:50, 0.0828980897, 0.0882372306, 0.0614276523, 0.0713747424, 2735.8085, 2939.1702, 765.1000, 16.9349
2025-12-10 21:30:56, 0.1134288266, 0.0730065908, 0.0588409025, 0.0507657804, 2510.3333, 2645.8704, 762.4600, 18.2959
2025-12-10 21:31:02, 0.0774654357, 0.0807301381, 0.1134318122, 0.1070161435, 2844.4839, 2783.2903, 760.7800, 17.7581
2025-12-10 21:31:07, 0.1269980011, 0.0940665983, 0.0886841023, 0.0829212933, 2733.6333, 2654.2333, 764.6700, 15.9628
2025-12-10 21:31:13, 0.0907670193, 0.0911832446, 0.0814405522, 0.0611661314, 2682.1875, 2683.4844, 761.3600, 17.0801
2025-12-10 21:31:19, 0.0730028324, 0.0585780764, 0.1914553589, 0.1551311224, 2777.6538, 2690.0192, 768.7000, 18.4442
2025-12-10 21:31:24, 0.0795880360, 0.0719853042, 0.0754902601, 0.0651772152, 2802.2308, 2706.9231, 768.4800, 18.3229
2025-12-10 21:31:30, 0.0980822137, 0.0868230544, 0.1007431107, 0.1002178866, 2953.3492, 2846.2222, 766.1650, 17.8373
2025-12-10 21:31:36, 0.0933493942, 0.0932751333, 0.0787138107, 0.0952137429, 2918.1897, 2926.2759, 764.6900, 18.4760
2025-12-10 21:31:41, 0.1158395871, 0.0884100793, 0.1050122311, 0.0713925079, 2779.9365, 2808.1111, 766.4400, 18.2331
2025-12-10 21:31:47, 0.0962836012, 0.0821374019, 0.0853059188, 0.0636181359, 2807.3889, 2628.2778, 764.5450, 18.0124
2025-12-10 21:31:53, 0.1153414459, 0.0882470001, 0.0957895205, 0.0822938427, 2989.7571, 2979.9714, 764.2850, 19.4487
2025-12-10 21:31:59, 0.1217094879, 0.1108510865, 0.0864271974, 0.0776164030, 2846.3137, 2723.4902, 765.8100, 17.7120
2025-12-10 21:32:05, 0.0972982291, 0.1106483876, 0.0817523778, 0.0781625980, 2848.5306, 2913.5510, 766.6150, 18.1763
2025-12-10 21:32:10, 0.1107407156, 0.0936306626, 0.0820011230, 0.0654486974, 2523.2439, 2568.5854, 768.2950, 17.6708
2025-12-10 21:32:16, 0.1132393918, 0.0923693829, 0.1175412141, 0.1010862699, 2972.3571, 3020.1250, 768.9300, 17.4927
2025-12-10 21:32:22, 0.1129821049, 0.0800252483, 0.0678707970, 0.0623883660, 3035.7692, 2898.7692, 769.2350, 16.7666
2025-12-10 21:32:28, 0.1093268449, 0.0884013667, 0.0577460513, 0.0766787511, 2740.7931, 2827.1897, 770.3650, 18.2880
2025-12-10 21:32:33, 0.0762821444, 0.0751986934, 0.0919230924, 0.0740045471, 2820.8060, 2720.6866, 769.5600, 18.1396
2025-12-10 21:32:39, 0.0816724155, 0.0879991009, 0.0917853965, 0.0658196174, 2908.8750, 2810.7917, 767.0800, 16.8788
2025-12-10 21:32:45, 0.1002159870, 0.0810613762, 0.0858912689, 0.0764055685, 2752.8000, 2742.8600, 769.0300, 16.8558
2025-12-10 21:32:51, 0.1044067297, 0.0892351170, 0.1327618295, 0.0881678996, 2620.2075, 2641.8679, 766.7800, 17.9875
2025-12-10 21:32:56, 0.0975516986, 0.0860521202, 0.1130577729, 0.0863419539, 2626.3800, 2593.1000, 764.2550, 18.4954
2025-12-10 21:33:02, 0.0712207485, 0.0715860883, 0.0822332488, 0.1006182059, 2637.7045, 2727.5455, 766.0350, 18.3206
2025-12-10 21:33:07, 0.0897372234, 0.0644960070, 0.0836460747, 0.0649168889, 2787.3673, 2693.8571, 769.7250, 17.6440
2025-12-10 21:33:13, 0.0880630162, 0.1321016476, 0.1540392542, 0.1696088238, 2733.7460, 2806.1429, 769.4850, 18.1720
2025-12-10 21:33:19, 0.0818380184, 0.0895017506, 0.0937308419, 0.0766865316, 2643.7609, 2696.7174, 768.9250, 17.2136
2025-12-10 21:33:25, 0.1378737841, 0.1024404002, 0.1024250850, 0.0902674526, 2893.0962, 3082.2500, 770.7900, 18.2147
2025-12-10 21:33:30, 0.0951084086, 0.0883998662, 0.0773347121, 0.0782874888, 2675.9800, 2734.4600, 769.4850, 19.2668
2025-12-10 21:33:36, 0.1043532925, 0.0853712298, 0.0958160624, 0.0822826619, 2641.1034, 2677.6207, 770.2400, 18.0420
2025-12-10 21:33:42, 0.0960779938, 0.0704425505, 0.1178869467, 0.0898429444, 2825.4821, 2718.2679, 765.6200, 18.4040
2025-12-10 21:33:48, 0.1045722392, 0.1121406133, 0.1193833279, 0.1207838626, 2683.7174, 2664.4348, 766.9850, 17.1364
2025-12-10 21:33:53, 0.0958575432, 0.1014867219, 0.1468002172, 0.1400912289, 2926.5769, 2930.0769, 766.2200, 17.9369
2025-12-10 21:33:59, 0.1093163698, 0.0780467553, 0.0935745144, 0.0810154547, 2997.3953, 3107.2093, 766.4950, 17.3885
2025-12-10 21:34:05, 0.0956169217, 0.0890705724, 0.1145536581, 0.0899484252, 3026.0962, 2988.3462, 767.6850, 18.9208
2025-12-10 21:34:10, 0.0867078514, 0.0756796586, 0.1038070260, 0.0875723401, 2878.6226, 2827.0000, 766.7100, 18.8071
2025-12-10 21:34:16, 0.0998161912, 0.0929288413, 0.1356410300, 0.1318873995, 2663.5192, 2673.6154, 767.3000, 17.8673
2025-12-10 21:34:22, 0.0921554488, 0.0741184239, 0.0877843359, 0.0909886917, 2558.8868, 2571.1132, 767.9700, 17.4977
2025-12-10 21:34:27, 0.1006694367, 0.1053962715, 0.0722815783, 0.0636451178, 2831.4419, 2936.3721, 767.6200, 18.1291
2025-12-10 21:34:33, 0.1079249467, 0.1145472884, 0.0730380635, 0.0852801556, 2631.8167, 2738.0167, 765.0450, 17.8161
2025-12-10 21:34:39, 0.0989744580, 0.0804266257, 0.0765936100, 0.0725266891, 2749.7377, 2766.4590, 766.3000, 17.3292
2025-12-10 21:34:45, 0.1101639523, 0.0738994659, 0.1392871030, 0.0881328138, 2738.1509, 2654.1698, 764.6500, 19.2018
2025-12-10 21:34:50, 0.0981329162, 0.1021508445, 0.1832014858, 0.1323296436, 3063.6500, 3062.7750, 763.9850, 18.8100
2025-12-10 21:34:56, 0.1073118790, 0.0915311694, 0.0870708145, 0.1074728892, 2603.8333, 2720.2917, 763.1550, 17.6196
2025-12-10 21:35:02, 0.1012793686, 0.0894196576, 0.1379079658, 0.1203405848, 2688.7037, 2672.7222, 764.3400, 17.3685
2025-12-10 21:35:08, 0.1265161478, 0.0830347082, 0.1235148724, 0.1223685614, 2726.5319, 2708.5745, 761.4650, 18.5919
2025-12-10 21:35:14, 0.0776624671, 0.0721347816, 0.0966725157, 0.0905599458, 2587.6087, 2577.8478, 762.8600, 17.1275
2025-12-10 21:35:19, 0.0857732655, 0.0899971664, 0.1192911670, 0.0893265145, 2672.2500, 2655.4500, 765.6050, 19.4715
2025-12-10 21:35:25, 0.0934190440, 0.0919516904, 0.1534995703, 0.1507141046, 2588.0930, 2681.6512, 767.9950, 17.5130
2025-12-10 21:35:31, 0.0839827300, 0.0964866600, 0.1519978602, 0.1066244088, 2841.1463, 2893.4634, 766.3450, 16.4422
2025-12-10 21:35:36, 0.0959095815, 0.0757169302, 0.0944277099, 0.1223109819, 2597.7234, 2606.0426, 767.6600, 18.9242
2025-12-10 21:35:42, 0.1184027141, 0.1131943135, 0.1513590319, 0.1560666695, 3101.4359, 2991.7692, 769.4600, 18.3390
2025-12-10 21:35:48, 0.1128463946, 0.0966461348, 0.1198894943, 0.0976000737, 2670.9259, 2646.9074, 774.0300, 16.6961
2025-12-10 21:35:54, 0.1001102343, 0.0921881766, 0.0953446508, 0.0890224025, 2836.8125, 2860.6042, 769.7100, 17.4833
2025-12-10 21:35:59, 0.0949191424, 0.0825638504, 0.1144306087, 0.0961811228, 2878.2281, 2928.8246, 769.1700, 19.2115
2025-12-10 21:36:05, 0.1217543770, 0.1013089152, 0.0983240051, 0.0753843595, 2889.4651, 2933.3721, 767.5250, 19.1282
2025-12-10 21:36:11, 0.1112941536, 0.0963745370, 0.0909957206, 0.0882094414, 2755.4898, 2730.0816, 770.0100, 18.0297
2025-12-10 21:36:16, 0.0631940651, 0.0492178922, 0.1097276825, 0.1325406291, 2698.0800, 2778.5400, 768.8750, 18.0330
2025-12-10 21:36:22, 0.1098740373, 0.0787422560, 0.0947628454, 0.0769504165, 2785.8864, 2804.2273, 769.6050, 17.6994
2025-12-10 21:36:28, 0.0783475427, 0.0763289385, 0.0943544394, 0.0685747706, 2805.4231, 2807.0000, 771.1250, 18.6992
2025-12-10 21:36:33, 0.0582807217, 0.0494793455, 0.1047034733, 0.0992430804, 2818.8983, 2796.1186, 769.3000, 17.6153
2025-12-10 21:36:39, 0.1036541155, 0.1010194219, 0.1277732506, 0.1053403334, 2880.0000, 2895.1250, 771.5800, 19.4662
2025-12-10 21:36:45, 0.1064184459, 0.0768302752, 0.1450159015, 0.0929215852, 2833.7547, 2892.5094, 768.8500, 15.5791
2025-12-10 21:36:51, 0.0925204801, 0.1001263995, 0.0691049352, 0.0604826295, 2852.3958, 2748.8125, 769.8300, 19.0594
2025-12-10 21:36:56, 0.0745935869, 0.0726843467, 0.0924865334, 0.0948525304, 2716.6078, 2708.5490, 766.7350, 17.4079
2025-12-10 21:37:02, 0.0842509751, 0.0851704660, 0.1044936662, 0.1036945209, 2642.1200, 2613.1200, 767.1800, 18.0460
2025-12-10 21:37:08, 0.0682550508, 0.0820932461, 0.0747219014, 0.0546519772, 2712.5250, 2639.8000, 765.6350, 17.4829
2025-12-10 21:37:14, 0.0971436195, 0.0905234862, 0.1029715274, 0.0828223676, 2799.1724, 2738.6897, 768.7800, 17.6919
2025-12-10 21:37:20, 0.1223599220, 0.1041794971, 0.1094349830, 0.1006193844, 2803.7292, 2797.4375, 766.6100, 17.4931
2025-12-10 21:37:26, 0.0974637244, 0.1008219139, 0.0730617160, 0.0525237138, 2803.6852, 2782.3333, 763.4500, 17.3496
2025-12-10 21:37:32, 0.1059740101, 0.0869213195, 0.1044714464, 0.0728452773, 2849.1373, 2884.0196, 767.9750, 17.0257
2025-12-10 21:37:37, 0.1023838433, 0.0867821365, 0.0838892144, 0.0627978178, 2914.2833, 2816.4667, 765.2400, 19.1348
2025-12-10 21:37:43, 0.0704017057, 0.0693796372, 0.0669839068, 0.0712455030, 2864.2083, 2804.3333, 767.0750, 17.8524
2025-12-10 21:37:49, 0.1196309882, 0.0940239498, 0.1272454040, 0.1315401687, 2732.1864, 2827.0508, 766.2100, 17.9376
2025-12-10 21:37:55, 0.1293088882, 0.0751393389, 0.0538663171, 0.0572850540, 2761.5106, 2757.1702, 766.9200, 18.1968
2025-12-10 21:38:01, 0.0946784413, 0.0797331557, 0.0493886904, 0.0626368597, 2746.0784, 2830.5294, 767.1450, 17.4549
2025-12-10 21:38:07, 0.0846987962, 0.0665067773, 0.0838992930, 0.0681756647, 2745.1455, 2654.0182, 765.5550, 20.4953
2025-12-10 21:38:12, 0.0732713037, 0.0641308211, 0.0629853989, 0.0468490627, 2779.3091, 2716.4909, 768.5300, 18.7069
2025-12-10 21:38:18, 0.0595356687, 0.0562826556, 0.0751345965, 0.0755570051, 2635.9038, 2704.0000, 766.7500, 18.1716
2025-12-10 21:38:23, 0.1000771469, 0.0833343771, 0.0684752073, 0.0721240319, 2617.3585, 2640.3774, 768.1650, 17.9323
2025-12-10 21:38:29, 0.1026131817, 0.0869261166, 0.1045156130, 0.0722720783, 2750.3265, 2713.8163, 769.0100, 18.4602
2025-12-10 21:38:35, 0.0955807769, 0.0817866675, 0.0909146117, 0.0935551327, 2934.2857, 2921.1964, 769.2000, 20.5820
2025-12-10 21:38:41, 0.0860139635, 0.0850229110, 0.1024095668, 0.0814367941, 2704.3016, 2637.5397, 769.4500, 19.0690
2025-12-10 21:38:47, 0.0630101949, 0.0692337945, 0.1177130235, 0.0816996052, 3008.3333, 2851.6296, 769.4450, 19.2002
2025-12-10 21:38:53, 0.0679096224, 0.0695920877, 0.1092795158, 0.0914235160, 2701.3333, 2783.1515, 766.8650, 19.3041
2025-12-10 21:38:58, 0.0884120191, 0.0705790081, 0.0493863814, 0.0532247698, 2754.1111, 2758.6111, 769.9700, 17.9474
2025-12-10 21:39:04, 0.1142128544, 0.0774562533, 0.0574131918, 0.0603253524, 2669.4048, 2734.7857, 767.6550, 19.4647
2025-12-10 21:39:10, 0.0886780358, 0.0693390916, 0.0644274431, 0.0633741830, 2809.6207, 2766.3966, 765.7750, 19.1524
2025-12-10 21:39:16, 0.1023264013, 0.0814092473, 0.0658646807, 0.0693829117, 2868.1429, 2781.6939, 767.0350, 16.5905
2025-12-10 21:39:22, 0.0995688907, 0.0730293690, 0.0606755156, 0.0631007116, 2817.4808, 2810.7500, 764.0000, 19.0853
2025-12-10 21:39:28, 0.1019531070, 0.1170381243, 0.0406369067, 0.0436882650, 2907.8000, 2937.5556, 764.0000, 18.4383
2025-12-10 21:39:33, 0.0897979182, 0.1059655210, 0.0610499881, 0.0702788944, 2686.0417, 2631.4583, 763.4550, 18.5911
2025-12-10 21:39:39, 0.1169212928, 0.0868565300, 0.0685586292, 0.0713000356, 2769.2222, 2825.8889, 763.9700, 16.9020
2025-12-10 21:39:45, 0.1075251559, 0.0878631694, 0.0740774522, 0.0793753624, 2761.2241, 2790.0000, 761.6600, 19.7589
2025-12-10 21:39:50, 0.0737308587, 0.0876379142, 0.0741883614, 0.0833781325, 2577.5439, 2689.8947, 763.7200, 18.8868
2025-12-10 21:39:56, 0.1146285452, 0.1007449350, 0.0715822490, 0.0851650141, 2906.1538, 3002.1154, 765.4700, 17.0358
2025-12-10 21:40:02, 0.0790419717, 0.0686771975, 0.1187412373, 0.1030569344, 2953.6346, 2843.5769, 765.7450, 17.4837
2025-12-10 21:40:08, 0.0804156628, 0.0913793284, 0.1089524897, 0.0884575708, 3068.1186, 3029.3220, 762.9650, 18.2946
2025-12-10 21:40:13, 0.0992068050, 0.0998675772, 0.0718721858, 0.0603684149, 2683.7167, 2661.1333, 761.6200, 18.3789
2025-12-10 21:40:19, 0.1066091250, 0.0748363255, 0.0661044487, 0.0863995806, 2830.1148, 2915.3443, 761.4050, 17.8511
2025-12-10 21:40:25, 0.1209495024, 0.1019495268, 0.0608594967, 0.0552067548, 2899.9737, 2860.8421, 764.0600, 18.6694
2025-12-10 21:40:31, 0.1349412313, 0.1014314763, 0.0696743540, 0.0787926758, 2612.4107, 2678.0714, 761.6950, 18.8014
2025-12-10 21:40:37, 0.0884848893, 0.0797760845, 0.0659040668, 0.0685139043, 2630.9273, 2673.0000, 760.2400, 16.8503
2025-12-10 21:40:42, 0.1028351502, 0.1296684593, 0.1162655919, 0.1008076990, 2965.8696, 2937.0000, 760.2500, 17.3164
2025-12-10 21:40:48, 0.1076095944, 0.1203908026, 0.1102322252, 0.1176309353, 2868.2830, 2933.7925, 759.2700, 18.6884
2025-12-10 21:40:54, 0.0913740953, 0.0636902224, 0.0862633321, 0.1023299675, 2804.8163, 2797.3061, 760.9000, 19.0326
2025-12-10 21:41:00, 0.1043923455, 0.0891479598, 0.0799152554, 0.0743159246, 2623.8710, 2599.5645, 763.9250, 16.9142
2025-12-10 21:41:05, 0.0770223782, 0.0749975592, 0.1006410997, 0.1060779244, 2840.4615, 3130.4808, 762.0150, 18.8564
2025-12-10 21:41:11, 0.1199520956, 0.0704318236, 0.0705392344, 0.0572477301, 2836.8500, 2790.1333, 761.5550, 18.0562
2025-12-10 21:41:17, 0.1201910406, 0.0799770469, 0.0883227217, 0.1012807175, 2759.7000, 2854.6750, 761.3500, 19.5966
2025-12-10 21:41:22, 0.1025836269, 0.0981215702, 0.1166577388, 0.1023141850, 2619.5227, 2655.0682, 763.0950, 19.5519
2025-12-10 21:41:28, 0.1119847391, 0.0974388556, 0.1417890533, 0.1040674402, 2657.1852, 2696.2593, 761.4150, 19.2102
2025-12-10 21:41:34, 0.1153644820, 0.0918966207, 0.0940855861, 0.0754987017, 2886.8548, 2857.6935, 761.2900, 18.5371
2025-12-10 21:41:39, 0.0893332129, 0.0687443354, 0.0869010600, 0.1020860887, 2579.3200, 2710.3800, 761.3900, 19.2244
2025-12-10 21:41:45, 0.1386610397, 0.0985151955, 0.0791269925, 0.0756029155, 2719.9091, 2855.7273, 761.2050, 18.5036
2025-12-10 21:41:51, 0.1143147434, 0.1108065859, 0.1548827250, 0.2090986511, 2885.2045, 2887.2727, 762.7550, 18.0650
2025-12-10 21:41:57, 0.1084650112, 0.0949732183, 0.0947562484, 0.1006835353, 2428.0667, 2493.1556, 761.6850, 18.9361
2025-12-10 21:42:03, 0.0937563679, 0.0919067892, 0.1082936537, 0.1405556580, 2755.5091, 2887.9091, 757.0700, 19.9313
2025-12-10 21:42:09, 0.1072472238, 0.0848384294, 0.1224112917, 0.0997965463, 2727.1818, 2761.0909, 757.6800, 18.0709
2025-12-10 21:42:14, 0.1130399881, 0.0801590114, 0.0859934803, 0.0965509583, 2501.5106, 2521.1489, 762.7400, 19.9495
2025-12-10 21:42:20, 0.0750185266, 0.1039653786, 0.1053291221, 0.0766194817, 2770.5085, 2816.7119, 760.7700, 18.4154
2025-12-10 21:42:26, 0.0665199906, 0.0940793352, 0.0937240786, 0.0774570218, 2704.0196, 2730.3333, 762.9300, 18.3806
2025-12-10 21:42:31, 0.1124471810, 0.0800302154, 0.0920458068, 0.0762377254, 2827.1628, 2827.2326, 760.6100, 18.3338
2025-12-10 21:42:37, 0.1010691134, 0.1069764848, 0.1066213821, 0.1115419743, 2850.2075, 2949.3962, 760.7600, 18.2152
2025-12-10 21:42:43, 0.1046068756, 0.0903306937, 0.0676093321, 0.0702393190, 2753.3393, 2794.8036, 760.6550, 18.6257
2025-12-10 21:42:48, 0.1032441516, 0.0949707496, 0.0711341895, 0.0599869506, 2735.9545, 2724.0227, 759.7650, 19.2857
2025-12-10 21:42:54, 0.1588903589, 0.1240339185, 0.1062291009, 0.0879642439, 2860.4308, 2855.5385, 761.5400, 17.9460
2025-12-10 21:43:00, 0.1248982523, 0.1205530813, 0.0838759187, 0.0842737260, 2902.4727, 2908.4727, 761.1800, 19.8360
2025-12-10 21:43:06, 0.0988520543, 0.0839176253, 0.0634632507, 0.0697659534, 2860.3725, 2882.2745, 758.7850, 18.4656
2025-12-10 21:43:11, 0.1047487329, 0.1037852083, 0.0674608780, 0.1030741782, 2915.4043, 2936.6596, 758.8650, 18.4227
2025-12-10 21:43:17, 0.1034866287, 0.0976629062, 0.1469353600, 0.1147597833, 2890.6604, 2933.0000, 761.8900, 18.9876
2025-12-10 21:43:23, 0.0787627580, 0.0828002209, 0.1007236673, 0.1010169729, 2631.2075, 2713.7925, 760.0450, 18.4310
2025-12-10 21:43:29, 0.0834355835, 0.0897253013, 0.0658040041, 0.0780390507, 2909.2444, 2832.5111, 763.2250, 18.6157
2025-12-10 21:43:35, 0.1083540410, 0.0903185935, 0.1035244713, 0.0972139203, 2724.5932, 2721.5085, 765.1450, 19.2910
2025-12-10 21:43:40, 0.1152964127, 0.0877063099, 0.0832260877, 0.0741226846, 2505.7879, 2625.3636, 764.7000, 18.4035
2025-12-10 21:43:46, 0.0773986263, 0.0691300528, 0.0968286642, 0.1051258622, 2702.2545, 2767.3818, 764.0050, 21.0023
2025-12-10 21:43:52, 0.1492928768, 0.0940440640, 0.0746200209, 0.0634151502, 3007.8043, 3115.3261, 764.2800, 18.5235
2025-12-10 21:43:57, 0.1373083471, 0.0980514857, 0.0755021711, 0.1009589859, 2731.7609, 2817.9783, 764.1800, 19.1796
2025-12-10 21:44:03, 0.0966384356, 0.1099330498, 0.0800660496, 0.0854196982, 2698.5000, 2728.7586, 761.2700, 19.8698
2025-12-10 21:44:09, 0.0919818747, 0.0803309082, 0.1041039846, 0.0783911520, 2799.1404, 2723.2456, 760.8300, 18.9428
2025-12-10 21:44:14, 0.0970078702, 0.0912672638, 0.1071270626, 0.0764184105, 2870.0333, 2939.2167, 763.6950, 18.2352
2025-12-10 21:44:20, 0.0888989518, 0.0764672195, 0.0823514758, 0.0891579737, 2777.1224, 2835.1224, 760.6250, 16.4895
2025-12-10 21:44:26, 0.1510898242, 0.0978538924, 0.1083568901, 0.1169623155, 2841.6400, 2889.7400, 759.4700, 18.1912
2025-12-10 21:44:32, 0.0899839724, 0.0864217304, 0.0701523997, 0.0627564839, 2923.0784, 2931.8431, 762.5000, 17.5246
2025-12-10 21:44:37, 0.0796629457, 0.0627077988, 0.0815095930, 0.0679542923, 2800.4000, 2812.6000, 762.0250, 17.0606
2025-12-10 21:44:43, 0.1258458677, 0.0769317029, 0.0937664873, 0.1248162644, 2610.5593, 2696.7966, 762.1700, 17.0737
2025-12-10 21:44:49, 0.1005454287, 0.0935053407, 0.0850069124, 0.0748989593, 2729.5385, 2725.8308, 762.1200, 17.2379
2025-12-10 21:44:54, 0.1076652608, 0.0970544870, 0.1065253238, 0.0898966694, 2784.0204, 2769.2449, 763.1500, 18.2277
2025-12-10 21:45:00, 0.1162888825, 0.1048755241, 0.0672590923, 0.0627984382, 2632.3571, 2610.8571, 760.4300, 17.9757
2025-12-10 21:45:06, 0.1174800531, 0.1202452979, 0.0625873193, 0.0615924181, 2481.8205, 2642.0000, 762.7400, 20.0981
2025-12-10 21:45:12, 0.1147224759, 0.1311572547, 0.1068479180, 0.1221650465, 2808.5385, 2798.0385, 763.9300, 18.1905
2025-12-10 21:45:17, 0.0893544825, 0.1102514042, 0.0737168122, 0.0594476871, 2767.3000, 2883.6600, 764.4800, 21.2429
2025-12-10 21:45:23, 0.0634474975, 0.0843903893, 0.0465367313, 0.0535024365, 2677.9057, 2691.1887, 764.9450, 18.6135
2025-12-10 21:45:29, 0.0677436719, 0.0614909338, 0.0941139015, 0.1055134220, 2626.3036, 2782.2500, 762.4250, 19.5173
2025-12-10 21:45:35, 0.1010408616, 0.1071116529, 0.0778339322, 0.0736390852, 2748.9643, 2751.9464, 764.3750, 17.7849
2025-12-10 21:45:40, 0.1070116977, 0.1026459826, 0.0815976705, 0.1063000114, 2652.0167, 2746.7667, 763.3200, 18.1046
2025-12-10 21:45:46, 0.1207774378, 0.0973370428, 0.0587469006, 0.0553169255, 2625.0909, 2618.9773, 765.0850, 17.6090
2025-12-10 21:45:52, 0.0924841633, 0.0733118666, 0.0790494694, 0.0752905656, 2795.0000, 2704.2353, 767.1150, 18.1932
2025-12-10 21:45:57, 0.1111618403, 0.0830417881, 0.0869570300, 0.0821761910, 2933.3542, 2995.7708, 772.2350, 18.7238
2025-12-10 21:46:03, 0.0903553971, 0.0628314532, 0.0885987832, 0.1043686000, 2803.7143, 2818.3333, 771.6950, 18.4367
2025-12-10 21:46:09, 0.0692289901, 0.0768996492, 0.0627296202, 0.0790521230, 2794.1207, 2848.5690, 771.5100, 19.1416
2025-12-10 21:46:15, 0.1013836369, 0.0804276659, 0.1049936867, 0.0959033965, 2731.0769, 2772.9077, 769.5000, 18.2209
2025-12-10 21:46:20, 0.0907454242, 0.0795566620, 0.0651276752, 0.0494768414, 2502.2195, 2541.5122, 768.7550, 18.5258
2025-12-10 21:46:26, 0.0910896130, 0.0745767523, 0.0822784020, 0.1015128569, 2738.5000, 2709.3906, 768.5350, 18.4699
2025-12-10 21:46:32, 0.0843692116, 0.0821185820, 0.1080121330, 0.0836280116, 2945.5370, 2923.3519, 766.4250, 18.1891
2025-12-10 21:46:37, 0.0913599524, 0.0747834621, 0.0752518857, 0.0583925613, 2813.5510, 2775.4898, 766.2100, 16.9141
2025-12-10 21:46:43, 0.1374321637, 0.0760441673, 0.0566467418, 0.0525136474, 2758.7778, 2765.9111, 765.1100, 16.7284
2025-12-10 21:46:49, 0.0839120060, 0.0872706865, 0.0604052579, 0.0688306939, 2727.5370, 2786.7222, 766.8000, 18.9971
2025-12-10 21:46:54, 0.0715855194, 0.0640971507, 0.1248490954, 0.0868848009, 2785.7797, 2784.9661, 765.1300, 18.2264
2025-12-10 21:47:00, 0.0734660986, 0.0783126178, 0.0834842019, 0.0878154456, 2850.4595, 2911.7297, 767.4250, 17.1638
2025-12-10 21:47:06, 0.0776737085, 0.0816802925, 0.0720767602, 0.0685521026, 2735.9020, 2801.3529, 765.8650, 17.0627
2025-12-10 21:47:12, 0.0890450304, 0.0694337632, 0.0756052770, 0.0670365223, 2937.2222, 2968.4074, 764.6900, 17.2164
2025-12-10 21:47:18, 0.0721878448, 0.0655192203, 0.0867975781, 0.0901596502, 2942.3729, 2985.5254, 764.3700, 18.1470
2025-12-10 21:47:23, 0.0959269411, 0.0721257513, 0.0756753614, 0.0785931346, 2742.8750, 2709.4792, 763.5400, 16.7478
2025-12-10 21:47:29, 0.1085043084, 0.0918586437, 0.0757737056, 0.0769737079, 2806.4107, 2759.7679, 764.5400, 18.8602
2025-12-10 21:47:35, 0.0861014252, 0.0797951996, 0.0706817874, 0.0746568508, 2779.1957, 2820.2391, 763.1650, 18.6593
2025-12-10 21:47:41, 0.0809716952, 0.0598221906, 0.0955204967, 0.0860317233, 2595.4894, 2688.3830, 765.8800, 18.6948
2025-12-10 21:47:46, 0.0971428452, 0.0642264342, 0.0751535097, 0.0695808853, 2732.9778, 2632.8444, 764.5350, 18.4588
2025-12-10 21:47:52, 0.1110991017, 0.0739013404, 0.0445371574, 0.0584595677, 2736.0000, 2745.2241, 764.9050, 17.6860
2025-12-10 21:47:58, 0.1064095403, 0.0926486731, 0.0612781704, 0.0651532708, 2932.4833, 2935.6167, 764.4000, 18.4356
2025-12-10 21:48:03, 0.1153961810, 0.0787219641, 0.0633372987, 0.0802592638, 2710.7143, 2794.6122, 764.7300, 18.9623
2025-12-10 21:48:09, 0.0964046670, 0.0965896309, 0.0487540970, 0.0393171803, 2731.8596, 2733.2807, 764.3500, 17.6155
2025-12-10 21:48:15, 0.1190105949, 0.0993192258, 0.0652510486, 0.0621079814, 2850.1695, 2721.7458, 763.5600, 20.2634
2025-12-10 21:48:21, 0.1156701420, 0.0916946414, 0.0589334096, 0.0610972511, 2724.7031, 2697.3750, 769.1900, 20.0869
2025-12-10 21:48:26, 0.1212095132, 0.0883304978, 0.0352196103, 0.0352311638, 2903.3036, 2807.1786, 765.8000, 19.0528
2025-12-10 21:48:32, 0.0782862706, 0.0871104701, 0.0479867782, 0.0371763690, 2577.6429, 2548.8036, 762.2100, 18.8432
2025-12-10 21:48:38, 0.1522909212, 0.0850123457, 0.0485760363, 0.0527761498, 2835.9833, 2856.0833, 763.6000, 18.4543
2025-12-10 21:48:43, 0.0840043310, 0.0864058484, 0.0569188791, 0.0596931029, 2594.7885, 2596.8077, 763.4600, 19.0192
2025-12-10 21:48:49, 0.1016639533, 0.0938640316, 0.0515861195, 0.0713641953, 2734.7091, 2753.8000, 758.9100, 17.6842
2025-12-10 21:48:55, 0.0938970295, 0.1131026523, 0.1134645615, 0.1009546002, 2603.1129, 2646.2742, 760.9350, 19.1906
2025-12-10 21:49:01, 0.0893856951, 0.0651321457, 0.0842844214, 0.0940231038, 2675.9623, 2800.1132, 760.2100, 19.0692
2025-12-10 21:49:06, 0.1054992736, 0.1164884964, 0.0682694425, 0.0609143499, 2731.1250, 2693.8250, 763.2600, 19.6795
2025-12-10 21:49:12, 0.0799594615, 0.1072700494, 0.0658471058, 0.0516429657, 2871.6102, 2823.8136, 760.7800, 19.5026
2025-12-10 21:49:18, 0.0920124787, 0.0877250593, 0.0486944237, 0.0413430999, 2862.7083, 2784.9583, 760.8150, 16.9502
2025-12-10 21:49:24, 0.1087649207, 0.0848142091, 0.1095221907, 0.1025752689, 2835.0000, 2792.6667, 764.4850, 18.1094
2025-12-10 21:49:30, 0.1166169849, 0.1133987470, 0.0604758250, 0.0557130588, 2999.7292, 2952.7292, 763.8500, 18.4840
2025-12-10 21:49:35, 0.0827892782, 0.0813135866, 0.0810172708, 0.1059315857, 2809.5000, 2916.3542, 760.6300, 17.7981
2025-12-10 21:49:41, 0.1327437109, 0.1025015498, 0.0930348424, 0.0925172664, 2777.2857, 2787.5536, 761.8350, 19.1376
2025-12-10 21:49:47, 0.1475398074, 0.1042871127, 0.1027142475, 0.1514925463, 2829.2708, 2911.9583, 762.6300, 18.5317
2025-12-10 21:49:52, 0.1007310663, 0.0857224621, 0.0919197756, 0.0667699365, 2808.3962, 2684.9057, 761.5350, 19.1225
2025-12-10 21:49:58, 0.1291874815, 0.1123906420, 0.0729814914, 0.0669279666, 2886.2750, 2931.6750, 762.8400, 18.4045
2025-12-10 21:50:04, 0.1046953595, 0.1179293155, 0.0884527383, 0.0760697472, 2938.2963, 2795.3333, 768.0600, 18.6364
2025-12-10 21:50:09, 0.1200247954, 0.0914413441, 0.0338252071, 0.0337090184, 2788.9306, 2825.8611, 766.2650, 17.9876
2025-12-10 21:50:15, 0.0756507959, 0.0923353001, 0.0502044245, 0.0529163130, 2803.7143, 2904.4286, 760.9200, 19.4531
2025-12-10 21:50:21, 0.0854323036, 0.0995055912, 0.0868648023, 0.0632561699, 2795.3750, 2797.1094, 764.1900, 21.1356
2025-12-10 21:50:27, 0.1139157380, 0.0864694354, 0.0532466578, 0.0491529267, 2736.8571, 2725.5476, 768.4800, 18.3875
2025-12-10 21:50:32, 0.0750298650, 0.0695964208, 0.0515735880, 0.0431252313, 2648.2034, 2648.2203, 766.1050, 19.0217
2025-12-10 21:50:38, 0.0771428714, 0.0840015188, 0.0438785412, 0.0349043736, 2725.4340, 2731.9623, 770.7350, 18.2399
2025-12-10 21:50:44, 0.0680635668, 0.0793224001, 0.0795081952, 0.0849629666, 2877.0980, 2752.9608, 768.4850, 20.2225
2025-12-10 21:50:49, 0.0740844960, 0.0769276813, 0.1056692088, 0.0847205013, 2783.7407, 2740.7963, 767.2000, 20.4137
2025-12-10 21:50:55, 0.0854938652, 0.0780187695, 0.0500986060, 0.0664102910, 2880.1875, 3026.1042, 763.5150, 18.8274
2025-12-10 21:51:01, 0.0745277416, 0.0658408406, 0.0505214109, 0.0519059460, 2686.7308, 2729.5000, 764.4800, 18.2387
2025-12-10 21:51:06, 0.0758149086, 0.0810041450, 0.0574644557, 0.0427941588, 2726.4545, 2703.5909, 765.5550, 16.9416
2025-12-10 21:51:12, 0.0822653623, 0.0749044532, 0.0774421256, 0.0591023049, 2905.4000, 3029.4000, 761.0400, 16.9558
2025-12-10 21:51:18, 0.0945065563, 0.0869641030, 0.0647089319, 0.0554531088, 2781.3333, 2838.6111, 761.6000, 18.7430
2025-12-10 21:51:23, 0.1014280803, 0.0814866372, 0.0579448653, 0.0887287086, 2770.3529, 2714.5490, 761.7250, 17.6550
2025-12-10 21:51:29, 0.1282869217, 0.1153852818, 0.0485657451, 0.0559447285, 2783.6721, 2781.6393, 763.0400, 18.7189
2025-12-10 21:51:35, 0.1250953352, 0.0900714817, 0.0556643307, 0.0492352083, 2929.3030, 2848.5000, 763.6850, 17.9877
2025-12-10 21:51:41, 0.0876815132, 0.0955517625, 0.0712180663, 0.0662026754, 3051.5000, 3005.4265, 762.2950, 17.1400
2025-12-10 21:51:46, 0.1167285192, 0.1065593507, 0.0512162939, 0.0435347468, 2807.3099, 2788.6056, 763.6800, 17.7183
2025-12-10 21:51:52, 0.1013513107, 0.0896072588, 0.0798072937, 0.0612854098, 2889.0769, 2837.3462, 760.6350, 17.8671
2025-12-10 21:51:58, 0.0650409372, 0.0673563204, 0.0715739359, 0.0729732754, 2769.0806, 2751.0323, 760.2250, 18.7049
2025-12-10 21:52:03, 0.1590497549, 0.0853479760, 0.0576457518, 0.0462719313, 2789.4697, 2746.4848, 759.1550, 17.3049
2025-12-10 21:52:09, 0.0939913185, 0.0785197628, 0.0514279908, 0.0586094280, 2916.2245, 2857.2041, 760.1100, 19.2587
2025-12-10 21:52:15, 0.1041826696, 0.0804022200, 0.0702135112, 0.0604206301, 2949.7000, 2915.3000, 761.6700, 18.4185
2025-12-10 21:52:20, 0.1069351043, 0.1064923801, 0.0628282829, 0.0593817687, 3042.9636, 2978.5818, 758.6800, 19.4218
2025-12-10 21:52:26, 0.0757077328, 0.0729276207, 0.0657224275, 0.0566695338, 2813.1481, 2867.2593, 760.3250, 17.1645
2025-12-10 21:52:32, 0.1251151487, 0.0795078440, 0.0605707836, 0.0716326902, 2880.8125, 2880.3125, 768.2550, 18.9520
2025-12-10 21:52:38, 0.0904110748, 0.0909030468, 0.0989736587, 0.0770531709, 2934.8148, 2910.2037, 768.1650, 17.8641
2025-12-10 21:52:44, 0.0735769887, 0.0697103766, 0.0749677753, 0.0744807588, 2926.2333, 2907.7833, 767.7600, 19.4908
2025-12-10 21:52:50, 0.1154819502, 0.1151058166, 0.0537012335, 0.0612056714, 2907.5094, 2841.7547, 769.4800, 20.0322
2025-12-10 21:52:55, 0.0763150583, 0.0911089169, 0.0437529662, 0.0269693291, 2696.5741, 2663.6667, 767.7100, 19.5726
2025-12-10 21:53:01, 0.1036313023, 0.0954644659, 0.0601042750, 0.0568940798, 2782.1316, 2745.5263, 763.7200, 17.3223
2025-12-10 21:53:07, 0.0867648679, 0.0895923475, 0.0808143488, 0.0690682803, 2762.9074, 2711.4815, 770.2550, 19.0284
2025-12-10 21:53:13, 0.1164855155, 0.0727142907, 0.0704018764, 0.0664555508, 2871.1220, 2831.7805, 768.8400, 18.9698
2025-12-10 21:53:18, 0.0797425112, 0.0737975660, 0.0581381825, 0.0627124550, 2764.2041, 2785.0204, 765.9450, 18.7115
2025-12-10 21:53:24, 0.0937310719, 0.0852990607, 0.0906699541, 0.0930660997, 2861.9623, 2874.4906, 772.0150, 20.4283
2025-12-10 21:53:30, 0.1172435230, 0.0981244255, 0.0960609357, 0.0638049187, 2886.4237, 2897.1525, 773.4050, 19.5187
2025-12-10 21:53:36, 0.1473380766, 0.1170318441, 0.0670415624, 0.0521495702, 2881.8723, 2903.5957, 772.3050, 19.8177
2025-12-10 21:53:42, 0.1715967694, 0.1041073411, 0.0582875724, 0.0441742003, 2883.2857, 2730.8429, 772.9250, 20.1288
2025-12-10 21:53:47, 0.1590403159, 0.1446867316, 0.0653701563, 0.0529751306, 2784.0000, 2816.4203, 771.0550, 18.4519
2025-12-10 21:53:53, 0.1144685010, 0.0863054345, 0.0625777041, 0.0616042476, 2982.8824, 3082.5098, 764.2100, 16.7163
2025-12-10 21:53:59, 0.1175049354, 0.1322316138, 0.0459191364, 0.0491444623, 2738.1364, 2758.0227, 767.6450, 18.3913
2025-12-10 21:54:04, 0.1194055473, 0.1186631559, 0.0427741974, 0.0271554925, 2864.6545, 2859.3636, 769.1250, 19.0756
2025-12-10 21:54:10, 0.1400286747, 0.1095574273, 0.0906205395, 0.0704357458, 2931.3000, 2831.6600, 762.5800, 19.6279
2025-12-10 21:54:16, 0.1175908577, 0.1093746552, 0.0478788235, 0.0660893218, 2612.2958, 2726.9577, 765.0050, 18.9297
2025-12-10 21:54:21, 0.1165525779, 0.1027096867, 0.0488711658, 0.0705872697, 2751.3333, 2744.7407, 763.8350, 18.4398
2025-12-10 21:54:27, 0.1311616824, 0.1236821990, 0.0695708442, 0.0478130908, 2830.5581, 2766.2558, 760.3500, 19.5588
2025-12-10 21:54:33, 0.1239587426, 0.1083214586, 0.0672305323, 0.0653251819, 2836.4667, 2712.0333, 764.5800, 19.2848
2025-12-10 21:54:39, 0.1382743945, 0.1120049587, 0.0668569260, 0.0650683982, 2877.1552, 2809.1897, 760.1700, 18.1987
2025-12-10 21:54:45, 0.1695063636, 0.1312869591, 0.0582938383, 0.0738199051, 2804.3409, 2888.6591, 761.9250, 17.5174
2025-12-10 21:54:50, 0.1103308988, 0.0767674775, 0.0576032064, 0.0481366303, 2766.3036, 2587.9107, 760.5550, 18.1079
2025-12-10 21:54:56, 0.1236357781, 0.1220781301, 0.0758460177, 0.0727161613, 2815.7170, 2702.9057, 761.4200, 17.1039
2025-12-10 21:55:02, 0.1196090366, 0.1144037089, 0.0508064204, 0.0473174041, 2669.5000, 2727.7115, 756.5050, 19.3941
2025-12-10 21:55:08, 0.1407671405, 0.1180882159, 0.0555965377, 0.0536801380, 2771.2000, 2797.2167, 756.1800, 18.5991
2025-12-10 21:55:13, 0.0957651877, 0.0846055663, 0.0481171022, 0.0304658271, 2850.2800, 2840.6200, 762.6550, 18.5727
2025-12-10 21:55:19, 0.1445904371, 0.0851433271, 0.0450794648, 0.0387412036, 2650.1489, 2698.7234, 756.9950, 17.1629
2025-12-10 21:55:25, 0.1434878210, 0.1092271366, 0.0628517575, 0.0512548138, 2897.9130, 2884.6304, 758.5900, 19.6337
2025-12-10 21:55:31, 0.0982412834, 0.0809680734, 0.0847933988, 0.0724725631, 2908.0615, 2803.0615, 755.8850, 18.4568
2025-12-10 21:55:36, 0.1008115465, 0.1010206089, 0.0942832074, 0.0727057097, 2709.0000, 2704.2979, 759.0300, 18.8512
2025-12-10 21:55:42, 0.1017139522, 0.0788489568, 0.0740524003, 0.0929524894, 2821.4386, 2794.7018, 757.6850, 17.4073
2025-12-10 21:55:48, 0.1220947721, 0.1084466725, 0.0438945019, 0.0547076197, 2896.9216, 2981.9020, 756.3050, 15.7522
2025-12-10 21:55:54, 0.0986249942, 0.0942905556, 0.0669447482, 0.0671255817, 2939.2000, 2913.0400, 759.4250, 18.9371
2025-12-10 21:55:59, 0.0939657292, 0.0945579226, 0.0700319968, 0.0581519920, 2976.5000, 2976.9808, 758.6600, 19.2280
2025-12-10 21:56:05, 0.1313367887, 0.0764313211, 0.0594936078, 0.0727233988, 2684.7656, 2764.3906, 758.3300, 18.6800
2025-12-10 21:56:11, 0.1268547448, 0.1017097663, 0.0690336390, 0.0480607584, 2884.0750, 2894.5250, 759.1400, 17.3439
2025-12-10 21:56:17, 0.1407709672, 0.0990321488, 0.0588261458, 0.0444361656, 2951.5200, 2852.4267, 758.6800, 19.1723
2025-12-10 21:56:23, 0.1478262293, 0.1081367135, 0.0436161288, 0.0548427301, 2642.7547, 2616.0755, 758.4350, 19.4339
2025-12-10 21:56:28, 0.0919819317, 0.1063767176, 0.0615740300, 0.0722047248, 2735.2131, 2727.0328, 756.6850, 17.7729
2025-12-10 21:56:34, 0.1187154675, 0.0983328905, 0.0642883643, 0.0495808296, 2810.1525, 2750.7797, 756.5850, 19.3609
2025-12-10 21:56:40, 0.1664374178, 0.1135961961, 0.0353145412, 0.0335237925, 2770.6944, 2880.2500, 756.3600, 17.4316
2025-12-10 21:56:46, 0.0985897001, 0.0972446184, 0.0609118547, 0.0560623800, 2815.5893, 2721.0893, 757.4150, 17.0559
2025-12-10 21:56:51, 0.0852811946, 0.1053920164, 0.0636141352, 0.0486441007, 2820.7778, 2743.4286, 756.9150, 18.8286
2025-12-10 21:56:57, 0.0748332676, 0.0762316748, 0.0658904505, 0.0734972694, 2892.4355, 2840.6452, 760.2900, 18.3681
2025-12-10 21:57:03, 0.0834610983, 0.0833714700, 0.0550021435, 0.0539618093, 2809.2069, 2862.2414, 760.7000, 19.7876
2025-12-10 21:57:09, 0.0783328504, 0.0883325313, 0.0606093928, 0.0707394935, 2789.2143, 2760.3036, 758.2650, 19.6737
2025-12-10 21:57:15, 0.0848605751, 0.0899311337, 0.0721725869, 0.0688007731, 2854.5231, 2725.3077, 758.9550, 18.3337
2025-12-10 21:57:20, 0.0986799526, 0.0775895258, 0.0981653975, 0.0829309316, 2764.3462, 2729.9231, 761.4150, 17.9906
2025-12-10 21:57:26, 0.1065096767, 0.1044920936, 0.0806221213, 0.0665666709, 2936.3529, 2944.0784, 761.6950, 18.0613
2025-12-10 21:57:32, 0.0997246081, 0.0818438172, 0.1020705751, 0.0972682765, 2686.1538, 2637.2500, 761.0250, 17.9851
2025-12-10 21:57:37, 0.1054596456, 0.0959323306, 0.0773673328, 0.0918998631, 2953.8837, 2911.9302, 762.6900, 19.3921
2025-12-10 21:57:43, 0.1346217055, 0.1239130315, 0.0722650424, 0.0817298881, 2811.6957, 2847.4565, 762.4850, 19.4322
2025-12-10 21:57:49, 0.1044366528, 0.0924601421, 0.0856726710, 0.0904570287, 2778.9783, 2851.8261, 762.5350, 18.8693
2025-12-10 21:57:55, 0.1000248698, 0.0904783642, 0.0641048126, 0.0723423472, 2876.4490, 2835.7551, 765.0050, 20.3650
2025-12-10 21:58:00, 0.0618369502, 0.0769932192, 0.0733383345, 0.0876800806, 2831.1429, 2964.7347, 765.4150, 18.4470
2025-12-10 21:58:06, 0.1017951058, 0.0803504783, 0.1053573164, 0.1053950785, 2752.5278, 2757.7500, 764.9000, 19.2720
2025-12-10 21:58:12, 0.0727812487, 0.0860580575, 0.1037720801, 0.1181760069, 2836.4314, 2824.8431, 767.3500, 19.3618
2025-12-10 21:58:17, 0.1056396318, 0.0831062270, 0.0626653879, 0.0831885371, 2710.8276, 2848.3103, 765.2400, 18.4941
2025-12-10 21:58:23, 0.0746877291, 0.0887061138, 0.0671301961, 0.0817717785, 2849.6538, 2819.8654, 765.7850, 18.8236
2025-12-10 21:58:29, 0.0768624429, 0.0699080145, 0.0637545029, 0.0609902649, 2896.1852, 2776.7593, 763.4350, 17.5675
2025-12-10 21:58:34, 0.0714539520, 0.0734765354, 0.0987785712, 0.1015578004, 2749.8103, 2742.4655, 763.8550, 19.2014
2025-12-10 21:58:40, 0.1278857158, 0.0788856631, 0.1253040475, 0.0827153270, 2821.4255, 2878.3830, 764.0200, 18.3177
2025-12-10 21:58:46, 0.0970549602, 0.0828740247, 0.0802667488, 0.0594026747, 2870.9643, 2971.8750, 763.6700, 17.7398
2025-12-10 21:58:52, 0.1491682663, 0.1013003606, 0.0597418275, 0.0676522498, 3046.2500, 2870.7955, 765.0200, 17.9282
2025-12-10 21:58:57, 0.1213945672, 0.1102149892, 0.0538276057, 0.0507678936, 2752.1111, 2660.3889, 761.0250, 16.9686
2025-12-10 21:59:03, 0.1144713461, 0.0834375056, 0.0381376739, 0.0436052331, 2699.2075, 2705.7358, 764.4950, 16.5415
2025-12-10 21:59:09, 0.1017145661, 0.0916101468, 0.0692053478, 0.0656758845, 2870.7742, 2779.1774, 766.8250, 16.6474
2025-12-10 21:59:14, 0.1234225459, 0.0931377362, 0.0737002154, 0.0485921821, 2792.8837, 2706.7209, 764.4650, 18.2847
2025-12-10 21:59:20, 0.1339323767, 0.0986879108, 0.0906627716, 0.0865560501, 2798.0851, 2822.2340, 764.0550, 17.7057
2025-12-10 21:59:26, 0.0937884961, 0.0979495831, 0.0611606959, 0.0777243711, 2832.8654, 2829.1731, 764.2500, 16.9728
2025-12-10 21:59:32, 0.1150492793, 0.1187298239, 0.0881445728, 0.0809972567, 2894.1795, 2816.5641, 762.0700, 20.0169
2025-12-10 21:59:37, 0.1116386938, 0.0866000010, 0.0541015856, 0.0584542747, 2880.6032, 2788.1746, 760.5800, 18.7602
2025-12-10 21:59:43, 0.0824991380, 0.0741713111, 0.0536869874, 0.0405117879, 2492.1224, 2463.2245, 762.8250, 17.8206
2025-12-10 21:59:49, 0.1016329972, 0.0850806071, 0.1097504620, 0.0739992439, 2676.6346, 2740.2885, 760.5200, 19.0216
2025-12-10 21:59:55, 0.1096831344, 0.0993416416, 0.0914507378, 0.0559720051, 2879.0204, 2878.8776, 761.9300, 18.1509
2025-12-10 22:00:00, 0.0978302986, 0.1072389933, 0.0691006198, 0.0591201881, 2783.4615, 2728.0962, 765.3800, 20.1449
2025-12-10 22:00:06, 0.1280546090, 0.0961203801, 0.0933833031, 0.0499045560, 3155.8333, 3197.9000, 762.6900, 19.2430
2025-12-10 22:00:11, 0.1011592986, 0.1029516524, 0.0665046658, 0.0680526177, 2755.5690, 2791.6379, 762.8450, 18.6856
2025-12-10 22:00:17, 0.0980085061, 0.1021508609, 0.0614164719, 0.0647229081, 2831.3774, 2861.1698, 761.3500, 20.8652
2025-12-10 22:00:23, 0.1506161964, 0.1292673096, 0.0829450997, 0.0704336242, 2912.0909, 2965.2273, 763.7200, 18.7593
2025-12-10 22:00:29, 0.1425155318, 0.1215733196, 0.0635856186, 0.0559798834, 2562.4231, 2541.5192, 762.9850, 17.2562
2025-12-10 22:00:35, 0.1103923281, 0.0935054945, 0.0742258170, 0.0518537469, 3003.9024, 2809.1463, 764.1050, 17.7168
2025-12-10 22:00:40, 0.1453478629, 0.1446452063, 0.0716592465, 0.0571552247, 2744.9074, 2689.6111, 766.3900, 18.5380
2025-12-10 22:00:46, 0.0942239287, 0.0722588761, 0.0731498583, 0.0547484253, 2948.1818, 2798.4364, 762.2050, 19.0277
2025-12-10 22:00:51, 0.1065781560, 0.0824544496, 0.0860230744, 0.0725171956, 3012.7414, 2971.1207, 766.4800, 17.5251
2025-12-10 22:00:57, 0.1132849413, 0.0922841292, 0.0767269478, 0.0582727953, 2823.0877, 2744.1579, 765.3100, 17.5061
2025-12-10 22:01:03, 0.1023711758, 0.1091472353, 0.0770276675, 0.0670652134, 2714.5660, 2682.2453, 765.9550, 18.1962
2025-12-10 22:01:09, 0.1119033951, 0.1142907071, 0.0426554582, 0.0412125257, 2855.3846, 2865.5769, 764.8300, 18.8125
2025-12-10 22:01:15, 0.0939989359, 0.0994344620, 0.1054338713, 0.1056033343, 2690.5111, 2684.4444, 764.6750, 18.8809
2025-12-10 22:01:20, 0.1359872359, 0.0875235205, 0.1055986372, 0.1029825726, 2826.0175, 2766.0351, 765.3950, 18.5817
2025-12-10 22:01:26, 0.1211302499, 0.1183011174, 0.0851157869, 0.0779095092, 2618.2653, 2733.8571, 762.4250, 18.2262
2025-12-10 22:01:32, 0.1077121222, 0.1034371280, 0.0676667482, 0.0620158902, 2900.2034, 2871.3051, 763.1200, 15.7434
2025-12-10 22:01:37, 0.1929765303, 0.1396693590, 0.0841007458, 0.1081971892, 2848.3571, 2964.0952, 762.4250, 18.8437
2025-12-10 22:01:43, 0.0864841671, 0.1216817500, 0.0707888611, 0.0689140885, 2888.8235, 2826.5490, 762.5600, 17.4770
2025-12-10 22:01:49, 0.1168375735, 0.0996748645, 0.1066764712, 0.1093763843, 2860.8308, 2842.8308, 762.4450, 18.2106
2025-12-10 22:01:54, 0.1134635935, 0.0765023267, 0.0724273633, 0.0708142770, 2791.2250, 2856.4500, 762.2650, 18.8593
2025-12-10 22:02:00, 0.0929300394, 0.0862947747, 0.0769069146, 0.0562807877, 2779.5873, 2696.4286, 760.5500, 18.2496
2025-12-10 22:02:06, 0.1399754963, 0.0970084973, 0.0813058003, 0.0734635859, 2727.5000, 2691.6333, 762.8850, 17.6554
2025-12-10 22:02:12, 0.1654824137, 0.1362012293, 0.0737731733, 0.0704299114, 2801.7692, 2837.2885, 762.0550, 18.7742
2025-12-10 22:02:17, 0.1315807774, 0.1079872578, 0.0716303245, 0.0693236011, 2993.3929, 2960.9107, 758.1750, 18.5266
2025-12-10 22:02:23, 0.1238210111, 0.0993887875, 0.0846259589, 0.0768212078, 2666.1569, 2713.0392, 757.3950, 18.4580
2025-12-10 22:02:29, 0.0914374805, 0.0827938562, 0.0524547424, 0.0615142977, 2894.5882, 2873.7647, 755.4950, 18.4681
2025-12-10 22:02:34, 0.1170210971, 0.0917274420, 0.0688062047, 0.0755831652, 2817.0952, 2782.5238, 761.2850, 17.4305
2025-12-10 22:02:40, 0.1153320373, 0.1048687128, 0.0791973334, 0.0894642719, 2804.5938, 2833.5781, 759.5050, 19.2281
2025-12-10 22:02:46, 0.1355124900, 0.0909981778, 0.0825037166, 0.1048005933, 2721.5811, 2841.7162, 760.4000, 18.4204
2025-12-10 22:02:52, 0.0941407818, 0.1144225830, 0.0606324095, 0.0488157921, 2863.3636, 2904.5152, 760.5600, 18.8620
2025-12-10 22:02:57, 0.1033079677, 0.0792556722, 0.0518515340, 0.0501097495, 2878.3393, 2795.4286, 762.1800, 17.5581
2025-12-10 22:03:03, 0.1062055967, 0.1359095470, 0.0706075450, 0.0819660862, 2919.7458, 2963.0339, 761.1200, 18.6270
2025-12-10 22:03:09, 0.0718029788, 0.0860419922, 0.0785599074, 0.0611674433, 2770.7273, 2793.7273, 758.1450, 17.9018
2025-12-10 22:03:14, 0.0931701070, 0.0814774004, 0.0776172589, 0.0663465748, 2781.4219, 2766.4531, 757.3300, 17.8449
2025-12-10 22:03:20, 0.1079097891, 0.1217462238, 0.0715459772, 0.0520437697, 3011.3333, 3007.6111, 758.1600, 18.4723
2025-12-10 22:03:26, 0.1122849878, 0.1489111638, 0.0619622686, 0.0706530297, 2872.9091, 2866.9273, 758.7550, 19.6215
2025-12-10 22:03:32, 0.1487210962, 0.1229187282, 0.0724550715, 0.0416197461, 2558.9649, 2484.3333, 757.8200, 17.5253
2025-12-10 22:03:37, 0.1344721816, 0.1222239808, 0.0605117497, 0.0641973801, 2504.2051, 2628.9744, 759.6400, 17.4617
2025-12-10 22:03:43, 0.1029710227, 0.1060557438, 0.0807641308, 0.0843074982, 2896.7288, 2864.7797, 760.1350, 18.5455
2025-12-10 22:03:49, 0.1316105882, 0.1103050324, 0.0570732852, 0.0670187471, 2531.3673, 2632.4898, 759.7050, 17.1257
2025-12-10 22:03:54, 0.1007918161, 0.1072268930, 0.0954684696, 0.0990243108, 2906.7234, 2980.9787, 761.9200, 17.9386
2025-12-10 22:04:00, 0.1083654486, 0.0746398587, 0.1056485963, 0.0936365079, 2663.5490, 2673.3725, 761.6550, 17.6764
2025-12-10 22:04:06, 0.1444944365, 0.1060827252, 0.1092281928, 0.0924279057, 3161.4000, 2985.4667, 763.6950, 19.3701
2025-12-10 22:04:11, 0.0959660890, 0.0814996465, 0.0488789751, 0.0521607117, 2850.1600, 2806.1400, 763.5750, 17.0107
2025-12-10 22:04:17, 0.0757504848, 0.0750352005, 0.0817745597, 0.0822849629, 2894.8000, 2787.2000, 762.4300, 16.4148
2025-12-10 22:04:23, 0.0816819438, 0.0978066393, 0.0670713919, 0.0703872881, 2824.5283, 2846.5472, 761.8650, 17.4329
2025-12-10 22:04:29, 0.1095522940, 0.0946465053, 0.1210526292, 0.1171222440, 2870.7800, 2844.9000, 762.1400, 18.6580
2025-12-10 22:04:35, 0.1278565933, 0.1073921907, 0.0994633599, 0.0817850494, 2869.7719, 2779.3509, 761.0300, 16.7779
2025-12-10 22:04:40, 0.1170266890, 0.1017269825, 0.1050674159, 0.1053189546, 2737.0652, 2820.7826, 762.0050, 18.1586
2025-12-10 22:04:46, 0.1312017939, 0.1335262350, 0.0720360485, 0.0636879296, 2788.8852, 2698.2295, 762.3300, 18.6070
2025-12-10 22:04:52, 0.1363317916, 0.0735888889, 0.0856344170, 0.0670829048, 2683.7727, 2640.3409, 761.6750, 18.5381
2025-12-10 22:04:57, 0.0976118754, 0.0846197016, 0.0828385105, 0.0941047462, 3174.3220, 3023.9661, 761.6400, 18.5205
2025-12-10 22:05:03, 0.1506255109, 0.1122170095, 0.0869560539, 0.0692739015, 2509.1800, 2398.9800, 761.5400, 17.6963
2025-12-10 22:05:09, 0.1175184993, 0.1014934648, 0.0758886135, 0.0822512571, 2991.8571, 2964.8889, 761.9600, 18.8637
2025-12-10 22:05:15, 0.0967889455, 0.0832124225, 0.0837453499, 0.0963909845, 2707.8871, 2667.6613, 760.9400, 18.1209
2025-12-10 22:05:20, 0.1118958698, 0.0997223275, 0.0643410658, 0.0814439819, 2673.5122, 2591.5854, 761.8550, 17.1340
2025-12-10 22:05:26, 0.1366573675, 0.1330233732, 0.0633173868, 0.0723748590, 2671.6471, 2625.4902, 763.9700, 19.3889
2025-12-10 22:05:32, 0.1059363007, 0.1049131069, 0.0866375407, 0.0718374113, 2787.3265, 2817.5714, 764.1000, 16.8407
2025-12-10 22:05:38, 0.1409270451, 0.1291450929, 0.1043327721, 0.1036832149, 3064.5682, 2954.9091, 765.1050, 17.0142
2025-12-10 22:05:43, 0.1389235891, 0.1127085905, 0.1205176453, 0.1040593413, 3179.5273, 3103.8364, 762.2650, 18.8248
2025-12-10 22:05:49, 0.1171404824, 0.0916687272, 0.0892369417, 0.0854324343, 2783.3542, 2877.0208, 763.2400, 19.2352
2025-12-10 22:05:54, 0.0826533126, 0.0922241883, 0.0896059990, 0.0928257488, 2874.8511, 2897.6383, 764.9150, 17.9373
2025-12-10 22:06:00, 0.1011607648, 0.0904411728, 0.0822942749, 0.0753479974, 2720.6545, 2727.2000, 765.6250, 17.0668
2025-12-10 22:06:06, 0.0843374856, 0.1060000808, 0.0828829936, 0.0446964765, 2789.3269, 2814.9038, 763.5900, 18.1954
2025-12-10 22:06:12, 0.1316283634, 0.0911276367, 0.0698271797, 0.0653152395, 2993.9825, 2977.8070, 765.3400, 18.1004
2025-12-10 22:06:17, 0.1064421509, 0.1299270976, 0.0699592432, 0.0982910960, 2727.9583, 2849.7292, 765.3200, 17.4433
2025-12-10 22:06:23, 0.1382995822, 0.1123641518, 0.1089851461, 0.0882047891, 2889.9348, 2892.1304, 761.6900, 17.6049
2025-12-10 22:06:29, 0.1860357295, 0.1195872894, 0.0853822010, 0.0746047489, 2977.3023, 2818.6512, 760.9300, 19.4878
2025-12-10 22:06:34, 0.1785259202, 0.1271927747, 0.0787190953, 0.0418024249, 2823.0351, 2772.2105, 760.2600, 17.9709
2025-12-10 22:06:40, 0.1043675129, 0.0906505338, 0.0992527671, 0.0837836638, 2801.4915, 2831.1356, 762.0300, 18.8475
2025-12-10 22:06:46, 0.1014638607, 0.0727246533, 0.0783443691, 0.1080467341, 3010.8333, 2986.4048, 759.7600, 17.5565
2025-12-10 22:06:52, 0.0980119980, 0.1098681668, 0.0673079389, 0.0837024362, 2501.7447, 2524.1915, 763.9800, 20.4524
2025-12-10 22:06:58, 0.1115715622, 0.0942939673, 0.1453006175, 0.1251719342, 3024.5833, 2894.2167, 765.5600, 18.3536
2025-12-10 22:07:03, 0.1516301528, 0.1146542733, 0.0818127165, 0.0730412417, 2918.2333, 2880.0333, 758.7350, 18.9495
2025-12-10 22:07:09, 0.1036373877, 0.1097577876, 0.0744069516, 0.0808160309, 2872.2000, 2849.6000, 754.3150, 19.3855
2025-12-10 22:07:15, 0.1342822981, 0.1352692305, 0.0744244427, 0.0679529780, 2578.7872, 2600.2128, 764.8050, 18.7165
2025-12-10 22:07:21, 0.1048123811, 0.1006452142, 0.0547205483, 0.0620213169, 2720.9412, 2695.9216, 764.3700, 22.6153
2025-12-10 22:07:27, 0.0927387688, 0.0824490442, 0.0551279527, 0.0625359634, 2746.2055, 2739.8082, 765.6950, 20.5636
2025-12-10 22:07:32, 0.1549609096, 0.1128065480, 0.0682135761, 0.0621623837, 2905.7273, 2852.5455, 761.2150, 20.4992
2025-12-10 22:07:38, 0.0797518032, 0.0981314920, 0.1036447186, 0.0969841094, 2911.0000, 2838.7368, 768.2200, 19.0767
2025-12-10 22:07:44, 0.1474176356, 0.1085462110, 0.0596975621, 0.0530519045, 2673.8167, 2504.4833, 767.6100, 19.4226
2025-12-10 22:07:49, 0.0727278645, 0.0680644420, 0.1049761341, 0.0716839587, 2873.2857, 2855.5397, 764.7050, 21.2205
2025-12-10 22:07:55, 0.1253602833, 0.0991048071, 0.0713669012, 0.0614114073, 2826.7869, 2778.2787, 763.1350, 20.4171
2025-12-10 22:08:01, 0.1372864480, 0.1138639564, 0.0530788043, 0.0638217480, 2701.7736, 2731.0377, 764.3000, 20.4824
2025-12-10 22:08:06, 0.1240806180, 0.0894485182, 0.0762738045, 0.0598656720, 2673.5000, 2722.3000, 769.6650, 17.7187
2025-12-10 22:08:12, 0.1072347700, 0.1041783387, 0.0825709307, 0.0678645825, 2988.5319, 2863.0213, 766.0900, 20.3561
2025-12-10 22:08:19, 0.0922252309, 0.1244091026, 0.0448585436, 0.0533848574, 2885.7556, 2878.4222, 769.1800, 18.1975
2025-12-10 22:08:24, 0.1332021919, 0.1011759737, 0.0719235368, 0.0687654883, 2876.7105, 2883.0921, 769.4950, 18.4681
2025-12-10 22:08:30, 0.0728691280, 0.0587742572, 0.0586197428, 0.0736987427, 2821.1698, 2764.1509, 770.4300, 17.5566
2025-12-10 22:08:36, 0.0963305276, 0.0961292044, 0.0626951368, 0.0522571776, 2961.3830, 2913.3830, 767.1350, 19.3113
2025-12-10 22:08:41, 0.0674495277, 0.0587560866, 0.1244229178, 0.1244132127, 2833.4444, 2884.4259, 767.7400, 19.7809
2025-12-10 22:08:47, 0.0790461352, 0.0726918226, 0.1169222249, 0.1113731654, 2882.6296, 2908.3704, 766.3050, 19.4122
2025-12-10 22:08:53, 0.0965861992, 0.0976246041, 0.0959845005, 0.1086180743, 2613.9444, 2631.0139, 767.8050, 19.5240
2025-12-10 22:08:58, 0.1244874533, 0.1062223457, 0.0839725747, 0.0704491867, 2884.3250, 2926.4000, 767.4400, 18.4517
2025-12-10 22:09:04, 0.1284988256, 0.1020607350, 0.0988603419, 0.0824085758, 2768.0625, 2795.5156, 767.6950, 17.9976
2025-12-10 22:09:10, 0.1025321697, 0.0958134556, 0.1087596703, 0.1071554684, 2924.6271, 2939.5085, 767.7200, 18.4654
2025-12-10 22:09:15, 0.1445762921, 0.0739733223, 0.1216276220, 0.1026164610, 2704.0909, 2652.4318, 768.0850, 17.8585
2025-12-10 22:09:21, 0.1210901110, 0.0858618729, 0.1249203805, 0.0946966371, 3001.0000, 2971.4643, 769.0450, 18.3734
2025-12-10 22:09:27, 0.0751911423, 0.0693616275, 0.0769484691, 0.1069977903, 2638.1224, 2780.9184, 766.3150, 19.2716
2025-12-10 22:09:33, 0.0773374502, 0.0619136363, 0.0423405783, 0.0633787620, 2580.5833, 2672.3958, 765.9400, 19.0593
2025-12-10 22:09:38, 0.1034805523, 0.0707988766, 0.0668301300, 0.0514448591, 2693.9556, 2681.3778, 764.4300, 19.2009
2025-12-10 22:09:44, 0.0781755536, 0.0713906322, 0.0967691471, 0.0792734471, 2787.3265, 2827.2449, 769.3800, 16.3770
2025-12-10 22:09:50, 0.0809496327, 0.0835736364, 0.1269971062, 0.1195328071, 2647.5789, 2737.6491, 766.4850, 19.8560
2025-12-10 22:09:55, 0.0803203777, 0.0671766266, 0.0889266894, 0.0645558665, 2777.0545, 2717.2364, 764.2300, 18.0966
2025-12-10 22:10:01, 0.0939561265, 0.0851880307, 0.0692327272, 0.0611566554, 2742.4717, 2668.2075, 764.8150, 19.1100
2025-12-10 22:10:07, 0.1051525300, 0.0890887451, 0.0787141006, 0.0690405418, 2851.2041, 2850.4694, 766.2150, 18.3602
2025-12-10 22:10:12, 0.1091146651, 0.0914937504, 0.0662774089, 0.0652020935, 2697.0566, 2672.1132, 765.6750, 17.3398
2025-12-10 22:10:18, 0.1367883426, 0.1219705510, 0.0608054917, 0.0565783150, 2791.7143, 2823.9206, 765.5050, 18.3238
2025-12-10 22:10:24, 0.0892476609, 0.0811392577, 0.0507436599, 0.0357365428, 2646.0833, 2661.6833, 766.5250, 18.3597
2025-12-10 22:10:29, 0.0943079218, 0.0770075269, 0.0719944873, 0.0729094264, 3007.4038, 2915.0577, 763.2600, 18.3505
2025-12-10 22:10:35, 0.1155567002, 0.0658659173, 0.0713489278, 0.0639013442, 2778.6889, 2749.8000, 764.0150, 17.8316
2025-12-10 22:10:41, 0.1187046224, 0.0905694232, 0.0899674804, 0.0680521004, 2722.9455, 2734.0545, 763.7650, 17.3318
2025-12-10 22:10:47, 0.1376207614, 0.0896941516, 0.0782202582, 0.0853548839, 2817.9286, 2881.7500, 760.7000, 17.8676
2025-12-10 22:10:52, 0.1031202216, 0.0922326639, 0.0875151979, 0.0882933579, 2727.5283, 2849.3396, 765.9700, 19.1463
2025-12-10 22:10:58, 0.0990907648, 0.0945013390, 0.0828190690, 0.0954548318, 2628.6452, 2705.5323, 760.8750, 15.9577
2025-12-10 22:11:03, 0.1025719920, 0.1081865411, 0.0613964519, 0.0613469673, 2907.8889, 2914.6222, 761.9850, 17.6492
2025-12-10 22:11:09, 0.0916636575, 0.0758226017, 0.0808182087, 0.0709900325, 2951.2182, 2763.1636, 763.8900, 18.9794
2025-12-10 22:11:15, 0.1090648305, 0.0804483716, 0.0642311902, 0.0663020958, 2684.5806, 2666.2581, 763.9700, 18.6043
2025-12-10 22:11:20, 0.0935516518, 0.0784115240, 0.0599502056, 0.0670585662, 2849.1481, 2770.9630, 766.9250, 17.2122
2025-12-10 22:11:26, 0.0664374272, 0.0496570526, 0.0658272187, 0.0493223403, 2899.6400, 2836.8600, 763.7550, 17.6333
2025-12-10 22:11:32, 0.0670195763, 0.0781253688, 0.0662281370, 0.0862506122, 2710.1667, 2632.6250, 767.5250, 17.0625
2025-12-10 22:11:38, 0.0893086690, 0.0994572806, 0.0546402506, 0.0574727749, 2781.0189, 2820.5283, 763.0150, 17.8431
2025-12-10 22:11:44, 0.0863489730, 0.0697311709, 0.0927396748, 0.0840061587, 2762.9851, 2788.3881, 761.9450, 19.9480
2025-12-10 22:11:49, 0.0807805782, 0.0512597694, 0.0908957184, 0.0644586868, 2968.0392, 2917.5294, 762.2250, 18.4379
2025-12-10 22:11:55, 0.0832359089, 0.0580958339, 0.1279925213, 0.1527442550, 2814.7778, 2797.7302, 761.4200, 18.1073
2025-12-10 22:12:01, 0.1149129235, 0.1323680350, 0.0859974720, 0.0985389817, 2926.0250, 2892.7250, 762.6750, 18.1961
2025-12-10 22:12:07, 0.0976055352, 0.1115548130, 0.1257878565, 0.0711015989, 2902.9167, 2799.5278, 761.2500, 19.3558
2025-12-10 22:12:12, 0.1355497485, 0.0990543268, 0.1171737611, 0.0786853459, 2887.4769, 2854.1385, 763.1000, 19.4255
2025-12-10 22:12:18, 0.1343350473, 0.1349580717, 0.1180464406, 0.1086999596, 2732.0238, 2719.7857, 762.4800, 16.5608
2025-12-10 22:12:24, 0.1111534179, 0.1029686735, 0.0752643960, 0.0639934514, 2882.7600, 2817.8600, 762.1050, 17.4463
2025-12-10 22:12:31, 0.0955860478, 0.1055726929, 0.0961906189, 0.0889460060, 2845.1270, 2849.2381, 762.0050, 18.7844
2025-12-10 22:12:36, 0.0833971818, 0.0739077214, 0.0968986305, 0.0899982523, 2777.5283, 2804.2642, 763.7750, 18.4441
2025-12-10 22:12:42, 0.0745653294, 0.0720396887, 0.0910698507, 0.0841476703, 2754.0755, 2779.1509, 762.1100, 19.7474
2025-12-10 22:12:48, 0.1098650903, 0.1014270850, 0.1757733865, 0.1400732565, 2880.9804, 2917.4902, 762.1100, 18.0892
2025-12-10 22:12:54, 0.0648588307, 0.0812308754, 0.0582781616, 0.0551799665, 2630.4571, 2666.6286, 758.7850, 19.2860
2025-12-10 22:12:59, 0.0777164818, 0.0772168610, 0.1011143295, 0.0926771151, 2814.9091, 2897.2727, 759.0100, 17.8541
2025-12-10 22:13:05, 0.0824644723, 0.0883010813, 0.0921175351, 0.1180851274, 2689.7857, 2771.8810, 757.8300, 17.9797
2025-12-10 22:13:11, 0.0815754637, 0.0909706848, 0.0618405350, 0.0747792840, 2733.1321, 2841.9623, 760.0150, 17.4375
2025-12-10 22:13:16, 0.0771263677, 0.0957901587, 0.1036968107, 0.1032459373, 2578.6852, 2516.7778, 760.8500, 17.9796
2025-12-10 22:13:22, 0.1269236469, 0.0972865349, 0.0761028043, 0.0549893726, 2650.0408, 2589.8776, 760.2050, 16.9913
2025-12-10 22:13:28, 0.1212059308, 0.0854405008, 0.1499455697, 0.1125201915, 2989.0702, 2832.5263, 761.1950, 19.6941
2025-12-10 22:13:33, 0.0762854268, 0.1035577851, 0.1474321933, 0.1422416729, 2698.0270, 2694.0270, 757.5600, 18.1664
2025-12-10 22:13:39, 0.1141221057, 0.1023298973, 0.1082094697, 0.1237535646, 2811.4706, 2811.2157, 762.2250, 17.9509
2025-12-10 22:13:45, 0.1253515357, 0.1271664265, 0.1379176726, 0.1714651460, 2863.7447, 2742.3191, 761.4950, 20.0487
2025-12-10 22:13:50, 0.1280108286, 0.1214448043, 0.1387078667, 0.0935324025, 2873.5854, 2935.7805, 760.8950, 19.2680
2025-12-10 22:13:56, 0.1389158596, 0.1006702676, 0.1389694591, 0.1105790473, 2752.1020, 2675.6735, 759.6150, 19.4535
2025-12-10 22:14:02, 0.1105482109, 0.1329115089, 0.1154042529, 0.1147363240, 2771.3250, 2890.3500, 763.1800, 19.1736
2025-12-10 22:14:07, 0.0984534056, 0.1026526350, 0.1460911552, 0.1437663064, 2795.4000, 2827.5429, 763.4300, 17.1734
2025-12-10 22:14:13, 0.1324415436, 0.0850181241, 0.0881009450, 0.0897077486, 2562.0189, 2557.0943, 762.9050, 18.4395
2025-12-10 22:14:19, 0.1116213236, 0.1088738087, 0.1510517340, 0.1399922100, 2750.4286, 2707.8036, 761.3350, 18.8126
2025-12-10 22:14:24, 0.1629265148, 0.1128788477, 0.1371094723, 0.1051171137, 2921.9767, 2683.4186, 762.3300, 19.4230
2025-12-10 22:14:30, 0.1345967470, 0.1101390848, 0.1140559001, 0.0903511013, 2893.7800, 2875.8200, 763.8200, 18.2255
2025-12-10 22:14:36, 0.1121933663, 0.0914540835, 0.0784079600, 0.0700684438, 2648.5472, 2585.0755, 767.5850, 18.8139
2025-12-10 22:14:42, 0.0499725869, 0.0584006131, 0.1204181720, 0.1326671881, 2933.4783, 2932.4348, 763.3900, 19.1159
2025-12-10 22:14:47, 0.0827728524, 0.0580203438, 0.0949991478, 0.0735859445, 2870.3696, 2851.8261, 768.7200, 17.3485
2025-12-10 22:14:53, 0.0803702600, 0.0673345935, 0.0633717865, 0.0563613343, 2780.2830, 2736.3396, 768.2050, 20.0562
2025-12-10 22:14:59, 0.0939885936, 0.0634975408, 0.1039112709, 0.1189926856, 2590.7778, 2626.8889, 766.0000, 18.1764
2025-12-10 22:15:05, 0.1220548173, 0.0942024447, 0.1106316876, 0.0874793988, 2828.7692, 2729.3846, 767.4250, 17.9012
2025-12-10 22:15:10, 0.1206555402, 0.0867037127, 0.1093027043, 0.0983879463, 2827.0652, 2833.1957, 767.0950, 18.3974
2025-12-10 22:15:16, 0.1094938439, 0.0768919624, 0.1160012054, 0.1219948463, 2477.2931, 2594.8621, 765.8800, 17.5717
2025-12-10 22:15:22, 0.1020059566, 0.0814116487, 0.1377812892, 0.1370227308, 3032.1395, 2952.5349, 768.3800, 19.0154
2025-12-10 22:15:27, 0.1001343074, 0.1036305104, 0.0775682346, 0.0598884788, 2636.1930, 2597.9298, 764.6450, 17.7491
2025-12-10 22:15:33, 0.0840495136, 0.0792051212, 0.0915212609, 0.0742320892, 2653.4783, 2625.3478, 760.7300, 17.7386
2025-12-10 22:15:39, 0.0821961723, 0.0830982610, 0.1005801864, 0.0945684134, 2737.2857, 2865.7143, 765.8050, 17.8518
2025-12-10 22:15:45, 0.0810244553, 0.0715682538, 0.1103229655, 0.0783797867, 2797.2381, 2741.8333, 766.1250, 18.6005
2025-12-10 22:15:50, 0.0885096595, 0.1035572237, 0.1609790000, 0.1832491642, 2761.5385, 2841.1154, 763.2300, 17.5851
2025-12-10 22:15:56, 0.0629842854, 0.0546272547, 0.0943103029, 0.0664260786, 2944.5082, 2908.2787, 761.0600, 17.3852
2025-12-10 22:16:01, 0.0634788244, 0.0642949373, 0.0745480490, 0.0579407741, 2612.0714, 2577.9048, 760.5950, 18.4781
2025-12-10 22:16:07, 0.1060259703, 0.0870890503, 0.1455248059, 0.1109323406, 3026.9167, 2913.2000, 759.7050, 18.5126
2025-12-10 22:16:13, 0.1219795472, 0.0889216913, 0.0655785921, 0.0700167382, 2566.1750, 2683.1500, 757.3050, 18.0270
2025-12-10 22:16:18, 0.0924538353, 0.0961792464, 0.0875751148, 0.1019793340, 2797.5962, 2780.8077, 760.1900, 16.2974
2025-12-10 22:16:24, 0.0865034499, 0.0719402494, 0.0826061590, 0.0711594768, 2813.0755, 2760.2642, 759.1900, 18.3255
2025-12-10 22:16:30, 0.0792658884, 0.0681659253, 0.1171841388, 0.0962360796, 2965.5577, 2902.2885, 762.4200, 17.5762
2025-12-10 22:16:35, 0.0866318925, 0.0999628746, 0.0953165319, 0.0784939157, 2633.3962, 2689.3774, 760.1650, 17.3176
2025-12-10 22:16:41, 0.0755265938, 0.0783466377, 0.1198678269, 0.0947920938, 2797.6739, 2823.9348, 760.4550, 18.6927
2025-12-10 22:16:47, 0.1167396849, 0.0869661707, 0.0966163329, 0.1143963521, 2650.4500, 2759.1000, 758.5300, 18.3575
2025-12-10 22:16:53, 0.0791038777, 0.0710111222, 0.1530497841, 0.0990068132, 2827.6512, 2813.3721, 763.2150, 18.7432
2025-12-10 22:16:58, 0.0638758657, 0.0695063982, 0.0989106885, 0.0795271306, 2782.6087, 2679.5217, 759.8350, 18.1653
2025-12-10 22:17:04, 0.0848144856, 0.0913587354, 0.1036948551, 0.0886632807, 2887.8333, 2775.8333, 759.6950, 19.9908
2025-12-10 22:17:10, 0.1090494823, 0.0910040956, 0.0784470422, 0.0798910391, 3076.0408, 3075.7959, 764.3200, 19.7777
2025-12-10 22:17:16, 0.0833884351, 0.0821680979, 0.1332273802, 0.1066131940, 2901.3051, 2840.7119, 762.0850, 18.4105
2025-12-10 22:17:21, 0.0762675418, 0.0932343017, 0.1013763905, 0.0836197735, 3016.0870, 2984.0000, 766.8250, 18.8413
2025-12-10 22:17:27, 0.0956628548, 0.0979350675, 0.2048465086, 0.2076461701, 2830.6122, 2910.1224, 764.6350, 18.6100
2025-12-10 22:17:32, 0.1340929337, 0.0788941731, 0.0859621547, 0.0840784113, 2833.8491, 2791.3962, 765.3050, 18.2445
2025-12-10 22:17:39, 0.1083463435, 0.0967158376, 0.1094726179, 0.1049070390, 2930.2034, 2841.4068, 764.4400, 18.8716
2025-12-10 22:17:44, 0.1033279585, 0.0981745082, 0.1442607823, 0.0999536030, 2621.9737, 2609.1842, 766.0550, 18.2760
2025-12-10 22:17:50, 0.1498049133, 0.1193893838, 0.0852991937, 0.0810499464, 2935.5000, 2785.5476, 764.8250, 19.2905
2025-12-10 22:17:56, 0.0861141046, 0.0848705134, 0.1201517559, 0.0943364890, 2754.6735, 2724.9592, 766.8400, 19.3632
2025-12-10 22:18:01, 0.1125421027, 0.1235049711, 0.0923470132, 0.1031809633, 2943.2927, 3027.7805, 766.2650, 17.3059
2025-12-10 22:18:08, 0.0741200222, 0.0804638532, 0.1373718900, 0.1403310795, 2480.5263, 2546.0526, 763.3700, 18.0849
2025-12-10 22:18:14, 0.1236844314, 0.1491390735, 0.2620202154, 0.2382193998, 2911.1395, 2991.0000, 763.4850, 19.0544
2025-12-10 22:18:19, 0.0847305389, 0.0762559153, 0.0580140691, 0.0653941102, 2780.5918, 2868.0204, 763.3750, 17.7624
2025-12-10 22:18:25, 0.1121609385, 0.0808450455, 0.1078978609, 0.0987331319, 2762.5532, 2693.3191, 763.8250, 17.3232
2025-12-10 22:18:31, 0.1126299433, 0.0693404977, 0.0830524035, 0.0667086137, 2703.8800, 2689.5000, 762.4850, 18.4659
2025-12-10 22:18:36, 0.0718733984, 0.0782800918, 0.0991789063, 0.0657805105, 2962.7143, 2780.4048, 762.8500, 17.2915
2025-12-10 22:18:42, 0.0786045061, 0.0845257942, 0.0833398661, 0.0917328792, 2773.3276, 2865.4310, 758.8250, 16.7303
2025-12-10 22:18:48, 0.0903344173, 0.0707258257, 0.0503100035, 0.0527147098, 2936.1373, 2787.3725, 760.4050, 16.9841
2025-12-10 22:18:54, 0.0521277865, 0.0767441637, 0.0807900197, 0.0889348645, 2982.8200, 2992.2000, 760.6900, 17.9252
2025-12-10 22:19:00, 0.0770816267, 0.0725157800, 0.0585797544, 0.0844950405, 2793.2745, 2844.9608, 758.4150, 17.8618
2025-12-10 22:19:05, 0.0963096564, 0.0925558466, 0.0649780909, 0.0454918823, 3081.3220, 3014.9831, 758.9350, 16.9771
2025-12-10 22:19:11, 0.1134473479, 0.1110428063, 0.0843193390, 0.0696435954, 2708.6735, 2667.3878, 758.7700, 17.1825
2025-12-10 22:19:17, 0.1224747879, 0.1255397124, 0.0911480480, 0.0912320106, 2609.9474, 2676.7193, 758.0750, 19.0811
2025-12-10 22:19:22, 0.1404049605, 0.0869796383, 0.0819230896, 0.0757044975, 2751.3438, 2753.0469, 760.7450, 17.7172
2025-12-10 22:19:28, 0.1115622061, 0.1036686585, 0.0914017033, 0.0936999315, 2830.4828, 2798.3966, 755.5350, 18.7133
2025-12-10 22:19:34, 0.1101887982, 0.0835315428, 0.0857945168, 0.0929571587, 2473.0227, 2535.5682, 755.1000, 18.7665
2025-12-10 22:19:40, 0.1374718913, 0.0994167592, 0.0664668954, 0.0637588244, 2766.1875, 2807.7500, 757.3500, 19.1075
2025-12-10 22:19:45, 0.0769159543, 0.1089164549, 0.1681160253, 0.1510462491, 2719.2105, 2881.7368, 757.5550, 18.1363
2025-12-10 22:19:51, 0.0955888023, 0.0924574054, 0.0947555308, 0.1019758862, 2937.0189, 2918.0189, 758.7300, 17.0314
2025-12-10 22:19:57, 0.1059335314, 0.1062365140, 0.1314230035, 0.1050550732, 2663.3200, 2792.7400, 757.6300, 20.1971
2025-12-10 22:20:03, 0.0880496099, 0.1013972905, 0.0861870403, 0.0772201823, 2709.1837, 2757.1837, 757.3150, 18.4718
2025-12-10 22:20:08, 0.1116782909, 0.0970475208, 0.0845951482, 0.0762517830, 2825.8269, 2722.0000, 755.4700, 19.0727
2025-12-10 22:20:14, 0.1286558021, 0.1100954432, 0.0881721653, 0.1008986504, 2463.7143, 2389.4000, 758.1350, 17.5649
2025-12-10 22:20:19, 0.0933652606, 0.1058768418, 0.1199573683, 0.1140303342, 2731.8200, 2631.4400, 759.1150, 20.2055
2025-12-10 22:20:25, 0.1042080819, 0.1051649816, 0.1241559386, 0.1036285050, 2783.1774, 2762.0806, 758.9850, 18.6420
2025-12-10 22:20:31, 0.1283696066, 0.1128833075, 0.1175298563, 0.0957154782, 2852.2727, 2724.9394, 755.7550, 19.3573
2025-12-10 22:20:37, 0.0987494269, 0.0972382955, 0.0909460933, 0.0958716292, 2855.2203, 2841.1695, 761.4850, 18.4469
2025-12-10 22:20:42, 0.1257396472, 0.0956351847, 0.1314194003, 0.1438649371, 2748.1698, 2755.1887, 761.0150, 18.5544
2025-12-10 22:20:48, 0.1461153094, 0.0913545795, 0.1046467301, 0.0954532445, 2632.3684, 2552.3684, 761.4050, 18.1791
2025-12-10 22:20:54, 0.1202852206, 0.1030188788, 0.0911259542, 0.0603274951, 2897.1167, 2924.0167, 763.4450, 18.4371
2025-12-10 22:20:59, 0.1294087493, 0.1030565504, 0.0819181105, 0.1143793898, 2933.0000, 2946.3111, 762.5950, 17.3811
2025-12-10 22:21:05, 0.1101601086, 0.0903412995, 0.0896145656, 0.0842209743, 2610.3387, 2674.5645, 764.4550, 17.5022
2025-12-10 22:21:11, 0.1067079068, 0.0913234278, 0.0587644619, 0.0484711818, 3032.0417, 3056.7083, 763.7850, 17.3182
2025-12-10 22:21:16, 0.1307866922, 0.0951769151, 0.1053586650, 0.0975467321, 2985.3509, 2905.1579, 763.1100, 16.6817
2025-12-10 22:21:22, 0.1306366542, 0.1021935266, 0.0724453827, 0.0851267901, 2973.9706, 2940.4559, 762.4350, 16.6221
2025-12-10 22:21:28, 0.1235290896, 0.0884380505, 0.0719398572, 0.0717681890, 2663.8148, 2618.5000, 762.1050, 17.1675
2025-12-10 22:21:33, 0.1150290013, 0.1102810193, 0.0756818947, 0.0881478274, 2685.8393, 2672.0357, 766.3850, 18.9491
2025-12-10 22:21:39, 0.0964547116, 0.0872472855, 0.0842040316, 0.1081679106, 2877.0800, 2833.8600, 764.2750, 18.6322
2025-12-10 22:21:45, 0.0932140429, 0.0922709296, 0.0475870250, 0.0715721819, 2744.0735, 2704.9853, 765.5000, 16.6229
2025-12-10 22:21:51, 0.1092197776, 0.1293179311, 0.0750705023, 0.0679565605, 3080.4754, 2989.6557, 766.4800, 18.3807
2025-12-10 22:21:57, 0.1148292350, 0.1147014490, 0.1039396635, 0.0933412634, 2939.3448, 2861.5345, 764.8000, 18.8252
2025-12-10 22:22:03, 0.1434686379, 0.1178483396, 0.1140254875, 0.1162596907, 2628.5435, 2775.6522, 765.0750, 18.0408
2025-12-10 22:22:09, 0.1200609429, 0.1314705225, 0.0914161545, 0.0721139199, 2672.2653, 2626.6531, 763.1050, 19.7607
2025-12-10 22:22:14, 0.1248764291, 0.0811696698, 0.0835699589, 0.0858073611, 2750.1622, 2845.8108, 762.9950, 17.5321
2025-12-10 22:22:20, 0.1319041796, 0.1154971556, 0.1129251901, 0.1445889625, 2838.0345, 2878.3448, 762.4650, 16.0458
2025-12-10 22:22:26, 0.1255816224, 0.1432809028, 0.0913549156, 0.0816769227, 2898.8000, 3034.2000, 764.3650, 15.0477
2025-12-10 22:22:31, 0.1133624635, 0.1353737062, 0.1307144577, 0.1241586900, 2522.9318, 2562.4545, 759.7400, 17.8978
2025-12-10 22:22:37, 0.0963711853, 0.1137250143, 0.1211787335, 0.0998946651, 2920.0536, 2837.4643, 759.8250, 18.2040
2025-12-10 22:22:43, 0.1527534734, 0.1298283788, 0.0921814044, 0.0703150818, 2660.2222, 2679.2222, 758.6700, 16.9915
2025-12-10 22:22:49, 0.1131153718, 0.1403056946, 0.1747272639, 0.1618279885, 2796.0769, 2732.6154, 762.3700, 19.0731
2025-12-10 22:22:54, 0.1045144436, 0.0887390172, 0.1315120886, 0.1100919196, 2790.1500, 2743.1750, 759.3650, 18.7609
2025-12-10 22:23:00, 0.1119303904, 0.1128175188, 0.1118670252, 0.1619644898, 2826.5600, 2823.7600, 757.9400, 18.6571
2025-12-10 22:23:06, 0.1305589424, 0.0920173073, 0.1545685129, 0.1368492517, 2867.5610, 2924.3659, 757.3650, 17.4528
2025-12-10 22:23:11, 0.0985244253, 0.1018608678, 0.1422789855, 0.1219782847, 2738.7143, 2703.6429, 756.7050, 19.6186
2025-12-10 22:23:17, 0.1035990735, 0.0969169135, 0.1290180192, 0.1151407586, 2690.4792, 2760.6875, 759.0750, 18.2329
2025-12-10 22:23:23, 0.1156789963, 0.1067008934, 0.1513487111, 0.1468854033, 2592.7500, 2627.0625, 757.7050, 18.0729
2025-12-10 22:23:28, 0.0702661269, 0.0708757442, 0.1427569960, 0.1545317664, 3294.1333, 3165.4000, 757.2600, 20.1532
2025-12-10 22:23:34, 0.0707712998, 0.0693208902, 0.0654979859, 0.0533311503, 3038.2000, 3002.8571, 757.7700, 17.8372
2025-12-10 22:23:40, 0.0867086727, 0.0788214496, 0.1212254367, 0.1060780402, 2768.0000, 2809.0400, 757.3100, 18.8792
2025-12-10 22:23:45, 0.0874367975, 0.0569197032, 0.0763995209, 0.0899308413, 2562.8939, 2607.1818, 760.8100, 19.1618
2025-12-10 22:23:51, 0.0710648124, 0.0678029410, 0.1054423186, 0.0846486369, 2842.2449, 2843.6939, 761.6250, 19.2802
2025-12-10 22:23:57, 0.0747270139, 0.0658763556, 0.0885371895, 0.0950010630, 2653.9365, 2629.3968, 760.7750, 17.9812
2025-12-10 22:24:02, 0.0972400454, 0.1013519938, 0.1115519768, 0.1302352434, 2765.2459, 2710.6393, 763.1800, 19.5573
2025-12-10 22:24:08, 0.0676548017, 0.0727233648, 0.0948962400, 0.0873483981, 2743.2969, 2746.2812, 761.1300, 16.8702
2025-12-10 22:24:14, 0.0944149830, 0.1159794477, 0.0851080887, 0.0746485143, 2905.1207, 2818.8103, 764.7100, 17.5079
2025-12-10 22:24:20, 0.1087456314, 0.1122725582, 0.1321758634, 0.1981051545, 2753.5263, 2740.4035, 762.4600, 20.3806
2025-12-10 22:24:26, 0.0699221292, 0.0827156137, 0.1010645438, 0.0708370286, 2729.8810, 2806.9762, 759.4850, 18.4117
2025-12-10 22:24:31, 0.0970273075, 0.1098617418, 0.1404302698, 0.1089830161, 2883.4000, 2807.7385, 760.9850, 18.9514
2025-12-10 22:24:37, 0.0988413063, 0.0815011031, 0.1016539215, 0.0911257193, 2953.9130, 2912.4565, 761.9150, 18.3534
2025-12-10 22:24:43, 0.1327187747, 0.1032678302, 0.0721280136, 0.0985026701, 2623.8039, 2680.7255, 765.0900, 17.0306
2025-12-10 22:24:48, 0.1222466213, 0.1066049069, 0.0633012356, 0.0508547281, 2857.8113, 2841.7736, 762.3450, 19.3095
2025-12-10 22:24:54, 0.1122510450, 0.1013845930, 0.0905759422, 0.1091759248, 2688.0732, 2704.4146, 761.8800, 18.3672
2025-12-10 22:24:59, 0.1267955123, 0.1024684317, 0.1040427511, 0.0945034945, 2785.1746, 2807.6508, 761.3650, 18.6213
2025-12-10 22:25:05, 0.1132127821, 0.1014798383, 0.1494147398, 0.1233033356, 2913.5932, 2823.4915, 764.1350, 17.8089
2025-12-10 22:25:12, 0.1056558651, 0.0952324326, 0.0812637672, 0.0718978348, 2980.3562, 2821.5068, 765.2150, 17.4247
2025-12-10 22:25:18, 0.1658713672, 0.1188383077, 0.0837186578, 0.0599663110, 2966.5714, 2883.1143, 767.9500, 20.7313
2025-12-10 22:25:24, 0.0978230130, 0.0823019525, 0.0752883206, 0.0697918381, 2863.4314, 2750.5686, 766.5900, 17.3281
2025-12-10 22:25:29, 0.1146423055, 0.1052046170, 0.0760502797, 0.0792437382, 2739.8710, 2749.9194, 768.1900, 18.8969
2025-12-10 22:25:35, 0.1080366596, 0.1359286862, 0.0628718275, 0.0613776707, 2871.7727, 2817.3409, 767.7900, 20.8366
2025-12-10 22:25:41, 0.1020367879, 0.0958280826, 0.0866144230, 0.0813331986, 2772.2830, 2787.8113, 766.1450, 19.0235
2025-12-10 22:25:47, 0.1084259087, 0.0896213059, 0.0426678299, 0.0462278990, 2585.2000, 2627.1500, 766.0350, 18.6380
2025-12-10 22:25:52, 0.0972640703, 0.0911549446, 0.0756932975, 0.0728984232, 2871.0317, 2909.6508, 766.0750, 18.8093
2025-12-10 22:25:58, 0.1185354140, 0.1199526082, 0.0653559456, 0.0711414153, 3027.4222, 2936.2889, 768.8050, 16.6525
2025-12-10 22:26:04, 0.1221421360, 0.1128175123, 0.0607778426, 0.0656605568, 2813.0741, 2767.0556, 766.8250, 19.8200
2025-12-10 22:26:09, 0.1243746996, 0.0831277143, 0.0640120854, 0.0624798670, 3050.6111, 2960.2500, 765.9550, 19.6276
2025-12-10 22:26:15, 0.0995678447, 0.0855791987, 0.0705975579, 0.0569248943, 2987.4394, 2863.7727, 764.4850, 17.9541
2025-12-10 22:26:21, 0.0835564642, 0.0799543246, 0.0801223091, 0.0842841622, 2987.5942, 2991.1594, 765.7300, 19.0889
2025-12-10 22:26:27, 0.0543033562, 0.0806146068, 0.0913354359, 0.0761639578, 2820.6230, 2737.3443, 765.6400, 18.6893
2025-12-10 22:26:33, 0.0507164656, 0.0587962823, 0.0891314777, 0.0727551806, 2689.3944, 2688.8873, 764.8450, 19.0785
2025-12-10 22:26:38, 0.0890114902, 0.0796684238, 0.0881335513, 0.0615490241, 2838.1020, 2748.7959, 756.0800, 18.6213
2025-12-10 22:26:44, 0.0804121545, 0.0671747428, 0.0598663871, 0.0645952749, 2849.2712, 2772.6780, 755.7650, 20.6802
2025-12-10 22:26:49, 0.1061317126, 0.0903951109, 0.1024885854, 0.0802443481, 2840.3269, 2771.2885, 754.5050, 19.1784
2025-12-10 22:26:55, 0.0732795834, 0.0738933750, 0.0814545450, 0.0840857119, 2792.9643, 2769.1607, 752.7800, 19.1839
2025-12-10 22:27:01, 0.0871187746, 0.0993108564, 0.0747392666, 0.0526714126, 2843.4179, 2697.8060, 755.0650, 17.6621
2025-12-10 22:27:07, 0.0867826045, 0.1171215138, 0.0366789297, 0.0506169172, 2566.8571, 2681.0317, 754.3100, 17.4205
2025-12-10 22:27:12, 0.1131760399, 0.0930715769, 0.0934042227, 0.0763516476, 2975.1020, 2928.2449, 750.1600, 17.2466
2025-12-10 22:27:18, 0.0798554258, 0.0763739195, 0.0505731333, 0.0456159595, 2700.1404, 2665.7368, 760.7800, 16.7344
2025-12-10 22:27:24, 0.0544582783, 0.0530653854, 0.0754919745, 0.0544878087, 2973.7593, 2919.5370, 752.1050, 18.3481
2025-12-10 22:27:30, 0.0722859687, 0.0835706708, 0.0476552656, 0.0364222437, 2802.0741, 2718.2037, 756.7450, 18.5211
2025-12-10 22:27:35, 0.1114494211, 0.1264404479, 0.0767605806, 0.0647858837, 2669.6909, 2641.5455, 755.4150, 18.5282
2025-12-10 22:27:41, 0.0938891840, 0.1091612888, 0.0747273147, 0.0759483597, 2735.0820, 2728.2131, 755.1350, 17.7273
2025-12-10 22:27:47, 0.0878822147, 0.0799320670, 0.0844388240, 0.0599550568, 2934.8833, 2762.5167, 759.9200, 18.3914
2025-12-10 22:27:52, 0.1077732846, 0.1058759767, 0.0607366339, 0.0561886731, 2592.3590, 2625.6667, 759.8000, 18.3791
2025-12-10 22:27:58, 0.0791154948, 0.0686466755, 0.0804524659, 0.0981417193, 2845.0000, 2814.1892, 757.7600, 19.4371
2025-12-10 22:28:04, 0.0840548248, 0.0847230479, 0.1004807852, 0.0891314423, 2744.0000, 2744.3448, 759.2750, 18.8010
2025-12-10 22:28:10, 0.0990508334, 0.0974481840, 0.1008792846, 0.1023857526, 2783.4255, 2760.4043, 760.7950, 19.2627
2025-12-10 22:28:15, 0.0581144048, 0.0462562685, 0.1008871230, 0.0910119839, 2783.0000, 2650.8592, 760.7850, 18.1551
2025-12-10 22:28:21, 0.0933756899, 0.0894875497, 0.0644750198, 0.0593180684, 2906.7636, 2899.8182, 760.3950, 18.5763
2025-12-10 22:28:27, 0.0827628975, 0.0815882647, 0.0961849167, 0.0695162460, 2849.9818, 2740.6727, 763.0750, 19.2146
2025-12-10 22:28:33, 0.1345265647, 0.1062505025, 0.0697306554, 0.0648992556, 2926.9508, 2906.0164, 760.7250, 18.3989
2025-12-10 22:28:38, 0.1110775132, 0.1300746182, 0.0660623117, 0.0576628045, 2802.5957, 2703.7021, 759.1950, 18.4447
2025-12-10 22:28:44, 0.1456937811, 0.1790679303, 0.1300870801, 0.1329414360, 2923.1667, 2971.0278, 763.1050, 17.2668
2025-12-10 22:28:50, 0.1150240137, 0.0922185609, 0.1587626906, 0.1537756346, 2846.7551, 2836.2857, 759.3850, 18.4520
2025-12-10 22:28:55, 0.1071453138, 0.0765489793, 0.1317133276, 0.1366249214, 2577.9032, 2565.0161, 758.6000, 18.1747
2025-12-10 22:29:01, 0.1327588241, 0.0749037656, 0.0804021691, 0.0839765457, 2730.6316, 2698.1579, 756.6000, 18.8465
2025-12-10 22:29:07, 0.0923990646, 0.1007340303, 0.1184454432, 0.1027509119, 2667.4828, 2735.9828, 757.2250, 18.2262
2025-12-10 22:29:13, 0.0423882919, 0.0381863717, 0.0842707017, 0.0867291521, 2650.2712, 2628.1525, 756.4800, 17.0657
2025-12-10 22:29:18, 0.1177755915, 0.1070205481, 0.0912658815, 0.0740953448, 2967.3651, 2922.0794, 758.7600, 17.2378
2025-12-10 22:29:24, 0.1493120805, 0.1080245721, 0.1087638997, 0.0836604430, 2585.0556, 2479.5000, 758.6550, 18.4083
2025-12-10 22:29:30, 0.0816549056, 0.0840940153, 0.0920336702, 0.0808980884, 2834.5094, 2779.6604, 757.1000, 18.1480
2025-12-10 22:29:36, 0.0951916845, 0.1017956583, 0.0763809239, 0.0613868250, 2858.5306, 2846.5306, 759.1350, 18.4501
2025-12-10 22:29:41, 0.0531660249, 0.0465043814, 0.0627353210, 0.0472385245, 2669.1486, 2612.5541, 758.4350, 18.1773
2025-12-10 22:29:47, 0.0634454896, 0.0516982024, 0.1019091494, 0.0614961518, 3114.0377, 2885.0755, 759.1650, 17.6045
2025-12-10 22:29:53, 0.1046648911, 0.0700018182, 0.0498853376, 0.0634199172, 2734.8197, 2721.2951, 758.5000, 18.5680
2025-12-10 22:29:58, 0.0631485821, 0.0486452689, 0.0734023470, 0.0548670831, 2784.0968, 2689.5000, 761.7600, 18.6878
2025-12-10 22:30:04, 0.1023481733, 0.0793461813, 0.1242749886, 0.0898786013, 2974.8400, 2876.3600, 762.3100, 19.1782
2025-12-10 22:30:10, 0.0993383730, 0.0757606798, 0.0628446306, 0.0716859437, 2695.4386, 2633.5263, 760.9650, 17.3474
2025-12-10 22:30:15, 0.1424797883, 0.1086432078, 0.0625906575, 0.0623114814, 2876.7400, 2851.6200, 762.3900, 16.9976
2025-12-10 22:30:22, 0.1223179097, 0.0963077401, 0.0535107961, 0.0599464593, 2844.1961, 2905.4706, 764.1900, 18.8328
2025-12-10 22:30:27, 0.1172121165, 0.1210856694, 0.0483140058, 0.0500181364, 2775.2045, 2781.8636, 761.4900, 17.6250
2025-12-10 22:30:33, 0.1161518043, 0.0915663146, 0.0695026676, 0.0647390905, 2789.0545, 2850.0909, 763.1250, 18.2417
2025-12-10 22:30:39, 0.1540712250, 0.1174130853, 0.0449087277, 0.0553096037, 2825.4909, 2740.8364, 761.3300, 18.8245
2025-12-10 22:30:44, 0.1068554607, 0.1185063706, 0.0992416774, 0.0505604043, 2624.8372, 2557.6744, 758.9500, 19.2166
2025-12-10 22:30:51, 0.1378224794, 0.1170655778, 0.0838685561, 0.0637148403, 3002.3243, 2810.2297, 760.2500, 19.0916
2025-12-10 22:30:57, 0.1066492823, 0.1092874410, 0.0818999676, 0.0717985640, 2710.9796, 2686.1429, 760.9600, 18.0083
2025-12-10 22:31:02, 0.1279026510, 0.1237831510, 0.0795924778, 0.0694133933, 2825.8667, 2778.7500, 759.4300, 17.0718
2025-12-10 22:31:08, 0.1003263292, 0.0858630522, 0.1115962385, 0.0802412726, 2634.8393, 2537.8393, 759.8650, 18.1540
2025-12-10 22:31:13, 0.1282720169, 0.1173305742, 0.0990096707, 0.0933594822, 2931.5472, 2972.8491, 762.0000, 18.7099
2025-12-10 22:31:19, 0.1033609980, 0.0864796729, 0.0880795598, 0.1014456984, 2773.1818, 2814.8409, 760.7550, 19.2017
2025-12-10 22:31:25, 0.1277768309, 0.1061199576, 0.0700203281, 0.0694588556, 2662.3409, 2577.4545, 756.1150, 18.2733
2025-12-10 22:31:31, 0.1305144187, 0.1097656729, 0.0669698120, 0.0420589898, 2568.0208, 2630.9375, 757.7050, 18.8512
2025-12-10 22:31:37, 0.1217161639, 0.1121639422, 0.0613115524, 0.0617256983, 2780.4490, 2764.5102, 759.9050, 18.1562
2025-12-10 22:31:42, 0.0983351187, 0.0818407499, 0.0591130707, 0.0577292891, 2675.3433, 2636.9851, 759.1800, 20.1273
2025-12-10 22:31:48, 0.0960482523, 0.0913823078, 0.0629841290, 0.0691555594, 3061.1053, 3055.3158, 759.2450, 17.9865
2025-12-10 22:31:54, 0.0939479648, 0.0894378521, 0.1373931020, 0.1081021348, 2871.9057, 2894.3585, 752.8950, 17.2529
2025-12-10 22:32:00, 0.1184578597, 0.1002047049, 0.0745800381, 0.0820787746, 2877.1739, 2858.6087, 751.8250, 17.6339
2025-12-10 22:32:06, 0.1167738957, 0.1045044902, 0.0750119685, 0.0654513187, 2992.8824, 2899.1765, 754.0450, 18.5831
2025-12-10 22:32:12, 0.0938582300, 0.0872174064, 0.1083862785, 0.1089929210, 2656.2759, 2669.6552, 751.3250, 19.2070
2025-12-10 22:32:17, 0.1217949781, 0.0825659233, 0.0672439371, 0.0681345442, 2804.2500, 2814.5667, 754.7200, 17.2784
2025-12-10 22:32:23, 0.1058851672, 0.1067664855, 0.1124034127, 0.0807554632, 2613.3404, 2554.8085, 756.2350, 17.2366
2025-12-10 22:32:29, 0.1227390687, 0.0950862992, 0.1156042487, 0.0886922504, 2983.5714, 2925.4082, 754.9600, 17.0431
2025-12-10 22:32:35, 0.1108941698, 0.1038743183, 0.0889320454, 0.0779655940, 2980.0196, 2932.3529, 757.5750, 18.4156
2025-12-10 22:32:40, 0.1058103289, 0.1031993727, 0.1137678108, 0.0752277284, 2825.6531, 2805.4694, 757.4650, 18.3815
2025-12-10 22:32:46, 0.1189740697, 0.1011883067, 0.1283751399, 0.1063103986, 2781.2167, 2749.5333, 758.5650, 19.3630
2025-12-10 22:32:52, 0.1083486552, 0.0942556350, 0.1198338913, 0.1098595117, 2773.2745, 2736.3922, 758.9650, 17.1425
2025-12-10 22:32:57, 0.1348658719, 0.1070414780, 0.0949918529, 0.0699826306, 2772.2439, 2667.1951, 756.8600, 16.4861
2025-12-10 22:33:04, 0.1217332579, 0.1015430010, 0.0907649965, 0.1042149246, 2969.8125, 2926.6719, 759.0700, 18.1836
2025-12-10 22:33:09, 0.1275547596, 0.0943084947, 0.1063327976, 0.1185092394, 2689.4750, 2710.7750, 759.4000, 17.5775
2025-12-10 22:33:15, 0.1287777453, 0.1373075193, 0.0580994691, 0.0422644073, 2777.6032, 2740.5714, 760.1100, 18.2575
2025-12-10 22:33:21, 0.1265994600, 0.1141990310, 0.1190563349, 0.0738354585, 2755.5094, 2679.0000, 759.1850, 17.2598
2025-12-10 22:33:27, 0.1360380159, 0.0957756040, 0.0669297617, 0.0865983630, 3085.3250, 3286.9000, 755.6450, 20.1268
2025-12-10 22:33:33, 0.1013328164, 0.0863661254, 0.1149688579, 0.0963931838, 2971.5676, 2819.4324, 757.2450, 17.3731
2025-12-10 22:33:38, 0.1034081662, 0.0971526680, 0.0998906410, 0.0896928340, 2559.6809, 2680.8723, 761.2150, 18.5194
2025-12-10 22:33:44, 0.0875302198, 0.0779208200, 0.0938920422, 0.0654865671, 2657.2364, 2597.2727, 757.5350, 18.3447
2025-12-10 22:33:50, 0.0732512844, 0.0854894703, 0.1058876184, 0.1399636046, 2825.5208, 2859.8125, 761.3600, 17.3269
2025-12-10 22:33:55, 0.1231779865, 0.1115048671, 0.0949081685, 0.0749943446, 2813.0263, 2805.7632, 759.2850, 16.9391
2025-12-10 22:34:01, 0.1194821389, 0.1325866913, 0.1147208122, 0.0837131298, 2735.8140, 2706.9070, 761.2850, 18.5295
2025-12-10 22:34:07, 0.1430177210, 0.1465560553, 0.0556054784, 0.0601348703, 2962.4872, 2874.8718, 762.1850, 17.1272
2025-12-10 22:34:13, 0.0895408037, 0.1685742642, 0.0680219555, 0.0675799643, 2694.1622, 2653.5405, 764.2150, 18.5286
2025-12-10 22:34:18, 0.1110566320, 0.0963514147, 0.0735039207, 0.0915796944, 2619.4754, 2706.4262, 764.3700, 17.5645
2025-12-10 22:34:24, 0.0803653392, 0.1102234201, 0.0944163334, 0.1017309875, 2577.3889, 2520.7593, 762.7100, 17.4779
2025-12-10 22:34:30, 0.1363147024, 0.1340256902, 0.0965006755, 0.0748755089, 2712.4737, 2667.1930, 762.6900, 19.3555
2025-12-10 22:34:36, 0.1016682840, 0.1044569510, 0.0647230953, 0.0682676907, 2776.4727, 2794.4182, 760.9200, 18.5772
2025-12-10 22:34:41, 0.0873038697, 0.0679610581, 0.0706048392, 0.0629367714, 2613.2973, 2550.7027, 761.3000, 17.9140
2025-12-10 22:34:47, 0.1475971956, 0.0953038439, 0.0573462428, 0.0542628961, 2701.3043, 2714.9348, 758.6000, 17.2980
2025-12-10 22:34:53, 0.1265714689, 0.1162733217, 0.0989210553, 0.0957506163, 2745.7627, 2721.5763, 757.0650, 18.0522
2025-12-10 22:34:59, 0.1765745541, 0.1260193547, 0.0976129915, 0.0681857535, 2635.9787, 2600.4255, 758.8600, 17.5977
2025-12-10 22:35:04, 0.1000834125, 0.0937079201, 0.1529964982, 0.1176240983, 2897.8382, 2766.3824, 759.0650, 18.7649
2025-12-10 22:35:10, 0.1095152393, 0.1074538382, 0.0825670797, 0.0836959816, 2732.2115, 2718.0769, 760.2300, 19.1848
2025-12-10 22:35:16, 0.0920021184, 0.0972971924, 0.1283841284, 0.1112608374, 2627.7500, 2501.5357, 758.6150, 18.5517
2025-12-10 22:35:22, 0.1124473067, 0.0918285217, 0.0830663380, 0.0678509509, 2802.8409, 2806.1591, 757.8600, 17.1942
2025-12-10 22:35:28, 0.1220956284, 0.1180033064, 0.0848085857, 0.0855224318, 2795.4386, 2708.6316, 759.4500, 17.3948
2025-12-10 22:35:33, 0.1349725705, 0.1121218336, 0.0930165307, 0.1125725751, 2806.9825, 2823.4561, 759.3900, 16.9289
2025-12-10 22:35:39, 0.1867812758, 0.1366027110, 0.1225817721, 0.1027681509, 2734.6341, 2656.9024, 760.1050, 17.6098
2025-12-10 22:35:45, 0.1363913591, 0.1050039907, 0.0780177743, 0.0744136297, 2705.9500, 2825.2750, 756.9100, 17.9514
2025-12-10 22:35:51, 0.1295340344, 0.1109133605, 0.0761611999, 0.0776575629, 2839.5600, 2760.0400, 756.5550, 19.8526
2025-12-10 22:35:56, 0.1087226043, 0.0824638499, 0.0774601825, 0.0992816050, 2862.3922, 2799.0196, 755.5600, 17.9253
2025-12-10 22:36:02, 0.1381897237, 0.0947368021, 0.1024050060, 0.0792961551, 2819.6964, 2666.0357, 755.4200, 17.5560
2025-12-10 22:36:08, 0.1094640022, 0.0989591229, 0.0967815536, 0.0592776710, 2823.7292, 2736.8333, 756.4550, 17.1093
2025-12-10 22:36:13, 0.0758214717, 0.0929867744, 0.0976051151, 0.1051780953, 2769.3684, 2803.7105, 759.1050, 17.6687
2025-12-10 22:36:19, 0.1364834845, 0.1323570541, 0.0919915057, 0.0794194341, 2777.2041, 2829.3265, 757.6800, 18.3485
2025-12-10 22:36:25, 0.0973536685, 0.1078706948, 0.1138051781, 0.1323235869, 3033.0870, 3046.6957, 758.8750, 17.2171
2025-12-10 22:36:31, 0.1431101946, 0.1287395573, 0.0950999194, 0.0820949297, 2751.0566, 2705.8302, 760.4200, 18.7841
2025-12-10 22:36:36, 0.1688152338, 0.1272084936, 0.1244652828, 0.1093639793, 3135.4773, 2866.7273, 754.9200, 16.6212
2025-12-10 22:36:42, 0.1155273503, 0.1074678872, 0.0574050991, 0.0643618006, 2646.2281, 2694.2281, 759.3600, 18.2442
2025-12-10 22:36:48, 0.0777587170, 0.0680824285, 0.0622351794, 0.0635387855, 2615.2000, 2581.5833, 759.7950, 17.7978
2025-12-10 22:36:53, 0.1070796771, 0.0889231689, 0.1198455299, 0.1066893386, 2912.0217, 2857.0870, 757.3950, 18.6885
2025-12-10 22:36:59, 0.1262612341, 0.1136870587, 0.0741609877, 0.0488376823, 2693.1897, 2737.0345, 759.9800, 18.4423
2025-12-10 22:37:05, 0.1200339297, 0.1045658944, 0.0760986258, 0.0683745571, 2837.6316, 2706.2632, 757.2300, 16.7782
2025-12-10 22:37:11, 0.0927605199, 0.0893079901, 0.0829774538, 0.0842541225, 2775.6216, 2731.4054, 758.7700, 18.2679
2025-12-10 22:37:16, 0.0722394601, 0.0770917467, 0.0993953355, 0.0732670629, 2807.6271, 2800.8644, 758.2900, 17.3746
2025-12-10 22:37:22, 0.1167857033, 0.1017944189, 0.0784537664, 0.0579443311, 2830.3770, 2818.6393, 755.9800, 17.0599
2025-12-10 22:37:28, 0.1291105907, 0.0865614438, 0.0854226307, 0.0952819477, 2733.5323, 2722.3871, 757.3900, 18.5059
2025-12-10 22:37:34, 0.0920990695, 0.0976650829, 0.0616442154, 0.0417483404, 2744.3934, 2616.2459, 748.2850, 16.9792
2025-12-10 22:37:40, 0.0857672456, 0.0860754955, 0.0822427350, 0.0674348458, 2973.3559, 2858.2034, 750.6350, 17.6125
2025-12-10 22:37:45, 0.1025135257, 0.0962620656, 0.0637532839, 0.0669586843, 2646.1628, 2754.1628, 751.2950, 15.7575
2025-12-10 22:37:51, 0.1092338952, 0.1004930687, 0.0663216325, 0.0483347446, 2873.9250, 2782.9500, 753.2400, 17.0330
2025-12-10 22:37:57, 0.0684179912, 0.0665281594, 0.0848090426, 0.0696840840, 2844.1406, 2654.6562, 752.8750, 17.2340
2025-12-10 22:38:02, 0.0843660078, 0.0984260564, 0.0832334423, 0.0894657360, 2605.2321, 2580.9107, 747.9400, 18.6849
2025-12-10 22:38:08, 0.1099390567, 0.0861913826, 0.0624665746, 0.0769698256, 2881.4600, 2849.7800, 746.9200, 15.5236
2025-12-10 22:38:14, 0.1070234811, 0.0805923395, 0.1095117124, 0.0744370385, 2875.6182, 2792.2364, 747.1200, 18.2843
2025-12-10 22:38:19, 0.0468887290, 0.0461382299, 0.1140650178, 0.1090776644, 2992.0746, 2835.1791, 746.5100, 17.2206
2025-12-10 22:38:25, 0.0925207520, 0.0684607916, 0.0951803570, 0.0968219494, 2782.6667, 2667.4000, 747.4200, 17.8105
2025-12-10 22:38:31, 0.0987573634, 0.0840372907, 0.0779580241, 0.0686423549, 3033.3065, 2859.1613, 746.0150, 16.5962
2025-12-10 22:38:37, 0.0637987732, 0.0692682955, 0.0692181734, 0.0639320488, 2920.5645, 2809.9516, 750.0100, 16.2942
2025-12-10 22:38:42, 0.1070006043, 0.1096053659, 0.0829098010, 0.0865282962, 2884.2308, 2870.0000, 748.8500, 18.0679
2025-12-10 22:38:48, 0.1299754822, 0.1250594103, 0.0750515982, 0.0832254262, 2869.9038, 2716.6346, 746.7650, 19.1760
2025-12-10 22:38:54, 0.1088495159, 0.1025623346, 0.0846085900, 0.0926649318, 2937.1273, 2872.3273, 750.3900, 17.3838
2025-12-10 22:38:59, 0.1003853317, 0.0756184561, 0.0789960621, 0.0849028258, 2534.8500, 2563.9000, 749.6050, 16.7553
2025-12-10 22:39:05, 0.1008973603, 0.1000196545, 0.0865043550, 0.0976114357, 2822.6889, 2708.7556, 751.5050, 16.8870
2025-12-10 22:39:11, 0.1009409335, 0.0938518705, 0.1026710473, 0.1059926767, 2882.3559, 2787.2034, 757.2350, 17.3986
2025-12-10 22:39:17, 0.0951020298, 0.0909773247, 0.0675037683, 0.0582661608, 2802.3043, 2668.4783, 753.7800, 16.8678
2025-12-10 22:39:23, 0.1249520521, 0.0934528493, 0.0759890301, 0.0875836678, 2702.9000, 2675.3500, 753.6350, 16.3390
2025-12-10 22:39:28, 0.1464592297, 0.0980706081, 0.1145080061, 0.0866068794, 2889.3214, 2886.5000, 753.7250, 18.7555
2025-12-10 22:39:34, 0.1612913278, 0.1147805133, 0.0540343525, 0.0534567818, 2826.4894, 2684.4468, 757.1050, 18.2481
2025-12-10 22:39:40, 0.1511193474, 0.1212360844, 0.0652823380, 0.0692862031, 2865.7800, 2812.9200, 756.2850, 18.7868
2025-12-10 22:39:46, 0.1352175087, 0.1408502538, 0.1349931728, 0.0991371833, 2943.0635, 2861.4921, 759.1100, 18.4046
2025-12-10 22:39:51, 0.1273987020, 0.1084880564, 0.0970984789, 0.0952485795, 2821.9130, 2786.0000, 759.7900, 18.4170
2025-12-10 22:39:57, 0.1292687278, 0.1154021831, 0.0932498876, 0.0866065754, 2923.4167, 2940.2292, 757.6250, 17.1428
2025-12-10 22:40:03, 0.1895008184, 0.1257316088, 0.1078065039, 0.0934261830, 2972.7000, 2892.4167, 758.5850, 18.8802
2025-12-10 22:40:08, 0.1403385325, 0.1167867469, 0.1089375644, 0.0917607414, 2635.5273, 2709.6545, 756.5400, 17.6036
2025-12-10 22:40:14, 0.2018867300, 0.1584668996, 0.0737270368, 0.0614472401, 2991.7708, 2904.3125, 758.1750, 17.5264
2025-12-10 22:40:20, 0.1421356414, 0.1112020918, 0.0731312775, 0.0620121411, 2597.0556, 2559.1481, 755.6150, 16.7465
2025-12-10 22:40:26, 0.1408360292, 0.1202292031, 0.0853231097, 0.0742062144, 2752.3509, 2768.0526, 756.5200, 17.1619
2025-12-10 22:40:31, 0.0915208826, 0.0737315722, 0.0596816087, 0.0599782451, 2796.9730, 2822.9730, 753.1750, 19.7541
2025-12-10 22:40:37, 0.1002518070, 0.0764623981, 0.0918645551, 0.0893750619, 2920.9180, 2931.9016, 755.7750, 18.3925
2025-12-10 22:40:42, 0.0667518513, 0.0791074058, 0.0758290784, 0.0792078301, 2662.9630, 2701.1481, 752.2350, 17.4178
2025-12-10 22:40:48, 0.1336853105, 0.1402843341, 0.1025541795, 0.0756320228, 2837.9574, 2704.4255, 753.8100, 18.3009
2025-12-10 22:40:54, 0.1271421274, 0.0929773767, 0.0715536558, 0.0881881049, 2847.2745, 2808.1765, 756.7700, 18.2169
2025-12-10 22:41:00, 0.1472368310, 0.1018075474, 0.0763501771, 0.0702926285, 2932.5000, 2839.8036, 755.1400, 18.8563
2025-12-10 22:41:06, 0.1071177654, 0.1118889822, 0.0897147345, 0.0812031117, 2846.7069, 2744.5000, 755.1750, 17.0873
2025-12-10 22:41:11, 0.0824795782, 0.0805527526, 0.0912708271, 0.0724636268, 2944.0200, 2780.6800, 756.3050, 17.6077
2025-12-10 22:41:17, 0.1533915560, 0.1129052267, 0.0954077723, 0.1056070112, 2898.2321, 2892.5000, 755.5800, 18.5654
2025-12-10 22:41:23, 0.1605306408, 0.1568880272, 0.0917345898, 0.0911525821, 2778.8929, 2637.0000, 754.9200, 18.2278
2025-12-10 22:41:28, 0.1190648566, 0.1057815801, 0.1055714498, 0.1000144189, 2926.1429, 2778.0536, 756.4200, 19.1213
2025-12-10 22:41:34, 0.1064516752, 0.1000410175, 0.1595381151, 0.1464024943, 2911.9630, 2900.4074, 757.7000, 18.8059
2025-12-10 22:41:40, 0.1105818197, 0.1102024525, 0.1529679305, 0.1275608548, 2897.5636, 2802.1091, 759.2400, 17.5967
2025-12-10 22:41:46, 0.1401746624, 0.1011372294, 0.0862667049, 0.0646917086, 2832.3519, 2687.0741, 756.1950, 19.0115
2025-12-10 22:41:51, 0.0991657790, 0.1080416848, 0.0689549173, 0.0736630286, 2797.8163, 2752.9592, 758.6750, 18.2236
2025-12-10 22:41:57, 0.1263355735, 0.1148807518, 0.1255575968, 0.0903346996, 2810.9831, 2770.5593, 759.9100, 18.7212
2025-12-10 22:42:03, 0.1150510569, 0.1149508922, 0.1129609234, 0.0788273391, 2925.7966, 2770.1695, 757.9900, 17.9087
2025-12-10 22:42:08, 0.0775423630, 0.0991789599, 0.0767081048, 0.0873863047, 2868.3134, 2860.4776, 761.8750, 17.4991
2025-12-10 22:42:14, 0.1091546709, 0.0694417700, 0.0986748297, 0.0802924195, 2785.5200, 2730.7000, 758.4950, 18.2036
2025-12-10 22:42:20, 0.0921268941, 0.0652310858, 0.1075320327, 0.0954029658, 2571.1957, 2541.1739, 759.5550, 18.5418
2025-12-10 22:42:25, 0.1667629058, 0.1092974133, 0.0803898916, 0.0602241641, 2783.4110, 2725.7945, 757.6950, 18.6446
2025-12-10 22:42:31, 0.1720880558, 0.1117038850, 0.1425691157, 0.0821354234, 3007.9016, 2850.3443, 759.0050, 18.8978
2025-12-10 22:42:37, 0.1354073497, 0.1213337633, 0.0788957567, 0.0587317856, 2630.3750, 2515.1875, 761.4650, 20.9060
2025-12-10 22:42:42, 0.0887728983, 0.0783368847, 0.1152316076, 0.0782606857, 2837.7358, 2709.0189, 760.9250, 20.4575
2025-12-10 22:42:48, 0.0885163491, 0.0906398139, 0.0613483140, 0.0604556278, 2777.6909, 2737.3818, 754.2950, 18.0241
2025-12-10 22:42:54, 0.1032499105, 0.0791421209, 0.1238038504, 0.1114902114, 2858.7455, 2780.7273, 756.9350, 18.1039
2025-12-10 22:42:59, 0.0795344044, 0.0680665044, 0.1192728397, 0.1267966809, 2872.0476, 3014.2143, 757.8600, 16.5849
2025-12-10 22:43:05, 0.1107998560, 0.0914992790, 0.1090162176, 0.0808348718, 2783.7000, 2641.3000, 756.7050, 17.9086
2025-12-10 22:43:11, 0.0980420471, 0.0651253859, 0.0946961067, 0.1084169276, 2533.1429, 2568.6122, 755.1300, 18.3775
2025-12-10 22:43:16, 0.0789083660, 0.0841426947, 0.1115149911, 0.0958305235, 2757.0545, 2766.4000, 755.2150, 18.0751
2025-12-10 22:43:22, 0.0671485551, 0.0577619672, 0.0741658853, 0.0662877539, 3123.2982, 2998.3684, 756.6550, 18.0745
2025-12-10 22:43:28, 0.1306287943, 0.1287056148, 0.1019464816, 0.0905253247, 2733.1600, 2689.2600, 754.0100, 18.4667
2025-12-10 22:43:34, 0.1691317029, 0.1189335528, 0.1077353052, 0.0778262184, 2840.4906, 2752.4151, 753.9700, 17.8720
2025-12-10 22:43:39, 0.2023646765, 0.1380657862, 0.0903988932, 0.0958146360, 2732.4348, 2683.3913, 757.2850, 19.4724
2025-12-10 22:43:45, 0.1935471758, 0.1106861428, 0.0709424347, 0.0600953893, 2837.3036, 2818.0357, 756.5200, 19.6436
2025-12-10 22:43:51, 0.1395558385, 0.1589595684, 0.0766005296, 0.1001517951, 2626.4035, 2717.5439, 757.4300, 18.3345
2025-12-10 22:43:57, 0.1269202474, 0.1300899971, 0.0869774902, 0.0850071393, 2837.8500, 2944.1000, 756.2600, 17.2937
2025-12-10 22:44:02, 0.1899774699, 0.1268348370, 0.1443151564, 0.1104509827, 3016.6341, 2943.0000, 759.4800, 17.7313
2025-12-10 22:44:08, 0.1435530632, 0.1138594314, 0.0742742862, 0.0525778035, 2648.1892, 2609.3784, 757.5100, 18.3603
2025-12-10 22:44:14, 0.1183658278, 0.0989837528, 0.0865506523, 0.0830239469, 2837.9831, 2673.5254, 756.6400, 18.5464
2025-12-10 22:44:19, 0.1158887098, 0.0966852692, 0.1162027614, 0.0827889261, 2771.7333, 2683.6000, 758.7750, 17.2677
2025-12-10 22:44:25, 0.1525259491, 0.1118650059, 0.1029003044, 0.0619772642, 2710.6667, 2673.2857, 756.2000, 16.7239
2025-12-10 22:44:31, 0.1141631823, 0.1087120086, 0.0784044598, 0.0723366439, 2640.6415, 2598.7925, 756.8050, 19.0089
2025-12-10 22:44:37, 0.1193397467, 0.1314378571, 0.0864181580, 0.0925093400, 2834.8235, 2726.2941, 752.0850, 16.9525
2025-12-10 22:44:42, 0.1104572377, 0.1323050784, 0.1073095390, 0.0901366991, 2905.8333, 2846.5625, 755.5950, 16.6566
2025-12-10 22:44:48, 0.1493078617, 0.1107023493, 0.2233755076, 0.1585765705, 2932.8364, 2802.3273, 757.0950, 17.8302
2025-12-10 22:44:54, 0.1459628168, 0.1297143311, 0.0866573608, 0.0588517551, 2740.8333, 2707.3958, 759.4500, 19.0420
2025-12-10 22:45:00, 0.1280311361, 0.0996250052, 0.0814657794, 0.0856340901, 2741.1731, 2664.0577, 762.8100, 18.7820
2025-12-10 22:45:06, 0.1253952598, 0.1224425639, 0.0924415403, 0.0821963113, 2777.4000, 2847.1500, 761.2850, 19.5746
2025-12-10 22:45:12, 0.1397975173, 0.1114587807, 0.1004822280, 0.0937716947, 2656.5932, 2674.1017, 760.6800, 21.1671
2025-12-10 22:45:17, 0.1352466815, 0.1299042172, 0.0852975625, 0.1049168633, 2683.2000, 2765.2250, 759.7500, 19.7994
2025-12-10 22:45:23, 0.0723116507, 0.0793079614, 0.1108698666, 0.0729343697, 2932.4800, 2897.0200, 759.0650, 22.0611
2025-12-10 22:45:29, 0.1271922255, 0.1059631632, 0.0835427536, 0.0692427890, 2644.1522, 2732.4565, 760.1300, 20.6234
2025-12-10 22:45:35, 0.1285629963, 0.1081933621, 0.0935257663, 0.0920932903, 3031.2800, 2970.2800, 763.1250, 22.5104
2025-12-10 22:45:40, 0.1605900786, 0.1123762450, 0.0625385051, 0.0694866613, 2663.7660, 2584.2553, 763.4850, 18.7606
2025-12-10 22:45:46, 0.0898449833, 0.1078567020, 0.1189629139, 0.0999410927, 2924.7333, 2860.4667, 764.2400, 23.4786
2025-12-10 22:45:51, 0.1738335881, 0.1039115359, 0.1159288650, 0.1186615468, 2961.1429, 2960.1667, 766.1550, 22.4440
2025-12-10 22:45:57, 0.1325255394, 0.0992398136, 0.0764559427, 0.0721764575, 2638.0638, 2723.3404, 766.7500, 21.5647
2025-12-10 22:46:03, 0.1277373069, 0.1149254492, 0.0872020421, 0.0802583199, 2866.2941, 2722.1765, 766.2950, 22.6625
2025-12-10 22:46:09, 0.1582229076, 0.1384421948, 0.0851831856, 0.0976053736, 2840.1915, 2801.9574, 770.5700, 22.3384
2025-12-10 22:46:14, 0.1051267665, 0.1066911481, 0.0797433514, 0.0726716480, 2726.3654, 2723.9615, 760.0850, 21.4403
2025-12-10 22:46:20, 0.0896318360, 0.1041383409, 0.1144592686, 0.1034314630, 2813.2453, 2818.5849, 768.3300, 20.8303
2025-12-10 22:46:26, 0.0623274738, 0.0906219492, 0.1111544505, 0.1248527608, 2841.2727, 2745.1591, 760.9600, 19.9336
2025-12-10 22:46:32, 0.1109758242, 0.1012042737, 0.0818602415, 0.0689564083, 2769.0377, 2720.6981, 758.7650, 21.5014
2025-12-10 22:46:37, 0.1068985367, 0.0781988661, 0.1127370004, 0.1030576935, 2820.9344, 2700.5574, 758.9000, 19.5969
2025-12-10 22:46:43, 0.0765581181, 0.0840616688, 0.0928299458, 0.0969430565, 2433.0870, 2451.2174, 760.4800, 20.2136
2025-12-10 22:46:49, 0.1122389036, 0.1297323858, 0.0890622203, 0.0697978601, 2814.7308, 2678.4808, 758.1750, 17.6387
2025-12-10 22:46:54, 0.1300428386, 0.1001900033, 0.1074655032, 0.1199360226, 2693.3455, 2757.2182, 759.8400, 17.8599
2025-12-10 22:47:00, 0.0834224355, 0.0650159430, 0.1499517215, 0.1334733309, 2956.9231, 2942.5769, 755.3900, 18.4355
2025-12-10 22:47:06, 0.0784224666, 0.0648253355, 0.0911756775, 0.0887118202, 2772.8070, 2698.8070, 755.0850, 19.7544
2025-12-10 22:47:12, 0.1193327992, 0.1042064941, 0.0767782332, 0.0786910896, 2743.8889, 2778.6000, 754.3100, 19.4726
2025-12-10 22:47:17, 0.1207556642, 0.0881878027, 0.0520589881, 0.0578143940, 2803.5417, 2769.7292, 755.2450, 17.9152
2025-12-10 22:47:23, 0.1312927412, 0.1380848731, 0.1214552210, 0.1031526949, 2857.2200, 2843.7400, 754.2400, 16.5524
2025-12-10 22:47:29, 0.1043951818, 0.0938825603, 0.0764139073, 0.0605686011, 2741.1212, 2623.2879, 753.8550, 20.2194
2025-12-10 22:47:35, 0.1175521579, 0.1257844004, 0.1126055453, 0.1239883208, 2613.7647, 2704.2157, 755.5300, 17.3456
2025-12-10 22:47:41, 0.1452087516, 0.1437630154, 0.1583162667, 0.1293831653, 2825.7581, 2847.4194, 754.2700, 19.2566
2025-12-10 22:47:46, 0.0946807640, 0.1507768304, 0.1224660474, 0.1013526720, 2907.2353, 2829.8824, 750.1850, 17.6890
2025-12-10 22:47:52, 0.1781062551, 0.1356069825, 0.0925859897, 0.0827944711, 3036.2619, 3221.8095, 752.8450, 18.5637
2025-12-10 22:47:58, 0.0951144522, 0.1100111008, 0.0744279221, 0.0783282492, 2607.1200, 2750.2400, 752.2450, 18.2681
2025-12-10 22:48:03, 0.1442030634, 0.1277697764, 0.0848043163, 0.0927757513, 2624.9592, 2619.3265, 755.8250, 19.4398
2025-12-10 22:48:09, 0.0979610683, 0.1052479256, 0.1138214472, 0.1125702623, 3091.9400, 3056.2000, 753.4450, 17.8083
2025-12-10 22:48:15, 0.1026798294, 0.1240115308, 0.0695518628, 0.0699122048, 2796.0732, 2799.1707, 752.4200, 15.9494
2025-12-10 22:48:20, 0.1469130012, 0.1188152546, 0.0756605446, 0.0711987035, 2825.1447, 2859.1316, 754.2650, 20.4816
2025-12-10 22:48:26, 0.1096817910, 0.1069693359, 0.0624327976, 0.0782815892, 2856.5167, 2812.0833, 755.1950, 19.2470
2025-12-10 22:48:32, 0.1095278458, 0.1020656452, 0.0931420032, 0.0800145447, 2830.1064, 2833.7872, 754.0500, 19.0346
2025-12-10 22:48:38, 0.1604521626, 0.1277142992, 0.0728119090, 0.0710051178, 3127.4462, 3063.1846, 754.2750, 19.4512
2025-12-10 22:48:43, 0.1416389909, 0.1043307550, 0.0595408938, 0.0856539070, 2756.8542, 2786.7917, 757.1400, 20.4230
2025-12-10 22:48:49, 0.1364078122, 0.1114479867, 0.0692789259, 0.0593209088, 2721.6750, 2653.9250, 754.6200, 21.4076
2025-12-10 22:48:55, 0.1145062020, 0.1040170018, 0.0864497686, 0.0626598872, 2905.0000, 2744.2069, 753.8650, 20.2457
2025-12-10 22:49:01, 0.1466736693, 0.1237152821, 0.0533892806, 0.0540425796, 2637.0870, 2585.6304, 754.8250, 18.4760
2025-12-10 22:49:06, 0.1214524115, 0.1240124836, 0.0605700633, 0.0451462878, 2724.5323, 2583.2742, 755.3650, 18.6685
2025-12-10 22:49:12, 0.1158249916, 0.0811577318, 0.0888930094, 0.0744603619, 3194.4889, 2982.4222, 756.5100, 18.7454
2025-12-10 22:49:18, 0.1354167526, 0.1122955048, 0.1076299024, 0.1189413996, 2932.9464, 2908.3750, 757.1300, 18.6840
2025-12-10 22:49:24, 0.1175464133, 0.0822806419, 0.0626589716, 0.0648305208, 2979.9048, 2885.8413, 760.2100, 19.6717
2025-12-10 22:49:29, 0.1356444257, 0.1165144761, 0.0870431993, 0.0991048862, 2847.1905, 2763.0159, 762.6050, 19.4759
2025-12-10 22:49:35, 0.1138586424, 0.1211926942, 0.0877275482, 0.0987708837, 2855.3175, 2810.0952, 761.3900, 20.9988
2025-12-10 22:49:41, 0.1319780328, 0.0939275902, 0.1144802025, 0.0908106317, 2682.8750, 2528.2083, 760.2250, 19.1670
2025-12-10 22:49:46, 0.0689981073, 0.0959292001, 0.0846152409, 0.0975265771, 2705.7419, 2710.7581, 759.2950, 20.6465
2025-12-10 22:49:52, 0.0588269279, 0.0703325476, 0.0623963547, 0.0691064303, 2707.3968, 2646.1270, 761.3600, 19.3461
2025-12-10 22:49:58, 0.1221730988, 0.1115718763, 0.0914021688, 0.1140022213, 2757.2344, 2632.8906, 763.3950, 20.3823
2025-12-10 22:50:04, 0.1408741196, 0.0948174341, 0.0927767626, 0.0752175244, 2688.4545, 2603.9273, 763.3300, 22.6343
2025-12-10 22:50:10, 0.1260773406, 0.1038548081, 0.0866973862, 0.0814195481, 2693.6182, 2724.7091, 761.7100, 19.2205
2025-12-10 22:50:16, 0.1222830861, 0.0984155775, 0.0833387259, 0.0522839179, 2903.3191, 2835.7021, 764.8200, 19.1298
2025-12-10 22:50:22, 0.1287864835, 0.1164238470, 0.0995747964, 0.1018534191, 2975.3387, 2857.0161, 765.5900, 19.0300
2025-12-10 22:50:28, 0.1235056843, 0.1091482320, 0.0904739866, 0.0648242857, 2616.1111, 2482.2667, 765.8250, 19.4868
2025-12-10 22:50:34, 0.1154715493, 0.1095678791, 0.0976544545, 0.0915087019, 2801.4792, 2716.7917, 760.5750, 18.3550
2025-12-10 22:50:40, 0.1279993016, 0.0985795458, 0.0498647303, 0.0648878576, 2703.6379, 2630.0172, 765.6750, 20.0773
2025-12-10 22:50:45, 0.0999366315, 0.1260853123, 0.1189893791, 0.1122924853, 2602.8667, 2581.2444, 763.9250, 19.3479
2025-12-10 22:50:51, 0.1463998842, 0.1049517618, 0.1122855723, 0.0990488274, 2542.7647, 2438.3529, 763.8350, 16.5411
2025-12-10 22:50:57, 0.1108979643, 0.1265970733, 0.1155029301, 0.0869512094, 2609.0909, 2639.7727, 764.9700, 20.4120
2025-12-10 22:51:03, 0.1016368520, 0.1196697655, 0.1353894790, 0.1393654718, 2808.3188, 2869.2319, 762.0550, 19.1776
2025-12-10 22:51:08, 0.0767096017, 0.1038574675, 0.1212017204, 0.0906240885, 2728.8611, 2658.1944, 763.7400, 16.1689
2025-12-10 22:51:14, 0.0746693588, 0.0848976789, 0.1315099562, 0.1638235942, 2648.6750, 2635.8000, 762.7450, 21.6407
2025-12-10 22:51:20, 0.0814915671, 0.0741727114, 0.1321784961, 0.1244452039, 2906.4074, 2905.1667, 762.8600, 17.8771
2025-12-10 22:51:26, 0.0917857425, 0.0986557548, 0.1411032791, 0.1098380296, 2919.9434, 2876.4528, 756.4200, 19.5334
2025-12-10 22:51:31, 0.0721351244, 0.0828522752, 0.1455775013, 0.1435596367, 2828.8298, 2807.0851, 759.7000, 19.7256
2025-12-10 22:51:37, 0.0789122035, 0.0865776898, 0.1063904560, 0.0895420550, 2864.4815, 2745.9444, 760.9650, 19.1550
2025-12-10 22:51:43, 0.1387116734, 0.1250506250, 0.0706195192, 0.1102520389, 2734.5833, 2773.1875, 761.1250, 18.1706
2025-12-10 22:51:48, 0.0989913621, 0.0863271390, 0.1070719955, 0.0936990168, 2687.8947, 2720.1579, 757.6850, 17.5760
2025-12-10 22:51:54, 0.0644000153, 0.0552341178, 0.1423404562, 0.1299287733, 2991.8333, 2899.9630, 762.3350, 18.3181
2025-12-10 22:52:00, 0.1090486401, 0.1245285716, 0.0815446204, 0.0527557106, 2886.1509, 2806.0189, 760.1750, 17.6469
2025-12-10 22:52:05, 0.1089736854, 0.0808441397, 0.0967586265, 0.1170939683, 2638.6000, 2614.0667, 759.5400, 18.6351
2025-12-10 22:52:12, 0.0795961119, 0.0934401616, 0.1048821070, 0.0935411446, 2952.8209, 2940.7015, 761.9550, 17.7328
2025-12-10 22:52:18, 0.0891827679, 0.0704093937, 0.0943801899, 0.0756853296, 2826.2105, 2742.1228, 758.4000, 17.8936
2025-12-10 22:52:23, 0.0906812094, 0.1249343848, 0.0584944244, 0.0498783824, 2644.9038, 2565.1923, 759.2400, 17.4184
2025-12-10 22:52:29, 0.0601714695, 0.0617731314, 0.0752162521, 0.0666761192, 2903.1333, 2858.7500, 759.6400, 15.5123
2025-12-10 22:52:35, 0.0862583870, 0.0739298956, 0.0795007646, 0.1010103973, 2728.2069, 2678.5000, 760.1600, 16.6920
2025-12-10 22:52:40, 0.0719993069, 0.0741230661, 0.0784466275, 0.0749494822, 2696.3137, 2710.3725, 758.1400, 18.9934
2025-12-10 22:52:46, 0.1033145662, 0.0899002169, 0.0804709376, 0.0769315869, 2611.2653, 2620.1429, 757.1950, 17.5013
2025-12-10 22:52:52, 0.0841059701, 0.0737850053, 0.0725473892, 0.0764795547, 2489.1154, 2458.2500, 757.5400, 20.4208
2025-12-10 22:52:58, 0.0935504539, 0.0832606065, 0.0788915580, 0.0788272340, 2845.3182, 2808.5000, 760.0200, 17.2815
2025-12-10 22:53:03, 0.0744937727, 0.0697469284, 0.0776030063, 0.0958787990, 2671.0968, 2661.5484, 759.2000, 20.6536
2025-12-10 22:53:09, 0.0771133105, 0.0653196932, 0.0674363891, 0.0829955290, 2827.4035, 2815.4737, 757.4100, 20.1607
2025-12-10 22:53:15, 0.0722119552, 0.0481333624, 0.1002710580, 0.1035704206, 2709.7647, 2696.0000, 757.4400, 19.1420
2025-12-10 22:53:20, 0.0991602278, 0.0868210426, 0.1138279119, 0.0982264102, 2882.8806, 2841.9403, 756.3850, 17.9704
2025-12-10 22:53:26, 0.1301795641, 0.1136316469, 0.0803780385, 0.0794111067, 2809.4082, 2792.0612, 757.2200, 19.6171
2025-12-10 22:53:32, 0.0703914782, 0.0574786611, 0.0778118435, 0.0828270170, 2624.0000, 2726.2167, 757.2550, 18.2713
2025-12-10 22:53:37, 0.1110180080, 0.0960947802, 0.1021529739, 0.0751049894, 2956.3077, 2942.3654, 759.2650, 18.6412
2025-12-10 22:53:43, 0.1483338578, 0.0960290450, 0.1076133895, 0.0901914986, 2775.4259, 2729.3519, 756.3350, 17.7382
2025-12-10 22:53:49, 0.0667959515, 0.0893807175, 0.1515243322, 0.1084274001, 2725.2500, 2653.7321, 755.7950, 18.5837
2025-12-10 22:53:55, 0.1227142920, 0.0994692859, 0.0706679620, 0.0860673789, 2706.0816, 2874.0000, 755.7050, 18.6552
2025-12-10 22:54:01, 0.0729203105, 0.0769134724, 0.1024096453, 0.0864710135, 2600.2667, 2599.7333, 756.0900, 18.0009
2025-12-10 22:54:06, 0.1042088136, 0.0860475175, 0.0768278988, 0.0623571772, 2772.4694, 2717.8163, 757.5550, 17.8151
2025-12-10 22:54:12, 0.1050425908, 0.0984453872, 0.0884782029, 0.0778386368, 2790.4286, 2739.8254, 755.1150, 18.0483
2025-12-10 22:54:18, 0.1166437708, 0.1029329848, 0.0741719593, 0.0745915305, 2991.5439, 2938.0526, 757.1850, 17.8530
2025-12-10 22:54:23, 0.1026495364, 0.1049440917, 0.1161933413, 0.0894320763, 2773.5238, 2662.2540, 753.9200, 18.8158
2025-12-10 22:54:29, 0.1582276596, 0.0964963433, 0.0880126358, 0.0771725211, 2961.4615, 2755.5192, 756.0200, 17.4192
2025-12-10 22:54:35, 0.1233795320, 0.0898467782, 0.1325788700, 0.0856181131, 2776.0154, 2718.9692, 758.6800, 17.5769
2025-12-10 22:54:41, 0.0658113955, 0.0689519582, 0.1112556067, 0.0888768941, 2745.0000, 2626.3333, 757.9200, 18.7895
2025-12-10 22:54:46, 0.0817684453, 0.0828737158, 0.1229828795, 0.1023573105, 2731.2195, 2763.1951, 758.2300, 16.9188
2025-12-10 22:54:52, 0.0820708516, 0.1080154702, 0.1006343198, 0.0945874849, 2766.8750, 2782.8750, 757.3750, 18.0032
2025-12-10 22:54:58, 0.1213404518, 0.0912910320, 0.0910891719, 0.0834385902, 2668.5172, 2704.0000, 757.6600, 17.8080
2025-12-10 22:55:03, 0.1620434125, 0.1142840669, 0.1080570254, 0.1254355009, 3148.1667, 3104.2083, 755.1750, 19.2017
2025-12-10 22:55:09, 0.1705338872, 0.1130396287, 0.1440134038, 0.1343764590, 2515.9825, 2615.2807, 758.2350, 17.4817
2025-12-10 22:55:15, 0.1673524331, 0.1137356992, 0.1166962735, 0.1165385739, 2612.4231, 2638.2885, 758.7850, 17.4739
2025-12-10 22:55:20, 0.1627747230, 0.1252398968, 0.0893397936, 0.0983642670, 2836.5660, 2768.5849, 759.6900, 17.8489
2025-12-10 22:55:26, 0.1334885182, 0.1182279629, 0.0912190025, 0.0848336876, 2855.7872, 2848.8511, 757.6300, 18.5395
2025-12-10 22:55:32, 0.1600941817, 0.1101675355, 0.1505188826, 0.1067502079, 2873.8833, 2853.9667, 758.8300, 16.7985
2025-12-10 22:55:38, 0.1515456712, 0.1316490335, 0.0954641287, 0.0802796201, 2768.8654, 2714.4615, 759.6050, 18.2195
2025-12-10 22:55:43, 0.0770884487, 0.0758454034, 0.1122096694, 0.1228728605, 2865.9400, 2966.6200, 759.8300, 20.1177
2025-12-10 22:55:49, 0.0709683921, 0.0671641797, 0.0857469013, 0.0966482969, 2635.7966, 2800.4576, 758.2550, 19.6525
2025-12-10 22:55:55, 0.0959056587, 0.0809895407, 0.1040911223, 0.0786695332, 2842.6667, 2749.8095, 760.2750, 19.6464
2025-12-10 22:56:01, 0.1104153591, 0.1006971410, 0.0864042177, 0.0893455560, 2531.3137, 2614.5686, 761.3300, 18.2697
2025-12-10 22:56:07, 0.1435572494, 0.1132891110, 0.0922417428, 0.1117418449, 2861.2727, 2839.7727, 762.7300, 17.2002
2025-12-10 22:56:12, 0.1071204135, 0.0938434123, 0.1341828692, 0.1072223706, 2900.2593, 2962.6852, 761.5150, 20.1159
2025-12-10 22:56:18, 0.0742264714, 0.0780753769, 0.1066074956, 0.1177021578, 2821.9722, 2771.0278, 764.8850, 18.3786
2025-12-10 22:56:24, 0.1048511770, 0.1010641311, 0.2646270941, 0.1844767971, 2828.1702, 2748.5745, 765.2200, 17.1645
2025-12-10 22:56:29, 0.0953770253, 0.0966026257, 0.1457452338, 0.1398586157, 2965.6226, 2932.3019, 757.8700, 18.2626
2025-12-10 22:56:35, 0.0878552140, 0.0850197596, 0.0997444109, 0.0878219646, 2776.6596, 2815.7021, 764.6550, 17.9732
2025-12-10 22:56:41, 0.0647281487, 0.0887275720, 0.1598997386, 0.1252473455, 2608.4750, 2554.7000, 761.4900, 16.2610
2025-12-10 22:56:47, 0.1385150237, 0.0929453408, 0.1274574445, 0.0943315996, 2712.0426, 2643.2340, 763.7650, 17.7592
2025-12-10 22:56:52, 0.1154097837, 0.0871232868, 0.2258030893, 0.1726047024, 2834.2857, 2744.2143, 762.8900, 20.4660
2025-12-10 22:56:58, 0.1031420093, 0.0925313424, 0.0762386950, 0.0869114192, 2787.5000, 2744.3387, 762.9500, 18.4591
2025-12-10 22:57:04, 0.0736377330, 0.1160542133, 0.1861438930, 0.1597738062, 2970.9216, 2909.1765, 762.2050, 17.6239
2025-12-10 22:57:10, 0.0936147660, 0.0718006645, 0.1128229052, 0.1181277747, 2874.5625, 2889.9531, 759.6000, 17.9892
2025-12-10 22:57:16, 0.0943331238, 0.0860636100, 0.1042608996, 0.0891621741, 2872.0508, 2776.5593, 760.8900, 17.5456
2025-12-10 22:57:22, 0.1400314058, 0.1112665643, 0.1023229153, 0.0910953890, 2839.6842, 2795.7544, 762.6150, 19.2124
2025-12-10 22:57:28, 0.0736462569, 0.0662019605, 0.1356485448, 0.0859296175, 3053.2373, 2852.9492, 760.0750, 19.9140
2025-12-10 22:57:33, 0.1244907731, 0.0856549132, 0.1217345006, 0.0876803241, 2905.7500, 2795.8333, 762.7400, 20.1778
2025-12-10 22:57:39, 0.1207865378, 0.1047500128, 0.1380524329, 0.0976803884, 2969.9608, 2852.3922, 760.4200, 18.0525
2025-12-10 22:57:45, 0.1185181412, 0.1135740148, 0.1612824755, 0.1378433514, 2866.8814, 2797.3559, 760.8000, 18.1689
2025-12-10 22:57:51, 0.0716526711, 0.0706587542, 0.1413825606, 0.1152306731, 3113.2037, 3030.9259, 764.5050, 17.4451
2025-12-10 22:57:56, 0.0982311725, 0.1029959725, 0.1409774290, 0.1433386436, 2732.9833, 2736.6833, 763.7700, 19.0052
2025-12-10 22:58:02, 0.1115011376, 0.0646234025, 0.2126281168, 0.1534111011, 3101.8421, 2918.4912, 760.3100, 15.6800
2025-12-10 22:58:08, 0.1098262102, 0.1013605232, 0.1804632648, 0.1824226170, 2782.3273, 2725.1455, 758.3850, 16.2913
2025-12-10 22:58:14, 0.0723325281, 0.1016917962, 0.1341180334, 0.1690973433, 2461.3704, 2534.2963, 759.3200, 18.4412
2025-12-10 22:58:20, 0.0657781471, 0.0642348070, 0.1797317943, 0.2133448503, 2979.8000, 2989.7167, 756.8000, 16.4213
2025-12-10 22:58:25, 0.0860195136, 0.0853929773, 0.1592600565, 0.1439028371, 2763.3962, 2715.5283, 756.9650, 17.0852
2025-12-10 22:58:31, 0.0893621950, 0.0907125905, 0.1539801974, 0.1093391722, 2658.0702, 2551.3509, 757.8150, 17.3078
2025-12-10 22:58:37, 0.1276118976, 0.1101534222, 0.1145564516, 0.0742860857, 2739.8974, 2707.0513, 758.4450, 19.9536
2025-12-10 22:58:43, 0.0821843337, 0.0980543400, 0.1797770214, 0.2175389056, 2775.1923, 2967.8269, 761.5000, 18.3202
2025-12-10 22:58:49, 0.0766034035, 0.1052199479, 0.1375054625, 0.1243733634, 2838.5000, 2808.1667, 760.6250, 18.2886
2025-12-10 22:58:54, 0.1295638562, 0.0916198325, 0.0957179262, 0.0674653250, 2791.0167, 2735.5333, 759.7800, 17.6723
2025-12-10 22:59:00, 0.1132022166, 0.0937024639, 0.0835854245, 0.1204760972, 2685.8163, 2833.7143, 757.9450, 19.0786
2025-12-10 22:59:05, 0.1385828330, 0.1086962198, 0.1762298926, 0.2110802256, 2776.9744, 2863.2821, 762.1200, 16.6735
2025-12-10 22:59:11, 0.1110791652, 0.1055817498, 0.1293127676, 0.1175581147, 2742.8281, 2742.1562, 762.1450, 16.7184
2025-12-10 22:59:17, 0.0931632608, 0.0904584906, 0.1510674641, 0.1397402740, 2793.4590, 2723.0000, 764.7050, 17.6215
2025-12-10 22:59:22, 0.1077662916, 0.0797437364, 0.1110818582, 0.0809796281, 2716.8909, 2662.1636, 760.9200, 18.1932
2025-12-10 22:59:28, 0.1222606391, 0.0851422885, 0.1330116908, 0.1219845353, 2790.7381, 2743.8095, 765.0100, 17.4514
2025-12-10 22:59:34, 0.0906758309, 0.0795872057, 0.1774545567, 0.1872324194, 2829.4286, 2880.5102, 761.5350, 17.3718
2025-12-10 22:59:39, 0.0712049787, 0.0830702949, 0.1761997410, 0.1535024625, 2787.9024, 2779.8780, 762.5500, 16.6832
2025-12-10 22:59:45, 0.0795397238, 0.0563130804, 0.1710435382, 0.1759162797, 2745.6071, 2755.6250, 765.2650, 18.3936
2025-12-10 22:59:51, 0.1075741713, 0.0706772924, 0.1796141708, 0.2213560929, 2925.8596, 3034.6667, 763.0350, 18.2317
2025-12-10 22:59:57, 0.0988772587, 0.1046073228, 0.1044865426, 0.1184074121, 2618.9111, 2675.2222, 765.6200, 17.7735
2025-12-10 23:00:02, 0.1398553037, 0.1133782888, 0.1386978440, 0.1356772399, 2646.5682, 2618.7045, 754.2300, 18.2411
2025-12-10 23:00:08, 0.1081548417, 0.1189607057, 0.1850888574, 0.1522472076, 2857.7115, 2812.6538, 754.6500, 18.9899
2025-12-10 23:00:13, 0.0653345217, 0.0896190852, 0.1522740074, 0.1336454941, 2672.0811, 2708.9189, 753.5150, 16.9903
2025-12-10 23:00:19, 0.1473441892, 0.1373628001, 0.1252044142, 0.1007841463, 2686.7414, 2724.2759, 758.5500, 17.9033
2025-12-10 23:00:25, 0.1375240186, 0.1082970690, 0.1297761662, 0.0974619161, 2731.5600, 2606.2600, 752.5050, 16.8997
2025-12-10 23:00:31, 0.0932940240, 0.0764588790, 0.1007138540, 0.0731269489, 2932.1373, 2881.2941, 752.5600, 18.4693
2025-12-10 23:00:37, 0.1149623390, 0.0678739237, 0.1015412501, 0.0731545588, 2736.0417, 2801.2500, 750.3550, 17.1738
2025-12-10 23:00:42, 0.0860080230, 0.0793827759, 0.1108885297, 0.0864823334, 2750.3571, 2803.5000, 753.7250, 16.5073
2025-12-10 23:00:48, 0.1042409992, 0.0832789579, 0.0646522677, 0.0594696391, 2392.4524, 2390.6190, 755.8250, 17.9923
2025-12-10 23:00:54, 0.1290080991, 0.0781255018, 0.0964297588, 0.1147496162, 2670.9773, 2653.0682, 757.1300, 18.2097
2025-12-10 23:00:59, 0.1336192151, 0.1016944701, 0.1069182057, 0.0864540321, 2891.5577, 2808.9808, 754.7800, 16.7078
2025-12-10 23:01:05, 0.0937649173, 0.0792805326, 0.1170846665, 0.0891806421, 2843.5682, 2774.2045, 755.9800, 17.8606
2025-12-10 23:01:11, 0.1138039244, 0.0959460052, 0.1003931457, 0.0884900932, 2891.3284, 2880.5075, 756.4300, 18.2821
2025-12-10 23:01:17, 0.1402471350, 0.1214707574, 0.0729415410, 0.0765689330, 2790.1356, 2721.5254, 756.9900, 17.9869
2025-12-10 23:01:23, 0.1202383211, 0.1036267882, 0.1186835580, 0.1141887109, 2715.1091, 2697.0000, 758.6700, 19.5564
2025-12-10 23:01:29, 0.0777597651, 0.0815465409, 0.1487581268, 0.1109261374, 3100.5769, 3167.8462, 755.9350, 18.2699
2025-12-10 23:01:35, 0.0817313564, 0.1008540540, 0.0864600378, 0.0908654706, 2658.5079, 2630.9524, 757.4000, 17.9639
2025-12-10 23:01:40, 0.1022352649, 0.0918125118, 0.1051889304, 0.1044230995, 2944.2391, 2797.3913, 755.5400, 18.6354
2025-12-10 23:01:46, 0.1037042254, 0.0655112238, 0.0862185550, 0.1066057311, 2961.4915, 2881.9153, 759.6200, 19.7860
2025-12-10 23:01:52, 0.0955837976, 0.0913987614, 0.1117667857, 0.1267502736, 3070.6444, 2947.2444, 763.7900, 19.1443
2025-12-10 23:01:57, 0.0456741410, 0.0657215984, 0.1308575323, 0.1552350863, 2941.5098, 2892.2745, 761.2900, 17.9342
2025-12-10 23:02:03, 0.1055947773, 0.0974116517, 0.1252595950, 0.1062277317, 2679.1034, 2675.4310, 761.5400, 18.7984
2025-12-10 23:02:09, 0.1260985870, 0.0863655478, 0.1667396554, 0.1384349529, 2988.7049, 2936.9508, 764.9550, 16.6488
2025-12-10 23:02:14, 0.1091249761, 0.0797273576, 0.1250672469, 0.1169330155, 2881.0789, 2707.3947, 759.9950, 18.1545
2025-12-10 23:02:20, 0.0815199777, 0.0925838130, 0.0691326469, 0.0731563940, 2818.0577, 2843.7885, 762.0950, 19.3958
2025-12-10 23:02:26, 0.0589542282, 0.0501155325, 0.1770918172, 0.1248393937, 3099.6724, 2960.5000, 759.3900, 18.9607
2025-12-10 23:02:32, 0.0615344163, 0.0546996268, 0.1428464396, 0.1338877038, 2680.3621, 2577.3103, 760.8150, 16.9511
2025-12-10 23:02:38, 0.0765753211, 0.0707932583, 0.1091879513, 0.0945458898, 2602.6939, 2594.9388, 762.6000, 19.1849
2025-12-10 23:02:43, 0.0972315275, 0.0785630059, 0.1593670163, 0.1657695455, 2672.5000, 2768.4773, 758.0500, 19.0984
2025-12-10 23:02:49, 0.0948464768, 0.0905468806, 0.1490198489, 0.1206450376, 2752.9138, 2878.6207, 758.9700, 20.1670
2025-12-10 23:02:55, 0.0931126875, 0.0976400220, 0.1066807249, 0.0827337939, 2699.3208, 2718.8868, 759.8900, 18.3272
2025-12-10 23:03:02, 0.0732725087, 0.0660152734, 0.1094800291, 0.1047712063, 2790.7222, 2730.1852, 756.8500, 18.2677
2025-12-10 23:03:08, 0.1081633024, 0.0799567678, 0.1054569313, 0.1072947686, 2604.8571, 2563.1905, 759.6550, 18.4609
2025-12-10 23:03:14, 0.0877802413, 0.0829265940, 0.0906240187, 0.0881832712, 2707.6667, 2575.3684, 761.7950, 18.5702
2025-12-10 23:03:19, 0.0509677435, 0.0459622291, 0.0751875119, 0.0788126230, 2649.8923, 2662.8000, 762.8550, 18.4099
2025-12-10 23:03:25, 0.0742442862, 0.0702281231, 0.1077013260, 0.0893739605, 2817.5094, 2664.0566, 760.4200, 18.3329
2025-12-10 23:03:31, 0.0693949807, 0.0544159509, 0.1045370190, 0.1225494731, 2579.6250, 2533.1071, 762.9550, 18.6639
2025-12-10 23:03:36, 0.0516046404, 0.0507084450, 0.0978924727, 0.0645937082, 2683.7463, 2669.9701, 763.7000, 19.6553
2025-12-10 23:03:42, 0.0530807223, 0.0639536658, 0.1204209498, 0.0960259546, 2857.7969, 2754.1719, 763.1950, 18.6988
2025-12-10 23:03:48, 0.0773360396, 0.0835281684, 0.0982038069, 0.0931911614, 3077.1250, 2975.1964, 758.5000, 20.1075
2025-12-10 23:03:53, 0.0437823550, 0.0383875339, 0.1013428271, 0.1025877024, 2925.8305, 2879.5593, 757.6800, 18.7253
2025-12-10 23:03:59, 0.0504367735, 0.0552718854, 0.0780881453, 0.0784350193, 2667.4561, 2606.3158, 758.9550, 19.4325
2025-12-10 23:04:05, 0.0629578750, 0.0616787948, 0.0935936473, 0.0967593630, 2723.0175, 2692.7719, 758.3950, 18.6102
2025-12-10 23:04:11, 0.0758478178, 0.0918143973, 0.1170889833, 0.1150216078, 2907.0000, 2793.0667, 758.7700, 20.2301
2025-12-10 23:04:16, 0.0676523010, 0.0754002708, 0.1169027783, 0.1505419788, 2695.8077, 2816.9423, 763.8900, 19.1629
2025-12-10 23:04:22, 0.0907221055, 0.0791005146, 0.1279042226, 0.1374588337, 2691.8542, 2709.4167, 758.8000, 20.1191
2025-12-10 23:04:28, 0.1067900095, 0.0789358878, 0.0839713636, 0.0801492380, 2670.5000, 2640.5238, 756.4900, 18.5914
2025-12-10 23:04:34, 0.0770087632, 0.0904118538, 0.1209297419, 0.0934219841, 2898.2500, 2916.4375, 757.9200, 21.0859
2025-12-10 23:04:40, 0.0748601201, 0.0824753606, 0.0973190817, 0.0992691184, 2705.8800, 2726.5400, 755.9100, 19.4273
2025-12-10 23:04:45, 0.0868830926, 0.1076751696, 0.1052527260, 0.0965210720, 2883.0000, 2819.9245, 757.7500, 18.5175
2025-12-10 23:04:51, 0.0781719050, 0.0882104029, 0.0940906573, 0.0751886323, 2517.7917, 2524.1458, 755.3750, 17.9871
2025-12-10 23:04:57, 0.0928504159, 0.0818590157, 0.1925999015, 0.1863121342, 2898.4364, 2915.6545, 756.2200, 17.1535
2025-12-10 23:05:02, 0.0647996420, 0.0520585947, 0.1671140584, 0.1825128697, 2777.7600, 2758.7400, 756.5750, 17.8215
2025-12-10 23:05:08, 0.1081681027, 0.0950306856, 0.1331370027, 0.1212266227, 2626.6286, 2633.0286, 757.6800, 16.8311
2025-12-10 23:05:14, 0.1013025449, 0.0892926420, 0.1136288427, 0.1383276988, 2629.1064, 2684.5745, 757.1400, 19.3073
2025-12-10 23:05:20, 0.0512472768, 0.0443439108, 0.1520500024, 0.1287345430, 2943.4912, 2893.5965, 754.5450, 19.5989
2025-12-10 23:05:26, 0.0591826319, 0.0663766020, 0.1260243306, 0.1395273622, 2724.3529, 2746.6863, 758.0900, 19.1568
2025-12-10 23:05:31, 0.0732040821, 0.0649784552, 0.1693539946, 0.1272261579, 2587.5370, 2517.0741, 759.2350, 17.8008
2025-12-10 23:05:37, 0.0683701932, 0.0564946676, 0.1007541858, 0.0909275413, 2878.4681, 2792.5106, 759.0950, 18.2199
2025-12-10 23:05:43, 0.1096625600, 0.0813590293, 0.0850791424, 0.0954033273, 2832.7000, 2815.1333, 759.9950, 18.2438
2025-12-10 23:05:49, 0.0839666934, 0.0797349659, 0.1459672742, 0.1320722285, 2862.2037, 2782.1481, 760.9500, 17.9253
2025-12-10 23:05:54, 0.1066467792, 0.1091907799, 0.0947743297, 0.1108811659, 2790.9492, 2733.0169, 761.4550, 17.4897
2025-12-10 23:06:00, 0.1384530207, 0.0868991777, 0.0739981372, 0.0766229990, 2841.4200, 2857.8800, 758.5300, 17.9284
2025-12-10 23:06:06, 0.1255852454, 0.0925516355, 0.1933443923, 0.1596582244, 2714.1803, 2742.4590, 759.3150, 17.7667
2025-12-10 23:06:12, 0.0809704146, 0.0916391106, 0.1421899701, 0.1624718140, 2760.2353, 2825.7647, 758.8950, 16.9639
2025-12-10 23:06:17, 0.0760588854, 0.0708790305, 0.1664207198, 0.1456582749, 2973.3400, 2920.5200, 756.1900, 18.9316
2025-12-10 23:06:23, 0.0701178277, 0.0612396173, 0.1100289579, 0.1163490788, 2916.3077, 2824.8769, 759.5850, 17.8040
2025-12-10 23:06:29, 0.1055492833, 0.0859603718, 0.1111859469, 0.0921535247, 2920.9388, 2835.0000, 759.3800, 19.7721
2025-12-10 23:06:34, 0.0611046317, 0.0526394335, 0.1398990382, 0.1561997511, 2893.8333, 2813.8333, 758.6050, 19.9800
2025-12-10 23:06:40, 0.1029432895, 0.1001384596, 0.0887308885, 0.0600101585, 2880.8983, 2785.4407, 761.1750, 18.7135
2025-12-10 23:06:46, 0.0808918675, 0.0775799571, 0.0766273834, 0.0836106355, 2648.1746, 2623.5714, 757.1550, 18.1563
2025-12-10 23:06:51, 0.0916741072, 0.0882308391, 0.0991171993, 0.0897168933, 2925.7500, 2871.9583, 759.3200, 19.3261
2025-12-10 23:06:57, 0.0524003924, 0.0597723964, 0.0963754839, 0.0777858119, 2964.0870, 2827.4058, 759.0750, 17.1828
2025-12-10 23:07:03, 0.0750723777, 0.0666786888, 0.0690268583, 0.0718554660, 2802.5833, 2830.3958, 755.4800, 16.8312
2025-12-10 23:07:08, 0.0923125597, 0.0746389461, 0.0795516748, 0.0939888501, 2886.2034, 2812.4407, 754.7800, 18.1599
2025-12-10 23:07:14, 0.0791921712, 0.0665594306, 0.0894929246, 0.0736561222, 3058.0714, 2993.3143, 756.8100, 19.2105
2025-12-10 23:07:20, 0.0693911332, 0.0690682651, 0.0788405625, 0.0716942775, 2812.4681, 2726.6170, 758.0300, 17.7079
2025-12-10 23:07:26, 0.0623026337, 0.0564009293, 0.0789875202, 0.0835745071, 2527.8923, 2605.7692, 761.2900, 18.3768
2025-12-10 23:07:31, 0.0744760202, 0.0739590062, 0.1030767024, 0.0723387098, 2755.5000, 2704.4615, 759.8350, 18.1270
2025-12-10 23:07:37, 0.0722201924, 0.0819217034, 0.1195757185, 0.0731942099, 2727.1698, 2675.8302, 760.3750, 19.4032
2025-12-10 23:07:43, 0.0771535323, 0.0712605776, 0.0737469943, 0.0822586330, 2773.1754, 2792.7018, 763.0250, 16.8764
2025-12-10 23:07:48, 0.1081052561, 0.0791824027, 0.1078038339, 0.0825899476, 2840.5909, 2726.8636, 764.9400, 16.3978
2025-12-10 23:07:54, 0.0861255570, 0.0571049775, 0.1293621653, 0.1011795653, 2801.5862, 2682.7586, 763.7050, 18.6410
2025-12-10 23:08:00, 0.0594248529, 0.0567076587, 0.1331841460, 0.1158342632, 2727.4531, 2702.8906, 762.2100, 17.4916
2025-12-10 23:08:05, 0.0637094950, 0.0627123201, 0.0966097157, 0.0862157033, 2726.3448, 2599.6552, 760.2350, 17.5405
2025-12-10 23:08:11, 0.0493205394, 0.0423754257, 0.1205313905, 0.1158216832, 2822.3824, 2734.4412, 764.0000, 17.7011
2025-12-10 23:08:17, 0.0911850528, 0.0731448084, 0.0870931876, 0.0678632333, 2680.9825, 2668.7193, 759.9800, 17.9137
2025-12-10 23:08:23, 0.0716815075, 0.0659338909, 0.1136679910, 0.0964595295, 2755.5077, 2715.5846, 763.5450, 16.5936
2025-12-10 23:08:28, 0.0468167218, 0.0420589900, 0.1228066363, 0.0975281219, 2894.2647, 2741.6471, 763.1600, 18.0282
2025-12-10 23:08:34, 0.0668905833, 0.0635013237, 0.0920842785, 0.0757116145, 2845.3939, 2783.1818, 764.5050, 18.5421
2025-12-10 23:08:40, 0.0614959142, 0.0828295011, 0.1766244844, 0.1373361071, 2849.1591, 2702.0000, 761.4100, 16.7464
2025-12-10 23:08:46, 0.1370384753, 0.1077623165, 0.0824154190, 0.0884010491, 2561.8444, 2523.2222, 761.4350, 16.8002
2025-12-10 23:08:51, 0.0661971614, 0.0708355658, 0.1328046723, 0.1324886132, 2667.2381, 2706.2619, 758.5800, 17.1765
2025-12-10 23:08:57, 0.0607197749, 0.0693039668, 0.1445753181, 0.1222927461, 2636.1290, 2671.6290, 761.4350, 19.2638
2025-12-10 23:09:03, 0.0713907472, 0.0647778291, 0.1303629635, 0.1429656301, 2648.9388, 2714.7755, 758.1400, 18.1348
2025-12-10 23:09:09, 0.0375996855, 0.0306999210, 0.1091122675, 0.0974581337, 2780.3636, 2746.4182, 760.0250, 18.5096
2025-12-10 23:09:15, 0.0454660277, 0.0449486764, 0.1142629565, 0.0871375192, 2712.0606, 2606.8939, 760.0400, 17.3427
2025-12-10 23:09:21, 0.0726580514, 0.0832516401, 0.0875656372, 0.0926859787, 2951.3864, 2856.8182, 759.8350, 17.6578
2025-12-10 23:09:27, 0.0746035730, 0.0574920947, 0.1218572643, 0.1328512236, 2622.1458, 2705.9792, 759.1900, 19.9051
2025-12-10 23:09:33, 0.0749755329, 0.0506241289, 0.1746289222, 0.1324592085, 2650.5000, 2668.6500, 759.6400, 18.1094
2025-12-10 23:09:38, 0.0623737699, 0.0562236400, 0.2333585467, 0.2187454273, 2850.9574, 2804.1277, 758.7600, 17.5089
2025-12-10 23:09:44, 0.0796708683, 0.0693555100, 0.1523332870, 0.1690515884, 3047.1429, 3102.5429, 760.8750, 18.4797
2025-12-10 23:09:50, 0.0971185725, 0.0885094717, 0.1584166384, 0.1327832768, 3038.4857, 2973.8571, 758.5350, 16.5348
2025-12-10 23:09:56, 0.0889046706, 0.0745977571, 0.0948302213, 0.1193231700, 2397.9778, 2469.2444, 755.9100, 19.8117
2025-12-10 23:10:01, 0.1091770862, 0.1075955096, 0.1656933033, 0.1434110346, 2703.4524, 2651.4048, 760.3650, 16.3028
2025-12-10 23:10:07, 0.0810800693, 0.1133619893, 0.1450882549, 0.1269470396, 2694.9778, 2757.5111, 754.2450, 16.1659
2025-12-10 23:10:13, 0.0563311197, 0.0467196067, 0.1702196563, 0.1688598174, 3021.1837, 2821.6327, 762.2500, 18.0085
2025-12-10 23:10:19, 0.1176680942, 0.0963989769, 0.1491525466, 0.1718028138, 2995.4286, 2987.6607, 760.6250, 18.1638
2025-12-10 23:10:24, 0.0909702734, 0.1091694668, 0.1565469921, 0.1664228306, 2651.6667, 2525.5370, 758.8600, 18.3366
2025-12-10 23:10:30, 0.0671325446, 0.0882010884, 0.1281543964, 0.1200446842, 2868.1176, 2799.2941, 762.7100, 18.1732
2025-12-10 23:10:36, 0.1122307587, 0.0805933543, 0.2410483012, 0.1849672331, 2877.1167, 2838.5500, 762.7850, 18.4962
2025-12-10 23:10:41, 0.0454829948, 0.0492510070, 0.1351411096, 0.1350129274, 2821.8750, 2861.2500, 762.6900, 18.4576
2025-12-10 23:10:47, 0.0490651262, 0.0682150502, 0.1738838901, 0.1276767565, 2867.2540, 2739.4921, 756.2400, 19.1131
2025-12-10 23:10:53, 0.0685880107, 0.0662006714, 0.1178183095, 0.1242029786, 2813.9831, 2799.3729, 763.1900, 17.0867
2025-12-10 23:10:59, 0.0779836943, 0.0740403512, 0.1417415583, 0.1313838931, 2903.2593, 2866.2778, 755.9250, 18.6199
2025-12-10 23:11:04, 0.0321815273, 0.0366853582, 0.1111576054, 0.0935868407, 2460.5152, 2462.4242, 755.1100, 19.1755
2025-12-10 23:11:10, 0.0955373012, 0.0554856138, 0.1186761093, 0.1540889053, 2898.4808, 2884.8077, 753.7250, 19.0630
2025-12-10 23:11:16, 0.1393483118, 0.0896885749, 0.1445758228, 0.1387970134, 3047.9608, 2970.2353, 754.2600, 18.8627
2025-12-10 23:11:22, 0.1018090722, 0.0883545726, 0.1079097132, 0.1153770122, 2908.4762, 2975.1429, 756.3100, 18.0658
2025-12-10 23:11:28, 0.0912284491, 0.0730862649, 0.0727485127, 0.0797026901, 2794.3261, 2721.4565, 758.3700, 21.4008
2025-12-10 23:11:34, 0.0983741618, 0.1020310016, 0.1070962610, 0.1323854161, 2634.1071, 2759.3036, 757.1150, 19.5497
2025-12-10 23:11:40, 0.1533469625, 0.0927585811, 0.1370278695, 0.1167774181, 2835.1087, 2760.3261, 755.8700, 17.8200
2025-12-10 23:11:46, 0.1215698777, 0.0977097517, 0.1886659203, 0.1509860341, 2725.3500, 2794.2000, 758.5050, 18.9692
2025-12-10 23:11:51, 0.0806686290, 0.0631852607, 0.1283648712, 0.1189612143, 2885.7778, 2864.4762, 756.7550, 19.2623
2025-12-10 23:11:57, 0.0881829544, 0.0950829046, 0.0816297504, 0.0665374991, 2739.0816, 2781.7959, 755.6450, 20.6443
2025-12-10 23:12:03, 0.1181805530, 0.1053177407, 0.0915794375, 0.0985371219, 2658.5854, 2629.0488, 756.1600, 20.1860
2025-12-10 23:12:08, 0.1313821421, 0.0871267135, 0.0979683834, 0.1116171226, 2694.1186, 2797.0169, 755.2400, 18.2119
2025-12-10 23:12:14, 0.1270396829, 0.1011640113, 0.0708262236, 0.1093743179, 2586.6000, 2713.3556, 757.4850, 20.1891
2025-12-10 23:12:20, 0.1047365709, 0.0899897328, 0.0945612095, 0.1306120256, 2781.0517, 2781.9310, 756.0000, 19.8308
2025-12-10 23:12:26, 0.0813429965, 0.1049767901, 0.1043775335, 0.0924061490, 2859.4328, 2872.8657, 755.5850, 15.9001
2025-12-10 23:12:32, 0.1006949855, 0.0963074736, 0.1770334440, 0.1525084820, 2655.5882, 2701.2549, 757.9250, 17.9377
2025-12-10 23:12:37, 0.0877710670, 0.0678027834, 0.0851843846, 0.0606261177, 2849.8571, 2750.1964, 755.9450, 18.1001
2025-12-10 23:12:43, 0.0892318475, 0.0763474864, 0.1235509480, 0.1290682018, 2669.9636, 2719.1091, 757.5450, 19.6804
2025-12-10 23:12:49, 0.0618782159, 0.0541411800, 0.1053113527, 0.0951015556, 2811.5231, 2723.0154, 756.9950, 17.5113
2025-12-10 23:12:54, 0.0719609496, 0.0840506728, 0.0742118453, 0.0656228391, 2661.6800, 2541.2000, 756.2300, 19.4612
2025-12-10 23:13:00, 0.1131622174, 0.0945647623, 0.1265040799, 0.1056023624, 2776.0000, 2766.8310, 757.0850, 17.5840
2025-12-10 23:13:06, 0.1394402118, 0.1137605040, 0.1149820248, 0.0987636473, 2918.4828, 2994.1379, 757.2300, 20.1861
2025-12-10 23:13:11, 0.1433815831, 0.1281959601, 0.0989811664, 0.0956377617, 2863.4833, 2817.6333, 758.2450, 20.0406
2025-12-10 23:13:17, 0.0573465001, 0.0597178525, 0.1440831649, 0.1399854693, 2699.9455, 2683.7273, 754.9850, 18.5894
2025-12-10 23:13:23, 0.0554563330, 0.0535461470, 0.0592750468, 0.0633627136, 2914.5439, 2913.5263, 757.3000, 19.6599
2025-12-10 23:13:29, 0.1164581182, 0.0853281356, 0.0993844415, 0.1054129646, 2778.2727, 2748.4727, 757.0000, 18.8817
2025-12-10 23:13:35, 0.0921387806, 0.0630398506, 0.1095408877, 0.0980147189, 2815.1961, 2858.0980, 759.0750, 17.3427
2025-12-10 23:13:41, 0.0790533299, 0.1025130344, 0.1227378042, 0.0708776289, 2775.5273, 2631.0909, 761.5150, 18.3627
2025-12-10 23:13:46, 0.0914234864, 0.0879392501, 0.0997242336, 0.1000566185, 2650.8333, 2667.5952, 758.9750, 18.6806
2025-12-10 23:13:52, 0.0843719694, 0.0798800845, 0.0861009681, 0.0832539174, 2755.8750, 2814.5893, 757.3200, 19.0107
2025-12-10 23:13:58, 0.1049855316, 0.0726059454, 0.1105367828, 0.0995464416, 2770.4211, 2746.8421, 761.9950, 18.7226
2025-12-10 23:14:03, 0.0529143622, 0.0703156361, 0.0788050328, 0.0830093586, 2946.2131, 2821.0164, 760.4350, 16.4437
2025-12-10 23:14:09, 0.1004856444, 0.0842165790, 0.1457780579, 0.2132245311, 2737.5957, 2839.4468, 759.1850, 19.5980
2025-12-10 23:14:15, 0.0939605417, 0.0966564974, 0.1227936747, 0.0784560518, 2987.9091, 2917.3864, 763.3550, 16.6574
2025-12-10 23:14:20, 0.1556876438, 0.1147594198, 0.1192248340, 0.0972141152, 2754.4231, 2745.3654, 764.1700, 18.6722
2025-12-10 23:14:26, 0.0895621085, 0.0883961949, 0.1270217457, 0.0977284998, 2780.7255, 2735.8824, 763.6750, 17.1907
2025-12-10 23:14:32, 0.0679999613, 0.0730730739, 0.1511180865, 0.1095515865, 2782.3387, 2710.0000, 763.6650, 18.6875
2025-12-10 23:14:38, 0.0584572013, 0.0512245343, 0.0897805310, 0.1049177262, 2901.5106, 2899.1702, 769.6050, 18.8928
2025-12-10 23:14:43, 0.0611030274, 0.0512734875, 0.1048002213, 0.1077923644, 2755.8197, 2689.2459, 768.4500, 18.5835
2025-12-10 23:14:49, 0.0518940483, 0.0683332733, 0.1011614007, 0.0607005627, 2927.7250, 2728.7500, 768.4350, 19.8566
2025-12-10 23:14:55, 0.0750205956, 0.0669423883, 0.1080498135, 0.1163457705, 2714.8442, 2747.0130, 769.9450, 18.8736
2025-12-10 23:15:01, 0.0568463569, 0.0474418726, 0.1004846698, 0.0767762427, 2830.5370, 2867.3148, 771.7550, 19.0120
2025-12-10 23:15:06, 0.0675721856, 0.0593974644, 0.1170717495, 0.1292136318, 2608.1186, 2756.5593, 770.1650, 18.7122
2025-12-10 23:15:12, 0.0526036642, 0.0653634532, 0.1197107672, 0.1109921024, 2841.9333, 2688.1500, 770.6450, 18.0435
2025-12-10 23:15:18, 0.0525579349, 0.0386646052, 0.0848101944, 0.0815922287, 2631.2500, 2581.9412, 768.8150, 17.2557
2025-12-10 23:15:23, 0.0783612596, 0.0930753595, 0.1734151772, 0.1672728270, 2792.5873, 2840.6349, 766.7150, 17.8332
2025-12-10 23:15:29, 0.0598132538, 0.0739121075, 0.1134519165, 0.0942243360, 2866.7458, 2785.4407, 766.9250, 18.9309
2025-12-10 23:15:35, 0.0573129813, 0.0516561655, 0.1194546227, 0.0970835142, 2583.5152, 2472.5152, 768.8150, 19.5750
2025-12-10 23:15:41, 0.0481330323, 0.0383767867, 0.1241599948, 0.0792454514, 3006.0405, 2715.1486, 766.5200, 17.6991
2025-12-10 23:15:46, 0.0625564327, 0.0540185161, 0.0744605705, 0.0941216450, 2677.4833, 2664.7333, 766.6900, 17.6758
2025-12-10 23:15:52, 0.0753143964, 0.0623046868, 0.1039656651, 0.1024705452, 2808.2500, 2872.1042, 765.3250, 18.1138
2025-12-10 23:15:58, 0.0622353314, 0.0464129242, 0.1520326772, 0.1134682041, 3037.7407, 2997.6481, 766.0900, 17.0368
2025-12-10 23:16:04, 0.0481914389, 0.0382184602, 0.1200673148, 0.0801401130, 2943.8983, 2760.1525, 764.6550, 18.4815
2025-12-10 23:16:10, 0.0579174352, 0.0554246387, 0.0960917341, 0.0999303763, 2833.8163, 2777.7755, 765.0500, 19.4262
2025-12-10 23:16:15, 0.0547755914, 0.0433579503, 0.1236628134, 0.1136695823, 2877.0000, 2745.3971, 762.6600, 18.1944
2025-12-10 23:16:21, 0.0925935249, 0.0635900628, 0.1206347329, 0.1054551463, 2677.8421, 2674.9298, 761.6150, 18.4869
2025-12-10 23:16:26, 0.0723513800, 0.0524884894, 0.0854780862, 0.0715632877, 2821.1379, 2832.8966, 762.9750, 17.2932
2025-12-10 23:16:32, 0.0686769334, 0.0722875868, 0.0673669253, 0.0892685268, 2504.1200, 2610.7800, 762.8250, 18.3667
2025-12-10 23:16:38, 0.0563486030, 0.0527265485, 0.0923214797, 0.0623489006, 2671.7091, 2560.5091, 762.0500, 17.4005
2025-12-10 23:16:44, 0.0580276781, 0.0593529944, 0.1410728808, 0.1084121621, 2762.7321, 2745.8036, 762.5500, 18.4396
2025-12-10 23:16:50, 0.0775025818, 0.0824773041, 0.1434168677, 0.1195028722, 2828.3934, 2856.1639, 760.0650, 18.2524
2025-12-10 23:16:55, 0.0925313895, 0.0931826161, 0.1165539050, 0.1219217528, 2858.1212, 2805.7121, 762.6000, 18.2477
2025-12-10 23:17:01, 0.1268284247, 0.0916888642, 0.1041262923, 0.1053190827, 2796.0526, 2740.5263, 762.0500, 18.6587
2025-12-10 23:17:07, 0.0700819128, 0.0645507004, 0.1554347638, 0.1174279782, 2743.1111, 2806.7619, 762.2850, 19.2734
2025-12-10 23:17:13, 0.1046195365, 0.0852997785, 0.0668978161, 0.0514443308, 2729.4762, 2714.6508, 761.9700, 18.7331
2025-12-10 23:17:18, 0.0860772871, 0.0786595516, 0.0749553610, 0.0718520409, 2591.2903, 2565.2419, 763.3900, 19.6913
2025-12-10 23:17:24, 0.0554451151, 0.0410914978, 0.0958745313, 0.0918049829, 2605.8000, 2606.6727, 762.5150, 17.5829
2025-12-10 23:17:30, 0.1054794556, 0.0997801726, 0.1914554167, 0.1968462287, 2665.6000, 2671.6500, 763.4550, 16.3275
2025-12-10 23:17:35, 0.1071401048, 0.1082825561, 0.0567267461, 0.0580486244, 2799.7778, 2776.9444, 763.0650, 17.7316
2025-12-10 23:17:41, 0.0866575312, 0.0853883638, 0.1113260219, 0.0835274596, 2727.9184, 2689.8776, 765.7800, 18.1219
2025-12-10 23:17:47, 0.0744848912, 0.0502487667, 0.1547706452, 0.1290544858, 2813.4706, 2745.0784, 764.7000, 16.0315
2025-12-10 23:17:53, 0.0636113115, 0.0617095508, 0.0982025538, 0.0873360092, 2911.7581, 2790.1290, 764.0800, 17.5879
2025-12-10 23:17:58, 0.0826300400, 0.0754225113, 0.1104872102, 0.0946086702, 2619.7000, 2664.2800, 762.2500, 19.1976
2025-12-10 23:18:04, 0.0619326315, 0.0709416479, 0.0894962980, 0.0751859943, 2673.4500, 2653.3167, 762.3600, 17.8446
2025-12-10 23:18:10, 0.0792164374, 0.0864562963, 0.0760118714, 0.0786792637, 2788.4643, 2789.8214, 760.9900, 19.2343
2025-12-10 23:18:16, 0.1143491781, 0.0894714424, 0.0948512919, 0.0525672356, 2714.6415, 2648.9811, 758.9650, 17.5574
2025-12-10 23:18:21, 0.1036983651, 0.0766649461, 0.1100672963, 0.0900340507, 2607.0364, 2552.2364, 759.2400, 18.1354
2025-12-10 23:18:27, 0.0493263606, 0.0626550083, 0.1137479114, 0.0861699813, 2944.0435, 2988.5870, 758.6000, 18.2913
2025-12-10 23:18:33, 0.0814074635, 0.0791757280, 0.0851262641, 0.0853862823, 2917.4754, 2890.0820, 756.4100, 19.1123
2025-12-10 23:18:38, 0.0559785335, 0.0475371200, 0.0778389947, 0.0755970190, 2847.8358, 2707.4925, 757.1800, 19.0737
2025-12-10 23:18:44, 0.0624828013, 0.0740129781, 0.1081035059, 0.0855983567, 2930.0169, 2831.4576, 757.7850, 18.1639
2025-12-10 23:18:50, 0.0996504653, 0.0767056364, 0.1039890429, 0.1147267341, 2863.5294, 2855.2157, 759.3000, 17.1158
2025-12-10 23:18:56, 0.0992810091, 0.0779517525, 0.0765967816, 0.0750408682, 2770.0189, 2884.9245, 759.2600, 17.6735
2025-12-10 23:19:01, 0.0793549430, 0.0916088787, 0.0917430520, 0.1086459992, 2812.8750, 2776.4000, 758.6150, 16.8792
2025-12-10 23:19:07, 0.0716782398, 0.0942674655, 0.1028360321, 0.0715015944, 2801.6842, 2762.8421, 761.3500, 17.8159
2025-12-10 23:19:13, 0.0698466372, 0.0914774476, 0.1536571108, 0.1146654423, 2586.0656, 2536.6557, 756.7700, 17.2484
2025-12-10 23:19:18, 0.0753110625, 0.0917619162, 0.0685571273, 0.0867836874, 2913.5526, 2972.9211, 760.3200, 18.1347
2025-12-10 23:19:24, 0.1031056549, 0.1015482400, 0.1110730223, 0.1197992332, 2883.3636, 2967.0364, 756.8050, 18.3308
2025-12-10 23:19:30, 0.0612042276, 0.0711030656, 0.1213545928, 0.0866456512, 2783.8039, 2682.1373, 761.0500, 17.3274
2025-12-10 23:19:35, 0.0983564228, 0.0757288414, 0.1005789324, 0.1070761708, 2974.8750, 3033.1042, 757.3750, 17.5532
2025-12-10 23:19:41, 0.0798186469, 0.0645239431, 0.1381722280, 0.1228288954, 2871.3692, 2815.7077, 758.0600, 18.3934
2025-12-10 23:19:47, 0.0819322011, 0.0726028549, 0.1175070457, 0.0920012369, 2668.7925, 2628.6981, 755.3450, 17.4117
2025-12-10 23:19:53, 0.0709366009, 0.0750686454, 0.0725729327, 0.0816948399, 2575.6000, 2547.5231, 759.3500, 17.7490
2025-12-10 23:19:59, 0.0835012062, 0.0947309381, 0.0992021212, 0.0877237802, 2579.3000, 2459.8400, 761.6550, 18.0188
2025-12-10 23:20:04, 0.0739206104, 0.0650901329, 0.1590450719, 0.1209854433, 2697.2791, 2730.1628, 757.2750, 19.0171
2025-12-10 23:20:10, 0.0721023278, 0.0734155969, 0.1557094250, 0.1374052937, 2854.1154, 2817.7500, 762.0850, 18.1435
2025-12-10 23:20:16, 0.0619802953, 0.0929364737, 0.0983076046, 0.1231617462, 2796.3725, 2957.5098, 760.6250, 20.2925
2025-12-10 23:20:21, 0.1010524475, 0.1177802423, 0.1413153008, 0.1189084107, 2652.0000, 2680.8302, 764.9650, 19.5288
2025-12-10 23:20:27, 0.1229170363, 0.0942385982, 0.1295206665, 0.1109713754, 3022.1552, 2952.8448, 762.1200, 20.0416
2025-12-10 23:20:33, 0.1067828357, 0.0921098786, 0.1365558242, 0.1208835676, 2978.9245, 3010.8679, 761.4100, 18.4185
2025-12-10 23:20:38, 0.1196674830, 0.0943193274, 0.1068544587, 0.0779356998, 2651.2586, 2653.6897, 762.7150, 22.3212
2025-12-10 23:20:44, 0.0840562397, 0.1092770224, 0.1351098681, 0.0996660524, 3092.2128, 3014.7872, 759.8550, 20.9352
2025-12-10 23:20:50, 0.1418540167, 0.1043608818, 0.0730456673, 0.0945247686, 2432.7872, 2503.9149, 757.7600, 19.7973
2025-12-10 23:20:55, 0.1456213313, 0.1043318463, 0.1024363593, 0.0854681095, 2823.3600, 2863.4600, 760.6000, 20.4539
2025-12-10 23:21:01, 0.1002517654, 0.0750784726, 0.1074525504, 0.1187318129, 2814.9524, 2863.5000, 757.8200, 18.7432
2025-12-10 23:21:07, 0.0745934184, 0.0787065512, 0.0934710989, 0.0854758737, 2893.2833, 2781.3333, 760.1600, 19.4032
2025-12-10 23:21:13, 0.0787330565, 0.0959522086, 0.0978163280, 0.0959193670, 2699.1224, 2785.7755, 760.0850, 21.5339
2025-12-10 23:21:18, 0.0758631926, 0.1118434101, 0.1268554166, 0.0963599135, 2743.5510, 2677.1633, 753.8900, 18.4718
2025-12-10 23:21:24, 0.1182274736, 0.1439510665, 0.1492388015, 0.1213768205, 2826.9268, 2771.1220, 756.0450, 17.8836
2025-12-10 23:21:30, 0.0549869838, 0.0644780868, 0.1496657762, 0.1505924444, 2869.1273, 2831.4364, 757.1650, 19.9902
2025-12-10 23:21:35, 0.1476061281, 0.1274077084, 0.0817614520, 0.0741397397, 2583.3953, 2714.1395, 759.5100, 18.3008
2025-12-10 23:21:41, 0.1127591667, 0.0902396643, 0.1437732658, 0.1313351599, 2936.6829, 2877.0488, 759.8350, 18.2792
2025-12-10 23:21:47, 0.0850915852, 0.0918913567, 0.0961378268, 0.1077435995, 2622.8750, 2585.6250, 759.1950, 17.3233
2025-12-10 23:21:52, 0.1320973912, 0.1336313288, 0.1402261667, 0.1265821093, 2728.4706, 2658.2157, 757.6100, 18.1755
2025-12-10 23:21:58, 0.0925262281, 0.0795206704, 0.1157911472, 0.1354199091, 2733.1818, 2676.2364, 756.3800, 17.9932
2025-12-10 23:22:04, 0.0634708753, 0.0795808322, 0.1380780385, 0.1291367932, 3025.8800, 2991.1600, 757.2000, 18.2882
2025-12-10 23:22:10, 0.1512816085, 0.1187763357, 0.1390940497, 0.1122364392, 2729.1111, 2704.6667, 757.4200, 19.7806
2025-12-10 23:22:16, 0.1710682333, 0.1072760866, 0.1016778380, 0.1186775446, 2698.6286, 2789.4286, 760.5800, 18.6052
2025-12-10 23:22:21, 0.1230149063, 0.1067389544, 0.1014834998, 0.1214211042, 2916.4237, 2905.4746, 761.3950, 19.1992
2025-12-10 23:22:27, 0.1815164974, 0.1342739238, 0.1485624011, 0.1239106828, 2873.1707, 2792.8049, 759.0850, 18.1267
2025-12-10 23:22:33, 0.1208052060, 0.1365382809, 0.1335841104, 0.1457930860, 3002.3559, 2939.2542, 765.9100, 20.0926
2025-12-10 23:22:38, 0.1123001327, 0.0891640744, 0.1281960596, 0.1175119431, 2708.4762, 2681.0000, 764.8300, 17.2679
2025-12-10 23:22:44, 0.0787854339, 0.0867084142, 0.0954312520, 0.1152121495, 2725.1296, 2824.8333, 766.5750, 18.4501
2025-12-10 23:22:50, 0.1339965103, 0.0803999048, 0.1095328277, 0.1327779621, 2619.3019, 2661.8113, 764.4500, 17.6201
2025-12-10 23:22:56, 0.1162401357, 0.0899933253, 0.1036311132, 0.0950869225, 2589.0339, 2556.5593, 765.7600, 21.4696
2025-12-10 23:23:01, 0.1057562142, 0.1117111901, 0.1302432436, 0.1127349356, 3026.1111, 3039.6889, 762.8800, 18.9746
2025-12-10 23:23:07, 0.0911681007, 0.0949804222, 0.1152240586, 0.1817460146, 2668.4364, 2720.0182, 762.6400, 20.1606
2025-12-10 23:23:13, 0.0829287864, 0.0959997892, 0.1819686513, 0.1196970367, 2683.8043, 2684.1304, 768.5550, 16.3935
2025-12-10 23:23:18, 0.0949584905, 0.1099267733, 0.1708091225, 0.1453201673, 2993.8269, 2874.2308, 761.3350, 20.1418
2025-12-10 23:23:24, 0.0772352321, 0.0678229282, 0.1417733803, 0.1254796136, 2902.5000, 2782.1304, 762.0850, 17.8756
2025-12-10 23:23:30, 0.1096413756, 0.0879965615, 0.1461001941, 0.1673128933, 2691.7368, 2664.6667, 761.8150, 19.1860
2025-12-10 23:23:35, 0.1064392342, 0.1007052244, 0.2082731735, 0.1664808524, 2745.2619, 2746.6429, 758.2800, 19.6535
2025-12-10 23:23:41, 0.0715939476, 0.0750666525, 0.0692483443, 0.0841363811, 2740.0976, 2790.4146, 759.3200, 19.5780
2025-12-10 23:23:47, 0.0872910988, 0.0732301878, 0.1475851816, 0.1300664060, 2686.3273, 2594.4364, 757.6450, 17.8547
2025-12-10 23:23:52, 0.1051505382, 0.0866352119, 0.1283625466, 0.0873633651, 2794.7170, 2800.7170, 761.6950, 20.1301
2025-12-10 23:23:58, 0.0556439036, 0.0665668454, 0.1419893135, 0.1301625857, 2636.0328, 2616.3443, 758.1850, 19.6410
2025-12-10 23:24:04, 0.0955756238, 0.0920912168, 0.1045479775, 0.1571288617, 2709.1224, 2706.0612, 758.4250, 19.8468
2025-12-10 23:24:10, 0.0743053515, 0.0773615712, 0.1618680678, 0.1291090925, 2804.6034, 2682.6207, 757.9800, 20.4636
2025-12-10 23:24:16, 0.0949262518, 0.0997154351, 0.1342211617, 0.1567941280, 2680.2857, 2583.0714, 757.0650, 16.9482
2025-12-10 23:24:21, 0.0981971652, 0.0829805080, 0.1384717386, 0.1290802320, 2736.5745, 2674.9787, 757.3200, 18.6429
2025-12-10 23:24:27, 0.0853693553, 0.0741185659, 0.1450864796, 0.0886284647, 2606.7619, 2534.8571, 757.2850, 16.8681
2025-12-10 23:24:33, 0.0905000668, 0.0746064941, 0.1491872099, 0.1663997146, 2960.8913, 2874.9565, 756.7350, 17.8464
2025-12-10 23:24:39, 0.1078159328, 0.1093101424, 0.1458887953, 0.1368221920, 2826.9000, 2835.9800, 757.0850, 19.9807
2025-12-10 23:24:44, 0.1042183897, 0.1042886296, 0.0959545794, 0.0859963748, 2634.3571, 2733.0714, 757.0350, 18.1197
2025-12-10 23:24:50, 0.1283523218, 0.0904898823, 0.1601131854, 0.1367121953, 3156.1000, 3319.9250, 754.9900, 18.6145
2025-12-10 23:24:56, 0.0720224453, 0.0849334507, 0.1201866381, 0.1020825468, 2618.1167, 2618.5333, 755.5550, 18.5107
2025-12-10 23:25:01, 0.0677521035, 0.0606194756, 0.1248242050, 0.1303503309, 2671.0213, 2729.4043, 756.2100, 18.4037
2025-12-10 23:25:07, 0.0761056233, 0.0861861840, 0.1605529456, 0.1646719662, 2856.0600, 2802.0000, 756.1400, 17.7947
2025-12-10 23:25:13, 0.1199172606, 0.0951362774, 0.1031955386, 0.1023051780, 2743.6538, 2828.3654, 756.5400, 16.8083
2025-12-10 23:25:19, 0.1170054512, 0.0895487259, 0.0725471142, 0.0921336016, 2566.9444, 2565.1481, 754.9900, 18.7160
2025-12-10 23:25:24, 0.0807730994, 0.0804319282, 0.1440086645, 0.1513301552, 2728.2083, 2647.6667, 757.9650, 17.1334
2025-12-10 23:25:30, 0.0862516761, 0.1120128713, 0.1123638917, 0.1507135207, 2608.7273, 2706.6591, 756.5850, 18.4706
2025-12-10 23:25:36, 0.1096877785, 0.0842250155, 0.1191799023, 0.1213562776, 3063.8200, 3003.0400, 756.0600, 19.0233
2025-12-10 23:25:42, 0.1308634553, 0.1011861556, 0.1357735984, 0.1582835255, 2844.5208, 2848.8125, 752.8300, 18.1959
2025-12-10 23:25:48, 0.0815141985, 0.1030453880, 0.1380068782, 0.1185803014, 2918.8929, 2937.9464, 754.1750, 18.1878
2025-12-10 23:25:53, 0.0968673129, 0.1026733026, 0.1703119834, 0.1466854806, 2784.5862, 2791.4483, 756.6650, 19.2232
2025-12-10 23:25:59, 0.0658482600, 0.0963782759, 0.1812370012, 0.1778009813, 2547.3556, 2551.7556, 755.9950, 17.7872
2025-12-10 23:26:05, 0.0853645537, 0.0706844053, 0.1890477413, 0.1782730756, 2574.0476, 2722.4286, 757.0150, 19.8077
2025-12-10 23:26:10, 0.0858728487, 0.0619261565, 0.1235050351, 0.1496077848, 2823.9524, 2805.1429, 757.7300, 18.8002
2025-12-10 23:26:16, 0.0710775307, 0.0683419525, 0.1943974006, 0.1609628324, 2831.1707, 2715.1707, 756.3700, 17.8026
2025-12-10 23:26:22, 0.0817965197, 0.0668005962, 0.1730948016, 0.1470337500, 2578.7857, 2630.2381, 756.6950, 18.6604
2025-12-10 23:26:28, 0.1003825581, 0.0700635042, 0.1504586890, 0.1395788552, 2439.8421, 2364.2368, 760.0250, 16.6194
2025-12-10 23:26:33, 0.0849840536, 0.0726881332, 0.1630084244, 0.1544030148, 2927.2571, 2850.1143, 759.1500, 17.8846
2025-12-10 23:26:39, 0.0524147904, 0.0622846078, 0.0996700286, 0.1233887586, 2714.0851, 2668.7234, 757.8050, 17.8266
2025-12-10 23:26:45, 0.0857051875, 0.0770208287, 0.2031031440, 0.1457299484, 2681.0000, 2622.5000, 762.8050, 18.1198
2025-12-10 23:26:50, 0.0832060007, 0.0769707482, 0.2234770402, 0.2145526489, 3188.2449, 3098.4082, 761.3700, 17.6429
2025-12-10 23:26:56, 0.0669908985, 0.0726786254, 0.2055723690, 0.1901063562, 2595.8269, 2501.5577, 764.9200, 17.5620
2025-12-10 23:27:02, 0.0830224797, 0.0895355004, 0.1256833328, 0.1293407372, 2631.8571, 2677.8163, 760.6750, 16.5224
2025-12-10 23:27:08, 0.0761524889, 0.0626008370, 0.1480624980, 0.1328147026, 2914.9123, 2923.7895, 762.1750, 19.9393
2025-12-10 23:27:13, 0.0785468759, 0.0737897735, 0.1124159945, 0.0933880527, 2710.7391, 2816.4348, 765.1850, 19.8263
2025-12-10 23:27:19, 0.0704472807, 0.0678580180, 0.2059192335, 0.1782921259, 2752.3125, 2728.6875, 767.3900, 18.8608
2025-12-10 23:27:25, 0.0692510782, 0.0666523719, 0.2238747065, 0.1888760638, 2736.0484, 2731.6290, 763.9450, 19.2842
2025-12-10 23:27:31, 0.0675538248, 0.0730683605, 0.1388192327, 0.1541139732, 2593.2791, 2830.9535, 763.6400, 19.2117
2025-12-10 23:27:37, 0.0647072491, 0.0702517766, 0.1606162704, 0.1638128317, 2652.7037, 2638.2778, 766.0250, 19.1641
2025-12-10 23:27:42, 0.0632226630, 0.0572802857, 0.1515008787, 0.1143481876, 2602.3125, 2534.2500, 762.4250, 19.7260
2025-12-10 23:27:48, 0.0662991244, 0.0713082084, 0.1363319497, 0.1118141642, 2787.5094, 2625.9623, 763.3100, 20.1880
2025-12-10 23:27:54, 0.1107198233, 0.0915882516, 0.2332638616, 0.2055898018, 3051.7105, 3128.8947, 760.8500, 19.5629
2025-12-10 23:28:00, 0.0731500233, 0.0917657335, 0.1411222857, 0.1371452556, 2671.4800, 2615.2800, 764.1100, 19.2706
2025-12-10 23:28:05, 0.0763563709, 0.0690702088, 0.1402394086, 0.1763402740, 2573.9231, 2631.2308, 762.2450, 18.2224
2025-12-10 23:28:11, 0.1148303117, 0.0749341447, 0.1229854073, 0.1310342377, 2508.7115, 2517.8654, 761.4550, 20.7624
2025-12-10 23:28:17, 0.0890066008, 0.0818777284, 0.4514427020, 0.4085666491, 2665.2553, 2655.6170, 754.6050, 17.4920
2025-12-10 23:28:22, 0.0809987535, 0.0831562034, 0.2149610916, 0.1956202651, 2796.8478, 2803.2391, 762.6900, 20.2399
2025-12-10 23:28:28, 0.0797856154, 0.0840445201, 0.1949442651, 0.1968285894, 2512.0698, 2586.4186, 755.1350, 18.2416
2025-12-10 23:28:34, 0.0768302019, 0.0833922202, 0.2639471932, 0.2351633385, 3181.3898, 3155.6780, 758.9850, 21.3041
2025-12-10 23:28:39, 0.0599748416, 0.0580934323, 0.1121628650, 0.1292099136, 2774.9149, 2860.5106, 754.8400, 18.1001
2025-12-10 23:28:45, 0.0727123330, 0.0600721865, 0.2408357727, 0.1928468614, 2483.8269, 2418.0962, 760.3650, 19.8243
2025-12-10 23:28:51, 0.0846848881, 0.0817570280, 0.1069307621, 0.1267017221, 2687.8409, 2774.4091, 757.5000, 18.6193
2025-12-10 23:28:56, 0.0890663138, 0.0885725679, 0.1747779432, 0.1652765872, 2750.8421, 2718.7105, 756.5600, 17.9991
2025-12-10 23:29:02, 0.0587281366, 0.0451545399, 0.2420757957, 0.2257748060, 2743.3958, 2688.5625, 758.6050, 19.0447
2025-12-10 23:29:08, 0.0565092852, 0.0569098065, 0.2232963297, 0.2166687571, 2903.9630, 2737.1111, 759.5300, 18.3872
2025-12-10 23:29:13, 0.0622351622, 0.1070940608, 0.2203838964, 0.1805792728, 2806.2453, 2809.0000, 757.3700, 16.7885
2025-12-10 23:29:20, 0.0666557863, 0.0793258378, 0.3045944656, 0.3253519274, 3177.4082, 3179.4490, 759.0600, 18.5380
2025-12-10 23:29:26, 0.0972615716, 0.1303181596, 0.2021066729, 0.1338432174, 3027.6190, 2896.9286, 758.7550, 16.7826
2025-12-10 23:29:31, 0.1233062689, 0.0621422136, 0.1535633364, 0.1435580780, 2785.0682, 2758.3409, 760.2650, 18.7455
2025-12-10 23:29:37, 0.0914767076, 0.0809562259, 0.3243460640, 0.3323740052, 2816.8200, 2875.4000, 763.6400, 17.6599
2025-12-10 23:29:43, 0.1053633413, 0.0817341653, 0.1981578345, 0.1541233526, 2636.7895, 2499.0263, 764.7050, 18.4786
2025-12-10 23:29:48, 0.0813988599, 0.0886194233, 0.2481099537, 0.2423370631, 2810.3529, 2702.5882, 763.4250, 21.3275
2025-12-10 23:29:54, 0.0538364951, 0.0461274225, 0.3191317365, 0.3186154985, 2351.9184, 2346.9388, 760.6750, 19.1656
2025-12-10 23:30:00, 0.0598825917, 0.0745003143, 0.1459293933, 0.1558458984, 2525.5909, 2536.0227, 761.9150, 20.8259
2025-12-10 23:30:06, 0.0736651069, 0.0871326768, 0.2211677992, 0.2466787087, 2437.9714, 2334.2000, 766.7500, 17.3922
2025-12-10 23:30:11, 0.0672178685, 0.0591289104, 0.2137180891, 0.1930469598, 2553.2745, 2512.7255, 763.9650, 18.3410
2025-12-10 23:30:17, 0.0671319837, 0.0533952027, 0.1401709048, 0.1236385810, 2613.1915, 2754.1064, 765.4050, 19.5280
2025-12-10 23:30:23, 0.0669747398, 0.0675815067, 0.1917028578, 0.1092219693, 2331.5172, 2473.1724, 767.3300, 20.4910
2025-12-10 23:30:29, 0.0808617126, 0.1051010584, 0.2774225875, 0.2876808735, 2832.6279, 2921.4651, 767.7450, 18.4361
2025-12-10 23:30:34, 0.0601898644, 0.0510295261, 0.1556972323, 0.1536547023, 2506.2093, 2569.7209, 768.5300, 18.1083
2025-12-10 23:30:40, 0.0682601488, 0.0634480418, 0.1734891624, 0.1711172864, 2579.8627, 2583.1569, 762.1900, 18.3511
2025-12-10 23:30:46, 0.0621047166, 0.0773877192, 0.3100533072, 0.2815574178, 3111.1569, 3122.7843, 763.0250, 17.9105
2025-12-10 23:30:51, 0.0604503175, 0.0626675972, 0.2305238540, 0.2580262171, 2527.8205, 2608.1538, 759.5950, 18.5273
2025-12-10 23:30:57, 0.0699667898, 0.0877176489, 0.2995353049, 0.2380376559, 2834.2083, 2639.4792, 760.8150, 16.3951
2025-12-10 23:31:03, 0.1350297990, 0.1001577978, 0.2241886855, 0.2198095087, 2984.7778, 2988.9111, 761.7350, 17.8274
2025-12-10 23:31:09, 0.0705587035, 0.0567971166, 0.2747639600, 0.2627563621, 3135.9474, 2949.3684, 764.1350, 19.7840
2025-12-10 23:31:14, 0.0727405442, 0.0852257879, 0.1087157162, 0.1229699885, 2454.3962, 2493.4528, 758.9150, 19.2623
2025-12-10 23:31:20, 0.0609094992, 0.0496664576, 0.2424061186, 0.2451900285, 3195.7551, 3125.6939, 759.3150, 18.3830
2025-12-10 23:31:26, 0.0499884872, 0.0555932265, 0.1148603736, 0.1220671953, 2601.8333, 2612.0833, 757.8400, 18.0079
2025-12-10 23:31:31, 0.0697794664, 0.0922626200, 0.1859304461, 0.1888039604, 2609.6250, 2507.7083, 761.5550, 18.2463
2025-12-10 23:31:37, 0.0865032261, 0.0714402457, 0.2378964492, 0.2079658641, 3265.3143, 3342.6571, 763.0450, 19.0337
2025-12-10 23:31:43, 0.0590185831, 0.0436071680, 0.4186419305, 0.2717159209, 2486.8537, 2321.7073, 761.6350, 19.7748
2025-12-10 23:31:49, 0.1008068646, 0.0791500073, 0.2069473894, 0.1948754724, 2894.6667, 2854.1212, 761.5700, 18.4341
2025-12-10 23:31:54, 0.0810407894, 0.0786417002, 0.1868576003, 0.1791694795, 2643.4833, 2611.7833, 762.2850, 18.8115
2025-12-10 23:32:00, 0.0729559525, 0.0961215101, 0.2046169416, 0.2207026153, 2456.4889, 2573.1333, 760.9350, 18.8701
2025-12-10 23:32:06, 0.0556322254, 0.0594963258, 0.2449791077, 0.1829086002, 2573.4000, 2465.7111, 764.0650, 19.5505
2025-12-10 23:32:12, 0.0806698030, 0.0656401134, 0.2671582576, 0.2739557937, 2675.5625, 2814.1250, 764.6750, 21.1964
2025-12-10 23:32:18, 0.0718608628, 0.0494406000, 0.2757019742, 0.2872625964, 2864.1304, 2921.7174, 766.7700, 18.4856
2025-12-10 23:32:23, 0.0710959473, 0.0640614626, 0.2569577898, 0.1760496254, 2582.5455, 2447.0227, 764.3000, 22.3850
2025-12-10 23:32:29, 0.0686641857, 0.0621293485, 0.1527216396, 0.1623599558, 2555.8571, 2604.4694, 759.6350, 20.0986
2025-12-10 23:32:35, 0.0820865491, 0.0654703270, 0.1583979899, 0.1893691142, 2500.9574, 2580.6383, 770.9550, 21.3722
2025-12-10 23:32:40, 0.0898680286, 0.0610365758, 0.1552503344, 0.2384366480, 2229.3636, 2325.1136, 761.7450, 19.3489
2025-12-10 23:32:46, 0.0678630184, 0.0478972226, 0.1769459655, 0.2525348275, 2418.7391, 2370.1739, 758.7500, 20.2916
2025-12-10 23:32:52, 0.0600304939, 0.0628288199, 0.3799426507, 0.3103776447, 2654.8444, 2703.6444, 757.9050, 20.2649
2025-12-10 23:32:57, 0.0690190163, 0.0720239245, 0.2437622819, 0.2657663329, 3061.0000, 3049.5714, 761.3950, 17.3286
2025-12-10 23:33:03, 0.0477930647, 0.0535562272, 0.2487517629, 0.3372809455, 2490.7059, 2653.0196, 761.1350, 18.6584
2025-12-10 23:33:09, 0.0842174917, 0.0822619421, 0.1816703415, 0.1485441058, 2640.9762, 2656.7143, 763.2800, 19.5223
2025-12-10 23:33:15, 0.0855161032, 0.0701613675, 0.3236368511, 0.3209049107, 2852.5714, 2742.9762, 762.4150, 20.1872
2025-12-10 23:33:20, 0.0776214716, 0.0774410972, 0.3918385095, 0.4066217251, 3102.4600, 3127.5000, 761.5700, 18.2366
2025-12-10 23:33:26, 0.0691932510, 0.0805819153, 0.2115023075, 0.1806120074, 2400.1190, 2332.7619, 753.7400, 17.5161
2025-12-10 23:33:32, 0.0674426022, 0.0682928779, 0.1496915003, 0.2279870611, 2235.0182, 2201.4545, 762.5700, 20.7033
2025-12-10 23:33:38, 0.0736370403, 0.0605155601, 0.2666924883, 0.2609843621, 2556.0698, 2544.3256, 753.6000, 19.8965
2025-12-10 23:33:43, 0.0837941312, 0.0859721183, 0.2204124644, 0.2122573402, 2531.4821, 2594.2143, 760.7050, 18.6174
2025-12-10 23:33:49, 0.0844720121, 0.0783307353, 0.3668676893, 0.3354738306, 2584.7292, 2422.4167, 761.9200, 20.7196
2025-12-10 23:33:55, 0.0820099710, 0.0663690170, 0.3192818661, 0.3840947205, 2740.4490, 2881.0816, 753.9800, 19.1609
2025-12-10 23:34:01, 0.0798207981, 0.0696747775, 0.2365067529, 0.2507712868, 2502.7895, 2532.7632, 753.4100, 18.1929
2025-12-10 23:34:06, 0.0731735972, 0.0710158565, 0.1944581176, 0.1573829839, 2547.6279, 2476.2558, 752.7350, 18.5431
2025-12-10 23:34:12, 0.0765636877, 0.0945526415, 0.2161042277, 0.2523808691, 2993.2340, 3075.2340, 752.8450, 17.5086
2025-12-10 23:34:17, 0.0801991966, 0.0622297086, 0.2987526989, 0.1721914473, 2585.0862, 2597.0517, 751.7300, 20.1163
2025-12-10 23:34:23, 0.1153392735, 0.1167178688, 0.2785723586, 0.4232742362, 2882.2000, 2977.9143, 754.7500, 18.1807
2025-12-10 23:34:29, 0.0884429751, 0.0708854900, 0.2601248759, 0.3559148542, 2583.3182, 2735.2273, 754.2000, 18.1221
2025-12-10 23:34:35, 0.0732524918, 0.0759772747, 0.3377926837, 0.3283090540, 2806.5536, 2716.8571, 756.5800, 20.7666
2025-12-10 23:34:40, 0.0760945067, 0.0692153815, 0.1603699380, 0.1904536329, 2630.5238, 2708.4524, 755.0300, 18.7571
2025-12-10 23:34:46, 0.0773060937, 0.0877009933, 0.2553798127, 0.2498277597, 2900.9762, 2979.8333, 756.1300, 17.5035
2025-12-10 23:34:52, 0.0673633497, 0.0758072806, 0.2199556050, 0.2422515750, 2674.7895, 2736.9123, 755.0300, 17.7834
2025-12-10 23:34:58, 0.0749902021, 0.0832694527, 0.1924502860, 0.1905412147, 2755.8837, 2662.5349, 759.8150, 19.5026
2025-12-10 23:35:04, 0.0863747061, 0.0976254179, 0.2012728574, 0.2029657828, 2514.5000, 2520.2292, 755.1000, 19.1283
2025-12-10 23:35:10, 0.0697336181, 0.0634773129, 0.2624314693, 0.2715602657, 2465.5000, 2487.8409, 755.0100, 18.0649
2025-12-10 23:35:15, 0.0822605459, 0.0635065412, 0.2100408643, 0.2544652619, 2594.1020, 2540.4082, 759.8350, 18.6378
2025-12-10 23:35:21, 0.1033214938, 0.1002012989, 0.2052804755, 0.2356924736, 2751.7917, 2722.5833, 758.5650, 17.5104
2025-12-10 23:35:27, 0.0662739323, 0.0696058269, 0.2378913528, 0.2265083363, 2629.4222, 2551.4667, 760.2450, 17.1480
2025-12-10 23:35:33, 0.0993143510, 0.0948258293, 0.3211828870, 0.2773066550, 2538.3673, 2582.5510, 760.8650, 17.9607
2025-12-10 23:35:39, 0.0696846167, 0.0710059753, 0.2270767100, 0.2006778384, 2634.8000, 2611.3333, 758.3200, 18.5161
2025-12-10 23:35:45, 0.0607459930, 0.0607352394, 0.2627431037, 0.2861943673, 2604.4250, 2698.8000, 759.6000, 19.0279
2025-12-10 23:35:50, 0.0660837425, 0.0611174487, 0.2343947404, 0.1955125989, 2658.2250, 2571.3000, 758.2450, 18.0965
2025-12-10 23:35:56, 0.0586804195, 0.0538855939, 0.2234581930, 0.2164642333, 2845.5217, 2873.8478, 758.7100, 17.4541
2025-12-10 23:36:01, 0.0709736502, 0.0838459286, 0.2527526108, 0.2317337640, 2837.1778, 2762.1778, 757.9700, 16.4323
2025-12-10 23:36:07, 0.0661791294, 0.0659887441, 0.2540659704, 0.2330573963, 2743.6400, 2713.5800, 759.2250, 18.7412
2025-12-10 23:36:13, 0.1161275163, 0.1271659647, 0.1805133319, 0.1569538467, 2917.5439, 2908.3860, 758.5750, 17.2074
2025-12-10 23:36:19, 0.1357374600, 0.1160131544, 0.1125514466, 0.1168587262, 3070.4222, 2930.3333, 759.8650, 17.5130
2025-12-10 23:36:24, 0.1000649194, 0.0892157083, 0.2397104171, 0.1976830583, 2587.2444, 2592.6889, 762.9800, 17.5322
2025-12-10 23:36:30, 0.0983614477, 0.0943978697, 0.2175272105, 0.2339268484, 2811.8636, 2831.1136, 763.4650, 17.4860
2025-12-10 23:36:36, 0.1040787018, 0.0837196368, 0.1946342678, 0.2022289493, 2544.6667, 2677.9804, 764.4600, 18.5208
2025-12-10 23:36:42, 0.1047242592, 0.0973160817, 0.1702587256, 0.1724382813, 2785.2041, 2695.0816, 761.3200, 16.7367
2025-12-10 23:36:48, 0.0822181184, 0.0845121792, 0.1571166627, 0.1983050191, 2893.3261, 3081.1087, 761.7250, 17.0335
2025-12-10 23:36:53, 0.1117964170, 0.0769555747, 0.1063110782, 0.0980317208, 2358.8600, 2434.5600, 757.2800, 18.2250
2025-12-10 23:36:59, 0.0836907852, 0.1081601607, 0.1479785958, 0.1384378048, 2835.5536, 2841.8393, 758.8400, 19.1051
2025-12-10 23:37:05, 0.1189269705, 0.1070466242, 0.2154080158, 0.1662521772, 2903.1020, 2827.2245, 758.5500, 18.4999
2025-12-10 23:37:11, 0.0803187379, 0.0834597283, 0.2077972761, 0.2225664140, 2636.5435, 2676.1087, 759.9800, 17.7736
2025-12-10 23:37:16, 0.0923210865, 0.1217767109, 0.2275453944, 0.2037563850, 2702.7333, 2730.7111, 762.2500, 17.8409
2025-12-10 23:37:22, 0.1033270810, 0.0833020241, 0.2518970193, 0.1913620624, 2805.8182, 2805.6364, 757.2550, 17.6780
2025-12-10 23:37:28, 0.0716806001, 0.0881905035, 0.1879074875, 0.1927250786, 2988.3750, 3095.6250, 757.7500, 17.9958
2025-12-10 23:37:33, 0.0904244391, 0.0780326548, 0.2805301329, 0.2201501177, 2863.6667, 2738.7857, 757.0250, 18.6835
2025-12-10 23:37:39, 0.1189432598, 0.0835875212, 0.1613971184, 0.1721705176, 2862.5179, 2849.8571, 757.1950, 18.3986
2025-12-10 23:37:45, 0.1130778486, 0.1062133300, 0.2151828544, 0.1576396763, 2884.5417, 2839.7917, 757.8850, 20.0831
2025-12-10 23:37:51, 0.0822018249, 0.0781084200, 0.1829060084, 0.1744575262, 2619.4255, 2645.6383, 756.0750, 18.5803
2025-12-10 23:37:56, 0.0808429083, 0.0871064485, 0.2233632655, 0.1887569677, 2913.3061, 2886.8776, 755.1050, 19.6264
2025-12-10 23:38:02, 0.0830073027, 0.0885056551, 0.2422131723, 0.2103770822, 2939.8222, 2901.8889, 757.8750, 20.5956
2025-12-10 23:38:08, 0.0858505872, 0.0693759100, 0.2677784651, 0.3078378206, 2792.8269, 2727.5385, 754.3250, 18.8260
2025-12-10 23:38:14, 0.0767670799, 0.0669297865, 0.1636484183, 0.1279901038, 3084.0299, 2898.6866, 754.0450, 19.4983
2025-12-10 23:38:20, 0.0920802762, 0.1026489602, 0.1015650873, 0.0845556031, 2814.1930, 2733.5263, 752.3400, 18.6052
2025-12-10 23:38:25, 0.0619127009, 0.0671958652, 0.2093911584, 0.1586258902, 2688.0000, 2727.0750, 754.9400, 19.8191
2025-12-10 23:38:31, 0.0782897878, 0.0767968466, 0.2544164231, 0.3371049366, 2870.1154, 2959.8269, 756.5050, 16.9361
2025-12-10 23:38:37, 0.0732903958, 0.0580929612, 0.1568249629, 0.1435279298, 2852.7381, 2879.6190, 759.0450, 19.1119
2025-12-10 23:38:42, 0.0651838176, 0.0444683315, 0.2340368362, 0.2163168668, 2668.4231, 2641.0577, 758.6300, 18.5268
2025-12-10 23:38:48, 0.1002283501, 0.0829415060, 0.1264815088, 0.1328785474, 2678.6250, 2730.6875, 761.0400, 16.7397
2025-12-10 23:38:54, 0.0765935177, 0.0729200387, 0.1192300841, 0.1012182858, 2661.6140, 2593.8070, 759.8650, 17.8971
2025-12-10 23:39:00, 0.0940574292, 0.0844337737, 0.1703832866, 0.1814452592, 2784.0755, 2882.0755, 760.8150, 17.9939
2025-12-10 23:39:05, 0.0831353118, 0.0908552004, 0.0863149633, 0.0973673506, 2492.8261, 2460.3261, 763.7450, 17.3640
2025-12-10 23:39:11, 0.0585485059, 0.0662771959, 0.1621692604, 0.1517798265, 2910.1224, 2971.8163, 762.2100, 18.8270
2025-12-10 23:39:17, 0.0579811865, 0.0698212415, 0.1174288043, 0.1387854997, 2952.7609, 2936.3261, 762.8600, 19.9973
2025-12-10 23:39:22, 0.0607568706, 0.0779912881, 0.0915296186, 0.1229428657, 2564.4821, 2617.2500, 765.9700, 16.5375
2025-12-10 23:39:28, 0.0917128619, 0.0894657222, 0.1496940271, 0.1455891069, 2850.6364, 3000.9318, 763.7700, 17.6371
2025-12-10 23:39:34, 0.0767685166, 0.0744489336, 0.1840727623, 0.1376024786, 2841.2609, 2883.4565, 766.1650, 16.5870
2025-12-10 23:39:39, 0.0794158903, 0.0748415246, 0.2183009952, 0.1897910381, 2745.9412, 2878.1373, 762.8400, 17.6410
2025-12-10 23:39:45, 0.0950739174, 0.0848696307, 0.2450463282, 0.2561986212, 2809.0278, 2650.6667, 766.2700, 17.7222
2025-12-10 23:39:51, 0.0943532516, 0.0716076193, 0.1502973809, 0.1617877139, 2655.6136, 2758.8864, 764.4650, 18.4805
2025-12-10 23:39:57, 0.0960804111, 0.1078342414, 0.1461985942, 0.1942472286, 2535.5278, 2684.6944, 760.6900, 18.9864
2025-12-10 23:40:02, 0.1032645406, 0.0819197267, 0.1481503231, 0.1506254836, 2791.5614, 2794.9123, 765.1400, 16.6166
2025-12-10 23:40:08, 0.1028861603, 0.1012982330, 0.1574891313, 0.1577509728, 2832.7143, 2812.1250, 761.5450, 18.2065
2025-12-10 23:40:14, 0.0662397652, 0.0788429993, 0.2033164116, 0.1633889362, 2745.0909, 2694.7955, 763.7700, 19.1812
2025-12-10 23:40:20, 0.0716337514, 0.0573133917, 0.1731866127, 0.2085237348, 2678.8545, 2701.6364, 761.4850, 17.6796
2025-12-10 23:40:25, 0.0699283102, 0.0687136435, 0.1665685386, 0.1511395666, 2781.1739, 2848.5217, 762.6300, 17.4766
2025-12-10 23:40:31, 0.0811766329, 0.0938770228, 0.1466497248, 0.1779141614, 2734.3607, 2672.7377, 763.8150, 19.4700
2025-12-10 23:40:36, 0.0849838265, 0.0855904703, 0.1235234155, 0.1049948387, 2602.3898, 2679.0678, 763.0000, 20.4910
2025-12-10 23:40:42, 0.0745180284, 0.0676048475, 0.2339073217, 0.2659712720, 2649.5185, 2694.2593, 763.0400, 18.9428
2025-12-10 23:40:48, 0.0650641435, 0.0663093109, 0.2293688650, 0.1411651654, 2887.5814, 2908.2791, 765.8000, 19.0147
2025-12-10 23:40:54, 0.0843063535, 0.0885770983, 0.2283319292, 0.1984699898, 2749.9756, 2856.0732, 764.1750, 17.4552
2025-12-10 23:40:59, 0.0724145548, 0.0663618351, 0.2425202048, 0.3728717554, 2345.8000, 2491.3250, 763.5050, 16.7338
2025-12-10 23:41:05, 0.1017415543, 0.0906655346, 0.1895417940, 0.1639330248, 2860.6098, 2701.0976, 766.4200, 21.3266
2025-12-10 23:41:11, 0.0737145689, 0.0788095630, 0.1556318053, 0.1456271859, 2553.3636, 2615.9318, 765.2700, 19.1783
2025-12-10 23:41:16, 0.1056581818, 0.1009344113, 0.2084982236, 0.1690012132, 3041.6818, 2857.5227, 764.9850, 18.0971
2025-12-10 23:41:22, 0.0951112065, 0.0800796210, 0.1484020049, 0.1893546248, 2744.5088, 2844.5965, 766.3500, 20.2165
2025-12-10 23:41:28, 0.1106992444, 0.0920376219, 0.1258400385, 0.1219067176, 2934.3091, 2898.4364, 765.7450, 17.9234
2025-12-10 23:41:34, 0.0869181364, 0.0893164757, 0.1400217231, 0.1112783060, 2626.6531, 2478.1224, 763.1200, 18.2323
2025-12-10 23:41:39, 0.1364574781, 0.1059369891, 0.2064155995, 0.1653836478, 3031.0377, 2931.9245, 762.6000, 18.2855
2025-12-10 23:41:45, 0.1121510291, 0.0770447285, 0.2494645328, 0.2563215546, 2833.2889, 2941.1778, 766.5800, 18.6460
2025-12-10 23:41:51, 0.0634932847, 0.0805130223, 0.2168669164, 0.1794518388, 2628.9565, 2571.1522, 766.2500, 17.7092
2025-12-10 23:41:57, 0.0956718322, 0.0952586362, 0.1607466387, 0.1410141174, 2451.3125, 2549.4375, 764.9650, 18.2566
2025-12-10 23:42:03, 0.1001849099, 0.0858998108, 0.1204385528, 0.1106832599, 2906.6829, 2785.3902, 763.1600, 18.7834
2025-12-10 23:42:08, 0.0889588331, 0.0901282710, 0.0995106744, 0.0855869129, 2463.7037, 2498.6481, 766.9600, 18.0138
2025-12-10 23:42:14, 0.1054120175, 0.0986648891, 0.1555686459, 0.1583882898, 2889.4583, 2927.4167, 766.1950, 19.4909
2025-12-10 23:42:20, 0.0637059798, 0.0717490349, 0.2015759698, 0.1598641619, 2797.0000, 2879.9020, 761.5450, 18.6244
2025-12-10 23:42:26, 0.0777171861, 0.0708636034, 0.2357257753, 0.1991448051, 2807.3030, 2811.2727, 758.9550, 18.7113
2025-12-10 23:42:31, 0.1002014551, 0.0903681717, 0.1814876074, 0.1309996904, 2842.8070, 2782.7895, 762.8850, 18.2916
2025-12-10 23:42:37, 0.0807259473, 0.0813819302, 0.1912173675, 0.2011139295, 2315.9362, 2421.6596, 765.3600, 18.4759
2025-12-10 23:42:43, 0.0889153172, 0.0654402718, 0.1477344598, 0.1311525161, 2976.8491, 2898.3962, 768.6750, 18.1766
2025-12-10 23:42:48, 0.0945575773, 0.0867889822, 0.1213206070, 0.1630648466, 2586.5952, 2639.5952, 764.8450, 18.3829
2025-12-10 23:42:54, 0.0735748126, 0.0710254639, 0.0803837517, 0.0885845335, 2977.9048, 2989.9762, 761.9850, 16.4090
2025-12-10 23:43:00, 0.0848660343, 0.0968546691, 0.1745753008, 0.1371797760, 2729.2807, 2666.1754, 764.8100, 17.6447
2025-12-10 23:43:06, 0.0822085161, 0.0699377978, 0.1036793136, 0.0954597704, 2574.4255, 2593.4681, 764.5850, 17.7018
2025-12-10 23:43:12, 0.1234654020, 0.0735961644, 0.1892150127, 0.1384732604, 2684.2830, 2595.8491, 760.6350, 15.6039
2025-12-10 23:43:17, 0.0808267936, 0.0750961091, 0.1148941717, 0.1367999181, 2858.4783, 2907.0870, 763.4400, 19.2563
2025-12-10 23:43:23, 0.1031228191, 0.1075092655, 0.1573837158, 0.1468136355, 2789.6296, 2759.8889, 765.4600, 18.7792
2025-12-10 23:43:29, 0.0785986413, 0.0909633695, 0.1437628547, 0.1387935450, 2861.6154, 2889.2115, 765.6200, 18.9633
2025-12-10 23:43:34, 0.1234746637, 0.0815546592, 0.2147652311, 0.2068183302, 2399.3333, 2242.1333, 764.2950, 18.6193
2025-12-10 23:43:40, 0.0874839559, 0.0774597402, 0.1366858624, 0.1361984035, 2819.4706, 2811.8824, 763.6700, 19.8932
2025-12-10 23:43:46, 0.0920871759, 0.0723410691, 0.1400490572, 0.1354368079, 3009.3902, 2972.3171, 766.3550, 19.3282
2025-12-10 23:43:51, 0.0844210553, 0.0731427536, 0.1195194694, 0.1027153394, 2675.5965, 2577.2807, 767.7600, 18.6283
2025-12-10 23:43:57, 0.0718373219, 0.0715110466, 0.1637092194, 0.2272323507, 3033.5882, 2956.6275, 767.7450, 18.8191
2025-12-10 23:44:03, 0.0763897431, 0.0795647521, 0.1275195640, 0.1391438308, 2864.5273, 2795.9818, 766.8350, 19.7347
2025-12-10 23:44:09, 0.1248588986, 0.0900663318, 0.1313774651, 0.0885275187, 2548.7755, 2535.6939, 763.9450, 17.8894
2025-12-10 23:44:15, 0.1640688156, 0.1137601070, 0.1062502145, 0.0891085668, 2867.7447, 2926.9574, 764.3050, 18.1290
2025-12-10 23:44:20, 0.1109379376, 0.1089602690, 0.1439254778, 0.0851951836, 2579.2273, 2512.2955, 765.2950, 18.0241
2025-12-10 23:44:26, 0.0747765634, 0.0752944770, 0.1040095882, 0.0951632246, 2710.9111, 2686.2667, 764.3250, 18.1474
2025-12-10 23:44:32, 0.1143490334, 0.0744807109, 0.1034743321, 0.1081140799, 2672.6667, 2652.6154, 762.5050, 20.6787
2025-12-10 23:44:38, 0.1412017103, 0.0951681068, 0.0776693894, 0.1139833233, 2723.3333, 2761.2821, 763.5650, 19.9821
2025-12-10 23:44:43, 0.1378319212, 0.0804109177, 0.0829941895, 0.1539781925, 2736.2885, 2825.9038, 766.9550, 20.5857
2025-12-10 23:44:49, 0.0940578924, 0.0976748999, 0.1393079849, 0.1190473733, 2809.1132, 2824.4340, 763.2700, 20.0259
2025-12-10 23:44:55, 0.0900190138, 0.0728021880, 0.1193243553, 0.1270435520, 2634.8039, 2663.8039, 768.1050, 22.1457
2025-12-10 23:45:00, 0.1264830534, 0.0974604569, 0.1038640796, 0.0928478208, 3002.4038, 2853.3846, 767.8000, 22.0277
2025-12-10 23:45:07, 0.0792996108, 0.0586869780, 0.1027755233, 0.0967121091, 2678.4706, 2658.5294, 767.0950, 22.2143
2025-12-10 23:45:13, 0.1011405035, 0.0774784206, 0.1126284560, 0.1070263664, 2741.7400, 2708.0000, 764.7900, 20.8436
2025-12-10 23:45:19, 0.0694002302, 0.0811349764, 0.1481517945, 0.1748139795, 2560.8250, 2613.7000, 763.8600, 20.1651
2025-12-10 23:45:24, 0.0806801431, 0.0712285137, 0.1019795819, 0.1134148231, 2816.4909, 2800.1455, 764.4650, 21.4142
2025-12-10 23:45:30, 0.1454910391, 0.0994521711, 0.1377481741, 0.1157288637, 2560.6066, 2560.5410, 762.4700, 20.8139
2025-12-10 23:45:36, 0.0990714024, 0.0955458512, 0.1777505440, 0.1331260603, 3100.5714, 2946.2857, 763.0950, 21.8286
2025-12-10 23:45:42, 0.1207490201, 0.0913098861, 0.1697318263, 0.1349514526, 3113.3875, 3018.8625, 761.3350, 21.0526
2025-12-10 23:45:48, 0.1281403655, 0.0812274473, 0.0854345990, 0.0666696504, 2586.9744, 2552.2308, 763.6700, 21.0796
2025-12-10 23:45:53, 0.1069572167, 0.1051451730, 0.1422843155, 0.1167045653, 2793.5091, 2625.9455, 762.5800, 20.9703
2025-12-10 23:45:59, 0.1157999283, 0.0921663990, 0.1235602290, 0.1014744465, 2813.8077, 2745.0577, 762.1350, 20.1593
2025-12-10 23:46:05, 0.0981909017, 0.1032669650, 0.1431507066, 0.1427315535, 2888.4348, 2977.8913, 760.1050, 20.3761
2025-12-10 23:46:11, 0.1022986310, 0.0917324647, 0.1115752944, 0.1021630079, 2794.8596, 2856.6491, 758.9450, 18.6387
2025-12-10 23:46:16, 0.1079651896, 0.0867370188, 0.2133361069, 0.2089070108, 2611.4222, 2579.0889, 758.7900, 16.8877
2025-12-10 23:46:22, 0.1206844934, 0.1022838495, 0.1663993245, 0.1720842282, 2674.9412, 2720.0392, 754.6250, 17.3431
2025-12-10 23:46:28, 0.0839389689, 0.0808164156, 0.1551551231, 0.1187544225, 2540.9444, 2583.3333, 757.5650, 15.8624
2025-12-10 23:46:34, 0.0761029935, 0.0984110988, 0.1623489203, 0.1389708487, 2526.5179, 2555.0893, 752.5500, 17.5510
2025-12-10 23:46:39, 0.0827457604, 0.0831374230, 0.1228201527, 0.1479093591, 2822.8936, 2842.0851, 755.8800, 18.3977
2025-12-10 23:46:45, 0.0827196224, 0.0869707185, 0.1242688258, 0.0853931189, 2785.6170, 2713.2979, 753.9400, 17.5162
2025-12-10 23:46:51, 0.0741460320, 0.0749208031, 0.1720907949, 0.2583204729, 2803.4444, 2915.2222, 752.6100, 17.6289
2025-12-10 23:46:56, 0.0854815814, 0.0695210942, 0.1028868032, 0.1163614811, 2583.2128, 2527.9787, 755.8950, 16.8732
2025-12-10 23:47:02, 0.0421468626, 0.0390456894, 0.1612021351, 0.1482751617, 2918.0714, 2829.0893, 755.0700, 16.4516
2025-12-10 23:47:08, 0.0958619973, 0.1237401593, 0.1738517655, 0.1345150456, 3246.5926, 3059.3519, 756.7650, 18.1659
2025-12-10 23:47:14, 0.0687873424, 0.0639383270, 0.3695119860, 0.3867345787, 2399.4571, 2393.3714, 755.5000, 18.5275
2025-12-10 23:47:19, 0.0730897372, 0.0588285873, 0.2409538161, 0.2787580958, 2443.4524, 2444.0476, 757.9050, 18.1958
2025-12-10 23:47:25, 0.0705890372, 0.0719672106, 0.4155759501, 0.3051031025, 2652.3077, 2587.4359, 757.7300, 18.2482
2025-12-10 23:47:31, 0.1002591187, 0.0846551574, 0.2185385931, 0.1615287568, 2606.1489, 2534.2128, 757.0700, 17.4584
2025-12-10 23:47:37, 0.0567954387, 0.0641559100, 0.1870604914, 0.1506839075, 2532.3243, 2545.5135, 762.3850, 16.1086
2025-12-10 23:47:42, 0.0666951958, 0.0941534149, 0.1764533348, 0.1688272278, 2949.8333, 2807.8958, 762.3900, 18.1331
2025-12-10 23:47:48, 0.0967204126, 0.0856678799, 0.1847070887, 0.1945265789, 3209.4035, 3126.6491, 762.8500, 17.0999
2025-12-10 23:47:54, 0.0918303204, 0.0617718365, 0.1493934679, 0.1306606528, 2737.0222, 2728.4000, 760.7150, 17.1390
2025-12-10 23:47:59, 0.0597390489, 0.0459699178, 0.1983517014, 0.1471432857, 2755.4359, 2460.0000, 763.0200, 18.4545
2025-12-10 23:48:05, 0.0719945818, 0.0593161208, 0.4106299160, 0.3169335390, 2654.1795, 2630.4103, 763.2400, 18.3481
2025-12-10 23:48:11, 0.0910042986, 0.0804214439, 0.2002632752, 0.1909058102, 2652.6964, 2744.6429, 758.9600, 17.4865
2025-12-10 23:48:17, 0.1152590398, 0.1133672817, 0.2087427780, 0.1143844752, 2851.1224, 2779.0816, 758.4650, 16.1366
2025-12-10 23:48:23, 0.1023100588, 0.1024465378, 0.1464806835, 0.1414322321, 2844.1053, 2887.8596, 757.8550, 17.0679
2025-12-10 23:48:28, 0.1349375104, 0.1084363191, 0.1539102523, 0.1643371709, 2591.7083, 2651.0625, 759.4100, 17.3344
2025-12-10 23:48:34, 0.0700470010, 0.0863716914, 0.1506274508, 0.1578562419, 2531.9070, 2537.4186, 761.8000, 18.2486
2025-12-10 23:48:40, 0.1123600999, 0.0910115108, 0.1238450763, 0.1359336059, 2660.1591, 2624.4318, 760.2750, 17.6210
2025-12-10 23:48:46, 0.0841780841, 0.0850399243, 0.1473125897, 0.1364619049, 2948.9643, 2941.0357, 758.5050, 18.7259
2025-12-10 23:48:51, 0.0673685885, 0.0466830328, 0.1278988392, 0.1147242475, 2761.4348, 2843.8043, 761.8500, 17.3138
2025-12-10 23:48:57, 0.0638147264, 0.0701065820, 0.1078621250, 0.1253394312, 2701.6346, 2645.7500, 761.8500, 17.4269
2025-12-10 23:49:03, 0.0453726315, 0.0566788220, 0.1693359115, 0.1431309071, 2555.0385, 2554.7308, 763.0950, 18.3877
2025-12-10 23:49:08, 0.0941357961, 0.0712158921, 0.2511676725, 0.2041729131, 2838.2500, 2850.0682, 763.5150, 16.6172
2025-12-10 23:49:14, 0.0856905301, 0.0734169898, 0.2032713332, 0.1701718420, 2696.2273, 2684.6818, 761.1800, 17.9122
2025-12-10 23:49:20, 0.0515923989, 0.0443101352, 0.4212846607, 0.2607008088, 3235.1957, 2949.3913, 759.2300, 17.6328
2025-12-10 23:49:26, 0.0988428910, 0.0750236649, 0.3440275793, 0.3576797401, 2634.5500, 2782.6000, 759.1650, 18.4247
2025-12-10 23:49:31, 0.1060587483, 0.0832768632, 0.3222174126, 0.2450934818, 2871.8636, 2874.1818, 759.4900, 17.7000
2025-12-10 23:49:37, 0.0848621242, 0.0692852346, 0.1747600981, 0.2276404378, 2582.6545, 2659.8909, 760.3600, 19.0654
2025-12-10 23:49:43, 0.0769710681, 0.0788827079, 0.2219653651, 0.1842712510, 2603.7255, 2688.7451, 760.4500, 18.9728
2025-12-10 23:49:48, 0.0742358066, 0.0967305918, 0.1683645084, 0.2234786155, 2890.9375, 2919.4167, 767.0400, 17.9488
2025-12-10 23:49:54, 0.1033824335, 0.0762137730, 0.1710866334, 0.2126791638, 2868.0385, 2908.6154, 766.4100, 18.3494
2025-12-10 23:50:00, 0.1057256766, 0.0656209183, 0.1281572796, 0.1206159812, 2759.6471, 2772.4412, 760.6000, 20.0891
2025-12-10 23:50:06, 0.0855219373, 0.0729455389, 0.2199809215, 0.1537801695, 2596.0612, 2522.8367, 761.2600, 17.6772
2025-12-10 23:50:11, 0.0957322574, 0.0909311612, 0.1880982016, 0.1305872140, 2891.9825, 2949.4737, 761.2800, 17.4038
2025-12-10 23:50:17, 0.0948565905, 0.0540519891, 0.2044308890, 0.1619304001, 3075.0893, 3055.7857, 762.6700, 18.4033
2025-12-10 23:50:23, 0.0850562476, 0.0902643617, 0.1610756273, 0.1088955007, 2760.1707, 2767.6098, 762.1200, 18.8737
2025-12-10 23:50:28, 0.0815653570, 0.0750328171, 0.1190035222, 0.1495532821, 2901.9574, 2900.6596, 761.1650, 17.7349
2025-12-10 23:50:34, 0.0956976718, 0.0769740839, 0.1181560841, 0.1118933994, 2722.9778, 2718.4667, 764.3800, 17.1472
2025-12-10 23:50:40, 0.0714631272, 0.0864267876, 0.1618498634, 0.1495079772, 2883.7719, 2777.4386, 761.4600, 16.8035
2025-12-10 23:50:46, 0.0986449449, 0.0882661652, 0.1590339698, 0.1411297677, 2900.4565, 2860.6957, 763.9600, 16.1585
2025-12-10 23:50:51, 0.1112888030, 0.1002454123, 0.1236029200, 0.1131886799, 2920.3182, 2880.6818, 762.1200, 17.0060
2025-12-10 23:50:57, 0.0868133635, 0.0675001265, 0.1332720336, 0.1019443659, 2767.1765, 2801.5294, 761.1150, 17.9806
2025-12-10 23:51:03, 0.0708840902, 0.0605465220, 0.1896303286, 0.1870412191, 2796.9286, 2745.2143, 763.2650, 19.0745
2025-12-10 23:51:08, 0.0947569348, 0.0898680802, 0.1672576081, 0.1829915508, 2809.4098, 2766.2459, 764.6150, 17.7949
2025-12-10 23:51:14, 0.0936077660, 0.0740366320, 0.3018001005, 0.2552723944, 2745.0250, 2660.6250, 761.7050, 17.1770
2025-12-10 23:51:20, 0.0908801476, 0.0934200669, 0.0815925152, 0.0916357362, 2615.7561, 2667.7805, 762.5000, 17.4270
2025-12-10 23:51:26, 0.0897789932, 0.0725011187, 0.1197750248, 0.1443487230, 2877.5000, 2891.3148, 765.5050, 17.0816
2025-12-10 23:51:31, 0.0927419859, 0.0784880706, 0.1248916034, 0.1176417216, 2911.0889, 2949.6667, 765.4000, 19.2562
2025-12-10 23:51:37, 0.0769113531, 0.0578983311, 0.0839146831, 0.0844525429, 2767.8571, 2845.5238, 764.5550, 18.6445
2025-12-10 23:51:43, 0.0972319421, 0.0780930020, 0.1331283480, 0.1405410580, 2765.9592, 2815.5918, 764.8450, 17.5520
2025-12-10 23:51:48, 0.1331461671, 0.0811708908, 0.1565761546, 0.1600347869, 2797.0200, 2771.1400, 765.6900, 17.4059
2025-12-10 23:51:54, 0.1001025267, 0.1061054901, 0.1481382848, 0.1554894627, 3001.7778, 3025.8148, 763.3600, 17.9639
2025-12-10 23:52:00, 0.0950070490, 0.0885003158, 0.0747553439, 0.0890775177, 2569.6792, 2561.7925, 766.8750, 17.8667
2025-12-10 23:52:06, 0.1096629048, 0.0678867477, 0.1733962092, 0.1342559246, 2709.5306, 2702.8571, 764.3550, 18.1358
2025-12-10 23:52:11, 0.0483168596, 0.0618091787, 0.1000694001, 0.0913166135, 2785.8723, 2768.4043, 760.7450, 19.1896
2025-12-10 23:52:17, 0.0851159038, 0.0648694800, 0.1678148477, 0.1499948340, 2967.2182, 2888.9455, 763.1050, 19.9320
2025-12-10 23:52:23, 0.0750037322, 0.0698373965, 0.1602103754, 0.1407185835, 2604.8302, 2554.6226, 760.5750, 18.6380
2025-12-10 23:52:28, 0.0693853304, 0.0699963069, 0.1251557936, 0.1351074398, 2703.5893, 2813.6607, 763.2900, 17.2252
2025-12-10 23:52:34, 0.0979324846, 0.0693216132, 0.1143524611, 0.1047536266, 2637.7895, 2543.2368, 764.2150, 18.6796
2025-12-10 23:52:40, 0.0877569217, 0.0702750358, 0.1405479890, 0.1492184239, 2928.3256, 2967.8837, 760.3100, 19.8440
2025-12-10 23:52:46, 0.0916636287, 0.0912386799, 0.0961999117, 0.0952137037, 2849.2885, 2885.8654, 761.6300, 17.9553
2025-12-10 23:52:51, 0.1128406281, 0.0861240781, 0.1047270169, 0.0867846118, 2640.0000, 2589.9583, 762.6550, 17.2770
2025-12-10 23:52:58, 0.1050841469, 0.0463788429, 0.0965383378, 0.1053482148, 2522.6667, 2586.1667, 759.9250, 17.2774
2025-12-10 23:53:04, 0.0883366488, 0.0662177879, 0.1169453111, 0.1078768783, 2706.6731, 2707.4423, 759.7400, 18.3429
2025-12-10 23:53:09, 0.0872735724, 0.0827666752, 0.2063402209, 0.1879867491, 2772.5849, 2792.9057, 758.8550, 16.9409
2025-12-10 23:53:15, 0.1910538725, 0.1240739678, 0.1014971939, 0.0689117131, 2407.1143, 2431.4571, 760.5800, 18.3881
2025-12-10 23:53:21, 0.1164261619, 0.1101531488, 0.1170373748, 0.1044637185, 2807.4583, 2939.5000, 756.8650, 18.2633
2025-12-10 23:53:26, 0.0600601135, 0.0545808255, 0.0863761540, 0.1022207598, 2685.6207, 2667.6552, 756.9300, 18.1057
2025-12-10 23:53:32, 0.0715781489, 0.0599649084, 0.1309513403, 0.1311755594, 3060.9643, 2930.9107, 755.6800, 17.9334
2025-12-10 23:53:38, 0.0526310284, 0.0633556280, 0.0636968991, 0.0831133195, 2514.2766, 2577.4043, 757.8300, 17.9374
2025-12-10 23:53:44, 0.0945011923, 0.0676664415, 0.1799908079, 0.1772715172, 2753.5556, 2701.2222, 756.2350, 19.0717
2025-12-10 23:53:49, 0.0699834504, 0.0792187083, 0.1695688699, 0.1658429733, 2683.0238, 2724.1905, 754.9300, 18.4877
2025-12-10 23:53:55, 0.1099814165, 0.0871831076, 0.0968160480, 0.0963395041, 2639.6735, 2650.8163, 756.0850, 16.5764
2025-12-10 23:54:01, 0.0955226992, 0.1013453816, 0.1698848889, 0.1491618601, 2542.1176, 2606.6275, 753.7150, 17.8545
2025-12-10 23:54:06, 0.0748769179, 0.0785647446, 0.1056095668, 0.1161042873, 2723.7333, 2888.6222, 756.6500, 18.1366
2025-12-10 23:54:12, 0.0665973013, 0.0623002706, 0.0872084578, 0.0838879917, 2519.1250, 2725.0833, 755.7650, 17.8011
2025-12-10 23:54:18, 0.1161926774, 0.1020390771, 0.1792623072, 0.1542697128, 2929.5323, 2868.4677, 755.8350, 17.5945
2025-12-10 23:54:24, 0.0791462495, 0.0735429345, 0.1826943437, 0.1257658559, 2757.6316, 2646.6140, 752.0750, 17.9730
2025-12-10 23:54:29, 0.0830914460, 0.0814406891, 0.1536841328, 0.1244351230, 2847.5000, 2882.1200, 754.4300, 18.6611
2025-12-10 23:54:35, 0.0667099768, 0.0527439620, 0.1701323835, 0.1271468748, 2693.0351, 2663.8246, 754.4800, 17.4934
2025-12-10 23:54:41, 0.0774002241, 0.0734054297, 0.2462484841, 0.2467297036, 2619.8810, 2655.5714, 755.1300, 18.4530
2025-12-10 23:54:47, 0.1489978472, 0.0785056758, 0.0971382765, 0.1336117715, 2862.4000, 2969.8400, 753.0850, 19.2410
2025-12-10 23:54:52, 0.0931071136, 0.0963661370, 0.1120396449, 0.0923997515, 2599.5469, 2624.0000, 754.7950, 19.5395
2025-12-10 23:54:58, 0.0963720819, 0.0934502670, 0.1348065636, 0.1156717277, 3028.7551, 3003.8571, 757.6100, 18.6222
2025-12-10 23:55:04, 0.1393879654, 0.1170541388, 0.1299611564, 0.1362103406, 2731.7031, 2844.9219, 758.1050, 17.3376
2025-12-10 23:55:09, 0.0916166626, 0.0861962688, 0.1455668558, 0.1128958523, 2996.0690, 3007.0172, 765.8450, 16.9051
2025-12-10 23:55:15, 0.0833424797, 0.0772097995, 0.0920432907, 0.0807628154, 2948.6000, 2871.7600, 762.7800, 17.8595
2025-12-10 23:55:21, 0.0841457160, 0.0866695319, 0.1295761689, 0.0817846630, 2569.1739, 2607.2174, 761.3350, 18.2089
2025-12-10 23:55:27, 0.0958225326, 0.0782238864, 0.0886553561, 0.0906562355, 2816.8163, 2744.1224, 760.8800, 19.5066
2025-12-10 23:55:32, 0.1051484099, 0.0832507492, 0.0962898639, 0.1110244693, 2535.2245, 2559.9388, 761.3550, 17.6465
2025-12-10 23:55:38, 0.0878378640, 0.0720109899, 0.1057267655, 0.1060003077, 2544.8491, 2645.8113, 762.8550, 16.9338
2025-12-10 23:55:44, 0.0844638854, 0.0808461503, 0.1551753604, 0.1861138487, 3154.9412, 2957.8431, 764.1050, 18.5902
2025-12-10 23:55:50, 0.0832817514, 0.1035337866, 0.1952697470, 0.1306963724, 2805.9516, 2713.3710, 760.8350, 18.5491
2025-12-10 23:55:55, 0.0790886897, 0.0782482159, 0.1217420922, 0.1217833101, 2674.9130, 2646.3478, 761.1100, 18.0255
2025-12-10 23:56:01, 0.0894855878, 0.0737579594, 0.1345130872, 0.1601408896, 2628.0167, 2747.6000, 762.3550, 17.4117
2025-12-10 23:56:07, 0.0981660263, 0.0738996695, 0.1353858148, 0.1302698254, 3034.0185, 3006.3889, 764.2100, 16.9905
2025-12-10 23:56:12, 0.0486994667, 0.0599541779, 0.1651670670, 0.1091655888, 2693.7000, 2725.2000, 760.4750, 17.4986
2025-12-10 23:56:18, 0.0757740299, 0.0906300980, 0.1311657000, 0.0983456089, 2917.4255, 2854.1915, 766.1600, 18.7826
2025-12-10 23:56:24, 0.0837157501, 0.0793701269, 0.0916490136, 0.0772991271, 2751.9818, 2688.8182, 762.2000, 17.3508
2025-12-10 23:56:30, 0.0685416862, 0.0702875162, 0.1106684350, 0.1136194233, 2799.7037, 2758.5000, 768.6050, 17.6598
2025-12-10 23:56:35, 0.0588900129, 0.0637888573, 0.1373143432, 0.0877349472, 2756.3148, 2677.3519, 765.8050, 16.8463
2025-12-10 23:56:41, 0.0794551032, 0.0819732597, 0.0907113338, 0.0844823798, 2806.9643, 2801.2500, 767.7850, 19.2880
2025-12-10 23:56:47, 0.0914499359, 0.1018237840, 0.0980435328, 0.0989646465, 2905.8043, 2869.7391, 765.1500, 18.8318
2025-12-10 23:56:53, 0.1128860845, 0.0867585605, 0.1559114247, 0.1114696347, 2803.5769, 2747.8654, 766.8750, 16.7916
2025-12-10 23:56:59, 0.0531011094, 0.0545051240, 0.1261806697, 0.1311012512, 3041.0612, 2989.5714, 765.9500, 19.1196
2025-12-10 23:57:04, 0.1109363720, 0.0749087072, 0.1102199728, 0.1065584731, 2824.3250, 2943.3750, 763.1400, 19.6456
2025-12-10 23:57:10, 0.1006394749, 0.1137771791, 0.1144999666, 0.1091547726, 2991.9744, 2877.9487, 765.4550, 17.2971
2025-12-10 23:57:16, 0.1223410252, 0.1196457559, 0.0873457111, 0.0877858463, 2651.3415, 2637.5610, 764.6000, 18.1984
2025-12-10 23:57:21, 0.0724045104, 0.0695100987, 0.2080371334, 0.1459720550, 2617.5556, 2624.9815, 765.2900, 16.1461
2025-12-10 23:57:27, 0.0637997912, 0.0513989648, 0.1413151009, 0.0972955410, 2640.6585, 2607.2683, 763.4300, 18.0786
2025-12-10 23:57:33, 0.0750866132, 0.0649905001, 0.2508075816, 0.2347209320, 2915.8846, 2787.8269, 762.3000, 18.4600
2025-12-10 23:57:39, 0.0545878405, 0.0650683588, 0.0803998758, 0.0868033111, 2624.3696, 2664.8913, 765.9550, 19.5103
2025-12-10 23:57:45, 0.0682915639, 0.0629894301, 0.1137120407, 0.0804216793, 2832.2581, 2744.2258, 761.4000, 17.9644
2025-12-10 23:57:50, 0.0830371262, 0.0613796086, 0.1083194741, 0.1217548761, 3017.4912, 2902.2281, 760.5000, 19.0347
2025-12-10 23:57:56, 0.0614014307, 0.0778031283, 0.0870159227, 0.0745619322, 2699.8448, 2534.6207, 759.0400, 18.7635
2025-12-10 23:58:02, 0.0761779258, 0.0505702817, 0.1118468017, 0.0983402840, 2721.8333, 2646.9667, 760.3750, 17.8965
2025-12-10 23:58:07, 0.0625995077, 0.0661080818, 0.1242058002, 0.1143886108, 2875.2500, 2801.2833, 761.3950, 18.0707
2025-12-10 23:58:13, 0.0645362672, 0.0455152492, 0.1028314986, 0.1070973786, 2662.4531, 2583.6719, 760.4350, 19.2747
2025-12-10 23:58:19, 0.0651286675, 0.0632762204, 0.1569540478, 0.1058886124, 2752.4355, 2597.3065, 759.5450, 18.5359
2025-12-10 23:58:25, 0.0800712616, 0.0730314720, 0.0666693463, 0.0897538849, 2752.2264, 2746.9057, 761.3200, 18.0900
2025-12-10 23:58:31, 0.0737002622, 0.0706474515, 0.1256861026, 0.1077789665, 2614.0377, 2610.6604, 760.6100, 16.5039
2025-12-10 23:58:37, 0.0782730656, 0.0721010624, 0.0728100640, 0.0727973267, 2739.0233, 2852.9767, 758.4300, 17.7909
2025-12-10 23:58:42, 0.0534749809, 0.0401694047, 0.1277236793, 0.1569629083, 2777.3175, 2741.2063, 764.5900, 18.1023
2025-12-10 23:58:48, 0.0643389697, 0.0572941955, 0.0805219268, 0.0983049255, 3052.1333, 3114.4667, 759.1300, 18.4142
2025-12-10 23:58:54, 0.0736060576, 0.0698484613, 0.0776043776, 0.1077408355, 2774.3265, 2913.7959, 760.9850, 18.1905
2025-12-10 23:59:00, 0.0762016732, 0.0620074028, 0.0916464424, 0.1536060198, 2640.7778, 2709.2222, 761.2100, 21.1643
2025-12-10 23:59:06, 0.0569855120, 0.0507507638, 0.1541848963, 0.1260081552, 2793.5238, 2720.9048, 761.7900, 20.2447
2025-12-10 23:59:11, 0.0698472056, 0.0626939423, 0.1088703008, 0.1304640553, 2617.5217, 2600.9783, 762.3500, 19.2538
2025-12-10 23:59:17, 0.1030153038, 0.0868423418, 0.1041971905, 0.0771609337, 2706.0645, 2751.9839, 759.5850, 18.0782
2025-12-10 23:59:23, 0.0909678117, 0.0699656196, 0.1249650143, 0.1596670697, 2748.5510, 2786.4490, 760.4000, 17.6771
2025-12-10 23:59:28, 0.0596186649, 0.0520642386, 0.1142773906, 0.0922788064, 2602.3077, 2563.2500, 761.5050, 17.0071
2025-12-10 23:59:34, 0.0614887552, 0.0696632758, 0.1520132785, 0.1301588316, 3015.0357, 2861.5536, 762.9650, 18.8299
2025-12-10 23:59:40, 0.0871904186, 0.0784493709, 0.1097359788, 0.1017315605, 2611.9643, 2583.8750, 763.1200, 17.7010
2025-12-10 23:59:46, 0.0714831990, 0.0613064060, 0.1103896684, 0.0776353577, 2907.1111, 2812.8000, 762.5300, 18.1353
2025-12-10 23:59:51, 0.0643615226, 0.0643180538, 0.1400296691, 0.0994253838, 2899.8070, 2826.3860, 762.2550, 18.1857
2025-12-10 23:59:57, 0.0624042542, 0.0672847876, 0.1283493741, 0.0975484296, 2800.5577, 2739.2115, 762.9800, 19.0329
2025-12-11 00:00:03, 0.0642702503, 0.0694733800, 0.1257108382, 0.1208334167, 2883.8542, 2958.0417, 763.7350, 16.8162
2025-12-11 00:00:08, 0.0727938612, 0.0861776282, 0.1228922024, 0.1324370244, 2948.5476, 2947.8095, 761.3250, 16.4432
2025-12-11 00:00:14, 0.1262093454, 0.0795503263, 0.1633077639, 0.1495986814, 2756.5854, 2742.7561, 761.6550, 18.3427
2025-12-11 00:00:20, 0.0851575390, 0.0619244488, 0.1487438059, 0.1247984817, 2643.1915, 2639.7660, 761.1400, 19.7464
2025-12-11 00:00:25, 0.0996036689, 0.0709896361, 0.1703067462, 0.1855179229, 3305.2308, 3309.7692, 763.2400, 18.1797
2025-12-11 00:00:31, 0.0736788518, 0.0799824146, 0.1337292762, 0.1360813828, 2549.1702, 2600.3830, 763.5450, 19.5409
2025-12-11 00:00:37, 0.0677333679, 0.0705891525, 0.1079066425, 0.1355590070, 2900.6379, 2774.2931, 760.9250, 18.5054
2025-12-11 00:00:43, 0.0686472091, 0.0855434456, 0.0983556952, 0.1293252708, 2814.3137, 2839.8431, 763.7550, 17.5603
2025-12-11 00:00:48, 0.0656596015, 0.0552419118, 0.0897595576, 0.0871269051, 2622.5682, 2701.8636, 760.9300, 17.0451
2025-12-11 00:00:54, 0.0871442016, 0.0846135312, 0.1304661313, 0.1402324833, 2966.6852, 2941.6296, 765.3000, 18.0560
2025-12-11 00:01:00, 0.0731017698, 0.0904285301, 0.1240638513, 0.1190966387, 2845.8276, 2874.0517, 760.7100, 19.0792
2025-12-11 00:01:06, 0.0754477950, 0.0909039374, 0.1029193007, 0.1146057923, 2855.4773, 2964.0227, 759.2050, 17.8242
2025-12-11 00:01:11, 0.0962482209, 0.0794946277, 0.1649195552, 0.1653729045, 2579.9333, 2583.2333, 758.7700, 16.8439
2025-12-11 00:01:18, 0.0594676170, 0.0599294341, 0.1376460827, 0.1324832291, 2870.2105, 2748.5789, 758.6400, 16.9988
2025-12-11 00:01:23, 0.0750614948, 0.0784864412, 0.1871221873, 0.1485208027, 2666.0200, 2706.7200, 759.7050, 17.0669
2025-12-11 00:01:29, 0.0823485060, 0.0713865988, 0.1116576160, 0.0778277801, 2520.0930, 2474.1163, 761.6150, 18.3097
2025-12-11 00:01:35, 0.0602902763, 0.0764906262, 0.1390266649, 0.1628704942, 2560.2340, 2650.8085, 760.0550, 19.2414
2025-12-11 00:01:40, 0.1205265129, 0.0879806536, 0.1154999823, 0.1140712324, 2858.2500, 2986.4792, 760.6050, 17.3156
2025-12-11 00:01:47, 0.1014021539, 0.1188845004, 0.2884433411, 0.2180377301, 2859.4038, 2779.9808, 759.9800, 17.6485
2025-12-11 00:01:52, 0.1049379540, 0.0923492547, 0.2304071987, 0.1752952284, 2757.3830, 2772.5532, 761.1400, 17.6782
2025-12-11 00:01:58, 0.0534334753, 0.0603855283, 0.1336520219, 0.1744961216, 2531.4000, 2560.1600, 758.1300, 18.7815
2025-12-11 00:02:04, 0.0991214018, 0.1101908088, 0.2507446133, 0.2441549889, 3031.1111, 3077.1944, 758.5350, 17.4751
2025-12-11 00:02:10, 0.0906525776, 0.1015122732, 0.1632035128, 0.1322065485, 2880.4186, 2896.8837, 759.3150, 18.1073
2025-12-11 00:02:15, 0.0817504887, 0.0690783594, 0.1519159173, 0.1480237528, 2812.2941, 2766.2353, 758.5850, 15.8074
2025-12-11 00:02:21, 0.0425863034, 0.0448736065, 0.3307641864, 0.2706498480, 2594.5455, 2487.7955, 760.9450, 18.4727
2025-12-11 00:02:27, 0.0460705286, 0.0665230447, 0.3015860092, 0.2566901915, 2580.1395, 2655.4651, 756.7450, 17.4164
2025-12-11 00:02:32, 0.0671780681, 0.0573837543, 0.1112644815, 0.1145851943, 2466.8545, 2537.0545, 763.4250, 17.6438
2025-12-11 00:02:38, 0.0852875981, 0.0775741432, 0.1290012263, 0.1164424504, 2592.4400, 2488.2600, 763.0300, 18.8382
2025-12-11 00:02:44, 0.0677131582, 0.0728950846, 0.1485260254, 0.1641958073, 3057.5000, 3127.9783, 763.0750, 18.6620
2025-12-11 00:02:50, 0.0658615728, 0.0659827891, 0.1571040650, 0.1555698344, 3017.6415, 2872.1509, 753.8700, 18.8269
2025-12-11 00:02:56, 0.0522540364, 0.0550867193, 0.1980683182, 0.1490085025, 2563.1154, 2606.5769, 757.9550, 20.2522
2025-12-11 00:03:02, 0.1023338775, 0.0774567278, 0.2189332633, 0.2539624339, 2852.0465, 2753.1860, 757.2100, 18.3847
2025-12-11 00:03:07, 0.0625714704, 0.0403578502, 0.1623274861, 0.1982069004, 2574.8333, 2595.4074, 762.2250, 17.9155
2025-12-11 00:03:13, 0.0448048532, 0.0427874695, 0.1572193444, 0.1625055807, 2694.3455, 2664.8545, 756.2500, 18.3665
2025-12-11 00:03:19, 0.0515496855, 0.0704284014, 0.1474774168, 0.1289084663, 2690.3036, 2745.8750, 755.2950, 19.0559
2025-12-11 00:03:24, 0.0536187503, 0.0538564255, 0.1365898292, 0.1060664025, 2948.4444, 2946.9815, 755.1850, 17.9675
2025-12-11 00:03:30, 0.0783576032, 0.0600814898, 0.1603780974, 0.1494130199, 2543.4043, 2606.3830, 756.8450, 18.8279
2025-12-11 00:03:36, 0.0863134728, 0.0715151421, 0.1499366966, 0.1704638675, 2802.5667, 2871.9500, 755.0300, 17.6519
2025-12-11 00:03:41, 0.0611882408, 0.0638123271, 0.1670919261, 0.1749378630, 2835.5370, 2840.6481, 754.5150, 17.8278
2025-12-11 00:03:47, 0.0671454890, 0.0634925880, 0.2855390554, 0.1604587890, 2843.1852, 2792.6111, 752.0250, 17.5686
2025-12-11 00:03:53, 0.0782943683, 0.0758972253, 0.1339632262, 0.1644840882, 2874.0400, 2879.9400, 751.9950, 16.0653
2025-12-11 00:03:59, 0.0824787815, 0.0852838319, 0.1090769144, 0.1224987886, 2418.5217, 2444.0870, 751.2400, 19.4806
2025-12-11 00:04:05, 0.0777267448, 0.0885405317, 0.3051747293, 0.2988303000, 2349.7347, 2346.6327, 750.7000, 16.7774
2025-12-11 00:04:10, 0.0820395591, 0.0882626956, 0.1258019242, 0.1215767880, 2469.8261, 2438.9783, 755.7100, 18.4666
2025-12-11 00:04:16, 0.0699649706, 0.0476159944, 0.1617759809, 0.1815225621, 2815.1897, 2720.1034, 755.9250, 18.9188
2025-12-11 00:04:22, 0.0591937055, 0.0552716625, 0.1309962560, 0.1802933731, 2836.5283, 2972.2642, 754.7100, 18.2931
2025-12-11 00:04:28, 0.0713519060, 0.0784051810, 0.2902203553, 0.1921988878, 2797.5833, 2794.3889, 753.0150, 18.6702
2025-12-11 00:04:33, 0.0528680110, 0.0677518393, 0.2415294601, 0.2259137949, 2707.5208, 2774.8750, 756.6650, 18.1773
2025-12-11 00:04:39, 0.0531512835, 0.0587982198, 0.2475785759, 0.2457140199, 2973.7391, 2920.9565, 753.5400, 16.9121
2025-12-11 00:04:45, 0.0611880562, 0.0618742791, 0.1549629434, 0.1675406564, 3034.6667, 2980.1875, 754.8200, 18.1623
2025-12-11 00:04:50, 0.0640450416, 0.0744221133, 0.1085483584, 0.0970456318, 2651.8103, 2595.6724, 756.0200, 19.8083
2025-12-11 00:04:57, 0.0708506739, 0.0476787242, 0.2222539220, 0.1777766234, 2747.4400, 2634.3200, 755.8950, 19.3296
2025-12-11 00:05:02, 0.0626123643, 0.0599762751, 0.1361838775, 0.1371220728, 2560.1739, 2503.3261, 752.9200, 18.1657
2025-12-11 00:05:08, 0.0672707773, 0.0658084497, 0.2034793122, 0.1618601192, 2482.5778, 2479.0889, 755.4100, 17.9987
2025-12-11 00:05:14, 0.0527186243, 0.0586753978, 0.2379625642, 0.2073337842, 2777.1636, 2593.7636, 756.7600, 18.3633
2025-12-11 00:05:20, 0.0950556540, 0.0823695115, 0.1571194993, 0.1275087128, 2548.6964, 2528.8214, 755.6200, 19.3149
2025-12-11 00:05:25, 0.0607922870, 0.0686388063, 0.1470164731, 0.1487289211, 2767.3542, 2709.0208, 755.2000, 18.3510
2025-12-11 00:05:31, 0.0682223664, 0.0642257079, 0.1390947727, 0.1286470697, 2850.5652, 2723.6957, 757.1850, 19.4289
2025-12-11 00:05:37, 0.0623462225, 0.0572787974, 0.1391711486, 0.1599069164, 2528.0909, 2650.5000, 755.7650, 16.5430
2025-12-11 00:05:42, 0.0562852342, 0.0689168985, 0.1392449783, 0.1464557327, 2784.8197, 2865.0000, 755.3800, 18.8129
2025-12-11 00:05:48, 0.0632196895, 0.0659756171, 0.1429068802, 0.1350968920, 2548.8113, 2548.3396, 755.2600, 18.0317
2025-12-11 00:05:54, 0.0889041021, 0.0803226806, 0.2076987428, 0.2308310823, 2798.3913, 2759.7826, 756.8400, 18.6275
2025-12-11 00:06:00, 0.0550352449, 0.0501442153, 0.1793564834, 0.1643540735, 2599.3393, 2560.2679, 757.1750, 18.3879
2025-12-11 00:06:06, 0.0841731603, 0.0494494494, 0.1651958055, 0.1162101280, 2559.7333, 2693.7000, 755.4600, 18.8156
2025-12-11 00:06:11, 0.0791800303, 0.0841538895, 0.1617056876, 0.1722569402, 2757.8704, 2819.7037, 757.4450, 16.5278
2025-12-11 00:06:17, 0.0638212582, 0.0677145246, 0.1043577306, 0.1351971036, 2768.3800, 2694.4800, 762.8200, 16.3116
2025-12-11 00:06:23, 0.0665884217, 0.0644960533, 0.1428575830, 0.1264701947, 2566.9545, 2625.9545, 761.7150, 18.0705
2025-12-11 00:06:29, 0.0657781844, 0.0767280812, 0.1356659723, 0.1422884505, 2736.4118, 2909.1961, 762.3500, 16.9622
2025-12-11 00:06:35, 0.0770017207, 0.0792555156, 0.1682619487, 0.1199214218, 2820.2500, 2820.8036, 763.8150, 18.8561
2025-12-11 00:06:40, 0.0566774461, 0.0618486460, 0.1813678241, 0.1024981005, 2862.3488, 2790.4651, 760.4500, 18.4702
2025-12-11 00:06:46, 0.0785482279, 0.0705649435, 0.1519560893, 0.1793087104, 2818.2453, 2729.1132, 764.0950, 17.4673
2025-12-11 00:06:52, 0.0691672725, 0.0750486057, 0.1717661153, 0.2269926674, 2959.8542, 3079.2083, 762.6900, 18.9635
2025-12-11 00:06:57, 0.0528016540, 0.0645857047, 0.1166538736, 0.1206954739, 2883.3654, 2816.3654, 762.7050, 18.0163
2025-12-11 00:07:03, 0.0678623448, 0.0711351041, 0.1577093940, 0.1635432042, 2838.8125, 2856.0417, 761.1800, 17.6748
2025-12-11 00:07:09, 0.0646792440, 0.0635748597, 0.1560534081, 0.1811118764, 3082.2830, 3084.5849, 762.1400, 17.9722
2025-12-11 00:07:15, 0.0794202952, 0.0888261734, 0.1148744157, 0.1255674961, 2474.2292, 2480.3750, 765.2500, 18.1099
2025-12-11 00:07:21, 0.0684788195, 0.0687764418, 0.1469732818, 0.1463040928, 2853.1754, 2806.8246, 760.7200, 16.4220
2025-12-11 00:07:26, 0.0796381246, 0.0888980695, 0.1484872219, 0.1119433634, 3028.6154, 3001.5769, 764.0100, 17.6847
2025-12-11 00:07:32, 0.1082602461, 0.0908568024, 0.1682885803, 0.1717534249, 2994.7500, 3015.0208, 763.4300, 16.3617
2025-12-11 00:07:38, 0.0672358258, 0.0646800625, 0.1244980535, 0.1567274545, 2628.5833, 2653.8750, 763.8050, 17.9618
2025-12-11 00:07:44, 0.0382820394, 0.0326063378, 0.1879795808, 0.1635403745, 2821.4000, 2711.1500, 762.6100, 17.7005
2025-12-11 00:07:49, 0.0457103801, 0.0419819223, 0.1234343831, 0.1193833855, 2688.2353, 2650.7647, 764.0350, 17.1267
2025-12-11 00:07:55, 0.0580184566, 0.0493409068, 0.1516583538, 0.1059911585, 2592.6667, 2528.2083, 762.6900, 17.5734
2025-12-11 00:08:01, 0.0666108355, 0.0672253149, 0.1208137521, 0.1151905679, 2777.9836, 2794.9344, 762.0750, 19.7345
2025-12-11 00:08:06, 0.0652309976, 0.0794385096, 0.1304808216, 0.1230424823, 2647.6905, 2642.5238, 761.9700, 18.0596
2025-12-11 00:08:12, 0.0720583515, 0.0572421881, 0.1537389272, 0.1267554692, 2852.9750, 2841.6750, 762.9200, 18.5168
2025-12-11 00:08:18, 0.0648863256, 0.0584251637, 0.1134674647, 0.0748348888, 2526.3016, 2540.9841, 767.9300, 18.3078
2025-12-11 00:08:24, 0.0641531160, 0.0664176605, 0.0876915764, 0.0825769771, 2777.5306, 2784.1429, 760.9350, 17.9513
2025-12-11 00:08:29, 0.0976445589, 0.0831919718, 0.1266100603, 0.0945508774, 2888.2128, 2819.3191, 770.3250, 19.6573
2025-12-11 00:08:35, 0.0880188866, 0.0848420580, 0.1424581552, 0.1460689624, 2690.0833, 2799.2917, 758.6600, 17.6078
2025-12-11 00:08:41, 0.1212117566, 0.0988843954, 0.1265602000, 0.1155703545, 2596.1404, 2597.7895, 758.2300, 16.9144
2025-12-11 00:08:47, 0.0994845680, 0.0875574290, 0.1331989724, 0.1166239863, 2546.9792, 2521.2083, 761.0700, 18.2152
2025-12-11 00:08:52, 0.0784545712, 0.0852654611, 0.1583396106, 0.1503030343, 2955.8571, 2962.7321, 761.2350, 17.5986
2025-12-11 00:08:58, 0.0878664708, 0.0772941693, 0.0999450319, 0.0987238736, 2649.8108, 2771.4595, 762.1600, 16.2356
2025-12-11 00:09:03, 0.1079983572, 0.0807028677, 0.1226500144, 0.1228609525, 2971.2623, 3009.3443, 763.1400, 18.6869
2025-12-11 00:09:09, 0.0898676846, 0.0950711139, 0.1435153955, 0.1146079709, 2967.8654, 2923.5577, 762.1150, 18.7542
2025-12-11 00:09:16, 0.1021846482, 0.0901553000, 0.1869519943, 0.1578159135, 2859.4762, 2843.5000, 759.6150, 18.0116
2025-12-11 00:09:22, 0.0661847478, 0.0857242786, 0.1605123008, 0.1531154487, 2787.4400, 2726.8800, 759.6650, 18.2187
2025-12-11 00:09:27, 0.0778006460, 0.0865794397, 0.1335136288, 0.0915681470, 3037.8824, 3037.4706, 762.8050, 18.6458
2025-12-11 00:09:33, 0.0849052439, 0.0698907394, 0.0922046835, 0.1203761091, 2801.2128, 2911.6809, 755.5150, 16.7613
2025-12-11 00:09:39, 0.0707446284, 0.0902962444, 0.1138051469, 0.1194159693, 2825.5102, 2772.5306, 758.2550, 18.7992
2025-12-11 00:09:44, 0.1492867416, 0.1540134034, 0.1323618107, 0.1081551412, 2525.4082, 2556.2449, 756.0700, 18.3233
2025-12-11 00:09:50, 0.1136655525, 0.1084581517, 0.1273455805, 0.1638631526, 2612.8113, 2743.1698, 755.7350, 18.4606
2025-12-11 00:09:56, 0.0988534091, 0.0825795485, 0.2484603204, 0.2242439026, 2688.4615, 2696.2500, 755.8200, 16.0296
2025-12-11 00:10:01, 0.1038087304, 0.0965100013, 0.2056212765, 0.1991427783, 3031.1061, 3072.8030, 754.7550, 17.8965
2025-12-11 00:10:07, 0.1124915513, 0.1128632994, 0.1489791047, 0.1311397318, 2995.7692, 2996.0192, 756.7500, 17.0158
2025-12-11 00:10:13, 0.0908691423, 0.1015855244, 0.2124293765, 0.1511853057, 2681.4000, 2638.4167, 756.7800, 17.4417
2025-12-11 00:10:19, 0.1004346910, 0.0884894937, 0.1138428433, 0.1354501371, 2667.2000, 2786.6000, 754.8050, 18.0648
2025-12-11 00:10:25, 0.0958524463, 0.0921628615, 0.1247734878, 0.0993983982, 2631.8889, 2601.6944, 757.4350, 18.2221
2025-12-11 00:10:31, 0.1190486168, 0.0964662644, 0.2301112611, 0.2151739058, 2624.7059, 2689.2745, 757.4150, 19.1265
2025-12-11 00:10:37, 0.0921457436, 0.0842679482, 0.2210769446, 0.1770222938, 2825.3725, 2703.0784, 755.3400, 18.6624
2025-12-11 00:10:42, 0.1360541589, 0.0989125906, 0.1656206117, 0.1776036248, 2819.4906, 2861.2453, 754.6150, 17.8893
2025-12-11 00:10:48, 0.1536359403, 0.1125100155, 0.1186265442, 0.0862698138, 2677.4250, 2666.4250, 756.7100, 17.8582
2025-12-11 00:10:54, 0.1300922576, 0.1132559539, 0.1054441365, 0.1057272013, 2955.6538, 2985.4808, 756.3500, 17.1961
2025-12-11 00:11:00, 0.1078984801, 0.1200680165, 0.1553264753, 0.1384904216, 2747.2857, 2673.3036, 753.9950, 18.6857
2025-12-11 00:11:05, 0.1340645880, 0.1156800231, 0.1249787864, 0.1072021676, 2694.4444, 2665.8000, 757.9550, 18.3004
2025-12-11 00:11:11, 0.0976203589, 0.1166757514, 0.1398695290, 0.1298007056, 3033.8704, 2971.3333, 757.2900, 18.4178
2025-12-11 00:11:17, 0.1803996538, 0.1058621176, 0.1175446398, 0.1726800486, 2586.9211, 2596.1579, 762.0600, 17.2588
2025-12-11 00:11:22, 0.0664816148, 0.0804162111, 0.0868324111, 0.0958794486, 2554.7273, 2574.5273, 758.3300, 16.8110
2025-12-11 00:11:28, 0.1040099314, 0.0886702062, 0.1777588544, 0.1440124573, 3120.1607, 3022.5179, 761.0100, 18.8741
2025-12-11 00:11:34, 0.0699511128, 0.0879487824, 0.1408044192, 0.1167401524, 2570.1509, 2641.4340, 759.9450, 18.3181
2025-12-11 00:11:40, 0.0518068779, 0.0596967094, 0.1132376540, 0.0977234914, 2893.7647, 2904.4314, 757.9850, 16.5377
2025-12-11 00:11:46, 0.0636062943, 0.0961443613, 0.0919007659, 0.0818402902, 2625.6744, 2672.2326, 760.0000, 17.8662
2025-12-11 00:11:51, 0.0657230207, 0.0591760861, 0.1049226115, 0.1138198107, 2842.3800, 2796.4400, 760.2250, 16.9648
2025-12-11 00:11:57, 0.0753243711, 0.0562666250, 0.0738310204, 0.0665082593, 2615.5510, 2736.9184, 760.7400, 17.6395
2025-12-11 00:12:03, 0.0974049029, 0.0719891059, 0.1612581135, 0.1377791624, 2947.4038, 2866.9808, 760.9250, 18.4916
2025-12-11 00:12:08, 0.0776805897, 0.0584072621, 0.0896082686, 0.0824170324, 2719.7647, 2621.8824, 761.1500, 20.1719
2025-12-11 00:12:14, 0.0919892035, 0.0683967848, 0.1010110190, 0.0792589862, 2753.5094, 2589.2453, 756.7500, 18.5056
2025-12-11 00:12:20, 0.0929239986, 0.1049796710, 0.0789663995, 0.1012869417, 2700.1136, 2820.7273, 762.4350, 18.5031
2025-12-11 00:12:25, 0.0836589732, 0.0561982771, 0.1492758408, 0.1320373597, 2734.1132, 2799.0000, 755.9450, 18.7332
2025-12-11 00:12:31, 0.0842557452, 0.0951901612, 0.0592862519, 0.0829267300, 2878.6102, 2886.4068, 756.3350, 18.8935
2025-12-11 00:12:37, 0.1070154042, 0.0741864020, 0.0771932454, 0.0704253934, 2706.7115, 2723.4423, 756.9200, 18.4573
2025-12-11 00:12:43, 0.1508134615, 0.1087200493, 0.0995019289, 0.0822223500, 2816.0678, 2772.8475, 757.3250, 19.7800
2025-12-11 00:12:49, 0.0642763900, 0.0580882241, 0.0834200514, 0.0837518000, 2697.8113, 2662.8679, 758.6400, 20.1879
2025-12-11 00:12:54, 0.0458462203, 0.0461473722, 0.1503911296, 0.1737225291, 2973.8400, 2948.7200, 756.9800, 17.7977
2025-12-11 00:13:00, 0.0850469659, 0.0703308242, 0.0931309752, 0.0801481322, 2718.9038, 2745.5385, 756.9950, 19.1780
2025-12-11 00:13:06, 0.0718456539, 0.0638413405, 0.0868252781, 0.0799371611, 2726.4746, 2794.7797, 756.2300, 18.5069
2025-12-11 00:13:11, 0.0807334256, 0.0893861405, 0.0808009015, 0.0865706186, 2968.4286, 2894.7347, 759.5650, 16.0629
2025-12-11 00:13:17, 0.0473219036, 0.0394159550, 0.1233017441, 0.1132785112, 2706.9464, 2613.9643, 759.2800, 17.7429
2025-12-11 00:13:23, 0.0643273316, 0.0658567259, 0.1218314574, 0.1344057147, 2807.0185, 2838.8519, 761.2650, 19.7240
2025-12-11 00:13:29, 0.0533476188, 0.0455558175, 0.1127845751, 0.1193818771, 3027.8909, 2930.4727, 760.1350, 18.7813
2025-12-11 00:13:34, 0.0929704126, 0.0727738178, 0.0700896932, 0.0581960432, 2924.6207, 2898.8621, 758.9450, 19.9723
2025-12-11 00:13:40, 0.1016704661, 0.0968848464, 0.1407456398, 0.1560115663, 2823.8333, 2981.2619, 755.1700, 18.5605
2025-12-11 00:13:46, 0.1182904441, 0.0957523196, 0.1705132042, 0.1130072248, 2895.9556, 2809.7333, 756.5400, 18.7104
2025-12-11 00:13:52, 0.0802598781, 0.0707315391, 0.1387867948, 0.1363732574, 2558.5179, 2580.5536, 763.2400, 17.6355
2025-12-11 00:13:57, 0.0812191502, 0.0665094382, 0.1600357946, 0.1640573049, 2981.2063, 2997.8889, 761.2750, 17.8508
2025-12-11 00:14:03, 0.0866433678, 0.0816298286, 0.1280931622, 0.1279443739, 2840.6098, 2968.2195, 761.8200, 17.0745
2025-12-11 00:14:09, 0.0758933765, 0.0862054089, 0.1087834099, 0.1081887498, 2832.9167, 3003.6667, 763.5350, 18.6705
2025-12-11 00:14:14, 0.0899946834, 0.0731486579, 0.1324847889, 0.1183648088, 2579.0612, 2568.3061, 764.1050, 18.9176
2025-12-11 00:14:20, 0.0790590288, 0.0787590289, 0.1792721109, 0.1873512506, 2780.6327, 2872.5306, 760.7450, 18.5561
2025-12-11 00:14:26, 0.1380274641, 0.1193370152, 0.1175906848, 0.1299292995, 2714.3721, 2770.6744, 761.1700, 19.5847
2025-12-11 00:14:32, 0.1044803565, 0.1132615358, 0.1638938066, 0.2090631332, 2744.3396, 2902.4340, 762.7250, 18.8096
2025-12-11 00:14:37, 0.0887474569, 0.0956936906, 0.1236101034, 0.1401209791, 2547.1842, 2597.1316, 762.6700, 20.7659
2025-12-11 00:14:43, 0.0968503200, 0.0867457204, 0.1488032750, 0.1455902776, 2856.4000, 2811.0182, 763.7800, 18.9373
2025-12-11 00:14:49, 0.0991831530, 0.0980795926, 0.1725107804, 0.1280784699, 3033.0455, 2964.7500, 762.8850, 18.5653
2025-12-11 00:14:55, 0.1737910166, 0.0955857605, 0.1125890068, 0.0950627063, 2834.8913, 2837.6087, 761.6650, 18.1177
2025-12-11 00:15:00, 0.1334254509, 0.1158106509, 0.1640366180, 0.1259186317, 2979.3889, 2968.2963, 764.7500, 20.5358
2025-12-11 00:15:06, 0.1065801917, 0.0935762003, 0.0910853293, 0.0755708964, 2572.8000, 2660.8364, 761.4650, 21.1130
2025-12-11 00:15:12, 0.0712532238, 0.0798937200, 0.1257979731, 0.1463236718, 2703.6087, 2764.8696, 761.3700, 20.2998
2025-12-11 00:15:17, 0.0999013274, 0.0837674339, 0.1480488959, 0.1149668064, 2911.1321, 2858.6981, 762.4600, 20.1002
2025-12-11 00:15:23, 0.0618724228, 0.0743789163, 0.1442596209, 0.1422107984, 2784.6250, 2775.7292, 763.4650, 19.6336
2025-12-11 00:15:29, 0.0711118987, 0.0714884380, 0.1323637050, 0.1420310422, 2870.6735, 2740.8980, 763.1300, 19.0259
2025-12-11 00:15:35, 0.0555703365, 0.0652817691, 0.1062888115, 0.1054776183, 2890.0294, 2773.2941, 764.5700, 21.2604
2025-12-11 00:15:40, 0.0668894997, 0.0827156811, 0.1545487990, 0.1331271299, 2704.3704, 2690.6296, 759.3000, 17.7023
2025-12-11 00:15:46, 0.0924240055, 0.0869096859, 0.1300091905, 0.1312143286, 3054.8966, 3013.6552, 763.4550, 18.3204
2025-12-11 00:15:52, 0.0701211942, 0.0892152416, 0.1816107534, 0.1231028700, 2739.5254, 2702.6780, 760.6300, 17.7824
2025-12-11 00:15:57, 0.0788814703, 0.0664753891, 0.1987997131, 0.2098047426, 2612.5800, 2610.2400, 759.8850, 17.2032
2025-12-11 00:16:03, 0.0661126606, 0.0648548798, 0.1689393217, 0.1669757474, 2634.2340, 2754.8936, 759.0500, 19.2846
2025-12-11 00:16:09, 0.0937662906, 0.0859874949, 0.1815881245, 0.1743369135, 2933.8913, 2831.1522, 756.6300, 17.5722
2025-12-11 00:16:15, 0.0731834516, 0.0707841124, 0.1733117813, 0.1368474686, 2563.9211, 2626.5526, 757.2150, 17.4983
2025-12-11 00:16:20, 0.0841398111, 0.0642276492, 0.1961187920, 0.1769666404, 2881.6809, 2832.7021, 756.9250, 17.5798
2025-12-11 00:16:26, 0.0897846964, 0.0613670076, 0.0820040572, 0.0921123487, 2933.0000, 2945.3125, 758.7300, 17.5905
2025-12-11 00:16:32, 0.0876380941, 0.0617138740, 0.1815835428, 0.1667356384, 2871.2131, 2868.2131, 755.9850, 18.7378
2025-12-11 00:16:38, 0.0626537403, 0.0607009732, 0.1543201916, 0.1576958677, 2807.3585, 2623.0377, 756.8950, 19.4973
2025-12-11 00:16:43, 0.0510654907, 0.0551440166, 0.1811944532, 0.1404961863, 3104.8333, 2927.7500, 757.2950, 19.8040
2025-12-11 00:16:49, 0.0915532709, 0.0909750071, 0.1294458552, 0.1181737139, 2886.5254, 2906.9831, 756.0650, 18.7702
2025-12-11 00:16:55, 0.1071388157, 0.0963982308, 0.1333705791, 0.1163205134, 2938.2647, 2883.2941, 755.1450, 18.3830
2025-12-11 00:17:00, 0.0843277768, 0.0959035098, 0.1422430080, 0.1201865311, 2800.8085, 2685.0851, 754.8300, 17.6307
2025-12-11 00:17:07, 0.1007497897, 0.0986065571, 0.1218734110, 0.1218147440, 2745.5000, 2684.5435, 753.0600, 18.1939
2025-12-11 00:17:13, 0.0829289203, 0.0782895689, 0.1455644798, 0.1181450163, 2926.7727, 2907.4318, 761.0650, 18.1359
2025-12-11 00:17:18, 0.0749564465, 0.1059160470, 0.0729659715, 0.0678532106, 2987.4776, 2906.4478, 757.2200, 17.6565
2025-12-11 00:17:24, 0.0707378482, 0.0686401405, 0.1089753115, 0.0884152216, 2728.6129, 2675.3226, 758.0400, 18.3801
2025-12-11 00:17:30, 0.0956851194, 0.0939918953, 0.1214039758, 0.1217221194, 3020.0667, 3195.4222, 759.2650, 18.7052
2025-12-11 00:17:36, 0.0945386237, 0.1240483372, 0.1455593968, 0.1406339487, 2880.6176, 2863.8824, 760.5800, 18.6390
2025-12-11 00:17:41, 0.0665045237, 0.0893195166, 0.0863483014, 0.0788570923, 2731.1290, 2794.0161, 757.8400, 16.7680
2025-12-11 00:17:47, 0.0793746245, 0.0893421505, 0.1540638889, 0.1465554761, 2700.4286, 2719.6531, 759.2950, 18.2723
2025-12-11 00:17:53, 0.0966978888, 0.0865186787, 0.0915138719, 0.0923979323, 2843.0714, 2794.4643, 760.2000, 18.8343
2025-12-11 00:17:59, 0.1304835941, 0.0702908638, 0.1099743253, 0.0902573455, 2952.1356, 2881.0678, 761.0400, 17.5179
2025-12-11 00:18:04, 0.1457193390, 0.1249372431, 0.1048616210, 0.1038813561, 2814.5574, 2748.9180, 760.6650, 17.9205
2025-12-11 00:18:10, 0.0925054531, 0.0911777235, 0.1759353089, 0.1422618448, 2631.2090, 2637.5672, 761.0000, 19.3770
2025-12-11 00:18:17, 0.0925657371, 0.0772790427, 0.1802971996, 0.1470652587, 3141.7500, 3048.0250, 756.7200, 19.0537
2025-12-11 00:18:22, 0.1012960364, 0.0811506731, 0.1370452704, 0.1118727589, 2720.5882, 2721.8627, 758.5450, 17.7081
2025-12-11 00:18:28, 0.0916748895, 0.0972366627, 0.1385098271, 0.1600533206, 2935.9792, 2930.0417, 757.7800, 17.8668
2025-12-11 00:18:34, 0.0826936000, 0.0762066472, 0.3396255786, 0.2677504578, 2791.1489, 2829.6383, 760.4400, 19.4999
2025-12-11 00:18:39, 0.0631952281, 0.0868007865, 0.1279423717, 0.1148926134, 3068.8333, 3132.4333, 759.9150, 19.1441
2025-12-11 00:18:45, 0.0752462703, 0.0590658806, 0.1694310076, 0.1468393248, 3242.4035, 3139.2807, 757.6600, 19.4040
2025-12-11 00:18:51, 0.0569411125, 0.0548569180, 0.1202926084, 0.2049809305, 2728.2609, 2743.0000, 757.4800, 18.3172
2025-12-11 00:18:57, 0.0713082925, 0.0584585853, 0.1285418284, 0.1674256549, 2744.8936, 2815.6596, 756.9500, 18.3281
2025-12-11 00:19:02, 0.1208691783, 0.0821016726, 0.1609022507, 0.1500171532, 2774.4348, 2814.2174, 757.7900, 19.6806
2025-12-11 00:19:08, 0.0637969419, 0.0740844193, 0.1416122179, 0.1056472697, 2737.5714, 2795.2321, 763.1500, 21.0670
2025-12-11 00:19:14, 0.0655358790, 0.0670317713, 0.1456991699, 0.1207625422, 2887.0870, 2862.9783, 756.7750, 18.6192
2025-12-11 00:19:19, 0.0670405069, 0.0653006286, 0.1033558598, 0.0758940539, 2926.4200, 2676.0800, 766.1000, 19.8598
2025-12-11 00:19:25, 0.1089358575, 0.0963421400, 0.0945407178, 0.1100449957, 2695.8846, 2828.5577, 763.5500, 18.4723
2025-12-11 00:19:31, 0.1104294523, 0.1036225626, 0.0946064027, 0.0868118809, 2549.2000, 2561.2000, 762.2700, 19.7111
2025-12-11 00:19:36, 0.0759787234, 0.0582396076, 0.0741415027, 0.0770665987, 2556.1702, 2644.7234, 761.0900, 18.6620
2025-12-11 00:19:42, 0.0686137734, 0.0742441434, 0.1018963620, 0.1015115102, 2827.4600, 2648.9600, 760.2800, 20.2981
2025-12-11 00:19:48, 0.1019256409, 0.0803043958, 0.1094905474, 0.0819737595, 2905.5614, 2814.7193, 762.0700, 20.4295
2025-12-11 00:19:54, 0.1047404033, 0.1060969418, 0.0605206039, 0.0638606089, 2848.6923, 2793.2821, 762.0550, 17.4044
2025-12-11 00:19:59, 0.1051168273, 0.0960172701, 0.0958958462, 0.0919151326, 3000.2727, 2856.1273, 758.7550, 19.2095
2025-12-11 00:20:05, 0.0657156749, 0.0777415759, 0.0988093168, 0.0969272409, 2620.6780, 2768.1525, 756.8250, 18.8514
2025-12-11 00:20:11, 0.0737230740, 0.0755477711, 0.0999983994, 0.0924089956, 2896.8679, 2869.0000, 756.1950, 19.6104
2025-12-11 00:20:17, 0.1076797226, 0.0949485253, 0.1525437476, 0.1202078731, 2658.6909, 2549.2000, 759.8350, 18.7018
2025-12-11 00:20:23, 0.0788457858, 0.0866089741, 0.1389903253, 0.1594564119, 2566.6400, 2638.0400, 758.7500, 16.9357
2025-12-11 00:20:28, 0.1089473831, 0.1020941437, 0.1599236740, 0.1513733463, 3049.5000, 3035.1591, 759.5250, 16.7762
2025-12-11 00:20:34, 0.1426207265, 0.1112164586, 0.1071848110, 0.1012602174, 2539.4054, 2630.5405, 757.7900, 19.3968
2025-12-11 00:20:40, 0.0934823014, 0.0785161109, 0.1025328922, 0.1150263068, 2702.1071, 2629.9286, 756.0250, 17.3255
2025-12-11 00:20:45, 0.0813389168, 0.0767632168, 0.0828941198, 0.1193966735, 2606.4200, 2700.7600, 755.4050, 18.9032
2025-12-11 00:20:51, 0.0960221611, 0.0872747070, 0.0862608542, 0.1036948528, 2795.0408, 2837.4082, 754.1750, 18.9263
2025-12-11 00:20:57, 0.0689371771, 0.0530756984, 0.0613749532, 0.0479190920, 2704.9778, 2591.2667, 754.2000, 17.8846
2025-12-11 00:21:03, 0.0832672755, 0.0710053460, 0.0883571672, 0.0986460472, 3006.6620, 2866.4648, 757.8150, 18.9106
2025-12-11 00:21:08, 0.0772355982, 0.0761398347, 0.0982935084, 0.0789070663, 2564.6667, 2550.1111, 755.5050, 17.4402
2025-12-11 00:21:14, 0.0771851121, 0.0866918032, 0.1592241703, 0.1276427395, 2645.3696, 2654.0870, 757.8250, 19.9277
2025-12-11 00:21:20, 0.0942581659, 0.0710392275, 0.1045330942, 0.1215640490, 2985.1633, 2891.6735, 757.0550, 19.7723
2025-12-11 00:21:25, 0.1071214715, 0.0795212192, 0.2179472256, 0.1678873403, 2845.8667, 2771.3333, 755.7550, 19.9548
2025-12-11 00:21:31, 0.0789144875, 0.0516693974, 0.1418102153, 0.1110017219, 2841.2979, 2858.5745, 757.8450, 17.3684
2025-12-11 00:21:38, 0.0658611200, 0.0650960653, 0.0913722792, 0.1088486586, 2587.6458, 2594.6042, 760.3850, 19.3116
2025-12-11 00:21:43, 0.0813509770, 0.0756645425, 0.0975296016, 0.0867515988, 2756.2745, 2709.7647, 758.8500, 18.8573
2025-12-11 00:21:49, 0.0679389700, 0.0684710631, 0.1550196646, 0.1091648112, 2930.4516, 2785.5323, 760.5750, 18.9073
2025-12-11 00:21:55, 0.0982129207, 0.0887916453, 0.0756322271, 0.0852182636, 2767.8462, 2744.2885, 759.2550, 19.0342
2025-12-11 00:22:01, 0.0812872417, 0.0673245818, 0.0969656581, 0.0991126932, 3075.5769, 3082.4038, 759.4900, 17.3370
2025-12-11 00:22:07, 0.0848776017, 0.0627265236, 0.0723341490, 0.0864650822, 2774.6271, 2722.7966, 759.0750, 18.8191
2025-12-11 00:22:12, 0.0509648119, 0.0602965674, 0.0769111775, 0.0829398864, 3027.8197, 2903.8689, 760.7200, 16.1459
2025-12-11 00:22:18, 0.0616991474, 0.0703409319, 0.0532897022, 0.0553792140, 2374.3778, 2496.0222, 760.1850, 19.5377
2025-12-11 00:22:24, 0.0606429760, 0.0558113777, 0.1071265462, 0.0752038227, 2841.3448, 2872.9828, 758.7800, 17.1202
2025-12-11 00:22:30, 0.0653632673, 0.0598558378, 0.0692895559, 0.0570284896, 2715.1754, 2571.6316, 761.2500, 17.2976
2025-12-11 00:22:36, 0.0742937878, 0.0832058319, 0.1054510727, 0.1034351445, 2928.3770, 2937.7377, 758.2500, 19.3747
2025-12-11 00:22:41, 0.0833127609, 0.0771664705, 0.0613547452, 0.0448342303, 2750.2586, 2621.0345, 759.5650, 17.4398
2025-12-11 00:22:47, 0.1322206164, 0.0953672506, 0.1124113732, 0.1160684124, 3019.9636, 2894.4364, 762.3350, 18.5885
2025-12-11 00:22:53, 0.1182601954, 0.0770245954, 0.1412314113, 0.1658353550, 2795.6949, 2874.3559, 762.4850, 17.4539
2025-12-11 00:22:58, 0.1255126438, 0.0908762800, 0.0864390152, 0.0577193862, 2877.4231, 2932.1346, 759.5150, 17.8536
2025-12-11 00:23:04, 0.0967328570, 0.0903147333, 0.0713056240, 0.0587228321, 2962.8302, 2790.3962, 759.2100, 19.2851
2025-12-11 00:23:10, 0.0911011009, 0.0810226133, 0.0931591667, 0.0814306217, 3108.5246, 2952.4098, 759.5550, 18.9158
2025-12-11 00:23:16, 0.0656457752, 0.0673621242, 0.0935954561, 0.0820771474, 2909.3833, 2826.0500, 757.6950, 19.0263
2025-12-11 00:23:22, 0.0904459524, 0.0696511490, 0.0882250863, 0.0682057683, 2955.6984, 2824.0952, 759.4750, 16.7137
2025-12-11 00:23:28, 0.0774537100, 0.0839983565, 0.0590841462, 0.0587327887, 2760.1154, 2704.6154, 758.5500, 18.6611
2025-12-11 00:23:33, 0.0840867118, 0.0793928012, 0.0860555092, 0.1017093714, 2772.6727, 2871.8364, 760.2600, 16.7273
2025-12-11 00:23:39, 0.0928414701, 0.0663795287, 0.0685576772, 0.0601015201, 3002.5424, 2803.4407, 757.8900, 17.9830
2025-12-11 00:23:45, 0.0959682308, 0.0672144369, 0.1549704611, 0.1246379289, 2686.8140, 2798.3953, 757.4250, 18.0976
2025-12-11 00:23:50, 0.0927265295, 0.0699283206, 0.1097308283, 0.0790457804, 2883.1538, 2784.7115, 758.0050, 16.6630
2025-12-11 00:23:56, 0.0667339784, 0.0645031759, 0.0735806843, 0.0913250620, 2824.8000, 2906.2909, 755.8350, 19.0635
2025-12-11 00:24:02, 0.0900864407, 0.0636811560, 0.0707302351, 0.0774318754, 2737.7119, 2723.4576, 753.2250, 18.8911
2025-12-11 00:24:08, 0.1073535276, 0.0900411648, 0.1410886829, 0.1074885454, 2940.8070, 2908.0175, 753.0850, 18.0416
2025-12-11 00:24:13, 0.0993595199, 0.0790706990, 0.1016746682, 0.1588830632, 2585.0323, 2690.5484, 754.8500, 17.1148
2025-12-11 00:24:19, 0.0830713787, 0.0868749133, 0.1331397376, 0.1006706316, 2827.0566, 2847.8491, 752.9800, 16.8000
2025-12-11 00:24:25, 0.0745582240, 0.0826600194, 0.0970312789, 0.0650437896, 2724.0200, 2614.6800, 752.0800, 20.9810
2025-12-11 00:24:31, 0.0862201150, 0.0791186908, 0.1148995158, 0.0871404748, 2910.4400, 2994.9600, 753.4900, 17.3485
2025-12-11 00:24:37, 0.1021362463, 0.0832120790, 0.0938131252, 0.0912627713, 2891.9706, 2821.7647, 753.8000, 18.7803
2025-12-11 00:24:42, 0.0795642635, 0.0693606620, 0.0871520754, 0.0682073421, 2697.2500, 2681.7321, 756.5550, 16.0246
2025-12-11 00:24:48, 0.0949341621, 0.0809597538, 0.0663077237, 0.0632915288, 2842.3548, 2847.7903, 757.3000, 17.1985
2025-12-11 00:24:54, 0.0803380653, 0.0822537350, 0.1010671684, 0.1177971390, 2975.5088, 2945.5965, 756.2100, 17.6132
2025-12-11 00:24:59, 0.0716217219, 0.0582687591, 0.0828912036, 0.0649679390, 2808.4394, 2909.7424, 754.8800, 18.4018
2025-12-11 00:25:05, 0.0787116072, 0.0666647766, 0.0669571203, 0.0588248814, 2805.7660, 2820.1702, 753.4700, 17.8751
2025-12-11 00:25:12, 0.0535358825, 0.0605590599, 0.1084236664, 0.0987271114, 2697.1346, 2699.0769, 751.0400, 18.7002
2025-12-11 00:25:17, 0.0797836187, 0.0945658505, 0.1284313902, 0.1078528075, 2697.4524, 2757.7381, 752.3950, 17.2081
2025-12-11 00:25:23, 0.1078193932, 0.0745253528, 0.0911620174, 0.0897840196, 2398.8302, 2392.7925, 754.9200, 18.1183
2025-12-11 00:25:29, 0.1303028210, 0.0918065126, 0.1716392228, 0.1473325124, 2840.1667, 2867.6111, 753.9500, 19.0404
2025-12-11 00:25:35, 0.1123982504, 0.0778539560, 0.0795842775, 0.0926853583, 2669.8649, 2720.7838, 754.3500, 17.9624
2025-12-11 00:25:40, 0.0977585065, 0.0724305837, 0.1438199065, 0.1339913979, 2685.4821, 2711.9286, 755.8000, 17.5795
2025-12-11 00:25:46, 0.1135599917, 0.0971135705, 0.1530213503, 0.1297751463, 2722.7778, 2644.8000, 752.1750, 16.7829
2025-12-11 00:25:52, 0.0743857977, 0.0664709089, 0.1132906309, 0.1419856408, 2524.5897, 2731.9487, 757.3300, 18.9505
2025-12-11 00:25:57, 0.0912929169, 0.0869262352, 0.1828456740, 0.2218884099, 2760.7674, 2815.5814, 753.5000, 17.5627
2025-12-11 00:26:03, 0.0775575921, 0.0835422294, 0.1330275487, 0.1839236712, 2507.5676, 2550.2162, 757.1650, 21.2238
2025-12-11 00:26:09, 0.0883211967, 0.0633870090, 0.2365570372, 0.2594822512, 2642.8750, 2645.7083, 754.8650, 20.3609
2025-12-11 00:26:15, 0.0798618835, 0.0598862332, 0.0855368677, 0.0795053505, 2678.3529, 2709.0980, 756.7200, 18.6891
2025-12-11 00:26:21, 0.0754494496, 0.0787099051, 0.1848765258, 0.1755049827, 2683.8837, 2715.8140, 760.1750, 18.5250
2025-12-11 00:26:26, 0.0902572062, 0.0680496526, 0.1554294642, 0.1437733068, 2961.9524, 2997.1429, 759.0600, 19.0330
2025-12-11 00:26:32, 0.0649269027, 0.0620904082, 0.1366739674, 0.1331713582, 3061.5814, 2936.6744, 758.7100, 18.7624
2025-12-11 00:26:38, 0.0785622430, 0.0869495930, 0.2003785553, 0.1705583235, 2680.5532, 2751.2340, 758.4350, 19.7903
2025-12-11 00:26:43, 0.0766752821, 0.0641053696, 0.2074581832, 0.1708535649, 2837.9400, 2693.2200, 759.1500, 17.9755
2025-12-11 00:26:49, 0.0956253254, 0.0749249986, 0.1294260508, 0.1338454747, 2906.1905, 2925.9524, 758.6350, 18.8372
2025-12-11 00:26:55, 0.0869495630, 0.0763573351, 0.1609843053, 0.1222346779, 2748.1489, 2721.8723, 761.5650, 19.3247
2025-12-11 00:27:01, 0.1036637768, 0.0933992770, 0.0911066871, 0.0990706536, 2707.8367, 2653.1633, 761.1900, 18.9653
2025-12-11 00:27:06, 0.0935052673, 0.0886398756, 0.1632081047, 0.1180957725, 2795.9750, 2627.2000, 758.0900, 18.6722
2025-12-11 00:27:12, 0.0901165865, 0.0814968507, 0.1013824367, 0.1148628117, 2651.5091, 2673.3818, 762.3650, 17.8869
2025-12-11 00:27:18, 0.0692384934, 0.0690018378, 0.1430493192, 0.1079930762, 2704.5962, 2714.6731, 761.4700, 20.2260
2025-12-11 00:27:23, 0.0380103843, 0.0569558105, 0.1991114676, 0.2543226708, 2875.6000, 2839.2545, 759.4750, 17.9165
2025-12-11 00:27:29, 0.0752290657, 0.0785399905, 0.1332762610, 0.0959098238, 2831.3448, 2840.5172, 763.0250, 19.9222
2025-12-11 00:27:35, 0.0718199721, 0.0518904718, 0.1314894352, 0.1180130211, 2752.1270, 2780.7302, 761.2950, 17.3098
2025-12-11 00:27:41, 0.0654290763, 0.0702582201, 0.1080687241, 0.1077900260, 2788.2069, 2788.5345, 761.5750, 17.3501
2025-12-11 00:27:46, 0.0854640883, 0.0710823347, 0.1257245612, 0.1284495767, 2832.4516, 2769.3871, 761.3850, 16.4662
2025-12-11 00:27:52, 0.0640206185, 0.0654906261, 0.1024167713, 0.0996281403, 2763.8421, 2586.2281, 755.4000, 19.6362
2025-12-11 00:27:58, 0.0678055695, 0.0659551567, 0.1444047506, 0.1370205535, 2859.2222, 2776.2540, 762.9650, 17.5876
2025-12-11 00:28:03, 0.0717015117, 0.0539646194, 0.1898209925, 0.1772286962, 3146.6667, 2906.2500, 760.5700, 15.7634
2025-12-11 00:28:09, 0.0728795953, 0.0702761444, 0.1267797818, 0.1097536672, 3051.4694, 3046.8367, 758.9200, 18.8123
2025-12-11 00:28:14, 0.0961673669, 0.1040291159, 0.1428283472, 0.1134275302, 2745.0000, 2788.2500, 758.9700, 19.0352
2025-12-11 00:28:20, 0.1068149920, 0.0678808859, 0.1270928564, 0.1171212045, 3093.1455, 3029.0727, 761.7850, 18.9098
2025-12-11 00:28:26, 0.0807575970, 0.0720866828, 0.1431813535, 0.1596633335, 2964.1522, 2991.8913, 760.8100, 18.2974
2025-12-11 00:28:32, 0.0788329521, 0.0685891861, 0.0955999467, 0.0759692441, 2645.0204, 2632.2857, 763.1600, 18.6165
2025-12-11 00:28:37, 0.1105286616, 0.0921648858, 0.0856962683, 0.0849338857, 2847.4364, 2881.7455, 762.2200, 18.2864
2025-12-11 00:28:43, 0.1172761650, 0.0753456938, 0.1182242523, 0.1001118000, 2816.5833, 2844.9167, 760.8450, 18.3241
2025-12-11 00:28:49, 0.0916760614, 0.0797847132, 0.0962635699, 0.1029375054, 2966.1186, 2946.6780, 763.6900, 17.5540
2025-12-11 00:28:54, 0.1107630728, 0.1008993873, 0.0965128363, 0.0858387764, 2736.7500, 2795.2292, 759.1300, 19.4001
2025-12-11 00:29:00, 0.0770495096, 0.0754400723, 0.0847514692, 0.0760027113, 3140.1228, 3011.0175, 758.8150, 18.6864
2025-12-11 00:29:06, 0.0918184607, 0.0745504612, 0.0882038661, 0.0936556076, 2765.1186, 2771.4068, 760.1900, 18.0323
2025-12-11 00:29:11, 0.0993609959, 0.1002695120, 0.1228222770, 0.1007159103, 3116.1509, 3037.8491, 758.6450, 18.7334
2025-12-11 00:29:18, 0.0664708226, 0.0907034149, 0.1161225813, 0.1063492091, 3104.3529, 3013.9608, 759.6500, 18.4350
2025-12-11 00:29:23, 0.0896425114, 0.1208344818, 0.0768092848, 0.0880317888, 2823.8800, 2784.0400, 761.8650, 18.5347
2025-12-11 00:29:29, 0.0948376885, 0.0689162860, 0.1053095725, 0.0848225052, 2801.8182, 2767.5818, 759.1600, 19.6686
2025-12-11 00:29:35, 0.0778417303, 0.0796627506, 0.1140340378, 0.0994418185, 2885.9796, 2974.8367, 758.5300, 18.8321
2025-12-11 00:29:41, 0.0614987124, 0.0617578226, 0.1609421600, 0.2015342938, 2968.9184, 2960.6735, 761.3700, 19.3213
2025-12-11 00:29:47, 0.0707238997, 0.0662794405, 0.1085793554, 0.1000773230, 2759.0476, 2795.4048, 758.5400, 19.9088
2025-12-11 00:29:52, 0.0754918547, 0.0928454120, 0.1133727340, 0.0965172999, 2999.5490, 2789.6275, 760.7450, 19.3812
2025-12-11 00:29:58, 0.0618224783, 0.0576051957, 0.0818141927, 0.0668930277, 2936.4390, 2990.9024, 760.7350, 19.4014
2025-12-11 00:30:04, 0.1100362838, 0.0915030429, 0.1355044635, 0.1107534393, 3001.5079, 2934.4921, 759.4050, 19.9249
2025-12-11 00:30:10, 0.0605428366, 0.0779660208, 0.1317684287, 0.1246005093, 2673.7660, 2739.6170, 760.5100, 18.9077
2025-12-11 00:30:15, 0.0703943750, 0.0598273143, 0.1461669080, 0.1207243645, 2728.9167, 2759.6500, 760.1250, 19.3318
2025-12-11 00:30:21, 0.0804641772, 0.0799139876, 0.1146998424, 0.1265667365, 2827.4429, 2791.5571, 759.3600, 19.7135
2025-12-11 00:30:28, 0.0744667971, 0.0889943488, 0.1607797768, 0.1112714940, 2719.1455, 2747.6000, 763.0900, 18.0139
2025-12-11 00:30:33, 0.1176331537, 0.0880072529, 0.1082755734, 0.1177493288, 2866.8409, 2815.2500, 763.0050, 17.7526
2025-12-11 00:30:39, 0.0686059258, 0.0770623624, 0.1070720120, 0.0701984821, 2931.7846, 2803.3385, 766.3200, 17.5510
2025-12-11 00:30:45, 0.0516298666, 0.0393425891, 0.0731739396, 0.0817427524, 2838.0370, 2663.2407, 762.2950, 16.6460
2025-12-11 00:30:50, 0.0684073817, 0.0582390774, 0.1212287386, 0.1347464977, 2925.1579, 2801.3860, 763.6850, 17.8960
2025-12-11 00:30:56, 0.0603795290, 0.0672420259, 0.0567517028, 0.0654717631, 2691.5185, 2759.1111, 761.8350, 18.6147
2025-12-11 00:31:02, 0.0732004494, 0.0569166312, 0.1106246148, 0.1227451571, 2908.7368, 2880.6842, 762.9600, 16.8255
2025-12-11 00:31:07, 0.0860060220, 0.1064404235, 0.0923442581, 0.1030859745, 2807.5410, 2773.7869, 764.9900, 18.6711
2025-12-11 00:31:13, 0.1031753154, 0.0835663306, 0.0963127615, 0.0955993210, 2782.4098, 2721.6230, 765.8250, 19.2773
2025-12-11 00:31:19, 0.0703334405, 0.0874369897, 0.1086199891, 0.0912816049, 2764.1176, 2753.4706, 763.8350, 17.3507
2025-12-11 00:31:24, 0.1420745481, 0.0907028463, 0.0929417625, 0.0729440238, 2881.2203, 2773.6949, 767.5650, 20.7547
2025-12-11 00:31:32, 0.0925429977, 0.0908546410, 0.0802140565, 0.0892734482, 2891.2979, 2750.3617, 767.0300, 17.3066
2025-12-11 00:31:38, 0.0429393419, 0.0320664417, 0.0849668864, 0.0641396848, 2732.9315, 2498.3973, 755.2400, 17.7646
2025-12-11 00:31:44, 0.0762947966, 0.0537138331, 0.1312354598, 0.1322310430, 2805.0909, 2639.8409, 767.1800, 18.7240
2025-12-11 00:31:50, 0.0901564567, 0.0797737107, 0.0779260766, 0.0800043973, 2791.5893, 2780.4286, 759.4200, 17.5127
2025-12-11 00:31:55, 0.1196254807, 0.1007215434, 0.1131455658, 0.0994368003, 3077.1639, 2976.0656, 760.3450, 19.0175
2025-12-11 00:32:01, 0.0975258541, 0.0997486916, 0.0661400426, 0.0551880701, 2777.0323, 2781.0968, 758.8950, 18.4462
2025-12-11 00:32:07, 0.0909128058, 0.0804236752, 0.0625728580, 0.0775940482, 2773.2833, 2760.0333, 760.8000, 17.7017
2025-12-11 00:32:13, 0.0852060951, 0.1051580398, 0.1471547807, 0.1081060026, 2793.7885, 2797.6154, 759.7200, 18.8924
2025-12-11 00:32:19, 0.0774974232, 0.0730115136, 0.0859136678, 0.0847558402, 2819.7826, 2837.4348, 760.3150, 15.8778
2025-12-11 00:32:24, 0.0890159572, 0.0747851669, 0.0800254970, 0.0694740548, 2729.0938, 2793.2812, 761.5950, 18.3142
2025-12-11 00:32:30, 0.0706881180, 0.0507288202, 0.0685671562, 0.0550178609, 2791.1481, 2743.0741, 761.0300, 19.2359
2025-12-11 00:32:36, 0.0952213568, 0.0966038236, 0.0955717460, 0.1030721983, 3145.0357, 3079.6250, 762.0600, 18.3920
2025-12-11 00:32:42, 0.0957543125, 0.0749970893, 0.0865579674, 0.0663976460, 2907.5600, 2862.9600, 762.8950, 18.7255
2025-12-11 00:32:47, 0.1050316629, 0.0937490807, 0.0829384216, 0.0966939608, 2645.5000, 2606.5690, 763.3250, 17.4731
2025-12-11 00:32:53, 0.1116275692, 0.0802105124, 0.0537239463, 0.0778222827, 2789.1800, 2922.6600, 763.2150, 18.5386
2025-12-11 00:32:59, 0.0930915219, 0.1062886641, 0.0776079876, 0.0925333407, 2688.1636, 2725.5818, 764.8850, 18.8014
2025-12-11 00:33:04, 0.0868093622, 0.0807101453, 0.0800169542, 0.0802598163, 2838.8393, 2668.7321, 761.6750, 17.6675
2025-12-11 00:33:10, 0.1157648556, 0.0956778634, 0.0863982154, 0.0874566597, 2805.7458, 2947.5763, 763.9750, 17.9523
2025-12-11 00:33:16, 0.0899588995, 0.0540296692, 0.0706846452, 0.0639264137, 2800.6122, 2727.0612, 764.5350, 18.8393
2025-12-11 00:33:21, 0.0610629446, 0.0622373853, 0.1322043752, 0.1055114373, 2718.9180, 2678.9672, 768.0750, 18.6818
2025-12-11 00:33:27, 0.0975373815, 0.0761710423, 0.0822293105, 0.1078066144, 3047.1404, 2882.0702, 764.1000, 19.2966
2025-12-11 00:33:33, 0.0779127929, 0.0819462452, 0.1240305972, 0.1202514499, 2898.5000, 2808.5238, 764.8250, 20.4713
2025-12-11 00:33:38, 0.0880221868, 0.0701031111, 0.0801981265, 0.0874994897, 2848.5091, 2777.2909, 764.4250, 17.7996
2025-12-11 00:33:44, 0.1164627994, 0.1167723489, 0.0958754322, 0.0804316863, 2737.8723, 2761.8298, 765.6800, 19.6394
2025-12-11 00:33:50, 0.0963072101, 0.0696988320, 0.0842430562, 0.0767007270, 2768.7302, 2656.8889, 766.4500, 19.3015
2025-12-11 00:33:56, 0.0924437457, 0.0772029593, 0.0763422151, 0.0590741989, 2702.2830, 2607.9057, 766.1250, 17.3222
2025-12-11 00:34:01, 0.0868244871, 0.0739017314, 0.1591012661, 0.1140120933, 2958.9091, 2826.2364, 764.0200, 17.1863
2025-12-11 00:34:07, 0.0928739229, 0.0974821413, 0.0989639133, 0.1063326936, 2702.0833, 2889.7500, 763.5100, 19.5354
2025-12-11 00:34:13, 0.0728795399, 0.0829092068, 0.0772690712, 0.0747101719, 2745.7869, 2660.8361, 765.0100, 18.2052
2025-12-11 00:34:18, 0.1151281909, 0.0836196510, 0.1325881514, 0.1067825255, 2833.1087, 2664.0000, 759.5000, 17.4428
2025-12-11 00:34:24, 0.0791699370, 0.0815972855, 0.0715688100, 0.0500893343, 2742.3333, 2835.3125, 758.3950, 18.8207
2025-12-11 00:34:30, 0.1087174742, 0.0886200060, 0.1083187185, 0.0895229349, 2889.6786, 2967.5000, 758.0400, 18.6729
2025-12-11 00:34:35, 0.0786848283, 0.0758415264, 0.0697650458, 0.0671490495, 2843.4561, 2816.7018, 759.7650, 18.0784
2025-12-11 00:34:42, 0.1125103156, 0.0819964878, 0.0881099674, 0.0778234365, 3002.7069, 2936.3966, 762.5300, 18.0269
2025-12-11 00:34:47, 0.1091344194, 0.0954073915, 0.0648854719, 0.0888887030, 2852.1633, 2873.5102, 759.0050, 20.2520
2025-12-11 00:34:53, 0.0897588320, 0.0921117063, 0.0631274960, 0.0723314552, 2707.6792, 2695.5472, 757.5700, 16.9347
2025-12-11 00:34:59, 0.0748928017, 0.0629447720, 0.0769099194, 0.0860079208, 2699.3016, 2722.1587, 760.2350, 18.6786
2025-12-11 00:35:04, 0.0728891063, 0.0839269179, 0.0773707107, 0.0784075047, 2917.6852, 2775.0926, 761.1400, 16.8378
2025-12-11 00:35:10, 0.1025983823, 0.0887517377, 0.0831145130, 0.0607388321, 2958.2593, 2861.8519, 759.9450, 18.3949
2025-12-11 00:35:16, 0.0763231564, 0.0677037651, 0.1399239092, 0.1267323885, 2999.1111, 3028.1556, 762.0150, 18.4482
2025-12-11 00:35:22, 0.0553553217, 0.0577631080, 0.0806750286, 0.1050342906, 2913.7021, 2863.2979, 759.9750, 18.1109
2025-12-11 00:35:27, 0.0899141848, 0.0764100473, 0.0692489974, 0.0834419030, 2793.9365, 2709.9206, 756.9000, 18.7867
2025-12-11 00:35:33, 0.0835866703, 0.0539994602, 0.0605910204, 0.0618468937, 2844.5000, 2828.4265, 759.7450, 19.2577
2025-12-11 00:35:39, 0.0608562611, 0.0643056120, 0.0821517603, 0.0979818422, 2705.5283, 2770.8679, 758.2200, 19.3533
2025-12-11 00:35:44, 0.0576681565, 0.0582042972, 0.0620807849, 0.0713380257, 2843.1667, 2819.9444, 761.2600, 19.0274
2025-12-11 00:35:50, 0.1142328794, 0.0859347883, 0.1080549888, 0.0889179173, 2703.7797, 2657.3729, 761.2800, 16.3487
2025-12-11 00:35:57, 0.0802029073, 0.0765566745, 0.1110075639, 0.0893225196, 3143.9643, 3030.6786, 762.9350, 17.6935
2025-12-11 00:36:02, 0.1014727253, 0.0796131640, 0.0834618093, 0.0808097455, 2883.5385, 2774.4308, 760.2800, 18.2475
2025-12-11 00:36:08, 0.0734759391, 0.0726392550, 0.1613996361, 0.1083020459, 2945.4783, 2662.6739, 762.9150, 19.0181
2025-12-11 00:36:13, 0.0709367849, 0.0612359937, 0.0735403745, 0.0715579545, 2691.8571, 2722.1837, 759.5250, 19.4984
2025-12-11 00:36:19, 0.1221529435, 0.0854992477, 0.1022112091, 0.0915288226, 3054.8478, 2918.8913, 759.9450, 17.4067
2025-12-11 00:36:25, 0.0891471609, 0.0834681355, 0.1117261435, 0.0929460329, 2928.9074, 2908.7778, 758.4400, 19.7817
2025-12-11 00:36:31, 0.0719180179, 0.0828111477, 0.1256845869, 0.0883165036, 2935.1333, 2803.4500, 757.9700, 17.2322
2025-12-11 00:36:36, 0.1007800115, 0.0925522756, 0.0672099320, 0.0649912617, 2988.4912, 2887.7018, 759.4100, 19.6535
2025-12-11 00:36:42, 0.0725787118, 0.0604344819, 0.1288337806, 0.1009691665, 3076.7255, 3025.5294, 757.0900, 17.5870
2025-12-11 00:36:48, 0.0833704316, 0.0719882327, 0.0646517580, 0.0741867475, 2950.6078, 2904.0392, 756.7050, 17.9253
2025-12-11 00:36:54, 0.0535684366, 0.0539823058, 0.0983996160, 0.0841179998, 3001.0294, 2767.2500, 757.6050, 17.5473
2025-12-11 00:36:59, 0.0812544851, 0.0722113291, 0.0842469414, 0.0744227787, 3093.8000, 3053.3333, 758.5650, 18.2325
2025-12-11 00:37:05, 0.0791047914, 0.0882412687, 0.1128280183, 0.1195746093, 2897.3409, 2866.2727, 758.0700, 18.1509
2025-12-11 00:37:11, 0.0839077461, 0.0787251915, 0.1271501448, 0.1207057184, 2791.0893, 2887.2143, 758.9050, 18.7306
2025-12-11 00:37:17, 0.0814361869, 0.1011789678, 0.0987381606, 0.0799570933, 3066.9000, 2943.4833, 760.3200, 17.3818
2025-12-11 00:37:22, 0.0864514868, 0.0769060002, 0.0839480257, 0.0691900713, 2564.1475, 2542.4426, 759.6950, 18.3644
2025-12-11 00:37:28, 0.1080918488, 0.0714010266, 0.0669556163, 0.0739553475, 3082.4400, 3069.8800, 764.7700, 18.6359
2025-12-11 00:37:34, 0.0595970381, 0.0649907284, 0.0736695205, 0.0726107485, 2740.6415, 2670.1887, 763.2300, 19.1694
2025-12-11 00:37:40, 0.0498107551, 0.0485024486, 0.1203975889, 0.1026956502, 3166.2464, 3170.5217, 762.5950, 19.0389
2025-12-11 00:37:46, 0.0469192429, 0.0585608833, 0.1114881570, 0.0836830862, 2986.6429, 2915.8095, 762.9550, 18.2993
2025-12-11 00:37:52, 0.0728760095, 0.0480066994, 0.0646346887, 0.0658263385, 2728.2000, 2754.8909, 761.5400, 19.0748
2025-12-11 00:37:57, 0.0858183471, 0.0831157150, 0.0615458757, 0.0588445452, 2846.7959, 2902.3673, 763.9700, 17.5456
2025-12-11 00:38:03, 0.0781989134, 0.0518340841, 0.0978008014, 0.0827520990, 2924.2542, 2785.0169, 763.2050, 17.2714
2025-12-11 00:38:09, 0.1238495055, 0.0665568428, 0.0899067473, 0.1076086672, 2850.8636, 2924.0000, 764.5650, 19.7123
2025-12-11 00:38:15, 0.0942181542, 0.0943391413, 0.0973404314, 0.0684552271, 2959.1852, 2921.9259, 765.6500, 17.7344
2025-12-11 00:38:20, 0.0751761993, 0.0723121292, 0.0917080265, 0.0714659752, 2788.1356, 2609.5932, 764.0800, 19.0248
2025-12-11 00:38:26, 0.0696817109, 0.0611317216, 0.0990994640, 0.0907430188, 2848.7358, 2767.9245, 762.3150, 17.7549
2025-12-11 00:38:32, 0.1015765763, 0.0679261087, 0.0921505085, 0.0712106320, 2839.7959, 2836.4898, 766.7400, 17.8349
2025-12-11 00:38:37, 0.0736883339, 0.0766983382, 0.0743919566, 0.0627229475, 2881.5972, 2798.8889, 765.4950, 19.3207
2025-12-11 00:38:43, 0.0935922929, 0.0937101594, 0.0784466541, 0.0795533797, 2611.6000, 2576.7385, 761.1300, 18.9964
2025-12-11 00:38:49, 0.1123460967, 0.0883601871, 0.0610237174, 0.0723309167, 2897.6842, 2842.0000, 763.0100, 17.9014
2025-12-11 00:38:55, 0.1408245107, 0.1183993645, 0.0692711812, 0.0670797386, 2757.7778, 2762.9630, 764.3600, 17.7620
2025-12-11 00:39:00, 0.0461887163, 0.0558285133, 0.0501245778, 0.0622709537, 2668.2830, 2766.2830, 762.0400, 17.1746
2025-12-11 00:39:06, 0.0661866423, 0.0629248879, 0.0787171904, 0.0688443201, 2942.1774, 2748.4677, 764.1950, 19.0973
2025-12-11 00:39:12, 0.0945819207, 0.0799653293, 0.0759434316, 0.0626932306, 3146.8209, 2951.9552, 763.6650, 18.6412
2025-12-11 00:39:17, 0.0872521040, 0.0657893924, 0.0907126090, 0.0941257724, 2797.4531, 2714.7031, 761.8400, 18.8562
2025-12-11 00:39:23, 0.0797386827, 0.0671411974, 0.0635749757, 0.0469562724, 2809.6250, 2675.0781, 764.6350, 20.8842
2025-12-11 00:39:29, 0.1151776155, 0.0763780078, 0.0707416883, 0.0628528355, 3047.1000, 2994.6000, 764.2050, 18.2327
2025-12-11 00:39:34, 0.1083186380, 0.0994530317, 0.0913894872, 0.0817956612, 2987.6111, 2856.2037, 764.6750, 19.1812
2025-12-11 00:39:40, 0.0648360979, 0.0836830479, 0.0889563998, 0.0718541675, 3013.0889, 2974.1778, 761.7900, 19.4390
2025-12-11 00:39:46, 0.0824519651, 0.0730064428, 0.0740164654, 0.0619540481, 2987.5658, 2804.8816, 766.8950, 18.6063
2025-12-11 00:39:52, 0.0613968453, 0.0617810402, 0.1073132804, 0.0696733083, 2826.0833, 2599.7500, 762.0450, 18.7118
2025-12-11 00:39:58, 0.0855044153, 0.0710759389, 0.0865360804, 0.0970409665, 2719.7872, 2740.5106, 758.9550, 16.3231
2025-12-11 00:40:04, 0.0827121408, 0.0869656461, 0.0836362462, 0.0808149442, 3088.1846, 2975.5846, 762.9950, 17.0627
2025-12-11 00:40:10, 0.0842441498, 0.0792940782, 0.0931187321, 0.0881591496, 2755.0351, 2700.2456, 760.5600, 16.6561
2025-12-11 00:40:15, 0.1008302951, 0.0824304295, 0.0703998648, 0.0878219463, 2793.4107, 2707.6250, 760.0550, 19.0801
2025-12-11 00:40:21, 0.0965337218, 0.0992418381, 0.0863898874, 0.0600855414, 2948.2000, 2863.4727, 761.0000, 18.4106
2025-12-11 00:40:27, 0.1013308788, 0.0763313734, 0.0673673021, 0.0796988175, 2786.4200, 2867.7400, 758.8650, 19.2623
2025-12-11 00:40:33, 0.0839914631, 0.0813456375, 0.1075126748, 0.0917066978, 2908.4808, 2900.0192, 760.2800, 20.0600
2025-12-11 00:40:38, 0.0693692230, 0.0680116410, 0.1285647105, 0.0963521390, 2745.2500, 2755.5833, 762.9750, 17.1533
2025-12-11 00:40:44, 0.0680639884, 0.0552868207, 0.1450624079, 0.0975077457, 2813.0580, 2701.2754, 761.4850, 18.2871
2025-12-11 00:40:50, 0.0674317938, 0.0805599652, 0.0808160765, 0.0699108966, 2925.1607, 2838.3750, 764.1550, 19.8459
2025-12-11 00:40:56, 0.0947513941, 0.0737206973, 0.0968168237, 0.0731865094, 2834.7667, 2722.0000, 760.5450, 16.3496
2025-12-11 00:41:02, 0.0797729359, 0.0854646261, 0.0897823576, 0.0634655187, 2660.8148, 2570.3519, 760.6700, 18.4727
2025-12-11 00:41:07, 0.0778018026, 0.0582398362, 0.1021517415, 0.1018153135, 3008.6935, 2876.7903, 764.6800, 18.4934
2025-12-11 00:41:13, 0.0678335628, 0.0673421528, 0.0938841140, 0.0672030233, 2709.7812, 2681.8906, 760.2300, 17.4739
2025-12-11 00:41:19, 0.0718554805, 0.0627469655, 0.0620377715, 0.0614184740, 2833.3750, 2720.8214, 762.0050, 17.2396
2025-12-11 00:41:24, 0.0951848311, 0.0939111337, 0.1000570719, 0.0862120832, 2881.5179, 2845.7857, 762.3000, 18.4215
2025-12-11 00:41:30, 0.0804876766, 0.0905958736, 0.0832078434, 0.0797300973, 2811.8723, 2796.5319, 765.8050, 16.7835
2025-12-11 00:41:36, 0.1130257106, 0.1008076149, 0.0678974640, 0.0906265772, 2810.7708, 2775.7708, 760.6350, 18.7580
2025-12-11 00:41:42, 0.0743826024, 0.0701167020, 0.0612893033, 0.0653991807, 2694.1692, 2600.9846, 759.1750, 18.6755
2025-12-11 00:41:47, 0.0888288654, 0.0737822282, 0.0661867035, 0.0644980166, 2836.8689, 2833.2131, 759.9100, 17.8850
2025-12-11 00:41:53, 0.0958081797, 0.0729380843, 0.0695230258, 0.0515850418, 2914.8462, 2842.4615, 758.2200, 18.7043
2025-12-11 00:41:59, 0.0833951219, 0.0690930653, 0.0792286935, 0.0658281254, 2971.0299, 2887.8060, 759.0550, 19.2261
2025-12-11 00:42:05, 0.0692879399, 0.0590349652, 0.0486999639, 0.0648285773, 2714.2712, 2667.5254, 757.4850, 17.6088
2025-12-11 00:42:11, 0.0682041276, 0.0630449010, 0.0763671156, 0.0664150952, 2773.5106, 2608.9787, 763.1650, 18.5889
2025-12-11 00:42:16, 0.0516376847, 0.0663373212, 0.0829671535, 0.0546695338, 2754.0492, 2683.6721, 762.4450, 15.6910
2025-12-11 00:42:22, 0.0587758106, 0.0522128702, 0.0885491599, 0.1015120841, 2987.3016, 2886.6825, 762.5300, 16.4751
2025-12-11 00:42:28, 0.0754864373, 0.0663172954, 0.0897569482, 0.0890743470, 3100.0260, 2965.0779, 764.1200, 17.6183
2025-12-11 00:42:34, 0.0975266644, 0.0906608974, 0.0738616689, 0.0627579612, 2910.2545, 2896.4364, 765.0700, 16.1191
2025-12-11 00:42:39, 0.0734780831, 0.0560219905, 0.0826776971, 0.0748794353, 2785.6167, 2741.6667, 763.9200, 18.1012
2025-12-11 00:42:45, 0.0747534923, 0.0667269551, 0.0718841934, 0.0766676970, 3235.0328, 3054.1639, 764.7250, 17.0443
2025-12-11 00:42:51, 0.1000353174, 0.0629361531, 0.1576083571, 0.1010911088, 2881.6038, 2735.7925, 763.5450, 18.6469
2025-12-11 00:42:56, 0.0678312294, 0.0646108077, 0.1275279669, 0.1318118804, 3009.8852, 2920.5902, 762.1650, 19.4940
2025-12-11 00:43:02, 0.0720734041, 0.0611029859, 0.1311258090, 0.0973797682, 2759.1636, 2691.9636, 763.1000, 17.2383
2025-12-11 00:43:08, 0.0930408621, 0.0686685594, 0.0809803100, 0.0831305678, 2903.7705, 2865.8197, 762.2500, 17.0996
2025-12-11 00:43:14, 0.1128712972, 0.0898871548, 0.0902776491, 0.0789455664, 2991.6977, 3012.3721, 763.9100, 16.7132
2025-12-11 00:43:20, 0.0612537574, 0.0727582765, 0.0925620878, 0.1036661666, 2813.2333, 2771.6167, 763.5250, 15.8505
2025-12-11 00:43:26, 0.0693168002, 0.0645071666, 0.0814008924, 0.0977734252, 2660.1364, 2686.2727, 765.5100, 18.6748
2025-12-11 00:43:31, 0.0545830862, 0.0474901809, 0.1017032612, 0.0878136712, 2945.2712, 2768.6271, 764.4050, 18.4063
2025-12-11 00:43:37, 0.0712869857, 0.0703063157, 0.0881914600, 0.0896891347, 2781.8364, 2620.5091, 762.8950, 19.3405
2025-12-11 00:43:42, 0.0595514743, 0.0489728795, 0.0897340580, 0.0633163254, 2788.4231, 2731.5385, 764.4800, 18.1370
2025-12-11 00:43:48, 0.0612992959, 0.0451078237, 0.0814057447, 0.0710862863, 2880.1132, 2858.3208, 764.3300, 18.2154
2025-12-11 00:43:54, 0.0812665221, 0.0709869096, 0.1236626910, 0.1223880957, 2952.5397, 2917.6190, 762.8400, 20.1461
2025-12-11 00:44:00, 0.0782953451, 0.0726954020, 0.0791259186, 0.0995142222, 3047.7193, 3035.7368, 767.5350, 17.2484
2025-12-11 00:44:05, 0.0810612496, 0.0793702524, 0.1143997343, 0.1100948353, 2816.6250, 2793.1458, 762.2650, 20.2095
2025-12-11 00:44:11, 0.0786294117, 0.0612301918, 0.0860568998, 0.0767127378, 3093.6508, 2993.8413, 764.7900, 17.1699
2025-12-11 00:44:17, 0.0406050810, 0.0468166469, 0.0854981527, 0.0783353202, 2844.0256, 2767.3846, 760.4100, 18.9766
2025-12-11 00:44:23, 0.0480492586, 0.0551697877, 0.0976159901, 0.0666309943, 2835.0196, 2738.4706, 760.9350, 17.2604
2025-12-11 00:44:28, 0.0351771320, 0.0323190772, 0.1085738101, 0.0834765808, 2882.8103, 2652.5345, 760.1100, 19.1075
2025-12-11 00:44:34, 0.0859069387, 0.0625821367, 0.0736701610, 0.0650261811, 2923.4894, 2863.1489, 761.4850, 19.8222
2025-12-11 00:44:39, 0.0915037912, 0.0912587910, 0.0657472145, 0.0719100632, 2625.3600, 2629.3400, 762.0900, 19.5881
2025-12-11 00:44:45, 0.0768584365, 0.0539327050, 0.0713837943, 0.0669323647, 2860.1148, 2756.3770, 760.0950, 18.6916
2025-12-11 00:44:51, 0.0777088328, 0.0728642293, 0.1029323689, 0.0898581504, 2944.9620, 2902.0633, 756.9850, 17.1294
2025-12-11 00:44:56, 0.0639224786, 0.0487438049, 0.1386588302, 0.0994583121, 3042.6271, 2959.4407, 752.7650, 19.1872
2025-12-11 00:45:02, 0.0776171952, 0.0800887738, 0.1060565911, 0.0951578175, 2740.6491, 2730.8421, 751.8900, 18.3553
2025-12-11 00:45:08, 0.0969353700, 0.0832687955, 0.0766549173, 0.0801161685, 2860.3871, 2768.2903, 750.7300, 19.6038
2025-12-11 00:45:14, 0.0677248477, 0.0619212902, 0.1225036100, 0.1068776630, 3028.6981, 2906.0189, 752.4000, 17.4614
2025-12-11 00:45:20, 0.0568216206, 0.0632912494, 0.0942940592, 0.0777668979, 3018.3913, 2856.3043, 751.8750, 16.8807
2025-12-11 00:45:25, 0.0759765225, 0.0785779120, 0.0756616713, 0.0997239120, 2822.7288, 2710.5932, 756.0150, 17.2184
2025-12-11 00:45:31, 0.0601561743, 0.0579316602, 0.0782895874, 0.0881198222, 2656.6986, 2596.0959, 754.6850, 17.2805
2025-12-11 00:45:37, 0.0743244723, 0.0576054575, 0.0857399744, 0.0651087474, 2794.9231, 2820.2500, 754.3200, 17.8753
2025-12-11 00:45:43, 0.0806723323, 0.0659617904, 0.1176641583, 0.1484029986, 2824.4545, 2730.4545, 754.2700, 18.5900
2025-12-11 00:45:49, 0.0666298083, 0.0655186280, 0.1359668951, 0.0980572757, 2891.2941, 2841.8824, 757.7950, 16.9415
2025-12-11 00:45:54, 0.0592546960, 0.0474917451, 0.0850988285, 0.0615861763, 2931.2143, 2810.1905, 758.7800, 21.4798
2025-12-11 00:46:00, 0.0552453231, 0.0869542189, 0.1614004329, 0.1463363776, 2837.8571, 2896.2381, 761.0500, 20.4946
2025-12-11 00:46:06, 0.0666756658, 0.0697497796, 0.0878667685, 0.0820130601, 2723.0816, 2814.7959, 762.0750, 19.6222
2025-12-11 00:46:12, 0.0998724540, 0.0716504629, 0.1205235221, 0.0993213122, 2771.9524, 2722.2698, 762.8600, 18.7774
2025-12-11 00:46:17, 0.0492808475, 0.0362526708, 0.0876256809, 0.0625172146, 2722.5091, 2651.8182, 759.7650, 19.7266
2025-12-11 00:46:23, 0.0413063111, 0.0420412431, 0.1008977796, 0.0771430107, 2729.0909, 2539.2121, 759.4200, 20.3969
2025-12-11 00:46:29, 0.0788034854, 0.0820221756, 0.1092099808, 0.1065246319, 2938.1000, 2823.0800, 757.2800, 19.7201
2025-12-11 00:46:34, 0.1247791655, 0.0933134644, 0.0838778040, 0.0952276335, 2948.0612, 2885.6122, 758.5600, 20.6987
2025-12-11 00:46:40, 0.0811111476, 0.0703218130, 0.0739637247, 0.0715619257, 2773.2453, 2723.9434, 758.1450, 21.2399
2025-12-11 00:46:46, 0.0740779299, 0.0648886127, 0.0946730679, 0.1342668959, 2964.3279, 3035.5902, 759.3050, 20.1455
2025-12-11 00:46:52, 0.0924674476, 0.0709923443, 0.1166850905, 0.0966261197, 2911.8545, 2902.0727, 759.0050, 21.0189
2025-12-11 00:46:57, 0.0745684465, 0.0592001941, 0.0979720289, 0.0932740750, 2701.3091, 2606.5273, 758.1000, 21.2386
2025-12-11 00:47:03, 0.0786495513, 0.0656308315, 0.0834338281, 0.0589172231, 2836.8033, 2768.6721, 758.9550, 20.3343
2025-12-11 00:47:09, 0.0754280275, 0.0846715070, 0.0798543500, 0.0653754739, 2950.2500, 3003.1458, 757.6150, 21.4230
2025-12-11 00:47:15, 0.0898002091, 0.0752244766, 0.0900496862, 0.1000384952, 2768.7843, 2805.5294, 757.7600, 22.2295
2025-12-11 00:47:21, 0.0846459585, 0.0659625895, 0.1459434630, 0.0810461634, 2965.3103, 2823.9483, 763.2900, 20.3518
2025-12-11 00:47:26, 0.0520861574, 0.0472716986, 0.1709608558, 0.1047713629, 2782.0159, 2707.9048, 760.2450, 20.8611
2025-12-11 00:47:32, 0.0580124322, 0.0533413440, 0.0809422535, 0.1172426208, 2744.0154, 2735.6923, 763.0400, 20.6705
2025-12-11 00:47:37, 0.0577755765, 0.0610977445, 0.0653395125, 0.0502091804, 2916.7213, 2831.5410, 759.0350, 18.6267
2025-12-11 00:47:43, 0.0444150179, 0.0400047986, 0.1070099251, 0.1202345462, 3039.3913, 2902.2174, 764.8600, 18.1502
2025-12-11 00:47:49, 0.0283634365, 0.0257530088, 0.0682500812, 0.0750035760, 2874.6912, 2771.3382, 765.2200, 20.0819
2025-12-11 00:47:55, 0.0449108866, 0.0426964699, 0.0587273307, 0.0584881603, 2891.3934, 2773.5082, 765.1700, 18.1673
2025-12-11 00:48:00, 0.1125588819, 0.0883319191, 0.0596832407, 0.0685783947, 2646.4138, 2679.8966, 765.2700, 19.3883
2025-12-11 00:48:06, 0.0955173184, 0.0778913135, 0.0727342556, 0.0779729405, 2991.7619, 2906.3492, 765.2650, 18.3187
2025-12-11 00:48:12, 0.0761663426, 0.0615245117, 0.0758040313, 0.0723053655, 2823.7708, 2793.2292, 765.3200, 18.4401
2025-12-11 00:48:17, 0.0639263195, 0.0671492761, 0.0878778374, 0.0717736872, 2972.1948, 2877.2468, 763.5800, 17.4165
2025-12-11 00:48:23, 0.0617224143, 0.0471622619, 0.0950230541, 0.0556547727, 2795.2000, 2680.7231, 761.4400, 16.1715
2025-12-11 00:48:29, 0.0558909364, 0.0486885233, 0.0736612585, 0.0604161530, 2898.2778, 2758.3519, 763.1000, 16.8950
2025-12-11 00:48:35, 0.0547226528, 0.0512510182, 0.1127115206, 0.0710804721, 3152.3220, 2951.6271, 766.8150, 19.3897
2025-12-11 00:48:41, 0.0542005247, 0.0751930044, 0.0700784000, 0.0600441355, 3109.6296, 3048.8148, 762.0500, 19.2813
2025-12-11 00:48:46, 0.0556938456, 0.0531800368, 0.0738996192, 0.0631902449, 2964.5513, 2908.0769, 763.1600, 16.5086
2025-12-11 00:48:52, 0.0776762496, 0.0643239820, 0.0844795217, 0.1052708934, 2749.2549, 2676.0980, 763.0250, 17.4148
2025-12-11 00:48:58, 0.0601140790, 0.0520642257, 0.0912290230, 0.0780812662, 2957.5441, 2843.6765, 765.1250, 17.9393
2025-12-11 00:49:04, 0.0639890872, 0.0616803229, 0.0888906414, 0.0717456127, 2897.6452, 2703.8226, 765.0400, 19.2033
2025-12-11 00:49:10, 0.0589332286, 0.0450470299, 0.0673461134, 0.1008210572, 2917.6143, 2890.1857, 762.4250, 18.2709
2025-12-11 00:49:16, 0.0481610823, 0.0490931939, 0.0641523528, 0.0611109487, 2717.5614, 2688.2807, 762.9600, 18.9367
2025-12-11 00:49:21, 0.0526653648, 0.0512038524, 0.0688819201, 0.0667993869, 2842.2931, 2768.2759, 763.2200, 20.2956
2025-12-11 00:49:27, 0.0622861513, 0.0529608180, 0.1057281219, 0.0930041167, 3075.2203, 3042.2373, 763.0400, 20.9356
2025-12-11 00:49:33, 0.0559877207, 0.0574483238, 0.0908590893, 0.0764227174, 2815.8095, 2712.3175, 767.0700, 18.1528
2025-12-11 00:49:39, 0.0437867387, 0.0425148396, 0.0927650116, 0.0787436222, 3056.8070, 2827.1754, 763.0650, 18.1384
2025-12-11 00:49:45, 0.0507912300, 0.0470491633, 0.0696301146, 0.0732014283, 2991.7324, 2861.5775, 765.8800, 19.0154
2025-12-11 00:49:50, 0.0593919661, 0.0592553071, 0.0900595807, 0.0818495470, 2943.7797, 2940.4746, 766.1350, 20.4207
2025-12-11 00:49:56, 0.0587450901, 0.0453274878, 0.0849549108, 0.0835956790, 2919.9032, 2713.0323, 763.3850, 20.1213
2025-12-11 00:50:02, 0.0728120809, 0.0673778345, 0.0697257760, 0.0639841849, 2951.5192, 2864.4231, 765.6100, 21.3021
2025-12-11 00:50:08, 0.0526788963, 0.0621575668, 0.0579104072, 0.0536666887, 2884.3509, 2848.1404, 765.4650, 16.5586
2025-12-11 00:50:14, 0.0858085523, 0.0639718090, 0.0780174524, 0.0859636504, 2939.4925, 2878.3582, 763.3300, 17.9925
2025-12-11 00:50:19, 0.1005015435, 0.0659607781, 0.0804236413, 0.0674941743, 2889.8028, 2833.8592, 763.7100, 17.7794
2025-12-11 00:50:25, 0.0668601548, 0.0553518880, 0.0644312798, 0.0563381924, 2808.3971, 2648.6471, 765.0350, 17.9623
2025-12-11 00:50:31, 0.0648287131, 0.0525619641, 0.0712880923, 0.0635773906, 2982.6032, 2701.8254, 764.1800, 18.1074
2025-12-11 00:50:37, 0.0792979343, 0.0821197679, 0.0908391223, 0.0712637929, 3014.5441, 2930.8971, 765.2650, 16.8055
2025-12-11 00:50:42, 0.0871599488, 0.0800077953, 0.0512840916, 0.0552613117, 2802.6935, 2629.9194, 762.3050, 18.2141
2025-12-11 00:50:48, 0.0979301624, 0.0804017806, 0.0666357098, 0.0600076813, 2802.7391, 2709.5072, 761.2500, 19.5058
2025-12-11 00:50:54, 0.0383633615, 0.0293800769, 0.0795823454, 0.0543928928, 3023.3913, 2793.4493, 761.1750, 17.5666
2025-12-11 00:51:00, 0.0535610560, 0.0430205735, 0.0587812143, 0.0664707953, 2895.4643, 2938.0000, 762.9750, 20.1416
2025-12-11 00:51:05, 0.0639485273, 0.0533006450, 0.0854679493, 0.0579036740, 2959.0909, 2939.9242, 760.0950, 18.4414
2025-12-11 00:51:11, 0.0324304096, 0.0372799429, 0.1034803095, 0.0712567242, 3013.1228, 2902.6667, 762.9500, 16.2886
2025-12-11 00:51:17, 0.0429562605, 0.0403269987, 0.0774720850, 0.0742937038, 2818.6452, 2701.4839, 760.0200, 20.3071
2025-12-11 00:51:22, 0.0316092230, 0.0319779811, 0.0407529211, 0.0475562522, 2795.8676, 2639.7059, 762.1550, 16.6379
2025-12-11 00:51:28, 0.0443503588, 0.0370075596, 0.0640923176, 0.0487343315, 2982.6885, 2897.9180, 763.5000, 18.5062
2025-12-11 00:51:34, 0.0529131869, 0.0376763865, 0.0661655412, 0.0576827651, 2934.5769, 2800.6538, 763.5900, 18.5933
2025-12-11 00:51:40, 0.0800393280, 0.0729059186, 0.0548301394, 0.0464027329, 2928.3077, 2924.5577, 762.4050, 18.3959
2025-12-11 00:51:46, 0.0775757063, 0.0635617466, 0.0781919612, 0.0619426780, 3035.2344, 2875.1562, 764.7400, 18.3364
2025-12-11 00:51:52, 0.0908094884, 0.0816978789, 0.0444937269, 0.0548621635, 2850.8636, 2758.6515, 764.8100, 17.6560
2025-12-11 00:51:57, 0.0948753034, 0.0827131858, 0.0677910431, 0.0502039781, 2684.2419, 2613.6452, 759.0750, 19.0853
2025-12-11 00:52:03, 0.0650802305, 0.0768749468, 0.0520163351, 0.0506965185, 2937.1739, 2754.3043, 759.6400, 17.6706
2025-12-11 00:52:09, 0.0752354772, 0.0816489183, 0.0662063447, 0.0521682873, 2981.2000, 2777.2667, 759.0450, 17.9188
2025-12-11 00:52:14, 0.0864100544, 0.0652599387, 0.0649765022, 0.0604497848, 2907.2951, 2748.3115, 760.0150, 18.6750
2025-12-11 00:52:20, 0.0506627076, 0.0730371163, 0.0440825873, 0.0510235323, 2791.2500, 2734.9375, 767.3500, 22.2506
2025-12-11 00:52:26, 0.0930041902, 0.0640555627, 0.0594748534, 0.0286722942, 2878.2917, 2874.5833, 765.6700, 19.1766
2025-12-11 00:52:31, 0.0604369326, 0.0471251541, 0.0684160695, 0.0566521453, 3220.8103, 3095.7931, 766.0850, 20.9952
2025-12-11 00:52:37, 0.0742159285, 0.0520466972, 0.0858257529, 0.0787642405, 3016.4839, 2850.6935, 769.1350, 20.6244
2025-12-11 00:52:43, 0.0747542154, 0.0611584813, 0.1116511990, 0.0780805821, 3057.7937, 2864.8730, 768.3650, 20.0709
2025-12-11 00:52:49, 0.0850749753, 0.0726039805, 0.0622313531, 0.0618435888, 3078.3836, 3003.1233, 765.5800, 22.3807
2025-12-11 00:52:55, 0.0729983240, 0.0589427722, 0.0870468755, 0.0523610213, 3070.8182, 2791.2857, 768.7950, 19.8754
2025-12-11 00:53:00, 0.0752448213, 0.0690756380, 0.0696829336, 0.0484210649, 2868.3393, 2662.4821, 763.1050, 20.5899
2025-12-11 00:53:06, 0.0828221367, 0.0687097693, 0.0752892408, 0.0505919308, 2911.4030, 2832.3731, 766.5250, 21.0437
2025-12-11 00:53:12, 0.0889225860, 0.0732810264, 0.0790683393, 0.0761756655, 2826.0968, 2669.1935, 765.1200, 22.7505
2025-12-11 00:53:17, 0.0659994602, 0.0665770182, 0.0909257614, 0.0709169298, 2890.0851, 2859.0851, 763.1900, 20.5843
2025-12-11 00:53:23, 0.0609443619, 0.0581256080, 0.0632081802, 0.0561216574, 2872.4615, 2832.0154, 760.4300, 17.3100
2025-12-11 00:53:29, 0.0818031843, 0.0856317972, 0.1130950518, 0.0779616444, 2928.9048, 2877.3333, 763.4150, 16.6440
2025-12-11 00:53:34, 0.0778345810, 0.0431903234, 0.0729781057, 0.0665518719, 2941.5758, 2854.6818, 760.8050, 16.0024
2025-12-11 00:53:40, 0.0608151543, 0.0513767094, 0.0620250217, 0.0532438456, 2873.0000, 2869.2857, 760.2150, 16.7907
2025-12-11 00:53:46, 0.0688437296, 0.0639504038, 0.0789665062, 0.0600216606, 2889.5775, 2805.7887, 759.7650, 18.9565
2025-12-11 00:53:52, 0.0697943796, 0.0679950423, 0.0662864667, 0.0597872310, 3000.1364, 2928.1591, 759.0950, 16.6648
2025-12-11 00:53:57, 0.0610531608, 0.0668498667, 0.0747993114, 0.0696662594, 2943.5455, 2795.9455, 759.5850, 15.8554
2025-12-11 00:54:03, 0.0603859802, 0.0499754773, 0.0836310885, 0.0630554329, 3057.9219, 2998.0156, 758.1550, 17.3246
2025-12-11 00:54:09, 0.0645727739, 0.0761072483, 0.0554345688, 0.0407031700, 2694.3387, 2662.3387, 758.9150, 18.0266
2025-12-11 00:54:14, 0.0747699745, 0.0507625584, 0.0730626131, 0.0655735022, 3008.1695, 2885.0508, 769.2250, 21.6641
2025-12-11 00:54:20, 0.0646023599, 0.0560969508, 0.0655540795, 0.0500684790, 2914.2407, 2807.7037, 767.9100, 21.6403
2025-12-11 00:54:26, 0.0671106107, 0.0586979171, 0.0932774560, 0.0847151062, 3030.1644, 2871.6849, 767.5500, 19.3731
2025-12-11 00:54:31, 0.0638025052, 0.0578698737, 0.0623148055, 0.0758948980, 2765.4487, 2680.5385, 761.4850, 18.9571
2025-12-11 00:54:37, 0.0718186665, 0.0425600280, 0.0960008374, 0.0969832792, 3059.0429, 2945.3286, 765.3800, 20.9412
2025-12-11 00:54:43, 0.0631731928, 0.0609823113, 0.1027043996, 0.0957065713, 2885.3621, 2753.0000, 766.0650, 21.6726
2025-12-11 00:54:49, 0.0612072784, 0.0633618658, 0.0902563449, 0.0736965125, 2981.7963, 2838.1111, 765.9350, 23.0543
2025-12-11 00:54:54, 0.0679321945, 0.0626850028, 0.0771787702, 0.0779558022, 3028.1905, 2991.3968, 762.8800, 19.2306
2025-12-11 00:55:00, 0.0890088552, 0.0655215304, 0.0822575778, 0.0861622859, 2828.9836, 2658.5410, 761.3950, 18.2513
2025-12-11 00:55:06, 0.0706372194, 0.0598483003, 0.0679064112, 0.0723291441, 2879.0169, 2789.8305, 761.8300, 17.1400
2025-12-11 00:55:11, 0.0632388633, 0.0697643309, 0.1040382213, 0.0989948200, 2894.2909, 2888.8727, 762.7050, 18.2953
2025-12-11 00:55:17, 0.0819033227, 0.0749734491, 0.0946599689, 0.0955430258, 2576.4000, 2625.2182, 759.7750, 17.3613
2025-12-11 00:55:23, 0.0633172358, 0.0425093001, 0.1296420557, 0.1026684183, 3004.1754, 2910.8070, 762.1050, 19.5198
2025-12-11 00:55:29, 0.0746455235, 0.0679797280, 0.0979843093, 0.1006905083, 2835.3810, 2762.8095, 760.8500, 18.1110
2025-12-11 00:55:34, 0.0558714948, 0.0455196458, 0.0823437425, 0.0854233202, 2800.3385, 2852.9231, 763.5750, 17.9910
2025-12-11 00:55:40, 0.0622669018, 0.0575694730, 0.1001773868, 0.1057645786, 2819.5758, 2784.5000, 763.6650, 17.7348
2025-12-11 00:55:47, 0.0753520239, 0.0712245476, 0.1130079888, 0.1173521325, 2882.3191, 2807.8723, 762.7800, 19.8180
2025-12-11 00:55:52, 0.0558338554, 0.0443329215, 0.0972140812, 0.1039592751, 3129.5472, 2992.9245, 764.6800, 18.9520
2025-12-11 00:55:58, 0.0979861947, 0.0814989882, 0.0766490034, 0.0679141532, 2866.5091, 2792.0364, 762.3050, 17.8673
2025-12-11 00:56:04, 0.0693477735, 0.0756915688, 0.1235198341, 0.1250062240, 2948.4545, 2880.4364, 757.7650, 17.3139
2025-12-11 00:56:09, 0.0747024000, 0.0581868245, 0.0966819835, 0.0895934305, 2805.4032, 2697.9516, 753.7050, 19.2994
2025-12-11 00:56:15, 0.0735814235, 0.0582441249, 0.1031706443, 0.0972131998, 2694.4444, 2702.1481, 754.7650, 16.0343
2025-12-11 00:56:21, 0.0864149704, 0.0618861909, 0.1147339162, 0.0882822876, 2929.1607, 2798.9821, 755.4300, 18.1341
2025-12-11 00:56:27, 0.0847002463, 0.0693331915, 0.1514289573, 0.1445240985, 2964.5957, 2916.2766, 755.8750, 18.4223
2025-12-11 00:56:33, 0.0953004436, 0.0810804228, 0.1161907788, 0.1066554066, 2799.3725, 2785.4510, 756.0300, 17.9914
2025-12-11 00:56:38, 0.0665623050, 0.0539784817, 0.1971457037, 0.1292367945, 2947.1961, 3013.6863, 755.6350, 18.2713
2025-12-11 00:56:44, 0.0650387433, 0.0730472981, 0.2009217205, 0.1582059959, 2978.1967, 2800.6557, 755.5600, 17.7617
2025-12-11 00:56:50, 0.1001428373, 0.1038679370, 0.1187541409, 0.1074118099, 2767.9348, 2792.2609, 759.3550, 17.0338
2025-12-11 00:56:56, 0.0934094448, 0.0826574658, 0.1424071771, 0.1402414046, 2741.3111, 2749.8889, 757.9950, 18.9453
2025-12-11 00:57:01, 0.0951294853, 0.0776903307, 0.1985332136, 0.1385383240, 3021.0270, 2984.7838, 758.2350, 19.4260
2025-12-11 00:57:07, 0.0979056367, 0.0689608354, 0.1510189325, 0.1158649540, 2745.0217, 2670.7174, 758.8150, 19.3257
2025-12-11 00:57:13, 0.0826215001, 0.0720229536, 0.1622836449, 0.1061578882, 2961.0851, 2753.8723, 758.3950, 18.0083
2025-12-11 00:57:18, 0.0711636747, 0.0594908695, 0.1610323653, 0.1481329248, 2560.4524, 2717.9048, 759.3000, 18.4380
2025-12-11 00:57:24, 0.0656801534, 0.0537670569, 0.1604886253, 0.1473354965, 2666.0227, 2640.0682, 757.4750, 18.5650
2025-12-11 00:57:30, 0.0663007227, 0.0703067210, 0.1386132847, 0.1452339853, 2693.5238, 2660.5238, 762.3300, 17.6304
2025-12-11 00:57:36, 0.0677627715, 0.0730709301, 0.1305348185, 0.1411286634, 2810.3409, 2866.5909, 759.5950, 19.9454
2025-12-11 00:57:41, 0.0621515839, 0.0589829970, 0.1310285223, 0.1214247799, 2856.1774, 2825.2097, 762.1550, 19.4759
2025-12-11 00:57:47, 0.0511107038, 0.0494803506, 0.1189229443, 0.1136402944, 2606.8214, 2633.1964, 761.1200, 17.5911
2025-12-11 00:57:53, 0.0507398285, 0.0552610628, 0.1087411118, 0.1024033525, 3306.7692, 3184.6154, 762.3200, 18.6007
2025-12-11 00:57:58, 0.0857561505, 0.0660462045, 0.1993436638, 0.1416699578, 2959.9423, 2875.5192, 757.6700, 19.2156
2025-12-11 00:58:04, 0.0682864444, 0.0695937367, 0.1077738673, 0.1043352320, 2963.9091, 2943.6364, 761.4050, 19.7811
2025-12-11 00:58:10, 0.0684553512, 0.0604194652, 0.0855073235, 0.1052183646, 2876.8947, 2864.1404, 758.4350, 17.0146
2025-12-11 00:58:16, 0.0823887780, 0.0895648700, 0.1296991432, 0.1523359658, 3064.1277, 3018.7234, 760.4250, 19.4364
2025-12-11 00:58:21, 0.0801627607, 0.0678270175, 0.1805448673, 0.1672838933, 2810.9512, 2689.4878, 760.7750, 18.8086
2025-12-11 00:58:27, 0.0858329558, 0.1072145039, 0.0829695132, 0.0956229897, 2781.4750, 2737.8750, 759.5700, 16.3547
2025-12-11 00:58:33, 0.0746040228, 0.0769450382, 0.0926822874, 0.0995288759, 2723.1587, 2723.7302, 760.3600, 17.4092
2025-12-11 00:58:38, 0.0724968832, 0.0507270183, 0.0783824121, 0.1055902051, 2935.1552, 2849.5517, 758.4300, 17.9899
2025-12-11 00:58:44, 0.0688777571, 0.0859106029, 0.1334221780, 0.0978418147, 3061.1333, 2944.4889, 758.5300, 18.5962
2025-12-11 00:58:50, 0.0911541695, 0.0643531304, 0.1141375533, 0.1286090388, 2849.4068, 2797.1186, 758.4500, 17.5108
2025-12-11 00:58:56, 0.0665640763, 0.0746763167, 0.1404879559, 0.0968512044, 2757.8776, 2732.0816, 759.0300, 18.3076
2025-12-11 00:59:02, 0.0681776084, 0.0546810579, 0.0935949162, 0.0885006729, 2677.3636, 2651.8545, 761.8200, 20.0932
2025-12-11 00:59:08, 0.0677023069, 0.0623829210, 0.1765573894, 0.1250220214, 2882.6491, 2847.0526, 760.2550, 18.5230
2025-12-11 00:59:13, 0.0590328036, 0.0612270550, 0.1521456121, 0.1744050270, 2798.2600, 2902.7800, 764.8500, 19.4655
2025-12-11 00:59:19, 0.0709648146, 0.0464028247, 0.1587837951, 0.1240006277, 2756.7500, 2696.7885, 765.7100, 21.3459
2025-12-11 00:59:24, 0.0496664890, 0.0511113998, 0.1574660745, 0.1454450088, 2796.3913, 2788.2826, 765.7000, 19.1105
2025-12-11 00:59:30, 0.0449683845, 0.0461433499, 0.1065022144, 0.1226952212, 2876.2542, 2913.4915, 764.6300, 19.1142
2025-12-11 00:59:36, 0.0723906333, 0.0809569013, 0.0757218565, 0.1136890301, 2753.8909, 2766.3818, 765.2850, 19.3325
2025-12-11 00:59:42, 0.0524752757, 0.0537920419, 0.1567249681, 0.1086235527, 2865.4000, 2727.1273, 764.3700, 20.0198
2025-12-11 00:59:47, 0.0795293550, 0.0767703537, 0.1128183565, 0.1004451175, 2943.1053, 3004.0702, 765.0050, 19.8722
2025-12-11 00:59:53, 0.0834018197, 0.0594011727, 0.0987535852, 0.0875622659, 2542.2791, 2388.2791, 764.1800, 20.1293
2025-12-11 00:59:59, 0.0735462209, 0.0706727573, 0.0719442908, 0.0863021928, 2838.8308, 2880.3846, 762.5650, 19.5022
2025-12-11 01:00:05, 0.0657792040, 0.0674695613, 0.1098722068, 0.0903416373, 2788.1552, 2696.1724, 767.8450, 18.9879
2025-12-11 01:00:10, 0.0593307486, 0.0642514625, 0.0623971480, 0.0831726355, 2903.6250, 2981.6094, 766.2900, 19.8544
2025-12-11 01:00:16, 0.0895824132, 0.0777543314, 0.0743391192, 0.0675147366, 2942.4000, 2782.2727, 766.4900, 18.4700
2025-12-11 01:00:22, 0.0675949983, 0.0584424126, 0.1030726429, 0.1002996946, 3025.4930, 2907.6761, 766.9050, 17.8526
2025-12-11 01:00:28, 0.0795050863, 0.0749287299, 0.1201501411, 0.1302956386, 3092.7083, 2978.8542, 765.4450, 18.5221
2025-12-11 01:00:33, 0.0903748224, 0.0855040183, 0.0962453041, 0.0832035731, 3004.3333, 2836.9000, 768.5000, 17.7831
2025-12-11 01:00:39, 0.0879633262, 0.1262338128, 0.0720839508, 0.0805588717, 2827.3750, 2779.0000, 765.7100, 16.0417
2025-12-11 01:00:45, 0.0832692156, 0.0815274505, 0.0967226945, 0.0737079360, 2923.5179, 2816.0179, 758.0350, 18.4847
2025-12-11 01:00:50, 0.1046619189, 0.0812185032, 0.0952962171, 0.0863971218, 2947.3803, 2886.6620, 758.2950, 19.9692
2025-12-11 01:00:56, 0.0802208525, 0.0935047458, 0.0850317206, 0.0835910422, 2829.4390, 2760.2195, 757.3150, 18.8172
2025-12-11 01:01:02, 0.0880214339, 0.0811989451, 0.1179527352, 0.0773805751, 2698.7755, 2704.5714, 758.7250, 19.3579
2025-12-11 01:01:08, 0.0715385168, 0.0672268532, 0.2144961959, 0.1752485467, 2859.1818, 2815.0182, 757.2050, 19.0216
2025-12-11 01:01:14, 0.0797699474, 0.0672106423, 0.1210020972, 0.1057610684, 2572.1400, 2565.9000, 758.1250, 19.6731
2025-12-11 01:01:20, 0.0651046125, 0.0422338939, 0.0939354030, 0.0693978554, 2777.4032, 2795.4839, 760.4150, 19.1239
2025-12-11 01:01:26, 0.0663946963, 0.0679417928, 0.0843448173, 0.0761630012, 2723.8254, 2741.0952, 758.3700, 17.8637
2025-12-11 01:01:31, 0.0438110568, 0.0570423035, 0.1387178395, 0.1533591763, 2655.0000, 2620.3704, 757.1000, 20.3170
2025-12-11 01:01:37, 0.0783698268, 0.0653689517, 0.1616429578, 0.1447288750, 2747.1667, 2717.5909, 756.2700, 18.2753
2025-12-11 01:01:43, 0.0841866965, 0.0751707901, 0.0954756529, 0.0867093597, 2660.9787, 2634.5745, 760.7200, 20.3446
2025-12-11 01:01:48, 0.0755543021, 0.0653234625, 0.1019776770, 0.0706114017, 2749.9623, 2619.8113, 758.0800, 18.5490
2025-12-11 01:01:54, 0.0518285001, 0.0432714176, 0.0805697993, 0.0888614983, 2625.5645, 2576.5000, 757.2600, 20.1889
2025-12-11 01:02:00, 0.1730778322, 0.0909550914, 0.0790176934, 0.0891357449, 2873.3061, 2960.3265, 757.2800, 17.9600
2025-12-11 01:02:06, 0.0813409666, 0.0594661232, 0.1116744250, 0.0787303686, 3038.8772, 2924.8772, 760.6700, 17.8676
2025-12-11 01:02:11, 0.0524028776, 0.0595083702, 0.1145440329, 0.1113093323, 2537.0185, 2568.6852, 757.9250, 18.0449
2025-12-11 01:02:17, 0.0578305096, 0.0622161002, 0.1257711998, 0.1194490391, 3082.5800, 3151.5600, 759.3500, 20.0708
2025-12-11 01:02:23, 0.1139087077, 0.0860311050, 0.0991634985, 0.0984279924, 2960.8750, 3101.6875, 760.2500, 18.8119
2025-12-11 01:02:29, 0.0752218089, 0.0788461519, 0.0988406738, 0.0712001755, 3099.1304, 2923.5000, 758.1000, 18.1312
2025-12-11 01:02:35, 0.1064222707, 0.0812846853, 0.1438668085, 0.0951947072, 2935.6078, 2828.4902, 761.1650, 19.5161
2025-12-11 01:02:40, 0.0604486010, 0.0693520296, 0.1185571894, 0.1163147180, 2980.1167, 2829.2500, 758.5100, 18.6922
2025-12-11 01:02:46, 0.0569883997, 0.0649535929, 0.1038995300, 0.0736019742, 2756.0698, 2695.6977, 763.4500, 18.8138
2025-12-11 01:02:52, 0.0714652320, 0.0563466369, 0.1480915058, 0.1060515624, 2733.1556, 2718.8889, 761.7350, 17.8375
2025-12-11 01:02:57, 0.0884569705, 0.0598321523, 0.1051562779, 0.1100930970, 2764.7308, 2795.0962, 760.5450, 17.7437
2025-12-11 01:03:03, 0.0856509804, 0.0643885703, 0.1201880822, 0.1033367077, 3062.6739, 2812.3478, 763.7100, 18.5714
2025-12-11 01:03:09, 0.0693987446, 0.0696435145, 0.0863773207, 0.0772612065, 2730.8529, 2669.6176, 763.1600, 19.5467
2025-12-11 01:03:15, 0.0962077536, 0.0774052483, 0.1106056717, 0.0928182284, 3060.3621, 2983.8276, 763.0300, 19.4533
2025-12-11 01:03:20, 0.0707016342, 0.0737031352, 0.1526210790, 0.1182364880, 2870.2083, 2801.7083, 764.6600, 18.7487
2025-12-11 01:03:26, 0.0947042436, 0.0968849018, 0.1419985628, 0.0811831029, 2845.1667, 2766.7593, 763.5800, 20.1597
2025-12-11 01:03:32, 0.0854710046, 0.0640739189, 0.1878617557, 0.1879127187, 2926.5000, 2956.7679, 763.9000, 19.4887
2025-12-11 01:03:38, 0.1066150410, 0.0775610220, 0.1696920510, 0.1244701484, 2762.7255, 2737.3137, 765.1950, 19.5624
2025-12-11 01:03:43, 0.1022601753, 0.0889705203, 0.0903432003, 0.0974763446, 2764.1071, 2867.1429, 763.0250, 18.4963
2025-12-11 01:03:49, 0.1201103064, 0.0787184273, 0.0891269222, 0.0906060230, 2910.6780, 2833.6441, 764.6950, 19.9613
2025-12-11 01:03:55, 0.1565192435, 0.0966819383, 0.1277999412, 0.1001015167, 2798.9216, 2788.2941, 765.9900, 18.3355
2025-12-11 01:04:01, 0.0872290773, 0.1034292685, 0.1098617332, 0.1193693925, 2870.6949, 2902.6441, 765.0650, 20.3691
2025-12-11 01:04:07, 0.1024736846, 0.0835410969, 0.1323906990, 0.1193727501, 2862.9767, 2756.8372, 761.7750, 21.0434
2025-12-11 01:04:13, 0.1311821489, 0.0913468517, 0.1239905792, 0.1235312428, 2748.6349, 2610.4127, 762.3250, 18.9729
2025-12-11 01:04:18, 0.1267717414, 0.1218805081, 0.1433188507, 0.1326951157, 3043.4286, 2947.8286, 762.3050, 19.1354
2025-12-11 01:04:24, 0.1112647384, 0.0923012605, 0.1113520275, 0.0894231562, 2910.7660, 2914.1702, 763.5250, 19.1091
2025-12-11 01:04:30, 0.1186426052, 0.1198823875, 0.1429475710, 0.1305178360, 2759.3019, 2784.3019, 761.6500, 18.0271
2025-12-11 01:04:36, 0.1093454267, 0.0935165735, 0.1142021941, 0.0989112919, 2742.9273, 2774.7091, 761.6650, 17.9299
2025-12-11 01:04:42, 0.1018950964, 0.0789366888, 0.0859576154, 0.0963379564, 2763.0185, 2681.0556, 764.2000, 19.0021
2025-12-11 01:04:47, 0.1119926323, 0.0752602356, 0.0933427714, 0.0709306270, 2640.1622, 2761.1892, 762.7000, 17.3666
2025-12-11 01:04:53, 0.1193792145, 0.0981029670, 0.1704118563, 0.1169748798, 3068.6102, 2887.9492, 763.0550, 18.3260
2025-12-11 01:04:59, 0.0824229140, 0.0738030020, 0.1347129893, 0.1258240391, 2991.4194, 3015.2903, 762.1250, 16.8330
2025-12-11 01:05:04, 0.0904920593, 0.0854618861, 0.1369290823, 0.1595725294, 2777.3611, 2794.6944, 764.3800, 17.8094
2025-12-11 01:05:10, 0.0860807731, 0.0640982706, 0.1917841071, 0.1679934196, 2864.1190, 2783.7143, 765.8300, 17.4643
2025-12-11 01:05:16, 0.0921354045, 0.0946869511, 0.1623547524, 0.1280987232, 3064.0545, 3034.4182, 765.5500, 19.1250
2025-12-11 01:05:22, 0.0855186959, 0.0733004722, 0.1257877857, 0.1440999579, 2955.1111, 2871.5370, 762.6600, 17.6302
2025-12-11 01:05:27, 0.0807509519, 0.0590180919, 0.0900067947, 0.1090508713, 2928.3585, 2919.8491, 763.3050, 19.7940
2025-12-11 01:05:33, 0.0959593911, 0.0778749831, 0.1022846202, 0.1244145171, 2617.1000, 2745.8400, 763.9050, 17.3129
2025-12-11 01:05:39, 0.0906750623, 0.0876905735, 0.1088270396, 0.1286602334, 2784.3922, 2865.2549, 760.1700, 18.0691
2025-12-11 01:05:44, 0.0973287111, 0.0880662479, 0.1265840763, 0.1488100423, 2555.4468, 2546.8298, 761.5300, 15.6802
2025-12-11 01:05:50, 0.0980210869, 0.1103475368, 0.1450508190, 0.1341572415, 2620.8462, 2712.6667, 760.9600, 16.8816
2025-12-11 01:05:56, 0.0946293625, 0.1101241563, 0.2211491820, 0.1887480035, 3009.3000, 3024.1800, 760.0300, 18.5739
2025-12-11 01:06:02, 0.0858047263, 0.0716156394, 0.1569749632, 0.1448147295, 3018.6170, 3124.5745, 761.9350, 17.6930
2025-12-11 01:06:07, 0.0855083281, 0.0942255364, 0.1226617274, 0.1051043287, 2842.8627, 2819.0000, 766.5750, 17.8234
2025-12-11 01:06:13, 0.0663631010, 0.0658185318, 0.1538829169, 0.1870291133, 2864.5577, 2975.3269, 765.3000, 17.7054
2025-12-11 01:06:19, 0.0731697371, 0.0661071781, 0.1337279846, 0.1418862501, 2888.4630, 2850.7963, 766.2100, 18.1669
2025-12-11 01:06:25, 0.0563742079, 0.0570343450, 0.1624720383, 0.1795396964, 2628.9811, 2684.4151, 765.0950, 19.0096
2025-12-11 01:06:31, 0.1021203824, 0.0745908878, 0.1762124800, 0.1598999871, 2915.8704, 2779.8704, 768.7850, 19.2382
2025-12-11 01:06:37, 0.0674588890, 0.0768591717, 0.1599747072, 0.1328553730, 3107.7059, 3082.7255, 765.9800, 20.7355
2025-12-11 01:06:42, 0.0691000964, 0.0554473997, 0.1723821629, 0.1501493587, 2566.2075, 2560.1698, 770.0550, 18.5538
2025-12-11 01:06:48, 0.1135591338, 0.0896570865, 0.2103589710, 0.2632265506, 2819.5278, 2927.8333, 769.0550, 19.3469
2025-12-11 01:06:54, 0.0881658877, 0.0696803541, 0.1860988638, 0.1739737895, 2902.8909, 2755.1091, 769.9950, 20.1659
2025-12-11 01:06:59, 0.0856446816, 0.0737143947, 0.1654106599, 0.1357134056, 2864.2162, 2794.7838, 767.0900, 20.1733
2025-12-11 01:07:05, 0.1100596103, 0.0979771616, 0.1891701339, 0.1524353297, 3236.6585, 3183.5366, 765.3300, 19.1841
2025-12-11 01:07:11, 0.0872146553, 0.0864753341, 0.2286792521, 0.2433794730, 2798.9796, 2739.1633, 766.5400, 20.4995
2025-12-11 01:07:17, 0.0731327445, 0.0715835582, 0.1896211044, 0.1935649124, 2673.0488, 2665.3171, 766.9000, 19.5005
2025-12-11 01:07:23, 0.0783759621, 0.0616514036, 0.1270511276, 0.1167984426, 2447.2292, 2464.3125, 769.5850, 19.0395
2025-12-11 01:07:28, 0.0907361568, 0.1294879960, 0.1027742532, 0.1109877032, 2654.5833, 2645.8958, 769.2950, 19.2335
2025-12-11 01:07:34, 0.0982137426, 0.0792597453, 0.1050998213, 0.1093190140, 2942.9200, 2988.9600, 766.8700, 16.7109
2025-12-11 01:07:40, 0.0651320632, 0.0724188133, 0.1535577534, 0.1073682813, 2983.9107, 2879.8214, 763.7250, 18.4905
2025-12-11 01:07:45, 0.0651460387, 0.0593559303, 0.0943465644, 0.0773349159, 2791.4915, 2793.9661, 761.8200, 16.4337
2025-12-11 01:07:51, 0.0663098276, 0.0764369968, 0.1139535691, 0.1279038469, 2976.1364, 3008.5909, 759.8350, 17.8249
2025-12-11 01:07:57, 0.0934553332, 0.0701294317, 0.1783483300, 0.1255853084, 3136.8182, 2961.9636, 762.4000, 16.9818
2025-12-11 01:08:02, 0.0574938778, 0.0625319136, 0.1073101776, 0.0945316252, 2748.6667, 2643.4737, 760.4850, 17.9246
2025-12-11 01:08:08, 0.0830747625, 0.0794269930, 0.1627532576, 0.1454464658, 2847.3778, 2857.9778, 758.4300, 17.7210
2025-12-11 01:08:14, 0.0746321012, 0.0688826116, 0.0808499017, 0.0924954497, 2754.1481, 2773.6481, 758.6300, 16.6151
2025-12-11 01:08:19, 0.0953817545, 0.0776866438, 0.1488349299, 0.1535594482, 2887.5161, 2823.3065, 759.2450, 18.0979
2025-12-11 01:08:25, 0.0789466306, 0.0606751686, 0.0732552091, 0.0780106553, 2781.1961, 2722.6667, 759.2150, 17.9624
2025-12-11 01:08:31, 0.0556847459, 0.0544783731, 0.0994013865, 0.0782976936, 3015.5072, 2828.0725, 757.7700, 18.4918
2025-12-11 01:08:37, 0.1136705637, 0.1010997758, 0.0807413054, 0.0700310100, 2808.6731, 2733.0385, 760.6850, 18.2057
2025-12-11 01:08:42, 0.1001228450, 0.0812518361, 0.1030339778, 0.0842561282, 2814.1250, 2785.0357, 759.5300, 17.7372
2025-12-11 01:08:48, 0.0705232073, 0.0609113934, 0.1156258663, 0.1059623187, 2879.8704, 2752.7222, 760.7100, 19.4537
2025-12-11 01:08:54, 0.0677458789, 0.0714586529, 0.1037407346, 0.0741339265, 2976.2182, 2859.0364, 760.6300, 16.3332
2025-12-11 01:08:59, 0.0647613960, 0.0776790609, 0.0561347224, 0.0626998628, 3100.8448, 2859.7759, 762.6600, 16.6603
2025-12-11 01:09:05, 0.0752297936, 0.0863793605, 0.0663578635, 0.0648599609, 2615.4355, 2590.8871, 759.5000, 18.6180
2025-12-11 01:09:11, 0.0795198967, 0.0716139480, 0.0775223905, 0.0737015861, 2969.4098, 2893.7049, 758.8600, 17.7561
2025-12-11 01:09:17, 0.0717236538, 0.0866267701, 0.1052563355, 0.0826513941, 3357.5893, 3279.9286, 761.2650, 18.7716
2025-12-11 01:09:22, 0.0754454409, 0.0708424031, 0.0638079686, 0.0505118858, 3106.3000, 2927.8600, 760.5700, 19.7207
2025-12-11 01:09:28, 0.0582410432, 0.0599303151, 0.0709421786, 0.0626299716, 2795.2174, 2705.9130, 757.4600, 18.4808
2025-12-11 01:09:34, 0.0847478539, 0.0760881003, 0.0933866721, 0.0790236468, 2960.5455, 2877.7273, 758.2800, 19.0555
2025-12-11 01:09:40, 0.0785836628, 0.0660681931, 0.0712152970, 0.0623420131, 2872.8246, 2781.7368, 760.6050, 18.5413
2025-12-11 01:09:45, 0.1369920666, 0.0730521869, 0.0711610607, 0.0569413044, 3112.4468, 2872.7447, 761.2250, 18.1867
2025-12-11 01:09:51, 0.0736727736, 0.0841304710, 0.1424888260, 0.1012030346, 2930.9474, 2813.1053, 761.8500, 18.2887
2025-12-11 01:09:57, 0.0506012664, 0.0451272259, 0.0824883368, 0.0739468596, 2973.5085, 2766.5085, 761.4150, 16.9515
2025-12-11 01:10:03, 0.0731410237, 0.0687126697, 0.1155653517, 0.0724715894, 3075.5333, 2798.9000, 759.6300, 18.3178
2025-12-11 01:10:08, 0.0763209918, 0.0776096016, 0.0572178135, 0.0584537146, 3019.3214, 2816.3929, 758.5550, 16.9846
2025-12-11 01:10:14, 0.0631337827, 0.0542724230, 0.0850133991, 0.0735758214, 3003.1864, 2914.5932, 759.2950, 18.4263
2025-12-11 01:10:20, 0.0638011322, 0.0533055831, 0.0722112623, 0.1006202344, 2860.6667, 2792.8750, 763.6550, 17.0981
2025-12-11 01:10:25, 0.0873653818, 0.0848072531, 0.0962727567, 0.0603827231, 2776.8070, 2658.4737, 760.4550, 19.1567
2025-12-11 01:10:35, 0.0915185168, 0.0879239509, 0.0396605953, 0.0426721766, 2698.5490, 2699.5294, 762.2750, 18.3975
2025-12-11 01:10:40, 0.1029991343, 0.0763470414, 0.0850831294, 0.0641703965, 3055.3529, 2982.1912, 761.4700, 18.1008
2025-12-11 01:10:46, 0.0786322457, 0.0852774427, 0.0507730277, 0.0438280280, 2801.5273, 2695.0364, 764.2850, 18.8046
2025-12-11 01:10:52, 0.0864098317, 0.0801390367, 0.0885313487, 0.0866054274, 2956.1136, 2919.9091, 762.9450, 18.1089
2025-12-11 01:10:57, 0.0879345735, 0.0765617216, 0.0830298750, 0.0701080118, 2992.2982, 2843.6842, 762.1250, 18.7555
2025-12-11 01:11:03, 0.0949402895, 0.0693504660, 0.0698506859, 0.0520921943, 2849.7429, 2758.2286, 762.5750, 18.9107
2025-12-11 01:11:09, 0.0805870235, 0.0718680876, 0.0630683106, 0.0752521791, 2761.9677, 2755.4355, 762.6850, 17.6937
2025-12-11 01:11:15, 0.0626799071, 0.0580128979, 0.0632318386, 0.0723272839, 2834.8732, 2686.9014, 764.2550, 19.0950
2025-12-11 01:11:21, 0.0705738057, 0.0655753611, 0.0796508569, 0.0628420098, 2938.7586, 2765.6207, 760.6400, 18.2631
2025-12-11 01:11:27, 0.0735331121, 0.0636259670, 0.0985866504, 0.0671927086, 2891.6909, 2789.1636, 760.8950, 19.2394
2025-12-11 01:11:32, 0.1121269360, 0.1029214921, 0.0799414261, 0.0671576900, 2810.5106, 2886.7234, 761.6000, 17.4674
2025-12-11 01:11:38, 0.0619383632, 0.0726199633, 0.1067076419, 0.0911614919, 2847.4340, 2969.1321, 760.4250, 18.9519
2025-12-11 01:11:44, 0.0892869062, 0.0630253160, 0.0643557582, 0.0769098522, 2811.2456, 2771.2105, 760.7250, 17.6508
2025-12-11 01:11:50, 0.0772768440, 0.0662910142, 0.0948504790, 0.1384044382, 2986.2609, 3003.5217, 763.3850, 18.3449
2025-12-11 01:11:55, 0.0684816836, 0.0870265429, 0.0524108809, 0.0569744660, 2821.3898, 2700.2881, 760.9950, 20.2019
2025-12-11 01:12:01, 0.1064554916, 0.0709201855, 0.0611991792, 0.0481984706, 2876.8750, 2708.4531, 764.8900, 18.3700
2025-12-11 01:12:07, 0.0892130848, 0.0614354032, 0.0764252858, 0.0493595462, 2856.7778, 2677.6190, 762.9350, 19.2320
2025-12-11 01:12:13, 0.0595323261, 0.0662576130, 0.0787330636, 0.0926898685, 2911.1905, 2827.9524, 762.7250, 19.2458
2025-12-11 01:12:18, 0.0691878559, 0.0785945061, 0.0482500374, 0.0581928415, 2834.8929, 2817.6429, 759.7150, 18.5460
2025-12-11 01:12:24, 0.0827403034, 0.0769352900, 0.0666162860, 0.0662799216, 2748.1915, 2734.6809, 759.0750, 20.7446
2025-12-11 01:12:30, 0.0815544602, 0.0781383633, 0.0610110848, 0.0682462006, 3003.9206, 2936.0317, 758.7850, 20.8966
2025-12-11 01:12:36, 0.0847528397, 0.0839130160, 0.0787774591, 0.0586351478, 3047.2812, 2887.2969, 758.3300, 17.3531
2025-12-11 01:12:42, 0.0501692064, 0.0558403054, 0.0921071817, 0.0589167526, 2966.9242, 2719.4091, 764.1950, 18.4675
2025-12-11 01:12:48, 0.1027464603, 0.0732433981, 0.0956311481, 0.1054026895, 2919.3059, 2893.9294, 758.4150, 18.1354
2025-12-11 01:12:53, 0.1114540294, 0.1090063769, 0.0837214773, 0.0708894927, 2912.4808, 2766.5577, 759.7700, 17.8974
2025-12-11 01:12:59, 0.1158531944, 0.0757468811, 0.0887262225, 0.0629291271, 2862.7273, 2746.7091, 756.4000, 18.4139
2025-12-11 01:13:06, 0.0632942253, 0.0602558449, 0.0540726433, 0.0551028643, 2870.4615, 2816.6769, 761.3000, 18.6164
2025-12-11 01:13:11, 0.1080975204, 0.0808958770, 0.0527408007, 0.0579810592, 2878.4643, 2772.7857, 760.8050, 18.7917
2025-12-11 01:13:17, 0.0849130185, 0.0789267313, 0.0696886712, 0.0626925332, 3019.5000, 2925.7703, 757.1700, 20.0716
2025-12-11 01:13:23, 0.1014216465, 0.0881742342, 0.0777218316, 0.0465117651, 3020.7593, 2902.0000, 760.3350, 19.3001
2025-12-11 01:13:28, 0.0921049711, 0.0894696351, 0.0881676493, 0.0840253606, 2850.4211, 2831.6579, 761.7150, 19.7655
2025-12-11 01:13:34, 0.0805182383, 0.0710895019, 0.0768103849, 0.0719318455, 2893.2923, 2795.2154, 759.6950, 19.0122
2025-12-11 01:13:40, 0.0780412093, 0.0739479008, 0.0635570699, 0.0589108328, 3073.4500, 2912.6333, 760.8750, 18.7256
2025-12-11 01:13:46, 0.0921354487, 0.1011137390, 0.0739003541, 0.0672436246, 3089.4179, 2931.2836, 760.5850, 18.0627
2025-12-11 01:13:52, 0.0910261269, 0.0774020248, 0.0669464433, 0.0597265632, 3089.0339, 2994.7627, 760.1800, 19.9245
2025-12-11 01:13:57, 0.0930911506, 0.0722305439, 0.0884577079, 0.0620332259, 3050.9630, 2922.3333, 759.9500, 19.9373
2025-12-11 01:14:03, 0.0623150161, 0.0600299792, 0.0720877018, 0.0643853699, 2875.8000, 2839.1200, 761.8450, 18.4483
2025-12-11 01:14:09, 0.1044070891, 0.0775992680, 0.0635441773, 0.0477890242, 2776.1429, 2748.9643, 758.9150, 19.1762
2025-12-11 01:14:15, 0.0594162999, 0.0553624660, 0.0914839349, 0.0713656693, 2997.2188, 2771.7188, 760.9250, 19.5722
2025-12-11 01:14:21, 0.0928694009, 0.0611001452, 0.0703740987, 0.0573975535, 3121.9245, 2975.1698, 766.6350, 20.2749
2025-12-11 01:14:26, 0.0963804714, 0.0663158487, 0.0780332559, 0.1155371103, 2873.5385, 2976.3269, 770.7300, 20.4606
2025-12-11 01:14:32, 0.0746334252, 0.0741854065, 0.0716106681, 0.0651927435, 2799.3833, 2659.0667, 766.6950, 22.2178
2025-12-11 01:14:37, 0.0723355081, 0.0704015240, 0.0623939073, 0.0552593599, 2912.3962, 2824.8113, 766.4900, 21.8488
2025-12-11 01:14:43, 0.0664097115, 0.0544000808, 0.0608009334, 0.0625231244, 2991.0333, 2816.1500, 768.7650, 21.3396
2025-12-11 01:14:49, 0.0655341502, 0.0511442375, 0.1162124996, 0.1296531870, 2959.9649, 2885.7368, 766.2700, 20.3206
2025-12-11 01:14:55, 0.0529454473, 0.0568323190, 0.0481902365, 0.0479105025, 2931.9500, 2842.2500, 766.2450, 20.2110
2025-12-11 01:15:00, 0.0860307388, 0.0756155515, 0.0631767746, 0.0576321220, 3171.3548, 2959.5806, 764.4000, 19.6896
2025-12-11 01:15:06, 0.0805111794, 0.0724569222, 0.0504114109, 0.0476125001, 2868.5000, 2732.1857, 763.0100, 20.9385
2025-12-11 01:15:12, 0.0667120277, 0.0635013712, 0.0788055873, 0.0830709666, 2931.4821, 2839.0000, 765.9100, 18.7548
2025-12-11 01:15:17, 0.0850166360, 0.0915363411, 0.0561545769, 0.0557975088, 2727.9825, 2655.0526, 765.8350, 22.0626
2025-12-11 01:15:23, 0.1088640363, 0.0795915669, 0.1031319999, 0.1060956108, 3019.0444, 3123.7333, 765.6450, 19.7780
2025-12-11 01:15:29, 0.0724745218, 0.0650365077, 0.0816027135, 0.0684517743, 2960.5231, 2856.2308, 764.8400, 20.2843
2025-12-11 01:15:34, 0.0717293936, 0.0671471481, 0.0557242451, 0.0532427006, 2972.5902, 2787.8852, 765.3000, 18.9705
2025-12-11 01:15:40, 0.0708048224, 0.0642180402, 0.0550661713, 0.0737899961, 2838.0492, 2779.3934, 763.9700, 20.4614
2025-12-11 01:15:46, 0.0684897120, 0.0598343243, 0.0636158381, 0.0440293468, 2810.5472, 2783.7736, 765.0700, 20.5843
2025-12-11 01:15:52, 0.0805318378, 0.0914801401, 0.0556600030, 0.0685309210, 2818.5862, 2837.5690, 768.3350, 19.3552
2025-12-11 01:15:58, 0.0780740164, 0.0590524596, 0.0956664378, 0.0727102974, 2854.2157, 2886.6275, 769.8600, 20.5419
2025-12-11 01:16:03, 0.1232385847, 0.0991430885, 0.1076493016, 0.0883150926, 3066.5068, 2908.8082, 767.4300, 21.8812
2025-12-11 01:16:09, 0.0643361547, 0.1002253943, 0.0821227242, 0.0713506991, 2872.2419, 2748.7258, 770.2300, 19.2322
2025-12-11 01:16:15, 0.0858732384, 0.0846568186, 0.0639286454, 0.0755897634, 2849.7000, 2794.2500, 767.3050, 17.9992
2025-12-11 01:16:20, 0.1058551772, 0.0619931117, 0.0647121258, 0.0573937785, 3142.1154, 2961.8846, 769.6300, 19.8669
2025-12-11 01:16:26, 0.0969048415, 0.0940316368, 0.0389233582, 0.0579657613, 2921.7222, 2766.5556, 767.7050, 18.6909
2025-12-11 01:16:32, 0.0940261539, 0.0775016299, 0.0608214065, 0.0845865107, 3002.4032, 2889.6129, 769.8200, 21.2186
2025-12-11 01:16:37, 0.0725612822, 0.0546780065, 0.0466999035, 0.0456558234, 2712.2708, 2649.9792, 764.9900, 19.8608
2025-12-11 01:16:43, 0.0669416804, 0.0535782221, 0.0681576144, 0.0684504513, 2851.6615, 2780.0154, 765.1850, 17.0027
2025-12-11 01:16:49, 0.1187217140, 0.0888420832, 0.0631579928, 0.0579326438, 2971.2182, 2867.2364, 765.8900, 20.4301
2025-12-11 01:16:55, 0.1047250446, 0.1044057163, 0.0661643930, 0.0472923013, 2771.0000, 2758.6939, 765.7150, 18.9616
2025-12-11 01:17:01, 0.1610740657, 0.1027691560, 0.0675989576, 0.0374695076, 3124.1026, 2915.5897, 764.6600, 19.7657
2025-12-11 01:17:07, 0.0877357333, 0.0708147730, 0.0635625583, 0.0678443017, 2930.7258, 2835.4677, 763.1900, 17.3990
2025-12-11 01:17:13, 0.0822844311, 0.0957611925, 0.1101941479, 0.0915497665, 2954.3556, 2916.1333, 764.9300, 18.3765
2025-12-11 01:17:18, 0.0883223921, 0.0836312367, 0.0866197697, 0.0770688224, 2948.5735, 2842.0882, 763.2400, 18.5195
2025-12-11 01:17:24, 0.1093948445, 0.1049085712, 0.0697520583, 0.0719783815, 2847.5667, 2718.8833, 765.5800, 18.9706
2025-12-11 01:17:30, 0.0970187329, 0.0828214343, 0.0533579854, 0.0516097977, 2688.7097, 2740.0968, 760.0800, 20.0891
2025-12-11 01:17:36, 0.0918300741, 0.0787089038, 0.0826174038, 0.0680172562, 3053.1636, 2959.0364, 762.9700, 18.5480
2025-12-11 01:17:42, 0.0874467133, 0.0747445093, 0.0886377872, 0.0717459571, 2781.3898, 2775.5085, 761.1550, 18.3959
2025-12-11 01:17:47, 0.0932488453, 0.1162182530, 0.0954681524, 0.0670532588, 2853.9048, 2788.6429, 760.8650, 17.2400
2025-12-11 01:17:53, 0.0858653579, 0.0611182932, 0.0642638165, 0.0462745548, 2686.5846, 2627.7846, 761.4550, 18.3825
2025-12-11 01:17:59, 0.0626686616, 0.0705906532, 0.0825629657, 0.0781605798, 2964.3860, 2795.2632, 762.0750, 18.3013
2025-12-11 01:18:05, 0.0966853376, 0.1094016031, 0.0710637810, 0.0996495435, 2829.1695, 2735.0678, 764.7450, 19.2057
2025-12-11 01:18:10, 0.0753665208, 0.0679837842, 0.0877528720, 0.0597278896, 3010.7619, 2809.0000, 762.9550, 17.6131
2025-12-11 01:18:16, 0.0625352534, 0.0690414109, 0.0654954637, 0.0632614871, 2951.9500, 2851.6667, 761.4700, 20.3605
2025-12-11 01:18:22, 0.1069949467, 0.1022018760, 0.0498378853, 0.0537295367, 2804.8806, 2657.3881, 761.8550, 20.8783
2025-12-11 01:18:28, 0.0833180894, 0.0580043318, 0.0813112513, 0.0710038601, 3008.9242, 2928.8485, 761.8650, 18.7103
2025-12-11 01:18:33, 0.1080851735, 0.0854431538, 0.0573011947, 0.0518373923, 2981.0656, 3027.4098, 763.5550, 18.4859
2025-12-11 01:18:39, 0.0657660256, 0.0577282591, 0.0538551438, 0.0560252354, 2882.4521, 2643.0000, 759.3750, 19.8488
2025-12-11 01:18:45, 0.0464332953, 0.0504353359, 0.0770594989, 0.0774119792, 3195.2958, 2976.5775, 761.0100, 21.4553
2025-12-11 01:18:50, 0.0858513892, 0.0541696860, 0.0699583127, 0.0498468905, 2837.2576, 2717.1212, 760.6350, 19.5367
2025-12-11 01:18:56, 0.0560904049, 0.0564406413, 0.0734230174, 0.1068120320, 2888.5172, 2717.5345, 764.8500, 20.7581
2025-12-11 01:19:02, 0.0383049716, 0.0472700861, 0.0976443483, 0.1067707452, 2983.2586, 2902.6034, 765.5600, 19.1172
2025-12-11 01:19:08, 0.0931215490, 0.0719058328, 0.0888386187, 0.0607676956, 2903.6935, 2837.8065, 765.0600, 19.5107
2025-12-11 01:19:13, 0.0583734901, 0.0567541222, 0.0794321809, 0.0784721916, 2874.9844, 2835.4062, 761.3850, 18.9163
2025-12-11 01:19:19, 0.0672932348, 0.0731120144, 0.0716720132, 0.0688414033, 2574.8776, 2649.4286, 763.8450, 19.4744
2025-12-11 01:19:25, 0.0665869615, 0.0594119005, 0.0611601283, 0.0525461117, 3071.0909, 2950.6909, 764.2650, 20.1696
2025-12-11 01:19:30, 0.0603290182, 0.0723437138, 0.0620664748, 0.0608008366, 2934.4375, 2796.6042, 763.9200, 19.9428
2025-12-11 01:19:36, 0.0493425077, 0.0492936125, 0.0738263085, 0.0532255657, 2772.6792, 2666.0943, 763.6700, 19.2013
2025-12-11 01:19:42, 0.0700993845, 0.0655837287, 0.0423183879, 0.0564168662, 2740.0727, 2784.2727, 759.0500, 19.0680
2025-12-11 01:19:48, 0.0739580227, 0.0718120958, 0.1090562754, 0.0862685752, 3037.7170, 2957.3962, 762.3750, 18.9461
2025-12-11 01:19:54, 0.0773684297, 0.0718545810, 0.0838870919, 0.0633744828, 2833.9778, 2731.6000, 764.5600, 17.8347
2025-12-11 01:19:59, 0.0641467694, 0.0716002060, 0.0674167809, 0.0525587573, 3035.9000, 2837.3800, 763.1100, 18.6799
2025-12-11 01:20:05, 0.0831663959, 0.0889830743, 0.0894967184, 0.0824166333, 2873.7925, 2793.3019, 763.1150, 19.1711
2025-12-11 01:20:11, 0.1195492972, 0.1015352181, 0.0701049774, 0.0602203028, 3089.9107, 2953.7321, 760.3900, 21.0881
2025-12-11 01:20:17, 0.0982198912, 0.0911044788, 0.0520135983, 0.0520789581, 2827.2500, 2837.4821, 761.2050, 18.9914
2025-12-11 01:20:23, 0.0719536893, 0.0809229631, 0.0586677561, 0.0813825919, 2902.4000, 2798.7273, 765.2650, 19.6139
2025-12-11 01:20:28, 0.1010950492, 0.1174939262, 0.0818392448, 0.0817830222, 2859.1774, 2852.1935, 763.4250, 17.6217
2025-12-11 01:20:34, 0.1314816824, 0.0961403753, 0.0684371556, 0.0749872915, 2666.5273, 2702.7273, 763.3050, 18.7166
2025-12-11 01:20:40, 0.0782232901, 0.0867684995, 0.0661380854, 0.0707776364, 2701.5085, 2745.3898, 762.9050, 18.5029
2025-12-11 01:20:45, 0.0760627763, 0.0910591496, 0.0653746363, 0.0672995053, 2761.2222, 2703.5370, 762.2400, 18.7503
2025-12-11 01:20:51, 0.1120290706, 0.0929763469, 0.0772155689, 0.0697180747, 2769.7910, 2642.8507, 761.8450, 20.8480
2025-12-11 01:20:57, 0.1131711858, 0.0866217073, 0.0604597149, 0.0586552951, 2858.5479, 2888.5616, 760.0250, 18.5382
2025-12-11 01:21:02, 0.1203510536, 0.1231502124, 0.0911666566, 0.1001191122, 2607.7742, 2633.3387, 761.2050, 19.4021
2025-12-11 01:21:08, 0.1017231467, 0.1151254798, 0.1051125453, 0.1038156835, 2869.7037, 2854.0926, 763.3250, 18.1234
2025-12-11 01:21:14, 0.1146904080, 0.1354483773, 0.0735403727, 0.0682535199, 2993.3725, 2882.4706, 758.7900, 18.1280
2025-12-11 01:21:20, 0.1280721028, 0.1069134039, 0.0985331042, 0.0899852771, 3017.1765, 3092.6275, 756.8250, 18.2613
2025-12-11 01:21:25, 0.1163260196, 0.0828328058, 0.0977220034, 0.1145496617, 2814.3509, 2824.0702, 759.5700, 17.8946
2025-12-11 01:21:31, 0.1276812184, 0.1018727525, 0.1175708775, 0.1182299300, 2977.2115, 3004.7308, 760.6400, 17.9441
2025-12-11 01:21:37, 0.1296395825, 0.1229020148, 0.1027505493, 0.0848713742, 3048.3250, 2969.6750, 762.3850, 17.9292
2025-12-11 01:21:42, 0.1380421508, 0.1566572189, 0.0838392723, 0.1037240558, 3022.7885, 3103.2115, 759.1700, 18.4962
2025-12-11 01:21:48, 0.0692105437, 0.0817390356, 0.0717784284, 0.0584141085, 2713.5000, 2638.9630, 760.2850, 19.5702
2025-12-11 01:21:54, 0.0656817807, 0.0730036639, 0.1076512620, 0.0769705087, 2950.3922, 2743.4510, 761.1700, 19.7581
2025-12-11 01:21:59, 0.0737291080, 0.0690715842, 0.0746298231, 0.0621225518, 2907.5600, 2715.1800, 760.7450, 18.6008
2025-12-11 01:22:05, 0.0642719703, 0.0888145461, 0.0799228164, 0.0826437241, 2841.3571, 2825.5000, 758.6150, 17.9549
2025-12-11 01:22:11, 0.0750191100, 0.0610413909, 0.0566810562, 0.0595537174, 2914.1569, 2940.3529, 760.8800, 17.2341
2025-12-11 01:22:17, 0.0834026068, 0.1181327523, 0.0981953517, 0.0974642790, 2740.6557, 2603.8525, 762.3850, 16.9937
2025-12-11 01:22:22, 0.0604853612, 0.0483294868, 0.0810106085, 0.0669774251, 2887.5439, 2765.9474, 760.4250, 18.8248
2025-12-11 01:22:28, 0.0834587859, 0.0886025392, 0.0442824224, 0.0630595447, 2747.4727, 2743.3273, 759.6250, 17.0345
2025-12-11 01:22:34, 0.1116355752, 0.0754423786, 0.1071123370, 0.0641185698, 3061.6545, 2946.1455, 757.7250, 18.5140
2025-12-11 01:22:40, 0.0940325997, 0.0498575717, 0.0765341136, 0.0912336171, 2619.3966, 2564.0690, 762.7750, 18.0739
2025-12-11 01:22:46, 0.0573081561, 0.0482546583, 0.0659284879, 0.0596767122, 3040.4464, 2899.1429, 758.5200, 18.6303
2025-12-11 01:22:51, 0.0535664534, 0.0585396614, 0.1157490498, 0.1111796723, 2956.3182, 2859.5909, 761.9250, 18.2485
2025-12-11 01:22:57, 0.0863309453, 0.0794431301, 0.1044668363, 0.1147060920, 2800.0517, 2703.7759, 761.8850, 18.6352
2025-12-11 01:23:03, 0.0643688144, 0.0607682503, 0.0650752639, 0.0583788132, 2910.1714, 2767.1857, 760.7050, 20.1948
2025-12-11 01:23:09, 0.0764993682, 0.0761900167, 0.0676073326, 0.0534150944, 2778.8036, 2731.7500, 759.1300, 15.7830
2025-12-11 01:23:15, 0.0755916831, 0.0953085809, 0.0873603410, 0.0744046121, 3006.1429, 2855.3810, 759.7450, 19.3512
2025-12-11 01:23:20, 0.0783375946, 0.0871618816, 0.1052349991, 0.0813279604, 2904.9273, 2829.2364, 766.3050, 17.4253
2025-12-11 01:23:26, 0.0883531131, 0.0842607207, 0.0762598141, 0.0685122020, 2925.2727, 2925.4697, 761.4000, 18.4532
2025-12-11 01:23:32, 0.0790707313, 0.0679070301, 0.0699951815, 0.1012482051, 2802.9474, 2729.1930, 766.0000, 19.7646
2025-12-11 01:23:37, 0.0555184457, 0.0743822860, 0.0816455665, 0.0972884652, 2926.3462, 2847.6154, 763.9450, 20.2376
2025-12-11 01:23:43, 0.0899964192, 0.0663092155, 0.0867184142, 0.0717817975, 2887.3175, 2845.7143, 768.6350, 18.8627
2025-12-11 01:23:49, 0.0495312225, 0.0421226063, 0.0759752755, 0.0744540381, 2897.5500, 2777.8000, 768.1250, 19.3344
2025-12-11 01:23:54, 0.0800825154, 0.0894670227, 0.0828082137, 0.0626683230, 2978.7581, 2835.1935, 764.8800, 19.5424
2025-12-11 01:24:00, 0.0609024130, 0.0684543939, 0.0765706799, 0.0668111238, 2936.0784, 2768.8824, 766.9950, 17.6197
2025-12-11 01:24:06, 0.0788196131, 0.0534050406, 0.0794892475, 0.0955046563, 2734.5634, 2741.6056, 768.2900, 17.9219
2025-12-11 01:24:12, 0.0608078381, 0.0665421051, 0.0900894635, 0.0838808210, 2818.6557, 2718.2787, 768.1350, 18.0196
2025-12-11 01:24:18, 0.0860280679, 0.0710823982, 0.0825061212, 0.0690609031, 2755.7414, 2655.3621, 768.1350, 17.4604
2025-12-11 01:24:23, 0.0825565680, 0.0807356083, 0.0446733189, 0.0497910804, 2838.7458, 2820.6780, 763.6900, 17.5372
2025-12-11 01:24:29, 0.0639743680, 0.0583924685, 0.0988869154, 0.0878414690, 3104.1186, 2992.1864, 763.4950, 19.6056
2025-12-11 01:24:34, 0.0754223604, 0.0812428928, 0.1394302230, 0.0735345735, 3079.7273, 2959.5091, 761.7800, 20.4861
2025-12-11 01:24:40, 0.0661451725, 0.0806843292, 0.1244120993, 0.0837757281, 2753.9318, 2576.2045, 762.8400, 18.6913
2025-12-11 01:24:46, 0.0755979171, 0.0555090165, 0.0909366544, 0.0879254303, 3066.1429, 2947.8929, 762.5200, 18.6078
2025-12-11 01:24:52, 0.1064473823, 0.0789165248, 0.0572571158, 0.0648385742, 2874.9600, 2888.6600, 764.7500, 19.9989
2025-12-11 01:24:57, 0.0770490567, 0.0655382035, 0.0919075230, 0.0793529972, 2989.3667, 2885.2000, 761.7900, 18.8092
2025-12-11 01:25:03, 0.0620827518, 0.0780069748, 0.0908194191, 0.0825871023, 3018.9365, 3029.9841, 761.2600, 18.3415
2025-12-11 01:25:09, 0.0661110846, 0.0604890794, 0.0772612851, 0.0887911647, 2918.0172, 2808.8793, 762.1350, 18.4574
2025-12-11 01:25:14, 0.0706223297, 0.0559640135, 0.0681539714, 0.0747168384, 2712.7544, 2727.3509, 759.0600, 18.9604
2025-12-11 01:25:20, 0.0647052722, 0.0722088595, 0.0934334248, 0.0880434507, 2746.9792, 2735.8542, 760.4150, 19.2107
2025-12-11 01:25:26, 0.0838482327, 0.0658822154, 0.0763070131, 0.0782674797, 2798.7846, 2750.9231, 760.7550, 20.3891
2025-12-11 01:25:32, 0.0649645901, 0.0640579732, 0.0637350338, 0.0633536568, 2789.0441, 2678.2206, 758.3950, 19.3538
2025-12-11 01:25:37, 0.0550673243, 0.0543940088, 0.0964755837, 0.0908138940, 3215.9592, 3224.4286, 758.7450, 18.3693
2025-12-11 01:25:43, 0.0457700780, 0.0409636168, 0.0853242680, 0.0661705057, 2952.5373, 2860.2537, 760.4750, 20.5652
2025-12-11 01:25:49, 0.0319957185, 0.0273056625, 0.0784505775, 0.0800030722, 2693.6562, 2569.8750, 759.8600, 17.5997
2025-12-11 01:25:55, 0.0522942194, 0.0509087880, 0.1097144531, 0.1606182800, 2994.3333, 3006.7018, 758.5800, 20.6028
2025-12-11 01:26:00, 0.0988156192, 0.0673724201, 0.0777388201, 0.0948808404, 2974.0794, 2998.6032, 760.1550, 20.7959
2025-12-11 01:26:06, 0.0736132039, 0.0765757943, 0.0870152860, 0.0834831193, 2991.4211, 2897.1404, 759.7550, 18.9907
2025-12-11 01:26:12, 0.0892419259, 0.0573456928, 0.0583891208, 0.0576865416, 2782.2456, 2756.7018, 760.5000, 19.8718
2025-12-11 01:26:17, 0.0926101461, 0.0931805058, 0.0781844084, 0.0821555959, 2902.2373, 2887.5593, 758.3600, 19.3111
2025-12-11 01:26:23, 0.0704640237, 0.0547858347, 0.0731319212, 0.0745731173, 2869.4231, 2775.2115, 759.1700, 17.0288
2025-12-11 01:26:29, 0.0609209303, 0.0752470051, 0.0962320323, 0.0827364425, 2879.9302, 2681.5581, 757.8250, 17.7151
2025-12-11 01:26:35, 0.0818817493, 0.0539362824, 0.0890177290, 0.1146183586, 2844.6735, 2842.1429, 754.2150, 17.5601
2025-12-11 01:26:41, 0.0604368422, 0.0571461022, 0.1133872347, 0.0959889833, 3002.8095, 2908.9524, 758.8250, 19.0353
2025-12-11 01:26:46, 0.0653040169, 0.0581463142, 0.0633832328, 0.0624132150, 2992.9057, 2962.1132, 754.5100, 18.0580
2025-12-11 01:26:52, 0.0856491849, 0.0776433771, 0.1168721130, 0.1096209728, 2777.4894, 2807.6170, 756.5300, 19.8872
2025-12-11 01:26:58, 0.0657357538, 0.0780251949, 0.0838290508, 0.0721570452, 2641.0667, 2563.1556, 759.1800, 19.4691
2025-12-11 01:27:04, 0.0831744979, 0.0842045426, 0.1018586982, 0.0944269494, 3144.5000, 2981.4800, 756.8800, 17.4263
2025-12-11 01:27:09, 0.0724880326, 0.0780428012, 0.0730942324, 0.0762846250, 2954.8148, 2902.1111, 760.4000, 19.4687
2025-12-11 01:27:15, 0.0879253483, 0.0658760888, 0.1167656363, 0.0982765838, 2847.7857, 2879.7679, 758.5900, 19.0872
2025-12-11 01:27:21, 0.0628055977, 0.0536245368, 0.0801285261, 0.0952225315, 2964.5185, 2842.2778, 759.2850, 17.6752
2025-12-11 01:27:27, 0.0706560433, 0.0587963277, 0.0780390620, 0.0694133898, 2931.7308, 2776.3269, 760.1950, 17.4298
2025-12-11 01:27:33, 0.1006465665, 0.0928087191, 0.0948335488, 0.0800666905, 2954.2745, 2815.0000, 762.4700, 17.3006
2025-12-11 01:27:39, 0.0842013721, 0.0936561806, 0.0744771152, 0.1059647849, 2908.0556, 2946.6389, 761.5350, 18.1281
2025-12-11 01:27:44, 0.0762549356, 0.0818259349, 0.0632900078, 0.0718217925, 2979.5192, 3010.7692, 759.3650, 19.2816
2025-12-11 01:27:50, 0.0673686689, 0.0627903655, 0.0987774663, 0.0674843170, 3071.8936, 2916.4255, 761.2900, 20.8494
2025-12-11 01:27:56, 0.0798783622, 0.0648492469, 0.0678554133, 0.0653065531, 2845.0000, 2797.8235, 759.8200, 18.6429
2025-12-11 01:28:01, 0.0967003787, 0.0725797671, 0.0501564084, 0.0788819899, 2809.4000, 2807.6889, 761.2100, 18.6573
2025-12-11 01:28:07, 0.0898740448, 0.0856602278, 0.0750027713, 0.0734555108, 2944.4889, 2951.5778, 759.4700, 17.9555
2025-12-11 01:28:13, 0.0956138240, 0.0958978151, 0.0812250872, 0.0834945729, 2899.9123, 2843.9123, 760.1000, 19.1455
2025-12-11 01:28:18, 0.1331849993, 0.0924127373, 0.0964055670, 0.0816411109, 2827.3810, 2720.1429, 763.0350, 16.8388
2025-12-11 01:28:24, 0.1327114845, 0.1064353004, 0.1019356793, 0.0732323927, 3155.7885, 3052.2885, 759.1000, 18.2784
2025-12-11 01:28:30, 0.0626880671, 0.0751179854, 0.0733594896, 0.0653491318, 2924.0517, 2812.5172, 758.4650, 18.7013
2025-12-11 01:28:35, 0.0888201476, 0.0855114337, 0.0853524918, 0.1162285743, 2970.1190, 2896.5714, 761.4650, 18.6633
2025-12-11 01:28:41, 0.1032530462, 0.1089540882, 0.0905000145, 0.0626255913, 2944.5000, 2776.0862, 761.3350, 19.3918
2025-12-11 01:28:47, 0.1121681984, 0.1101723456, 0.0613484667, 0.0596642317, 2938.4658, 2817.4384, 760.1450, 17.4964
2025-12-11 01:28:53, 0.1641550743, 0.1289076375, 0.0653202334, 0.0569241819, 2909.9623, 2816.2264, 760.9400, 18.3664
2025-12-11 01:28:58, 0.0816231395, 0.0679385574, 0.0508845402, 0.0551206162, 2918.0154, 2712.1846, 760.3000, 18.2628
2025-12-11 01:29:04, 0.0741966395, 0.0809378271, 0.0633445971, 0.0570001561, 2778.2727, 2745.0364, 759.2900, 17.3818
2025-12-11 01:29:10, 0.0564770224, 0.0656973854, 0.0483816580, 0.0500433144, 2858.1923, 2776.5192, 761.7050, 18.3635
2025-12-11 01:29:16, 0.1007370127, 0.0928982378, 0.0739847170, 0.0576336246, 2956.8302, 2831.9057, 760.1800, 18.3646
2025-12-11 01:29:22, 0.1041358173, 0.0771538586, 0.0757121272, 0.0907023093, 2928.2830, 2952.5094, 761.2100, 19.2983
2025-12-11 01:29:28, 0.1071961677, 0.0911399005, 0.0588154252, 0.0549368433, 3059.5806, 3091.4194, 762.8650, 17.5053
2025-12-11 01:29:34, 0.0714467608, 0.0746080071, 0.0771288512, 0.0639096393, 3263.6462, 3062.3538, 759.8800, 19.1321
2025-12-11 01:29:39, 0.0607861801, 0.0521296481, 0.0529777813, 0.0607086820, 2978.4912, 2880.8070, 763.8050, 19.3821
2025-12-11 01:29:45, 0.0507885994, 0.0492189873, 0.0539888738, 0.0555928002, 3056.7170, 2943.1321, 760.7300, 18.5051
2025-12-11 01:29:51, 0.1157711563, 0.1166124353, 0.0681211133, 0.0798838792, 2825.0566, 2799.8491, 762.1950, 16.9307
2025-12-11 01:29:56, 0.1041282748, 0.1094208832, 0.0777676183, 0.0894359762, 3039.4921, 2966.1429, 762.8400, 17.6396
2025-12-11 01:30:02, 0.0598283184, 0.0664326760, 0.1058301690, 0.0669940853, 3072.0000, 2828.9074, 762.5600, 20.5827
2025-12-11 01:30:08, 0.0619095443, 0.0627079315, 0.0812807943, 0.0749247005, 2966.9474, 2861.8947, 762.4150, 18.9624
2025-12-11 01:30:13, 0.1006772287, 0.0744717167, 0.1074848823, 0.0757750022, 2829.2143, 2762.5893, 759.9150, 18.8883
2025-12-11 01:30:19, 0.0970072566, 0.0963184849, 0.0833287715, 0.0715302305, 2846.9138, 2793.3793, 762.5150, 18.0216
2025-12-11 01:30:25, 0.0779386216, 0.0720180994, 0.0830151278, 0.0832051563, 2624.5600, 2605.6000, 763.8450, 18.5995
2025-12-11 01:30:31, 0.0766243243, 0.0585455825, 0.1006896673, 0.0572885017, 2799.5283, 2644.7358, 759.4550, 18.5701
2025-12-11 01:30:36, 0.0887364966, 0.0708954163, 0.0966331219, 0.1068926412, 2708.2273, 2719.4545, 758.8200, 17.7580
2025-12-11 01:30:42, 0.0952852600, 0.0818652770, 0.0893692623, 0.0834143606, 2760.1837, 2710.0204, 761.6150, 18.8345
2025-12-11 01:30:48, 0.0695241719, 0.0610606807, 0.0741474371, 0.0675247807, 2965.1961, 2903.8431, 759.1150, 19.1369
2025-12-11 01:30:54, 0.0512551404, 0.0433042491, 0.1128159500, 0.1115276782, 2950.1321, 2823.3208, 765.3050, 19.6105
2025-12-11 01:31:00, 0.0807095975, 0.0725941701, 0.0915562886, 0.0820113726, 2963.9322, 2897.5424, 766.2400, 18.3421
2025-12-11 01:31:06, 0.0633957569, 0.0626394995, 0.0679308052, 0.0682798446, 3064.7333, 2985.1167, 761.3250, 18.0629
2025-12-11 01:31:11, 0.0997552313, 0.0887590065, 0.0938792068, 0.0676276098, 2938.5614, 2779.5614, 765.4500, 18.9282
2025-12-11 01:31:17, 0.1019083580, 0.0963855046, 0.0860342126, 0.0577339217, 2966.9333, 2890.8833, 765.9300, 18.8137
2025-12-11 01:31:23, 0.0864313732, 0.0670368851, 0.0979539297, 0.1013098805, 2977.3387, 2887.0323, 762.4150, 19.2212
2025-12-11 01:31:28, 0.0724948946, 0.0820544753, 0.0927532490, 0.0747435702, 2920.1311, 2841.6885, 765.1800, 19.8698
2025-12-11 01:31:34, 0.0605239574, 0.0801804854, 0.0837511612, 0.0774360743, 3001.1132, 2856.3774, 764.6050, 18.5706
2025-12-11 01:31:40, 0.0599767290, 0.0731576505, 0.1100481697, 0.0911693736, 2812.0423, 2764.1972, 765.5000, 18.8521
2025-12-11 01:31:46, 0.0761697218, 0.0893409290, 0.0762168505, 0.0589157994, 2874.9286, 2857.4286, 765.7400, 17.6387
2025-12-11 01:31:51, 0.0677336987, 0.0722339694, 0.0530343436, 0.0467676094, 2790.7143, 2758.7143, 768.5800, 19.7784
2025-12-11 01:31:57, 0.0845493387, 0.0962274700, 0.0458800526, 0.0488422630, 2731.5918, 2741.8776, 764.2750, 19.8235
2025-12-11 01:32:03, 0.0681137353, 0.0617773227, 0.0747226040, 0.0800299558, 2768.5185, 2849.7222, 765.1200, 21.1368
2025-12-11 01:32:09, 0.0589330515, 0.0500317317, 0.0750170409, 0.0623335331, 2917.4464, 2769.0536, 765.0250, 19.7569
2025-12-11 01:32:14, 0.0513619465, 0.0721426181, 0.0809898868, 0.0833652057, 2888.8182, 2767.8909, 764.3150, 21.3770
2025-12-11 01:32:20, 0.0671631513, 0.0993873047, 0.0974421349, 0.0920370763, 2916.6400, 2878.8400, 760.4150, 18.2014
2025-12-11 01:32:26, 0.0930627331, 0.0819933875, 0.0826572077, 0.0712716612, 2726.1455, 2625.2727, 756.0600, 16.7307
2025-12-11 01:32:31, 0.0927992470, 0.0888799181, 0.1054578580, 0.1299179268, 2927.0800, 3003.6400, 757.1850, 18.9180
2025-12-11 01:32:37, 0.1141439499, 0.0969983610, 0.0753041450, 0.0590354866, 3095.7222, 2808.9074, 761.4250, 16.9848
2025-12-11 01:32:43, 0.1184115801, 0.1078748186, 0.1288358667, 0.1159211373, 3147.4203, 2955.1739, 753.1000, 19.1651
2025-12-11 01:32:49, 0.1021769491, 0.0947194926, 0.0758612391, 0.0829980275, 2921.8689, 2863.4590, 753.4600, 19.3935
2025-12-11 01:32:55, 0.1342762363, 0.1365609791, 0.0767995569, 0.0872780586, 2725.2549, 2734.3333, 756.3950, 18.1182
2025-12-11 01:33:00, 0.0959022140, 0.0885613380, 0.0637621166, 0.0563537332, 2935.6078, 2837.1961, 753.2150, 18.1204
2025-12-11 01:33:06, 0.0571460935, 0.0615121435, 0.0695849865, 0.0861591797, 3044.1724, 2919.0690, 755.0150, 18.1864
2025-12-11 01:33:12, 0.0866578415, 0.0681702370, 0.1200816866, 0.0964110377, 2914.8846, 2829.2115, 754.8750, 20.2726
2025-12-11 01:33:17, 0.1186416108, 0.1310399248, 0.1680464522, 0.1462950865, 3014.8043, 2992.5000, 757.4850, 16.8914
2025-12-11 01:33:24, 0.1240956834, 0.0795853435, 0.1301218395, 0.1120990780, 2714.8600, 2657.3200, 756.2450, 19.4768
2025-12-11 01:33:30, 0.0850805032, 0.0737099767, 0.1603358921, 0.1760065096, 2811.9138, 2704.3276, 757.0500, 18.6413
2025-12-11 01:33:35, 0.1020564912, 0.0951973568, 0.0743480894, 0.0744535392, 2605.9804, 2570.5686, 760.7550, 19.2275
2025-12-11 01:33:41, 0.1197420243, 0.1193287941, 0.0970463235, 0.0947537887, 2594.0408, 2692.5102, 758.0750, 18.8303
2025-12-11 01:33:47, 0.0857257254, 0.0831929513, 0.0911124701, 0.0772612056, 2997.4643, 2980.1429, 759.6400, 20.3128
2025-12-11 01:33:53, 0.0955035593, 0.1068081271, 0.0979887488, 0.0544205719, 2998.2439, 2753.1220, 757.4150, 17.2712
2025-12-11 01:33:59, 0.0917789019, 0.0789103296, 0.0749396423, 0.0800433374, 2834.5385, 2812.8462, 757.9650, 19.8246
2025-12-11 01:34:04, 0.0929311404, 0.0916696879, 0.0610890336, 0.0648108022, 2730.8776, 2554.7143, 759.0950, 18.3015
2025-12-11 01:34:10, 0.1474073517, 0.0949069022, 0.1023937951, 0.0822742905, 2830.2200, 2798.8400, 759.8250, 17.4572
2025-12-11 01:34:16, 0.0918382736, 0.1056445668, 0.0901824515, 0.0600245033, 2970.3830, 2896.9149, 758.2400, 17.4055
2025-12-11 01:34:21, 0.1080395901, 0.1027996217, 0.0631189625, 0.0601338905, 2984.5942, 2875.9420, 759.2900, 19.3658
2025-12-11 01:34:27, 0.1151227744, 0.1012106876, 0.0580214912, 0.0507799026, 3054.4894, 2919.1915, 757.8250, 18.6629
2025-12-11 01:34:33, 0.0793193968, 0.0710905212, 0.0802001909, 0.0650080825, 2959.9692, 2897.4462, 756.8350, 18.3896
2025-12-11 01:34:39, 0.0659107373, 0.0811583771, 0.1584978772, 0.1565643624, 3015.7818, 3031.6000, 760.3300, 18.2691
2025-12-11 01:34:45, 0.0827009782, 0.0769661538, 0.0748462879, 0.0653978617, 2960.6415, 2903.0943, 762.1750, 16.4668
2025-12-11 01:34:50, 0.1021387418, 0.1003670230, 0.0593570190, 0.0618451715, 2785.7556, 2841.4000, 759.5800, 18.1875
2025-12-11 01:34:56, 0.0965881547, 0.0680419737, 0.1195498837, 0.1031627064, 3083.4815, 3023.1852, 760.8850, 19.9750
2025-12-11 01:35:02, 0.0653704285, 0.0506829788, 0.1079522646, 0.1237634629, 2860.7755, 2729.3061, 759.8450, 18.6290
2025-12-11 01:35:07, 0.0729845606, 0.0587689006, 0.0976615966, 0.0934660963, 2894.9107, 2774.8393, 760.8650, 19.3553
2025-12-11 01:35:13, 0.0900498085, 0.0934175891, 0.0912382658, 0.0833252066, 2739.8571, 2773.1667, 755.4500, 17.1210
2025-12-11 01:35:19, 0.0974906759, 0.0610589762, 0.1031770476, 0.1087269637, 2982.9821, 2947.2143, 756.7550, 18.7370
2025-12-11 01:35:25, 0.0873343330, 0.1072407342, 0.1119166561, 0.0885585144, 2929.0889, 2802.3111, 755.8950, 18.6688
2025-12-11 01:35:30, 0.1043008869, 0.0927696260, 0.1753522741, 0.1135435672, 2805.4167, 2787.8750, 757.5450, 19.1400
2025-12-11 01:35:36, 0.0917801360, 0.1014539223, 0.0865302048, 0.0896763153, 2800.4048, 2769.8095, 759.3650, 19.2417
2025-12-11 01:35:42, 0.1093499398, 0.1140198434, 0.0964083163, 0.0663781847, 2913.4043, 2766.9574, 756.0600, 17.9966
2025-12-11 01:35:48, 0.1375258406, 0.1051428861, 0.0944572293, 0.0662508157, 2870.8519, 2711.6852, 757.0950, 19.2379
2025-12-11 01:35:54, 0.1503647146, 0.1119555636, 0.1539343110, 0.1275544460, 3062.1930, 2997.5263, 758.0500, 18.3858
2025-12-11 01:35:59, 0.1056844430, 0.0936095453, 0.1161629878, 0.1028545772, 3023.8889, 2947.1667, 758.1000, 21.4777
2025-12-11 01:36:05, 0.1005613107, 0.0933601410, 0.1523505966, 0.1515575255, 3059.3469, 2993.6939, 758.2900, 19.0417
2025-12-11 01:36:10, 0.0895014075, 0.0712562967, 0.0869761728, 0.0852923900, 2865.5102, 2755.7143, 756.8900, 19.4843
2025-12-11 01:36:16, 0.0679211677, 0.0519566645, 0.0957088538, 0.0970765949, 2777.5789, 2703.4211, 756.0200, 19.8746
2025-12-11 01:36:22, 0.0704346359, 0.0759722474, 0.0975946079, 0.0896143012, 2802.0317, 2741.3016, 757.5050, 20.7962
2025-12-11 01:36:28, 0.0957068921, 0.0835549856, 0.1115849614, 0.0954393930, 2631.6977, 2717.3488, 751.7650, 18.2839
2025-12-11 01:36:33, 0.0641007716, 0.0444851993, 0.1090937254, 0.1039762391, 2816.9636, 2812.2182, 754.7050, 19.1162
2025-12-11 01:36:39, 0.0522908186, 0.0505825912, 0.0763212502, 0.0789510017, 2988.1228, 2920.0351, 752.9150, 19.7959
2025-12-11 01:36:45, 0.0668877343, 0.0607225390, 0.0918069932, 0.1280846290, 2949.4789, 2864.4225, 754.0600, 19.4174
2025-12-11 01:36:50, 0.0681918082, 0.0659310031, 0.0636275448, 0.0703807599, 2826.7115, 2757.3077, 752.6400, 19.0798
2025-12-11 01:36:56, 0.0507732410, 0.0482332623, 0.1776036733, 0.1141296655, 2875.1961, 2758.0392, 751.7800, 19.3443
2025-12-11 01:37:02, 0.0847752008, 0.0699358321, 0.0810433156, 0.0936937848, 2862.8000, 2882.6308, 754.4950, 19.0531
2025-12-11 01:37:07, 0.1074187912, 0.1120169470, 0.1156040879, 0.0803336491, 2953.4889, 2853.7333, 756.8600, 19.6878
2025-12-11 01:37:13, 0.0991435938, 0.1064934313, 0.1090624315, 0.0959892866, 2735.9444, 2793.0556, 760.1850, 20.4223
2025-12-11 01:37:19, 0.0753045671, 0.0772601575, 0.0859268323, 0.0759364754, 3072.7647, 2858.7794, 759.4800, 18.8682
2025-12-11 01:37:24, 0.0835110211, 0.0764619155, 0.0993020561, 0.0669774474, 2698.5577, 2706.8654, 760.1950, 19.3919
2025-12-11 01:37:30, 0.1012518162, 0.0891005870, 0.0723747546, 0.0729244304, 3005.0615, 2964.5538, 754.2850, 19.6551
2025-12-11 01:37:36, 0.0895761259, 0.1033279806, 0.1075313555, 0.0891531267, 3012.1875, 2979.0208, 754.1000, 18.6258
2025-12-11 01:37:41, 0.0907993313, 0.0658214031, 0.1009612409, 0.0870499428, 2863.8462, 2864.9231, 759.3400, 19.1046
2025-12-11 01:37:47, 0.1014929160, 0.1028183858, 0.0850737019, 0.0749520717, 3012.2778, 2902.0000, 757.9500, 19.7610
2025-12-11 01:37:53, 0.0887593852, 0.0819519265, 0.0524790935, 0.0659610047, 2736.7288, 2636.1017, 756.4650, 17.4576
2025-12-11 01:37:59, 0.0943797322, 0.0739991253, 0.1249741506, 0.0812241686, 3006.5085, 2863.5593, 757.6600, 17.1748
2025-12-11 01:38:05, 0.1186004864, 0.0950883457, 0.1127498952, 0.0857882269, 2842.9783, 2772.0435, 755.7900, 18.4985
2025-12-11 01:38:10, 0.0942567328, 0.1005368191, 0.0985093712, 0.0914124982, 2984.2182, 2943.2182, 762.5050, 18.4507
2025-12-11 01:38:16, 0.1243691125, 0.1173014277, 0.0935829292, 0.0884788364, 3026.2549, 2900.1373, 761.8350, 18.7061
2025-12-11 01:38:22, 0.0452842592, 0.0623599060, 0.0912432270, 0.0692184943, 2886.7581, 2743.0161, 761.3200, 18.6959
2025-12-11 01:38:27, 0.0802968839, 0.1010724101, 0.0628251027, 0.0709243378, 2755.0877, 2847.4912, 769.6950, 19.6444
2025-12-11 01:38:33, 0.1005403327, 0.1078239195, 0.0876737632, 0.0519439010, 2950.3393, 2928.9107, 768.8950, 20.3854
2025-12-11 01:38:39, 0.1201742206, 0.0905086493, 0.0953848481, 0.0775372392, 2974.3393, 2927.7500, 767.1000, 18.1306
2025-12-11 01:38:45, 0.1326973741, 0.1065235937, 0.0622511482, 0.0521395074, 3085.3269, 3013.0962, 764.4400, 18.7562
2025-12-11 01:38:50, 0.0989578654, 0.0981644528, 0.0594733493, 0.0558427861, 2733.6034, 2595.7069, 763.7100, 17.4243
2025-12-11 01:38:56, 0.0971578281, 0.0878323136, 0.0491105543, 0.0438087482, 2903.7049, 2797.3115, 764.4300, 18.2906
2025-12-11 01:39:02, 0.0812382439, 0.0824684408, 0.0628998180, 0.0598470578, 2796.1071, 2781.1786, 763.3450, 19.3242
2025-12-11 01:39:08, 0.1350568649, 0.1119361801, 0.1102958730, 0.0813919910, 3151.2830, 3140.7170, 767.5400, 19.8829
2025-12-11 01:39:14, 0.0797496444, 0.0640014026, 0.0599462925, 0.0525605104, 2779.4314, 2667.3529, 763.3150, 18.0493
2025-12-11 01:39:19, 0.0656571614, 0.0748178385, 0.0955036587, 0.0732054335, 2822.9167, 2668.6667, 765.5350, 17.0085
2025-12-11 01:39:25, 0.1013539866, 0.0685180908, 0.0713245540, 0.0571183202, 2992.0333, 2873.4000, 765.2050, 16.9264
2025-12-11 01:39:31, 0.0989688058, 0.0962772705, 0.0483759365, 0.0468375431, 2886.2281, 2804.9298, 760.0400, 17.8448
2025-12-11 01:39:37, 0.0934647455, 0.0891107056, 0.0542973128, 0.0384991489, 3005.7857, 2899.8393, 763.6300, 18.9853
2025-12-11 01:39:42, 0.1313915989, 0.0938325996, 0.0488120862, 0.0513133802, 2826.1538, 2824.6154, 765.4550, 17.3959
2025-12-11 01:39:48, 0.1370392129, 0.1039951892, 0.0533310808, 0.0486884365, 2855.3171, 2616.7073, 763.4750, 18.0588
2025-12-11 01:39:53, 0.0902993904, 0.0983735106, 0.0468217364, 0.0483854820, 2815.7073, 2718.4878, 766.8250, 19.0319
2025-12-11 01:39:59, 0.0786493553, 0.0650708581, 0.0557188159, 0.0526034944, 2779.0508, 2865.8983, 763.7200, 18.7057
2025-12-11 01:40:05, 0.1197474069, 0.1157286304, 0.0562686975, 0.0655410985, 3075.4727, 2957.6000, 759.7000, 17.2244
2025-12-11 01:40:11, 0.1169601142, 0.0698017636, 0.0648638282, 0.0503917627, 2964.5714, 2780.7619, 759.5050, 17.1759
2025-12-11 01:40:17, 0.0855983448, 0.0568566821, 0.0722068385, 0.0502504277, 2745.4464, 2697.5179, 759.8750, 16.0652
2025-12-11 01:40:23, 0.0964379519, 0.1213827456, 0.0454131398, 0.0372061839, 2773.3889, 2743.8519, 760.3800, 17.3961
2025-12-11 01:40:28, 0.1183678793, 0.1053805234, 0.0589466423, 0.0364672740, 2924.7843, 2682.8039, 762.8600, 18.8521
2025-12-11 01:40:34, 0.0824398542, 0.0516473933, 0.0623130452, 0.0647892314, 2743.4386, 2728.7895, 762.2400, 19.3954
2025-12-11 01:40:40, 0.1058480879, 0.1024948829, 0.0904464904, 0.0834083292, 2936.7692, 2907.6154, 760.1300, 19.6258
2025-12-11 01:40:46, 0.1559341327, 0.1092541982, 0.0723102924, 0.0441308151, 2796.9286, 2703.7619, 759.9650, 18.9220
2025-12-11 01:40:52, 0.1660498743, 0.1322027401, 0.0384553831, 0.0347012071, 2930.8333, 2751.6111, 761.8500, 17.6175
2025-12-11 01:40:57, 0.1433822301, 0.1037441611, 0.0623221899, 0.0585158592, 3096.0167, 3004.6167, 762.3100, 18.5721
2025-12-11 01:41:03, 0.1282657110, 0.1062147774, 0.0682015697, 0.0479536353, 3040.1600, 2805.9200, 761.2950, 16.6916
2025-12-11 01:41:09, 0.1275104297, 0.1246785681, 0.0696471751, 0.0558152071, 3020.3913, 2949.1739, 763.4250, 19.0758
2025-12-11 01:41:15, 0.0994084532, 0.0719686241, 0.0492471023, 0.0446495266, 2936.3607, 2722.3934, 763.7000, 17.2035
2025-12-11 01:41:20, 0.0672714012, 0.0832259775, 0.0618749100, 0.0581310619, 2984.8070, 2906.9123, 762.4700, 18.6327
2025-12-11 01:41:26, 0.0580664875, 0.0560911125, 0.0596042133, 0.0573793723, 2852.5938, 2839.4844, 761.5500, 19.1046
2025-12-11 01:41:32, 0.0701529820, 0.0792325828, 0.0668515941, 0.0691024305, 2872.0000, 2808.7460, 760.2950, 17.9103
2025-12-11 01:41:37, 0.0710694271, 0.0517617519, 0.0770288211, 0.0686139372, 2680.1964, 2615.0893, 761.1500, 15.9200
2025-12-11 01:41:43, 0.0658942507, 0.0661660388, 0.0837731504, 0.0756647283, 2939.6727, 2821.6909, 761.7100, 16.8537
2025-12-11 01:41:49, 0.0976472010, 0.0768418753, 0.0855364858, 0.0470492388, 2986.5614, 2844.3158, 758.5900, 17.2123
2025-12-11 01:41:54, 0.1027883354, 0.1486947740, 0.0983587718, 0.0872653513, 3005.8667, 2977.6000, 761.0550, 18.2768
2025-12-11 01:42:00, 0.0953410519, 0.0795583027, 0.0544297840, 0.0629505203, 2890.2727, 2821.1667, 758.7400, 18.7321
2025-12-11 01:42:06, 0.0990477282, 0.0951487526, 0.0715727031, 0.0421721265, 2872.4265, 2830.4853, 757.7800, 17.4336
2025-12-11 01:42:12, 0.0897459603, 0.0974638684, 0.0625732512, 0.0561566172, 2774.5077, 2780.0000, 757.9550, 15.7849
2025-12-11 01:42:18, 0.0939123163, 0.0915911907, 0.0673261434, 0.0638967402, 2923.3556, 2849.3556, 766.2850, 18.7871
2025-12-11 01:42:23, 0.0887783146, 0.0885182027, 0.0530104808, 0.0483389652, 2967.9091, 2902.0909, 761.4050, 17.5414
2025-12-11 01:42:29, 0.0880703145, 0.0848055143, 0.0824213795, 0.0735163741, 2864.0000, 2813.3036, 762.7250, 16.9520
2025-12-11 01:42:34, 0.0873793158, 0.0985435877, 0.0642257712, 0.0494306298, 3124.5082, 3037.2295, 764.1850, 16.4636
2025-12-11 01:42:40, 0.1468087707, 0.1110526872, 0.0477397576, 0.0444260411, 3087.5490, 3112.9804, 763.5650, 18.5096
2025-12-11 01:42:46, 0.1158586561, 0.1359649944, 0.0760229558, 0.0568470536, 2892.3878, 2803.8776, 759.0600, 18.5800
2025-12-11 01:42:52, 0.1420288063, 0.1323068683, 0.0812660459, 0.0662070758, 2973.7353, 2912.6471, 761.7450, 19.0832
2025-12-11 01:42:57, 0.1311804278, 0.1054949086, 0.0850765940, 0.0993750918, 2945.7241, 2919.8966, 763.7800, 17.7927
2025-12-11 01:43:03, 0.0984779612, 0.0910666024, 0.0595435837, 0.0664992628, 2784.3103, 2808.8448, 761.3450, 16.3174
2025-12-11 01:43:09, 0.0654085682, 0.0621267559, 0.0553999923, 0.0575962529, 2901.9630, 2900.7963, 759.5950, 18.0072
2025-12-11 01:43:14, 0.0812787827, 0.0678823132, 0.0749695547, 0.0831514878, 2796.2553, 2800.4468, 762.0100, 18.2244
2025-12-11 01:43:20, 0.0606205815, 0.0710119802, 0.1098760721, 0.1117988976, 3213.2558, 3108.1860, 762.9000, 17.6170
2025-12-11 01:43:27, 0.0773185138, 0.0774708393, 0.1265797067, 0.1116768517, 3101.6909, 2951.2545, 761.7750, 18.5719
2025-12-11 01:43:32, 0.1059158962, 0.0920676193, 0.1382753046, 0.0956839946, 2923.7358, 2906.7358, 758.4800, 18.1397
2025-12-11 01:43:38, 0.1314599991, 0.0832723943, 0.1164237846, 0.1193927066, 2945.5556, 2993.7778, 760.6300, 20.6986
2025-12-11 01:43:44, 0.0966579236, 0.0997363331, 0.1003488490, 0.0756832355, 2872.3654, 2772.8462, 763.1600, 19.6011
2025-12-11 01:43:50, 0.0677517571, 0.0665135729, 0.0964676553, 0.0856590388, 2906.9385, 2763.7385, 764.0750, 20.9523
2025-12-11 01:43:55, 0.0818299838, 0.0953041174, 0.1121566494, 0.1078060101, 3046.2826, 3012.6957, 762.4850, 18.7387
2025-12-11 01:44:01, 0.0949537413, 0.0794071269, 0.0935614680, 0.0856219537, 3083.0000, 2990.8421, 761.4600, 21.6277
2025-12-11 01:44:07, 0.0761141036, 0.0751501576, 0.0700467229, 0.0682187198, 2982.2241, 2991.2414, 760.9200, 20.0268
2025-12-11 01:44:12, 0.0726065129, 0.0606407258, 0.1392578495, 0.1025453459, 2902.8846, 2873.2692, 762.4750, 21.1478
2025-12-11 01:44:18, 0.0888534196, 0.0800497872, 0.0841619421, 0.0841188828, 3118.0392, 3042.9608, 759.6000, 20.1879
2025-12-11 01:44:25, 0.1142240045, 0.1316913521, 0.0948601055, 0.0747403252, 2832.9483, 2810.8793, 760.3900, 21.7577
2025-12-11 01:44:31, 0.1575280759, 0.0909861625, 0.1014396214, 0.1138078965, 3019.4182, 2902.8000, 762.0850, 22.3199
2025-12-11 01:44:36, 0.0770934864, 0.0759236632, 0.0949388486, 0.0916723277, 2894.7818, 2825.1636, 758.1750, 21.2145
2025-12-11 01:44:42, 0.0697435250, 0.0704740320, 0.0776696834, 0.0718911635, 2869.1042, 2678.0208, 761.8750, 22.0034
2025-12-11 01:44:48, 0.0967155736, 0.1026522932, 0.0796934294, 0.1053543882, 3019.2414, 2969.5862, 763.7850, 24.0379
2025-12-11 01:44:53, 0.1348206838, 0.1068440776, 0.1517553530, 0.1552556364, 3173.1163, 2998.0465, 761.8550, 21.2067
2025-12-11 01:44:59, 0.0844204957, 0.0898124170, 0.0893705783, 0.0772366746, 3253.5208, 3091.3958, 766.5900, 22.2682
2025-12-11 01:45:05, 0.0760715925, 0.0950511039, 0.0767811492, 0.0634302614, 2954.4444, 2837.0556, 761.8700, 19.0891
2025-12-11 01:45:10, 0.1375496528, 0.0866513820, 0.1062008110, 0.0726720057, 2972.1132, 2918.7358, 764.1200, 22.0634
2025-12-11 01:45:16, 0.1247886878, 0.1063980833, 0.0955245883, 0.0750335595, 2944.9074, 2790.6667, 763.2750, 21.9050
2025-12-11 01:45:22, 0.0854739738, 0.0715653839, 0.1981647388, 0.1707274400, 2736.6042, 2781.0208, 764.2300, 20.5404
2025-12-11 01:45:28, 0.1323724120, 0.0900376430, 0.1054565117, 0.0903150249, 2915.6735, 2799.7551, 767.2950, 20.2980
2025-12-11 01:45:34, 0.1311635497, 0.1306695620, 0.2033470846, 0.2381567898, 2904.5238, 2891.6905, 763.3600, 20.7692
2025-12-11 01:45:39, 0.0813513855, 0.0734881444, 0.0674416242, 0.0788329305, 2919.5846, 2779.5846, 756.5650, 17.1364
2025-12-11 01:45:45, 0.0914895471, 0.0802586373, 0.1152740146, 0.1102177335, 2781.8182, 2629.3030, 762.1850, 18.2341
2025-12-11 01:45:51, 0.0782745007, 0.0748605349, 0.1452157723, 0.1425586885, 2936.4000, 2900.8364, 760.1500, 19.1840
2025-12-11 01:45:56, 0.1023257493, 0.0951662306, 0.0871468332, 0.0803227015, 2894.7959, 2945.4490, 757.7600, 19.0340
2025-12-11 01:46:02, 0.1184025670, 0.0887121543, 0.0899275290, 0.0690104088, 2982.0294, 3049.4706, 757.7300, 18.3654
2025-12-11 01:46:08, 0.1147231215, 0.0804449859, 0.0922547219, 0.0850648184, 2858.8387, 2735.8387, 762.3700, 17.2294
2025-12-11 01:46:13, 0.1269681610, 0.1087724509, 0.0895297229, 0.0937568014, 2673.4898, 2735.4490, 761.7350, 18.3555
2025-12-11 01:46:19, 0.1072532171, 0.0923430758, 0.0717747315, 0.0722784024, 2933.5102, 2894.6327, 759.8550, 18.2300
2025-12-11 01:46:25, 0.0801703536, 0.0817757209, 0.0761427240, 0.0704060136, 2952.2037, 2845.1481, 761.6850, 17.7036
2025-12-11 01:46:31, 0.0911957224, 0.0757068554, 0.0809492967, 0.0786845896, 2548.0625, 2542.2292, 757.8700, 18.9038
2025-12-11 01:46:36, 0.0887736534, 0.0862619403, 0.0819089381, 0.0721442687, 2797.0893, 2757.9643, 755.5400, 16.8341
2025-12-11 01:46:42, 0.0704193787, 0.0940418826, 0.0741765600, 0.0701247167, 2874.2830, 2786.9245, 756.1200, 17.9278
2025-12-11 01:46:48, 0.1086634394, 0.0930948690, 0.0455293197, 0.0542763564, 2939.3600, 2787.7000, 759.8650, 16.9277
2025-12-11 01:46:53, 0.0743006073, 0.0823101738, 0.0861281853, 0.0596437920, 2783.7627, 2724.5254, 759.0500, 18.0271
2025-12-11 01:46:59, 0.0944232290, 0.0893638216, 0.0971870501, 0.0914797683, 2921.0000, 2746.1481, 759.0200, 18.6413
2025-12-11 01:47:05, 0.0995845761, 0.0607593903, 0.1193000552, 0.1299152733, 3075.6786, 3099.5000, 756.2800, 17.6870
2025-12-11 01:47:11, 0.0714341231, 0.0773455662, 0.0855708904, 0.0609648016, 2752.4545, 2706.6061, 759.1700, 19.8084
2025-12-11 01:47:17, 0.0933561363, 0.1142202990, 0.0799436080, 0.0639430198, 2984.1346, 2785.6346, 759.1250, 17.0798
2025-12-11 01:47:22, 0.1130401046, 0.0982533458, 0.0922943995, 0.0860426107, 2768.7647, 2731.8824, 755.2800, 18.4765
2025-12-11 01:47:28, 0.1034918042, 0.1098605999, 0.0818926190, 0.0713250536, 2870.4286, 2841.4762, 758.7550, 17.1148
2025-12-11 01:47:34, 0.0860903193, 0.0769220804, 0.0950642552, 0.0887745019, 2890.5082, 2755.8197, 758.1350, 19.2340
2025-12-11 01:47:40, 0.0997963466, 0.0703729371, 0.0923593233, 0.0883615772, 2663.5200, 2717.1600, 755.7750, 16.8830
2025-12-11 01:47:46, 0.0969410427, 0.0909418998, 0.0857438203, 0.0856607424, 3021.4912, 2961.7193, 755.8850, 18.5527
2025-12-11 01:47:51, 0.1086160033, 0.1128777196, 0.1079434962, 0.0954213780, 2887.8214, 2883.4464, 755.7300, 18.6729
2025-12-11 01:47:57, 0.0877848518, 0.0875520384, 0.0802067689, 0.0519450060, 3081.1304, 3003.3478, 758.7100, 18.4053
2025-12-11 01:48:03, 0.0789296823, 0.0746344431, 0.1276541064, 0.0933428146, 3299.2712, 3227.2373, 756.3900, 18.3242
2025-12-11 01:48:09, 0.0857731267, 0.0966427330, 0.0812482915, 0.0804405379, 2835.0536, 2856.1429, 757.5450, 18.1953
2025-12-11 01:48:14, 0.1054221285, 0.0973351040, 0.1111442661, 0.1203183795, 2817.1579, 2791.6316, 756.4550, 17.6878
2025-12-11 01:48:20, 0.0803133836, 0.0857438662, 0.1093692446, 0.0639016361, 2873.4364, 2710.9091, 757.9150, 17.6646
2025-12-11 01:48:26, 0.1170446214, 0.1082098762, 0.0851353802, 0.0609712650, 2933.1167, 2813.7000, 758.9250, 17.4680
2025-12-11 01:48:32, 0.1327820209, 0.0855952939, 0.1099842407, 0.1236531366, 2857.4200, 2825.4200, 758.5650, 19.6445
2025-12-11 01:48:38, 0.0935709635, 0.0912749877, 0.1293905257, 0.1052038403, 2936.3148, 2847.3889, 757.9500, 17.5504
2025-12-11 01:48:44, 0.1073201374, 0.0856495143, 0.0668132591, 0.0644075107, 2999.7121, 2894.9242, 757.2350, 18.0585
2025-12-11 01:48:50, 0.0781952735, 0.0875409357, 0.1131563597, 0.0912502583, 2924.3409, 2839.0682, 755.3100, 18.6667
2025-12-11 01:48:55, 0.0802089165, 0.0810896816, 0.0991192312, 0.0813824366, 2979.1897, 2839.0517, 755.9450, 17.0570
2025-12-11 01:49:01, 0.1175590887, 0.0988188460, 0.0670470436, 0.0814285601, 3082.4783, 3076.5435, 757.9050, 18.1531
2025-12-11 01:49:07, 0.1456116378, 0.1407922865, 0.0693288668, 0.0935953634, 3007.5000, 3061.3929, 754.4750, 17.3985
2025-12-11 01:49:13, 0.1318156906, 0.1542696213, 0.0796466752, 0.0614617452, 2810.9508, 2746.2787, 754.8600, 18.1753
2025-12-11 01:49:18, 0.1121284646, 0.1136069804, 0.1273938627, 0.1137302076, 2921.2453, 2887.8302, 756.0850, 19.3077
2025-12-11 01:49:24, 0.1548404683, 0.0991138368, 0.1119152773, 0.0975422352, 3015.5510, 3098.4082, 754.5850, 18.7926
2025-12-11 01:49:30, 0.0998666600, 0.1121510841, 0.1160526865, 0.1433577011, 2929.5682, 2993.5455, 754.5200, 17.3286
2025-12-11 01:49:36, 0.1369118817, 0.1525306550, 0.1228474131, 0.1087542654, 3118.1739, 3083.9783, 756.2250, 18.8238
2025-12-11 01:49:41, 0.1635767295, 0.1335377644, 0.0893481543, 0.0767949591, 2844.1667, 2707.8958, 754.9000, 18.4778
2025-12-11 01:49:47, 0.1257165982, 0.1202877408, 0.0703751176, 0.0688977503, 2778.2955, 2778.7500, 754.0400, 17.6093
2025-12-11 01:49:53, 0.0806525317, 0.0739194912, 0.0702234889, 0.0578773411, 2970.2295, 2874.5082, 755.8700, 18.6422
2025-12-11 01:49:59, 0.1230876591, 0.1017006486, 0.0934490649, 0.0800455051, 2847.8333, 2810.3000, 761.7350, 18.6734
2025-12-11 01:50:04, 0.0774479297, 0.0707739417, 0.1114935507, 0.1091508067, 2869.9792, 2834.6250, 760.9450, 17.2688
2025-12-11 01:50:10, 0.0978358627, 0.0863648098, 0.1452368615, 0.1050729709, 2811.2593, 2829.1481, 765.8650, 18.6439
2025-12-11 01:50:16, 0.0850107244, 0.0955544241, 0.0773791703, 0.0605396505, 2913.3095, 2744.1667, 765.7700, 18.3242
2025-12-11 01:50:22, 0.1314643108, 0.1186612417, 0.1084005082, 0.0992917136, 2811.3000, 2910.9000, 765.1100, 18.4388
2025-12-11 01:50:27, 0.1444835888, 0.1022697799, 0.1040380337, 0.0840857387, 2841.5192, 2750.6346, 767.1150, 18.4462
2025-12-11 01:50:33, 0.0964630019, 0.1068461172, 0.0516314931, 0.0437632375, 2864.2653, 2772.8776, 765.1400, 17.0226
2025-12-11 01:50:39, 0.1440651319, 0.1077404480, 0.1012346494, 0.0795105288, 2922.9821, 2863.8036, 764.1750, 18.5039
2025-12-11 01:50:45, 0.1026822172, 0.1081466393, 0.1264041164, 0.1070506560, 2780.0870, 2745.5000, 768.3400, 15.6804
2025-12-11 01:50:51, 0.0918275982, 0.0774364845, 0.1189160291, 0.1202183472, 3061.3667, 2954.7000, 768.3600, 18.5930
2025-12-11 01:50:56, 0.1045377530, 0.0828540094, 0.1422741592, 0.0976919391, 2862.4423, 2853.9615, 765.0350, 17.9715
2025-12-11 01:51:02, 0.1148539363, 0.1136064124, 0.0904618903, 0.0683318485, 3139.6852, 3019.3148, 767.0050, 18.7170
2025-12-11 01:51:08, 0.1282457915, 0.1106745147, 0.0899088883, 0.0762119580, 2827.7895, 2771.6316, 765.0400, 18.5550
2025-12-11 01:51:13, 0.0977264642, 0.1134815710, 0.0722111410, 0.0778005517, 2788.6538, 2806.5577, 766.9500, 19.5002
2025-12-11 01:51:19, 0.0868346766, 0.0797020579, 0.1131071752, 0.0875678774, 2902.3673, 2811.4898, 765.2100, 17.2701
2025-12-11 01:51:25, 0.1135963238, 0.1173931675, 0.0858695190, 0.1013002502, 2834.6727, 2868.4000, 763.8800, 17.8999
2025-12-11 01:51:31, 0.1454728481, 0.1418356782, 0.0978260079, 0.1129869650, 2871.4375, 2792.2031, 762.8100, 19.5503
2025-12-11 01:51:36, 0.0969816797, 0.1211951633, 0.0782728976, 0.0678062201, 2813.9322, 2714.0847, 766.9100, 18.5925
2025-12-11 01:51:42, 0.1195240926, 0.0944833080, 0.0914978938, 0.0667483702, 2882.1061, 2859.2879, 765.1050, 17.7365
2025-12-11 01:51:48, 0.0773687215, 0.0640116418, 0.0822822770, 0.0891478409, 3037.2600, 2992.5000, 765.0950, 17.9180
2025-12-11 01:51:54, 0.0925586768, 0.0790025200, 0.1197199268, 0.1179955934, 3216.5532, 3029.0000, 768.2400, 17.7365
2025-12-11 01:52:00, 0.1144966634, 0.1187478669, 0.0518073783, 0.0512862964, 2800.2391, 2842.9130, 766.6950, 17.1494
2025-12-11 01:52:05, 0.1326978753, 0.1186214677, 0.0411951212, 0.0449872523, 2740.2162, 2800.4865, 765.1650, 19.3147
2025-12-11 01:52:11, 0.1334081374, 0.1120817793, 0.0689337367, 0.0817744219, 2805.5800, 2822.7000, 764.0150, 20.3297
2025-12-11 01:52:17, 0.1009212049, 0.0969588967, 0.0771837991, 0.0634207780, 2967.9322, 2841.7288, 764.5500, 18.6574
2025-12-11 01:52:22, 0.0925044849, 0.1007752798, 0.0844130199, 0.0581520981, 3034.4894, 2886.0638, 763.0950, 19.1603
2025-12-11 01:52:28, 0.1029773615, 0.0966795027, 0.0640153804, 0.0636017045, 2667.2982, 2681.4386, 764.7400, 17.4572
2025-12-11 01:52:33, 0.1554647349, 0.1323652040, 0.0852809386, 0.0875052473, 2853.2653, 2879.7755, 765.1950, 18.2490
2025-12-11 01:52:39, 0.1148285427, 0.1051095243, 0.0715011367, 0.1131763293, 2967.5283, 2947.6792, 763.5300, 19.9985
2025-12-11 01:52:45, 0.0759762665, 0.0668044706, 0.0803199784, 0.1191780824, 2967.2545, 2945.8364, 763.3300, 18.9521
2025-12-11 01:52:51, 0.1037575436, 0.1140216049, 0.1004344075, 0.0811728027, 2843.2273, 2871.8864, 765.4450, 20.4371
2025-12-11 01:52:57, 0.1354920021, 0.1223029931, 0.0667740886, 0.0801117606, 2852.3778, 2822.8889, 762.6900, 17.6461
2025-12-11 01:53:03, 0.1341706769, 0.1181788960, 0.0849354011, 0.0823684058, 2845.4510, 2974.3922, 762.6700, 19.3556
2025-12-11 01:53:08, 0.0694619710, 0.0578151505, 0.0843210342, 0.0582577613, 2941.2000, 2820.2000, 761.0900, 18.1296
2025-12-11 01:53:14, 0.0998665854, 0.0888319864, 0.1084302490, 0.0901151036, 2818.5500, 2805.8750, 761.6900, 17.6291
2025-12-11 01:53:20, 0.1326422281, 0.1015064786, 0.1001342008, 0.1173198545, 2882.8043, 3016.3043, 761.9850, 19.2053
2025-12-11 01:53:26, 0.1101262835, 0.1041065715, 0.0671594256, 0.0784313992, 2863.0000, 2888.7447, 764.5400, 18.0044
2025-12-11 01:53:32, 0.0807235828, 0.1014263747, 0.1032231880, 0.0871644017, 3039.2857, 2994.8163, 767.7800, 24.7045
2025-12-11 01:53:37, 0.1360059863, 0.1431736873, 0.0654982097, 0.0539546952, 2901.8772, 2806.2632, 767.5100, 23.4006
2025-12-11 01:53:43, 0.1263213163, 0.1752388132, 0.0746340007, 0.1011819392, 2902.2414, 2838.5862, 766.2800, 23.0061
2025-12-11 01:53:49, 0.1394886212, 0.1357183192, 0.0806248433, 0.0637218891, 2865.0208, 2913.3958, 766.7100, 25.5839
2025-12-11 01:53:54, 0.1069742224, 0.0763911747, 0.1366361010, 0.1028406623, 3016.3617, 3039.1915, 764.2900, 22.6604
2025-12-11 01:54:00, 0.1059860544, 0.1056552862, 0.0828952182, 0.0647693364, 2823.1132, 2755.3019, 768.0400, 25.3195
2025-12-11 01:54:06, 0.1288764619, 0.1042417209, 0.1433452428, 0.1544277837, 2722.2353, 2740.4118, 767.4450, 25.7274
2025-12-11 01:54:11, 0.1116419166, 0.0991471451, 0.0847522327, 0.0864857134, 2942.8654, 2868.9808, 763.6300, 24.9602
2025-12-11 01:54:17, 0.1170782979, 0.0965412449, 0.2166096286, 0.1565204686, 2993.2051, 2883.7179, 766.9550, 22.7117
2025-12-11 01:54:23, 0.1070861230, 0.0945632449, 0.2309607439, 0.1567179985, 2571.2895, 2465.1579, 765.8100, 25.5132
2025-12-11 01:54:28, 0.1322479424, 0.1034762052, 0.1968498519, 0.1979643785, 2531.5000, 2511.7500, 763.5600, 22.1388
2025-12-11 01:54:34, 0.1099143445, 0.0755088319, 0.1479538223, 0.1322933357, 2586.0196, 2607.3333, 765.3100, 24.0519
2025-12-11 01:54:40, 0.0785362807, 0.0840393233, 0.1267338062, 0.1403254822, 2616.7755, 2698.4082, 766.2500, 18.6566
2025-12-11 01:54:46, 0.0990433268, 0.0782280590, 0.2295746274, 0.1893859709, 2872.6061, 2810.5152, 764.0550, 19.3923
2025-12-11 01:54:52, 0.0795751496, 0.0603804802, 0.1501109690, 0.1294892378, 2764.0185, 2598.1296, 765.1800, 17.0991
2025-12-11 01:54:57, 0.0926630439, 0.0718645604, 0.1770303302, 0.1541356612, 2476.8500, 2446.8750, 766.6200, 18.4479
2025-12-11 01:55:03, 0.1289886545, 0.1013787388, 0.2116175961, 0.2069275322, 3169.9767, 3078.6977, 765.2800, 19.4065
2025-12-11 01:55:09, 0.1201075535, 0.0939137631, 0.0952531913, 0.0993379114, 2703.4151, 2758.1132, 763.3200, 18.1512
2025-12-11 01:55:14, 0.0895596395, 0.0758531153, 0.1322378100, 0.0759338249, 3028.3556, 2921.6000, 764.8850, 19.3964
2025-12-11 01:55:20, 0.1231574714, 0.0963635493, 0.0911450135, 0.0744312966, 2865.3469, 2779.8571, 763.1650, 18.4772
2025-12-11 01:55:26, 0.1024330443, 0.0981063016, 0.0960787329, 0.0771354853, 2766.8627, 2716.2353, 762.2950, 18.4350
2025-12-11 01:55:31, 0.1063625057, 0.1039534054, 0.0832944191, 0.0722812730, 2979.7222, 2919.8333, 764.2800, 18.1031
2025-12-11 01:55:37, 0.1479625045, 0.0964330829, 0.0863360966, 0.0868377528, 3069.2093, 3021.3023, 766.1100, 17.8868
2025-12-11 01:55:43, 0.0862793541, 0.1111095613, 0.1049254116, 0.0996609609, 3121.0426, 3201.7234, 766.7150, 20.3274
2025-12-11 01:55:48, 0.1339127094, 0.1051434414, 0.0778360840, 0.0617364747, 2693.0185, 2654.0370, 765.3750, 19.6760
2025-12-11 01:55:54, 0.0743994603, 0.0818288952, 0.1248192913, 0.1043330430, 2868.8302, 2854.5472, 764.1750, 17.2051
2025-12-11 01:56:00, 0.0927358786, 0.0779726008, 0.0534965972, 0.0361079662, 2929.2167, 2763.6500, 760.4400, 19.4460
2025-12-11 01:56:06, 0.1053484179, 0.1081634087, 0.0580436467, 0.0571609907, 2988.1296, 2879.2593, 762.8150, 18.4432
2025-12-11 01:56:12, 0.1401760044, 0.1304276171, 0.0600487612, 0.0630609502, 2700.0678, 2678.0169, 763.6350, 17.1272
2025-12-11 01:56:18, 0.1028016960, 0.0975658061, 0.1275936276, 0.1164327602, 3130.3333, 2978.1190, 761.2800, 19.2219
2025-12-11 01:56:24, 0.1334094996, 0.1514256925, 0.0665650575, 0.0689891973, 3007.3864, 2928.7045, 761.1350, 18.4880
2025-12-11 01:56:29, 0.1192255301, 0.1076490888, 0.0645830654, 0.0783421926, 2921.2097, 2888.2903, 758.7350, 17.9601
2025-12-11 01:56:35, 0.1048134598, 0.0847109089, 0.0756853951, 0.0867462975, 2763.6885, 2775.8361, 758.8800, 18.9701
2025-12-11 01:56:41, 0.1512398735, 0.0993375363, 0.0876431444, 0.1079079901, 2766.0962, 2802.2885, 758.0950, 16.8877
2025-12-11 01:56:46, 0.0884020353, 0.1042715079, 0.0515857603, 0.0595259636, 2871.2857, 2819.1429, 763.2350, 19.7540
2025-12-11 01:56:52, 0.1317051422, 0.1136361215, 0.0783511880, 0.0564812994, 2756.4364, 2667.7636, 759.7000, 18.7918
2025-12-11 01:56:59, 0.0963566075, 0.0990806783, 0.0493626088, 0.0468057154, 2913.4909, 2752.0000, 760.2650, 17.8987
2025-12-11 01:57:04, 0.1058250242, 0.1101051635, 0.0565157642, 0.0624417504, 2798.4151, 2746.2264, 759.9650, 19.0684
2025-12-11 01:57:10, 0.1575941270, 0.1091405710, 0.0649237791, 0.0645616925, 2912.6222, 2948.2000, 760.3300, 19.0675
2025-12-11 01:57:16, 0.1477363950, 0.1238395401, 0.0740974363, 0.0771943826, 2993.5208, 2956.1667, 760.4900, 18.5906
2025-12-11 01:57:21, 0.0666335707, 0.0684888104, 0.0812806053, 0.0645417315, 3129.4844, 2954.8281, 760.0200, 19.2977
2025-12-11 01:57:27, 0.0959719704, 0.1003113194, 0.1030125137, 0.0662212441, 2816.0408, 2805.9796, 760.9550, 16.9093
2025-12-11 01:57:33, 0.1951211783, 0.1312591067, 0.0664362300, 0.0685231342, 3082.7843, 3086.0196, 767.4800, 18.7467
2025-12-11 01:57:39, 0.1184921368, 0.0812235929, 0.0637326362, 0.0568535259, 2939.9403, 2920.8657, 766.1600, 21.1756
2025-12-11 01:57:44, 0.1352432192, 0.0997199269, 0.0625764441, 0.0625642606, 3011.2979, 2987.0851, 769.3850, 18.7328
2025-12-11 01:57:50, 0.1032909841, 0.1042342185, 0.1038785366, 0.0725995534, 3019.9464, 2933.6250, 769.4150, 21.0766
2025-12-11 01:57:56, 0.0799507616, 0.1084616398, 0.1541108018, 0.1366853767, 3159.0517, 3161.7241, 764.4750, 17.4946
2025-12-11 01:58:02, 0.1089417326, 0.0814544793, 0.1344556777, 0.1647122106, 2753.4314, 2726.4314, 764.3300, 18.1767
2025-12-11 01:58:07, 0.0770053708, 0.0956226727, 0.0822861816, 0.0999823819, 3332.3830, 3138.0426, 765.2000, 19.9932
2025-12-11 01:58:13, 0.1205378387, 0.1113160210, 0.0919364200, 0.1122953581, 2739.9855, 2713.8116, 762.5700, 17.5364
2025-12-11 01:58:19, 0.1419549674, 0.1038624772, 0.0796636458, 0.0681332139, 3122.6667, 3020.0926, 764.4300, 17.6523
2025-12-11 01:58:24, 0.1325617502, 0.1089737972, 0.0928806247, 0.0660130967, 2892.5102, 2882.7959, 765.3350, 17.6429
2025-12-11 01:58:30, 0.1263511550, 0.1097977258, 0.0657785569, 0.0717990720, 2882.6596, 2948.7872, 763.4050, 17.5784
2025-12-11 01:58:36, 0.1175998094, 0.0968945212, 0.0753524895, 0.0626383025, 2842.7234, 2841.5532, 762.9800, 17.9310
2025-12-11 01:58:42, 0.0955493306, 0.1158195193, 0.1858902442, 0.1735329459, 3083.0667, 3025.0222, 763.7200, 18.7582
2025-12-11 01:58:47, 0.1428540915, 0.1096607500, 0.0939012528, 0.1031890653, 2958.9592, 2970.9796, 765.8250, 18.3868
2025-12-11 01:58:53, 0.1051424529, 0.0945148227, 0.1504272152, 0.0968713476, 2866.2653, 2874.3469, 764.2450, 19.4683
2025-12-11 01:58:59, 0.1597956404, 0.0977339353, 0.1060304359, 0.0821327847, 2883.8913, 2810.8478, 764.2550, 17.6210
2025-12-11 01:59:05, 0.0893034148, 0.0682650616, 0.0979125516, 0.0910572187, 2793.6047, 2769.9302, 766.4300, 18.1170
2025-12-11 01:59:11, 0.1165226130, 0.1148304144, 0.0687921920, 0.0717028526, 2627.0545, 2623.5273, 767.1000, 16.6829
2025-12-11 01:59:17, 0.1332114476, 0.0880485103, 0.1066715397, 0.0915979331, 2821.6154, 2862.0769, 765.7850, 17.9775
2025-12-11 01:59:23, 0.0865922993, 0.0798690508, 0.0794382803, 0.0767357834, 2657.5135, 2639.1351, 764.5400, 18.5132
2025-12-11 01:59:28, 0.1862955764, 0.1361060033, 0.0885250798, 0.0660181931, 2973.7400, 2931.7000, 765.3650, 18.8232
2025-12-11 01:59:34, 0.1150147911, 0.0867759286, 0.1193542939, 0.1005119276, 2796.3125, 2771.0000, 767.4900, 19.7276
2025-12-11 01:59:40, 0.1546054068, 0.1211681199, 0.1147242243, 0.1301659210, 3104.5510, 2975.1020, 766.8750, 17.0610
2025-12-11 01:59:46, 0.1486441205, 0.1712613902, 0.1148060035, 0.1223988304, 2765.2642, 2760.1698, 764.8700, 17.6219
2025-12-11 01:59:52, 0.1410255652, 0.1352317057, 0.0907768324, 0.0596647914, 3183.8846, 3144.6731, 767.1400, 18.1975
2025-12-11 01:59:57, 0.1160813550, 0.1177514116, 0.0728838673, 0.0823319045, 2927.2045, 2820.7045, 764.6550, 18.1779
2025-12-11 02:00:03, 0.1385095962, 0.0751461461, 0.1035392227, 0.0684470331, 3032.2105, 2834.6316, 764.9100, 17.3292
2025-12-11 02:00:10, 0.1184102358, 0.0873372870, 0.0758587178, 0.0640018758, 2809.7959, 2727.1429, 764.7250, 18.5752
2025-12-11 02:00:15, 0.1338772725, 0.0937971801, 0.0759999379, 0.0995469779, 2864.5588, 2850.6471, 762.3950, 18.1744
2025-12-11 02:00:21, 0.1449133829, 0.1117068541, 0.0788898219, 0.0702918848, 2943.7838, 2951.8919, 762.5400, 18.4843
2025-12-11 02:00:27, 0.1087303464, 0.1279887221, 0.1400159321, 0.1366237754, 3100.1471, 3168.5882, 764.0400, 19.0018
2025-12-11 02:00:32, 0.1147188559, 0.1285203060, 0.0961684289, 0.0941502470, 2719.9583, 2729.2292, 764.0450, 18.8553
2025-12-11 02:00:38, 0.1228969532, 0.1206887127, 0.0941838453, 0.0654387836, 2896.9825, 2789.7368, 762.3600, 18.3033
2025-12-11 02:00:44, 0.1151042771, 0.1046633359, 0.0925245712, 0.0636306471, 2877.6364, 2783.1818, 763.9950, 17.4753
2025-12-11 02:00:50, 0.1168254044, 0.1349539791, 0.0658881275, 0.0653014402, 2869.1429, 2900.1837, 762.0050, 17.6886
2025-12-11 02:00:55, 0.0508565031, 0.0724067620, 0.0989622688, 0.1125970984, 3013.7719, 3017.8070, 764.8350, 17.5795
2025-12-11 02:01:01, 0.1059744155, 0.0912738270, 0.0491125887, 0.0475490456, 2661.8478, 2563.6304, 764.1450, 17.6103
2025-12-11 02:01:07, 0.0826814047, 0.0898291979, 0.1187182419, 0.0898726632, 3266.6154, 3165.4615, 763.6400, 17.5867
2025-12-11 02:01:13, 0.1086932212, 0.1392380545, 0.0698674433, 0.0639334142, 2764.2439, 2733.9268, 765.9650, 16.2642
2025-12-11 02:01:18, 0.1224689552, 0.1115141045, 0.0872720179, 0.0706584647, 2966.6494, 2829.6753, 763.6950, 17.9313
2025-12-11 02:01:24, 0.1351840317, 0.1124514548, 0.0814130952, 0.0677534774, 2850.4255, 2785.2766, 765.1600, 18.9213
2025-12-11 02:01:30, 0.0975366282, 0.0910667884, 0.1113260682, 0.0885068361, 3038.1346, 2906.8846, 764.9850, 19.1999
2025-12-11 02:01:35, 0.0746072142, 0.0618289124, 0.0857345160, 0.0724638460, 2939.5854, 2813.4146, 765.4200, 19.2123
2025-12-11 02:01:41, 0.1236730084, 0.0842109461, 0.0967267830, 0.0721706632, 3003.0000, 2867.2083, 762.0700, 19.2118
2025-12-11 02:01:47, 0.0929043377, 0.0803528249, 0.0783535630, 0.0885262093, 2782.1017, 2823.4915, 759.5800, 19.6393
2025-12-11 02:01:53, 0.0928520639, 0.0914573666, 0.1004080900, 0.1114615241, 2807.5814, 2854.2558, 758.2800, 18.4703
2025-12-11 02:01:59, 0.1030682125, 0.0964971219, 0.0924273151, 0.0732677540, 2855.4561, 2827.2982, 757.9600, 19.7691
2025-12-11 02:02:05, 0.1062685783, 0.1208679944, 0.0804017621, 0.0803599745, 3117.3000, 3100.9800, 757.3750, 19.6938
2025-12-11 02:02:10, 0.1765228527, 0.1604562773, 0.0909308101, 0.0959451256, 2859.1600, 2849.8600, 758.4550, 18.8899
2025-12-11 02:02:17, 0.2080104517, 0.1571378981, 0.0851419198, 0.0637074953, 2789.5094, 2797.1509, 761.4450, 18.7842
2025-12-11 02:02:22, 0.1401117834, 0.1184988659, 0.1122133414, 0.1495737133, 2988.8200, 2983.2400, 759.9250, 18.9386
2025-12-11 02:02:28, 0.1449225485, 0.1105859106, 0.1321266403, 0.0949162337, 2933.5000, 2858.7200, 758.9100, 18.5914
2025-12-11 02:02:34, 0.1256969135, 0.1078614370, 0.0912502412, 0.0986784267, 2881.1404, 2856.5088, 759.9300, 19.2934
2025-12-11 02:02:39, 0.1296611654, 0.0998719716, 0.0614780086, 0.0617256774, 3187.0000, 2982.4091, 760.3750, 18.1911
2025-12-11 02:02:45, 0.1284486398, 0.0945444922, 0.0970302383, 0.0941304144, 2819.5238, 2782.8413, 759.4300, 19.5789
2025-12-11 02:02:51, 0.0944938805, 0.0752432397, 0.0801287744, 0.0745778363, 2760.1667, 2811.3333, 760.0750, 18.6236
2025-12-11 02:02:57, 0.0729901495, 0.0701129108, 0.1412814567, 0.1333804594, 2893.7736, 2874.7547, 760.7450, 18.9066
2025-12-11 02:03:03, 0.0851850222, 0.0978957879, 0.0810585378, 0.1038825096, 2501.7073, 2585.6585, 760.8700, 17.7345
2025-12-11 02:03:08, 0.0988876351, 0.1102416857, 0.0720342799, 0.0629042265, 2979.9200, 2856.0800, 758.4300, 18.9527
2025-12-11 02:03:14, 0.1007573514, 0.0835794335, 0.0742349629, 0.0729909433, 2719.8462, 2646.7692, 760.4800, 18.5682
2025-12-11 02:03:20, 0.0798001744, 0.0961827741, 0.1066774220, 0.0827948221, 3110.7778, 2926.6222, 759.5150, 18.1983
2025-12-11 02:03:25, 0.1198685505, 0.1096744276, 0.1610637449, 0.1052681997, 3299.0286, 3160.6857, 759.3650, 18.3323
2025-12-11 02:03:31, 0.1314009631, 0.1514144059, 0.1208132000, 0.1194076471, 3138.0638, 3263.0213, 758.0500, 19.6918
2025-12-11 02:03:37, 0.1607784076, 0.1042052870, 0.0790698590, 0.0647185882, 2770.9655, 2729.8793, 756.9900, 20.5677
2025-12-11 02:03:42, 0.1168046406, 0.1227970655, 0.1030702224, 0.0953340692, 2759.1167, 2839.0000, 758.6400, 18.7976
2025-12-11 02:03:48, 0.0650720028, 0.0687467734, 0.0840336074, 0.0637380873, 2762.7551, 2708.7755, 758.3750, 18.6846
2025-12-11 02:03:54, 0.1139294875, 0.0933410651, 0.0786497320, 0.0655381997, 2726.8600, 2830.8200, 757.7800, 17.6389
2025-12-11 02:04:00, 0.1520800968, 0.1401038672, 0.0571985788, 0.0702076360, 3074.2830, 3251.0189, 758.5150, 18.3224
2025-12-11 02:04:05, 0.1007997662, 0.0791326362, 0.1290497332, 0.1104318588, 2785.6379, 2840.7241, 758.2700, 17.5162
2025-12-11 02:04:11, 0.1071901982, 0.0865916571, 0.0922639190, 0.0915274187, 2687.8421, 2642.3421, 757.5250, 19.8758
2025-12-11 02:04:17, 0.0936579670, 0.0847246894, 0.0982464205, 0.0785208400, 2879.2759, 2780.7586, 760.1700, 18.9484
2025-12-11 02:04:23, 0.1238530885, 0.0965857935, 0.0735297721, 0.0645274024, 2878.7561, 2920.2927, 761.9400, 16.7035
2025-12-11 02:04:28, 0.1450321243, 0.0971264558, 0.0765305781, 0.0859332169, 2964.6078, 2955.1373, 759.0400, 17.5948
2025-12-11 02:04:34, 0.1051145417, 0.1160728729, 0.0811063280, 0.0935480374, 2845.7826, 2804.2826, 757.6100, 17.8417
2025-12-11 02:04:40, 0.1244911920, 0.0799098659, 0.1022305067, 0.0905281505, 2736.7143, 2735.5918, 757.2700, 17.8532
2025-12-11 02:04:46, 0.0918417520, 0.0778660038, 0.0910503171, 0.0672824104, 2865.0147, 2836.1912, 755.9450, 18.3938
2025-12-11 02:04:51, 0.1419576495, 0.1584166655, 0.0637367970, 0.0706509769, 2790.5641, 2848.6923, 758.8000, 17.2087
2025-12-11 02:04:57, 0.1201571569, 0.1369331231, 0.1206856443, 0.0839994359, 2909.3673, 2810.0816, 756.7950, 19.7581
2025-12-11 02:05:03, 0.1163724828, 0.0967276113, 0.0798370492, 0.0671057755, 2799.5000, 2892.5192, 758.4700, 17.5257
2025-12-11 02:05:09, 0.0665577603, 0.0800441811, 0.1059864967, 0.1051762026, 2943.0811, 2804.0270, 763.6200, 17.1294
2025-12-11 02:05:14, 0.1100471652, 0.1098744055, 0.1141029495, 0.1355910542, 2942.9636, 3068.8000, 755.6700, 16.3958
2025-12-11 02:05:20, 0.1549013198, 0.1161775315, 0.1483454652, 0.1372945943, 3098.3617, 3026.1489, 762.9450, 16.9314
2025-12-11 02:05:26, 0.0997300509, 0.0886301478, 0.0598224591, 0.0643076671, 2621.4035, 2630.5439, 763.7800, 16.3750
2025-12-11 02:05:32, 0.1251372147, 0.1083288647, 0.1352845566, 0.1430165799, 2986.0000, 2999.1698, 761.0950, 17.6843
2025-12-11 02:05:38, 0.1046472209, 0.1072614898, 0.0736720699, 0.0720565954, 3094.8545, 2922.0545, 765.1300, 18.9355
2025-12-11 02:05:43, 0.1035202038, 0.1018006793, 0.1013824487, 0.0842082460, 2720.4103, 2689.3333, 762.0950, 19.7139
2025-12-11 02:05:49, 0.0742408937, 0.0609363577, 0.0742136689, 0.0681201945, 3243.9512, 3138.6098, 761.2750, 17.9432
2025-12-11 02:05:55, 0.1250917089, 0.1032423882, 0.1217580065, 0.1370983289, 2850.2381, 2930.1429, 763.3450, 19.7286
2025-12-11 02:06:00, 0.0886992722, 0.1112528843, 0.1845119225, 0.1424009723, 2873.4750, 2842.2500, 763.3700, 17.8990
2025-12-11 02:06:06, 0.0759724064, 0.0738973286, 0.1274266609, 0.1265400392, 2834.9286, 2780.9821, 763.7350, 19.2944
2025-12-11 02:06:12, 0.0795707172, 0.0790871222, 0.0891289262, 0.1157892319, 2719.8800, 2776.0000, 764.8900, 18.2499
2025-12-11 02:06:17, 0.0862892922, 0.0877232030, 0.1068048084, 0.0908614452, 2661.2593, 2628.9074, 761.7200, 18.6527
2025-12-11 02:06:23, 0.1172774355, 0.1372388157, 0.1372267047, 0.1270001490, 2959.1163, 3175.6279, 761.4400, 18.4607
2025-12-11 02:06:29, 0.1014386395, 0.0806059176, 0.0810034992, 0.0880114670, 3060.5472, 2931.8113, 761.8600, 20.0933
2025-12-11 02:06:34, 0.1064685419, 0.1159435401, 0.0997179757, 0.0954169841, 2959.0556, 2945.0000, 760.9750, 17.6752
2025-12-11 02:06:40, 0.1304257053, 0.0997575487, 0.1194536192, 0.0941329609, 2894.5932, 2839.2712, 763.2850, 21.0465
2025-12-11 02:06:46, 0.1263994124, 0.1165135444, 0.1134498716, 0.1173643514, 3085.0800, 3012.5200, 761.8700, 20.6672
2025-12-11 02:06:51, 0.1291866690, 0.1297764381, 0.1041349462, 0.1128915729, 3167.9070, 3151.9535, 761.7850, 17.3124
2025-12-11 02:06:57, 0.1115416965, 0.0765428120, 0.1139321258, 0.1056847666, 2929.7727, 2874.0455, 762.6900, 19.9996
2025-12-11 02:07:03, 0.0865198856, 0.0793799902, 0.0867358342, 0.0673871003, 2754.8136, 2750.3559, 763.1200, 18.9951
2025-12-11 02:07:08, 0.1050097068, 0.1238137573, 0.1061704642, 0.1136298535, 2740.8537, 2687.2439, 760.7050, 18.5288
2025-12-11 02:07:14, 0.0955486713, 0.1087485214, 0.1651682083, 0.0957504171, 2853.9714, 2845.2286, 757.8000, 19.2463
2025-12-11 02:07:20, 0.1123726147, 0.1056344722, 0.0837964355, 0.0641985660, 2855.3488, 2781.1860, 756.8300, 19.0867
2025-12-11 02:07:25, 0.1791588084, 0.1738880006, 0.1333655994, 0.1218063990, 3152.3519, 3156.2778, 756.3100, 18.0672
2025-12-11 02:07:31, 0.1568188179, 0.1260462585, 0.1131966379, 0.0943554402, 3042.6275, 2921.9804, 753.3400, 18.5414
2025-12-11 02:07:37, 0.2025657207, 0.1271862769, 0.1134443069, 0.1033510170, 2854.5814, 2778.9070, 755.7650, 16.8226
2025-12-11 02:07:43, 0.1390662479, 0.1166782915, 0.1102308117, 0.0885784665, 2803.7872, 2805.6809, 754.9000, 17.9844
2025-12-11 02:07:48, 0.1273107225, 0.0956562308, 0.1318523213, 0.1147871277, 2929.5476, 2951.3333, 756.6950, 17.9282
2025-12-11 02:07:55, 0.1043361094, 0.1171536854, 0.1082117523, 0.1088466145, 2944.4237, 2825.4576, 758.0550, 17.5762
2025-12-11 02:08:00, 0.1430609890, 0.1062090144, 0.0682773581, 0.0650506170, 2892.9130, 2923.2609, 755.0200, 19.1504
2025-12-11 02:08:06, 0.0931591873, 0.1046265535, 0.0611131158, 0.0596698962, 3134.3256, 3171.7907, 754.7550, 18.3179
2025-12-11 02:08:12, 0.1135162691, 0.1025180519, 0.0752470565, 0.1187983456, 3033.5385, 3062.1346, 756.3200, 19.4120
2025-12-11 02:08:17, 0.1382347349, 0.0977275105, 0.1301937846, 0.0829926471, 2813.2200, 2677.7400, 754.7250, 19.3832
2025-12-11 02:08:23, 0.0795687072, 0.0835177249, 0.0721660278, 0.0554664598, 3200.7857, 3126.0714, 757.6900, 16.8983
2025-12-11 02:08:29, 0.0881926638, 0.0819412559, 0.0841993389, 0.0975875356, 2990.6607, 2972.2321, 753.4850, 19.1614
2025-12-11 02:08:35, 0.1233494540, 0.0894866323, 0.0696867577, 0.0653948540, 2794.4750, 2832.7750, 757.9000, 15.9922
2025-12-11 02:08:41, 0.0840898121, 0.0873940974, 0.1419587536, 0.0922926914, 3016.5102, 2857.1837, 757.5000, 17.5872
2025-12-11 02:08:47, 0.1559977433, 0.1456641372, 0.0762767866, 0.0693511897, 2978.1552, 2979.6724, 757.1050, 19.1545
2025-12-11 02:08:52, 0.1386594613, 0.1309767739, 0.0913396662, 0.0609798451, 3161.5854, 3054.4146, 755.2950, 17.3890
2025-12-11 02:08:58, 0.0856549412, 0.0914708822, 0.1807932871, 0.1587299228, 2802.7556, 2767.9333, 755.1850, 17.9950
2025-12-11 02:09:04, 0.0895080282, 0.0825393062, 0.1058343345, 0.0781179948, 2993.4928, 3036.8551, 754.7500, 16.9734
2025-12-11 02:09:09, 0.1083468161, 0.1021939261, 0.0912105183, 0.0798321037, 2830.0244, 2884.1707, 758.1450, 18.3628
2025-12-11 02:09:15, 0.1071732644, 0.1034757570, 0.1024577950, 0.1130033334, 2786.9167, 2868.9444, 760.9100, 17.0341
2025-12-11 02:09:21, 0.1332635908, 0.1020731367, 0.1206943294, 0.0960001799, 2882.0930, 2847.2558, 758.2750, 17.4247
2025-12-11 02:09:27, 0.1234267951, 0.1326523057, 0.0716372254, 0.0742363529, 2769.0000, 2786.0851, 761.7400, 19.0668
2025-12-11 02:09:33, 0.0833497960, 0.1226814675, 0.1136961396, 0.0948351829, 2868.2766, 2879.0213, 761.5950, 17.9274
2025-12-11 02:09:39, 0.2083629088, 0.1428224656, 0.1351825005, 0.1215647774, 3149.4884, 3065.2326, 761.6100, 17.9343
2025-12-11 02:09:44, 0.1548198626, 0.1738789601, 0.0860233207, 0.0739539094, 3003.6667, 2948.3333, 763.1750, 16.2593
2025-12-11 02:09:50, 0.1070530200, 0.1131977059, 0.0792751224, 0.0789906337, 2771.9623, 2779.0755, 759.9100, 17.7984
2025-12-11 02:09:56, 0.0984220098, 0.0888454396, 0.0604929601, 0.0700070981, 2667.6379, 2595.5345, 759.2700, 18.9981
2025-12-11 02:10:02, 0.1397829760, 0.1329637188, 0.0842871245, 0.0725522468, 2755.1429, 2759.4464, 758.2550, 19.4954
2025-12-11 02:10:07, 0.1281882500, 0.1298929809, 0.0992559923, 0.0848997497, 3026.7234, 3025.1277, 758.2250, 16.9878
2025-12-11 02:10:13, 0.0799007014, 0.0823440620, 0.0995504620, 0.0724379802, 2794.1475, 2817.8852, 760.3350, 17.6681
2025-12-11 02:10:18, 0.0899320680, 0.1191863566, 0.1120613199, 0.0822078200, 2665.5778, 2713.4889, 762.0100, 18.7920
2025-12-11 02:10:24, 0.1491871930, 0.1245503265, 0.0567506358, 0.0485279647, 3151.6491, 3066.1404, 759.3450, 18.0811
2025-12-11 02:10:30, 0.0820096743, 0.0600935271, 0.0899578447, 0.0779942124, 2936.6200, 2962.4400, 759.6050, 21.3782
2025-12-11 02:10:35, 0.1128905658, 0.1176626351, 0.0961761141, 0.1008170080, 2652.0962, 2706.1346, 758.9850, 18.7087
2025-12-11 02:10:41, 0.1298835973, 0.1146529092, 0.0868916194, 0.0723581134, 3110.9615, 2944.2885, 761.2000, 17.9126
2025-12-11 02:10:47, 0.1134097947, 0.1118654546, 0.0913952538, 0.1077639307, 2846.9348, 2994.2174, 758.0150, 18.0124
2025-12-11 02:10:53, 0.1035590819, 0.0971615386, 0.0749200958, 0.0662603461, 2971.4167, 2956.1833, 759.4850, 18.6129
2025-12-11 02:10:58, 0.1042600223, 0.1111874869, 0.0793678240, 0.0945273999, 3029.6667, 3067.0185, 760.0500, 18.9493
2025-12-11 02:11:04, 0.1584345961, 0.1371078295, 0.0887276330, 0.0700044855, 2869.5179, 2898.0179, 757.9850, 19.6409
2025-12-11 02:11:10, 0.1033150503, 0.1069167302, 0.0770594403, 0.0748534451, 2937.9615, 2948.3846, 758.3950, 19.1251
2025-12-11 02:11:16, 0.1657987447, 0.1318101371, 0.0818459728, 0.0856804723, 3163.8525, 3067.8033, 759.0650, 18.5187
2025-12-11 02:11:21, 0.1078266997, 0.0936148218, 0.0645314484, 0.0743970783, 2725.4615, 2717.3462, 757.8600, 20.4238
2025-12-11 02:11:27, 0.1591576384, 0.1150954177, 0.0629313925, 0.0610224132, 2753.4062, 2811.6406, 757.1800, 19.9308
2025-12-11 02:11:33, 0.1362697212, 0.1579505687, 0.0608141063, 0.0550059947, 3028.8596, 2917.3509, 758.5500, 19.1535
2025-12-11 02:11:39, 0.1145816575, 0.1119425006, 0.0512771488, 0.0589294487, 3006.1905, 2782.9841, 760.0650, 19.5313
2025-12-11 02:11:44, 0.1051121464, 0.1235360514, 0.0611384583, 0.0575940274, 2980.3265, 2923.8571, 757.7700, 17.4876
2025-12-11 02:11:50, 0.1388517415, 0.1072141336, 0.0709249293, 0.0835056103, 2948.1884, 2886.8551, 759.6650, 19.7039
2025-12-11 02:11:56, 0.0726913136, 0.0925249816, 0.0608865422, 0.0442754053, 3100.6429, 3063.3393, 757.0850, 18.2638
2025-12-11 02:12:02, 0.1446442251, 0.1005030058, 0.0424825461, 0.0425842095, 2956.6739, 2805.2174, 757.1000, 18.6716
2025-12-11 02:12:08, 0.1497475653, 0.1259146379, 0.0643756435, 0.0730085581, 2860.7069, 2804.0000, 753.9800, 17.9547
2025-12-11 02:12:13, 0.1461466689, 0.1178703328, 0.0639301948, 0.0748396331, 2936.4634, 2939.7561, 757.2400, 17.3310
2025-12-11 02:12:19, 0.1899738696, 0.1264459607, 0.0658304250, 0.0563636088, 2989.6957, 2860.8261, 755.3750, 20.3604
2025-12-11 02:12:24, 0.1543121496, 0.1514999977, 0.0528499127, 0.0704547206, 2828.6731, 2812.3846, 757.2650, 18.2659
2025-12-11 02:12:30, 0.1358976197, 0.1362257045, 0.1511261275, 0.0856998970, 2977.3800, 2867.6600, 753.8150, 18.5535
2025-12-11 02:12:36, 0.1151024820, 0.0984759153, 0.0956537458, 0.1063335567, 2865.2963, 2969.4444, 754.9500, 17.8924
2025-12-11 02:12:42, 0.1434505965, 0.0982347038, 0.0784136260, 0.0543577852, 2936.4545, 2881.4545, 757.2700, 18.6252
2025-12-11 02:12:48, 0.1051601454, 0.0868698051, 0.0452959880, 0.0434745739, 2828.7959, 2833.5306, 756.3050, 18.4068
2025-12-11 02:12:54, 0.1422240618, 0.1036744303, 0.0579195841, 0.0587541920, 2850.0556, 2830.2963, 761.2200, 16.5744
2025-12-11 02:12:59, 0.1209262671, 0.1114266515, 0.0593751761, 0.0572358747, 2900.3571, 2924.0714, 757.2550, 17.9811
2025-12-11 02:13:05, 0.1183939114, 0.0814764506, 0.0659649053, 0.0604397209, 3162.7097, 2887.2258, 757.4350, 18.1220
2025-12-11 02:13:11, 0.0998186579, 0.0915143592, 0.0595398891, 0.0672475324, 2830.3934, 2767.6230, 760.0000, 18.0264
2025-12-11 02:13:17, 0.1557005443, 0.1837801912, 0.0815220059, 0.0717459998, 2662.8846, 2613.0769, 759.6850, 18.1198
2025-12-11 02:13:23, 0.2082086448, 0.1592929972, 0.0543633151, 0.0423965446, 3159.5926, 3113.1852, 759.3700, 17.3483
2025-12-11 02:13:28, 0.1314890399, 0.1229114942, 0.0675009450, 0.0453623533, 2801.9756, 2785.9024, 761.8450, 17.0088
2025-12-11 02:13:34, 0.1915464316, 0.2096101290, 0.0518702781, 0.0389192953, 2886.8293, 2796.6341, 760.2200, 18.5081
2025-12-11 02:13:40, 0.1571715685, 0.1272793283, 0.0628034018, 0.0506789775, 3060.4259, 2974.7407, 755.5800, 19.3844
2025-12-11 02:13:45, 0.1648406060, 0.1279591699, 0.0586490848, 0.0623942882, 2819.8246, 2758.0526, 753.4750, 18.8194
2025-12-11 02:13:51, 0.1191564564, 0.0826311989, 0.0713972828, 0.0720047660, 2809.3077, 2746.6346, 757.2300, 17.2993
2025-12-11 02:13:57, 0.0894044890, 0.0931209354, 0.0744383626, 0.0773552004, 2917.5102, 2778.4898, 756.3700, 17.6140
2025-12-11 02:14:03, 0.1462183952, 0.1317052516, 0.1044580370, 0.1059914676, 2899.6545, 2894.5455, 754.0150, 17.2089
2025-12-11 02:14:08, 0.0939971096, 0.0809245062, 0.0704564842, 0.0667592383, 2942.5645, 2882.9516, 756.2450, 16.6546
2025-12-11 02:14:14, 0.1804431496, 0.1285335652, 0.1034640789, 0.1161850626, 2753.9286, 2754.9524, 757.9650, 17.6897
2025-12-11 02:14:20, 0.1747274386, 0.1552481064, 0.0540518797, 0.0543741582, 2951.9020, 2881.3922, 756.7200, 18.2261
2025-12-11 02:14:26, 0.1432084449, 0.1589030397, 0.0634425068, 0.0610956620, 2801.6944, 2814.3056, 756.1000, 18.5499
2025-12-11 02:14:31, 0.1530647218, 0.1149551159, 0.0796352704, 0.1021063071, 3018.7755, 3029.7551, 760.6900, 16.1172
2025-12-11 02:14:37, 0.1453842542, 0.1097570850, 0.0832355954, 0.0656738951, 2946.7931, 2848.0000, 759.9450, 20.7336
2025-12-11 02:14:43, 0.1502107621, 0.1249717700, 0.0850237685, 0.0864418795, 2964.1481, 2881.8889, 765.1400, 20.6722
2025-12-11 02:14:49, 0.1299028077, 0.1104736717, 0.0673839765, 0.0486179984, 2848.3030, 2868.9545, 759.8950, 19.6169
2025-12-11 02:14:55, 0.1816543764, 0.1236918014, 0.0875774783, 0.0774961200, 2930.7083, 2958.0208, 764.5350, 19.8267
2025-12-11 02:15:00, 0.1081965393, 0.1168675913, 0.0838732208, 0.0767616583, 2976.4419, 2925.1628, 762.8050, 20.4024
2025-12-11 02:15:06, 0.1101586671, 0.1073843643, 0.0915659484, 0.0714774113, 3046.1556, 2949.1333, 762.4600, 18.6032
2025-12-11 02:15:12, 0.1116667624, 0.1178968035, 0.0789222879, 0.0613995645, 3038.1579, 2871.1404, 762.2600, 20.2732
2025-12-11 02:15:18, 0.1362921813, 0.1284415453, 0.0607558255, 0.0761808478, 2861.3684, 2846.4211, 762.1350, 21.0415
2025-12-11 02:15:23, 0.0994000554, 0.1051978349, 0.0851346293, 0.0802834355, 3021.1707, 3014.0244, 758.5900, 19.2463
2025-12-11 02:15:29, 0.1186782999, 0.1140207601, 0.0616168150, 0.0543988114, 2913.3455, 2914.1818, 761.1000, 17.1292
2025-12-11 02:15:35, 0.1208827658, 0.1205114823, 0.1054537597, 0.1013121182, 2915.1892, 3044.5676, 763.6200, 17.8408
2025-12-11 02:15:40, 0.1407319220, 0.1153765651, 0.0594673434, 0.0704636771, 2869.4490, 2966.7347, 761.8300, 18.3047
2025-12-11 02:15:46, 0.1606156777, 0.1721010175, 0.1088900205, 0.0863946856, 2919.0889, 2873.9333, 760.1300, 18.6575
2025-12-11 02:15:52, 0.1497360409, 0.1195664879, 0.1207767542, 0.1225315897, 2834.6471, 2735.7843, 758.2400, 19.3140
2025-12-11 02:15:58, 0.1575152909, 0.1548498236, 0.1038413183, 0.1160551747, 2908.5400, 2762.5200, 759.4550, 16.6042
2025-12-11 02:16:03, 0.1542824251, 0.1165543723, 0.0643249729, 0.0560849476, 2925.8654, 2890.6538, 767.3350, 22.1055
2025-12-11 02:16:09, 0.1224899693, 0.1132451625, 0.0952282602, 0.0853622601, 2948.8800, 2870.0000, 768.5850, 20.0388
2025-12-11 02:16:15, 0.0895216050, 0.0911660508, 0.0860981790, 0.0529024456, 3053.5849, 2892.1509, 767.7100, 19.7283
2025-12-11 02:16:21, 0.1123558261, 0.1065392305, 0.0775900184, 0.1003612925, 2708.2766, 2763.7660, 767.4100, 20.3841
2025-12-11 02:16:26, 0.2119370322, 0.1171640403, 0.0668494306, 0.0783702095, 2964.5238, 3062.2381, 766.4150, 20.5760
2025-12-11 02:16:32, 0.1250955773, 0.1207284843, 0.0667150442, 0.0858719846, 2693.5273, 2681.7091, 769.0250, 20.7893
2025-12-11 02:16:38, 0.1097048272, 0.1020852149, 0.0553358502, 0.0577635150, 3108.1702, 3077.0638, 765.6150, 22.7569
2025-12-11 02:16:43, 0.1100952324, 0.1228546906, 0.1147651251, 0.0956378086, 2906.2143, 2848.5714, 766.3200, 19.4120
2025-12-11 02:16:49, 0.1720118748, 0.1263810508, 0.0748925062, 0.0674949707, 2836.2075, 2800.8302, 765.4800, 19.5092
2025-12-11 02:16:55, 0.1498123758, 0.1224335189, 0.1092348179, 0.1258119110, 2908.9434, 2937.1132, 765.0750, 21.2236
2025-12-11 02:17:01, 0.1278276113, 0.1483263471, 0.0667286945, 0.0788247991, 2800.2037, 2762.5000, 765.0550, 21.1564
2025-12-11 02:17:07, 0.1413293434, 0.1469337374, 0.0762337109, 0.0623989490, 2875.9750, 2810.3250, 767.1100, 19.9809
2025-12-11 02:17:12, 0.1703352042, 0.1593935004, 0.1148121558, 0.0909902232, 2811.8936, 2759.5106, 761.2550, 18.2650
2025-12-11 02:17:18, 0.1477702277, 0.1275993726, 0.1132491698, 0.1076529912, 3276.1111, 3220.9074, 759.8800, 18.7453
2025-12-11 02:17:24, 0.2342089929, 0.1176688405, 0.0776735177, 0.0805578989, 3061.6800, 3061.3600, 765.2850, 20.6926
2025-12-11 02:17:30, 0.0899901465, 0.0997541856, 0.0617541872, 0.0571234725, 2899.0877, 2907.8421, 759.4150, 17.2236
2025-12-11 02:17:35, 0.1678000247, 0.1579562763, 0.0591342819, 0.0597551116, 3081.7442, 3114.6512, 758.6700, 17.7085
2025-12-11 02:17:41, 0.2192207731, 0.1643727379, 0.0922944913, 0.0723897939, 2879.5614, 2866.6667, 757.1800, 16.6020
2025-12-11 02:17:47, 0.1803848416, 0.1352644890, 0.0520581382, 0.0544800482, 2828.0000, 2916.8542, 759.6800, 18.8952
2025-12-11 02:17:53, 0.2099222094, 0.1766949053, 0.0631067839, 0.0641669875, 2972.2031, 2912.9688, 758.3700, 17.9132
2025-12-11 02:17:58, 0.1337258943, 0.1239459713, 0.0655045583, 0.0748897420, 2896.4231, 2945.1731, 757.2200, 18.2973
2025-12-11 02:18:04, 0.1385618739, 0.1395768079, 0.0820225391, 0.0757346237, 3328.0208, 3248.6458, 761.1450, 19.1333
2025-12-11 02:18:10, 0.1273442681, 0.1483356758, 0.0922189182, 0.0970257652, 3043.6111, 2997.0000, 757.2400, 18.6046
2025-12-11 02:18:16, 0.0972407124, 0.1005174604, 0.1043659498, 0.0830282409, 2927.0357, 2819.0179, 758.1700, 17.9397
2025-12-11 02:18:22, 0.1305546983, 0.1269671115, 0.0921428528, 0.0867421969, 2823.8372, 2890.2093, 760.0050, 19.2285
2025-12-11 02:18:28, 0.1439639162, 0.1414997567, 0.0506796933, 0.0507311458, 2829.9464, 2890.0179, 758.2600, 18.6896
2025-12-11 02:18:34, 0.1682507775, 0.1361896733, 0.0951088110, 0.0748237474, 3118.0930, 3019.4186, 757.4450, 18.3040
2025-12-11 02:18:39, 0.1468934569, 0.1287988734, 0.0811348586, 0.0843997666, 2728.5690, 2653.5345, 758.4200, 20.4940
2025-12-11 02:18:45, 0.1292210674, 0.1417063220, 0.0779633744, 0.0832084692, 2933.5283, 2911.2075, 756.5950, 17.9413
2025-12-11 02:18:51, 0.1245980522, 0.1108195914, 0.0932594735, 0.0759707968, 3034.8776, 3021.5306, 758.3650, 18.5327
2025-12-11 02:18:56, 0.0966554626, 0.1012004476, 0.0783571158, 0.0741657012, 2875.1698, 2836.7358, 755.2450, 18.6369
2025-12-11 02:19:02, 0.1644803674, 0.1615054716, 0.0754850350, 0.0885711027, 2731.1702, 2748.9574, 756.0950, 17.1932
2025-12-11 02:19:08, 0.1324566415, 0.1436056392, 0.0558235267, 0.0675300562, 2992.0426, 3060.4043, 755.5450, 18.2441
2025-12-11 02:19:14, 0.1920786665, 0.1357000312, 0.0636339249, 0.0605909366, 2933.2885, 2799.8077, 760.0950, 17.7659
2025-12-11 02:19:19, 0.1868885315, 0.1323910727, 0.0958054138, 0.0916600024, 3019.0169, 2891.2203, 761.3950, 20.0576
2025-12-11 02:19:25, 0.1499956595, 0.1497435948, 0.0866285998, 0.0869209787, 2909.1852, 2906.1111, 760.3200, 18.4143
2025-12-11 02:19:31, 0.1885807625, 0.1223367750, 0.0591878539, 0.0544519409, 2964.4262, 2872.5246, 760.3150, 18.6165
2025-12-11 02:19:36, 0.1521332566, 0.1054184336, 0.0568730432, 0.0588936615, 3027.6346, 3102.2115, 760.3250, 17.6915
2025-12-11 02:19:43, 0.0904698464, 0.0763701369, 0.0731704659, 0.0595657941, 2706.4222, 2605.9111, 761.4100, 17.5819
2025-12-11 02:19:48, 0.1791414116, 0.1553850513, 0.0640159483, 0.0610401683, 3170.7333, 3171.3000, 761.2950, 20.5085
2025-12-11 02:19:54, 0.1475691577, 0.1151792347, 0.0670108741, 0.0733470289, 3097.7500, 3010.8250, 760.6250, 19.2155
2025-12-11 02:20:00, 0.1800502427, 0.1294084263, 0.0661294288, 0.0553153205, 2781.2083, 2717.1250, 759.6300, 20.4913
2025-12-11 02:20:05, 0.1329095304, 0.1296240726, 0.0872018391, 0.0529743082, 3029.7353, 2981.8382, 758.6150, 18.5703
2025-12-11 02:20:11, 0.1850786146, 0.1416353432, 0.0760487523, 0.0732505132, 2891.5769, 2939.7115, 758.8850, 19.7246
2025-12-11 02:20:17, 0.1414507835, 0.1035375470, 0.0988556249, 0.0957228281, 2999.1915, 2900.7021, 761.2400, 18.0281
2025-12-11 02:20:23, 0.1205970867, 0.1504728054, 0.0574189332, 0.0553727746, 3036.5750, 2982.7750, 760.5850, 19.3985
2025-12-11 02:20:29, 0.1212087014, 0.0984980060, 0.1159011004, 0.0897261387, 3068.8654, 2934.9808, 759.8500, 18.7018
2025-12-11 02:20:34, 0.1396181416, 0.1302243754, 0.1112705445, 0.1120226194, 2835.0400, 2847.3600, 760.6300, 19.0993
2025-12-11 02:20:40, 0.1513451067, 0.1258888224, 0.0767562881, 0.0716393854, 3020.0370, 2937.1296, 759.0900, 18.9961
2025-12-11 02:20:46, 0.1311296732, 0.1322645213, 0.1162847862, 0.0874706408, 2763.1395, 2759.3721, 760.2100, 16.7993
2025-12-11 02:20:52, 0.2065043745, 0.1504549663, 0.0634728889, 0.0665146161, 2769.2778, 2821.2593, 759.1550, 19.3974
2025-12-11 02:20:57, 0.1431286970, 0.1233362479, 0.0688130622, 0.0562668835, 3006.1935, 2934.1613, 759.5700, 17.8610
2025-12-11 02:21:03, 0.1252997676, 0.1336775047, 0.0721584074, 0.0528273966, 2919.6000, 2823.6545, 758.5000, 18.4545
2025-12-11 02:21:09, 0.1422093283, 0.1918904372, 0.0544674770, 0.0468495613, 3066.8103, 3069.1897, 757.7900, 20.1347
2025-12-11 02:21:14, 0.1509625934, 0.1372804684, 0.0688733851, 0.0812557578, 2841.7500, 2822.1000, 751.9700, 16.9906
2025-12-11 02:21:20, 0.2082603811, 0.1337103421, 0.0787911425, 0.0748162154, 2850.2000, 2928.2200, 757.8500, 17.1256
2025-12-11 02:21:26, 0.1281715166, 0.1399255925, 0.0793485779, 0.0563716278, 2985.9268, 3022.3659, 754.6450, 18.6649
2025-12-11 02:21:32, 0.1525214566, 0.1385643090, 0.1122384042, 0.0872656869, 2883.4783, 2905.5870, 753.9800, 18.8042
2025-12-11 02:21:38, 0.1415342208, 0.0983228305, 0.0976844810, 0.0652557137, 3026.5909, 2960.4318, 755.2150, 19.0869
2025-12-11 02:21:43, 0.0907852584, 0.1034375232, 0.0708984124, 0.0886314370, 2749.0577, 2812.8077, 755.6000, 18.4548
2025-12-11 02:21:49, 0.1176563646, 0.1063018262, 0.0788543132, 0.0758600991, 2676.8727, 2714.6727, 753.0300, 19.0604
2025-12-11 02:21:55, 0.1590756257, 0.1126033698, 0.0804172306, 0.0774964134, 2960.1224, 2985.3469, 752.7300, 17.5738
2025-12-11 02:22:01, 0.1845805400, 0.1276390120, 0.0841010418, 0.0736632906, 2735.4615, 2664.7115, 754.0600, 18.5331
2025-12-11 02:22:06, 0.1328904538, 0.1304304837, 0.0722840669, 0.0593040957, 2812.8833, 2766.2500, 755.7550, 18.9801
2025-12-11 02:22:12, 0.1219267287, 0.1195460852, 0.1229378224, 0.1037951267, 2986.4872, 3009.3333, 755.6200, 18.4818
2025-12-11 02:22:18, 0.1442863006, 0.1319777022, 0.0907028846, 0.0724259807, 2907.1636, 2921.0364, 756.3800, 19.2129
2025-12-11 02:22:23, 0.1778660466, 0.1498765284, 0.0600741721, 0.0649472138, 2897.1277, 2923.2979, 755.3350, 20.0891
2025-12-11 02:22:29, 0.0821954072, 0.0860622646, 0.0432811505, 0.0628522818, 2958.0476, 2932.7143, 756.2250, 18.9880
2025-12-11 02:22:35, 0.1270847134, 0.1146695684, 0.1376381588, 0.1045718082, 2794.0513, 2739.3846, 755.3750, 16.8085
2025-12-11 02:22:40, 0.1223359656, 0.1173422426, 0.0807687752, 0.0970046961, 2725.7500, 2690.4091, 754.5850, 18.0600
2025-12-11 02:22:46, 0.1018369312, 0.1189587920, 0.1131507804, 0.0705093814, 3009.6444, 2936.6667, 760.2100, 19.5317
2025-12-11 02:22:52, 0.1410221118, 0.1306541350, 0.1341713497, 0.1140747806, 2636.7317, 2688.1707, 755.7600, 18.9719
2025-12-11 02:22:57, 0.1355492073, 0.1231369966, 0.1049601994, 0.0997050682, 2809.8302, 2806.5660, 759.4350, 18.0265
2025-12-11 02:23:03, 0.1456640816, 0.1301863787, 0.0763786962, 0.0741082485, 3005.2708, 3009.8542, 762.0600, 18.0368
2025-12-11 02:23:09, 0.1083679185, 0.0908834814, 0.1107704983, 0.0887752876, 3095.5610, 2822.6829, 762.0050, 18.1197
2025-12-11 02:23:14, 0.1601893633, 0.1234259983, 0.0971766621, 0.1116673936, 2954.3279, 2943.1148, 758.9000, 18.7984
2025-12-11 02:23:20, 0.1265962269, 0.1513091380, 0.0839745829, 0.1008612888, 2935.9643, 2893.2321, 763.2400, 18.4174
2025-12-11 02:23:26, 0.0965033179, 0.1102600854, 0.0684522190, 0.0949579745, 2746.2034, 2807.3898, 765.0100, 18.4456
2025-12-11 02:23:32, 0.1285887702, 0.1442624023, 0.0968724070, 0.0507506944, 3094.6744, 3035.1395, 764.2150, 18.0679
2025-12-11 02:23:37, 0.1264089525, 0.1412169756, 0.1277242778, 0.1116510134, 2953.8627, 2945.5686, 763.9800, 16.6484
2025-12-11 02:23:43, 0.1141379951, 0.0987330295, 0.0605537378, 0.0515754335, 3127.6667, 3060.5500, 763.7350, 18.9685
2025-12-11 02:23:49, 0.0947284136, 0.1079634735, 0.1190947922, 0.0904070624, 2683.9375, 2677.5781, 764.1800, 18.6472
2025-12-11 02:23:55, 0.1483875924, 0.1698306078, 0.1152065144, 0.1240941907, 2940.7143, 3022.4107, 762.3350, 18.1095
2025-12-11 02:24:00, 0.1123608257, 0.0966181862, 0.1056091320, 0.1031977279, 2685.1750, 2699.4750, 763.1800, 18.2288
2025-12-11 02:24:06, 0.0967504572, 0.0976799070, 0.1142863082, 0.0983761176, 2764.4800, 2829.6600, 759.2800, 17.9934
2025-12-11 02:24:12, 0.1186459080, 0.1037597139, 0.1043352577, 0.1603224502, 2733.9200, 2760.3600, 762.2650, 18.9738
2025-12-11 02:24:18, 0.0955712142, 0.0875338081, 0.1266855101, 0.1195442908, 2603.6346, 2594.9038, 759.4200, 18.0841
2025-12-11 02:24:25, 0.1580360383, 0.1073073970, 0.1615143966, 0.1238369546, 2967.4419, 2977.6047, 760.6800, 17.9543
2025-12-11 02:24:30, 0.1411769133, 0.1485639156, 0.1930300143, 0.2064582848, 2553.4000, 2667.1000, 761.2450, 17.4578
2025-12-11 02:24:36, 0.1325136453, 0.1401908177, 0.1928055072, 0.1720597524, 3018.3902, 3047.5854, 763.0550, 17.7074
2025-12-11 02:24:42, 0.1102186629, 0.1068466391, 0.1648835583, 0.1424926339, 2756.9388, 2776.5102, 760.5500, 17.6192
2025-12-11 02:24:48, 0.1202882572, 0.0836230858, 0.1511971619, 0.1742702146, 2694.5510, 2732.3878, 761.3900, 17.1996
2025-12-11 02:24:53, 0.1383520101, 0.1045421918, 0.1968552989, 0.2336489749, 2754.5417, 2786.9583, 761.6200, 17.6558
2025-12-11 02:24:59, 0.1778320634, 0.1039998155, 0.1979027716, 0.2397088743, 2975.5385, 2929.4359, 759.1700, 18.4288
2025-12-11 02:25:04, 0.1570884746, 0.1168157897, 0.2063449396, 0.1276117375, 3311.1389, 3105.2500, 762.2250, 19.8223
2025-12-11 02:25:10, 0.1319169773, 0.1180797786, 0.2043194022, 0.1587715112, 2777.6190, 2680.2381, 760.3800, 17.5754
2025-12-11 02:25:16, 0.0927614639, 0.0802646641, 0.1733753938, 0.1959294121, 2736.9583, 2879.8125, 760.6850, 18.1691
2025-12-11 02:25:22, 0.1390709601, 0.1219341733, 0.1413737182, 0.1698814956, 2957.6889, 3106.6889, 761.7250, 18.5059
2025-12-11 02:25:28, 0.1485145449, 0.1101485904, 0.1305564177, 0.1237713037, 2700.7632, 2743.9211, 758.4300, 17.6197
2025-12-11 02:25:34, 0.1276671150, 0.1384481915, 0.1945565258, 0.1720980440, 3007.1778, 2905.6444, 758.0350, 18.7065
2025-12-11 02:25:40, 0.1102356749, 0.1326714743, 0.1280102814, 0.0919404055, 2796.5000, 2831.0769, 755.8200, 17.4596
2025-12-11 02:25:45, 0.1061627563, 0.0946253414, 0.1048221593, 0.1231132157, 2780.5714, 2790.7714, 754.5700, 19.5554
2025-12-11 02:25:51, 0.1218469010, 0.1178775686, 0.1388006521, 0.1484964992, 2760.6047, 2850.2558, 755.0650, 19.7659
2025-12-11 02:25:57, 0.1008879560, 0.0755501718, 0.1294439546, 0.1216427160, 2931.8378, 2917.4324, 754.8250, 18.1715
2025-12-11 02:26:03, 0.0911991603, 0.0936925298, 0.1570392618, 0.1891446569, 2630.1692, 2656.2462, 759.9550, 19.9873
2025-12-11 02:26:08, 0.1277617093, 0.1198569411, 0.1387098826, 0.1588133289, 2735.8298, 2877.2766, 755.3950, 17.7361
2025-12-11 02:26:14, 0.1071641347, 0.1234523392, 0.1838099352, 0.1476480578, 3107.5714, 2935.8095, 757.5300, 17.6301
2025-12-11 02:26:20, 0.1121777263, 0.1095849238, 0.1096615056, 0.1099812377, 3139.6000, 3238.4222, 757.6050, 18.7920
2025-12-11 02:26:25, 0.1129103781, 0.1114840489, 0.1918817405, 0.1534559553, 2821.4222, 2861.2667, 760.1150, 18.2815
2025-12-11 02:26:31, 0.1578394800, 0.1210684754, 0.1075652893, 0.1379971249, 2886.2549, 2960.5490, 757.1250, 19.8065
2025-12-11 02:26:37, 0.1635034990, 0.1208999782, 0.1533621266, 0.1771559611, 2842.0800, 2855.4000, 757.3300, 19.5581
2025-12-11 02:26:43, 0.0641883959, 0.0651775768, 0.1529565192, 0.1228881511, 2824.3488, 2754.1860, 756.2550, 18.6641
2025-12-11 02:26:48, 0.1375739083, 0.1312485342, 0.1256596664, 0.0863747294, 3173.7576, 3148.6667, 757.8400, 17.4750
2025-12-11 02:26:54, 0.1434323031, 0.1254654969, 0.1399110346, 0.1365639075, 2880.1250, 3010.0179, 758.9600, 19.1525
2025-12-11 02:27:00, 0.1430578844, 0.1220011165, 0.1089927344, 0.1213694590, 2774.4909, 2809.4182, 760.8600, 19.2422
2025-12-11 02:27:06, 0.1054512675, 0.0942077900, 0.1062247799, 0.1026234566, 2746.5500, 2746.7750, 756.9300, 18.5412
2025-12-11 02:27:11, 0.1694648408, 0.1337229045, 0.0513072721, 0.0421863571, 2732.2500, 2730.2500, 757.8800, 20.8704
2025-12-11 02:27:17, 0.1390583222, 0.1204813601, 0.0641020375, 0.0850730471, 2815.1556, 2962.1778, 759.1800, 20.5550
2025-12-11 02:27:23, 0.1041094926, 0.1294485540, 0.0907718696, 0.1136426118, 2751.3208, 2844.2642, 762.6800, 19.8315
2025-12-11 02:27:29, 0.1178183692, 0.0958332770, 0.1156824997, 0.1100469806, 2808.6170, 2853.5957, 762.2100, 19.2973
2025-12-11 02:27:35, 0.1993056421, 0.1344986874, 0.1006430375, 0.0887289704, 2803.7843, 2797.8627, 763.6700, 17.7043
2025-12-11 02:27:40, 0.1422168797, 0.1165146885, 0.1252227175, 0.1046104577, 3049.0526, 3052.3421, 760.6850, 18.8416
2025-12-11 02:27:46, 0.1166102416, 0.1106029071, 0.1131394272, 0.1052890092, 2811.3409, 2939.1364, 762.8350, 19.0297
2025-12-11 02:27:52, 0.1485809975, 0.1224562346, 0.0989425734, 0.0880951791, 2954.5854, 2936.6829, 762.6950, 18.1227
2025-12-11 02:27:57, 0.0890660302, 0.1280848977, 0.1188593459, 0.1246000875, 3026.3607, 3038.4918, 767.1500, 19.5849
2025-12-11 02:28:03, 0.1602400908, 0.1122878704, 0.1231511297, 0.0978319483, 2795.3265, 2893.5102, 761.0350, 18.0841
2025-12-11 02:28:09, 0.1281245567, 0.1215997937, 0.0779065679, 0.0644863498, 2924.7755, 2761.3469, 762.3550, 19.4301
2025-12-11 02:28:15, 0.1457867202, 0.1357231683, 0.0689222068, 0.0871035777, 2869.0175, 2896.5263, 767.2200, 19.9643
2025-12-11 02:28:20, 0.1484926353, 0.1457893493, 0.0998511331, 0.0819000139, 2934.6279, 2863.3023, 765.5700, 18.8331
2025-12-11 02:28:26, 0.1673175859, 0.0973573376, 0.0628768287, 0.0676384053, 2683.0000, 2675.2000, 766.8850, 18.4201
2025-12-11 02:28:31, 0.0881042772, 0.0987778376, 0.0729207373, 0.0495398028, 2853.2037, 2765.7407, 764.6750, 21.9716
2025-12-11 02:28:37, 0.1465765184, 0.1178325349, 0.1044619492, 0.0970522013, 2997.1475, 2995.6230, 766.3850, 21.0275
2025-12-11 02:28:43, 0.1375276827, 0.1347407439, 0.1573992882, 0.0895464940, 2766.2264, 2837.6038, 765.2100, 17.5324
2025-12-11 02:28:49, 0.1541182579, 0.1506095320, 0.1139666208, 0.1231073144, 2902.0000, 2962.1667, 762.8950, 18.2042
2025-12-11 02:28:55, 0.1658818175, 0.1903825805, 0.0774173238, 0.0815094819, 2939.5111, 2809.4222, 760.2050, 20.1070
2025-12-11 02:29:01, 0.1404210539, 0.1347326355, 0.1202340758, 0.0914075042, 2933.8800, 2975.1000, 764.0150, 17.8436
2025-12-11 02:29:06, 0.1103543906, 0.1417869643, 0.0867127091, 0.0836118334, 2972.6000, 2983.3455, 762.4000, 17.0432
2025-12-11 02:29:12, 0.1394691007, 0.1125070270, 0.1328382147, 0.1082863090, 2728.6098, 2658.7561, 760.6800, 18.7999
2025-12-11 02:29:18, 0.0897738803, 0.0962695057, 0.1092719651, 0.0955287486, 2919.7647, 2985.6078, 757.8250, 18.9706
2025-12-11 02:29:24, 0.1190602329, 0.1127273953, 0.1277611838, 0.1284222236, 2729.2931, 2740.5000, 760.7900, 17.4658
2025-12-11 02:29:29, 0.1503621821, 0.1490646689, 0.0894377411, 0.0947726864, 2856.9615, 2817.6346, 759.1900, 20.0677
2025-12-11 02:29:35, 0.1363462381, 0.1396565310, 0.0790723364, 0.0652357136, 2941.6491, 2917.0175, 757.4850, 18.0203
2025-12-11 02:29:41, 0.0894312457, 0.1023156167, 0.0664579942, 0.0621022765, 2910.4138, 2838.2241, 756.7500, 17.3392
2025-12-11 02:29:47, 0.1360290515, 0.1266784153, 0.0800141586, 0.1027992370, 2906.3023, 2840.8605, 755.6900, 17.5053
2025-12-11 02:29:53, 0.1310470130, 0.0937625172, 0.0772609693, 0.0686961624, 2879.8000, 2823.2000, 756.3600, 18.5265
2025-12-11 02:29:58, 0.2285796389, 0.1559312740, 0.1187248841, 0.1072793230, 3036.9412, 3075.8824, 755.0950, 19.2296
2025-12-11 02:30:04, 0.1376244061, 0.1704283021, 0.1082437340, 0.1035595021, 2908.6909, 2881.5636, 760.6350, 18.4391
2025-12-11 02:30:10, 0.1436333529, 0.1297244434, 0.0653255244, 0.0730346000, 2754.9592, 2842.6735, 754.4850, 18.4534
2025-12-11 02:30:15, 0.1179161584, 0.0980124235, 0.1026484606, 0.0885842027, 2937.8472, 2960.3333, 759.2700, 18.3294
2025-12-11 02:30:21, 0.1659151996, 0.1466171548, 0.1075815914, 0.1010584776, 2885.4681, 2864.5745, 755.1900, 18.1387
2025-12-11 02:30:27, 0.1179955360, 0.1338925075, 0.1368197270, 0.1231905230, 2945.7241, 2937.1207, 758.5200, 19.6573
2025-12-11 02:30:33, 0.1297139817, 0.1181664525, 0.0992272258, 0.0951022718, 2989.1154, 3094.5962, 756.9100, 18.0641
2025-12-11 02:30:39, 0.1047521974, 0.1362093126, 0.1089179923, 0.1198821451, 2948.1020, 2916.7551, 755.9100, 19.6950
2025-12-11 02:30:44, 0.1397936527, 0.1143320177, 0.1209618594, 0.1123170465, 2743.8200, 2858.0600, 756.6250, 19.0650
2025-12-11 02:30:50, 0.1292901712, 0.1341929490, 0.1370542293, 0.1216450578, 2745.0286, 2806.3143, 755.3800, 16.7608
2025-12-11 02:30:56, 0.1498516899, 0.1331205671, 0.0769610218, 0.0746778138, 2782.0877, 2834.7895, 754.5700, 17.6976
2025-12-11 02:31:01, 0.1306027728, 0.1311671073, 0.0842784202, 0.0629667403, 3230.5238, 3233.0238, 755.8950, 18.7300
2025-12-11 02:31:07, 0.1368182379, 0.1470659230, 0.0830410130, 0.0728982209, 2896.2449, 2877.1633, 755.8800, 17.1116
2025-12-11 02:31:13, 0.1228592866, 0.1264570918, 0.0815020895, 0.0670896018, 2815.6429, 2807.5714, 756.2100, 18.9967
2025-12-11 02:31:19, 0.1990674726, 0.1504195617, 0.0956826278, 0.0703344686, 2894.0417, 2762.3333, 755.6250, 17.5529
2025-12-11 02:31:25, 0.1144938922, 0.1018779969, 0.0836763617, 0.0750783165, 2923.8367, 2987.4490, 757.0500, 17.6425
2025-12-11 02:31:30, 0.1287281183, 0.1216499583, 0.0855625734, 0.0843955349, 2885.4643, 2883.5179, 757.3050, 18.3001
2025-12-11 02:31:36, 0.0971161715, 0.0833105661, 0.0851946386, 0.0643527672, 2853.0351, 2878.1053, 754.7150, 18.2834
2025-12-11 02:31:42, 0.1104205755, 0.1575632364, 0.0803811826, 0.0826099441, 2804.5116, 2850.9302, 756.2000, 17.6938
2025-12-11 02:31:48, 0.1279388379, 0.0956449886, 0.0652694054, 0.0471692863, 2785.8696, 2845.0652, 759.6950, 18.0228
2025-12-11 02:31:53, 0.1349975934, 0.1190824498, 0.0827886724, 0.0592921184, 3024.1017, 3052.6271, 758.0650, 17.2395
2025-12-11 02:31:59, 0.1384982892, 0.1219014614, 0.0657324369, 0.0870069364, 2917.7869, 2936.4918, 756.1750, 17.6069
2025-12-11 02:32:05, 0.1321308891, 0.1143774912, 0.0733307902, 0.0479869796, 2907.2206, 2797.4118, 758.5150, 16.9717
2025-12-11 02:32:10, 0.1122478754, 0.1204831531, 0.0939171870, 0.1182192691, 3096.6111, 3080.6111, 755.6150, 19.3586
2025-12-11 02:32:16, 0.1317038670, 0.1140051750, 0.0999605461, 0.0713389852, 2975.1579, 2941.7895, 757.6250, 18.4928
2025-12-11 02:32:22, 0.1264091782, 0.1063328340, 0.0976529648, 0.0876351399, 2998.0000, 2906.2540, 757.1950, 17.8476
2025-12-11 02:32:28, 0.0968727009, 0.0971333527, 0.0692019113, 0.0504398519, 2880.8814, 2800.2034, 757.2150, 16.8226
2025-12-11 02:32:33, 0.1346950609, 0.1080720456, 0.0656171264, 0.0668634623, 2696.0000, 2735.4694, 757.9250, 17.4123
2025-12-11 02:32:39, 0.1603489807, 0.1043543145, 0.1215629226, 0.0868972573, 3038.4286, 3026.0286, 759.8450, 18.8460
2025-12-11 02:32:45, 0.1320406963, 0.1506773233, 0.0729801988, 0.0693891862, 2996.1800, 3043.0400, 759.1300, 17.8338
2025-12-11 02:32:50, 0.1049099676, 0.0873539700, 0.0922956834, 0.0679803852, 2800.9574, 2822.8511, 759.7850, 17.5102
2025-12-11 02:32:56, 0.1098698862, 0.0910219787, 0.0472884777, 0.0575873266, 3153.8913, 3061.0217, 759.5200, 18.4152
2025-12-11 02:33:02, 0.1105933566, 0.1019188539, 0.0794723325, 0.0538166372, 2879.6818, 2817.3636, 762.9300, 15.7304
2025-12-11 02:33:08, 0.0983301470, 0.1340466701, 0.0575114317, 0.0543827563, 2958.1404, 2856.1579, 762.9450, 19.4042
2025-12-11 02:33:13, 0.1506181758, 0.1272550415, 0.0817032259, 0.0846352289, 3048.9412, 3046.0441, 760.8450, 17.9115
2025-12-11 02:33:19, 0.1033881246, 0.1031855045, 0.1022458051, 0.0912467908, 2714.7170, 2743.4528, 757.5650, 16.1417
2025-12-11 02:33:25, 0.1064186202, 0.0870873187, 0.0678258238, 0.0687220309, 2757.1094, 2710.1875, 756.5350, 16.9967
2025-12-11 02:33:30, 0.1290374385, 0.0786974296, 0.0500293012, 0.0596482628, 2839.8333, 2872.3958, 756.7550, 17.5070
2025-12-11 02:33:36, 0.1474638647, 0.1016034676, 0.0761989638, 0.0771591271, 2901.2712, 2804.8983, 759.7800, 16.7959
2025-12-11 02:33:42, 0.1145618996, 0.0947305467, 0.0827903321, 0.0714767095, 3042.8966, 2967.6379, 755.8950, 17.9090
2025-12-11 02:33:47, 0.1234670152, 0.1277762075, 0.0494599178, 0.0552682456, 2765.2963, 2738.7593, 756.4100, 17.2079
2025-12-11 02:33:54, 0.1779712553, 0.1030179390, 0.0645096046, 0.0821557399, 2997.7321, 2927.3393, 753.8500, 18.0726
2025-12-11 02:33:59, 0.1243225357, 0.1141673798, 0.0707917747, 0.0484801187, 2884.0526, 2728.2632, 756.6500, 18.1955
2025-12-11 02:34:05, 0.1212409560, 0.1072993919, 0.0784879652, 0.0577836771, 2824.2419, 2737.9194, 753.9900, 18.4217
2025-12-11 02:34:10, 0.1135875386, 0.0896112667, 0.0421677327, 0.0258442725, 2907.4727, 2796.2909, 753.2300, 18.4953
2025-12-11 02:34:16, 0.0928707720, 0.0743679312, 0.0603775202, 0.0519560073, 2908.4464, 2845.5536, 754.1100, 18.0629
2025-12-11 02:34:22, 0.1185951973, 0.1413770334, 0.0639978171, 0.0566659160, 3051.1692, 2968.7846, 753.5250, 20.6192
2025-12-11 02:34:28, 0.0961076939, 0.0916311563, 0.0537418586, 0.0509681686, 2841.2642, 2847.0566, 755.2200, 17.6851
2025-12-11 02:34:33, 0.1189395780, 0.0895033443, 0.0802391884, 0.0645279529, 2785.6471, 2822.1765, 753.8900, 18.7528
2025-12-11 02:34:39, 0.1260491943, 0.1030485474, 0.0582757348, 0.0418950788, 2744.5085, 2721.5932, 754.4550, 18.3531
2025-12-11 02:34:45, 0.1471659366, 0.1635552716, 0.0631505688, 0.0641032725, 2906.4130, 2951.5435, 751.6800, 19.0299
2025-12-11 02:34:50, 0.0693912658, 0.0778983071, 0.0439110372, 0.0600717124, 2893.2167, 2877.5167, 753.1350, 17.0049
2025-12-11 02:34:56, 0.0715673085, 0.0762441955, 0.0477161752, 0.0461699305, 2957.1957, 2822.1739, 755.2800, 17.8427
2025-12-11 02:35:02, 0.1385122909, 0.1658932874, 0.0670069784, 0.0812722767, 2950.5000, 3077.2500, 756.4450, 18.3261
2025-12-11 02:35:08, 0.1204331019, 0.1089452906, 0.0637286138, 0.0699274127, 2835.7500, 2848.2812, 756.6300, 18.8344
2025-12-11 02:35:13, 0.1164956463, 0.0859529831, 0.0592063373, 0.0546188362, 2940.0556, 2826.6296, 757.5550, 18.0991
2025-12-11 02:35:19, 0.1328651537, 0.0960621070, 0.0663000484, 0.0597913118, 2752.3256, 2676.9767, 757.7150, 19.5354
2025-12-11 02:35:25, 0.1684343883, 0.1461881700, 0.0613446949, 0.0432211026, 2826.5238, 2915.2619, 758.8600, 19.1199
2025-12-11 02:35:30, 0.1280972002, 0.1160382064, 0.1006639456, 0.0871085865, 2663.1296, 2717.2778, 758.9700, 18.6778
2025-12-11 02:35:36, 0.1417509601, 0.1707881217, 0.0420957780, 0.0374296019, 2698.1613, 2710.2581, 758.7600, 18.9943
2025-12-11 02:35:42, 0.2107973026, 0.1376543698, 0.0686450391, 0.0500073272, 2785.0000, 2839.8947, 757.4800, 16.7735
2025-12-11 02:35:47, 0.1329929214, 0.1322451206, 0.0801968613, 0.0827172361, 2881.0727, 2934.6000, 757.1600, 19.1388
2025-12-11 02:35:53, 0.1748615057, 0.1356194511, 0.0857216045, 0.0816859530, 2953.4694, 2960.7143, 757.1000, 19.3850
2025-12-11 02:35:59, 0.0932817792, 0.1265021421, 0.0514565719, 0.0669278637, 2865.2553, 2876.7660, 757.4400, 19.0590
2025-12-11 02:36:05, 0.0999865450, 0.1142535330, 0.0807892977, 0.0663321506, 3028.4200, 2978.5000, 758.6850, 20.1620
2025-12-11 02:36:10, 0.0863421314, 0.1150570652, 0.0589536110, 0.0520786080, 2832.1346, 2649.7692, 761.0150, 18.4050
2025-12-11 02:36:16, 0.1725214650, 0.0912519605, 0.0771591233, 0.0597681117, 2900.8810, 2839.3571, 758.8250, 18.2947
2025-12-11 02:36:22, 0.0658895914, 0.0832142391, 0.0553451624, 0.0374525736, 2981.2281, 2891.2456, 758.7750, 18.6484
2025-12-11 02:36:27, 0.0735615941, 0.0792257041, 0.0737053072, 0.0986424424, 3050.0357, 3021.7857, 758.3000, 16.8932
2025-12-11 02:36:33, 0.1216585181, 0.1276760853, 0.0604702531, 0.0555314938, 3023.4340, 2961.4151, 759.2900, 18.7927
2025-12-11 02:36:39, 0.0992216020, 0.1054488431, 0.0718333320, 0.0657878662, 2864.2979, 2893.3830, 761.4650, 18.2000
2025-12-11 02:36:45, 0.1003208769, 0.1236392763, 0.0549220133, 0.0564380350, 2802.4364, 2865.1636, 758.3950, 19.9278
2025-12-11 02:36:50, 0.1505086473, 0.1170345634, 0.0555585435, 0.0535483324, 2845.0000, 2767.5000, 758.6300, 18.9284
2025-12-11 02:36:56, 0.1336405651, 0.1244553667, 0.0689186386, 0.0768801226, 2887.1455, 2883.1636, 759.3600, 19.8937
2025-12-11 02:37:02, 0.1341038815, 0.1307331850, 0.0959914519, 0.0894767570, 2848.5102, 2801.9184, 759.3250, 19.1442
2025-12-11 02:37:08, 0.0964049323, 0.1195870753, 0.0707707550, 0.0621794202, 2911.3208, 2862.6604, 758.4750, 19.7502
2025-12-11 02:37:14, 0.1287622239, 0.1022413388, 0.0624540856, 0.0570445541, 2953.8491, 2950.1698, 761.0700, 16.6453
2025-12-11 02:37:19, 0.0914671797, 0.1288301955, 0.0740814894, 0.0765863785, 3044.3208, 3126.6604, 760.9400, 16.5761
2025-12-11 02:37:25, 0.1065009700, 0.0662106437, 0.0925550685, 0.0700466613, 2736.2600, 2796.1200, 762.1850, 18.2094
2025-12-11 02:37:31, 0.1235808331, 0.1261657916, 0.0898615359, 0.0861570318, 2977.5965, 3048.0000, 760.1500, 19.2883
2025-12-11 02:37:37, 0.1100131186, 0.0979324310, 0.0912160504, 0.0892060583, 2833.3966, 2896.4310, 761.1100, 19.1321
2025-12-11 02:37:42, 0.0987945037, 0.0869384844, 0.0934337426, 0.0789683084, 2722.5517, 2749.1552, 760.3000, 18.2932
2025-12-11 02:37:48, 0.1477983227, 0.1244682292, 0.0964026454, 0.0811955061, 3106.2182, 3113.5818, 760.7850, 19.0837
2025-12-11 02:37:54, 0.1495379270, 0.0855477037, 0.1064621515, 0.1081216784, 2722.2857, 2819.8571, 759.7750, 19.3239
2025-12-11 02:37:59, 0.1149202641, 0.0916191404, 0.1453181091, 0.1436990526, 2563.1702, 2627.3404, 759.6300, 18.3503
2025-12-11 02:38:05, 0.1190062342, 0.1147363780, 0.1642017324, 0.1828799968, 2647.1154, 2736.9423, 759.8100, 18.0057
2025-12-11 02:38:11, 0.0872611694, 0.0916421833, 0.1574610727, 0.1103722720, 2783.9298, 2689.1228, 760.5900, 19.6497
2025-12-11 02:38:16, 0.0977268896, 0.0891677390, 0.3396944610, 0.3192486331, 3079.1111, 3019.4889, 758.8650, 18.1520
2025-12-11 02:38:22, 0.1343164977, 0.0891409566, 0.1328588882, 0.2025675203, 2933.3913, 3030.9565, 761.4450, 19.7501
2025-12-11 02:38:28, 0.1143567850, 0.1003411185, 0.1845337255, 0.1670388098, 2914.4043, 2856.6596, 757.9850, 19.5011
2025-12-11 02:38:33, 0.1643966828, 0.1301864108, 0.0918882697, 0.1367339719, 2428.1136, 2707.7045, 758.6750, 19.0192
2025-12-11 02:38:39, 0.1602486369, 0.1198136267, 0.2430008163, 0.2332869195, 2781.2703, 2802.2432, 760.8200, 18.6973
2025-12-11 02:38:45, 0.1041700404, 0.1268249982, 0.1110224834, 0.1094388674, 2787.0455, 2823.3409, 762.6050, 18.5680
2025-12-11 02:38:50, 0.1202117363, 0.1166199923, 0.1214446476, 0.1338767497, 3042.9020, 3043.2745, 762.9100, 17.8699
2025-12-11 02:38:56, 0.1011557280, 0.1037634704, 0.1708238952, 0.1461581145, 2871.1463, 2937.1951, 760.3200, 19.2507
2025-12-11 02:39:02, 0.1608021729, 0.0869639584, 0.1469607283, 0.1324593555, 3032.2800, 3010.9600, 761.9100, 17.0737
2025-12-11 02:39:08, 0.1363947308, 0.1027895652, 0.1154215949, 0.0857211454, 2864.8039, 2882.1373, 758.0900, 20.3224
2025-12-11 02:39:14, 0.1589514671, 0.1424379154, 0.0945065114, 0.0989104683, 2744.0794, 2745.0635, 760.6200, 17.6053
2025-12-11 02:39:19, 0.1386500969, 0.1038586700, 0.1221969960, 0.1077712951, 2590.4375, 2792.1042, 762.9600, 17.9095
2025-12-11 02:39:25, 0.1144948998, 0.1067232952, 0.1349939563, 0.1484502511, 2863.8542, 2989.8333, 757.9350, 18.2795
2025-12-11 02:39:31, 0.1262663376, 0.1267666454, 0.0783658530, 0.0886642815, 2709.1957, 2772.4783, 760.5950, 19.2572
2025-12-11 02:39:37, 0.1048385488, 0.1191947507, 0.1434534893, 0.1215536765, 3012.7447, 2951.8511, 760.5400, 19.5143
2025-12-11 02:39:42, 0.1358189597, 0.1423756326, 0.1187689668, 0.0976558219, 2932.3333, 3077.5952, 756.5300, 20.7246
2025-12-11 02:39:48, 0.0819304246, 0.0909386436, 0.1249632394, 0.1478858488, 2918.9375, 2924.0833, 755.2100, 19.6193
2025-12-11 02:39:54, 0.1134998176, 0.1184675262, 0.1469880294, 0.1323843654, 2949.5185, 3035.9630, 758.2650, 19.1722
2025-12-11 02:40:00, 0.1666490886, 0.1201360787, 0.1088664847, 0.1142529063, 2785.2264, 2755.0000, 757.2100, 18.3438
2025-12-11 02:40:05, 0.1194078311, 0.1183145548, 0.1102327485, 0.1015044655, 2838.3542, 2750.2083, 759.4350, 19.3687
2025-12-11 02:40:11, 0.0935727383, 0.0998200094, 0.1384422566, 0.1555865422, 3015.7805, 3005.6341, 759.9850, 17.9773
2025-12-11 02:40:17, 0.0886165287, 0.0704888566, 0.0902787789, 0.0751018871, 2914.2182, 2886.4182, 758.2450, 20.5084
2025-12-11 02:40:23, 0.0841105804, 0.0832443430, 0.1228989120, 0.1196466730, 2823.6000, 2887.2200, 758.7450, 16.8805
2025-12-11 02:40:29, 0.0982189223, 0.1109103414, 0.1004670114, 0.0834403703, 2847.0370, 2821.4444, 758.2800, 18.1943
2025-12-11 02:40:35, 0.1035880110, 0.1098529605, 0.0877818514, 0.0932107302, 2824.7500, 2830.8636, 758.7800, 19.5467
2025-12-11 02:40:40, 0.1234182358, 0.0967953963, 0.0766374382, 0.0847524956, 2966.6757, 3044.1351, 756.2900, 21.4312
2025-12-11 02:40:46, 0.1480615251, 0.1156713341, 0.1465457531, 0.1197253555, 2964.6415, 3010.7358, 760.2250, 18.7945
2025-12-11 02:40:52, 0.1046835761, 0.1018928112, 0.0448595288, 0.0582063397, 2664.2000, 2642.6909, 762.6250, 20.4067
2025-12-11 02:40:57, 0.1169580104, 0.1337311734, 0.0752004791, 0.0678979419, 3078.4902, 3005.2157, 762.5100, 19.2834
2025-12-11 02:41:03, 0.1365279703, 0.1239340817, 0.1283595425, 0.1403785883, 2868.7971, 2901.0725, 763.4050, 19.3246
2025-12-11 02:41:09, 0.1158164081, 0.1384531485, 0.1223218105, 0.0946374087, 2978.2439, 2913.5122, 760.9700, 17.5368
2025-12-11 02:41:15, 0.1202447354, 0.1281986815, 0.0660205762, 0.0608117536, 2974.0784, 2936.4902, 757.8700, 19.5019
2025-12-11 02:41:20, 0.1260376108, 0.0885293260, 0.0363752731, 0.0503701484, 2956.9107, 2908.1250, 758.1850, 20.8176
2025-12-11 02:41:26, 0.1307126958, 0.0988140174, 0.1129396355, 0.0932432057, 3080.2941, 3101.3137, 758.4050, 19.4664
2025-12-11 02:41:32, 0.1709106147, 0.1228403011, 0.0802830910, 0.0710884647, 2656.5217, 2687.0870, 756.4750, 19.3541
2025-12-11 02:41:37, 0.1384056891, 0.1063325050, 0.0721786027, 0.0757686153, 2686.1556, 2699.3556, 758.3300, 20.4886
2025-12-11 02:41:43, 0.1238671832, 0.0940169869, 0.0840060792, 0.0851644835, 2582.2157, 2544.1765, 759.5100, 21.2379
2025-12-11 02:41:48, 0.1163141159, 0.0717843648, 0.0713380029, 0.0572492424, 2821.8077, 2777.6731, 757.7500, 18.4371
2025-12-11 02:41:55, 0.1623156164, 0.1206371318, 0.1000638236, 0.0854542003, 2722.5082, 2718.7213, 759.2950, 19.2559
2025-12-11 02:42:01, 0.0879727161, 0.1225621099, 0.0777008679, 0.0703686025, 3051.0200, 2987.3600, 757.2250, 20.4425
2025-12-11 02:42:06, 0.1464263219, 0.1565361265, 0.0807059506, 0.0900210245, 3110.4737, 3021.8421, 759.4600, 21.1371
2025-12-11 02:42:12, 0.1145075392, 0.1436426159, 0.0844303792, 0.1044316044, 2755.2264, 2739.3962, 758.9850, 18.6275
2025-12-11 02:42:18, 0.1043871658, 0.0883714080, 0.0958949586, 0.0973742863, 2752.0000, 2862.4426, 760.9650, 19.0382
2025-12-11 02:42:24, 0.1455678112, 0.1262481324, 0.1206283655, 0.1207593570, 3061.3556, 3027.7778, 756.8800, 19.3581
2025-12-11 02:42:29, 0.1192525648, 0.1230369429, 0.0557228318, 0.0844225924, 2672.5294, 2832.9020, 762.7200, 21.3757
2025-12-11 02:42:35, 0.1233807340, 0.1024268232, 0.0764992333, 0.0733456438, 2821.6724, 2846.1724, 762.4300, 17.9152
2025-12-11 02:42:41, 0.1073402102, 0.1204632185, 0.0416702973, 0.0561916578, 2734.8276, 2827.2069, 762.6250, 19.3769
2025-12-11 02:42:46, 0.1041988875, 0.1417919271, 0.0749625319, 0.0579639735, 3026.0000, 2960.3830, 761.1650, 20.7173
2025-12-11 02:42:52, 0.1050800215, 0.1057387695, 0.0632704979, 0.0492121478, 2876.7193, 2902.9123, 762.9600, 18.9792
2025-12-11 02:42:59, 0.1260143823, 0.1128589294, 0.0532997650, 0.0389569753, 2973.0714, 2861.8571, 762.4700, 21.0701
2025-12-11 02:43:04, 0.1328746478, 0.1025904838, 0.0481512020, 0.0493448500, 2790.4531, 2759.0938, 761.9550, 21.1810
2025-12-11 02:43:10, 0.1342024053, 0.1131873172, 0.0514122043, 0.0405742704, 2928.7391, 2916.1957, 764.5900, 22.1326
2025-12-11 02:43:16, 0.0787633012, 0.0629652571, 0.0695368226, 0.0593382314, 2827.2295, 2709.5738, 763.0800, 21.8159
2025-12-11 02:43:21, 0.1302300692, 0.1182019385, 0.0539270565, 0.0408553866, 2934.8723, 2916.2128, 764.0250, 19.1972
2025-12-11 02:43:27, 0.0865075538, 0.0889257086, 0.0873449241, 0.0834435552, 3055.1964, 2953.9821, 764.5750, 20.9027
2025-12-11 02:43:33, 0.1183585612, 0.1073247798, 0.0620319277, 0.0634226482, 3004.6591, 3079.6818, 763.9700, 19.7643
2025-12-11 02:43:39, 0.1093744676, 0.0827930603, 0.0683077145, 0.0535233521, 2746.1458, 2682.4583, 759.6850, 18.1985
2025-12-11 02:43:44, 0.1772907310, 0.1681975209, 0.0467871220, 0.0578484792, 2802.2034, 2892.7119, 762.9700, 19.0202
2025-12-11 02:43:50, 0.1122516226, 0.1164716894, 0.0564744172, 0.0427678666, 2824.8167, 2760.1833, 758.8350, 19.7228
2025-12-11 02:43:56, 0.1462265457, 0.1515402636, 0.0615388854, 0.0471834590, 2912.3235, 2886.5441, 760.0100, 18.3467
2025-12-11 02:44:02, 0.1239118471, 0.1108218081, 0.0683548700, 0.0564195053, 2962.7143, 2849.0408, 759.5250, 18.3188
2025-12-11 02:44:08, 0.1096813887, 0.0849877610, 0.0598892516, 0.0396524035, 3018.2778, 2924.8889, 758.4350, 19.1616
2025-12-11 02:44:13, 0.1194330113, 0.0941049754, 0.0554637784, 0.0476751061, 3133.0000, 3027.1556, 759.1250, 19.1525
2025-12-11 02:44:19, 0.1764404849, 0.1707316118, 0.0660394534, 0.0863213040, 2842.6727, 2870.2909, 754.4050, 18.4318
2025-12-11 02:44:25, 0.1511995331, 0.1421618360, 0.0590707846, 0.0513734794, 3054.1707, 3058.1707, 758.0950, 18.1793
2025-12-11 02:44:31, 0.1580160593, 0.1233326509, 0.0548334539, 0.0486240108, 2826.8136, 2841.9661, 756.2400, 16.4141
2025-12-11 02:44:37, 0.1494587602, 0.1251519874, 0.0777791613, 0.0492310790, 2940.2500, 2930.1806, 759.3700, 19.4942
2025-12-11 02:44:42, 0.1665704741, 0.1657636487, 0.0497311531, 0.0626858567, 2966.9608, 2976.9608, 758.1300, 17.9790
2025-12-11 02:44:48, 0.1148340807, 0.1135662779, 0.0541705059, 0.0459885681, 3004.6154, 2983.6154, 754.8400, 17.5281
2025-12-11 02:44:54, 0.1049911304, 0.1255022597, 0.0449556342, 0.0576627897, 2898.7391, 2833.5870, 756.7250, 16.2055
2025-12-11 02:44:59, 0.2452978669, 0.1436310228, 0.0431801068, 0.0504884951, 3075.3421, 3032.0000, 756.0750, 17.7522
2025-12-11 02:45:05, 0.1317740113, 0.1244580408, 0.0569085509, 0.0493778686, 2850.3158, 2766.6667, 759.2600, 18.3786
2025-12-11 02:45:11, 0.1347521407, 0.1076893662, 0.0641658843, 0.0870266982, 3116.0345, 2989.8276, 758.1350, 18.8666
2025-12-11 02:45:16, 0.0892725326, 0.0898534504, 0.1304409256, 0.0970010695, 2914.2692, 2790.8654, 759.6000, 18.0494
2025-12-11 02:45:22, 0.1632063662, 0.1334471124, 0.0480141702, 0.0417164967, 3140.9130, 3001.4348, 758.0350, 16.1739
2025-12-11 02:45:28, 0.0981614836, 0.0917227081, 0.0452134254, 0.0446654414, 3043.1957, 2945.9565, 756.0450, 17.7032
2025-12-11 02:45:33, 0.1168247991, 0.1043837884, 0.0502254727, 0.0429453394, 2806.5893, 2693.0714, 756.6300, 17.0427
2025-12-11 02:45:39, 0.1687776395, 0.1233978415, 0.0667223467, 0.0623638258, 2775.8889, 2870.7111, 759.1400, 18.8765
2025-12-11 02:45:45, 0.1475725024, 0.1315286225, 0.0666573244, 0.0622592600, 3098.1026, 3027.4103, 760.2300, 17.5119
2025-12-11 02:45:50, 0.1591198872, 0.1367418967, 0.0510017990, 0.0620438990, 2982.3273, 2965.3273, 760.9800, 17.5696
2025-12-11 02:45:56, 0.1144883443, 0.1150830798, 0.0603886033, 0.0463525203, 2958.5397, 2901.4921, 760.3450, 20.3469
2025-12-11 02:46:02, 0.1055959645, 0.0859680941, 0.0459658092, 0.0582190234, 3276.7292, 3242.4792, 758.8750, 17.9003
2025-12-11 02:46:08, 0.1351116778, 0.1049472514, 0.0525731755, 0.0582713502, 2943.4118, 2852.0000, 762.0500, 18.1115
2025-12-11 02:46:13, 0.1291197520, 0.1086852220, 0.0957935748, 0.0575635225, 2668.5769, 2654.1731, 762.3400, 18.4652
2025-12-11 02:46:19, 0.1431160151, 0.1600595001, 0.0511201930, 0.0489022160, 3009.6034, 2980.6034, 762.6100, 18.1278
2025-12-11 02:46:25, 0.0982370703, 0.0856246147, 0.0798870692, 0.0558173291, 3017.8182, 2863.5455, 760.1650, 18.2342
2025-12-11 02:46:31, 0.0796596155, 0.1189920610, 0.0720672557, 0.0423717438, 2930.1176, 2960.1765, 760.4600, 18.2537
2025-12-11 02:46:37, 0.0942841577, 0.0948572737, 0.1144779443, 0.0816690298, 2964.0755, 3007.6226, 758.7800, 17.6236
2025-12-11 02:46:42, 0.1038868056, 0.1169575429, 0.0582648031, 0.0630045548, 2712.8077, 2702.7885, 760.3500, 19.2223
2025-12-11 02:46:48, 0.0969563576, 0.1008280876, 0.0715798286, 0.0870897668, 2826.5102, 2937.4082, 761.8600, 19.4972
2025-12-11 02:46:54, 0.1140357092, 0.1191463736, 0.0849514406, 0.0993746448, 3042.1803, 3016.8033, 762.1900, 17.0568
2025-12-11 02:46:59, 0.1357874948, 0.1178681471, 0.0731673313, 0.0745228253, 2803.0351, 2777.9825, 760.8350, 19.0394
2025-12-11 02:47:05, 0.1483576524, 0.1229238691, 0.0783263766, 0.0662422271, 2868.1176, 2818.9265, 760.7550, 17.4612
2025-12-11 02:47:11, 0.1539626532, 0.1199997338, 0.0783895950, 0.0586226244, 2822.7143, 2823.1429, 760.2650, 19.6376
2025-12-11 02:47:17, 0.1291628625, 0.0983434035, 0.0897629657, 0.0960842732, 2978.4651, 2946.3953, 758.8200, 18.8292
2025-12-11 02:47:22, 0.1942294921, 0.1618152987, 0.0839666499, 0.0941551495, 2871.2203, 2843.1695, 761.4200, 20.1828
2025-12-11 02:47:28, 0.1179179958, 0.2137365020, 0.0560776005, 0.0559612582, 2665.2143, 2604.6667, 758.1700, 19.1505
2025-12-11 02:47:34, 0.1601926050, 0.1043208682, 0.0815284080, 0.0570463943, 2992.2321, 2980.2679, 758.2900, 18.8861
2025-12-11 02:47:40, 0.1191896675, 0.1501686468, 0.0688041337, 0.0667915731, 3043.9608, 2911.0784, 759.9650, 19.9581
2025-12-11 02:47:45, 0.1620576381, 0.1730204073, 0.0846159395, 0.0752919263, 2889.2750, 2957.8750, 757.3800, 19.2685
2025-12-11 02:47:51, 0.1513123786, 0.1453245851, 0.0629493501, 0.0463504214, 2849.0556, 2971.9074, 758.2900, 18.4468
2025-12-11 02:47:57, 0.1420396859, 0.1154464167, 0.0807784609, 0.0726710342, 2986.2549, 2963.0784, 758.9300, 18.2750
2025-12-11 02:48:02, 0.1113825003, 0.1303477349, 0.0738969918, 0.0680350346, 2769.3800, 2711.6400, 758.5250, 17.4462
2025-12-11 02:48:08, 0.1314657444, 0.1452949378, 0.0675150261, 0.0675540157, 2825.5882, 2875.7255, 754.1350, 17.8103
2025-12-11 02:48:14, 0.0905297013, 0.0845571011, 0.0679788409, 0.0553212056, 2946.5789, 2952.6842, 754.2850, 19.7859
2025-12-11 02:48:20, 0.1591436194, 0.1326067812, 0.1173783954, 0.0951324890, 2756.0286, 2805.8000, 754.5150, 18.2148
2025-12-11 02:48:26, 0.1556687847, 0.1356131617, 0.0810130464, 0.0688933535, 2700.5686, 2782.2157, 753.3200, 17.7448
2025-12-11 02:48:31, 0.1441169462, 0.1376385604, 0.0545120883, 0.0526915441, 2791.2979, 2768.0851, 755.2200, 18.4351
2025-12-11 02:48:37, 0.1144457164, 0.1158932067, 0.0939546881, 0.0816375155, 2964.7500, 2875.8833, 753.7700, 17.5601
2025-12-11 02:48:43, 0.1026709164, 0.1240957992, 0.1285161606, 0.0992078192, 2887.5306, 2883.4286, 751.9450, 17.7779
2025-12-11 02:48:48, 0.1509254603, 0.1252544948, 0.0749765006, 0.0602035962, 2908.4688, 2875.4062, 750.8250, 17.9734
2025-12-11 02:48:54, 0.1655349062, 0.1529679720, 0.1167401350, 0.1390128797, 2832.3509, 2894.3684, 751.1450, 17.8338
2025-12-11 02:49:00, 0.1357984420, 0.0999152254, 0.0839151873, 0.0677947817, 2834.1000, 2848.3800, 749.8550, 17.5543
2025-12-11 02:49:05, 0.1042122969, 0.1230915623, 0.0622748440, 0.0564884786, 2742.5472, 2790.7925, 751.2300, 18.4685
2025-12-11 02:49:11, 0.1864039064, 0.1529100497, 0.0997567246, 0.0886206636, 2810.3922, 2727.2353, 751.5750, 19.1200
2025-12-11 02:49:17, 0.1176043960, 0.1195841930, 0.1339629296, 0.1006310539, 3005.8913, 3135.8696, 750.7000, 19.0827
2025-12-11 02:49:23, 0.1004982708, 0.1104911506, 0.0968112771, 0.0625793268, 2862.7143, 2814.5476, 754.1150, 17.8536
2025-12-11 02:49:29, 0.1396845812, 0.1635882184, 0.0784970475, 0.0682831891, 2874.7451, 3038.8039, 752.5650, 17.9166
2025-12-11 02:49:34, 0.1373993177, 0.1289418490, 0.0640713637, 0.0707159722, 2846.9123, 2908.7895, 752.4900, 17.1298
2025-12-11 02:49:40, 0.1319208106, 0.1171148022, 0.0609406077, 0.0654678864, 2816.9592, 2912.1429, 752.3100, 19.1080
2025-12-11 02:49:46, 0.1625646311, 0.1230002534, 0.1057449428, 0.0841070571, 3036.3750, 3021.3750, 753.4150, 15.8519
2025-12-11 02:49:52, 0.1189878004, 0.1336820569, 0.0693207059, 0.0852701672, 2792.9130, 3003.6739, 753.6450, 20.8593
2025-12-11 02:49:57, 0.1189410184, 0.0978322342, 0.0682731333, 0.0770948373, 2763.9455, 2785.9273, 753.5300, 18.2961
2025-12-11 02:50:03, 0.1227411317, 0.1239669528, 0.0695408539, 0.0560767214, 2781.5273, 2743.7091, 752.8950, 20.0595
2025-12-11 02:50:09, 0.1320398029, 0.1036626379, 0.0629318402, 0.0739105032, 2807.7500, 2780.1923, 754.7300, 17.5393
2025-12-11 02:50:14, 0.1204141110, 0.1333854311, 0.0646220830, 0.0666725797, 2766.9600, 2752.9800, 757.2650, 18.1652
2025-12-11 02:50:20, 0.1384731364, 0.1265693663, 0.0578193014, 0.0617663946, 2793.6667, 2979.2381, 757.2500, 18.5808
2025-12-11 02:50:26, 0.1570182008, 0.1242622498, 0.0954901722, 0.0535956364, 3086.5490, 3004.0392, 756.9250, 17.9441
2025-12-11 02:50:31, 0.1950205049, 0.1453562558, 0.0817693381, 0.0668658251, 2850.9608, 2892.8431, 753.0100, 17.9033
2025-12-11 02:50:37, 0.1884054213, 0.1301440690, 0.0861364229, 0.0780884294, 2828.3148, 2874.1111, 755.6850, 17.2582
2025-12-11 02:50:43, 0.1394077030, 0.1261006455, 0.0798534219, 0.0848052347, 2718.3559, 2739.0339, 756.7650, 19.1026
2025-12-11 02:50:49, 0.1160071106, 0.1124072540, 0.0523274140, 0.0490398573, 2795.3404, 2788.7447, 752.9000, 18.5089
2025-12-11 02:50:54, 0.0988444296, 0.0940401612, 0.0832849917, 0.0758916504, 2968.1167, 2944.6667, 755.6850, 18.5913
2025-12-11 02:51:00, 0.1154984985, 0.1093860526, 0.0684253815, 0.0533830992, 2958.2250, 2928.6750, 755.3650, 18.4321
2025-12-11 02:51:06, 0.1369736459, 0.1482146971, 0.1016453566, 0.1043246628, 2768.8421, 2792.3421, 755.9450, 16.6611
2025-12-11 02:51:12, 0.2085073058, 0.1426439591, 0.0980670460, 0.0849848881, 2784.5111, 2768.1556, 753.4400, 18.8525
2025-12-11 02:51:18, 0.1673012192, 0.1481784941, 0.1184924526, 0.1033722572, 2926.9487, 2939.4872, 756.5900, 18.5928
2025-12-11 02:51:23, 0.1572989186, 0.1607875800, 0.1018778321, 0.1115239833, 2794.6939, 2781.8367, 757.0750, 16.5221
2025-12-11 02:51:29, 0.1815824872, 0.1811793761, 0.0652995190, 0.0732034569, 2819.8750, 2941.0250, 754.5650, 19.1362
2025-12-11 02:51:35, 0.1158918292, 0.1392053835, 0.0819940560, 0.0887025960, 2947.4737, 3002.5965, 755.5500, 18.9295
2025-12-11 02:51:41, 0.1867853480, 0.1516622069, 0.0645938430, 0.0594584199, 2743.9273, 2820.4909, 755.0150, 20.4701
2025-12-11 02:51:46, 0.1609748107, 0.1295951571, 0.0549006512, 0.0575215598, 2961.6909, 3015.9636, 759.0850, 20.0362
2025-12-11 02:51:52, 0.1518247495, 0.1216516402, 0.1091306544, 0.0788738930, 3105.1746, 3008.8889, 753.7600, 20.3202
2025-12-11 02:51:58, 0.1051069712, 0.1103215131, 0.1140358963, 0.0967604524, 2940.1167, 2970.3667, 755.5100, 19.3528
2025-12-11 02:52:04, 0.1721987332, 0.1579762539, 0.1131868554, 0.0849594584, 2817.8478, 2770.8043, 759.2900, 18.3751
2025-12-11 02:52:09, 0.1191518682, 0.1202996496, 0.0730132294, 0.0730249900, 3013.5882, 2964.4853, 759.1000, 18.5766
2025-12-11 02:52:15, 0.1138811749, 0.1428444092, 0.0787334593, 0.0746344431, 2932.0200, 3002.3400, 758.7100, 17.1984
2025-12-11 02:52:21, 0.1321033476, 0.1155731437, 0.0997407287, 0.0850268878, 2849.3774, 2885.6038, 758.1500, 21.4191
2025-12-11 02:52:26, 0.1635654010, 0.1606902093, 0.0678258517, 0.0862768052, 2925.9825, 2941.9474, 757.6100, 17.6609
2025-12-11 02:52:32, 0.1560064576, 0.1326188854, 0.1016511816, 0.0704691242, 2794.8261, 2776.4348, 759.7050, 19.5105
2025-12-11 02:52:38, 0.0908287810, 0.1082422514, 0.1014466569, 0.1111103627, 2955.0189, 3044.8868, 761.8800, 20.1865
2025-12-11 02:52:44, 0.1438593075, 0.1169231965, 0.0936546702, 0.0804397633, 2769.0732, 2881.8537, 758.2000, 18.9505
2025-12-11 02:52:50, 0.1127114577, 0.1022265679, 0.0709397281, 0.0708428014, 3066.1400, 3058.9800, 760.4050, 20.9483
2025-12-11 02:52:55, 0.1311810718, 0.1026427613, 0.0707584876, 0.0808527375, 3083.8085, 3085.1702, 759.7350, 19.7435
2025-12-11 02:53:01, 0.1812313377, 0.1285436623, 0.0655588167, 0.0547577493, 2792.7600, 2788.9400, 759.0750, 19.3987
2025-12-11 02:53:07, 0.0916588237, 0.1266622003, 0.0856350538, 0.0901925578, 2945.4800, 2797.0800, 758.9900, 22.1529
2025-12-11 02:53:12, 0.1634002983, 0.1405575948, 0.1048433904, 0.1132778235, 3117.8571, 3185.1667, 760.0650, 20.8950
2025-12-11 02:53:18, 0.1321431606, 0.1457854117, 0.0847036118, 0.0896078300, 2596.0741, 2697.8889, 762.8600, 19.9374
2025-12-11 02:53:24, 0.1335747239, 0.1263112727, 0.0606439847, 0.0806630453, 2703.4737, 2851.0789, 762.5000, 19.4306
2025-12-11 02:53:29, 0.0911533913, 0.1344194701, 0.1054897408, 0.1156996736, 3109.2364, 3182.6909, 759.3700, 18.4671
2025-12-11 02:53:35, 0.1374349193, 0.1300708820, 0.1307809544, 0.1101802668, 2931.7727, 2946.9091, 760.7900, 18.5112
2025-12-11 02:53:41, 0.1446786219, 0.1328623869, 0.0898106749, 0.0923789302, 2932.0270, 2769.4054, 760.9150, 18.1823
2025-12-11 02:53:46, 0.1646494128, 0.1159399418, 0.1080996907, 0.1063124756, 2913.6923, 2915.2308, 756.1300, 16.6911
2025-12-11 02:53:52, 0.1405303051, 0.1227755973, 0.1007390276, 0.0871092558, 2885.9038, 2983.0192, 760.1450, 19.1014
2025-12-11 02:53:58, 0.1838497777, 0.1494160235, 0.0650916064, 0.0674639051, 2545.4737, 2556.4386, 758.2650, 19.2786
2025-12-11 02:54:04, 0.1878449682, 0.1420631436, 0.0838085603, 0.1011661052, 3046.4390, 3102.4878, 758.8800, 19.4323
2025-12-11 02:54:10, 0.1768985563, 0.1458919447, 0.1378025232, 0.1548419067, 3012.4655, 3158.1207, 756.0750, 18.7155
2025-12-11 02:54:15, 0.1508709009, 0.1259650387, 0.1484977429, 0.1169531789, 2934.6739, 3030.4130, 758.5800, 19.4212
2025-12-11 02:54:21, 0.1826341204, 0.1712363819, 0.0791588801, 0.0802165213, 3081.8302, 3000.9057, 756.2200, 16.6620
2025-12-11 02:54:27, 0.1586034406, 0.1533051590, 0.0877813297, 0.0684596987, 2842.6600, 2800.9000, 757.5900, 19.7439
2025-12-11 02:54:32, 0.1337640005, 0.1271716915, 0.1199221583, 0.1136881930, 3005.7045, 2953.5909, 754.7800, 20.0669
2025-12-11 02:54:38, 0.1101870399, 0.1158127852, 0.1147858993, 0.0869083520, 2909.4419, 2889.1860, 757.4400, 21.4041
2025-12-11 02:54:44, 0.1029655739, 0.0949778676, 0.0989721205, 0.1378587971, 2662.1818, 2713.6364, 761.1300, 18.8741
2025-12-11 02:54:49, 0.1294803936, 0.1281456802, 0.0762238311, 0.0644764804, 2512.2400, 2674.6800, 759.8700, 18.4061
2025-12-11 02:54:56, 0.1329969129, 0.1168258505, 0.0855699870, 0.0858510326, 3082.1071, 3097.7143, 760.9200, 20.1389
2025-12-11 02:55:01, 0.1048796451, 0.0911388808, 0.1294990834, 0.1136102828, 2857.5789, 2924.9123, 760.3800, 18.1471
2025-12-11 02:55:07, 0.1270622340, 0.1070956005, 0.0810549132, 0.0678741939, 3106.8205, 3241.6154, 758.2450, 18.1120
2025-12-11 02:55:13, 0.1309583302, 0.1521666992, 0.0979051434, 0.1088262969, 2737.3922, 2892.8824, 757.6500, 19.0057
2025-12-11 02:55:18, 0.0906004153, 0.1392306757, 0.0815455364, 0.0631856069, 2715.8125, 2736.9792, 758.2900, 18.5320
2025-12-11 02:55:24, 0.0984345897, 0.0768865120, 0.0951064938, 0.0970015760, 2710.1509, 2768.6792, 759.8900, 17.6116
2025-12-11 02:55:30, 0.2098253331, 0.1567595801, 0.0772448315, 0.0566080755, 2824.7021, 2886.0426, 754.8400, 18.3075
2025-12-11 02:55:35, 0.1281497633, 0.1382832288, 0.1383126907, 0.0990213645, 2805.7872, 2745.5106, 759.2250, 19.4192
2025-12-11 02:55:41, 0.0801404101, 0.0922956439, 0.1471443185, 0.1079287136, 3077.5882, 2971.0392, 759.2350, 18.0795
2025-12-11 02:55:47, 0.1091166686, 0.0951400198, 0.0828562567, 0.0712787234, 3046.2264, 2968.0755, 757.0250, 17.5558
2025-12-11 02:55:52, 0.1017426536, 0.0888293826, 0.0713817065, 0.0693952484, 2857.9216, 2905.1961, 759.9500, 18.1887
2025-12-11 02:55:58, 0.1269368206, 0.1331546886, 0.0742138230, 0.0695119305, 3039.7872, 3115.9149, 759.2250, 19.1150
2025-12-11 02:56:04, 0.1089012103, 0.1318280932, 0.0883747765, 0.0826189273, 2914.7632, 3154.6316, 750.3900, 17.8134
2025-12-11 02:56:10, 0.1628499988, 0.1339253529, 0.0659697251, 0.0696525001, 2951.2000, 2914.4333, 756.2050, 16.7345
2025-12-11 02:56:16, 0.1960525382, 0.1345996200, 0.1287865853, 0.1192531615, 2845.3774, 2936.2453, 751.0300, 19.0953
2025-12-11 02:56:21, 0.1415651428, 0.1366438702, 0.1156009785, 0.1394746346, 2948.5800, 3073.7600, 752.4050, 17.8855
2025-12-11 02:56:27, 0.0968839374, 0.1114003453, 0.1461753451, 0.1270916332, 2975.9245, 3021.3585, 751.6750, 17.7646
2025-12-11 02:56:33, 0.1103214077, 0.0981639774, 0.0672371169, 0.0890226739, 2823.3400, 2980.2800, 749.1750, 19.4259
2025-12-11 02:56:39, 0.1157543634, 0.1483804348, 0.1295127978, 0.0961162006, 2863.6047, 2941.3721, 755.2200, 16.5630
2025-12-11 02:56:44, 0.1320795173, 0.0965411640, 0.0548105089, 0.0431378223, 2933.2340, 3015.0000, 749.2850, 17.1226
2025-12-11 02:56:50, 0.1807553165, 0.1225453375, 0.0685807182, 0.0840513666, 2924.5417, 3005.6250, 749.3000, 18.3453
2025-12-11 02:56:56, 0.1076050047, 0.1158323791, 0.0780132026, 0.0855612476, 2665.6500, 2714.7250, 751.5550, 17.5740
2025-12-11 02:57:01, 0.0857604684, 0.0853193893, 0.0923691572, 0.0716743920, 2649.2364, 2694.2545, 748.9200, 19.0246
2025-12-11 02:57:07, 0.1499788402, 0.0999549213, 0.1022031684, 0.0971382905, 2710.8627, 2784.1961, 746.2700, 17.7135
2025-12-11 02:57:13, 0.1112893343, 0.1015910696, 0.1551351603, 0.1441348737, 2839.4200, 2870.5800, 746.7450, 20.1970
2025-12-11 02:57:18, 0.0972091573, 0.1119030127, 0.1499049039, 0.1297497117, 2695.0444, 2742.1778, 746.5600, 17.4870
2025-12-11 02:57:24, 0.0726350581, 0.0688578185, 0.0940520000, 0.0771737515, 2750.6735, 2688.2449, 746.9550, 17.7074
2025-12-11 02:57:30, 0.1139773898, 0.1266621644, 0.1340076698, 0.1278874870, 2816.3684, 2806.3421, 745.9450, 18.4587
2025-12-11 02:57:35, 0.1414331015, 0.1577288005, 0.0936724689, 0.0927248977, 3030.8333, 3075.4583, 744.4800, 19.2200
2025-12-11 02:57:41, 0.1440545782, 0.1994843046, 0.1423200466, 0.1560797292, 2982.2826, 2881.4783, 747.9250, 19.2486
2025-12-11 02:57:47, 0.1273764334, 0.1380739178, 0.1180248539, 0.1402023380, 2747.7708, 2805.2708, 752.9800, 17.4373
2025-12-11 02:57:53, 0.1082475118, 0.1143468705, 0.0855540786, 0.1184558201, 2869.5152, 2909.8788, 746.4550, 17.8176
2025-12-11 02:57:59, 0.0680823486, 0.0787962529, 0.0890054928, 0.1133646006, 2616.5965, 2604.8596, 754.7150, 17.9895
2025-12-11 02:58:04, 0.1167093329, 0.1250302431, 0.0922091698, 0.1055302568, 2914.5102, 3038.4898, 756.2150, 19.4884
2025-12-11 02:58:10, 0.1145896153, 0.1192549849, 0.0890266546, 0.0902068401, 2990.4815, 3164.9074, 754.5050, 20.8995
2025-12-11 02:58:16, 0.1277892974, 0.0901764803, 0.1469620744, 0.0767430972, 3078.4167, 3006.5278, 755.0800, 18.5616
2025-12-11 02:58:21, 0.1086149470, 0.1081142592, 0.1423878626, 0.1071123361, 2831.4400, 2752.2200, 754.8800, 18.6471
2025-12-11 02:58:27, 0.1425541304, 0.1289568289, 0.1193161950, 0.0806156546, 2859.2979, 2917.8298, 756.5900, 20.9917
2025-12-11 02:58:33, 0.1355053955, 0.1372618615, 0.1165375547, 0.1027973184, 2657.8095, 2703.8095, 753.4350, 18.4384
2025-12-11 02:58:38, 0.1113965817, 0.1051528523, 0.1653464642, 0.1515055621, 3089.0286, 3301.6571, 756.1400, 18.0923
2025-12-11 02:58:44, 0.1334547031, 0.1186897227, 0.1356225437, 0.1090135570, 2690.6038, 2748.7170, 755.9050, 18.8041
2025-12-11 02:58:50, 0.1562980034, 0.1329508777, 0.1159236835, 0.1065071583, 2694.5319, 2798.1064, 755.9950, 18.0697
2025-12-11 02:58:55, 0.1140197839, 0.1099290111, 0.0830074061, 0.0714977209, 2742.0508, 2725.1525, 753.6400, 19.6644
2025-12-11 02:59:01, 0.1285717031, 0.1127974207, 0.1470160980, 0.1717404149, 2843.5152, 2889.1818, 756.2300, 18.4021
2025-12-11 02:59:07, 0.0607456770, 0.0609121699, 0.1710392783, 0.1677386757, 2820.1020, 2844.1633, 755.9350, 19.8348
2025-12-11 02:59:13, 0.0901040459, 0.1047465950, 0.1118073157, 0.0967053975, 2841.3000, 2890.0250, 754.8650, 19.8582
2025-12-11 02:59:19, 0.0734463169, 0.0796149639, 0.1447814426, 0.1527207905, 2809.3333, 2906.5238, 755.7450, 18.4870
2025-12-11 02:59:25, 0.1067633772, 0.0760291785, 0.0855078690, 0.1010365610, 3006.7800, 3081.1800, 755.9000, 19.6443
2025-12-11 02:59:30, 0.1042232841, 0.1049971839, 0.1192955411, 0.1079403482, 2896.3077, 2811.2308, 756.1450, 19.6849
2025-12-11 02:59:36, 0.0851968318, 0.0947342463, 0.1827566311, 0.1012754342, 3168.9815, 3129.1111, 754.5850, 18.9360
2025-12-11 02:59:42, 0.1052092829, 0.0799605831, 0.0681488462, 0.0614301286, 2843.2951, 2859.2459, 756.2200, 18.3265
2025-12-11 02:59:47, 0.1219686215, 0.0923211215, 0.0678576045, 0.0942878366, 2954.4762, 3154.6667, 755.3100, 19.9826
2025-12-11 02:59:53, 0.0956663289, 0.1033208197, 0.0936849615, 0.1072110039, 2910.2619, 2885.0714, 746.8100, 18.4630
2025-12-11 02:59:59, 0.1455666782, 0.1190761146, 0.0847230632, 0.1008824261, 2909.5333, 2908.0167, 750.1900, 20.3856
2025-12-11 03:00:04, 0.1646349024, 0.1429895497, 0.1379851288, 0.0950111407, 3219.5532, 3085.5319, 750.3850, 17.9582
2025-12-11 03:00:10, 0.1311984197, 0.1527532369, 0.0827471924, 0.1011077878, 2617.5385, 2707.2885, 750.5900, 18.8818
2025-12-11 03:00:16, 0.1158944577, 0.0962206139, 0.1043560381, 0.1341257635, 3068.5745, 3072.4468, 752.6250, 19.1613
2025-12-11 03:00:22, 0.1527262534, 0.1167927487, 0.0899174586, 0.0800443627, 2871.8475, 2822.5593, 747.1600, 20.6110
2025-12-11 03:00:27, 0.1305375046, 0.1292208946, 0.0833179645, 0.0848983097, 2647.1053, 2734.5526, 747.6200, 19.4907
2025-12-11 03:00:33, 0.1199466438, 0.1221520444, 0.0866982104, 0.0826529189, 2729.2195, 2790.2195, 752.3400, 18.2440
2025-12-11 03:00:39, 0.1412949031, 0.1394980668, 0.0886704153, 0.0871138731, 2616.9808, 2716.9423, 752.1600, 19.6149
2025-12-11 03:00:44, 0.1519912927, 0.1585969603, 0.0836598685, 0.0675162851, 2911.5128, 2929.9231, 752.4550, 18.0704
2025-12-11 03:00:50, 0.1439398498, 0.1522513781, 0.0903216628, 0.0844456874, 2971.6290, 2858.2903, 751.2400, 16.5919
2025-12-11 03:00:56, 0.1215719389, 0.1052762913, 0.0811958389, 0.0758903611, 2852.9474, 2850.1316, 757.5300, 18.5610
2025-12-11 03:01:02, 0.1346549798, 0.1071215491, 0.1227913750, 0.0896848566, 3024.2500, 3008.4792, 755.1350, 19.2587
2025-12-11 03:01:07, 0.1247922813, 0.1076177247, 0.0694677451, 0.0771447207, 2714.5000, 2790.3542, 757.0100, 18.4575
2025-12-11 03:01:13, 0.1074975488, 0.1138283766, 0.1222425033, 0.1267335880, 2758.8103, 2878.5862, 756.1550, 18.7190
2025-12-11 03:01:19, 0.1360320563, 0.1197963948, 0.0726284658, 0.0780715332, 2910.0000, 2907.3111, 759.4900, 20.4866
2025-12-11 03:01:24, 0.0695357750, 0.0838761421, 0.0620416525, 0.0610683946, 2833.5800, 2796.3800, 757.9300, 19.4274
2025-12-11 03:01:30, 0.0606672642, 0.0628603486, 0.0646407970, 0.0914532320, 2873.7069, 2942.7586, 757.1850, 17.8449
2025-12-11 03:01:36, 0.0975927927, 0.0909550267, 0.0690967529, 0.0659429583, 2821.0638, 2789.7872, 756.1500, 17.9582
2025-12-11 03:01:42, 0.1003413704, 0.1057670041, 0.0801729215, 0.0710829414, 2775.7547, 2732.5660, 756.9250, 16.9337
2025-12-11 03:01:48, 0.1267741586, 0.0920410229, 0.0657530366, 0.0647639837, 2705.3396, 2770.3396, 758.5400, 18.6485
2025-12-11 03:01:53, 0.1358112104, 0.1453335598, 0.0867144351, 0.0961541616, 3072.9804, 3125.2941, 756.9700, 17.5567
2025-12-11 03:02:00, 0.1427452970, 0.1725800525, 0.0749677189, 0.0527714428, 2937.4800, 2910.4800, 759.6050, 18.4762
2025-12-11 03:02:06, 0.1399652283, 0.1250591163, 0.0672230378, 0.0609651981, 2997.3542, 3011.0625, 759.9150, 17.0932
2025-12-11 03:02:11, 0.1072434590, 0.1265681272, 0.0921371938, 0.0823645307, 2787.1667, 2789.1667, 758.8700, 18.6953
2025-12-11 03:02:17, 0.1213446991, 0.0895429010, 0.0946593490, 0.0764520233, 3137.0392, 3192.1765, 761.0500, 16.3048
2025-12-11 03:02:23, 0.1111841743, 0.1096327487, 0.0907078543, 0.0864249007, 2832.5741, 2963.0741, 756.8700, 19.2334
2025-12-11 03:02:29, 0.1650499987, 0.1160853867, 0.0870748353, 0.0887018661, 2711.5319, 2768.7660, 754.3750, 19.2204
2025-12-11 03:02:35, 0.1107414763, 0.1294295157, 0.0827587746, 0.0588249134, 2679.7727, 2673.0227, 756.0850, 18.1237
2025-12-11 03:02:40, 0.1252383158, 0.1121373280, 0.1080421629, 0.0971218519, 2785.5962, 2739.0000, 756.0000, 17.6482
2025-12-11 03:02:46, 0.0648525804, 0.0607065193, 0.1021721262, 0.1139008378, 2773.5849, 2788.1321, 755.7700, 17.2808
2025-12-11 03:02:52, 0.1217408568, 0.1109127042, 0.1178212066, 0.0751553758, 3033.3214, 3074.4821, 756.7950, 18.7308
2025-12-11 03:02:58, 0.1845376211, 0.1394414859, 0.1042112227, 0.0775331727, 2966.0980, 2918.5490, 752.4800, 17.1601
2025-12-11 03:03:03, 0.1667015879, 0.1161848923, 0.1067796445, 0.0655548342, 2761.1224, 2702.7755, 754.6100, 17.7834
2025-12-11 03:03:09, 0.1170703825, 0.0998392919, 0.0929893757, 0.0938099373, 2767.5909, 2814.9091, 755.4350, 17.6467
2025-12-11 03:03:15, 0.0489414263, 0.0619432753, 0.1074911359, 0.0786758483, 2906.3750, 2900.7321, 753.7350, 17.2860
2025-12-11 03:03:21, 0.1106038000, 0.1024015844, 0.1055384619, 0.1015017463, 2736.7077, 2774.2923, 753.4850, 18.5505
2025-12-11 03:03:27, 0.1318362218, 0.1486862723, 0.0799200064, 0.0713091193, 2840.9024, 2892.1220, 754.5350, 18.8989
2025-12-11 03:03:33, 0.0450349223, 0.0663699351, 0.0854164206, 0.1097203940, 3058.9153, 3045.6271, 753.3350, 19.3872
2025-12-11 03:03:39, 0.1289398339, 0.1104133290, 0.1147633784, 0.1025780310, 2801.6809, 2899.1915, 757.6350, 18.5871
2025-12-11 03:03:44, 0.1527623294, 0.1351666904, 0.0774033425, 0.0880678737, 2862.1522, 2850.0000, 757.4800, 16.7454
2025-12-11 03:03:50, 0.0756887756, 0.0952408341, 0.0916165486, 0.0777466086, 2877.4590, 2936.9180, 760.0400, 17.8462
2025-12-11 03:03:55, 0.0740350394, 0.0882915096, 0.0657536161, 0.0721352942, 2922.4615, 3008.3692, 762.1250, 18.7771
2025-12-11 03:04:01, 0.0790197255, 0.0710121715, 0.0681985592, 0.0855267382, 2719.2778, 2712.9444, 760.6650, 19.9841
2025-12-11 03:04:07, 0.0821363035, 0.0748058136, 0.0706309577, 0.0528181497, 2803.7037, 2731.6296, 754.8600, 18.9212
2025-12-11 03:04:13, 0.1004113413, 0.0949229823, 0.1128596529, 0.1175370102, 2773.8837, 2873.9767, 755.7100, 17.9835
2025-12-11 03:04:18, 0.0999934719, 0.1087532380, 0.1013616222, 0.0883229656, 2858.1961, 2895.8039, 755.2650, 16.5537
2025-12-11 03:04:24, 0.0784173360, 0.0762480218, 0.0847698093, 0.1057982840, 2838.6200, 2923.4800, 763.2250, 18.8317
2025-12-11 03:04:30, 0.0819335527, 0.0921340090, 0.0969770545, 0.0790782813, 2956.1321, 2933.3774, 762.7900, 18.3934
2025-12-11 03:04:36, 0.0870852371, 0.0914722419, 0.1557776470, 0.1175867273, 2875.7111, 2893.6000, 761.4850, 17.9332
2025-12-11 03:04:41, 0.0809762370, 0.0938583919, 0.1688534937, 0.1668562560, 3229.0204, 3228.9796, 762.5400, 19.6374
2025-12-11 03:04:47, 0.0809629019, 0.0897104918, 0.0884949078, 0.0969403067, 2776.4651, 2825.5349, 762.2450, 19.3674
2025-12-11 03:04:53, 0.0879261852, 0.0624077040, 0.1622493384, 0.1406345895, 2726.4737, 2852.6667, 761.7600, 18.4166
2025-12-11 03:04:59, 0.0746647663, 0.0924583220, 0.1462001896, 0.1476151117, 2879.9500, 2891.1000, 762.3800, 18.6750
2025-12-11 03:05:04, 0.0659742366, 0.0667607608, 0.1418607814, 0.1144115428, 3111.1538, 3036.1731, 762.6600, 19.6887
2025-12-11 03:05:10, 0.1040693475, 0.0960992849, 0.1099455629, 0.1140342601, 2737.6154, 2849.1154, 762.3300, 20.0729
2025-12-11 03:05:16, 0.0746941788, 0.0672572272, 0.0936616254, 0.1054214184, 2819.1897, 2773.6552, 760.3000, 20.2124
2025-12-11 03:05:22, 0.0855626696, 0.0633921775, 0.1158360800, 0.1270690248, 2742.2174, 2858.1304, 762.9550, 18.6618
2025-12-11 03:05:29, 0.0934224849, 0.0959027409, 0.1041743028, 0.0926360603, 2896.2093, 2843.0930, 760.6100, 20.0402
2025-12-11 03:05:34, 0.0855155083, 0.0770310321, 0.1275216129, 0.1221690114, 2870.1905, 2837.2143, 761.9850, 20.3331
2025-12-11 03:05:40, 0.0847444512, 0.0901214851, 0.1692872430, 0.1956586585, 3267.2600, 3234.2000, 760.2650, 17.8613
2025-12-11 03:05:46, 0.1497260354, 0.1507100382, 0.1466308121, 0.1206386940, 2691.2222, 2700.1667, 756.8650, 18.7752
2025-12-11 03:05:51, 0.1677399752, 0.1048218224, 0.1155721939, 0.0955365655, 2832.6222, 2837.9556, 757.9850, 18.5888
2025-12-11 03:05:57, 0.1482539362, 0.1332303468, 0.1042237852, 0.0929254954, 2708.2157, 2846.5294, 757.9800, 17.9167
2025-12-11 03:06:03, 0.1317892302, 0.1153929830, 0.1977495139, 0.1344073101, 2810.2642, 2935.3019, 757.7900, 18.8220
2025-12-11 03:06:08, 0.1208980377, 0.1880415005, 0.0922227262, 0.0964769690, 2871.9688, 2991.1250, 753.4200, 18.6980
2025-12-11 03:06:14, 0.2019563509, 0.1510039510, 0.1239278488, 0.0976775151, 2811.4773, 2788.5000, 752.4050, 17.2676
2025-12-11 03:06:20, 0.1322011199, 0.1330751328, 0.0825366810, 0.1123176591, 2939.6304, 3001.4348, 752.3100, 17.6379
2025-12-11 03:06:26, 0.1114107461, 0.1358511391, 0.1877152438, 0.2081855678, 2996.6591, 3124.1818, 751.6750, 19.5233
2025-12-11 03:06:32, 0.1364323851, 0.1036191580, 0.1189969616, 0.1532087774, 3008.7447, 3045.3191, 754.5050, 18.4670
2025-12-11 03:06:37, 0.1156200705, 0.0950064305, 0.1549474093, 0.1337420023, 2912.9138, 2999.6552, 751.4400, 19.5629
2025-12-11 03:06:43, 0.1316677148, 0.1445773776, 0.1601418417, 0.1853222976, 2508.1636, 2742.2727, 753.9650, 18.7727
2025-12-11 03:06:49, 0.1092281127, 0.0982577184, 0.1097021323, 0.1258873518, 3005.0612, 3068.6327, 755.0900, 16.8117
2025-12-11 03:06:55, 0.1157190971, 0.0981501415, 0.1037228801, 0.1092185472, 2757.4565, 2895.7826, 752.8300, 18.0549
2025-12-11 03:07:00, 0.1098248525, 0.1171577220, 0.1695488789, 0.1850429212, 2948.0526, 2965.1053, 751.8150, 17.8421
2025-12-11 03:07:06, 0.1405003925, 0.1530687205, 0.1260968117, 0.1359076009, 3025.4894, 3008.8085, 751.7800, 19.0353
2025-12-11 03:07:12, 0.1267621030, 0.0994524093, 0.1478078839, 0.1116024464, 2773.3542, 2713.1458, 754.0850, 18.7459
2025-12-11 03:07:17, 0.0991000792, 0.1003683482, 0.1689797731, 0.1397166968, 2860.9149, 2814.6596, 753.1550, 20.2178
2025-12-11 03:07:23, 0.1301165613, 0.1200713216, 0.1148359211, 0.1068720774, 2935.8214, 2981.4643, 757.2400, 17.9486
2025-12-11 03:07:29, 0.1178799469, 0.1480338065, 0.0957834949, 0.0819846880, 2755.5806, 2739.3548, 756.8400, 19.1459
2025-12-11 03:07:35, 0.0927166130, 0.1023546909, 0.1397267212, 0.0945328583, 2553.3091, 2516.8545, 758.0300, 18.4247
2025-12-11 03:07:40, 0.1141504211, 0.1031944658, 0.1679404664, 0.1299112362, 2971.0566, 2834.3962, 756.9850, 18.6691
2025-12-11 03:07:46, 0.1025260993, 0.0921501479, 0.1744704222, 0.1865768393, 2759.2041, 2910.8367, 758.3950, 17.5841
2025-12-11 03:07:52, 0.0992962897, 0.0860388878, 0.2155824613, 0.2353180497, 2741.6038, 2887.7736, 760.8200, 17.8179
2025-12-11 03:07:57, 0.0920037960, 0.1053134649, 0.1298236220, 0.1414708164, 2698.0172, 2718.3103, 759.2500, 18.1325
2025-12-11 03:08:03, 0.1102567963, 0.0740047380, 0.1783603754, 0.1588809503, 2856.4792, 2726.5417, 755.3250, 17.6799
2025-12-11 03:08:09, 0.1046089848, 0.0909914706, 0.1366782015, 0.1147168539, 3047.5882, 3108.3529, 752.6400, 18.8136
2025-12-11 03:08:15, 0.0943074927, 0.1119456462, 0.1396365189, 0.1505572497, 2687.6047, 2719.7209, 753.6000, 18.6682
2025-12-11 03:08:20, 0.1204714926, 0.1098588646, 0.0965704910, 0.0960792426, 2916.5400, 3010.7200, 755.9600, 17.7406
2025-12-11 03:08:26, 0.1077855050, 0.1287527185, 0.1182885385, 0.1193339759, 2869.5102, 3015.6735, 753.9050, 17.4965
2025-12-11 03:08:32, 0.1659734090, 0.1311977455, 0.1244112099, 0.0893399951, 2876.5217, 2834.9783, 758.3900, 18.5999
2025-12-11 03:08:37, 0.1510419028, 0.1308541970, 0.1049628766, 0.1038986608, 2892.6585, 2906.0732, 756.5200, 17.9031
2025-12-11 03:08:43, 0.1206447582, 0.1312572153, 0.1481877681, 0.1249934678, 2820.2553, 2866.4894, 756.3250, 16.6865
2025-12-11 03:08:49, 0.1141047178, 0.0891943819, 0.1693711603, 0.1406575621, 2864.4490, 2913.0408, 755.6900, 18.3132
2025-12-11 03:08:55, 0.1123275366, 0.1071121568, 0.1743960353, 0.1648092584, 2565.1154, 2592.1538, 757.8000, 18.6478
2025-12-11 03:09:01, 0.1000075418, 0.1164934249, 0.1626090259, 0.1150165721, 2897.8974, 2851.3590, 755.6300, 18.9307
2025-12-11 03:09:06, 0.1272314446, 0.0952813362, 0.0951520322, 0.0915719391, 2651.9474, 2751.9737, 753.9700, 18.0341
2025-12-11 03:09:12, 0.1684035907, 0.1449679918, 0.1251497188, 0.0879965917, 2938.0833, 3010.5833, 756.4800, 17.0247
2025-12-11 03:09:18, 0.1480836348, 0.0985511727, 0.1838630538, 0.1934492696, 2878.0455, 2977.3182, 756.2900, 17.2449
2025-12-11 03:09:23, 0.1009905370, 0.1236923734, 0.1491220080, 0.1370696434, 2964.1321, 3155.5094, 757.6200, 18.8180
2025-12-11 03:09:29, 0.0749891490, 0.0681393868, 0.0879980279, 0.0740320774, 2638.0556, 2595.1296, 757.3150, 18.5401
2025-12-11 03:09:35, 0.0895266593, 0.0730596648, 0.1373852488, 0.1242663646, 2701.0769, 2808.0000, 756.6000, 17.1639
2025-12-11 03:09:40, 0.1006183414, 0.1014400839, 0.1122631317, 0.1354997137, 2665.8837, 2740.3488, 756.6950, 17.7319
2025-12-11 03:09:46, 0.1042005603, 0.1075613003, 0.0900316677, 0.0808294393, 2892.1786, 2811.4643, 757.1250, 17.4722
2025-12-11 03:09:52, 0.0676679071, 0.0943582358, 0.1450773280, 0.1297017334, 2857.6458, 2878.3958, 757.2500, 18.4856
2025-12-11 03:09:58, 0.0672063024, 0.0802346908, 0.0763406403, 0.0994188834, 2749.5957, 2794.1702, 764.6150, 19.4506
2025-12-11 03:10:04, 0.1142907438, 0.0922150983, 0.1163785718, 0.1352304538, 2875.5000, 2942.9483, 755.9300, 19.2053
2025-12-11 03:10:10, 0.0865391269, 0.1172499962, 0.1548207220, 0.1842181221, 2776.1000, 2975.8800, 762.0650, 20.2218
2025-12-11 03:10:15, 0.0895506979, 0.0851624086, 0.0960893997, 0.0981757322, 2829.2766, 2886.7234, 763.4500, 19.8320
2025-12-11 03:10:21, 0.0903939893, 0.0765743928, 0.1160177870, 0.0908054351, 3136.3409, 3103.8864, 762.7350, 20.7672
2025-12-11 03:10:27, 0.0896861548, 0.0996046499, 0.1073607438, 0.1007516988, 2970.1224, 3047.6531, 763.1850, 19.7710
2025-12-11 03:10:32, 0.1463175519, 0.1179809204, 0.0966397504, 0.0873763614, 2877.3404, 2795.0426, 761.6100, 16.4869
2025-12-11 03:10:38, 0.1373502218, 0.1280662219, 0.1339436093, 0.2073141963, 2970.2927, 3069.4390, 761.6900, 20.3183
2025-12-11 03:10:44, 0.1456332424, 0.1335045269, 0.0999015845, 0.0919071693, 2886.7800, 2942.4400, 763.1250, 20.7574
2025-12-11 03:10:50, 0.1072699163, 0.1091013932, 0.0601246581, 0.0590146230, 3044.9423, 3101.0577, 762.5700, 20.9104
2025-12-11 03:10:56, 0.1053380054, 0.1033697915, 0.1293220186, 0.1243156797, 2844.0377, 2877.5283, 761.3850, 19.6516
2025-12-11 03:11:01, 0.1878044052, 0.1338845187, 0.0835304719, 0.0927937722, 2609.1020, 2677.0612, 762.1100, 18.9404
2025-12-11 03:11:07, 0.1134385034, 0.1195616771, 0.0959886172, 0.1012563457, 2857.8679, 2971.2075, 763.0300, 18.0543
2025-12-11 03:11:13, 0.1462437776, 0.1247539072, 0.0999328403, 0.1096437467, 2645.3250, 2766.4000, 759.8550, 20.9589
2025-12-11 03:11:18, 0.1395428032, 0.1188486587, 0.0974300948, 0.0751609735, 2571.4375, 2739.0417, 760.5450, 18.5999
2025-12-11 03:11:24, 0.1009353848, 0.1124987601, 0.0817291478, 0.0942323478, 2804.0851, 2881.5745, 759.7800, 18.5295
2025-12-11 03:11:30, 0.1544657228, 0.1879533147, 0.0986014550, 0.0944940945, 2931.3684, 3088.5526, 760.7900, 18.5288
2025-12-11 03:11:35, 0.1074027475, 0.1015248803, 0.0841147958, 0.0656537558, 2887.0000, 2882.6429, 761.8600, 20.8639
2025-12-11 03:11:41, 0.1118476926, 0.1143046387, 0.1454619202, 0.1070396142, 2783.2500, 2794.0833, 760.7950, 18.3819
2025-12-11 03:11:47, 0.0858023907, 0.0964414878, 0.0920230689, 0.1084865397, 2834.9464, 2893.9821, 761.8300, 21.0728
2025-12-11 03:11:53, 0.1474632938, 0.0932887433, 0.1051424577, 0.0767424279, 2754.8333, 2698.8571, 762.8700, 20.1331
2025-12-11 03:11:58, 0.1690199523, 0.1877631545, 0.0939287624, 0.0720568958, 2880.1186, 2859.4068, 759.1750, 18.6514
2025-12-11 03:12:04, 0.1269143260, 0.0977775514, 0.0873671650, 0.0721373026, 2904.3538, 2881.7846, 757.3950, 19.2471
2025-12-11 03:12:10, 0.0849495503, 0.0802971974, 0.0747006876, 0.0742581289, 2905.4186, 2915.7674, 758.3800, 20.0740
2025-12-11 03:12:16, 0.0836191041, 0.0783404311, 0.0608142733, 0.0759699168, 3038.7843, 3088.4314, 760.1050, 19.3844
2025-12-11 03:12:21, 0.0956928443, 0.0805274915, 0.0810081515, 0.0823980786, 3207.0615, 3104.4615, 758.8400, 18.6337
2025-12-11 03:12:27, 0.0721114563, 0.0666711602, 0.0910252800, 0.0999558079, 2846.6863, 2930.8039, 757.8350, 18.8960
2025-12-11 03:12:33, 0.0820742736, 0.1010285087, 0.0893175785, 0.0784145927, 2942.8750, 2999.3036, 759.7250, 18.3202
2025-12-11 03:12:39, 0.0754378326, 0.0962594138, 0.1092766255, 0.0816320504, 2803.0000, 2825.0851, 759.0950, 18.8220
2025-12-11 03:12:44, 0.0830213889, 0.0911121507, 0.0678844562, 0.0755225686, 2837.7455, 2868.1455, 758.1600, 19.7546
2025-12-11 03:12:50, 0.1299876711, 0.0803960119, 0.1453770916, 0.1238334603, 2716.4400, 2839.6600, 760.1600, 20.7681
2025-12-11 03:12:56, 0.0823076281, 0.0857993683, 0.1207185923, 0.1136074088, 2953.4048, 3007.9762, 756.9250, 18.9692
2025-12-11 03:13:02, 0.0967935691, 0.0801894847, 0.1609216657, 0.1420578823, 3005.2979, 2901.5957, 763.0200, 19.3481
2025-12-11 03:13:08, 0.0686464634, 0.0629226284, 0.1031931761, 0.0988206924, 2885.5532, 2876.9149, 757.4200, 20.2162
2025-12-11 03:13:13, 0.0819679045, 0.1144002105, 0.1127323035, 0.1040066303, 2745.0638, 2897.5532, 763.2950, 20.0357
2025-12-11 03:13:19, 0.0962195400, 0.1123031253, 0.1316983245, 0.1064366554, 2913.9362, 2857.9574, 760.1550, 19.3951
2025-12-11 03:13:25, 0.1132025910, 0.0820576201, 0.0697138364, 0.0813148362, 2725.7778, 2783.9630, 761.5650, 18.7501
2025-12-11 03:13:30, 0.0772639462, 0.0654197562, 0.0838817301, 0.0990202651, 2691.0833, 2739.7917, 761.1600, 19.6177
2025-12-11 03:13:36, 0.1065998531, 0.1036519005, 0.1309553483, 0.1286200809, 2738.8800, 2748.2000, 761.1200, 18.3457
2025-12-11 03:13:42, 0.1373608016, 0.1463831495, 0.0792167823, 0.0739494417, 2559.2045, 2511.2273, 760.5400, 19.9594
2025-12-11 03:13:48, 0.1062798756, 0.0912079582, 0.0806635211, 0.0661167545, 2843.5882, 2818.5294, 759.1900, 17.5990
2025-12-11 03:13:54, 0.0907018644, 0.0953100550, 0.1035077768, 0.0731996741, 2716.4615, 2672.2115, 759.6600, 17.0145
2025-12-11 03:13:59, 0.1209956552, 0.1686565409, 0.0623708721, 0.0849321835, 3104.3750, 3231.2500, 757.7200, 17.8494
2025-12-11 03:14:05, 0.0744769371, 0.0718321509, 0.1019310590, 0.1333954102, 3017.0678, 3035.6610, 760.0150, 18.9622
2025-12-11 03:14:11, 0.1144358202, 0.1044114757, 0.1224179302, 0.0901159818, 2984.2407, 2944.9259, 761.2450, 19.1868
2025-12-11 03:14:16, 0.0943565180, 0.0875519069, 0.0855444500, 0.0916698733, 2774.2807, 2814.6667, 760.2100, 18.8618
2025-12-11 03:14:22, 0.0845905523, 0.0651905731, 0.0972321171, 0.0661206136, 2809.1489, 2853.4255, 758.1500, 19.7228
2025-12-11 03:14:28, 0.0638149333, 0.0758566788, 0.0825201545, 0.0831570427, 2831.1250, 2830.2679, 759.5650, 19.8082
2025-12-11 03:14:33, 0.1105378082, 0.1437308408, 0.0553667737, 0.0605271441, 2869.0222, 2908.2889, 756.9900, 19.1212
2025-12-11 03:14:39, 0.1214103664, 0.1287278880, 0.1265583608, 0.1077409944, 2948.7111, 2989.4444, 758.4150, 19.8185
2025-12-11 03:14:45, 0.1469324253, 0.1600689397, 0.1042585380, 0.0999334026, 2908.8222, 3019.8222, 758.6950, 17.4308
2025-12-11 03:14:50, 0.1564782811, 0.1363271793, 0.0744479373, 0.0880027928, 2942.8431, 2928.3529, 756.1350, 17.9615
2025-12-11 03:14:56, 0.1852382027, 0.1673555214, 0.0631650610, 0.0669281623, 2799.1154, 2857.4038, 756.7600, 18.5460
2025-12-11 03:15:02, 0.2113591680, 0.1454334165, 0.1086096180, 0.0841026140, 3030.9714, 3132.6286, 761.4700, 19.9198
2025-12-11 03:15:08, 0.1455544727, 0.1374886004, 0.0577597093, 0.0419510493, 2624.5682, 2705.2955, 756.5050, 17.8320
2025-12-11 03:15:13, 0.1520982921, 0.1062437077, 0.0744499224, 0.0570316030, 2781.4340, 2841.3774, 755.8950, 20.3439
2025-12-11 03:15:19, 0.1367387599, 0.0997711049, 0.0775907470, 0.0659208349, 2853.0417, 2923.5208, 756.3500, 19.3896
2025-12-11 03:15:25, 0.1081050854, 0.0654169540, 0.1056706026, 0.1014004750, 2690.3774, 2659.5094, 755.4900, 19.3770
2025-12-11 03:15:30, 0.0981323241, 0.0899154341, 0.1152259065, 0.0958547131, 2999.1509, 2971.7170, 753.4050, 19.3184
2025-12-11 03:15:36, 0.1194598513, 0.1337038575, 0.1042871248, 0.0834765247, 2719.9762, 2648.4762, 753.3100, 19.6218
2025-12-11 03:15:42, 0.1271308776, 0.0892956046, 0.0663766578, 0.0824398065, 2757.2553, 2772.2128, 756.1550, 20.3561
2025-12-11 03:15:47, 0.0981021524, 0.0915622056, 0.0833934792, 0.0629992106, 2793.4815, 2739.4815, 754.2100, 20.1622
2025-12-11 03:15:53, 0.1040743159, 0.1033445432, 0.1092070394, 0.0867991195, 2981.5854, 2890.6098, 754.5100, 18.4935
2025-12-11 03:15:59, 0.1493365028, 0.1026358765, 0.0881638461, 0.0773630008, 2837.3333, 2911.9111, 753.9950, 19.6256
2025-12-11 03:16:05, 0.1101063648, 0.0951489071, 0.0688285332, 0.0720806219, 2740.1818, 2857.2545, 753.1000, 19.3243
2025-12-11 03:16:10, 0.1094953605, 0.1284614891, 0.0522756544, 0.0632082442, 2730.6800, 2792.7000, 755.1450, 18.6076
2025-12-11 03:16:16, 0.1150499722, 0.1057249048, 0.1347219451, 0.1209384174, 2974.0192, 3099.2692, 757.8250, 18.5287
2025-12-11 03:16:22, 0.1083465912, 0.0807490813, 0.0824313584, 0.0724336751, 2900.8571, 2943.5714, 758.6950, 19.2271
2025-12-11 03:16:27, 0.1170794144, 0.1268145795, 0.0892686131, 0.0834083325, 2729.0167, 2760.7333, 752.8050, 18.8607
2025-12-11 03:16:33, 0.1964895979, 0.1737471882, 0.0932915396, 0.0825974645, 2771.5714, 2878.2857, 752.7150, 20.6735
2025-12-11 03:16:39, 0.1852852631, 0.1485885532, 0.0855872901, 0.0867028666, 2795.5500, 2881.3333, 756.5550, 21.2736
2025-12-11 03:16:44, 0.1974505954, 0.1661273571, 0.0860768752, 0.1033379316, 2798.6591, 2828.2500, 756.3600, 20.3477
2025-12-11 03:16:50, 0.1222871231, 0.1365062079, 0.1162651314, 0.1045709766, 2903.2000, 2913.0889, 757.4300, 18.9946
2025-12-11 03:16:56, 0.1437068693, 0.1250436202, 0.0760650069, 0.1054507004, 3012.3404, 3107.5532, 753.3700, 18.3645
2025-12-11 03:17:02, 0.1510177244, 0.1219379694, 0.0886155246, 0.1052806663, 2859.3571, 2842.9107, 751.9800, 17.5317
2025-12-11 03:17:08, 0.1199668259, 0.1293096758, 0.0703091554, 0.0876319039, 2971.0750, 3102.3500, 754.6750, 16.3921
2025-12-11 03:17:13, 0.1412926957, 0.1599986452, 0.1001261557, 0.0970387574, 2801.4894, 2909.1915, 753.1650, 19.8821
2025-12-11 03:17:19, 0.1077965353, 0.1450122540, 0.1105322168, 0.0746997882, 2989.8983, 2892.4915, 753.8600, 15.8764
2025-12-11 03:17:25, 0.1001031507, 0.0820668003, 0.0940070766, 0.1080743847, 2927.8800, 3066.6400, 753.8300, 20.0677
2025-12-11 03:17:31, 0.1159823287, 0.1162043469, 0.0899043043, 0.0934420141, 3157.5962, 3062.6731, 756.3500, 18.3741
2025-12-11 03:17:36, 0.1407412219, 0.1303634614, 0.0744621166, 0.0864751122, 2714.2167, 2876.5167, 757.2150, 17.3314
2025-12-11 03:17:42, 0.1049630778, 0.1602771714, 0.1022603318, 0.0978339942, 2844.8718, 2850.3077, 757.5800, 18.2780
2025-12-11 03:17:48, 0.1059174206, 0.1299188287, 0.0697408757, 0.0603707388, 2986.7500, 3038.8269, 758.0150, 17.3506
2025-12-11 03:17:54, 0.1258206693, 0.1328970995, 0.0864640681, 0.1052521952, 2809.9556, 2996.9333, 757.0700, 19.2916
2025-12-11 03:18:00, 0.1505190500, 0.1193182575, 0.0848869050, 0.0709570827, 2872.7636, 2861.8909, 757.5250, 17.7584
2025-12-11 03:18:06, 0.1441479791, 0.1200260377, 0.0934943282, 0.0614694337, 2958.1111, 2897.7556, 758.4300, 19.6689
2025-12-11 03:18:12, 0.1267243995, 0.1093922118, 0.0618986410, 0.0639298633, 2997.9298, 3084.4561, 752.3550, 17.9471
2025-12-11 03:18:18, 0.0609161679, 0.0639680529, 0.1111143119, 0.1058802339, 2944.0638, 2974.7872, 747.9850, 19.2137
2025-12-11 03:18:23, 0.0645199089, 0.0588193547, 0.1004110093, 0.1292990838, 3105.0926, 3066.9815, 749.4050, 17.6867
2025-12-11 03:18:29, 0.1173478415, 0.0842423119, 0.0850339778, 0.0909835075, 2729.2174, 2866.5435, 751.2950, 19.7230
2025-12-11 03:18:35, 0.0839995676, 0.0676097744, 0.1065828541, 0.0945701121, 2913.5818, 2875.4182, 751.8300, 18.7625
2025-12-11 03:18:40, 0.1026913419, 0.0758956914, 0.0894844435, 0.1152239254, 2798.9302, 2981.3023, 751.3350, 19.4078
2025-12-11 03:18:46, 0.1047144569, 0.0964001759, 0.0805641392, 0.0626602627, 2818.7222, 2812.0556, 753.1650, 16.2735
2025-12-11 03:18:52, 0.0797086406, 0.1006120688, 0.0854692672, 0.0900121616, 2797.9167, 2831.6458, 752.1700, 16.8900
2025-12-11 03:18:58, 0.1048998408, 0.0823154261, 0.0854301744, 0.0741552301, 2912.2545, 2932.2364, 752.0250, 18.0171
2025-12-11 03:19:04, 0.1190301952, 0.1038239577, 0.0650456397, 0.0535819086, 2825.1538, 2849.3462, 751.6250, 18.3808
2025-12-11 03:19:09, 0.0985407770, 0.0902471163, 0.0693829482, 0.0659612040, 3003.5556, 2903.0000, 752.7900, 17.6473
2025-12-11 03:19:15, 0.0689955464, 0.0960809921, 0.0793849711, 0.0596649293, 2900.4524, 2761.0476, 752.1850, 19.0707
2025-12-11 03:19:21, 0.0961674174, 0.0850130752, 0.1138268116, 0.0967030100, 3165.1633, 3188.1429, 752.0850, 17.2023
2025-12-11 03:19:27, 0.0698498051, 0.0917582162, 0.0915235939, 0.0545141107, 2654.9362, 2727.3830, 753.5200, 17.8306
2025-12-11 03:19:33, 0.1059554599, 0.0844354891, 0.1192042995, 0.1309159394, 3040.4655, 3062.5345, 753.8800, 17.9465
2025-12-11 03:19:38, 0.0670582789, 0.0917274961, 0.0665003191, 0.0614986223, 2695.4386, 2685.0526, 751.8250, 17.2712
2025-12-11 03:19:44, 0.0729929077, 0.1012477541, 0.0873968337, 0.0807179613, 2977.1633, 2909.5714, 753.2550, 17.7243
2025-12-11 03:19:50, 0.0886403521, 0.0769575753, 0.0774740082, 0.0908832626, 2706.1750, 2862.7750, 752.8100, 18.3269
2025-12-11 03:19:55, 0.1079000504, 0.0825761185, 0.0791769812, 0.0760547779, 2869.1556, 2969.1778, 754.3200, 17.1259
2025-12-11 03:20:01, 0.1061107364, 0.0946113701, 0.1001749262, 0.0687701163, 2941.1833, 2808.0667, 755.5250, 19.8313
2025-12-11 03:20:07, 0.0859208672, 0.1161153584, 0.0621931871, 0.0509412763, 3023.0351, 3005.6140, 755.1150, 20.0537
2025-12-11 03:20:15, 0.0703100263, 0.0775522444, 0.0967453493, 0.0857000122, 2821.8200, 2864.7400, 753.9350, 18.1494
2025-12-11 03:20:21, 0.1069489050, 0.0832741408, 0.1261041758, 0.0869903761, 3159.0238, 3109.5952, 754.3550, 19.7638
2025-12-11 03:20:27, 0.0985009834, 0.1098127047, 0.1211322527, 0.1067602978, 2876.2766, 3042.8936, 754.1950, 20.0284
2025-12-11 03:20:32, 0.1091273296, 0.0903498487, 0.0857291781, 0.0618889788, 2853.0465, 2905.9302, 754.4700, 21.2264
2025-12-11 03:20:38, 0.1008737574, 0.1275017646, 0.0733843766, 0.0688903405, 2925.7778, 2995.4444, 756.7200, 19.5602
2025-12-11 03:20:44, 0.1024663823, 0.1074184421, 0.0782281326, 0.0713955240, 2736.6667, 2849.4792, 754.3350, 20.7175
2025-12-11 03:20:49, 0.1304062091, 0.1431324194, 0.0989529979, 0.0824314976, 2943.3333, 2890.9556, 756.6650, 18.8747
2025-12-11 03:20:55, 0.1520813294, 0.1370780344, 0.0535387689, 0.0568777693, 2783.0698, 2887.4651, 754.8600, 19.1682
2025-12-11 03:21:01, 0.1075869073, 0.1553289369, 0.0681519929, 0.0804460981, 2639.2364, 2708.1636, 755.4900, 20.2852
2025-12-11 03:21:06, 0.1229115629, 0.1276258037, 0.1091767743, 0.0948623012, 3018.1837, 3028.8367, 757.3750, 20.5500
2025-12-11 03:21:12, 0.0755246040, 0.0678876406, 0.1017084662, 0.1004416924, 2742.1951, 2881.9268, 757.3150, 18.9091
2025-12-11 03:21:18, 0.0896780114, 0.0869251223, 0.0970312138, 0.1055375383, 2758.5385, 2720.0000, 756.3450, 17.9217
2025-12-11 03:21:24, 0.0996539416, 0.0900500397, 0.0799324088, 0.0797316752, 2970.4746, 3066.5763, 760.6450, 17.4037
2025-12-11 03:21:29, 0.1065484989, 0.0981010947, 0.1034694115, 0.0909958951, 3010.7797, 3067.5593, 760.1450, 17.7799
2025-12-11 03:21:35, 0.1076781514, 0.0978038713, 0.0855214240, 0.0772040592, 2851.7907, 2801.2558, 761.6000, 18.5672
2025-12-11 03:21:41, 0.0983939776, 0.1064751786, 0.0813671608, 0.0635977045, 2812.3729, 2803.6780, 762.3650, 17.0878
2025-12-11 03:21:47, 0.1232950833, 0.1256352447, 0.1060716431, 0.0819970416, 2982.2830, 2985.8679, 761.1150, 17.7240
2025-12-11 03:21:52, 0.0830225096, 0.1048479853, 0.0922449458, 0.1144627211, 2830.2766, 2970.2766, 762.9600, 17.7873
2025-12-11 03:21:58, 0.0973637664, 0.1002527033, 0.1056011617, 0.1191062680, 2789.4833, 2882.4000, 759.4950, 17.9421
2025-12-11 03:22:04, 0.1201937371, 0.1113673359, 0.0824507652, 0.0825897644, 2642.2045, 2803.4545, 762.0300, 17.2997
2025-12-11 03:22:09, 0.1206556158, 0.0952781711, 0.0776981549, 0.0784555244, 3042.4792, 3168.8750, 763.6200, 18.5099
2025-12-11 03:22:15, 0.0879907612, 0.0809758071, 0.0793560755, 0.0709691912, 2800.2830, 2820.0000, 765.4900, 19.0400
2025-12-11 03:22:21, 0.0809369560, 0.1345732020, 0.0791702917, 0.0716734992, 2834.1282, 2731.5897, 762.7300, 18.8663
2025-12-11 03:22:27, 0.1060679255, 0.1142857225, 0.0872630658, 0.0925471288, 2840.9474, 2928.4474, 763.3800, 21.0289
2025-12-11 03:22:32, 0.1092643804, 0.1103425460, 0.0973317202, 0.0842834015, 2699.6383, 2695.6170, 765.7000, 19.0575
2025-12-11 03:22:38, 0.0885823092, 0.0810355650, 0.0820609632, 0.0945670959, 2720.1111, 2789.4444, 758.5050, 18.9037
2025-12-11 03:22:44, 0.0952478604, 0.1140072483, 0.1080265944, 0.0825292968, 2822.8269, 2869.9615, 759.9850, 19.0511
2025-12-11 03:22:50, 0.1124890992, 0.1513418096, 0.0890810814, 0.0716732559, 2847.5417, 2817.8958, 758.6800, 19.0378
2025-12-11 03:22:55, 0.1383111855, 0.1307280214, 0.1050567050, 0.0985024396, 2679.8444, 2797.4222, 757.8550, 20.5573
2025-12-11 03:23:01, 0.1463085235, 0.1754026951, 0.0608502124, 0.0661319710, 3001.4545, 2978.1515, 760.6750, 19.3266
2025-12-11 03:23:07, 0.1423226837, 0.1264128667, 0.0902508216, 0.0868671051, 2820.2927, 2846.8293, 761.2200, 19.8915
2025-12-11 03:23:13, 0.1254598743, 0.1233301621, 0.0703756499, 0.0787706438, 2861.3469, 2947.8163, 758.4300, 19.3105
2025-12-11 03:23:18, 0.1274521164, 0.1097777901, 0.0703165596, 0.0871473241, 2869.6905, 2931.6429, 755.3850, 20.1156
2025-12-11 03:23:24, 0.1403687104, 0.1113056716, 0.0593313806, 0.0699644424, 2779.4400, 2805.9800, 755.6100, 19.2800
2025-12-11 03:23:30, 0.1367354733, 0.1292968273, 0.1018627506, 0.0702260373, 2935.9020, 2945.2745, 758.0300, 17.4479
2025-12-11 03:23:35, 0.1408169212, 0.1157138045, 0.1352825101, 0.1176211743, 2729.1481, 2835.7963, 758.3700, 20.5201
2025-12-11 03:23:42, 0.1341831456, 0.1462637196, 0.1159559825, 0.1145045183, 3174.0526, 3228.2368, 758.4300, 17.8206
2025-12-11 03:23:47, 0.1313035072, 0.1219952936, 0.0998549189, 0.1022724753, 3081.6279, 3102.1628, 758.2500, 19.2704
2025-12-11 03:23:53, 0.1502132494, 0.1379679798, 0.0769892898, 0.0671763153, 2765.8864, 2807.5909, 757.2800, 18.7899
2025-12-11 03:23:59, 0.1102458939, 0.0879445044, 0.0865262114, 0.0824068004, 2731.0159, 2815.6667, 757.4250, 20.3562
2025-12-11 03:24:04, 0.0860975754, 0.0803731874, 0.0547876693, 0.0596911075, 2875.6939, 2881.3878, 758.0600, 20.8124
2025-12-11 03:24:10, 0.0948013292, 0.0988092884, 0.0520723051, 0.0796744939, 2759.0588, 2949.7059, 755.3750, 19.1333
2025-12-11 03:24:16, 0.0852248549, 0.0960030273, 0.0711146362, 0.0544586882, 2896.1111, 2891.6111, 755.8700, 21.3594
2025-12-11 03:24:22, 0.1642714188, 0.1319411145, 0.0521685276, 0.0580080251, 2794.7083, 2771.6042, 758.2550, 17.5417
2025-12-11 03:24:28, 0.1157052653, 0.0886769141, 0.0443296202, 0.0372876431, 2668.2549, 2681.0000, 754.2700, 19.1216
2025-12-11 03:24:33, 0.1723444532, 0.1319952745, 0.0444986103, 0.0480070265, 2987.5000, 2998.8400, 756.0650, 18.5251
2025-12-11 03:24:39, 0.1490964946, 0.1171670024, 0.1087253034, 0.0673267568, 2675.7755, 2716.8367, 757.2050, 18.4741
2025-12-11 03:24:45, 0.1903012623, 0.1649248656, 0.0536216125, 0.0759661577, 2944.4000, 3062.6667, 757.0900, 18.5880
2025-12-11 03:24:51, 0.1895676891, 0.1625844275, 0.0748328640, 0.0668796984, 2988.8542, 2965.7292, 757.5850, 19.6031
2025-12-11 03:24:56, 0.1169921886, 0.1465167527, 0.1152618742, 0.1245810987, 2918.7414, 2961.9828, 758.6450, 19.7889
2025-12-11 03:25:02, 0.1337236867, 0.1520627931, 0.0782801637, 0.0582853581, 2921.6579, 2906.7368, 759.2300, 21.2094
2025-12-11 03:25:08, 0.1602735178, 0.1398153197, 0.0607756070, 0.0529000510, 2837.2034, 2906.8136, 749.7000, 18.0892
2025-12-11 03:25:13, 0.1800598805, 0.1512895848, 0.0673909562, 0.0693274025, 3132.9070, 3268.0465, 753.4400, 19.6460
2025-12-11 03:25:19, 0.1020177427, 0.0861503792, 0.0780209483, 0.0633998792, 2745.6721, 2712.2295, 754.4850, 18.5642
2025-12-11 03:25:25, 0.1319464069, 0.1265625431, 0.0814074295, 0.0723209932, 3037.8750, 3070.1667, 758.5100, 18.3821
2025-12-11 03:25:31, 0.1442191761, 0.1311662810, 0.0894386327, 0.0543563173, 2932.8182, 2850.0455, 759.0750, 18.5345
2025-12-11 03:25:37, 0.1379237021, 0.1204622462, 0.0751192747, 0.0618391221, 2881.5600, 2962.4800, 759.3650, 16.8915
2025-12-11 03:25:43, 0.1030196718, 0.1147017345, 0.0952714920, 0.0717803373, 2690.3922, 2725.2157, 756.8000, 18.7614
2025-12-11 03:25:48, 0.1496294250, 0.1406432450, 0.0927679365, 0.0654433283, 2839.2388, 2857.6119, 760.3850, 18.9211
2025-12-11 03:25:54, 0.1423503057, 0.1666356688, 0.0787097920, 0.0655094057, 2846.4130, 2907.6739, 762.5050, 18.3570
2025-12-11 03:26:00, 0.1414454621, 0.1364756731, 0.0609967635, 0.0684161394, 2682.1458, 2791.7292, 758.9150, 19.1418
2025-12-11 03:26:06, 0.1631340394, 0.1757283385, 0.0777082371, 0.0704765743, 2706.9375, 2618.2708, 759.2900, 17.8176
2025-12-11 03:26:12, 0.1086500257, 0.0886343946, 0.0723712858, 0.0639033091, 2898.0930, 2977.6279, 760.6600, 18.5215
2025-12-11 03:26:17, 0.0870298931, 0.0953116934, 0.0696498399, 0.0623356470, 2815.2075, 2845.4151, 757.6900, 18.9985
2025-12-11 03:26:23, 0.0865199582, 0.0819989861, 0.1113182834, 0.0993701518, 2897.4444, 2973.6852, 757.1700, 17.1146
2025-12-11 03:26:29, 0.1197330307, 0.1205128960, 0.0848923061, 0.0825174716, 2820.4889, 2848.8889, 757.3750, 18.5912
2025-12-11 03:26:35, 0.1125201147, 0.1047662890, 0.0877521786, 0.0594021247, 2944.8095, 2942.3571, 756.8150, 18.3066
2025-12-11 03:26:41, 0.1251088731, 0.1683397158, 0.0710536986, 0.0719899678, 2976.0200, 3082.1400, 757.8100, 18.1954
2025-12-11 03:26:46, 0.1485448215, 0.1299174087, 0.0693753840, 0.0458000355, 2921.8571, 2869.8163, 757.8400, 18.0503
2025-12-11 03:26:52, 0.0769347877, 0.0873725596, 0.1172148742, 0.0954338241, 2922.3462, 2963.4038, 754.3450, 18.7687
2025-12-11 03:26:57, 0.1081242003, 0.1263298725, 0.0614017007, 0.0555277189, 2804.7241, 2872.3621, 751.6100, 19.4822
2025-12-11 03:27:03, 0.1690319474, 0.1652311928, 0.0431348492, 0.0499633484, 3024.8704, 3114.2778, 750.8850, 19.5344
2025-12-11 03:27:09, 0.0708627333, 0.0746433104, 0.0896657716, 0.0888721736, 2814.8302, 2908.1321, 753.0200, 19.0607
2025-12-11 03:27:14, 0.1378958954, 0.1316422542, 0.0657276815, 0.0531050513, 2821.2222, 2886.4889, 750.3350, 17.8354
2025-12-11 03:27:20, 0.1183157548, 0.0913954000, 0.0562135566, 0.0679621557, 2838.7458, 2990.6102, 752.4450, 20.6024
2025-12-11 03:27:26, 0.1283844028, 0.1276072367, 0.0563605148, 0.0477938732, 2866.7755, 2919.0000, 750.1400, 18.8324
2025-12-11 03:27:32, 0.1335577400, 0.1305656935, 0.0346926325, 0.0483314835, 2917.9649, 3029.7719, 749.4650, 19.0412
2025-12-11 03:27:37, 0.1090063897, 0.0896822159, 0.0589967360, 0.0486722077, 2900.8846, 2909.7692, 748.1900, 18.1600
2025-12-11 03:27:43, 0.1011360522, 0.0831032635, 0.0563799795, 0.0504494832, 2870.2581, 2816.8871, 745.2600, 20.7579
2025-12-11 03:27:49, 0.0906060997, 0.1177849568, 0.0629498120, 0.0463883200, 2909.4737, 2840.6842, 750.0150, 19.6989
2025-12-11 03:27:55, 0.0852953613, 0.0694061327, 0.0486140716, 0.0455991506, 2887.1250, 2940.1429, 749.4900, 18.7681
2025-12-11 03:28:01, 0.0623480447, 0.0711372836, 0.0802686120, 0.0993018696, 2884.1333, 2958.5000, 747.9250, 20.2272
2025-12-11 03:28:07, 0.0961205558, 0.0930955822, 0.0718705458, 0.0904863209, 2886.5192, 2892.0962, 748.7500, 19.1887
2025-12-11 03:28:13, 0.1334948826, 0.1405958752, 0.0529639907, 0.0605588665, 2966.3333, 3023.1875, 749.1500, 19.9824
2025-12-11 03:28:18, 0.1028106052, 0.0737813227, 0.0744084820, 0.0923029743, 2890.7288, 2844.8475, 748.6500, 19.3537
2025-12-11 03:28:24, 0.1098556732, 0.1079993085, 0.0499607535, 0.0383855792, 2920.6863, 2802.4314, 749.0850, 17.8173
2025-12-11 03:28:30, 0.1117827733, 0.1021593758, 0.0450182160, 0.0362273688, 2952.8966, 2918.9483, 749.2150, 18.1510
2025-12-11 03:28:35, 0.1003203028, 0.1110183411, 0.0721278250, 0.0796446254, 2896.5185, 3017.5370, 747.5400, 18.0011
2025-12-11 03:28:41, 0.1182045555, 0.1481005459, 0.0622733200, 0.0606217080, 3006.2698, 3057.5873, 748.5750, 18.3405
2025-12-11 03:28:47, 0.1122072022, 0.1158368108, 0.0818924168, 0.0683987821, 2920.1719, 2996.0000, 751.6400, 19.2723
2025-12-11 03:28:53, 0.1439246519, 0.1630319111, 0.0641742069, 0.0486970067, 2868.3400, 2797.7800, 749.3450, 16.8818
2025-12-11 03:28:58, 0.0867200675, 0.0963527619, 0.0513789306, 0.0590759701, 2897.9200, 2887.1400, 748.1550, 18.7243
2025-12-11 03:29:04, 0.0870516034, 0.0843877265, 0.0582182480, 0.0546310306, 2934.7576, 2887.6364, 747.1750, 18.0730
2025-12-11 03:29:10, 0.0755261207, 0.0624055519, 0.0610985339, 0.0563205132, 2967.7188, 2800.8281, 749.2450, 17.3789
2025-12-11 03:29:15, 0.1515359562, 0.1031630255, 0.0557413033, 0.0505229585, 2789.0612, 2899.9592, 749.3450, 16.7124
2025-12-11 03:29:21, 0.1365130213, 0.1438898561, 0.0394636628, 0.0374138755, 2792.5349, 2785.4419, 746.5450, 17.5726
2025-12-11 03:29:27, 0.1257768558, 0.1106667874, 0.0713310190, 0.0733917730, 2875.7719, 2906.6491, 749.7100, 19.0776
2025-12-11 03:29:32, 0.0904463525, 0.0963164820, 0.0602738203, 0.0621398280, 2878.4333, 2826.5333, 754.5500, 17.7932
2025-12-11 03:29:38, 0.1203868278, 0.1259352052, 0.0827746004, 0.0693625028, 3163.8000, 3067.0400, 754.6350, 18.1646
2025-12-11 03:29:44, 0.0913567679, 0.0631469309, 0.0688456957, 0.0607566577, 2843.1702, 2866.3404, 753.9350, 17.3338
2025-12-11 03:29:50, 0.0789586107, 0.1083656388, 0.0528657828, 0.0543932246, 2820.1404, 2882.3333, 754.3700, 19.1959
2025-12-11 03:29:56, 0.1554819485, 0.1019993404, 0.0616557647, 0.0520527477, 2851.6296, 2844.8333, 753.3000, 19.7241
2025-12-11 03:30:01, 0.1147713724, 0.1014109561, 0.0509918259, 0.0649395336, 2845.7031, 2868.5625, 758.4100, 17.9330
2025-12-11 03:30:07, 0.1345524881, 0.0995905461, 0.1436685107, 0.0852769338, 3057.6512, 3016.6512, 758.0200, 18.7005
2025-12-11 03:30:13, 0.0814833770, 0.0648957639, 0.0661480665, 0.0644602552, 2875.8519, 2968.6852, 756.2050, 19.7649
2025-12-11 03:30:19, 0.0740163782, 0.0701693532, 0.0857151655, 0.0703057194, 2914.0333, 2899.7167, 758.2300, 18.4016
2025-12-11 03:30:25, 0.0903961853, 0.0812511789, 0.0835228671, 0.0866703929, 3086.1111, 3076.0370, 757.8800, 19.4473
2025-12-11 03:30:30, 0.1110636654, 0.1171282790, 0.0825252357, 0.0743945994, 2752.6863, 2757.0196, 759.0100, 20.1196
2025-12-11 03:30:36, 0.0884184850, 0.0956796807, 0.0761704918, 0.0775861456, 2831.4314, 2889.0196, 756.4350, 19.9431
2025-12-11 03:30:42, 0.1236592547, 0.0920427393, 0.0894011683, 0.0747228202, 2985.2766, 2980.5319, 758.5050, 20.3224
2025-12-11 03:30:48, 0.1529919424, 0.1236476999, 0.1185061547, 0.0935782617, 3097.1129, 3047.0645, 756.4350, 20.4853
2025-12-11 03:30:54, 0.1248318875, 0.1215826581, 0.0762084263, 0.0713017563, 2866.3111, 2885.5778, 759.6350, 20.4358
2025-12-11 03:30:59, 0.0675873668, 0.0605617065, 0.0489951923, 0.0579346596, 3056.1333, 2992.8889, 756.3050, 19.9865
2025-12-11 03:31:05, 0.0931589437, 0.0683324712, 0.0763625101, 0.0795744648, 2818.8148, 2806.0000, 761.9150, 21.2445
2025-12-11 03:31:11, 0.1179717955, 0.2174423255, 0.0636734831, 0.0794725171, 2784.3617, 2861.5106, 761.2450, 20.5001
2025-12-11 03:31:17, 0.0681909267, 0.0413767202, 0.0756294601, 0.0840535660, 2841.7313, 2888.9254, 762.8300, 21.3111
2025-12-11 03:31:22, 0.0805475112, 0.0696667635, 0.0649883451, 0.0438861628, 2878.3636, 2736.6591, 756.0700, 19.9603
2025-12-11 03:31:28, 0.0605630727, 0.0595060805, 0.0527942785, 0.0590090740, 2649.7925, 2700.9623, 756.0800, 18.1886
2025-12-11 03:31:34, 0.1637114910, 0.1223054062, 0.1010287497, 0.1166910560, 2894.8750, 2941.3958, 755.0950, 18.8204
2025-12-11 03:31:39, 0.1413888152, 0.1371930962, 0.0580543546, 0.0619706374, 2614.2308, 2659.3846, 757.1650, 18.5531
2025-12-11 03:31:45, 0.0867798244, 0.1176969029, 0.0901515924, 0.0928264392, 2956.5294, 2912.9216, 758.4100, 18.1362
2025-12-11 03:31:51, 0.1528310848, 0.1468989105, 0.1085275864, 0.1031416366, 3049.5897, 3086.5641, 756.3000, 19.1763
2025-12-11 03:31:57, 0.1295263300, 0.1450552213, 0.0485384736, 0.0437385136, 2830.3061, 2942.1837, 758.6300, 17.9352
2025-12-11 03:32:03, 0.1526326922, 0.1340994966, 0.0748228600, 0.0655768306, 2997.3226, 2988.5484, 757.6300, 18.3069
2025-12-11 03:32:08, 0.1168603304, 0.1341421980, 0.0722967274, 0.0797400941, 3164.7368, 3067.8070, 752.1200, 21.1515
2025-12-11 03:32:14, 0.1099797668, 0.1193575928, 0.0861093927, 0.0797976143, 2750.7451, 2773.6471, 753.3800, 17.1961
2025-12-11 03:32:20, 0.1323279496, 0.1102775607, 0.0738439503, 0.0927711867, 2757.7073, 2912.2683, 752.3950, 15.9687
2025-12-11 03:32:25, 0.1019692181, 0.1308151751, 0.0534976521, 0.0427583677, 2926.6182, 2839.2909, 752.7800, 17.8626
2025-12-11 03:32:31, 0.0681801928, 0.0829512038, 0.0835649117, 0.0457632288, 3096.5763, 2755.2712, 751.4800, 18.3638
2025-12-11 03:32:37, 0.1426604292, 0.1362261248, 0.0749011893, 0.0718680292, 2839.9032, 2753.4839, 750.1500, 18.9952
2025-12-11 03:32:42, 0.1017015345, 0.1078737035, 0.0476907970, 0.0440684326, 2843.6610, 2774.3898, 751.3800, 17.8164
2025-12-11 03:32:48, 0.1570410933, 0.1616680046, 0.0528726109, 0.0417560262, 3022.8293, 2991.3659, 752.2300, 17.5353
2025-12-11 03:32:54, 0.1069476132, 0.0975188053, 0.0605755898, 0.0489369962, 2766.9818, 2723.2000, 750.9150, 19.0499
2025-12-11 03:33:00, 0.1387546377, 0.1618917791, 0.0768294958, 0.0669792901, 2965.0189, 3010.2264, 752.8350, 17.3962
2025-12-11 03:33:05, 0.1028801973, 0.1041029212, 0.0646667502, 0.0616893126, 2825.9667, 2731.2833, 750.2650, 19.3439
2025-12-11 03:33:11, 0.0928990494, 0.0811333448, 0.0465676151, 0.0500604917, 2864.6216, 2805.8919, 752.1200, 18.9678
2025-12-11 03:33:17, 0.1608424558, 0.1223982531, 0.0529200889, 0.0451702362, 2949.7000, 2885.4750, 751.0000, 20.2869
2025-12-11 03:33:23, 0.1356943828, 0.1124206481, 0.0498200939, 0.0573944780, 2731.6774, 2838.4032, 749.3500, 19.2748
2025-12-11 03:33:28, 0.1365094403, 0.1157602372, 0.0395078797, 0.0458437704, 2930.5577, 2993.0192, 749.7300, 18.5042
2025-12-11 03:33:34, 0.0909076916, 0.0726540175, 0.0407388228, 0.0357225771, 3023.6897, 2941.5690, 752.5250, 18.0286
2025-12-11 03:33:40, 0.1179896857, 0.0992049885, 0.0759492982, 0.0845648706, 3029.0000, 2997.7143, 752.1050, 17.5711
2025-12-11 03:33:46, 0.1230145531, 0.1286836560, 0.0465917931, 0.0462629322, 2811.8846, 2801.7115, 750.5100, 18.5289
2025-12-11 03:33:51, 0.0770267558, 0.0763503373, 0.0589295919, 0.0452955493, 2819.6136, 2749.8864, 753.0350, 18.2610
2025-12-11 03:33:57, 0.1551045885, 0.1535851159, 0.0393306122, 0.0530965596, 2905.2727, 2976.0909, 753.5800, 19.8256
2025-12-11 03:34:03, 0.1352802652, 0.1046642163, 0.0679072459, 0.0440101107, 2978.0196, 2848.8431, 752.7750, 17.3811
2025-12-11 03:34:08, 0.1502590277, 0.1891490731, 0.0585265675, 0.0565728683, 2806.3214, 2868.3571, 750.8850, 18.7737
2025-12-11 03:34:14, 0.0887172574, 0.1117682274, 0.0678790690, 0.0640905661, 3030.9853, 3019.0588, 752.7150, 19.5797
2025-12-11 03:34:20, 0.1713685923, 0.1534880662, 0.0610294221, 0.0756176593, 3080.8298, 3043.8511, 753.7200, 18.9856
2025-12-11 03:34:25, 0.1036019791, 0.1075569824, 0.0605531484, 0.0563625683, 2928.4286, 2909.2041, 759.2400, 19.0613
2025-12-11 03:34:31, 0.1098737458, 0.1096166679, 0.0562702728, 0.0399612598, 2762.6977, 2829.0698, 753.2050, 19.0547
2025-12-11 03:34:37, 0.1206635691, 0.1292440176, 0.0424394838, 0.0355694227, 3005.5909, 2994.2273, 752.8250, 19.6447
2025-12-11 03:34:42, 0.1240474478, 0.1189362356, 0.0636927760, 0.0706544492, 2806.7708, 2800.2917, 755.4050, 20.8706
2025-12-11 03:34:48, 0.0923112964, 0.0988928028, 0.0612432082, 0.0482548688, 2980.5556, 2960.1296, 757.2450, 20.1702
2025-12-11 03:34:54, 0.1832875483, 0.1561943265, 0.0361773509, 0.0510800720, 2749.8727, 2857.5818, 757.2500, 22.1932
2025-12-11 03:35:00, 0.1309872971, 0.1137395584, 0.0643534638, 0.0541917449, 2759.8039, 2834.2745, 756.1150, 18.9782
2025-12-11 03:35:06, 0.1151797800, 0.1043352723, 0.0735414391, 0.0737469615, 2739.1739, 2725.3261, 755.2250, 21.7668
2025-12-11 03:35:11, 0.1120154596, 0.1116511647, 0.0788274805, 0.0763320621, 2993.1176, 3027.5686, 757.0550, 21.4295
2025-12-11 03:35:17, 0.1438423022, 0.1411192676, 0.0684067240, 0.0651684390, 2835.9020, 2803.7059, 755.5000, 20.9277
2025-12-11 03:35:23, 0.1034589665, 0.1146109357, 0.0622837948, 0.0576444186, 2781.2273, 2820.3409, 759.3100, 20.9362
2025-12-11 03:35:28, 0.1040672040, 0.1175050734, 0.0644613393, 0.0760284124, 2882.6071, 2928.1786, 756.6350, 21.0167
2025-12-11 03:35:34, 0.1295102013, 0.1241308411, 0.0531560279, 0.0461181551, 2961.9600, 2881.0600, 755.6800, 21.0173
2025-12-11 03:35:40, 0.1354361745, 0.1177872124, 0.0323716046, 0.0339756240, 2856.2333, 2832.6667, 756.7650, 20.1571
2025-12-11 03:35:45, 0.1475898927, 0.1410219351, 0.0603832235, 0.0529272956, 2891.5625, 2937.0625, 759.5350, 20.1982
2025-12-11 03:35:51, 0.1867986728, 0.1418348013, 0.0414836395, 0.0498954824, 2823.5000, 2784.0000, 756.3000, 19.1825
2025-12-11 03:35:57, 0.0945204601, 0.1242611462, 0.0587172691, 0.0420310820, 3025.6905, 2930.9048, 759.8300, 22.8530
2025-12-11 03:36:02, 0.1118430863, 0.1278486925, 0.0483151086, 0.0489730786, 2943.6538, 3014.6923, 757.3400, 19.6638
2025-12-11 03:36:08, 0.0957455824, 0.0989109748, 0.0353466983, 0.0336042220, 2786.9362, 2807.3617, 759.0550, 19.6507
2025-12-11 03:36:14, 0.1343707134, 0.1480175847, 0.0558579508, 0.0525771400, 2951.6735, 3022.3469, 757.5950, 20.2168
2025-12-11 03:36:20, 0.1450344328, 0.1218284856, 0.0672464187, 0.0650049137, 2826.1167, 2831.6833, 760.1100, 21.2830
2025-12-11 03:36:26, 0.1115743196, 0.1230843050, 0.0628283011, 0.0534867218, 3011.9492, 2883.6441, 757.2950, 19.6272
2025-12-11 03:36:31, 0.1225221694, 0.1171593741, 0.0502629904, 0.0430643556, 2918.6327, 2810.7755, 758.6650, 19.7579
2025-12-11 03:36:37, 0.1466810152, 0.1164368668, 0.0447076107, 0.0451548552, 3010.2545, 2872.4909, 759.8700, 18.6771
2025-12-11 03:36:43, 0.1492890903, 0.1171196604, 0.0579259006, 0.0535064243, 2904.3667, 2901.9667, 761.4750, 20.6768
2025-12-11 03:36:48, 0.0963896084, 0.1157494761, 0.0418412700, 0.0402197717, 2814.2459, 2870.3115, 758.4650, 20.5402
2025-12-11 03:36:54, 0.1344749185, 0.1129646757, 0.0629140960, 0.0425159674, 2886.2157, 2935.4314, 756.5550, 18.5237
2025-12-11 03:37:00, 0.1443199044, 0.1260198835, 0.0489525445, 0.0453848283, 2826.0175, 2839.2632, 755.3600, 17.5551
2025-12-11 03:37:06, 0.1586177382, 0.1354839631, 0.0743711326, 0.0646594996, 2863.7500, 2801.8971, 756.3200, 20.2519
2025-12-11 03:37:11, 0.1452646334, 0.1138012400, 0.0617983006, 0.0709905541, 2856.9474, 2915.7193, 754.0450, 18.5039
2025-12-11 03:37:17, 0.1670038714, 0.1403600729, 0.0567628402, 0.0739597552, 2937.0000, 3048.6364, 757.0850, 20.7554
2025-12-11 03:37:23, 0.1788608674, 0.2114589918, 0.0580482307, 0.0521491136, 3004.3750, 2971.9531, 759.2250, 19.9430
2025-12-11 03:37:28, 0.1170048412, 0.1251354614, 0.0817478097, 0.0915858363, 2946.5455, 3001.6182, 757.7250, 19.1963
2025-12-11 03:37:34, 0.1110516424, 0.1347562014, 0.0628835670, 0.0581171551, 2919.1228, 2918.5614, 757.2000, 20.0990
2025-12-11 03:37:40, 0.1608574466, 0.1271480488, 0.0394990313, 0.0403805731, 3036.1207, 2877.0690, 754.1350, 18.8111
2025-12-11 03:37:45, 0.1116251312, 0.0900184841, 0.0638631401, 0.0426574593, 3131.0000, 3092.1864, 757.1700, 20.5098
2025-12-11 03:37:51, 0.1161895334, 0.1152922907, 0.1051526106, 0.0907544859, 2973.4906, 2926.1132, 756.4600, 19.7243
2025-12-11 03:37:57, 0.1354234348, 0.1102353847, 0.0486734270, 0.0506216076, 2819.1154, 2792.1538, 754.2950, 19.9017
2025-12-11 03:38:03, 0.2396381294, 0.1669491900, 0.0721927702, 0.0498027145, 2953.2857, 2882.0714, 756.1350, 17.7374
2025-12-11 03:38:09, 0.1041392342, 0.1205936659, 0.0685779482, 0.0747199820, 2816.0952, 2781.8333, 754.1150, 17.6233
2025-12-11 03:38:14, 0.1060297142, 0.1070264774, 0.0590255320, 0.0597832494, 3123.3696, 3076.8261, 755.9200, 18.4053
2025-12-11 03:38:20, 0.1069988635, 0.0924894316, 0.0574474039, 0.0503759815, 3037.1224, 3003.1020, 754.9350, 18.2316
2025-12-11 03:38:26, 0.1092876061, 0.1032593879, 0.0546456073, 0.0412698775, 2984.0638, 3094.2340, 756.4500, 18.3122
2025-12-11 03:38:32, 0.1391740744, 0.1343554478, 0.0554620601, 0.0514593263, 2876.1864, 2920.2203, 754.1750, 18.7444
2025-12-11 03:38:37, 0.1690156579, 0.1371555506, 0.0450218645, 0.0406117199, 2781.6667, 2782.5417, 757.8750, 19.4694
2025-12-11 03:38:43, 0.1045195527, 0.1447312784, 0.0573997004, 0.0598537754, 2883.2143, 2840.6607, 756.3750, 19.7034
2025-12-11 03:38:49, 0.1106843596, 0.1178240835, 0.0565087362, 0.0556946380, 2794.8214, 2828.9286, 757.1000, 18.1576
2025-12-11 03:38:54, 0.1390190932, 0.1634166479, 0.0502677022, 0.0377919726, 3061.2264, 2995.7925, 756.3550, 18.8194
2025-12-11 03:39:00, 0.1556108173, 0.1705458752, 0.0780236460, 0.0905224812, 3086.4898, 3023.0204, 755.9800, 19.8222
2025-12-11 03:39:06, 0.1965426155, 0.1666576412, 0.0465190754, 0.0554269687, 2861.9808, 2813.6731, 754.7600, 20.3178
2025-12-11 03:39:12, 0.1429662441, 0.1189945807, 0.0568272193, 0.0451741865, 2752.6471, 2706.5441, 755.1100, 19.7081
2025-12-11 03:39:18, 0.1035217286, 0.0868541725, 0.0616716774, 0.0543204323, 2948.6275, 2953.3137, 755.3400, 20.9058
2025-12-11 03:39:24, 0.1512107421, 0.1434476247, 0.0341518569, 0.0339831223, 2797.2407, 2853.2037, 756.9600, 20.9236
2025-12-11 03:39:30, 0.1770476663, 0.1668338016, 0.0608472964, 0.0467747428, 2988.9839, 2802.6774, 758.3000, 19.8794
2025-12-11 03:39:35, 0.1398973717, 0.1215474628, 0.0787714355, 0.0727702676, 2791.9362, 2891.2128, 754.9950, 18.4530
2025-12-11 03:39:41, 0.1272500000, 0.1403292929, 0.0598316835, 0.0570515087, 2819.7500, 2858.5167, 757.6200, 19.8302
2025-12-11 03:39:47, 0.1222174452, 0.1576276865, 0.0630813051, 0.0790887656, 2788.5143, 2781.2857, 756.1650, 20.6659
2025-12-11 03:39:52, 0.1905826397, 0.1461063219, 0.0759634127, 0.0649137096, 2922.0851, 2927.0000, 758.6900, 19.9786
2025-12-11 03:39:58, 0.1172647914, 0.1589197251, 0.0792190228, 0.0786616294, 2878.8036, 2754.4107, 753.7700, 20.5358
2025-12-11 03:40:04, 0.1120754355, 0.1600083813, 0.0645640414, 0.0622281449, 2910.5556, 2981.6889, 756.3600, 19.4353
2025-12-11 03:40:09, 0.1484912343, 0.1328661939, 0.1207292484, 0.0949776388, 3040.5439, 2992.4386, 762.3250, 20.0581
2025-12-11 03:40:16, 0.1511765025, 0.1422465487, 0.0473072257, 0.0653946435, 2705.9556, 2872.6667, 760.2200, 20.9304
2025-12-11 03:40:22, 0.1661676794, 0.1322754990, 0.0984738291, 0.0717573983, 2880.9130, 2855.0000, 762.6750, 20.0112
2025-12-11 03:40:27, 0.1379827812, 0.1171126114, 0.0791012083, 0.0900089116, 2812.0385, 2814.4423, 762.7900, 20.0194
2025-12-11 03:40:33, 0.1309113328, 0.1344678901, 0.0725741050, 0.0898860999, 2565.9796, 2672.2653, 758.4000, 23.2843
2025-12-11 03:40:39, 0.1679202332, 0.1748912399, 0.0683499852, 0.0615039196, 2856.6923, 2847.5538, 760.7050, 20.4183
2025-12-11 03:40:45, 0.1224411711, 0.1216671005, 0.0805303034, 0.0686134423, 2808.7885, 2887.4615, 757.7550, 19.6322
2025-12-11 03:40:50, 0.1085904749, 0.1029517795, 0.0828755135, 0.0610616263, 2903.5778, 2782.5333, 755.5050, 19.4227
2025-12-11 03:40:56, 0.1383414737, 0.1257311104, 0.1354253732, 0.0932071330, 2682.2679, 2663.1607, 757.9150, 20.0775
2025-12-11 03:41:02, 0.1119603174, 0.1335116518, 0.0658911489, 0.0462065617, 2765.8182, 2746.5909, 759.4050, 20.4900
2025-12-11 03:41:08, 0.1556101524, 0.1828344885, 0.0746207832, 0.0562808626, 2630.6226, 2692.4717, 757.5900, 20.9287
2025-12-11 03:41:13, 0.1250099278, 0.1422993614, 0.1107759950, 0.0846995796, 2743.5556, 2790.5111, 755.8900, 19.5125
2025-12-11 03:41:19, 0.1116148959, 0.1218062003, 0.0823209061, 0.0667183822, 2783.3617, 2818.4681, 755.4200, 19.0673
2025-12-11 03:41:25, 0.1163124779, 0.1205049312, 0.1144313249, 0.1019878188, 2920.1148, 2962.6721, 754.3750, 22.7527
2025-12-11 03:41:31, 0.0912151199, 0.0989085028, 0.0592432134, 0.0693455682, 2846.8367, 2918.5918, 753.7550, 20.0503
2025-12-11 03:41:37, 0.1219060936, 0.1113191688, 0.0658051540, 0.0399598926, 2763.0000, 2761.8958, 753.3100, 20.3183
2025-12-11 03:41:43, 0.1267789054, 0.1247180043, 0.0928753510, 0.0881348569, 2836.2075, 2797.4717, 752.2100, 19.6455
2025-12-11 03:41:48, 0.0733364502, 0.0682831411, 0.1131079390, 0.0780551906, 2850.3922, 2839.7647, 751.3400, 20.0111
2025-12-11 03:41:54, 0.1003219647, 0.1012830306, 0.0725961414, 0.0702489992, 2955.6000, 2946.5778, 754.2400, 19.1393
2025-12-11 03:42:00, 0.1126732241, 0.0767892641, 0.0486774909, 0.0724001955, 2858.4545, 2873.4182, 754.4450, 20.0187
2025-12-11 03:42:06, 0.0885084968, 0.0906460305, 0.0933307327, 0.0583135091, 2891.5000, 2988.3250, 753.4200, 18.3688
2025-12-11 03:42:11, 0.1439829391, 0.1050828478, 0.0568756538, 0.0609614269, 3031.1837, 3017.9796, 755.1300, 18.8444
2025-12-11 03:42:17, 0.1135088871, 0.1096980618, 0.0610430793, 0.0674303856, 2851.6383, 2927.7660, 752.8150, 17.2841
2025-12-11 03:42:23, 0.1203790498, 0.1423275408, 0.0765839342, 0.0909599248, 2739.5000, 2933.1842, 754.8800, 18.5174
2025-12-11 03:42:28, 0.1185726351, 0.1008922039, 0.1047448561, 0.1031188891, 2753.6444, 2793.6444, 755.7700, 18.8411
2025-12-11 03:42:34, 0.1645514258, 0.1129366278, 0.1046394749, 0.0816493927, 2885.7021, 2952.8085, 754.2450, 17.4824
2025-12-11 03:42:40, 0.2032123907, 0.1778889670, 0.0628966298, 0.0570207160, 2905.5682, 2931.5909, 753.8650, 19.1017
2025-12-11 03:42:45, 0.1716915861, 0.1031387947, 0.0897805753, 0.0734440568, 2945.5435, 3052.0652, 755.4600, 19.5903
2025-12-11 03:42:51, 0.1095149269, 0.1495576688, 0.0695835795, 0.0538993011, 2897.1522, 2874.9783, 755.3950, 17.6618
2025-12-11 03:42:57, 0.1416947128, 0.1206424627, 0.0555054553, 0.0605455226, 2731.2750, 2860.2750, 760.0000, 19.4366
2025-12-11 03:43:02, 0.1414675608, 0.1166209025, 0.0540291854, 0.0422840007, 2718.4151, 2779.6981, 755.5900, 19.0008
2025-12-11 03:43:08, 0.1254029158, 0.1015323153, 0.0956942406, 0.0946451182, 2835.9333, 2966.4667, 755.2250, 19.6719
2025-12-11 03:43:14, 0.1338524068, 0.1079894143, 0.0457318613, 0.0684554505, 2767.0800, 2825.4000, 758.6450, 19.1308
2025-12-11 03:43:19, 0.0988176750, 0.1041558402, 0.0577334250, 0.0688556269, 2742.8627, 2845.2941, 750.7950, 20.5763
2025-12-11 03:43:25, 0.1104895796, 0.1205033497, 0.0616837254, 0.0549471697, 2839.1250, 2836.0625, 756.0400, 18.8464
2025-12-11 03:43:31, 0.0993985377, 0.0872681301, 0.0426318398, 0.0658665164, 2757.7436, 2881.2821, 755.9650, 19.1331
2025-12-11 03:43:37, 0.1347927483, 0.1133165776, 0.0627409840, 0.0661494270, 2768.7451, 2946.4314, 757.6250, 16.3026
2025-12-11 03:43:43, 0.1225022997, 0.1069555352, 0.0455815306, 0.0663474831, 2852.1395, 2892.4186, 752.9400, 17.6286
2025-12-11 03:43:48, 0.1056762724, 0.1006791841, 0.0580810720, 0.0464139273, 2798.3077, 2968.4872, 752.2400, 18.5777
2025-12-11 03:43:54, 0.1412273916, 0.1273843942, 0.0531214084, 0.0445710407, 2777.6735, 2739.8571, 751.3200, 18.3076
2025-12-11 03:44:00, 0.1264640783, 0.1289737577, 0.0661937331, 0.0455298341, 2850.5965, 2883.8246, 753.1700, 16.2262
2025-12-11 03:44:06, 0.1688794121, 0.1310259350, 0.0365179514, 0.0376942303, 2932.8444, 2970.7556, 747.5050, 18.7641
2025-12-11 03:44:11, 0.1357656982, 0.1297938943, 0.0564808081, 0.0639376945, 2877.4348, 2896.8043, 750.1600, 19.5764
2025-12-11 03:44:17, 0.1476624092, 0.1519715307, 0.0685834990, 0.0684603359, 2906.9792, 2948.6458, 753.1450, 18.0888
2025-12-11 03:44:23, 0.1124409308, 0.1086890012, 0.0592528565, 0.0618499395, 3027.4107, 2998.9107, 754.8800, 17.7450
2025-12-11 03:44:29, 0.0989860600, 0.1104163307, 0.0717113520, 0.0738226210, 2906.7547, 2905.7925, 753.3700, 17.5275
2025-12-11 03:44:35, 0.1716538825, 0.1352687980, 0.0522974834, 0.0684115225, 2736.3750, 2903.6750, 754.2600, 18.1767
2025-12-11 03:44:40, 0.1258241106, 0.0914456644, 0.0730693882, 0.0654887964, 2799.6250, 2877.0833, 756.6200, 18.3266
2025-12-11 03:44:46, 0.1063950481, 0.1192447415, 0.0381696954, 0.0291040058, 2761.3953, 2754.0465, 755.3450, 18.5929
2025-12-11 03:44:52, 0.1617062584, 0.1278778759, 0.0898098992, 0.1018247276, 3128.7500, 3200.1458, 755.8550, 17.9322
2025-12-11 03:44:58, 0.1327674208, 0.1123717285, 0.0446398151, 0.0634113018, 2898.9200, 2994.5800, 755.2950, 18.2441
2025-12-11 03:45:04, 0.1459411010, 0.1719171527, 0.0619872678, 0.0573736737, 2998.9787, 3117.1489, 755.3650, 19.4366
2025-12-11 03:45:09, 0.1212387198, 0.1270802830, 0.0396031168, 0.0482522752, 2880.0702, 2928.8596, 754.3750, 17.9637
2025-12-11 03:45:15, 0.1295953030, 0.1243783638, 0.0848405983, 0.0804614418, 2912.2745, 2891.2157, 753.5000, 18.9766
2025-12-11 03:45:20, 0.1257683721, 0.1189259980, 0.0919826679, 0.0810090576, 2777.4250, 2935.7500, 753.2850, 18.7895
2025-12-11 03:45:26, 0.1186103136, 0.1020830093, 0.0417336802, 0.0445043705, 2734.7273, 2793.4545, 754.8400, 17.8335
2025-12-11 03:45:32, 0.1318438096, 0.1778390332, 0.0776497609, 0.0627325310, 2889.1373, 2913.5490, 754.5800, 18.5799
2025-12-11 03:45:38, 0.1491792884, 0.1248410590, 0.0754181437, 0.0637636938, 2862.0000, 2777.9375, 761.3100, 21.3496
2025-12-11 03:45:43, 0.1633654996, 0.1312407975, 0.0609128905, 0.0617181732, 3094.7451, 3016.4510, 760.9250, 22.3018
2025-12-11 03:45:49, 0.1085687302, 0.1193609320, 0.0827505233, 0.0615919776, 3054.9600, 2932.6000, 760.0500, 21.0458
2025-12-11 03:45:55, 0.1382642651, 0.1174172042, 0.0656896860, 0.0499367102, 2954.7209, 3132.5814, 757.4100, 22.0563
2025-12-11 03:46:01, 0.1422397690, 0.1312410060, 0.0769416769, 0.0839499808, 3004.0702, 3062.2982, 760.0950, 19.7693
2025-12-11 03:46:06, 0.0866031651, 0.1187569631, 0.0570608262, 0.0803606791, 3112.3750, 3012.2321, 761.2650, 22.1834
2025-12-11 03:46:12, 0.1086943522, 0.1186890682, 0.0739727860, 0.0703815002, 2887.0000, 2932.8542, 759.5950, 19.2663
2025-12-11 03:46:18, 0.1199256511, 0.1193703882, 0.0573261937, 0.0602003937, 2767.7407, 2770.4444, 762.3750, 20.6762
2025-12-11 03:46:23, 0.1090026489, 0.1073064269, 0.0553068346, 0.0631401563, 2740.4118, 2846.6275, 760.0850, 22.1564
2025-12-11 03:46:29, 0.1228473675, 0.1345685888, 0.0791122770, 0.0784023600, 3063.2973, 2969.4865, 759.7500, 23.0347
2025-12-11 03:46:35, 0.1317111563, 0.1324362939, 0.0599331834, 0.0729544119, 2781.5833, 2844.7667, 761.9200, 22.1890
2025-12-11 03:46:41, 0.2389914218, 0.1742153247, 0.0559434011, 0.0635303990, 2774.2632, 2883.6053, 761.2700, 20.8336
2025-12-11 03:46:46, 0.2322242041, 0.1974645320, 0.0432727918, 0.0509580443, 2867.5000, 2937.9048, 756.9900, 22.1192
2025-12-11 03:46:52, 0.1217843425, 0.1074998685, 0.1072737133, 0.0699398554, 2923.6889, 2923.0889, 761.6950, 18.9724
2025-12-11 03:46:58, 0.1629044312, 0.1277683589, 0.0826484812, 0.0699303876, 2870.7647, 2913.8235, 763.0650, 21.9607
2025-12-11 03:47:03, 0.1779315308, 0.1076561188, 0.0621807348, 0.0776009802, 3002.1961, 3138.6275, 762.4750, 19.8877
2025-12-11 03:47:09, 0.1607563310, 0.1502894280, 0.0541778463, 0.0412525094, 3032.4091, 3083.7045, 760.8950, 19.4156
2025-12-11 03:47:15, 0.1113285731, 0.1195609659, 0.0545715852, 0.0485174048, 2834.5128, 2829.8462, 760.9450, 21.3725
2025-12-11 03:47:21, 0.1604206215, 0.1452906924, 0.0630146246, 0.0387974360, 2872.1296, 2908.1296, 760.4850, 19.4510
2025-12-11 03:47:26, 0.1029491604, 0.0797713104, 0.0590815085, 0.0490457564, 2916.0588, 2906.1765, 760.9800, 19.3393
2025-12-11 03:47:32, 0.1035427341, 0.1057226633, 0.0869586705, 0.1005079837, 3215.3784, 3120.7568, 760.4250, 19.5181
2025-12-11 03:47:38, 0.1056200619, 0.1010698025, 0.0702108547, 0.0508554684, 2930.0893, 2917.9643, 757.2100, 18.1029
2025-12-11 03:47:44, 0.1115693412, 0.1182165409, 0.0768974993, 0.0865642431, 3099.0227, 3007.1818, 758.7150, 19.4302
2025-12-11 03:47:49, 0.1039996368, 0.0895567754, 0.0764840978, 0.0684481860, 3152.0943, 3117.0189, 755.7150, 18.6752
2025-12-11 03:47:55, 0.1113730278, 0.0966535306, 0.0831295361, 0.0552067823, 3069.3103, 3080.8793, 757.7400, 18.2642
2025-12-11 03:48:01, 0.1010321362, 0.0975792886, 0.0991559028, 0.0870408618, 3162.0976, 3217.6829, 756.5350, 17.1376
2025-12-11 03:48:07, 0.1154983873, 0.1271334988, 0.0585220043, 0.0665682027, 2756.2889, 2835.6222, 757.5600, 19.2056
2025-12-11 03:48:12, 0.1449061135, 0.1214333897, 0.0672268507, 0.0481638684, 2826.0204, 2948.5102, 755.2400, 17.4382
2025-12-11 03:48:18, 0.1312454568, 0.1518717607, 0.0580208641, 0.0656430890, 3031.5000, 2984.2500, 757.8450, 17.9917
2025-12-11 03:48:24, 0.1429645630, 0.1453780464, 0.0716785278, 0.0587348479, 2849.8000, 2863.8571, 752.8450, 18.2535
2025-12-11 03:48:29, 0.1747247929, 0.1424507787, 0.0854334651, 0.0699466511, 2843.7018, 2915.9474, 755.1650, 17.9292
2025-12-11 03:48:35, 0.0918880049, 0.0822344878, 0.0649174931, 0.0533015790, 2664.0408, 2758.2041, 754.8750, 18.3766
2025-12-11 03:48:41, 0.1251251200, 0.1132631491, 0.0704589101, 0.0752397356, 2715.4468, 2742.5106, 755.4050, 16.9187
2025-12-11 03:48:47, 0.1328331628, 0.0875044585, 0.0712893629, 0.0722245159, 2986.1250, 3040.5000, 756.3000, 18.6829
2025-12-11 03:48:53, 0.1634729435, 0.1152869829, 0.1178506822, 0.0981224721, 2783.7170, 2902.5472, 754.6550, 18.9076
2025-12-11 03:48:59, 0.1244681171, 0.1017391411, 0.0627779724, 0.0833016624, 3115.7917, 3091.9792, 752.2500, 19.7524
2025-12-11 03:49:04, 0.1173051497, 0.0926582180, 0.1023962912, 0.0771566989, 2704.9375, 2726.3125, 752.2500, 20.6554
2025-12-11 03:49:10, 0.1302514233, 0.1265701609, 0.0672176156, 0.0548789422, 2605.8889, 2783.2778, 750.1650, 18.4127
2025-12-11 03:49:16, 0.1405768696, 0.1464235100, 0.0529249686, 0.0468323376, 2761.7692, 2915.8205, 750.3200, 17.6535
2025-12-11 03:49:22, 0.1008658964, 0.1044870896, 0.0974171704, 0.0653604977, 3028.2708, 2976.3750, 750.6650, 18.9497
2025-12-11 03:49:27, 0.0999667835, 0.0848521481, 0.0685800356, 0.0485999092, 2830.6667, 2877.1026, 754.5950, 17.6825
2025-12-11 03:49:33, 0.1331999626, 0.1212960293, 0.0708367149, 0.0587065193, 2959.4259, 2834.5185, 756.4050, 18.5429
2025-12-11 03:49:39, 0.1097306942, 0.0673086297, 0.0669125995, 0.0589656799, 3008.5745, 3005.9362, 756.0200, 18.3447
2025-12-11 03:49:44, 0.1178004019, 0.0933238009, 0.0577898495, 0.0513404480, 2941.0682, 2841.7727, 756.3600, 17.7823
2025-12-11 03:49:50, 0.1034621620, 0.0886857632, 0.0492178965, 0.0478532595, 2759.4528, 2777.0755, 756.2600, 17.4660
2025-12-11 03:49:56, 0.1407964602, 0.1117751633, 0.0546280921, 0.0470471673, 3044.4074, 3036.2407, 756.1250, 17.9736
2025-12-11 03:50:02, 0.1053284915, 0.0838993213, 0.0589318693, 0.0396560002, 3003.6415, 2886.1698, 755.9400, 17.6629
2025-12-11 03:50:07, 0.1010930476, 0.0709281473, 0.0589832829, 0.0675338030, 2912.4068, 2872.2373, 760.6250, 18.3517
2025-12-11 03:50:13, 0.0886346381, 0.0875012110, 0.0664178119, 0.0469460256, 2799.2424, 2755.1061, 759.2600, 18.9080
2025-12-11 03:50:19, 0.1107477239, 0.1125807711, 0.0765081807, 0.0654307205, 2906.4651, 2960.7442, 761.0100, 18.9122
2025-12-11 03:50:25, 0.1256434038, 0.1122526377, 0.0793118230, 0.0634886654, 2980.1154, 2907.2115, 762.6850, 18.3604
2025-12-11 03:50:31, 0.1395026024, 0.0933959608, 0.0379719247, 0.0542391274, 2918.9070, 2912.9535, 760.7550, 20.1662
2025-12-11 03:50:36, 0.1227570686, 0.1225106554, 0.0626406555, 0.0612631862, 2886.2069, 2871.3793, 763.3250, 18.8664
2025-12-11 03:50:42, 0.1572679018, 0.0989639756, 0.0827005748, 0.0774237424, 2992.2692, 3048.1154, 764.2750, 19.9276
2025-12-11 03:50:48, 0.1560453321, 0.1498216061, 0.0754455884, 0.0574064892, 3015.9423, 3012.9038, 762.2500, 19.2839
2025-12-11 03:50:54, 0.1033687410, 0.0722394483, 0.0548234503, 0.0463853379, 2945.7869, 2991.0492, 763.9600, 18.8409
2025-12-11 03:50:59, 0.1068284445, 0.1158096917, 0.0531033187, 0.0475906309, 3014.3265, 2882.0000, 761.3350, 19.5579
2025-12-11 03:51:05, 0.0891540200, 0.0731964910, 0.0802898866, 0.0854232260, 2903.8644, 2955.4068, 763.9600, 18.1700
2025-12-11 03:51:11, 0.0776572660, 0.0967440984, 0.0981023052, 0.0640533854, 3036.0208, 3116.8333, 762.2700, 18.9240
2025-12-11 03:51:17, 0.0951323204, 0.0612691056, 0.0875174075, 0.0687495061, 2922.4098, 2974.9344, 768.1900, 19.3345
2025-12-11 03:51:22, 0.0749523817, 0.0688340726, 0.0848371841, 0.0690907206, 2871.6842, 2886.4912, 760.8150, 19.4059
2025-12-11 03:51:28, 0.0926643991, 0.0658319091, 0.1180741997, 0.1185208568, 2976.4211, 2911.8772, 759.5700, 19.3857
2025-12-11 03:51:34, 0.1173448987, 0.0821258429, 0.0546818095, 0.0490173049, 2952.9787, 2845.2128, 762.7200, 19.2998
2025-12-11 03:51:40, 0.0838453415, 0.0759827437, 0.0557935798, 0.0554555491, 2917.3556, 2890.9778, 760.8050, 20.9336
2025-12-11 03:51:45, 0.0717201608, 0.1004153461, 0.0815627161, 0.0671785567, 2856.4630, 2795.9815, 759.8450, 20.0741
2025-12-11 03:51:51, 0.0626933879, 0.0724382893, 0.0831618763, 0.0725895479, 2763.1818, 2723.8864, 760.1550, 18.2014
2025-12-11 03:51:57, 0.1053231663, 0.1052603296, 0.0757610025, 0.0723837607, 2689.9778, 2826.9556, 758.6250, 19.8067
2025-12-11 03:52:03, 0.1137831738, 0.0930135111, 0.0922164153, 0.0681374508, 3057.5600, 3043.4800, 757.5050, 19.8020
2025-12-11 03:52:08, 0.0961127535, 0.1167091049, 0.1097629135, 0.0796152876, 2819.9815, 2846.8148, 760.2100, 18.8004
2025-12-11 03:52:14, 0.0876019443, 0.1140223875, 0.0842731649, 0.0607264505, 2775.2857, 2980.8095, 758.5200, 18.2622
2025-12-11 03:52:20, 0.0941883916, 0.0972432792, 0.0679550880, 0.0707151726, 2711.2340, 2788.5532, 755.0450, 19.2456
2025-12-11 03:52:25, 0.1150531828, 0.0831051905, 0.0706090772, 0.0560292691, 3084.3922, 3102.6275, 760.0600, 19.5695
2025-12-11 03:52:31, 0.1566363658, 0.1391654312, 0.0727827982, 0.0829429481, 3079.5385, 3169.0962, 759.7350, 18.3776
2025-12-11 03:52:37, 0.1135183948, 0.1029823836, 0.0980572877, 0.0818559333, 2833.9107, 3014.3036, 756.5950, 21.1519
2025-12-11 03:52:43, 0.1179479788, 0.1045230156, 0.0680734663, 0.0728135544, 2803.3556, 2770.5111, 761.7650, 18.2787
2025-12-11 03:52:48, 0.0924334293, 0.0897468702, 0.0875479474, 0.1043360296, 2719.4630, 2883.0556, 757.8050, 18.2893
2025-12-11 03:52:54, 0.0945429209, 0.0826634414, 0.0616073803, 0.0449447801, 2861.0976, 2898.5122, 759.0300, 18.2455
2025-12-11 03:53:00, 0.1312423255, 0.1087031432, 0.0517232150, 0.0464276503, 2769.9216, 2820.7647, 758.7900, 19.4681
2025-12-11 03:53:05, 0.0913616538, 0.0775472688, 0.0946065163, 0.0975770515, 2885.8545, 2927.5818, 756.4300, 19.2233
2025-12-11 03:53:11, 0.1046372359, 0.0980692777, 0.0785038738, 0.0828567880, 2929.1600, 3048.4000, 761.8850, 16.7090
2025-12-11 03:53:17, 0.1431010079, 0.1445330057, 0.0575577893, 0.0540220157, 2730.3750, 2899.0536, 758.6300, 18.0101
2025-12-11 03:53:23, 0.1179516682, 0.1237850649, 0.0842237767, 0.0827994754, 2923.8868, 2846.9245, 761.4100, 18.1144
2025-12-11 03:53:28, 0.0782688370, 0.1000054415, 0.0669626654, 0.0739060093, 2716.4286, 2623.3265, 762.4900, 17.8558
2025-12-11 03:53:34, 0.0883516654, 0.1028833504, 0.0611485948, 0.0553258403, 2674.6585, 2763.8293, 763.7200, 18.1863
2025-12-11 03:53:40, 0.1337719585, 0.0908647342, 0.0988759939, 0.0866396397, 2949.3191, 2992.2128, 761.9000, 17.4511
2025-12-11 03:53:45, 0.1360805461, 0.1078021047, 0.1396794434, 0.1989863197, 2899.8158, 3037.5526, 761.2550, 20.3936
2025-12-11 03:53:51, 0.0821414877, 0.0676385495, 0.0933591865, 0.0714824161, 2802.9778, 2801.2889, 758.7800, 18.1332
2025-12-11 03:53:57, 0.0793321911, 0.0954663320, 0.0934429152, 0.0743486212, 3071.0714, 3114.0357, 763.9900, 17.6680
2025-12-11 03:54:02, 0.1403492999, 0.1019684319, 0.0746380991, 0.0858168406, 2794.1087, 2822.0435, 758.1650, 18.1057
2025-12-11 03:54:08, 0.1261410707, 0.1426733976, 0.0987293821, 0.1029632579, 3059.0816, 2970.8367, 760.7300, 18.3793
2025-12-11 03:54:14, 0.1040053425, 0.0748541186, 0.0737795092, 0.0722105235, 2784.6613, 2851.9839, 761.9150, 18.8748
2025-12-11 03:54:20, 0.0726014367, 0.0543814406, 0.1618749936, 0.1072677857, 3126.1458, 3081.0417, 758.0300, 18.5852
2025-12-11 03:54:26, 0.0902142916, 0.0748367515, 0.0551571374, 0.0541947227, 2797.1538, 2747.3846, 760.5500, 17.8297
2025-12-11 03:54:31, 0.1045803558, 0.0865944023, 0.0750387534, 0.0836236162, 2881.1923, 2978.4615, 757.8850, 18.8157
2025-12-11 03:54:37, 0.1160669866, 0.1098037661, 0.0881427593, 0.0886539378, 2970.5849, 2987.9623, 757.3900, 18.7581
2025-12-11 03:54:43, 0.1208146914, 0.1238934564, 0.0677158849, 0.0718521595, 2735.6667, 2879.0000, 754.6900, 16.5805
2025-12-11 03:54:49, 0.1202060329, 0.1244286476, 0.0524943030, 0.0413291554, 2751.5652, 2836.7174, 756.7000, 17.4746
2025-12-11 03:54:54, 0.1226701438, 0.0869509231, 0.1022698507, 0.0975140395, 2873.9808, 3052.2500, 755.8450, 18.7283
2025-12-11 03:55:00, 0.1251754409, 0.0816977851, 0.0615533718, 0.0769375480, 2934.5893, 3030.2143, 756.8200, 18.0360
2025-12-11 03:55:06, 0.1170706331, 0.1191324471, 0.0798352533, 0.0630246170, 2676.2250, 2635.6750, 755.3350, 17.5671
2025-12-11 03:55:11, 0.1334525636, 0.1345133047, 0.0604390490, 0.0622018224, 2903.1957, 2966.5000, 758.1950, 19.0853
2025-12-11 03:55:17, 0.0951034598, 0.0885009386, 0.0664093293, 0.0763274092, 2853.4516, 2969.0806, 754.9400, 16.9613
2025-12-11 03:55:23, 0.1077469209, 0.1108419431, 0.0488514868, 0.0577635732, 2667.0870, 2838.1304, 752.7050, 19.8715
2025-12-11 03:55:29, 0.1240387413, 0.1230125814, 0.0624768045, 0.0566304666, 2949.4800, 3006.1400, 753.3950, 17.1551
2025-12-11 03:55:34, 0.1334986777, 0.1615077643, 0.0722430325, 0.0614388568, 2795.2833, 2805.4000, 754.1850, 18.8096
2025-12-11 03:55:40, 0.1550138364, 0.1225152205, 0.0401071190, 0.0367771587, 2895.2941, 2883.2941, 752.0300, 19.6481
2025-12-11 03:55:45, 0.1419169620, 0.1304572878, 0.0943458453, 0.0603835351, 2772.1538, 2780.9231, 753.6650, 19.1406
2025-12-11 03:55:51, 0.1272450863, 0.1101379696, 0.0745044600, 0.0775419405, 2803.8909, 2799.7091, 752.3650, 16.9665
2025-12-11 03:55:57, 0.1254901959, 0.0849292679, 0.0742022086, 0.0679152033, 2844.4524, 2865.9286, 754.8450, 18.3940
2025-12-11 03:56:03, 0.1120554346, 0.1047866107, 0.0569707745, 0.0397649176, 2769.5918, 2786.9796, 757.1850, 18.3810
2025-12-11 03:56:08, 0.1219642027, 0.1096479236, 0.0460452051, 0.0445777209, 2908.6170, 2822.7872, 753.6250, 19.1647
2025-12-11 03:56:14, 0.0958783439, 0.1036019233, 0.0653851595, 0.0663357698, 3001.2609, 3021.5435, 751.8200, 18.1796
2025-12-11 03:56:20, 0.1145069512, 0.1106538331, 0.0921311890, 0.1115238617, 2996.4902, 2962.6667, 752.5100, 18.2156
2025-12-11 03:56:25, 0.1174411451, 0.1262601278, 0.0664483154, 0.0688009966, 2983.4130, 2917.7174, 753.9700, 18.6274
2025-12-11 03:56:31, 0.0906175665, 0.1044600317, 0.0549454090, 0.0520458268, 2886.0962, 2865.5000, 757.3050, 19.4739
2025-12-11 03:56:37, 0.1183329456, 0.1136248108, 0.0455291459, 0.0488842265, 2936.2549, 2915.0588, 755.5550, 20.3258
2025-12-11 03:56:43, 0.1084333754, 0.0954597785, 0.0629851884, 0.0361310332, 2950.4773, 2906.9091, 757.1150, 19.0413
2025-12-11 03:56:48, 0.1445377034, 0.1065907545, 0.0529240596, 0.0405609122, 2992.1321, 2916.2453, 757.6050, 18.2077
2025-12-11 03:56:54, 0.0723105698, 0.0954485577, 0.0629149060, 0.0459496308, 2860.6792, 2773.3585, 755.7300, 18.1752
2025-12-11 03:57:00, 0.0779078168, 0.1050848185, 0.0480622570, 0.0350396122, 2951.3958, 2878.3542, 758.9850, 19.4919
2025-12-11 03:57:06, 0.0767050279, 0.0593361568, 0.0925393897, 0.0678526435, 2999.1702, 2931.3617, 758.4550, 19.4501
2025-12-11 03:57:11, 0.0965571656, 0.0699581865, 0.0574594655, 0.0533093264, 2712.6545, 2819.2909, 757.2350, 20.5784
2025-12-11 03:57:17, 0.1263237582, 0.0809983514, 0.0702734439, 0.0516131961, 3011.1364, 2952.7045, 759.6650, 20.6643
2025-12-11 03:57:23, 0.1295825801, 0.1189096865, 0.0970382238, 0.0941745599, 2949.7600, 2944.3600, 759.7900, 18.0836
2025-12-11 03:57:29, 0.2355520002, 0.1341586529, 0.0892771570, 0.0850414754, 2867.7857, 2946.2857, 757.8500, 19.2893
2025-12-11 03:57:34, 0.1374244634, 0.1362939356, 0.0507273521, 0.0552276096, 2868.2500, 3012.3462, 758.3850, 19.3734
2025-12-11 03:57:40, 0.1045720630, 0.0999043306, 0.0664905955, 0.0631226803, 2905.5333, 2885.2889, 758.4100, 18.9845
2025-12-11 03:57:46, 0.0801851755, 0.0957437414, 0.0579679788, 0.0379892894, 2844.6981, 2770.0377, 758.3850, 19.0816
2025-12-11 03:57:51, 0.1204939624, 0.1336041857, 0.1005684306, 0.1006161009, 3150.5000, 3133.4091, 756.1050, 19.2482
2025-12-11 03:57:57, 0.1711931922, 0.1737871882, 0.0519462198, 0.0529654366, 3009.1250, 3029.1607, 756.9550, 19.2861
2025-12-11 03:58:03, 0.1350133723, 0.1286628669, 0.0756137666, 0.0571714110, 2980.0370, 3075.6296, 764.0100, 18.2746
2025-12-11 03:58:09, 0.1684697011, 0.1983134764, 0.0748114922, 0.0740889602, 2627.9302, 2729.3023, 758.7900, 18.9335
2025-12-11 03:58:15, 0.1104539333, 0.1121327356, 0.0939281496, 0.0726656367, 2922.3636, 2857.3636, 757.3350, 18.0777
2025-12-11 03:58:20, 0.1279621552, 0.1479581931, 0.0857582371, 0.0629158634, 2803.7857, 2790.6429, 761.3100, 17.7354
2025-12-11 03:58:26, 0.0897329947, 0.1371857331, 0.0889637250, 0.0734508386, 2562.4571, 2721.9143, 759.3050, 18.7302
2025-12-11 03:58:31, 0.1169173787, 0.1200790544, 0.0984120831, 0.0755004905, 2532.0000, 2782.2453, 760.0050, 19.2540
2025-12-11 03:58:37, 0.0835606339, 0.0648531728, 0.1407952344, 0.1127397689, 2745.6667, 2905.1667, 759.5750, 18.3835
2025-12-11 03:58:43, 0.1009110600, 0.1110910242, 0.0576187886, 0.0928588432, 2761.9394, 2783.0606, 760.9500, 19.6750
2025-12-11 03:58:49, 0.1653537421, 0.1311254169, 0.0566676949, 0.0664823148, 2827.8033, 2983.1475, 755.0400, 18.6949
2025-12-11 03:58:54, 0.0939022764, 0.0980705836, 0.0926500304, 0.0866972839, 2799.4000, 2838.0727, 754.0700, 20.1215
2025-12-11 03:59:00, 0.1094161753, 0.1250723046, 0.0706612739, 0.0595301458, 2880.5652, 2879.1739, 758.5050, 19.6545
2025-12-11 03:59:06, 0.1038051321, 0.1363370569, 0.0682824206, 0.0790773735, 3073.9318, 3106.2727, 758.1600, 18.6897
2025-12-11 03:59:12, 0.1021578403, 0.1145355607, 0.0785569733, 0.0685447398, 2856.3667, 2969.3333, 755.7800, 17.1838
2025-12-11 03:59:18, 0.1283223392, 0.1264482469, 0.0811233529, 0.0694958732, 3046.4000, 3020.2000, 758.1150, 16.9995
2025-12-11 03:59:24, 0.1158453639, 0.1047553975, 0.0663722700, 0.0675732295, 2771.6000, 2876.4222, 757.0250, 20.0468
2025-12-11 03:59:29, 0.1132142222, 0.1499380232, 0.0689196660, 0.0738523205, 2872.3023, 2898.2791, 755.1000, 19.4941
2025-12-11 03:59:35, 0.1268857115, 0.1237353919, 0.0738778002, 0.0631227578, 2829.7143, 2741.8776, 751.6350, 17.5517
2025-12-11 03:59:41, 0.1359257083, 0.1572094015, 0.0897854572, 0.0928452941, 3123.9815, 3228.1852, 752.0150, 17.0369
2025-12-11 03:59:46, 0.1076952073, 0.1013150285, 0.1067438815, 0.1167676196, 2719.8571, 2808.0204, 751.9650, 17.9408
2025-12-11 03:59:52, 0.1284895677, 0.0841484770, 0.1012140303, 0.1085465148, 2995.9149, 3064.2766, 751.4700, 18.0585
2025-12-11 03:59:58, 0.1131348316, 0.1107584722, 0.0790812343, 0.0861646915, 2912.4000, 3045.4000, 751.9900, 17.9170
2025-12-11 04:00:03, 0.0854489067, 0.0910882141, 0.0591383489, 0.0598821111, 2882.1786, 2977.6250, 753.7550, 18.2933
2025-12-11 04:00:09, 0.1544349993, 0.1393145929, 0.0500941032, 0.0537847168, 2965.9697, 3075.6061, 755.8550, 17.3728
2025-12-11 04:00:15, 0.1271587965, 0.1055081271, 0.0461000030, 0.0478680986, 2812.5172, 2892.0345, 753.1950, 20.2992
2025-12-11 04:00:21, 0.1436938601, 0.1295798782, 0.0658555625, 0.0616845054, 2946.0000, 3014.3947, 756.2300, 18.1366
2025-12-11 04:00:27, 0.1289787383, 0.1325536328, 0.0966729938, 0.0763087736, 2899.1290, 2858.6774, 755.7550, 17.9177
2025-12-11 04:00:33, 0.1263758661, 0.1060666391, 0.0542275846, 0.0546618104, 2915.5600, 2860.2000, 755.7650, 18.4627
2025-12-11 04:00:38, 0.0853647926, 0.0633651438, 0.0447381592, 0.0469244840, 2980.8302, 2897.3019, 756.1500, 19.2130
2025-12-11 04:00:44, 0.1508621784, 0.1267160216, 0.0570732236, 0.0565085853, 2984.5435, 2987.2391, 756.8600, 18.5321
2025-12-11 04:00:50, 0.1417060834, 0.1522161329, 0.0475589878, 0.0499173625, 2864.2653, 2781.9184, 751.5650, 18.7749
2025-12-11 04:00:55, 0.1837075482, 0.2009923530, 0.0604384908, 0.0716531378, 2736.0769, 2735.4615, 752.5350, 19.8360
2025-12-11 04:01:01, 0.1571919383, 0.1405663887, 0.0622414910, 0.0664486298, 2859.3469, 2808.7959, 752.7450, 18.6510
2025-12-11 04:01:07, 0.1342053061, 0.1222352938, 0.0379351255, 0.0555526923, 2643.7805, 2730.5610, 753.1050, 18.0048
2025-12-11 04:01:12, 0.2097505775, 0.1442450428, 0.0599083988, 0.0713229378, 2627.1515, 2757.4242, 751.2600, 20.6938
2025-12-11 04:01:18, 0.0966764050, 0.1023534983, 0.0802435042, 0.0637159981, 2844.0172, 2959.6724, 752.4550, 17.7047
2025-12-11 04:01:24, 0.1584525955, 0.1064491588, 0.0959049672, 0.0956631462, 2908.4762, 2888.5873, 757.4300, 18.8426
2025-12-11 04:01:30, 0.1661305061, 0.1399804253, 0.0677191237, 0.0721019167, 2899.0862, 3011.3966, 756.5500, 18.1953
2025-12-11 04:01:36, 0.1592205383, 0.1472416085, 0.0901170815, 0.0718406165, 2851.2264, 2998.1509, 757.6700, 18.4011
2025-12-11 04:01:41, 0.1428748187, 0.1186026772, 0.1351244792, 0.1188048285, 2813.7556, 2831.8444, 758.4050, 19.3691
2025-12-11 04:01:47, 0.1243093903, 0.1164862140, 0.1252189380, 0.0991856515, 2795.2174, 2892.8261, 757.5600, 18.3926
2025-12-11 04:01:53, 0.0966415418, 0.1160860073, 0.0599454032, 0.0571433883, 2675.4565, 2719.1087, 754.9850, 18.0899
2025-12-11 04:01:59, 0.1520346139, 0.1473383987, 0.0503080616, 0.0510240125, 2539.1964, 2581.8750, 756.2000, 19.5067
2025-12-11 04:02:04, 0.1148588433, 0.1671777365, 0.0782104441, 0.0903336777, 2789.2881, 2824.4746, 756.1200, 18.6267
2025-12-11 04:02:10, 0.1627756349, 0.1659356486, 0.0540196393, 0.0518656358, 2832.4200, 2892.7000, 754.7600, 19.3174
2025-12-11 04:02:16, 0.1659376769, 0.1347187108, 0.0737239049, 0.0747907845, 2816.4035, 2782.8596, 755.9200, 18.8561
2025-12-11 04:02:21, 0.1292473230, 0.1198581472, 0.0634507366, 0.0566493396, 3002.1556, 3002.7333, 754.1150, 19.0227
2025-12-11 04:02:27, 0.1428443783, 0.0862760298, 0.0690845019, 0.0939615093, 2939.7547, 2889.8868, 754.3850, 16.9085
2025-12-11 04:02:33, 0.0854810169, 0.0770116015, 0.0800893735, 0.0491989247, 2834.7593, 2774.1481, 755.3550, 18.4637
2025-12-11 04:02:39, 0.0758847293, 0.0855054219, 0.0670802823, 0.0904219886, 2848.4524, 2864.7381, 754.0550, 17.5252
2025-12-11 04:02:44, 0.1237624413, 0.1399372230, 0.0853454700, 0.0509361767, 2796.9231, 2776.9423, 756.3400, 17.9199
2025-12-11 04:02:50, 0.1289620459, 0.0808369743, 0.0586636555, 0.0500956558, 2836.7297, 2761.5405, 755.8650, 17.8308
2025-12-11 04:02:56, 0.0993325539, 0.0969982262, 0.0529606819, 0.0544069766, 2910.5116, 2898.2326, 753.8850, 18.0198
2025-12-11 04:03:02, 0.0799971554, 0.0681263518, 0.0421635570, 0.0372022858, 2804.6667, 2861.7857, 757.8550, 18.1759
2025-12-11 04:03:08, 0.1331108651, 0.1088568395, 0.0551116008, 0.0512020023, 3083.1026, 3268.8718, 757.6600, 19.2910
2025-12-11 04:03:13, 0.0921196523, 0.1011532349, 0.0621481853, 0.0619946250, 2883.7647, 2854.3922, 758.6450, 17.3574
2025-12-11 04:03:19, 0.0633844697, 0.0660194547, 0.0640101679, 0.0634592580, 2755.8367, 2853.1633, 760.5950, 17.9265
2025-12-11 04:03:25, 0.0710835893, 0.0821153799, 0.0753352352, 0.0707471868, 2970.1404, 3054.2632, 757.5400, 19.3432
2025-12-11 04:03:31, 0.1076114492, 0.0815787241, 0.0784848533, 0.1015790878, 3029.4727, 3018.6182, 760.5650, 19.3741
2025-12-11 04:03:37, 0.0912119537, 0.0883013294, 0.0893447584, 0.0829535438, 2800.5957, 2824.2128, 756.4800, 20.2675
2025-12-11 04:03:43, 0.1136781097, 0.1116195084, 0.0854428837, 0.0685659402, 2841.5366, 2893.1463, 757.8800, 19.7703
2025-12-11 04:03:48, 0.1060417272, 0.1185228093, 0.0697756479, 0.0512449740, 2793.1786, 2857.2321, 756.7200, 19.5720
2025-12-11 04:03:54, 0.0997954156, 0.1043068612, 0.0817220375, 0.0970504720, 2952.0000, 2964.3390, 757.2550, 20.7762
2025-12-11 04:04:00, 0.1116131189, 0.1118174532, 0.0621837335, 0.0597974179, 3065.3095, 3152.7857, 755.5700, 18.1977
2025-12-11 04:04:05, 0.1167991712, 0.1006439044, 0.0912661508, 0.0677855059, 2839.9048, 2887.2143, 757.4850, 19.9030
2025-12-11 04:04:11, 0.1280288372, 0.1096489708, 0.0499613843, 0.0612403005, 2952.3774, 2994.7547, 754.9400, 19.8934
2025-12-11 04:04:17, 0.1376198297, 0.1472155244, 0.0691836405, 0.0682469448, 2977.0189, 3153.9623, 755.1000, 17.2873
2025-12-11 04:04:22, 0.1547863247, 0.1141908073, 0.0372447560, 0.0411275498, 2786.1176, 2826.6863, 757.0650, 18.5027
2025-12-11 04:04:28, 0.1133869188, 0.0902087288, 0.0609731529, 0.0555980536, 2981.3000, 3008.5000, 755.7900, 19.3578
2025-12-11 04:04:34, 0.1196308659, 0.1024468969, 0.0631261230, 0.0546038097, 2901.1724, 2905.0517, 754.5000, 19.5172
2025-12-11 04:04:40, 0.1229642429, 0.0856784033, 0.0859964690, 0.0638302477, 2845.5690, 2891.0517, 753.3800, 20.2632
2025-12-11 04:04:45, 0.1171076151, 0.1228446897, 0.0775869127, 0.0821279089, 2883.3137, 2935.2745, 752.5200, 19.8146
2025-12-11 04:04:51, 0.1213775746, 0.1201296474, 0.0859403486, 0.0757144852, 2982.7000, 2945.3200, 755.5050, 20.0187
2025-12-11 04:04:57, 0.1119570601, 0.1031611320, 0.0870475675, 0.0767150008, 2733.9836, 2736.7049, 752.2050, 18.6631
2025-12-11 04:05:03, 0.1436961945, 0.1007557701, 0.0814758735, 0.1216897077, 3110.8302, 3175.2075, 748.5450, 18.7317
2025-12-11 04:05:08, 0.1716291639, 0.1449738261, 0.0779665625, 0.0578922498, 2847.1333, 3004.3333, 752.9200, 21.6329
2025-12-11 04:05:14, 0.0706742452, 0.0883178043, 0.0753581429, 0.0782269604, 2911.7333, 2938.2889, 750.7750, 18.4001
2025-12-11 04:05:20, 0.1163659765, 0.1314638263, 0.1029589809, 0.0623162624, 2954.0755, 3006.1321, 750.7650, 18.5122
2025-12-11 04:05:26, 0.1049737549, 0.1284078207, 0.0813870344, 0.0808406318, 2912.6415, 2962.9811, 753.0750, 19.5184
2025-12-11 04:05:32, 0.1430450971, 0.1355659678, 0.1005879245, 0.1001419797, 2741.5800, 2845.1200, 750.8150, 18.7299
2025-12-11 04:05:38, 0.0702598569, 0.0989306298, 0.0984228491, 0.0872770156, 2763.2667, 2820.5333, 752.0550, 19.4155
2025-12-11 04:05:43, 0.1175585969, 0.1052886044, 0.0797394893, 0.0681968176, 2797.5455, 2767.6591, 751.5000, 18.4052
2025-12-11 04:05:49, 0.1067069350, 0.1001453814, 0.0729545920, 0.0801975358, 2942.1538, 3126.0962, 750.4700, 17.2971
2025-12-11 04:05:55, 0.0977316950, 0.1152841306, 0.0827218398, 0.0866938250, 3011.0755, 3071.7925, 760.0250, 18.0301
2025-12-11 04:06:01, 0.0791567934, 0.0688494312, 0.0590573179, 0.0520294793, 2853.8889, 2794.6481, 756.4200, 16.8892
2025-12-11 04:06:07, 0.0804955677, 0.0690799179, 0.0642927169, 0.0661059765, 2876.4426, 2846.9180, 758.2150, 19.4741
2025-12-11 04:06:12, 0.0855218889, 0.0778347513, 0.0954335676, 0.1036077615, 2927.9355, 2925.6935, 756.2900, 18.7405
2025-12-11 04:06:18, 0.1106010907, 0.1130703713, 0.0512816404, 0.0630973140, 2903.4655, 2846.3621, 759.2300, 18.1994
2025-12-11 04:06:24, 0.1419758498, 0.1156541705, 0.0697630008, 0.0459940470, 2899.0000, 2956.4035, 756.8950, 18.5090
2025-12-11 04:06:29, 0.2002071930, 0.1488179279, 0.0568551438, 0.0466612758, 2820.4310, 2818.1552, 756.6800, 18.6839
2025-12-11 04:06:35, 0.1358529445, 0.1162758677, 0.0372977822, 0.0466415217, 3024.3400, 2982.4400, 757.9900, 18.7219
2025-12-11 04:06:41, 0.1220617096, 0.1000613017, 0.0400514754, 0.0631042970, 2729.0638, 2841.2340, 756.4850, 19.0780
2025-12-11 04:06:47, 0.1219033912, 0.1410600335, 0.0422860866, 0.0416366519, 2917.7333, 2966.3778, 755.0950, 17.8176
2025-12-11 04:06:52, 0.1850002526, 0.1283954458, 0.0694382637, 0.0626645091, 2877.0217, 2915.8261, 756.9050, 19.3635
2025-12-11 04:06:59, 0.1154469686, 0.1009384906, 0.0594589057, 0.0671574300, 2829.4792, 2869.2708, 757.9050, 18.1446
2025-12-11 04:07:05, 0.1368406061, 0.1301207637, 0.0481930837, 0.0440960495, 2890.5370, 2889.1667, 757.4000, 18.4141
2025-12-11 04:07:11, 0.0847658191, 0.0866959659, 0.0568132574, 0.0519920093, 2884.9811, 2972.0189, 757.6750, 17.4316
2025-12-11 04:07:16, 0.1378579977, 0.1068564778, 0.0730372064, 0.0552105704, 3035.1522, 3096.6739, 753.0750, 17.6153
2025-12-11 04:07:22, 0.1170259947, 0.1132459183, 0.0871749620, 0.1048316772, 2997.0667, 2921.0444, 753.3400, 17.2596
2025-12-11 04:07:28, 0.1210293448, 0.1321318239, 0.0646103859, 0.0519531159, 2984.5536, 2979.5000, 751.9050, 17.0290
2025-12-11 04:07:33, 0.1517236701, 0.1302099765, 0.0650175128, 0.0639928098, 2904.0185, 2883.4259, 754.1350, 16.8359
2025-12-11 04:07:40, 0.1719406584, 0.0892715191, 0.0544978665, 0.0503160213, 2926.0175, 2988.7018, 751.3150, 18.3373
2025-12-11 04:07:46, 0.1227592178, 0.0836577092, 0.0389222196, 0.0520144383, 2857.4727, 2818.0909, 755.0700, 17.1445
2025-12-11 04:07:52, 0.0741849113, 0.0758895055, 0.0460799557, 0.0626623540, 2747.3387, 2820.5645, 753.1700, 16.9615
2025-12-11 04:07:57, 0.1253817953, 0.1000287369, 0.0465461205, 0.0473223186, 2755.0698, 2742.5116, 753.4450, 19.8635
2025-12-11 04:08:03, 0.1147626155, 0.0786606954, 0.0614184231, 0.0495101703, 2765.3115, 2801.5410, 755.4100, 17.8281
2025-12-11 04:08:09, 0.0707606405, 0.0614863642, 0.0385327158, 0.0388051514, 2734.0926, 2755.8519, 755.2000, 17.6329
2025-12-11 04:08:14, 0.0467912114, 0.0510823240, 0.0586652779, 0.0411706775, 2960.8475, 2927.8814, 751.9600, 17.4023
2025-12-11 04:08:20, 0.1367818951, 0.1061843446, 0.0515156864, 0.0504286411, 2903.4706, 3026.1569, 759.1450, 17.2196
2025-12-11 04:08:26, 0.1262217677, 0.1327977627, 0.0815746832, 0.0702212334, 3026.0208, 3037.8125, 758.6800, 18.0817
2025-12-11 04:08:31, 0.1154193036, 0.1036373496, 0.0552692628, 0.0542455227, 2858.9623, 2787.7358, 755.9200, 17.8023
2025-12-11 04:08:37, 0.1624000510, 0.1242244714, 0.0817670162, 0.0661775995, 2894.4677, 2910.9677, 752.1100, 18.5202
2025-12-11 04:08:43, 0.1798177209, 0.1988738601, 0.0835334879, 0.0837203238, 2925.8511, 3028.2128, 756.2250, 16.7802
2025-12-11 04:08:49, 0.1182724096, 0.1374897681, 0.0721348178, 0.0580665270, 2848.5000, 2869.3043, 757.3800, 18.2922
2025-12-11 04:08:55, 0.1226818320, 0.1121931850, 0.0369703013, 0.0575635867, 2847.6829, 2951.9268, 759.9800, 17.6887
2025-12-11 04:09:01, 0.1420010648, 0.1266224416, 0.0567385809, 0.0372483438, 3051.6034, 3054.5000, 757.9550, 16.7282
2025-12-11 04:09:06, 0.1907828030, 0.1536128281, 0.0617103671, 0.0551479013, 2929.5510, 2853.5918, 756.7900, 18.7906
2025-12-11 04:09:12, 0.1508975496, 0.2082550315, 0.0425319573, 0.0533412111, 2874.7727, 3048.3182, 759.9950, 17.0759
2025-12-11 04:09:18, 0.1811477486, 0.1302047492, 0.0566117114, 0.0716700151, 2674.7347, 2797.5918, 759.5150, 18.2359
2025-12-11 04:09:24, 0.1321153181, 0.1383431277, 0.0550244167, 0.0452826990, 2866.9111, 2906.8889, 758.3350, 17.8962
2025-12-11 04:09:30, 0.1181408524, 0.1334006645, 0.0699571468, 0.0995763746, 2886.7241, 2989.5517, 757.4250, 19.5554
2025-12-11 04:09:35, 0.1764941981, 0.1685527141, 0.0774154553, 0.0602817599, 2877.0750, 2827.5750, 759.2250, 18.3634
2025-12-11 04:09:41, 0.1193766349, 0.1123704236, 0.0253773537, 0.0268245939, 2950.0244, 2966.3902, 751.1050, 18.6374
2025-12-11 04:09:47, 0.1138606585, 0.1248449340, 0.0562213584, 0.0685262219, 2756.7708, 2950.3333, 753.8100, 17.8186
2025-12-11 04:09:53, 0.1726717772, 0.0890413989, 0.0587040136, 0.0657990505, 2964.4146, 3068.7073, 750.5000, 17.5043
2025-12-11 04:09:59, 0.1743802170, 0.1231021459, 0.0655283449, 0.0712878907, 3112.0962, 3141.4423, 753.5200, 17.8393
2025-12-11 04:10:04, 0.1508714956, 0.1300037242, 0.0805832117, 0.0795459476, 2894.5800, 2975.6000, 752.5900, 16.2740
2025-12-11 04:10:10, 0.1082549189, 0.1219549076, 0.1118238822, 0.1061268414, 2989.3500, 2990.1000, 747.5350, 20.6317
2025-12-11 04:10:16, 0.0518249113, 0.0500543398, 0.0571194053, 0.0473947623, 3020.2273, 2978.4242, 746.2650, 18.6168
2025-12-11 04:10:21, 0.1039976952, 0.1086654716, 0.0672692928, 0.0600191516, 2773.1143, 2913.1143, 753.4550, 18.6868
2025-12-11 04:10:27, 0.0967715945, 0.1027971678, 0.0467295792, 0.0491322667, 2804.0667, 2827.0667, 748.9450, 19.2682
2025-12-11 04:10:33, 0.1294883396, 0.0911699147, 0.0527654886, 0.0324964870, 2778.9592, 2760.4286, 745.8750, 18.1785
2025-12-11 04:10:39, 0.1193697598, 0.0984756941, 0.0639031512, 0.0630544550, 2839.4800, 2927.9800, 746.8000, 19.2694
2025-12-11 04:10:44, 0.1007269715, 0.0893697391, 0.0579168767, 0.0816060431, 2739.8667, 2740.0889, 751.5000, 22.5275
2025-12-11 04:10:50, 0.1575697092, 0.0962285670, 0.0526585026, 0.0422505449, 2768.0952, 2757.6667, 758.6150, 21.9958
2025-12-11 04:10:56, 0.1703916849, 0.1055349763, 0.0593954599, 0.0562418341, 2753.0577, 2753.7500, 758.9700, 22.4982
2025-12-11 04:11:02, 0.1219067238, 0.1101901859, 0.0752757669, 0.0417715006, 2916.7273, 2914.0227, 756.5450, 23.2733
2025-12-11 04:11:08, 0.1205520248, 0.0823359772, 0.0511280475, 0.0476136906, 2764.2642, 2699.6604, 759.6900, 21.4381
2025-12-11 04:11:13, 0.0905279990, 0.0957674779, 0.0619669353, 0.0537597936, 2950.0588, 2917.9412, 756.4950, 20.6763
2025-12-11 04:11:19, 0.0945876912, 0.1181619334, 0.0768853860, 0.0484291261, 3027.6250, 3040.3125, 757.5350, 21.0943
2025-12-11 04:11:25, 0.1396296419, 0.1069540615, 0.0579645477, 0.0358724056, 3030.1607, 2981.4107, 755.7100, 21.4897
2025-12-11 04:11:31, 0.1115129009, 0.1151513364, 0.1045230537, 0.0851891309, 2931.1860, 3008.0233, 758.8400, 21.9163
2025-12-11 04:11:36, 0.1209601511, 0.1006020071, 0.0681485031, 0.0707558222, 2773.9111, 2740.5333, 756.8700, 19.8029
2025-12-11 04:11:42, 0.1250334560, 0.1133014447, 0.0479232036, 0.0569358754, 3181.1500, 3041.2500, 756.3600, 20.9521
2025-12-11 04:11:47, 0.1058515675, 0.1146178456, 0.0697698623, 0.0666573725, 2845.1220, 2901.3415, 757.9650, 19.8500
2025-12-11 04:11:53, 0.1202314390, 0.1219648535, 0.0502532091, 0.0437958967, 2802.9333, 2851.3111, 757.6250, 20.4341
2025-12-11 04:11:59, 0.0802107151, 0.0772691809, 0.0452086857, 0.0533633777, 2910.8750, 2949.3393, 760.2700, 18.0343
2025-12-11 04:12:05, 0.1410131647, 0.1233994348, 0.0673909591, 0.0716151181, 2728.3864, 2812.1591, 757.9600, 19.0473
2025-12-11 04:12:10, 0.1377191031, 0.1159253041, 0.0585219911, 0.0466903409, 2767.2000, 2770.6182, 756.4750, 19.6020
2025-12-11 04:12:16, 0.1274962872, 0.1289881303, 0.0412344776, 0.0327148141, 2921.1042, 2858.2708, 757.8900, 20.1903
2025-12-11 04:12:22, 0.1268381230, 0.1199623747, 0.0464299708, 0.0402367307, 2964.5000, 2935.1250, 757.7000, 17.9134
2025-12-11 04:12:28, 0.1109646484, 0.1288858745, 0.0819031391, 0.0720113788, 2876.9535, 2994.6977, 759.5900, 17.3880
2025-12-11 04:12:34, 0.1223360690, 0.1147384063, 0.0695975623, 0.0788090099, 2898.5429, 2978.5429, 761.9850, 19.6699
2025-12-11 04:12:39, 0.1203631648, 0.1093135057, 0.0774715850, 0.0661761748, 2771.9773, 2779.1136, 759.8750, 20.9370
2025-12-11 04:12:45, 0.1396666509, 0.1284380945, 0.0822588429, 0.0690709328, 2916.9649, 2853.9298, 757.9100, 20.1792
2025-12-11 04:12:51, 0.1029030325, 0.1345880108, 0.0667502764, 0.0765239617, 2822.9111, 2973.8667, 760.1050, 17.8764
2025-12-11 04:12:57, 0.1346694595, 0.1506941176, 0.0706552793, 0.0765389675, 2770.3774, 2860.9811, 758.9550, 21.0657
2025-12-11 04:13:02, 0.1145285024, 0.1264879436, 0.0770300416, 0.0832581639, 2942.9231, 2913.4615, 760.7600, 19.5108
2025-12-11 04:13:08, 0.1388287042, 0.1209394301, 0.0508892259, 0.0669824071, 2818.3387, 2759.9677, 761.0700, 19.3607
2025-12-11 04:13:14, 0.1319355754, 0.1602392250, 0.0838083981, 0.0802575571, 2786.5854, 2946.4146, 760.1700, 20.6042
2025-12-11 04:13:20, 0.1253054533, 0.1166717585, 0.0536829778, 0.0437957392, 3025.0417, 3047.8750, 759.0100, 21.9347
2025-12-11 04:13:25, 0.1620053123, 0.1194805527, 0.1031897670, 0.0865723118, 2783.5556, 2876.3556, 757.3900, 19.7392
2025-12-11 04:13:31, 0.1421877582, 0.1177367635, 0.0725056808, 0.0817152413, 2689.0435, 2915.1087, 756.0100, 20.1231
2025-12-11 04:13:37, 0.1518382704, 0.1314211314, 0.1006928842, 0.0705268247, 2864.8889, 2791.0000, 759.1350, 20.2740
2025-12-11 04:13:43, 0.1134323184, 0.1145082509, 0.1025995728, 0.1468775886, 2903.7838, 2977.0541, 757.1700, 20.9215
2025-12-11 04:13:49, 0.1158558208, 0.1025064240, 0.0671323338, 0.0785168295, 2757.1042, 2881.8958, 759.5550, 19.7253
2025-12-11 04:13:54, 0.1157910999, 0.1006314371, 0.0909164501, 0.0622767620, 2871.3922, 2895.8627, 759.4100, 18.9231
2025-12-11 04:14:00, 0.1269973995, 0.1488511762, 0.0424246465, 0.0400035567, 2760.8824, 2859.2549, 756.8400, 19.9177
2025-12-11 04:14:06, 0.1138043272, 0.1112770564, 0.0637187359, 0.0634908657, 2726.0000, 2742.5192, 757.4500, 20.0686
2025-12-11 04:14:12, 0.1250810138, 0.0814503212, 0.0592981198, 0.0539366444, 3092.7174, 3123.7826, 760.6000, 21.2662
2025-12-11 04:14:17, 0.0755078380, 0.0815136237, 0.0531429676, 0.0476369385, 2790.8679, 2903.3962, 758.3800, 20.3186
2025-12-11 04:14:23, 0.0892535391, 0.1076893250, 0.0905758100, 0.0776745680, 2677.0541, 2758.6216, 757.0000, 20.7031
2025-12-11 04:14:29, 0.0863022450, 0.0696517078, 0.0654210889, 0.0735289786, 2851.1935, 2953.3065, 760.1850, 19.9682
2025-12-11 04:14:34, 0.0471919389, 0.0515866692, 0.0708801994, 0.0507492295, 2599.4906, 2635.5283, 759.6500, 21.7197
2025-12-11 04:14:40, 0.0765836165, 0.0457897083, 0.0737769490, 0.0763258401, 2900.9828, 2928.1207, 755.4600, 18.7005
2025-12-11 04:14:46, 0.0797487443, 0.0838955131, 0.0610799884, 0.0496585730, 2832.3269, 2824.9038, 757.2600, 17.9556
2025-12-11 04:14:52, 0.0695064085, 0.0832353814, 0.0658995145, 0.0619469379, 2781.3750, 2785.3036, 754.4800, 18.3052
2025-12-11 04:14:57, 0.0937359339, 0.0817144851, 0.0412566274, 0.0482118753, 2736.4000, 2741.6000, 757.2500, 18.0745
2025-12-11 04:15:03, 0.1207692537, 0.1162079250, 0.0680208586, 0.0566128925, 2859.9828, 2870.7586, 755.1450, 18.8400
2025-12-11 04:15:09, 0.2037288306, 0.1238789812, 0.0913053214, 0.0776784590, 3236.4000, 3270.4286, 757.0300, 19.3000
2025-12-11 04:15:15, 0.1749865693, 0.1028049983, 0.0745237080, 0.0448805693, 2874.5769, 2921.9423, 758.9350, 18.1824
2025-12-11 04:15:21, 0.1164162251, 0.1096232311, 0.0700499640, 0.0647278435, 2794.0968, 2800.0806, 754.8900, 19.6933
2025-12-11 04:15:26, 0.1477886113, 0.1250699463, 0.0533159326, 0.0492784896, 2711.4634, 2845.5610, 754.5300, 17.3870
2025-12-11 04:15:32, 0.1194373398, 0.1426235404, 0.0849564439, 0.0747981493, 2946.1864, 2892.9153, 753.0700, 17.7560
2025-12-11 04:15:38, 0.1187484841, 0.0932329943, 0.0978898043, 0.0724282329, 2942.9643, 3050.7679, 753.7900, 18.7336
2025-12-11 04:15:44, 0.1044523166, 0.0991027913, 0.0611793006, 0.0389678126, 2832.6600, 2856.4800, 755.2600, 17.2726
2025-12-11 04:15:49, 0.1034602958, 0.0961278375, 0.0676650681, 0.0566073826, 2991.2800, 3035.3200, 755.2450, 18.8214
2025-12-11 04:15:55, 0.1408094084, 0.0899809917, 0.0688294023, 0.0667807217, 2850.3214, 2822.7321, 754.2200, 17.2497
2025-12-11 04:16:00, 0.1495196309, 0.1173583858, 0.0990801959, 0.0673607408, 3080.0000, 2965.1481, 754.3800, 16.1306
2025-12-11 04:16:06, 0.1353068944, 0.1936255618, 0.0557258816, 0.0543998663, 3033.9184, 3087.6122, 753.4350, 17.8294
2025-12-11 04:16:12, 0.1466737081, 0.1215739557, 0.0542417253, 0.0768755642, 2966.9111, 3119.6889, 754.0400, 18.6775
2025-12-11 04:16:18, 0.1079950073, 0.1255060665, 0.0661620802, 0.0552111479, 2707.8810, 2800.9048, 756.2600, 18.9014
2025-12-11 04:16:24, 0.1010234352, 0.1531295842, 0.0429325278, 0.0418641287, 2957.8889, 3065.9722, 755.7850, 19.0719
2025-12-11 04:16:30, 0.1214321980, 0.0880381572, 0.0672083198, 0.0559838669, 3086.4464, 3023.7143, 753.3150, 17.4656
2025-12-11 04:16:35, 0.1041783609, 0.0719067237, 0.0629500339, 0.0654139724, 3004.0545, 3067.4545, 751.7150, 19.6716
2025-12-11 04:16:41, 0.0954268144, 0.0831877425, 0.0902333328, 0.0789974932, 2834.5079, 2866.4444, 754.8150, 16.9181
2025-12-11 04:16:48, 0.1204140273, 0.1162856025, 0.0542746079, 0.0410123427, 2887.1957, 2993.6304, 749.6500, 16.9475
2025-12-11 04:16:53, 0.1398505974, 0.1212071958, 0.0898195224, 0.1001857863, 2793.8571, 2851.9592, 751.4450, 19.5976
2025-12-11 04:16:59, 0.1530424693, 0.1137371239, 0.0933883174, 0.0970543038, 2980.3958, 3101.3333, 751.2000, 19.4872
2025-12-11 04:17:05, 0.1463815433, 0.0952732842, 0.0528957567, 0.0536414539, 2720.8276, 2776.9483, 749.9450, 18.0680
2025-12-11 04:17:11, 0.1248379226, 0.1159104461, 0.0767128887, 0.0931365606, 2795.9545, 2848.0227, 754.7050, 17.4175
2025-12-11 04:17:16, 0.1449776302, 0.1297786611, 0.0786952542, 0.0734010137, 3276.8793, 3176.5517, 753.5800, 19.1100
2025-12-11 04:17:22, 0.1123032370, 0.1206819190, 0.1223720051, 0.1467758233, 2555.9423, 2681.0000, 752.4450, 17.2921
2025-12-11 04:17:28, 0.0631472881, 0.0777376252, 0.1440869254, 0.1330194328, 2586.8182, 2523.2500, 753.7250, 18.6663
2025-12-11 04:17:34, 0.1222335753, 0.1257991161, 0.1445300750, 0.1556529126, 2777.5435, 2863.4348, 752.0250, 17.7816
2025-12-11 04:17:39, 0.0663825093, 0.0791021201, 0.1259533811, 0.0996616665, 2984.5263, 2840.8947, 752.3850, 17.5347
2025-12-11 04:17:45, 0.1310071377, 0.0928155862, 0.0815168619, 0.0903551937, 2692.9167, 2728.2292, 751.7100, 18.8111
2025-12-11 04:17:51, 0.1257541252, 0.1142520963, 0.1144596832, 0.1227751127, 2826.8723, 2928.1702, 751.4700, 18.9918
2025-12-11 04:17:57, 0.0858993579, 0.0912221697, 0.0832947804, 0.0833380931, 2855.7167, 2824.8833, 754.0500, 17.3617
2025-12-11 04:18:03, 0.0833598471, 0.0655867692, 0.1271753215, 0.1167909452, 3015.1071, 3024.0536, 754.4000, 18.8608
2025-12-11 04:18:09, 0.0832876802, 0.0820330992, 0.1462465509, 0.1342025085, 2997.5893, 3073.6964, 752.1200, 20.6338
2025-12-11 04:18:14, 0.1401166300, 0.1418116296, 0.1297348327, 0.0908068231, 2676.1333, 2764.3111, 753.2650, 19.9563
2025-12-11 04:18:20, 0.1541681680, 0.1668553495, 0.1333317663, 0.1132470289, 2805.8780, 2815.6829, 753.4800, 19.3375
2025-12-11 04:18:26, 0.1156539273, 0.1187198900, 0.1595794292, 0.1631081421, 2568.9677, 2764.9355, 752.1050, 18.8166
2025-12-11 04:18:31, 0.1217030389, 0.1110966367, 0.0927881770, 0.0848945179, 3232.6341, 3230.8780, 757.4150, 19.6243
2025-12-11 04:18:37, 0.1459491967, 0.1528067648, 0.1180577326, 0.1180084596, 2869.8298, 2981.0851, 756.9050, 19.2426
2025-12-11 04:18:43, 0.1388209226, 0.1249589906, 0.1585646172, 0.1807060460, 2995.7500, 3162.4444, 755.2750, 18.5946
2025-12-11 04:18:48, 0.1307621820, 0.0982039953, 0.0600881550, 0.0616356209, 2822.7091, 2922.8727, 754.5650, 20.4261
2025-12-11 04:18:54, 0.1903916286, 0.1200135081, 0.1016065761, 0.0651924147, 3053.3684, 3061.0000, 756.8000, 19.3386
2025-12-11 04:19:00, 0.1086863803, 0.1219000597, 0.0768308206, 0.0672919505, 3056.2222, 3114.1944, 757.3600, 20.4157
2025-12-11 04:19:06, 0.1211918039, 0.1382676494, 0.0542415074, 0.0452135434, 2704.7907, 2704.5116, 752.1450, 19.3286
2025-12-11 04:19:12, 0.1226554205, 0.1123899813, 0.0513903675, 0.0592127827, 2679.6744, 2828.7442, 752.0700, 19.6190
2025-12-11 04:19:18, 0.0973575897, 0.1084337288, 0.0635076595, 0.0661743356, 2902.9348, 2960.5435, 753.3050, 20.3655
2025-12-11 04:19:23, 0.1404734986, 0.0988467069, 0.0813101482, 0.0928591887, 2867.1538, 2983.9423, 754.9100, 20.3564
2025-12-11 04:19:29, 0.0844479745, 0.1165190987, 0.0922635645, 0.0731526138, 2648.6087, 2798.5217, 752.9100, 20.6241
2025-12-11 04:19:35, 0.0955481292, 0.1198953087, 0.0727847541, 0.0778685931, 3103.4878, 3118.5366, 750.4450, 21.8618
2025-12-11 04:19:40, 0.0977000019, 0.0883778733, 0.0660939251, 0.0448662130, 2992.8036, 2965.9643, 755.0550, 21.1802
2025-12-11 04:19:46, 0.1337223505, 0.1252650399, 0.0461347446, 0.0417661972, 2800.3191, 2816.3404, 753.0850, 20.4345
2025-12-11 04:19:52, 0.1179747554, 0.1159507187, 0.0758670557, 0.0712443163, 2971.3500, 2840.0250, 754.0450, 20.4945
2025-12-11 04:19:57, 0.0966438577, 0.1017076810, 0.0620364967, 0.0608327713, 2897.6250, 2931.6250, 753.7350, 19.5925
2025-12-11 04:20:03, 0.1280826972, 0.1174639548, 0.0496661933, 0.0602618906, 2922.9583, 3008.6875, 755.3400, 22.0564
2025-12-11 04:20:09, 0.0919456661, 0.0651957415, 0.0249517368, 0.0413658526, 2930.5610, 2989.5122, 754.1300, 18.4145
2025-12-11 04:20:15, 0.1200816565, 0.1073442556, 0.0631193969, 0.0606651703, 2884.6557, 3007.0000, 753.7900, 17.9010
2025-12-11 04:20:21, 0.1566886196, 0.1286422542, 0.0751313988, 0.0660199831, 3043.0877, 3028.3860, 754.5250, 18.0759
2025-12-11 04:20:27, 0.0842859802, 0.0844608795, 0.0830875185, 0.0814044306, 2762.3778, 2820.8667, 752.4050, 19.1298
2025-12-11 04:20:33, 0.1155119422, 0.1073533251, 0.0810674806, 0.0795426362, 2794.5926, 2949.2407, 753.0750, 20.5090
2025-12-11 04:20:38, 0.1061477545, 0.0985490316, 0.0606825376, 0.0587193131, 2709.0182, 2739.4182, 757.0600, 19.9087
2025-12-11 04:20:44, 0.1257689272, 0.1002847004, 0.0674230300, 0.0490741840, 3125.9592, 3012.8980, 754.9750, 19.3849
2025-12-11 04:20:50, 0.1719728140, 0.1288964941, 0.0529128413, 0.0693619323, 2883.6154, 2986.0256, 754.2050, 18.7473
2025-12-11 04:20:55, 0.1427420761, 0.1202819579, 0.1144920025, 0.0870131524, 3018.0256, 3075.0256, 753.5250, 17.9872
2025-12-11 04:21:01, 0.1588008799, 0.1216024506, 0.1067344746, 0.0924064158, 2819.8070, 3009.9123, 754.0850, 17.9186
2025-12-11 04:21:07, 0.1760086206, 0.1239859722, 0.0925628172, 0.0741625951, 2944.9844, 2985.5469, 755.1950, 20.1479
2025-12-11 04:21:13, 0.1406043626, 0.1117722690, 0.0517424024, 0.0702046213, 2571.7818, 2716.0909, 751.9050, 18.4682
2025-12-11 04:21:18, 0.1441702241, 0.0956202587, 0.1119033066, 0.1273510030, 3118.2308, 3201.8718, 754.9950, 17.5831
2025-12-11 04:21:24, 0.0893480960, 0.0867856227, 0.1089093227, 0.1105068415, 3159.0833, 3100.0208, 757.0800, 18.9669
2025-12-11 04:21:30, 0.0936226186, 0.0979527248, 0.0983859309, 0.0925471641, 2606.7576, 2749.5758, 752.5950, 16.8565
2025-12-11 04:21:36, 0.1525797529, 0.0983352996, 0.0855025071, 0.0654233656, 2837.7317, 2789.8049, 751.5400, 18.2909
2025-12-11 04:21:41, 0.1222508562, 0.1233040858, 0.1692288186, 0.1367294588, 2951.1591, 3113.6818, 757.0950, 17.0665
2025-12-11 04:21:47, 0.0980936213, 0.1201908137, 0.1421852127, 0.1480917948, 2800.8936, 2852.3191, 756.7750, 18.0506
2025-12-11 04:21:53, 0.0849179531, 0.0923033372, 0.0773953851, 0.0879967771, 2481.7805, 2502.5610, 758.1050, 18.9432
2025-12-11 04:21:58, 0.0990896789, 0.0902416684, 0.1789419386, 0.1590059452, 2893.4091, 3021.0682, 755.4350, 18.4509
2025-12-11 04:22:04, 0.0776850306, 0.0953008015, 0.1412023718, 0.1459165949, 2850.2143, 2958.7619, 755.5850, 18.6154
2025-12-11 04:22:10, 0.1318634114, 0.1377073710, 0.1345861375, 0.1475165910, 2884.5088, 3136.3509, 758.3500, 19.1674
2025-12-11 04:22:16, 0.1288748407, 0.1061287274, 0.0961887715, 0.0937239261, 2692.7500, 2758.9444, 748.7200, 16.9627
2025-12-11 04:22:22, 0.1233420134, 0.1148017532, 0.1382023131, 0.1228736546, 2773.7500, 2995.8750, 754.6850, 18.0174
2025-12-11 04:22:28, 0.1763661824, 0.1327809733, 0.0585165856, 0.0587500587, 2822.7368, 2944.5000, 745.0850, 16.7415
2025-12-11 04:22:33, 0.1224261212, 0.0781361926, 0.1050249310, 0.0750855847, 2856.9600, 2829.2000, 747.5000, 18.0153
2025-12-11 04:22:39, 0.0892179565, 0.0952065371, 0.1152720626, 0.1094885025, 2782.8776, 2916.8980, 747.8350, 19.1825
2025-12-11 04:22:45, 0.0809131562, 0.0747592085, 0.0973106051, 0.1016824006, 2753.6964, 2777.1786, 747.9650, 21.1455
2025-12-11 04:22:51, 0.0856956431, 0.0817865747, 0.0880968952, 0.1069555708, 2872.1607, 3027.2500, 751.5500, 18.2893
2025-12-11 04:22:57, 0.1189550637, 0.1028013628, 0.0855759567, 0.0802342782, 2785.8542, 2852.5833, 749.3400, 19.8261
2025-12-11 04:23:02, 0.1000053285, 0.1283415173, 0.0605114030, 0.0588968786, 3055.8333, 3221.5000, 750.2150, 18.5978
2025-12-11 04:23:08, 0.1307087811, 0.1217279067, 0.0635476131, 0.0537824400, 2633.9750, 2749.6000, 752.1600, 17.7909
2025-12-11 04:23:14, 0.1622173032, 0.1039076267, 0.1024703719, 0.1070444839, 2931.6216, 3007.1622, 750.3100, 18.8272
2025-12-11 04:23:20, 0.1386997891, 0.1347644912, 0.0784175871, 0.0812830210, 2961.0000, 3062.5526, 751.6000, 19.1447
2025-12-11 04:23:25, 0.1322704964, 0.1165055028, 0.0686793416, 0.0529266730, 2752.5217, 2800.4130, 749.9950, 19.0566
2025-12-11 04:23:33, 0.1414285636, 0.1451085902, 0.1146763262, 0.0968408432, 2961.7826, 3124.8261, 759.3100, 18.5217
2025-12-11 04:23:38, 0.1572200451, 0.1220202745, 0.0867481336, 0.0916789608, 2849.8235, 2971.2157, 759.7100, 18.1584
2025-12-11 04:23:44, 0.1603155065, 0.1308321925, 0.0967188738, 0.0956281726, 2935.2727, 2980.0606, 757.9000, 17.7730
2025-12-11 04:23:50, 0.0863855146, 0.1175766311, 0.1106748791, 0.0977167506, 2980.8611, 3059.8611, 757.8200, 19.4350
2025-12-11 04:23:55, 0.1355599213, 0.0977856087, 0.0693591641, 0.0744019047, 2964.5200, 3009.8000, 759.4300, 20.6166
2025-12-11 04:24:01, 0.0775193193, 0.0596581614, 0.0714803596, 0.0800308427, 2871.9302, 2925.0233, 757.5450, 20.4692
2025-12-11 04:24:07, 0.0880727878, 0.1132998022, 0.0978948568, 0.0666166762, 2904.8814, 2885.6441, 758.2450, 18.0118
2025-12-11 04:24:12, 0.1746702779, 0.1358447189, 0.0817602216, 0.0876067822, 2818.2653, 2972.7551, 761.1950, 18.9079
2025-12-11 04:24:18, 0.0904513937, 0.0838981699, 0.1195682832, 0.0866514992, 3038.8980, 2971.2857, 759.9050, 19.6864
2025-12-11 04:24:24, 0.1188837131, 0.1093340741, 0.1174466520, 0.1078686526, 2700.5556, 2769.1111, 759.9900, 20.1599
2025-12-11 04:24:29, 0.1198184180, 0.1367822729, 0.0866264402, 0.0910985518, 2681.4167, 2862.3542, 759.4000, 17.5559
2025-12-11 04:24:35, 0.1095439961, 0.0767392057, 0.1120942506, 0.1168397991, 2926.4600, 3099.6600, 760.3050, 21.2831
2025-12-11 04:24:41, 0.1098518258, 0.0836312035, 0.0826720288, 0.0865670988, 2641.7391, 2798.1739, 760.4550, 19.9321
2025-12-11 04:24:46, 0.1581377121, 0.1327112131, 0.0719395560, 0.0899936744, 2655.5357, 2797.8929, 760.3200, 19.6359
2025-12-11 04:24:52, 0.0758532080, 0.0977804683, 0.0779212847, 0.0544340850, 3090.1333, 3119.0222, 754.9250, 18.1485
2025-12-11 04:24:58, 0.1288679826, 0.0966257958, 0.1382167305, 0.1168599159, 2773.0784, 2843.5490, 757.2700, 16.5906
2025-12-11 04:25:04, 0.0957866130, 0.0927641875, 0.0933240781, 0.0730540397, 3048.2927, 3086.9756, 757.3150, 20.2461
2025-12-11 04:25:09, 0.1362443818, 0.1295968643, 0.2372640462, 0.1775622225, 2893.4211, 2890.0263, 755.1500, 17.5925
2025-12-11 04:25:15, 0.1469721546, 0.1073651955, 0.1021677619, 0.0985313756, 2806.7209, 2874.4651, 757.4500, 17.3778
2025-12-11 04:25:21, 0.1306955683, 0.1053065754, 0.0848728224, 0.0824473619, 2584.9592, 2729.2653, 759.0450, 19.4688
2025-12-11 04:25:26, 0.1214892759, 0.0955544152, 0.0904564868, 0.0996792882, 2728.7778, 3003.9111, 758.3050, 15.6895
2025-12-11 04:25:33, 0.1596478251, 0.1335181466, 0.0587105416, 0.0690094204, 3014.0217, 3130.8913, 756.2100, 18.1655
2025-12-11 04:25:38, 0.1065790392, 0.1275492584, 0.0758004307, 0.0696132285, 2915.3617, 3011.4043, 756.4150, 18.4440
2025-12-11 04:25:44, 0.1189270183, 0.1175516358, 0.0713690054, 0.0785971102, 2694.4651, 2788.7907, 758.2000, 17.7446
2025-12-11 04:25:50, 0.1516011537, 0.1202013220, 0.0590778273, 0.0783984190, 2616.2105, 2816.1316, 756.4400, 17.9546
2025-12-11 04:25:56, 0.1631121710, 0.1416860614, 0.0601200836, 0.0842053269, 2561.4706, 2757.5882, 755.9450, 19.2331
2025-12-11 04:26:02, 0.1438851487, 0.1212308030, 0.0706919171, 0.0635743448, 2930.1818, 2928.9545, 754.6500, 17.4054
2025-12-11 04:26:08, 0.1056338084, 0.1443083293, 0.0811837484, 0.0663756953, 2717.7111, 2883.5556, 754.4250, 19.6044
2025-12-11 04:26:14, 0.1200972453, 0.0935565373, 0.1014532745, 0.1040359709, 3081.7234, 3078.9787, 755.9300, 16.7894
2025-12-11 04:26:19, 0.0740961414, 0.0867092422, 0.0726637264, 0.0753244251, 2710.7400, 2809.1600, 759.4250, 18.9033
2025-12-11 04:26:25, 0.0684689389, 0.0625169554, 0.0935895679, 0.0691642291, 3008.0000, 3131.4667, 755.4500, 18.0615
2025-12-11 04:26:31, 0.0777188182, 0.0800973913, 0.0594558519, 0.0887087367, 2791.3750, 2890.6250, 759.8450, 16.7386
2025-12-11 04:26:36, 0.1502033620, 0.1044790278, 0.0486100856, 0.0720862475, 2675.3250, 2735.9000, 754.4450, 18.7999
2025-12-11 04:26:42, 0.1146695547, 0.1027776054, 0.0729610519, 0.0586952534, 2815.6909, 2883.2364, 756.3550, 17.3879
2025-12-11 04:26:48, 0.1266926356, 0.1534530179, 0.0586876182, 0.0411282668, 2760.1207, 2789.7414, 755.4350, 17.0809
2025-12-11 04:26:54, 0.1508915145, 0.1671256461, 0.0878956627, 0.0811413894, 2645.2857, 2790.8571, 756.3150, 18.4769
2025-12-11 04:26:59, 0.1542300745, 0.1374155576, 0.1205683460, 0.0837344956, 2983.1200, 3031.0800, 757.0250, 18.7287
2025-12-11 04:27:05, 0.1791132211, 0.1748700351, 0.0736322203, 0.0732651815, 2891.9167, 2991.3333, 756.3500, 18.5644
2025-12-11 04:27:11, 0.0685323565, 0.0935096014, 0.0822313279, 0.0768610279, 2765.9344, 2844.6066, 755.1400, 16.5732
2025-12-11 04:27:17, 0.0855239277, 0.0628602056, 0.0490847020, 0.0558517848, 2955.6923, 2857.3077, 757.1700, 19.3213
2025-12-11 04:27:22, 0.1399975392, 0.0942015931, 0.0543592696, 0.0481704880, 3255.6538, 3206.7500, 754.5650, 18.4409
2025-12-11 04:27:28, 0.1706335495, 0.1438647730, 0.0518750051, 0.0473268488, 2754.6721, 2942.6230, 758.0900, 19.4106
2025-12-11 04:27:34, 0.1117862802, 0.1062434228, 0.0790924589, 0.0695576549, 2964.6552, 2978.6897, 756.8350, 19.8859
2025-12-11 04:27:40, 0.1324506025, 0.1193768411, 0.0825308671, 0.0655664002, 2891.5870, 3006.0652, 752.4750, 19.0507
2025-12-11 04:27:45, 0.1157047785, 0.1331650386, 0.0475756404, 0.0486605815, 2852.0889, 2914.5111, 754.9300, 18.6460
2025-12-11 04:27:51, 0.1241907303, 0.1240474985, 0.0822385225, 0.0988425314, 2840.7500, 2870.5000, 753.6400, 20.3767
2025-12-11 04:27:57, 0.1142424435, 0.1397902968, 0.0602452789, 0.0484781507, 2701.9815, 2794.8333, 759.3950, 17.9365
2025-12-11 04:28:03, 0.1361201071, 0.0998498544, 0.0812451809, 0.0688257612, 3128.7436, 3133.5385, 761.0550, 18.5389
2025-12-11 04:28:09, 0.0747281271, 0.0756333421, 0.0712314570, 0.0688342495, 2935.5556, 2934.1333, 754.5450, 19.1575
2025-12-11 04:28:14, 0.1155276554, 0.1037475397, 0.1094040581, 0.0907517517, 2715.6364, 2755.4545, 761.0200, 17.8418
2025-12-11 04:28:20, 0.1045754825, 0.1221197287, 0.0775392279, 0.0636105169, 3077.3333, 3085.8750, 759.2200, 17.5226
2025-12-11 04:28:26, 0.1276334606, 0.1093728565, 0.0538263042, 0.0603518597, 2833.4200, 2850.3600, 759.2700, 19.2906
2025-12-11 04:28:31, 0.1457158785, 0.1436665866, 0.0481908358, 0.0467203338, 2806.9524, 2891.6190, 758.8150, 18.9913
2025-12-11 04:28:37, 0.1910001611, 0.1266041381, 0.0780877319, 0.0632561667, 2825.6341, 2908.6098, 761.9100, 16.5200
2025-12-11 04:28:43, 0.1284870026, 0.0926591119, 0.0524621398, 0.0890365059, 2931.0816, 3014.0408, 759.5300, 18.6153
2025-12-11 04:28:49, 0.1071366241, 0.1108310158, 0.0606476428, 0.0410844309, 2936.2830, 2847.5849, 759.7400, 19.1241
2025-12-11 04:28:55, 0.1181231998, 0.1307290119, 0.0724764524, 0.0736532258, 2874.2800, 2915.8200, 761.2350, 18.7563
2025-12-11 04:29:00, 0.0989483619, 0.0721199305, 0.0872869530, 0.0810745803, 2939.0769, 2994.6410, 764.0100, 18.3317
2025-12-11 04:29:06, 0.0884071947, 0.0805486428, 0.0686481469, 0.0642233593, 2911.7708, 3034.1458, 761.7000, 19.0242
2025-12-11 04:29:12, 0.0756921967, 0.0510498888, 0.0753220856, 0.0958027947, 2860.4889, 2954.3333, 763.1650, 18.3141
2025-12-11 04:29:17, 0.0618513621, 0.0621211679, 0.0505105052, 0.0519407490, 2823.8571, 2796.3095, 764.0650, 19.0563
2025-12-11 04:29:23, 0.0628837243, 0.0856493735, 0.0608968180, 0.0762952103, 2858.5660, 2904.8868, 748.6400, 17.8477
2025-12-11 04:29:28, 0.1083044532, 0.1260741264, 0.1167945565, 0.0865198632, 3048.8537, 3109.8049, 752.9650, 18.6522
2025-12-11 04:29:34, 0.1112048401, 0.1056418437, 0.0668287594, 0.0534642085, 2840.4286, 2856.5714, 752.1250, 17.1726
2025-12-11 04:29:40, 0.1662782278, 0.1196070842, 0.0943407382, 0.0652984761, 2994.7358, 2940.6981, 748.4900, 17.4057
2025-12-11 04:29:46, 0.0753793720, 0.0860539576, 0.0545774023, 0.0528413461, 2764.1552, 2808.3966, 747.4550, 18.9955
2025-12-11 04:29:52, 0.0862392705, 0.0729614592, 0.0715255674, 0.0730989256, 2799.5968, 2811.8710, 746.4700, 17.7020
2025-12-11 04:29:57, 0.2005654407, 0.1156068406, 0.0501510221, 0.0383973433, 2857.3714, 2790.8286, 747.6150, 20.3891
2025-12-11 04:30:03, 0.1254702840, 0.1365424989, 0.0796795668, 0.0683843275, 2755.7273, 2835.3636, 746.7850, 16.1074
2025-12-11 04:30:09, 0.1602708567, 0.1358976537, 0.0764085705, 0.0604653165, 2618.8649, 2735.1892, 748.7800, 18.4995
2025-12-11 04:30:14, 0.1367389309, 0.1052128316, 0.0638723844, 0.0578433574, 2685.9787, 2602.7660, 745.4250, 19.7285
2025-12-11 04:30:20, 0.1175001818, 0.1130329331, 0.0873637680, 0.0673706750, 2944.9592, 2978.5102, 746.5200, 17.6440
2025-12-11 04:30:26, 0.1729446172, 0.1476791102, 0.0692837875, 0.0799829135, 2863.5909, 2963.5227, 746.7500, 17.2826
2025-12-11 04:30:32, 0.1125998332, 0.1068361983, 0.0643151713, 0.0757304641, 3092.6458, 3130.7083, 753.7000, 18.8923
2025-12-11 04:30:37, 0.0922014006, 0.1196419627, 0.0572680030, 0.0554216839, 2917.2222, 2982.6222, 757.2850, 16.3962
2025-12-11 04:30:43, 0.0918368574, 0.1069115570, 0.1123485030, 0.0891417879, 2929.5581, 2987.6279, 754.6000, 16.9237
2025-12-11 04:30:49, 0.1220443453, 0.0989741096, 0.0732920053, 0.0842973584, 3189.3488, 3187.6279, 754.6750, 18.9723
2025-12-11 04:30:55, 0.1246492694, 0.1088783390, 0.0938380210, 0.0848794188, 2806.7500, 2980.0625, 757.2650, 19.2313
2025-12-11 04:31:01, 0.1023227150, 0.0818616269, 0.0658954749, 0.0716688769, 2886.2368, 2952.9737, 755.6800, 17.7005
2025-12-11 04:31:06, 0.1591694126, 0.1106517775, 0.0552918386, 0.0575979479, 2851.4375, 2835.5417, 753.5750, 18.4649
2025-12-11 04:31:12, 0.1118976499, 0.0925090590, 0.0515176675, 0.0524552076, 2871.6949, 2932.1356, 755.0900, 16.5817
2025-12-11 04:31:18, 0.1490648712, 0.1096235174, 0.0649177603, 0.0747056127, 2849.6271, 2973.8983, 755.1750, 16.8091
2025-12-11 04:31:24, 0.1280699411, 0.1260228556, 0.0864855706, 0.0739948449, 2941.1400, 2929.8600, 754.3100, 17.9492
2025-12-11 04:31:29, 0.1108382310, 0.1058852190, 0.0471050133, 0.0519671507, 2759.7805, 2891.5122, 754.7800, 18.1536
2025-12-11 04:31:35, 0.1107873378, 0.1005035599, 0.0585775586, 0.0840303361, 2850.9756, 2942.2927, 755.7900, 18.6254
2025-12-11 04:31:41, 0.1134527406, 0.0967541684, 0.0876457699, 0.1302254709, 2772.4255, 2826.8085, 754.1350, 18.4116
2025-12-11 04:31:47, 0.0972194169, 0.1211823919, 0.0538651634, 0.0513396180, 2801.6383, 2876.3617, 755.6200, 18.0495
2025-12-11 04:31:52, 0.0794860344, 0.0845663326, 0.0740358953, 0.0817803142, 2956.9318, 3005.3864, 756.3100, 19.0943
2025-12-11 04:31:58, 0.1160197662, 0.1098630403, 0.0446486668, 0.0422077055, 2917.1951, 2914.7073, 757.0700, 17.9281
2025-12-11 04:32:04, 0.0957403571, 0.0833513794, 0.0626133629, 0.0619569165, 3008.6122, 3004.4694, 756.9150, 17.7338
2025-12-11 04:32:10, 0.1106099341, 0.0901163854, 0.0662912181, 0.0536876182, 2888.1463, 2893.2439, 756.8200, 18.1074
2025-12-11 04:32:15, 0.1415472406, 0.1485445768, 0.0645625383, 0.0738672688, 2945.0000, 3097.6182, 756.2750, 19.7694
2025-12-11 04:32:21, 0.1258388486, 0.1327132333, 0.0368278935, 0.0420465397, 3041.1636, 3073.1818, 754.9600, 18.5636
2025-12-11 04:32:27, 0.2210079030, 0.1437787315, 0.0764029678, 0.0649128765, 2661.2115, 2779.5192, 757.5450, 18.8480
2025-12-11 04:32:33, 0.1504763378, 0.1054324294, 0.0698546363, 0.0753578480, 2965.4348, 3074.1739, 756.2700, 18.9928
2025-12-11 04:32:39, 0.1453314278, 0.1145402578, 0.0738281207, 0.0836366633, 2901.0667, 2939.5333, 755.8900, 20.2593
2025-12-11 04:32:44, 0.1422315838, 0.1142427703, 0.0709477074, 0.0604893950, 3073.0789, 3177.9737, 758.6850, 19.1394
2025-12-11 04:32:50, 0.1788815388, 0.1181578387, 0.0759893280, 0.0651401652, 2626.1622, 2737.1622, 757.8150, 19.5786
2025-12-11 04:32:56, 0.1056605098, 0.0992024467, 0.0534445659, 0.0587871696, 2970.8542, 3094.2292, 756.6650, 19.7581
2025-12-11 04:33:02, 0.1079619056, 0.0975694992, 0.0509559889, 0.0491679191, 2929.5862, 3062.6897, 756.2100, 19.9516
2025-12-11 04:33:08, 0.1187510976, 0.1416014209, 0.0519402393, 0.0483565982, 2788.0000, 2860.4694, 755.2050, 19.9731
2025-12-11 04:33:13, 0.1573069419, 0.1235648973, 0.0575505240, 0.0532534842, 2801.4510, 2874.0000, 755.8150, 19.9890
2025-12-11 04:33:19, 0.1763206116, 0.1607433766, 0.0450244319, 0.0390394711, 2825.5926, 2871.7407, 756.7150, 19.8913
2025-12-11 04:33:24, 0.1140746360, 0.0816682060, 0.0567548971, 0.0687660140, 2680.8367, 2738.2653, 757.0800, 21.2253
2025-12-11 04:33:30, 0.1201952880, 0.0864019789, 0.0688416896, 0.0678882112, 2882.6078, 3021.8235, 756.2400, 20.9388
2025-12-11 04:33:36, 0.1169537481, 0.0985922681, 0.0826816433, 0.0638303654, 2948.2826, 2886.6739, 756.2400, 18.1852
2025-12-11 04:33:41, 0.1527720249, 0.1103333387, 0.0624370089, 0.0644232635, 2641.1321, 2682.4906, 756.9450, 18.4047
2025-12-11 04:33:47, 0.1362084780, 0.1223655710, 0.0634199497, 0.0608956731, 2922.3621, 2883.8448, 756.4800, 19.1914
2025-12-11 04:33:53, 0.1544493796, 0.1664835929, 0.0651668882, 0.0685841834, 2893.3065, 2960.3548, 756.8900, 18.8676
2025-12-11 04:33:58, 0.2168749320, 0.1363823111, 0.0518833022, 0.0421559305, 2897.0217, 2879.9130, 752.5350, 20.1315
2025-12-11 04:34:04, 0.1555866319, 0.1345922716, 0.0542834251, 0.0682162397, 3133.7000, 3197.4333, 756.5100, 19.8965
2025-12-11 04:34:10, 0.1431188991, 0.1335502392, 0.0630588582, 0.0605312503, 2825.6410, 2842.9744, 753.5250, 19.2795
2025-12-11 04:34:16, 0.2947306833, 0.1224552402, 0.0458487562, 0.0479545828, 2934.5789, 3015.0000, 754.8550, 21.4045
2025-12-11 04:34:22, 0.1642220772, 0.0956716773, 0.0821213015, 0.0724269502, 2803.0889, 2999.5111, 758.2050, 18.7631
2025-12-11 04:34:27, 0.1902332990, 0.1100982149, 0.0511093228, 0.0387091878, 2982.0465, 3020.2791, 756.0950, 18.5789
2025-12-11 04:34:33, 0.1633885414, 0.1619465486, 0.0868090336, 0.0753378115, 2591.0517, 2611.0517, 755.1350, 19.8961
2025-12-11 04:34:39, 0.3002830324, 0.1870642019, 0.1000991413, 0.0985373578, 3055.5676, 3151.2703, 757.2000, 20.0195
2025-12-11 04:34:44, 0.2055424974, 0.1509723880, 0.0890263021, 0.0944492396, 2832.2973, 3029.7568, 756.8350, 18.7424
2025-12-11 04:34:50, 0.1577240073, 0.1625653649, 0.0937072372, 0.0722086728, 2864.3750, 2925.2250, 756.5450, 18.4845
2025-12-11 04:34:56, 0.1285277644, 0.0986403853, 0.1137655045, 0.0886329805, 2803.2391, 2839.3043, 755.6100, 18.9739
2025-12-11 04:35:01, 0.1536238410, 0.1410556445, 0.0789919622, 0.0853060688, 3181.3571, 3302.9762, 746.3400, 16.2106
2025-12-11 04:35:07, 0.1426327954, 0.1174078741, 0.0731494276, 0.0626915248, 2960.1000, 3129.2000, 747.6150, 18.1126
2025-12-11 04:35:13, 0.1458426345, 0.1210948445, 0.0881185923, 0.0684846912, 3079.5128, 2984.6923, 748.3100, 18.3868
2025-12-11 04:35:19, 0.1610479173, 0.1580826169, 0.0867938208, 0.0750181983, 2775.2368, 2823.3684, 746.1950, 18.1705
2025-12-11 04:35:25, 0.1027545722, 0.1003620435, 0.0441921153, 0.0656359526, 2620.5429, 2801.4000, 746.5300, 17.4708
2025-12-11 04:35:30, 0.1451618973, 0.1002462459, 0.0562664027, 0.0491580756, 2949.4286, 3019.0159, 746.9400, 17.3089
2025-12-11 04:35:36, 0.1597158378, 0.1059968455, 0.0750273296, 0.0793656398, 2985.0645, 3097.8710, 745.2950, 17.4418
2025-12-11 04:35:42, 0.0826025259, 0.1062384300, 0.0743642613, 0.0610226561, 2802.1951, 2925.1220, 746.5000, 19.6094
2025-12-11 04:35:48, 0.1227345053, 0.1850162383, 0.1409842911, 0.1274847045, 2905.1481, 3036.4444, 745.2800, 18.8760
2025-12-11 04:35:54, 0.1295625176, 0.1285323384, 0.1252923189, 0.1040341915, 2876.2069, 2940.4483, 747.5250, 16.6388
2025-12-11 04:35:59, 0.2148853550, 0.1377923290, 0.0513565734, 0.0513723852, 2815.2791, 2947.0233, 746.9600, 18.2655
2025-12-11 04:36:05, 0.1285757156, 0.1196628363, 0.0836790042, 0.0808150676, 3044.2653, 3032.4286, 745.7500, 18.5232
2025-12-11 04:36:11, 0.1519444457, 0.1103379671, 0.0711743864, 0.0474473696, 2767.7073, 2776.5854, 745.9700, 16.7904
2025-12-11 04:36:17, 0.1435508037, 0.1661361260, 0.0781631904, 0.0657883434, 2746.5116, 2742.4651, 748.3350, 16.8888
2025-12-11 04:36:23, 0.1475873496, 0.1138712854, 0.0702846115, 0.0655731931, 2992.4222, 3105.8889, 747.8450, 18.8027
2025-12-11 04:36:28, 0.1460034638, 0.1390642370, 0.0706693663, 0.0559564252, 2813.3043, 2813.4783, 749.7250, 17.5619
2025-12-11 04:36:34, 0.1236190930, 0.1619342147, 0.0688534363, 0.0476645218, 3162.2381, 3149.7381, 749.0000, 18.7912
2025-12-11 04:36:40, 0.1582721413, 0.1293264453, 0.0953110526, 0.0671162412, 2910.2727, 2791.0000, 748.5450, 17.3847
2025-12-11 04:36:46, 0.1376827704, 0.1256624204, 0.0462017857, 0.0542212834, 2581.1633, 2717.8367, 749.1650, 17.0478
2025-12-11 04:36:51, 0.0913130708, 0.0969126557, 0.0922164617, 0.0569408794, 2988.2264, 2987.1698, 748.9800, 19.1776
2025-12-11 04:36:57, 0.1194176780, 0.1025635249, 0.0663195995, 0.0511058999, 2895.8269, 2949.6538, 751.6400, 17.6590
2025-12-11 04:37:03, 0.1032481400, 0.1044770990, 0.0726322544, 0.0531393929, 2898.8302, 2896.1509, 748.3550, 17.5735
2025-12-11 04:37:08, 0.0775309242, 0.0590750956, 0.0535674506, 0.0469256126, 2707.2692, 2756.1154, 747.1050, 20.0872
2025-12-11 04:37:14, 0.0733140935, 0.0893684055, 0.0687225278, 0.0690664503, 2791.2909, 2763.8364, 751.4500, 19.2802
2025-12-11 04:37:20, 0.1304082239, 0.1032012532, 0.0495716450, 0.0551322340, 3167.3200, 3130.0800, 751.2700, 18.1170
2025-12-11 04:37:26, 0.0829758031, 0.0796765236, 0.0482741950, 0.0362725409, 2899.3000, 2884.4400, 752.8550, 16.3191
2025-12-11 04:37:32, 0.1486975897, 0.1197096423, 0.0553659017, 0.0692240564, 2962.2424, 3090.5455, 749.3000, 19.4474
2025-12-11 04:37:37, 0.1196268148, 0.1063231079, 0.0683459790, 0.0622690954, 2911.5769, 2997.5000, 751.2000, 18.8936
2025-12-11 04:37:43, 0.1348066966, 0.0932118055, 0.0859792217, 0.0658593242, 2999.3265, 3081.8571, 752.2350, 19.8879
2025-12-11 04:37:49, 0.1355142765, 0.1056950289, 0.0878261105, 0.0760540825, 2873.0345, 2932.3103, 752.2800, 18.8842
2025-12-11 04:37:55, 0.1375594651, 0.1075358305, 0.0508468917, 0.0536289955, 2951.2727, 2967.3409, 751.4500, 18.4797
2025-12-11 04:38:00, 0.1616447599, 0.1154020716, 0.0663716883, 0.0683120604, 2968.6889, 3061.9111, 751.0850, 18.7072
2025-12-11 04:38:06, 0.1236074715, 0.1017375910, 0.0799998110, 0.0653730009, 3007.1207, 3134.3966, 751.1800, 17.9220
2025-12-11 04:38:12, 0.0819732311, 0.0973356444, 0.0499711329, 0.0480325316, 2949.5254, 3003.7458, 751.6850, 17.3423
2025-12-11 04:38:18, 0.1161920676, 0.0797529216, 0.0587708105, 0.0555987748, 2905.9737, 2824.0000, 753.8850, 17.4534
2025-12-11 04:38:23, 0.1253653707, 0.0967157308, 0.0681001618, 0.0604463314, 2809.1136, 2878.4773, 755.1850, 17.3422
2025-12-11 04:38:30, 0.0911941861, 0.0967386060, 0.0545657966, 0.0596382214, 2830.7857, 2895.4286, 751.7600, 19.2310
2025-12-11 04:38:35, 0.1020766368, 0.1355447807, 0.0902047351, 0.0665274299, 3006.8140, 3003.0930, 751.9850, 16.6684
2025-12-11 04:38:41, 0.1510318836, 0.1430007596, 0.0395192002, 0.0460536508, 3011.9375, 3145.3125, 753.1650, 16.8410
2025-12-11 04:38:46, 0.0949161111, 0.1069934156, 0.0686215005, 0.0888368838, 2938.1000, 2986.5200, 752.7850, 17.1149
2025-12-11 04:38:52, 0.1327316312, 0.1221435842, 0.0638060406, 0.0524709953, 2806.0893, 2772.0357, 755.1700, 18.6183
2025-12-11 04:38:58, 0.0880418571, 0.1050082713, 0.0685707927, 0.0599720536, 2785.8400, 2864.1600, 756.1150, 18.4603
2025-12-11 04:39:04, 0.0895390244, 0.0868784054, 0.0444005660, 0.0442001890, 2943.5283, 2847.1321, 750.6000, 17.6836
2025-12-11 04:39:09, 0.1001706414, 0.0982653924, 0.0622257927, 0.0605291720, 2725.9706, 2869.1176, 751.1200, 16.5739
2025-12-11 04:39:15, 0.1202509551, 0.1467717935, 0.0453946038, 0.0370769785, 2819.8250, 2914.8750, 751.9750, 18.2232
2025-12-11 04:39:21, 0.1138227798, 0.0973424465, 0.0896342604, 0.0710715268, 2820.8519, 2769.1296, 753.1350, 17.5612
2025-12-11 04:39:26, 0.1307757164, 0.0941587772, 0.0419113490, 0.0424658830, 2674.5952, 2714.7857, 752.1900, 16.8581
2025-12-11 04:39:32, 0.1383346577, 0.1191445992, 0.0532603484, 0.0480657857, 2904.4717, 2942.4717, 753.4300, 19.1069
2025-12-11 04:39:38, 0.1731959273, 0.1143299569, 0.0712407587, 0.0702739867, 2830.6970, 2854.7273, 754.8200, 18.3812
2025-12-11 04:39:44, 0.0942214859, 0.1138832600, 0.0573099817, 0.0316912743, 2888.9545, 2811.5227, 749.8200, 17.3850
2025-12-11 04:39:49, 0.0598923779, 0.0691741804, 0.0689867261, 0.0657991995, 2653.8182, 2590.7636, 752.1800, 16.6547
2025-12-11 04:39:55, 0.0913375951, 0.0904996169, 0.0570876176, 0.0277776341, 3104.8438, 3259.2188, 753.7300, 18.9385
2025-12-11 04:40:01, 0.1001924753, 0.0906960213, 0.0429628928, 0.0421570573, 2848.7333, 2865.5556, 753.8300, 19.8736
2025-12-11 04:40:07, 0.0875932423, 0.0887247821, 0.0653058417, 0.0664797128, 2890.2708, 2909.5000, 752.7200, 18.9705
2025-12-11 04:40:12, 0.1091007339, 0.1630131969, 0.0558573715, 0.0505292305, 3029.9048, 2994.0952, 753.3400, 17.6021
2025-12-11 04:40:18, 0.1206870799, 0.0853355367, 0.0680547996, 0.0578573939, 2802.7500, 2780.8409, 753.0950, 16.4777
2025-12-11 04:40:24, 0.0622948366, 0.0746079773, 0.0533967971, 0.0511797143, 2919.4444, 2817.1111, 754.1550, 17.4000
2025-12-11 04:40:31, 0.1010704676, 0.0836294364, 0.0707323586, 0.0467945336, 2903.5227, 2809.4545, 759.0150, 20.6217
2025-12-11 04:40:36, 0.1204493644, 0.1556622502, 0.0533928276, 0.0525300655, 2879.1714, 2844.4143, 760.0750, 19.6626
2025-12-11 04:40:42, 0.1054739450, 0.1036019623, 0.0783976528, 0.0647154048, 2907.8909, 2827.2909, 759.7600, 19.9735
2025-12-11 04:40:48, 0.1298416500, 0.1285866664, 0.0563145023, 0.0629934919, 2764.1944, 2829.0833, 759.3300, 17.6528
2025-12-11 04:40:53, 0.1036029706, 0.0957655112, 0.0384210611, 0.0341093094, 2906.9630, 2844.0000, 761.9450, 19.5508
2025-12-11 04:40:59, 0.0929127886, 0.0813757561, 0.0625136467, 0.0434447290, 2861.4857, 2888.1429, 760.3600, 18.4076
2025-12-11 04:41:05, 0.1406805389, 0.1226110028, 0.0599658782, 0.0394885119, 2802.6769, 2789.4000, 755.7850, 20.5463
2025-12-11 04:41:11, 0.1457740085, 0.1082668504, 0.0458633314, 0.0458817849, 2969.0364, 3059.2727, 758.3800, 18.8294
2025-12-11 04:41:16, 0.1609040273, 0.1579298596, 0.0352328648, 0.0477291578, 2562.4314, 2699.5098, 753.6500, 19.6211
2025-12-11 04:41:22, 0.1658681304, 0.1612794169, 0.0625461238, 0.0631953051, 2780.0000, 2914.8049, 758.2750, 19.6402
2025-12-11 04:41:28, 0.1336206458, 0.1183845575, 0.0470871424, 0.0442912591, 2876.7959, 3022.4082, 757.9500, 20.0965
2025-12-11 04:41:34, 0.0876854917, 0.0880002100, 0.0621797028, 0.0603583701, 2882.1591, 3038.1591, 755.0550, 18.5659
2025-12-11 04:41:39, 0.1050484923, 0.0961439027, 0.0681991191, 0.0550413550, 2918.8571, 2946.6735, 763.3550, 16.8315
2025-12-11 04:41:45, 0.1213434048, 0.1392179795, 0.0441909693, 0.0347855485, 2876.7812, 2923.9375, 764.1900, 20.1959
2025-12-11 04:41:51, 0.1549729645, 0.1739090102, 0.0443667767, 0.0440751707, 2731.1034, 2903.7241, 762.1450, 19.6455
2025-12-11 04:41:56, 0.1577859662, 0.0937660513, 0.0610416387, 0.0590990849, 3044.3750, 3059.2750, 762.5450, 20.4044
2025-12-11 04:42:02, 0.1265045027, 0.1118022841, 0.0912502888, 0.0938465711, 2909.6667, 2879.3958, 764.0300, 20.2773
2025-12-11 04:42:08, 0.0912483892, 0.0942671194, 0.0676333446, 0.0631129325, 2841.5000, 2963.3750, 759.2900, 19.7526
2025-12-11 04:42:14, 0.1501517938, 0.1211224938, 0.0707685751, 0.0825368510, 2619.9298, 2726.2281, 755.8650, 20.3511
2025-12-11 04:42:19, 0.1105743989, 0.1309945254, 0.0703610658, 0.0726572614, 2970.8889, 2954.5556, 756.7150, 20.5254
2025-12-11 04:42:25, 0.0624145083, 0.0728954585, 0.0604615806, 0.0519550279, 2855.7708, 2862.4375, 754.0550, 19.4672
2025-12-11 04:42:31, 0.1662552928, 0.1027397415, 0.0724315516, 0.0803083264, 2916.4074, 3075.4074, 754.6950, 19.0565
2025-12-11 04:42:37, 0.0881419033, 0.0740182565, 0.0557065211, 0.0433522233, 2852.9615, 2981.5000, 755.5800, 21.5792
2025-12-11 04:42:42, 0.1217810569, 0.1136822281, 0.0820859335, 0.0742616397, 2789.8000, 2965.5250, 757.1250, 21.2033
2025-12-11 04:42:48, 0.1497500925, 0.1206087036, 0.0456638868, 0.0574363333, 2981.0656, 3109.3607, 757.7400, 19.2308
2025-12-11 04:42:54, 0.1327825084, 0.1153622729, 0.0725541419, 0.0816964086, 2787.2051, 3014.0769, 757.7700, 21.1009
2025-12-11 04:42:59, 0.0990504009, 0.0822638433, 0.0745854433, 0.0634280846, 2775.8889, 2810.5370, 757.5000, 19.4335
2025-12-11 04:43:05, 0.1160452320, 0.1079647620, 0.0649216729, 0.0490846668, 2951.1277, 2918.5745, 756.4550, 21.9859
2025-12-11 04:43:11, 0.0707754942, 0.0684583127, 0.0720555897, 0.0410882315, 2909.1207, 2731.4828, 757.6350, 20.9998
2025-12-11 04:43:17, 0.1562068630, 0.1070547942, 0.0460418770, 0.0550258259, 2858.1538, 2898.0385, 757.9050, 19.5795
2025-12-11 04:43:23, 0.1288962463, 0.1209002391, 0.0799586833, 0.0822606986, 2712.6750, 2823.2750, 757.0050, 20.1188
2025-12-11 04:43:29, 0.1661246518, 0.1279211243, 0.0532136449, 0.0460881999, 2762.0870, 2745.8043, 752.8450, 17.9366
2025-12-11 04:43:34, 0.1584201715, 0.1551121778, 0.0561646582, 0.0668129131, 3081.7812, 3210.0000, 756.5300, 19.2476
2025-12-11 04:43:40, 0.1455474766, 0.1502379188, 0.0831828120, 0.0626477410, 3020.5676, 2973.4054, 751.9700, 18.4043
2025-12-11 04:43:46, 0.1047451863, 0.1459688614, 0.0605802143, 0.0700984877, 3092.9783, 3157.3043, 749.8150, 17.8188
2025-12-11 04:43:52, 0.1030356741, 0.0925838017, 0.0702923877, 0.0487219359, 2958.9608, 3002.8431, 751.3700, 17.0362
2025-12-11 04:43:58, 0.1567854270, 0.1147915091, 0.0362494782, 0.0560893557, 2886.2449, 2856.1429, 750.4400, 19.2046
2025-12-11 04:44:03, 0.1310987385, 0.1155252764, 0.0745433819, 0.0550044811, 2928.4242, 2920.2121, 753.1750, 18.4259
2025-12-11 04:44:09, 0.0958465289, 0.0957284257, 0.0668337041, 0.0658132936, 2838.3023, 2961.1163, 752.4450, 17.0680
2025-12-11 04:44:15, 0.1253386539, 0.1075749157, 0.0643776104, 0.0764013257, 2782.5455, 2935.0606, 756.0750, 19.0192
2025-12-11 04:44:21, 0.0760632543, 0.0777646891, 0.0935398710, 0.0712761494, 2880.9111, 2795.7111, 755.5300, 17.8294
2025-12-11 04:44:26, 0.1677138024, 0.1231715971, 0.0462777894, 0.0497182516, 2673.9412, 2656.1569, 755.0900, 18.9072
2025-12-11 04:44:32, 0.1455436854, 0.1493290264, 0.0390910847, 0.0582135839, 3116.9667, 3233.1667, 756.6200, 18.0002
2025-12-11 04:44:44, 0.1546080991, 0.1281334467, 0.0548068776, 0.0615870998, 2832.7000, 2880.2750, 757.4450, 17.5498
2025-12-11 04:44:49, 0.0886660009, 0.0743160694, 0.0736743558, 0.0573692806, 2961.7241, 2917.7241, 755.9000, 18.0300
2025-12-11 04:44:55, 0.1534870089, 0.1116201629, 0.0557158527, 0.0491417102, 3080.5942, 3007.6377, 757.3350, 18.5576
2025-12-11 04:45:01, 0.2100298686, 0.1085280088, 0.0625298174, 0.0592101177, 2804.0976, 2878.0000, 756.7050, 18.7874
2025-12-11 04:45:07, 0.1088909274, 0.1014347205, 0.0519990125, 0.0603641790, 2976.5294, 3022.4706, 756.2200, 18.9769
2025-12-11 04:45:13, 0.1016885892, 0.0854047297, 0.0593608610, 0.0572553913, 3166.5128, 2998.4615, 754.3000, 17.4198
2025-12-11 04:45:18, 0.1122001674, 0.1504162849, 0.0383220390, 0.0273118232, 2842.9024, 2804.8537, 755.7150, 17.8976
2025-12-11 04:45:24, 0.1288544557, 0.1684612810, 0.0554488391, 0.0516176012, 2726.9783, 2871.7391, 756.5400, 18.5876
2025-12-11 04:45:30, 0.2052200576, 0.0840812702, 0.0648441538, 0.0609798631, 2740.9574, 2850.7021, 757.8700, 18.0586
2025-12-11 04:45:36, 0.1704416575, 0.1099728737, 0.0534243265, 0.0355448465, 2919.9211, 2802.8684, 756.4400, 17.8988
2025-12-11 04:45:41, 0.1566555280, 0.1244391427, 0.0448425784, 0.0471756793, 2912.6818, 2893.7500, 754.2300, 19.4244
2025-12-11 04:45:47, 0.1725113647, 0.1051388401, 0.0354274144, 0.0463970198, 2779.5000, 2919.8000, 754.5000, 19.8728
2025-12-11 04:45:53, 0.1085489914, 0.0984199720, 0.0409241023, 0.0531862622, 2958.2000, 2963.7500, 755.0250, 18.4338
2025-12-11 04:45:59, 0.0728492134, 0.1412104054, 0.0504154103, 0.0520646614, 2876.3167, 2953.0667, 755.9850, 17.6118
2025-12-11 04:46:04, 0.1700301469, 0.1090929978, 0.0612314242, 0.0528099310, 2997.2642, 2863.3019, 749.8350, 19.1595
2025-12-11 04:46:10, 0.1076356759, 0.1128258851, 0.0583154545, 0.0529672472, 3039.5439, 3122.0000, 754.5900, 20.1003
2025-12-11 04:46:16, 0.1233503868, 0.1535483718, 0.0740588909, 0.0470104216, 2995.0000, 2911.8718, 749.9700, 18.5672
2025-12-11 04:46:21, 0.1536609306, 0.1311624173, 0.0456155602, 0.0430272737, 2883.9412, 2878.6275, 750.9600, 18.6681
2025-12-11 04:46:27, 0.1140300585, 0.1147080324, 0.0590345989, 0.0694697099, 2774.4634, 2905.1951, 752.1750, 19.8659
2025-12-11 04:46:33, 0.2017824429, 0.1454643281, 0.0736672284, 0.0731944410, 2905.7857, 2980.6250, 752.4350, 17.2428
2025-12-11 04:46:39, 0.1641680599, 0.1172953625, 0.0500055369, 0.0538070412, 2828.9322, 2822.6441, 753.8800, 17.1244
2025-12-11 04:46:44, 0.1793805991, 0.0969616788, 0.0686692444, 0.0819284775, 2943.7872, 3045.4255, 756.1050, 18.2607
2025-12-11 04:46:50, 0.1281728787, 0.1723201660, 0.0424055872, 0.0429928670, 2915.4412, 2815.5294, 758.6500, 17.5424
2025-12-11 04:46:56, 0.1552587386, 0.1393373729, 0.0414541020, 0.0571481441, 2788.6721, 2872.0492, 758.4700, 18.5672
2025-12-11 04:47:02, 0.1589056455, 0.1392050672, 0.0941529889, 0.0932068756, 3041.1389, 3104.6111, 758.8750, 17.1114
2025-12-11 04:47:07, 0.0793146137, 0.0745639318, 0.0769134403, 0.0554282348, 2904.1273, 2863.7273, 756.7350, 18.8572
2025-12-11 04:47:13, 0.1720290984, 0.1596524992, 0.0480723961, 0.0596318720, 3010.7241, 2923.1207, 759.6900, 17.7709
2025-12-11 04:47:19, 0.1741049151, 0.2002574783, 0.0568492494, 0.0474949284, 2701.5667, 2759.8333, 756.3850, 18.9741
2025-12-11 04:47:24, 0.1406768863, 0.1404684094, 0.0535587220, 0.0499107137, 3140.9615, 3127.5000, 756.8700, 18.4454
2025-12-11 04:47:31, 0.2155616278, 0.1524974287, 0.0751081674, 0.0586235814, 2957.0208, 2931.6875, 757.1650, 17.6493
2025-12-11 04:47:36, 0.1739752728, 0.0977003809, 0.0728393581, 0.0620233833, 2911.7600, 2867.2600, 757.8600, 17.3747
2025-12-11 04:47:42, 0.1274929473, 0.1144763858, 0.0753575734, 0.0617176540, 2719.9091, 2781.6061, 757.0950, 18.8336
2025-12-11 04:47:48, 0.1644410157, 0.1478846924, 0.0597808787, 0.0481721655, 2898.5333, 3014.4667, 757.6750, 17.9468
2025-12-11 04:47:54, 0.0903851404, 0.0863531157, 0.0441697908, 0.0664676377, 2914.1515, 3141.2424, 757.9100, 17.7001
2025-12-11 04:48:00, 0.0884734757, 0.0713741905, 0.0380862820, 0.0496280973, 2883.0806, 2869.8710, 755.0250, 18.7500
2025-12-11 04:48:06, 0.1294707951, 0.1344982987, 0.0553035971, 0.0463398596, 2953.6136, 2977.6818, 754.9100, 19.1061
2025-12-11 04:48:11, 0.1947514839, 0.1281325007, 0.0561640493, 0.0721958800, 3047.1167, 3065.5167, 757.1850, 20.3254
2025-12-11 04:48:17, 0.1084041882, 0.1437756547, 0.0870556819, 0.0611745797, 3046.7234, 2877.3830, 759.0500, 18.6037
2025-12-11 04:48:23, 0.1276161549, 0.1118341666, 0.0512141689, 0.0506303952, 3062.1892, 3011.2973, 758.3500, 17.5513
2025-12-11 04:48:28, 0.1816880338, 0.1642493614, 0.0742001419, 0.0697653241, 2912.8810, 2923.5714, 759.3350, 16.2623
2025-12-11 04:48:34, 0.1500341421, 0.1065075430, 0.0413066918, 0.0447336557, 2903.6909, 2892.6727, 760.3050, 15.9854
2025-12-11 04:48:40, 0.1971834634, 0.1157764418, 0.0419849662, 0.0370880758, 2918.6364, 2967.8909, 757.3250, 17.2046
2025-12-11 04:48:45, 0.1122812754, 0.0892942636, 0.0473059639, 0.0547093590, 2847.2326, 2869.2326, 759.1850, 18.4497
2025-12-11 04:48:51, 0.2109842757, 0.1718990755, 0.0954788666, 0.1062321764, 2863.2000, 2870.4000, 764.4100, 17.8522
2025-12-11 04:48:57, 0.2014018682, 0.1610677351, 0.0665311678, 0.0716693704, 2931.5455, 2870.4091, 756.8300, 17.7958
2025-12-11 04:49:03, 0.1348892024, 0.1626798773, 0.0420360569, 0.0517045611, 2778.5588, 2816.6471, 756.3100, 16.5476
2025-12-11 04:49:08, 0.1401711946, 0.1499237494, 0.0382636033, 0.0372099153, 2793.3043, 2814.6522, 757.4450, 17.8742
2025-12-11 04:49:14, 0.1550978541, 0.1366577077, 0.0404917013, 0.0349576907, 2840.8704, 2886.2037, 758.7450, 18.6797
2025-12-11 04:49:20, 0.2003082397, 0.1462290940, 0.0513608445, 0.0516800671, 2858.9756, 2827.8049, 757.4600, 17.1227
2025-12-11 04:49:26, 0.2358499089, 0.1176450809, 0.0399859444, 0.0353629468, 2959.4878, 2814.8780, 759.4150, 18.4473
2025-12-11 04:49:31, 0.1017532586, 0.1007184222, 0.0812754921, 0.0601428216, 3001.6786, 2894.5000, 757.8650, 15.6763
2025-12-11 04:49:37, 0.1340185559, 0.1672230986, 0.0669680092, 0.0492340904, 3009.8857, 2944.3857, 755.2100, 18.4601
2025-12-11 04:49:43, 0.1525254080, 0.1489692066, 0.0753299759, 0.1058068715, 2869.0164, 2900.3279, 758.3450, 18.5183
2025-12-11 04:49:49, 0.2057680578, 0.1375107153, 0.0574765848, 0.0450606015, 2644.3590, 2636.5897, 758.3300, 17.9092
2025-12-11 04:49:55, 0.1521766597, 0.1460804859, 0.0720388457, 0.0846594333, 2819.5800, 2828.7400, 758.7700, 18.0609
2025-12-11 04:50:01, 0.1532195050, 0.1551128674, 0.0637519849, 0.0589558581, 3069.5918, 3036.9184, 755.9950, 18.8882
2025-12-11 04:50:06, 0.1904818918, 0.1509887363, 0.0808116933, 0.0615731439, 3096.1731, 3121.1731, 759.4500, 17.7307
2025-12-11 04:50:12, 0.1693799340, 0.1665151691, 0.0755691888, 0.0773289307, 2950.4783, 3095.0870, 760.2200, 19.2572
2025-12-11 04:50:18, 0.2019828373, 0.1457937605, 0.0552166166, 0.0498209202, 2855.5714, 2790.7347, 756.8850, 19.2762
2025-12-11 04:50:24, 0.1470463638, 0.1607204176, 0.0374260759, 0.0479366969, 2692.6857, 2897.7429, 759.5000, 17.7127
2025-12-11 04:50:30, 0.1539811616, 0.1354872544, 0.0610688211, 0.0450539896, 2686.0488, 2768.2927, 757.8150, 17.0464
2025-12-11 04:50:35, 0.1782302936, 0.1194125568, 0.0657417307, 0.0532791810, 2822.8947, 2889.7544, 761.0150, 18.0741
2025-12-11 04:50:41, 0.1151434673, 0.0784210498, 0.0608389397, 0.0705512889, 2803.5208, 2820.3125, 753.1550, 18.9418
2025-12-11 04:50:47, 0.1587781704, 0.0727073885, 0.0818477422, 0.0943074621, 2797.4545, 2828.0606, 749.2650, 18.0129
2025-12-11 04:50:53, 0.0903074132, 0.0873066837, 0.0708453778, 0.0434016284, 3105.7714, 2925.7714, 751.2400, 16.3524
2025-12-11 04:50:58, 0.0977624680, 0.1227375892, 0.0795885845, 0.0967618719, 2903.1379, 2941.1034, 753.2650, 17.6475
2025-12-11 04:51:04, 0.1554280778, 0.1479738958, 0.0625855508, 0.1077781300, 2912.1628, 3000.4651, 752.5700, 17.0354
2025-12-11 04:51:10, 0.1813473518, 0.1254986195, 0.1062061083, 0.0854034815, 2942.5968, 2902.8548, 751.9850, 18.2709
2025-12-11 04:51:15, 0.1223764039, 0.1461810427, 0.0790273504, 0.0709198343, 2966.2826, 2927.9783, 750.5300, 17.7192
2025-12-11 04:51:21, 0.1874876485, 0.1396374707, 0.0843516738, 0.0969994080, 2727.2500, 2880.3750, 752.2650, 18.1680
2025-12-11 04:51:27, 0.1944411963, 0.1595005856, 0.0857532563, 0.0608363713, 2875.7895, 2758.2368, 749.4400, 19.3418
2025-12-11 04:51:33, 0.1450539383, 0.1294797660, 0.0480470379, 0.0405982179, 2738.3529, 2881.5588, 748.2100, 20.1622
2025-12-11 04:51:38, 0.1202738347, 0.0895011566, 0.0520774190, 0.0536005158, 2833.0317, 2827.6508, 746.3700, 17.7317
2025-12-11 04:51:44, 0.1868960577, 0.1281984433, 0.1160988561, 0.0819209801, 2941.8444, 2854.6889, 749.0550, 18.3181
2025-12-11 04:51:50, 0.2073548840, 0.1634092455, 0.0699586349, 0.0625312886, 2767.2000, 2807.3143, 746.0350, 17.2181
2025-12-11 04:51:56, 0.1021692270, 0.1133297288, 0.0627101273, 0.0613318928, 2862.4872, 2864.9231, 747.6250, 16.6031
2025-12-11 04:52:01, 0.2145698212, 0.1395284389, 0.0853049654, 0.0803556428, 2835.5778, 2811.3778, 749.8150, 18.5386
2025-12-11 04:52:07, 0.1549051272, 0.1151136518, 0.0485728123, 0.0480171537, 2778.2045, 2844.1364, 752.6900, 19.1529
2025-12-11 04:52:13, 0.2023102903, 0.1245696172, 0.0610411707, 0.0389629638, 3007.6296, 2953.9259, 750.5750, 20.6098
2025-12-11 04:52:19, 0.1579431520, 0.0946242975, 0.0680634931, 0.0744874115, 2587.9000, 2598.0333, 752.6450, 18.8830
2025-12-11 04:52:25, 0.1238563752, 0.1298309694, 0.0829566202, 0.0617773154, 2888.8000, 2846.2000, 752.0250, 18.0976
2025-12-11 04:52:30, 0.1500462852, 0.0984577456, 0.0633599084, 0.0556041078, 2763.1282, 2782.8718, 752.8900, 18.0593
2025-12-11 04:52:36, 0.1546254220, 0.1724528082, 0.1169241414, 0.0836595625, 2635.5714, 2770.9762, 750.4700, 16.9094
2025-12-11 04:52:42, 0.1259937865, 0.1178243309, 0.0520756519, 0.0448042333, 2856.9412, 2789.5686, 754.6000, 18.9663
2025-12-11 04:52:48, 0.1597996715, 0.1230483743, 0.0554550004, 0.0493717944, 2684.2609, 2720.0652, 751.3750, 18.2133
2025-12-11 04:52:53, 0.1399456809, 0.1217053030, 0.0600843618, 0.0526441605, 2944.3250, 3034.1500, 754.0000, 18.8950
2025-12-11 04:52:59, 0.1856989558, 0.1739892817, 0.0666987444, 0.0741509053, 2724.8269, 2754.2115, 750.8050, 18.3215
2025-12-11 04:53:05, 0.2846015723, 0.2270635210, 0.0665704161, 0.0645958353, 2977.9773, 2858.5455, 750.7650, 16.8416
2025-12-11 04:53:11, 0.1498127624, 0.1154047409, 0.0428408772, 0.0492978940, 2653.8511, 2682.6170, 752.8350, 17.4335
2025-12-11 04:53:17, 0.1659369909, 0.1652104367, 0.0603613761, 0.0428512357, 2919.2222, 2897.0556, 752.1550, 18.2631
2025-12-11 04:53:22, 0.1603889751, 0.1703314146, 0.0397510065, 0.0416434895, 2746.5682, 2830.1136, 751.7700, 18.8169
2025-12-11 04:53:28, 0.2149716920, 0.1575364141, 0.0313509612, 0.0420898016, 2924.0811, 3024.6757, 753.1400, 18.2664
2025-12-11 04:53:34, 0.1311288940, 0.1182842424, 0.0531435759, 0.0389165546, 2918.6875, 2864.3125, 752.9450, 18.5621
2025-12-11 04:53:40, 0.1274012357, 0.1318809317, 0.0657380938, 0.0522487144, 3010.7667, 3094.8000, 755.7550, 17.7193
2025-12-11 04:53:45, 0.1697498214, 0.1274765276, 0.0556180725, 0.0417703479, 2957.6250, 2885.8393, 755.1950, 18.6796
2025-12-11 04:53:51, 0.1503853746, 0.1506703330, 0.0267913390, 0.0264831988, 2863.8000, 2993.9000, 751.9950, 19.1082
2025-12-11 04:53:57, 0.1645197664, 0.1395969574, 0.0257360381, 0.0273604887, 2800.8421, 2955.8421, 755.9900, 17.7958
2025-12-11 04:54:03, 0.1563220608, 0.1465539625, 0.0746646343, 0.0492244982, 2729.5741, 2809.9259, 753.8400, 19.1534
2025-12-11 04:54:08, 0.2035911125, 0.1427904520, 0.0546671014, 0.0514814506, 2795.0571, 2831.7714, 752.9350, 17.7955
2025-12-11 04:54:14, 0.1798113931, 0.1668984255, 0.0415443953, 0.0534361001, 2925.7833, 2873.1667, 752.7300, 18.4404
2025-12-11 04:54:20, 0.1721085986, 0.1820550835, 0.0348607206, 0.0381912471, 2629.7500, 2714.3182, 751.0500, 17.7909
2025-12-11 04:54:26, 0.2225251347, 0.2241825151, 0.0461682854, 0.0405637701, 2901.9167, 2971.3056, 752.3750, 18.3351
2025-12-11 04:54:32, 0.1439671348, 0.1278106499, 0.0587417165, 0.0426055816, 2827.0000, 2892.8372, 750.5650, 18.4460
2025-12-11 04:54:38, 0.1441813374, 0.1768702175, 0.0480039311, 0.0414664136, 2996.8214, 2959.0536, 752.5450, 19.2714
2025-12-11 04:54:43, 0.1457837190, 0.1159546115, 0.0436431415, 0.0298671313, 2792.1754, 2720.7368, 746.3650, 16.8012
2025-12-11 04:54:49, 0.1608219410, 0.1390274698, 0.0647525787, 0.0432354636, 3221.4000, 3091.9000, 747.6300, 17.3920
2025-12-11 04:54:55, 0.1781292350, 0.1767118869, 0.0542019782, 0.0490278976, 2964.8750, 3046.0938, 746.5800, 18.9709
2025-12-11 04:55:01, 0.1055433861, 0.1058603705, 0.0386723707, 0.0385651952, 2783.2245, 2817.1633, 745.0950, 17.7236
2025-12-11 04:55:06, 0.2528335452, 0.1482713331, 0.0564930732, 0.0416203146, 3052.0000, 2964.1064, 746.8700, 17.7444
2025-12-11 04:55:12, 0.1387012306, 0.1605849359, 0.0481367692, 0.0392382480, 2919.2090, 2923.7761, 754.8100, 19.1341
2025-12-11 04:55:18, 0.1961981776, 0.1480804678, 0.0325308618, 0.0367400207, 3016.2000, 3029.6889, 753.2700, 20.5482
2025-12-11 04:55:24, 0.1280109691, 0.1784940601, 0.0275728895, 0.0436954325, 2738.6000, 2715.6000, 745.3650, 16.2105
2025-12-11 04:55:30, 0.1492564848, 0.1491597834, 0.0362043853, 0.0432999511, 3078.0385, 3006.9038, 752.8350, 19.7623
2025-12-11 04:55:36, 0.2513111620, 0.1360591862, 0.0685889524, 0.0455848493, 2823.7857, 2754.9821, 752.9500, 18.8247
2025-12-11 04:55:41, 0.3072897029, 0.1678531268, 0.0552242215, 0.0554038649, 2936.3333, 2814.7667, 753.2450, 20.3036
2025-12-11 04:55:47, 0.1682075090, 0.1703146848, 0.0498897590, 0.0542880500, 2889.2041, 2875.7347, 752.6650, 19.5190
2025-12-11 04:55:53, 0.1508622889, 0.1844113014, 0.0251219484, 0.0377453354, 2956.5897, 3014.2821, 750.8100, 18.4896
2025-12-11 04:55:59, 0.2024387710, 0.1566042092, 0.0394264996, 0.0338764244, 2657.6389, 2774.8333, 753.4350, 18.7261
2025-12-11 04:56:04, 0.1928725757, 0.1692045529, 0.0542589300, 0.0450787027, 2623.9333, 2626.3778, 751.7450, 19.7540
2025-12-11 04:56:10, 0.1538941665, 0.1504718992, 0.0447170823, 0.0340960538, 2835.8462, 2931.7115, 750.3050, 18.8622
2025-12-11 04:56:16, 0.1983327753, 0.1478539256, 0.0615432792, 0.0473612409, 2936.5106, 2957.1915, 752.4250, 19.3872
2025-12-11 04:56:22, 0.1162543616, 0.1186963549, 0.0770581801, 0.0516107480, 2930.3333, 2869.1795, 754.6550, 18.9076
2025-12-11 04:56:27, 0.1798918377, 0.1257360466, 0.0385903029, 0.0283527001, 2799.8837, 2738.2558, 752.8050, 19.6791
2025-12-11 04:56:33, 0.1756947324, 0.1836154710, 0.0476915151, 0.0359057781, 3014.7385, 2996.0923, 747.8250, 16.8132
2025-12-11 04:56:39, 0.1507231938, 0.1454538607, 0.0366192819, 0.0399522622, 3022.0465, 3059.3721, 747.7200, 16.7583
2025-12-11 04:56:45, 0.2091776527, 0.1505621674, 0.0504587504, 0.0512591099, 2847.0625, 2904.3333, 748.8000, 17.9379
2025-12-11 04:56:50, 0.1527028638, 0.1435925500, 0.0593870607, 0.0568818361, 2659.0667, 2675.4667, 748.2500, 17.3524
2025-12-11 04:56:56, 0.2291963668, 0.1213375953, 0.0885736355, 0.0521447366, 3037.7436, 3022.6923, 748.9300, 17.0811
2025-12-11 04:57:02, 0.1277499439, 0.1868400066, 0.0633029967, 0.0558734146, 2904.4000, 2947.2000, 747.2250, 18.0132
2025-12-11 04:57:08, 0.1457268499, 0.1162310090, 0.0678155543, 0.0588732138, 2872.5185, 2934.0185, 746.1250, 17.4407
2025-12-11 04:57:14, 0.1493933785, 0.1279185279, 0.0530387221, 0.0484711298, 3110.3636, 3011.5091, 748.1800, 17.7822
2025-12-11 04:57:19, 0.1359453392, 0.1054797609, 0.0371585266, 0.0419840036, 2790.6000, 2719.6444, 747.5100, 18.0350
2025-12-11 04:57:25, 0.0975199544, 0.0747961620, 0.0527327757, 0.0584294879, 2874.4074, 2813.8519, 746.3250, 18.3584
2025-12-11 04:57:31, 0.1070641454, 0.1246465568, 0.0455235856, 0.0398820125, 2819.6667, 2936.4902, 747.8550, 18.1891
2025-12-11 04:57:37, 0.1699399540, 0.1311507113, 0.0502972839, 0.0527224706, 2841.7222, 2936.8889, 747.1400, 19.1786
2025-12-11 04:57:42, 0.1196517844, 0.0817705377, 0.0442931367, 0.0351981236, 3048.4048, 3014.2143, 748.0250, 18.6538
2025-12-11 04:57:48, 0.1127143677, 0.1606784430, 0.0511752842, 0.0532572761, 2661.2619, 2766.5952, 748.6150, 17.9604
2025-12-11 04:57:54, 0.1476681633, 0.1148448090, 0.0623402015, 0.0726200693, 2934.6486, 2952.8649, 748.8950, 18.1784
2025-12-11 04:57:59, 0.1453763109, 0.1344471034, 0.0552250949, 0.0448812691, 2907.1224, 2946.2041, 747.6850, 17.7675
2025-12-11 04:58:05, 0.1113789158, 0.1074707741, 0.0486374390, 0.0347036504, 3067.2037, 2959.9444, 749.2000, 19.1141
2025-12-11 04:58:11, 0.1669653315, 0.1444447678, 0.0397857393, 0.0388510107, 2936.7755, 2969.9388, 748.9250, 19.1363
2025-12-11 04:58:17, 0.2527689952, 0.2431252273, 0.0497398814, 0.0429240408, 2937.8400, 2966.4400, 748.2650, 20.3854
2025-12-11 04:58:22, 0.1524674643, 0.1114587745, 0.1111150153, 0.0854055271, 2929.8649, 2979.9730, 749.0800, 19.4821
2025-12-11 04:58:28, 0.1618310163, 0.1162606035, 0.0435150646, 0.0487887734, 2890.0000, 2931.8857, 750.1950, 19.4478
2025-12-11 04:58:34, 0.1374191825, 0.0988466600, 0.0825562512, 0.0799191989, 3016.2766, 3066.3617, 748.2000, 18.9889
2025-12-11 04:58:40, 0.1114372853, 0.0945392432, 0.0691946151, 0.0569705262, 2842.5000, 2864.4167, 753.4250, 20.1540
2025-12-11 04:58:46, 0.1225648242, 0.1177690896, 0.0559194276, 0.0376243232, 2745.3542, 2743.2917, 752.0500, 19.3488
2025-12-11 04:58:51, 0.1223363011, 0.1156413623, 0.0565668544, 0.0601751605, 2937.8718, 3056.0513, 754.9900, 18.9652
2025-12-11 04:58:57, 0.1801325812, 0.1261278275, 0.0529888708, 0.0589328289, 2967.3571, 3008.0179, 755.6600, 17.5893
2025-12-11 04:59:03, 0.1476389211, 0.1322310206, 0.0611486181, 0.0561378536, 3052.3455, 3054.9091, 755.4400, 20.5919
2025-12-11 04:59:08, 0.3195352638, 0.1546539568, 0.0446837082, 0.0243177745, 2848.5667, 3001.2000, 754.1750, 18.3705
2025-12-11 04:59:15, 0.1655261245, 0.1563608149, 0.0611744779, 0.0649181178, 2956.5263, 2817.2895, 756.1800, 18.7331
2025-12-11 04:59:21, 0.1333020576, 0.1555993868, 0.0518900383, 0.0419868113, 2725.9167, 2816.7500, 757.8000, 17.2673
2025-12-11 04:59:27, 0.1488750524, 0.1354320760, 0.0429206013, 0.0370408067, 2893.6458, 2867.3958, 755.5800, 17.4145
2025-12-11 04:59:33, 0.1688740187, 0.1313106772, 0.0488128127, 0.0519650088, 2987.1702, 2849.0213, 753.6900, 21.3800
2025-12-11 04:59:38, 0.0736007324, 0.0723522977, 0.0599976745, 0.0769790158, 2949.4884, 2932.1860, 756.0000, 18.4225
2025-12-11 04:59:44, 0.1366332707, 0.1206004806, 0.0403829216, 0.0449389880, 2993.6341, 2989.0488, 758.3850, 18.7829
2025-12-11 04:59:50, 0.1332576076, 0.0822734486, 0.0606290029, 0.0467997068, 2857.8095, 2897.3333, 757.4850, 19.1846
2025-12-11 04:59:55, 0.1429195306, 0.1209514671, 0.0404402094, 0.0342315499, 2878.7347, 2895.8980, 754.9700, 18.7845
2025-12-11 05:00:01, 0.1482750574, 0.1476020381, 0.0657323581, 0.0562411606, 2856.8158, 2761.6842, 753.1750, 19.5978
2025-12-11 05:00:07, 0.1393057747, 0.1407254565, 0.0335008522, 0.0321287760, 3028.5926, 3096.6296, 754.8800, 20.4276
2025-12-11 05:00:12, 0.1082863722, 0.1086436435, 0.0560623918, 0.0422277716, 3011.0513, 3077.3333, 754.9050, 19.3806
2025-12-11 05:00:18, 0.1481219870, 0.0906508082, 0.0543659530, 0.0344740590, 2727.7872, 2843.8298, 756.2700, 19.8471
2025-12-11 05:00:24, 0.2003222758, 0.1656360832, 0.0607438572, 0.0495728435, 2903.3443, 2880.1311, 758.5650, 18.3615
2025-12-11 05:00:29, 0.1259325470, 0.1433556627, 0.0634406781, 0.0472948923, 2806.0789, 2858.6842, 755.9450, 18.8818
2025-12-11 05:00:35, 0.1666550439, 0.0869110148, 0.0373820759, 0.0193925068, 2885.2581, 2911.4194, 750.9600, 19.4219
2025-12-11 05:00:41, 0.1495802861, 0.1313277468, 0.0366606452, 0.0685513792, 2865.5714, 2909.5429, 757.5600, 19.6201
2025-12-11 05:00:47, 0.1530559376, 0.1011112954, 0.0719580030, 0.0433053262, 2936.0233, 2909.5814, 757.6300, 18.5982
2025-12-11 05:00:52, 0.1093304786, 0.0767902501, 0.0558712618, 0.0453482341, 3124.3256, 3127.0698, 750.6550, 19.6872
2025-12-11 05:00:58, 0.1304352321, 0.0887420591, 0.0438372671, 0.0246871764, 2940.4750, 3053.0250, 754.1800, 20.1191
2025-12-11 05:01:04, 0.1191533146, 0.1575555962, 0.0398310831, 0.0555102801, 2781.8182, 2754.7727, 751.6850, 19.5335
2025-12-11 05:01:09, 0.1152433164, 0.1237843613, 0.0534987080, 0.0637364784, 2849.3611, 2766.6667, 753.1400, 18.4822
2025-12-11 05:01:15, 0.1408805627, 0.1180061605, 0.0375393626, 0.0400670630, 2827.3214, 2882.5357, 750.7400, 20.1172
2025-12-11 05:01:21, 0.2046293053, 0.1167890389, 0.0281915337, 0.0291487064, 2806.6000, 2963.7714, 751.9050, 19.3788
2025-12-11 05:01:27, 0.1248552785, 0.0928947821, 0.0541475566, 0.0416669373, 3041.0541, 3053.1081, 749.4650, 18.5819
2025-12-11 05:01:32, 0.1804624119, 0.1322472668, 0.0424745998, 0.0367547346, 3028.4194, 2920.6774, 752.8150, 20.0015
2025-12-11 05:01:38, 0.1829780122, 0.1087170470, 0.0633280802, 0.0586824094, 2742.7692, 2795.6154, 749.5250, 20.8624
2025-12-11 05:01:44, 0.1298361082, 0.1316482203, 0.0827091013, 0.0688817031, 2854.8936, 2969.0638, 749.3800, 19.8453
2025-12-11 05:01:50, 0.1335563460, 0.1128901768, 0.0467963686, 0.0328456431, 2855.1852, 2869.9630, 750.4650, 20.0222
2025-12-11 05:01:55, 0.1679552090, 0.1417225143, 0.0795165308, 0.0592074097, 2875.7105, 2906.0263, 748.0000, 19.0436
2025-12-11 05:02:01, 0.1725566833, 0.1453627276, 0.0414565223, 0.0353463265, 2928.3953, 2923.5349, 750.0700, 19.8682
2025-12-11 05:02:07, 0.1328701344, 0.1188669354, 0.0584993878, 0.0677000292, 2924.1786, 2940.7143, 752.2300, 19.7438
2025-12-11 05:02:13, 0.1877237396, 0.1287926745, 0.0599621282, 0.0483942996, 2814.6591, 2887.0227, 751.1450, 18.7844
2025-12-11 05:02:18, 0.1506868573, 0.1236576570, 0.0341478749, 0.0309318635, 2952.9773, 2887.0909, 752.4650, 19.3036
2025-12-11 05:02:24, 0.1971586624, 0.1530852387, 0.0410570794, 0.0448339178, 2643.6471, 2865.0588, 750.7000, 18.6914
2025-12-11 05:02:30, 0.1539018091, 0.1632904883, 0.0363682080, 0.0712882013, 2978.8462, 2927.8462, 751.8450, 19.8724
2025-12-11 05:02:36, 0.1249412713, 0.1723569480, 0.0332450672, 0.0402681459, 2869.1765, 2819.6863, 754.3200, 17.2551
2025-12-11 05:02:41, 0.1478896759, 0.1323822897, 0.0489117062, 0.0339075888, 3004.7600, 3048.6000, 751.2900, 17.8932
2025-12-11 05:02:47, 0.1530585072, 0.1207792459, 0.0374374769, 0.0331233938, 3064.1600, 2981.0800, 750.8350, 17.7321
2025-12-11 05:02:53, 0.1391163423, 0.0932309313, 0.0804440802, 0.0598373724, 3082.6667, 3043.4583, 750.6550, 18.4720
2025-12-11 05:02:59, 0.0976817419, 0.0876155162, 0.0597999440, 0.0386134445, 2970.3590, 2934.7179, 749.4400, 18.2936
2025-12-11 05:03:04, 0.1217069312, 0.1168012694, 0.0465997579, 0.0517471839, 2809.0238, 2965.1667, 747.4650, 18.6770
2025-12-11 05:03:10, 0.1686788075, 0.1667860552, 0.0446273766, 0.0472246789, 2854.3243, 2989.7027, 747.1300, 18.2171
2025-12-11 05:03:16, 0.1296994183, 0.1279176176, 0.0510231034, 0.0456360094, 2827.5625, 2808.7812, 744.8900, 18.4431
2025-12-11 05:03:22, 0.1265387755, 0.0950559368, 0.0575572072, 0.0526351378, 2976.4651, 2849.1628, 757.6850, 17.9520
2025-12-11 05:03:27, 0.1296121651, 0.1135476714, 0.0630340814, 0.0571032178, 2985.8868, 3063.6792, 750.1300, 19.2326
2025-12-11 05:03:34, 0.1010881439, 0.1159432050, 0.0498143781, 0.0528281520, 2917.6512, 2872.0000, 758.4750, 18.0491
2025-12-11 05:03:39, 0.1953949450, 0.1264073807, 0.0377715746, 0.0496838664, 2838.0000, 2893.0435, 753.5050, 16.8351
2025-12-11 05:03:45, 0.1220357779, 0.1371137478, 0.0341754831, 0.0321079601, 2720.5366, 2861.8293, 759.6750, 16.8211
2025-12-11 05:03:51, 0.0892703435, 0.1029860660, 0.0655345786, 0.0614837052, 2858.9348, 2855.9783, 758.7300, 17.6988
2025-12-11 05:03:57, 0.1572847664, 0.1597918853, 0.0501404262, 0.0549365382, 3152.3962, 3115.6415, 759.1450, 18.0423
2025-12-11 05:04:02, 0.1222297598, 0.0893796344, 0.0381484556, 0.0404075717, 3043.3469, 2982.6939, 758.2350, 18.8050
2025-12-11 05:04:08, 0.1013202886, 0.1148048144, 0.0499415801, 0.0525018174, 2995.5641, 2880.5641, 757.5650, 18.9709
2025-12-11 05:04:14, 0.1541629523, 0.1645977662, 0.0274301349, 0.0197023542, 2738.3095, 2653.9524, 758.4850, 17.6593
2025-12-11 05:04:20, 0.1653241191, 0.1320871512, 0.0318932850, 0.0360835811, 2905.8235, 2868.5882, 758.8600, 17.3571
2025-12-11 05:04:25, 0.1464329213, 0.1042768428, 0.0366297400, 0.0410386012, 2919.0351, 2918.6842, 756.5300, 17.9072
2025-12-11 05:04:31, 0.1223777562, 0.0808413786, 0.0717243583, 0.0471108138, 2963.2903, 3009.0645, 759.4500, 19.5115
2025-12-11 05:04:38, 0.1248694740, 0.0969634586, 0.0330976722, 0.0271173031, 2909.2857, 2798.3095, 759.0800, 18.8198
2025-12-11 05:04:43, 0.1344078856, 0.1321325321, 0.0441975625, 0.0372860694, 2813.7619, 2764.4286, 757.8700, 18.4375
2025-12-11 05:04:49, 0.1152002288, 0.0842817513, 0.0628890857, 0.0409795777, 2981.4762, 2965.2619, 756.2450, 16.3222
2025-12-11 05:04:55, 0.1943528858, 0.1801737344, 0.0482499182, 0.0391035107, 2854.0682, 2782.4318, 757.1950, 17.7425
2025-12-11 05:05:01, 0.1937491559, 0.1824505562, 0.0279185394, 0.0242252905, 2781.7727, 2925.9091, 757.1600, 19.2241
2025-12-11 05:05:06, 0.1668978311, 0.1258504001, 0.0539258094, 0.0546623663, 2667.8605, 2742.5814, 757.4750, 17.9705
2025-12-11 05:05:12, 0.1033962912, 0.0907542045, 0.0510863535, 0.0448125365, 2727.3182, 2789.7045, 757.8350, 17.6360
2025-12-11 05:05:18, 0.1150753970, 0.1069585140, 0.0452773348, 0.0416233237, 2919.9839, 3032.2581, 759.1750, 17.5358
2025-12-11 05:05:23, 0.1811542469, 0.1781795651, 0.0355754642, 0.0296839995, 2803.7407, 2722.2593, 756.5000, 18.4155
2025-12-11 05:05:29, 0.1544400246, 0.1514654978, 0.0822354450, 0.0507179169, 2677.3721, 2682.0930, 759.7750, 19.5909
2025-12-11 05:05:35, 0.1408664348, 0.1290415883, 0.0596336356, 0.0401886223, 2755.9000, 2740.4500, 755.8200, 18.5364
2025-12-11 05:05:41, 0.1206458321, 0.1251601611, 0.0858914217, 0.0640790767, 2811.9149, 2831.5319, 756.4000, 18.2420
2025-12-11 05:05:46, 0.1184718732, 0.1136487297, 0.0543455053, 0.0466099455, 2857.5000, 2856.2778, 754.3750, 18.6701
2025-12-11 05:05:52, 0.1237204891, 0.1104990032, 0.0453024662, 0.0358829519, 2972.3750, 2952.3000, 755.4300, 18.1012
2025-12-11 05:05:58, 0.1205833961, 0.1159391715, 0.0502911136, 0.0365903117, 2871.4906, 2912.3962, 750.7250, 17.2418
2025-12-11 05:06:04, 0.1666231308, 0.1642945479, 0.0596602944, 0.0550245906, 2878.1077, 2957.8308, 753.5900, 19.3977
2025-12-11 05:06:10, 0.1907645271, 0.1088316183, 0.0672551768, 0.0467984016, 2921.4706, 2969.6471, 749.9000, 17.9318
2025-12-11 05:06:15, 0.1717552997, 0.1309064303, 0.0611469351, 0.0416179099, 2952.6042, 2999.3542, 749.4650, 17.3548
2025-12-11 05:06:21, 0.1610356372, 0.1388561345, 0.0360781727, 0.0292364716, 2836.7500, 2891.6750, 750.8400, 18.1470
2025-12-11 05:06:27, 0.1410405991, 0.1025117550, 0.0424753610, 0.0427356127, 3016.1639, 2940.4918, 747.9050, 18.7119
2025-12-11 05:06:33, 0.1898178341, 0.1261841512, 0.0338681249, 0.0401081656, 2827.1818, 2758.7500, 751.5200, 19.5860
2025-12-11 05:06:38, 0.1028706885, 0.1298787641, 0.0485297214, 0.0499028253, 2819.3265, 2756.7755, 749.6500, 17.8985
2025-12-11 05:06:44, 0.1393398892, 0.1444375515, 0.0427049708, 0.0741787485, 2982.4571, 2960.5429, 751.8450, 18.5473
2025-12-11 05:06:50, 0.1237961831, 0.1475581190, 0.0418847671, 0.0535014490, 2877.0625, 2986.0208, 752.0350, 19.2402
2025-12-11 05:06:55, 0.1717888971, 0.1147713785, 0.0338994296, 0.0419581743, 3028.0769, 2860.5385, 749.7250, 16.7991
2025-12-11 05:07:01, 0.0960172810, 0.0875640362, 0.0372975502, 0.0391133189, 3031.7111, 3040.3111, 749.4550, 17.3576
2025-12-11 05:07:07, 0.1040876639, 0.1181288911, 0.0439516008, 0.0328631026, 2837.0851, 2868.2553, 746.7600, 18.5346
2025-12-11 05:07:13, 0.2009634409, 0.1791842223, 0.0283271323, 0.0289787974, 2798.4444, 2849.9722, 750.5500, 17.2898
2025-12-11 05:07:18, 0.1456626729, 0.1563209111, 0.0468815053, 0.0328152051, 2836.3830, 2812.0213, 746.7650, 18.0178
2025-12-11 05:07:24, 0.1562271305, 0.1163399972, 0.0478112545, 0.0345523603, 2850.0976, 2847.5366, 757.9750, 19.8805
2025-12-11 05:07:30, 0.0957867945, 0.0953161571, 0.0527793697, 0.0466206887, 2873.2000, 2950.4667, 757.3000, 21.6215
2025-12-11 05:07:36, 0.0931586783, 0.0936628343, 0.0400760851, 0.0462261980, 2955.0571, 2867.0000, 755.8050, 22.0406
2025-12-11 05:07:41, 0.0906902148, 0.0973109981, 0.0359637839, 0.0311795842, 2802.0600, 2801.2600, 756.4850, 20.9633
2025-12-11 05:07:47, 0.0997757864, 0.1163567347, 0.0547124330, 0.0463775728, 3158.6038, 3131.0377, 759.1300, 20.0592
2025-12-11 05:07:53, 0.1107490961, 0.0917051236, 0.0341051195, 0.0390259341, 2852.1600, 2864.6400, 754.9200, 20.5697
2025-12-11 05:07:58, 0.0931633966, 0.0666045296, 0.0548172557, 0.0525829130, 2876.3061, 2870.2041, 758.2450, 22.2976
2025-12-11 05:08:05, 0.1158485451, 0.1337326596, 0.0456138119, 0.0531812544, 2793.2051, 2798.8205, 756.4750, 21.8810
2025-12-11 05:08:10, 0.1388400521, 0.1136079369, 0.0596834434, 0.0576781455, 2767.8182, 2821.9091, 752.1650, 18.7693
2025-12-11 05:08:16, 0.1312886419, 0.1395934997, 0.0673334160, 0.0641548002, 2914.9412, 2848.0392, 751.6350, 20.4311
2025-12-11 05:08:22, 0.1137920017, 0.1166262114, 0.0711019130, 0.0506026035, 2833.8545, 2744.0727, 752.5700, 21.3856
2025-12-11 05:08:28, 0.1571096430, 0.1713846507, 0.0546087877, 0.0363513047, 2862.5758, 2872.0303, 751.7400, 21.0673
2025-12-11 05:08:33, 0.0939920884, 0.1240334268, 0.0423075659, 0.0550294740, 3180.9524, 3153.2381, 753.0150, 18.9725
2025-12-11 05:08:39, 0.1455477624, 0.1201511525, 0.0487799425, 0.0399178944, 2965.0000, 2971.4000, 752.5300, 19.7659
2025-12-11 05:08:45, 0.0977932350, 0.1169002164, 0.0575588851, 0.0460187594, 2939.6757, 2992.9189, 755.1100, 19.1117
2025-12-11 05:08:51, 0.1708778650, 0.1507903084, 0.0566763637, 0.0457519768, 2734.4792, 2833.7917, 751.6450, 18.9552
2025-12-11 05:08:56, 0.1733614632, 0.1957053291, 0.0482884454, 0.0448379551, 2927.6250, 2923.3542, 751.9900, 18.2027
2025-12-11 05:09:02, 0.2047308609, 0.1825607296, 0.0329818491, 0.0247608710, 2954.9792, 2943.7708, 753.4550, 18.7435
2025-12-11 05:09:09, 0.1355063283, 0.1572493474, 0.0393227628, 0.0526958885, 2751.6400, 2829.2200, 753.3400, 16.9232
2025-12-11 05:09:14, 0.1432669464, 0.1203951266, 0.0527181829, 0.0405666429, 3005.8571, 3100.5714, 753.8300, 18.4291
2025-12-11 05:09:20, 0.1812526201, 0.1556676881, 0.0534286944, 0.0613331295, 2855.1304, 2924.6739, 752.8200, 18.3703
2025-12-11 05:09:26, 0.1851911959, 0.1251832798, 0.0488702221, 0.0578685431, 2793.4364, 2868.8000, 756.7250, 19.3078
2025-12-11 05:09:31, 0.2207420354, 0.1982368959, 0.0385001543, 0.0387266444, 2875.8605, 2915.5581, 755.7700, 18.1598
2025-12-11 05:09:37, 0.1497345908, 0.1490666580, 0.0796228025, 0.0515923839, 2601.5641, 2633.4103, 754.1000, 18.3314
2025-12-11 05:09:43, 0.2226222790, 0.1928758881, 0.0321190242, 0.0599362966, 2880.3214, 2883.0000, 758.3300, 19.6670
2025-12-11 05:09:49, 0.2006539212, 0.1341355859, 0.0771879453, 0.0658422693, 2904.7273, 2911.4773, 756.5450, 19.6682
2025-12-11 05:09:54, 0.1153174927, 0.0827701626, 0.0508852743, 0.0365391180, 2944.8333, 2936.4833, 758.9950, 20.1220
2025-12-11 05:10:00, 0.2200524425, 0.1594617815, 0.0257909048, 0.0375768023, 2928.3056, 3020.1944, 755.5100, 18.0214
2025-12-11 05:10:06, 0.2588983278, 0.2349936885, 0.0594859030, 0.0579929473, 2859.3158, 2954.6316, 756.2500, 19.0591
2025-12-11 05:10:12, 0.1608320496, 0.1307920602, 0.0815260612, 0.0668152086, 2926.3462, 2928.0000, 755.8550, 19.0857
2025-12-11 05:10:17, 0.1089144482, 0.1186690853, 0.0497393947, 0.0429497146, 2987.9608, 2960.0980, 752.2750, 16.3413
2025-12-11 05:10:23, 0.0788535593, 0.0758717083, 0.0967999738, 0.0881392016, 3061.9792, 3077.9792, 753.5050, 19.6583
2025-12-11 05:10:29, 0.1566386327, 0.1777320845, 0.0671426593, 0.0846371801, 2854.4571, 3042.6571, 751.2400, 16.8882
2025-12-11 05:10:35, 0.2462710265, 0.1939373276, 0.0379816551, 0.0452441797, 2771.4375, 2798.6875, 752.0500, 17.8999
2025-12-11 05:10:40, 0.1861541762, 0.1699536440, 0.0791543045, 0.0667740993, 2870.6029, 2874.7647, 753.8950, 18.8017
2025-12-11 05:10:46, 0.1084220824, 0.1247833986, 0.0682494533, 0.0561729820, 2834.0000, 2849.0204, 753.2850, 18.6575
2025-12-11 05:10:52, 0.0896928313, 0.1166753658, 0.0658602491, 0.0796494518, 2799.7045, 2887.5227, 750.7150, 18.6243
2025-12-11 05:10:57, 0.1211488860, 0.1115097486, 0.0748064523, 0.0574651150, 2605.4231, 2686.8077, 752.3350, 17.0215
2025-12-11 05:11:03, 0.0853239217, 0.1080798434, 0.0622457240, 0.0675110025, 2915.8182, 2942.2273, 753.2300, 17.0193
2025-12-11 05:11:10, 0.1105962329, 0.1141024764, 0.0523095427, 0.0624219896, 2682.5652, 2741.1957, 752.4500, 19.9554
2025-12-11 05:11:16, 0.0676196652, 0.0784034638, 0.0546547666, 0.0498825135, 2873.9487, 2899.6667, 751.9050, 19.1960
2025-12-11 05:11:22, 0.1371842172, 0.1296595268, 0.0647299227, 0.0543026101, 2549.3542, 2659.0208, 754.4600, 19.0669
2025-12-11 05:11:28, 0.1764080852, 0.1368588107, 0.0649254217, 0.0705486970, 2748.4634, 2781.4878, 752.8350, 18.8005
2025-12-11 05:11:33, 0.1783142916, 0.2009735451, 0.0785365395, 0.0619970390, 2842.2128, 2913.3830, 755.7100, 18.3847
2025-12-11 05:11:39, 0.0573812172, 0.0675125920, 0.0785751728, 0.0913247356, 2347.4419, 2303.2326, 752.3450, 18.3204
2025-12-11 05:11:45, 0.0806490620, 0.0905389756, 0.0421349613, 0.0496392277, 2498.8235, 2627.0588, 753.6150, 17.6334
2025-12-11 05:11:50, 0.0724690600, 0.0669511711, 0.0423162684, 0.0428502573, 2404.5897, 2502.1538, 754.1300, 17.4474
2025-12-11 05:11:56, 0.1313339001, 0.1307259622, 0.0547276159, 0.0420567769, 2461.7442, 2476.7209, 751.8300, 18.1962
2025-12-11 05:12:02, 0.0988670415, 0.1341260497, 0.1188395309, 0.0801645171, 2590.7576, 2571.8485, 753.0600, 19.9874
2025-12-11 05:12:07, 0.0802733292, 0.1006722452, 0.0744573274, 0.0734035796, 2327.9111, 2402.2000, 753.7850, 19.7479
2025-12-11 05:12:13, 0.0574682445, 0.0692782398, 0.0678083855, 0.0647540746, 2242.0926, 2281.1852, 753.1450, 16.4379
2025-12-11 05:12:19, 0.1203707122, 0.1049574909, 0.0420545854, 0.0476202657, 2254.4146, 2350.5122, 756.2000, 20.0437
2025-12-11 05:12:25, 0.0803772228, 0.1126945621, 0.0590505566, 0.0454226688, 2363.4651, 2323.4651, 756.4300, 17.8867
2025-12-11 05:12:31, 0.0825932851, 0.0991130928, 0.0517772716, 0.0564555175, 2486.9444, 2525.0741, 755.9800, 17.7722
2025-12-11 05:12:36, 0.1232550852, 0.0959894348, 0.0500657463, 0.0511808271, 2380.7400, 2435.2400, 757.0450, 18.7588
2025-12-11 05:12:42, 0.1518367325, 0.0904315415, 0.0481443393, 0.0589088408, 2614.1143, 2667.1714, 756.5900, 18.7388
2025-12-11 05:12:48, 0.0642121971, 0.0862692275, 0.0433787947, 0.0442084189, 2343.5263, 2368.2105, 759.6350, 16.6250
2025-12-11 05:12:53, 0.0774353515, 0.0869974349, 0.0404806122, 0.0490007789, 2412.3673, 2456.7143, 758.2700, 17.6586
2025-12-11 05:12:59, 0.0739374442, 0.0645551511, 0.0574931377, 0.0432611189, 2900.8750, 2943.4583, 753.8050, 19.7009
2025-12-11 05:13:05, 0.1247520083, 0.1296771320, 0.0772724420, 0.0728767268, 2714.2286, 2723.2000, 753.0250, 18.9099
2025-12-11 05:13:10, 0.2009837898, 0.1367614864, 0.0500558059, 0.0534006714, 2993.7500, 2866.3929, 752.9700, 17.9181
2025-12-11 05:13:17, 0.2187261519, 0.1406956303, 0.0642352119, 0.0599777603, 2776.1364, 2817.4091, 753.7000, 19.3267
2025-12-11 05:13:22, 0.1607168491, 0.1471982762, 0.0491668519, 0.0511332198, 2733.2812, 2868.3281, 751.7250, 20.1206
2025-12-11 05:13:28, 0.1166469373, 0.1264918185, 0.0575662387, 0.0423219558, 2864.6905, 2863.6905, 749.4800, 17.7491
2025-12-11 05:13:34, 0.1794484419, 0.1232466598, 0.0358981211, 0.0659473859, 2872.5116, 2934.3488, 749.5650, 18.2386
2025-12-11 05:13:40, 0.1642780561, 0.1261041406, 0.0570955240, 0.0537195205, 2872.1111, 2907.0556, 753.0200, 18.1739
2025-12-11 05:13:45, 0.1593125836, 0.1539256395, 0.0688741438, 0.0675423191, 2882.3810, 2911.4286, 753.0900, 18.4906
2025-12-11 05:13:51, 0.1483920010, 0.1686061536, 0.0435733948, 0.0369973050, 2859.2174, 2893.3043, 751.9550, 18.6071
2025-12-11 05:13:57, 0.2141321512, 0.1606159172, 0.0409393726, 0.0306473438, 2792.2273, 2844.6364, 754.4700, 18.8034
2025-12-11 05:14:02, 0.2630344556, 0.1608481285, 0.0550830345, 0.0474293771, 2855.8000, 2975.4571, 752.4550, 17.1607
2025-12-11 05:14:08, 0.1078029372, 0.1056750566, 0.0388524532, 0.0493531173, 2702.5000, 2796.9423, 752.6550, 18.6380
2025-12-11 05:14:14, 0.1115050110, 0.1304632918, 0.0534108886, 0.0421576089, 2848.5610, 2927.0488, 751.4900, 18.4667
2025-12-11 05:14:20, 0.1499629653, 0.1213634408, 0.0478605135, 0.0487415151, 2797.0000, 2940.8857, 751.9900, 19.5259
2025-12-11 05:14:26, 0.1639947845, 0.1087248021, 0.0442984930, 0.0479786366, 2725.1000, 2683.0250, 753.6300, 17.8825
2025-12-11 05:14:31, 0.1939923004, 0.0998320167, 0.0525855073, 0.0622507756, 2899.5686, 2915.6275, 753.8900, 20.0441
2025-12-11 05:14:37, 0.1557680431, 0.1746436891, 0.0665762690, 0.0541920219, 2939.9070, 3028.6047, 754.0650, 16.5708
2025-12-11 05:14:43, 0.1567787837, 0.1220024271, 0.0654329345, 0.0688635771, 2817.3696, 2719.1087, 752.6400, 18.7371
2025-12-11 05:14:49, 0.1259277636, 0.1186371713, 0.0351565741, 0.0493907962, 3131.3030, 3211.8182, 754.8100, 17.5563
2025-12-11 05:14:55, 0.1589186095, 0.1153234563, 0.0781873710, 0.0849334904, 2775.6522, 2842.5652, 754.5100, 17.8757
2025-12-11 05:15:01, 0.1074838542, 0.0934163506, 0.0562543462, 0.0612327433, 2905.9388, 2969.9592, 753.8450, 18.6567
2025-12-11 05:15:06, 0.1283271576, 0.1221819934, 0.0907280866, 0.0814189577, 2907.5000, 2801.6500, 754.2200, 16.5491
2025-12-11 05:15:12, 0.1381069912, 0.1334335583, 0.0701485309, 0.0426958634, 2867.1905, 2867.1429, 748.5150, 19.5364
2025-12-11 05:15:18, 0.1504205342, 0.0939426111, 0.0364564489, 0.0254126201, 2905.4828, 2914.0000, 751.4400, 18.7183
2025-12-11 05:15:24, 0.1420063033, 0.1003661620, 0.0303793569, 0.0523993924, 2762.7750, 2796.5000, 753.8650, 18.9369
2025-12-11 05:15:29, 0.1319316994, 0.1100056714, 0.0431756027, 0.0424165581, 2827.1463, 2828.2927, 753.7050, 18.6257
2025-12-11 05:15:35, 0.1299953917, 0.1432049649, 0.0734522324, 0.0626047403, 2850.0513, 2829.8462, 753.4000, 18.9016
2025-12-11 05:15:41, 0.1116215970, 0.1348693677, 0.0248224939, 0.0412436113, 2832.0000, 2940.0192, 751.4150, 20.5551
2025-12-11 05:15:46, 0.1676033353, 0.1303660187, 0.0828375454, 0.0580681263, 2813.8000, 2812.3429, 753.2150, 17.0719
2025-12-11 05:15:52, 0.0725115074, 0.0843404146, 0.0493398604, 0.0436525492, 2894.7500, 2891.2115, 754.0300, 18.1061
2025-12-11 05:15:58, 0.1374019590, 0.0963602023, 0.0572917664, 0.0481970267, 2898.7241, 2992.4828, 751.6750, 17.5288
2025-12-11 05:16:04, 0.1407712083, 0.1443812511, 0.0553619125, 0.0613914366, 3025.8723, 3152.5532, 752.8400, 19.6498
2025-12-11 05:16:10, 0.1231229284, 0.0825111140, 0.0545363619, 0.0460416771, 2719.1864, 2826.5254, 752.9400, 19.7377
2025-12-11 05:16:15, 0.1199930725, 0.0864720925, 0.0538486993, 0.0457984450, 2629.6250, 2737.3542, 752.2050, 19.1315
2025-12-11 05:16:21, 0.1041223441, 0.1216660031, 0.0958422442, 0.0939809128, 2801.8444, 2886.4444, 755.1650, 19.3106
2025-12-11 05:16:27, 0.1192143248, 0.0973141407, 0.0634897137, 0.0682082226, 3038.8269, 3014.9423, 751.4050, 18.7585
2025-12-11 05:16:33, 0.0717352578, 0.0690277059, 0.0549996720, 0.0580400208, 2646.7647, 2823.7843, 754.9600, 17.6929
2025-12-11 05:16:38, 0.1074453925, 0.0895951980, 0.0688417039, 0.0538992608, 2857.6429, 2985.9524, 753.2450, 19.6963
2025-12-11 05:16:44, 0.0950582556, 0.0955507515, 0.0974127372, 0.0782478060, 2819.3556, 2897.5556, 754.7250, 17.8165
2025-12-11 05:16:50, 0.1118186735, 0.1088498034, 0.0584920949, 0.0655678452, 2657.0652, 2670.9783, 754.3200, 18.1716
2025-12-11 05:16:55, 0.1015914699, 0.1084477654, 0.1547086656, 0.1132820892, 3135.6744, 3177.5349, 752.4450, 17.0803
2025-12-11 05:17:01, 0.1046680648, 0.1129878904, 0.0603032187, 0.0667906716, 2719.5641, 2844.8462, 753.6600, 19.2269
2025-12-11 05:17:07, 0.1567030607, 0.1294045032, 0.0539859812, 0.0492591719, 2684.6531, 2702.7551, 753.7350, 17.4400
2025-12-11 05:17:13, 0.1417574594, 0.1204996034, 0.0638321111, 0.0672516692, 3149.0000, 3142.2609, 754.5450, 19.1775
2025-12-11 05:17:19, 0.1456708457, 0.1294330908, 0.0358774284, 0.0404011802, 2930.4286, 2922.8571, 757.6600, 18.1512
2025-12-11 05:17:24, 0.1493509440, 0.1651179587, 0.0660702685, 0.0628117652, 2803.4872, 2843.3590, 758.9950, 18.5247
2025-12-11 05:17:30, 0.1408881395, 0.1261679737, 0.0632376544, 0.0625858386, 2780.6429, 2829.6667, 758.1800, 20.6908
2025-12-11 05:17:36, 0.1542092903, 0.1392252379, 0.0656036024, 0.0535608173, 2887.1698, 2800.8113, 754.4600, 19.1908
2025-12-11 05:17:42, 0.1256317528, 0.1147927965, 0.0605943249, 0.0584060862, 2628.5957, 2779.2766, 758.2350, 20.7870
2025-12-11 05:17:48, 0.1637629320, 0.1346263179, 0.0785568884, 0.0540838976, 2674.1081, 2684.5135, 756.3300, 19.5070
2025-12-11 05:17:54, 0.1300608592, 0.1176882278, 0.0866911656, 0.0641291966, 2676.2500, 2794.7500, 758.4050, 18.7131
2025-12-11 05:17:59, 0.1457768563, 0.1166440029, 0.0711932966, 0.0550733561, 2821.8269, 2942.4423, 755.1550, 19.1667
2025-12-11 05:18:05, 0.1297720503, 0.1191374364, 0.0586969801, 0.0604775246, 2781.2121, 2852.1364, 756.6500, 19.9917
2025-12-11 05:18:11, 0.2078673540, 0.1626933242, 0.0968937089, 0.0805205951, 3073.6364, 3037.3636, 755.7950, 19.1792
2025-12-11 05:18:16, 0.1286222405, 0.1347485566, 0.0692503982, 0.0587918313, 3115.7838, 3075.6757, 754.1100, 17.0208
2025-12-11 05:18:22, 0.1532264139, 0.1482765039, 0.0902230197, 0.1061043488, 2659.1875, 2806.0417, 757.6250, 17.9587
2025-12-11 05:18:28, 0.1883162410, 0.1084596435, 0.1630347719, 0.1447806014, 3087.5424, 3197.6949, 755.5650, 18.4238
2025-12-11 05:18:34, 0.1120792711, 0.0849577424, 0.0717510713, 0.0840144007, 2545.1957, 2631.5870, 751.4400, 17.9660
2025-12-11 05:18:39, 0.1363120067, 0.1081408090, 0.0900562505, 0.0944575065, 2860.1111, 2949.1556, 750.7850, 18.8430
2025-12-11 05:18:45, 0.1001198438, 0.0734586635, 0.0892221077, 0.0763001041, 2878.8571, 2910.7619, 754.2450, 20.0144
2025-12-11 05:18:51, 0.1327123422, 0.0920275583, 0.1424427737, 0.1283798208, 2986.7500, 2976.5625, 751.5650, 17.0031
2025-12-11 05:18:56, 0.1221326292, 0.1433100084, 0.1055927001, 0.1197148012, 2753.4524, 2826.5952, 750.7400, 16.5784
2025-12-11 05:19:02, 0.0857929651, 0.0849933369, 0.0549579314, 0.0864262682, 2832.7778, 2949.0556, 747.6350, 17.7511
2025-12-11 05:19:08, 0.0989539774, 0.1065096895, 0.0684553835, 0.0634686240, 2974.9492, 2978.3220, 750.5500, 19.8080
2025-12-11 05:19:14, 0.1335760192, 0.1204867660, 0.1116825476, 0.0757531653, 3122.8182, 3107.9318, 751.3000, 17.2754
2025-12-11 05:19:20, 0.1204981061, 0.1265996804, 0.1111726852, 0.0992893420, 3093.7727, 3063.2500, 753.7450, 20.1586
2025-12-11 05:19:25, 0.0856067479, 0.0982201750, 0.1203131645, 0.0923447371, 2635.5424, 2798.2203, 749.7550, 21.2402
2025-12-11 05:19:31, 0.1058729400, 0.1122687880, 0.0808081408, 0.0853510743, 2746.3878, 2838.0204, 755.4350, 20.2459
2025-12-11 05:19:37, 0.1123800626, 0.1057318400, 0.1346994366, 0.1080412583, 3020.4231, 3088.0769, 751.9800, 20.9158
2025-12-11 05:19:42, 0.0827112027, 0.0794073516, 0.1001070130, 0.1123394289, 2666.9184, 2692.9796, 753.6450, 21.3328
2025-12-11 05:19:48, 0.0723961381, 0.0504463411, 0.1289724442, 0.1038756147, 3026.2632, 2837.1053, 750.9850, 20.6346
2025-12-11 05:19:54, 0.0630711282, 0.0666305223, 0.0674854045, 0.0683688664, 2844.1897, 2837.5862, 756.2200, 20.9812
2025-12-11 05:20:00, 0.0602538507, 0.0585490969, 0.0823500286, 0.0909094556, 2565.8936, 2592.8936, 751.8700, 20.5772
2025-12-11 05:20:05, 0.0951717848, 0.1025630090, 0.1328047991, 0.1333921305, 2685.9167, 2670.3056, 754.4500, 21.8680
2025-12-11 05:20:11, 0.0685844262, 0.1002741370, 0.1158629375, 0.1135887042, 2690.6731, 2855.6538, 754.5000, 20.1824
2025-12-11 05:20:17, 0.1074513425, 0.0871078142, 0.0526119307, 0.0579123521, 2638.2333, 2725.9667, 755.4400, 23.3713
2025-12-11 05:20:22, 0.0862148731, 0.0678665401, 0.0573843984, 0.0592336581, 2980.5806, 2951.2903, 751.3500, 17.2913
2025-12-11 05:20:28, 0.0944461032, 0.0937186964, 0.0715676677, 0.0753426147, 2715.9362, 2717.2340, 752.5450, 17.2197
2025-12-11 05:20:34, 0.0854875940, 0.0779311034, 0.0858303239, 0.0763224461, 2452.0000, 2519.3265, 752.3200, 17.3879
2025-12-11 05:20:50, 0.0877533498, 0.0744175293, 0.0622278247, 0.0534405872, 1523.1803, 1516.7213, 749.6350, 20.4747
2025-12-11 05:20:56, 0.0926845838, 0.1056574773, 0.0308899179, 0.0298022230, 1593.0000, 1613.0000, 752.4200, 18.7831
2025-12-11 05:21:01, 0.1224322345, 0.1119417986, 0.0293861431, 0.0269929807, 1369.7885, 1387.1731, 754.3050, 16.5448
2025-12-11 05:21:07, 0.1115164494, 0.1094349783, 0.0184640818, 0.0208200580, 1331.9155, 1345.5915, 751.3650, 19.0263
2025-12-11 05:21:13, 0.1119880227, 0.0924830967, 0.0258392482, 0.0236965412, 1501.0172, 1480.6034, 758.5400, 20.9468
2025-12-11 05:21:18, 0.0801599451, 0.0928915850, 0.0298733482, 0.0393227040, 1568.6957, 1579.7609, 757.8350, 19.6550
2025-12-11 05:21:24, 0.1193890252, 0.0847125840, 0.0347883501, 0.0349876279, 1508.6333, 1526.3500, 752.2350, 16.3796
2025-12-11 05:21:30, 0.1255641090, 0.1374810598, 0.0228490230, 0.0280476017, 1461.5606, 1483.7576, 757.0250, 18.0262
2025-12-11 05:21:36, 0.1131150934, 0.1352654020, 0.0391947582, 0.0359224480, 1408.3818, 1420.7818, 758.3900, 19.6203
2025-12-11 05:21:41, 0.1205614521, 0.0957591496, 0.0360249931, 0.0271370533, 1376.7931, 1368.0517, 758.2100, 17.9529
2025-12-11 05:21:47, 0.1181395808, 0.1355265946, 0.0413792359, 0.0498257720, 1551.6140, 1542.9649, 756.6600, 19.1910
2025-12-11 05:21:53, 0.0960229439, 0.1162623110, 0.0600018505, 0.0462800345, 1623.9153, 1564.9153, 751.6950, 17.6607
2025-12-11 05:21:59, 0.1282021675, 0.1043021409, 0.0508144946, 0.0424171246, 1817.4576, 1883.5254, 756.8850, 17.9864
2025-12-11 05:22:04, 0.1073129876, 0.1461749042, 0.0377799349, 0.0402972597, 1678.3913, 1745.6739, 750.1850, 19.0633
2025-12-11 05:22:10, 0.1268413289, 0.1055885111, 0.0566100864, 0.0574324454, 1899.7818, 1908.6545, 751.0050, 20.5688
2025-12-11 05:22:16, 0.1148400013, 0.0887601932, 0.0701687690, 0.0528936289, 1754.4559, 1701.7206, 746.9850, 17.8290
2025-12-11 05:22:21, 0.1201172921, 0.1157601285, 0.0656770402, 0.0618617723, 1909.0000, 1918.5128, 749.4200, 19.4256
2025-12-11 05:22:27, 0.1980127033, 0.1766977112, 0.0573788530, 0.0664804324, 1821.9512, 1833.6098, 750.8150, 18.8855
2025-12-11 05:22:33, 0.1657270640, 0.1611545610, 0.0348031734, 0.0343499264, 1754.3871, 1754.4032, 750.5600, 17.4973
2025-12-11 05:22:39, 0.1246306243, 0.1254585875, 0.0336587226, 0.0392480775, 1692.8548, 1664.7097, 748.6350, 18.9982
2025-12-11 05:22:45, 0.1015959976, 0.1264321716, 0.0447723283, 0.0372125505, 1655.4375, 1673.4792, 750.4350, 17.9303
2025-12-11 05:22:50, 0.1560288626, 0.1270268404, 0.0475179656, 0.0394128358, 1484.5532, 1461.3404, 750.6750, 19.3435
2025-12-11 05:22:56, 0.1445274991, 0.1311739499, 0.0438725463, 0.0269104943, 1396.6481, 1407.1296, 750.2400, 18.6454
2025-12-11 05:23:02, 0.1468695358, 0.1652632839, 0.0327998012, 0.0301560060, 1250.2258, 1254.4677, 753.1750, 20.0648
2025-12-11 05:23:08, 0.1216444486, 0.0999398700, 0.0145691346, 0.0113810531, 1120.0000, 1120.8806, 749.8700, 19.3167
2025-12-11 05:23:13, 0.0831808727, 0.0950706890, 0.0237887978, 0.0195631658, 1094.3182, 1081.0909, 748.0900, 17.0256
2025-12-11 05:23:19, 0.1265619036, 0.1318735737, 0.0147480733, 0.0172685250, 1071.3151, 1090.0822, 744.6900, 18.8919
2025-12-11 05:23:25, 0.0983513527, 0.1305421166, 0.0170358968, 0.0148881606, 1122.2195, 1123.0244, 745.5250, 17.8690
2025-12-11 05:23:31, 0.1989594366, 0.1174514297, 0.0380968520, 0.0399612484, 1403.3409, 1384.9545, 748.0950, 18.9949
2025-12-11 05:23:36, 0.1116295136, 0.1116374573, 0.0327101026, 0.0286869723, 1343.8267, 1360.0400, 746.4100, 17.9645
2025-12-11 05:23:42, 0.1237439006, 0.1115899013, 0.0326200479, 0.0320312402, 1570.9767, 1617.1163, 746.5700, 18.8320
2025-12-11 05:23:48, 0.1253439946, 0.1254915935, 0.0367749336, 0.0378394869, 1681.0185, 1685.6296, 751.8250, 17.2862
2025-12-11 05:23:53, 0.1150252754, 0.0951072552, 0.0353919993, 0.0405970323, 1817.6905, 1858.6429, 748.8400, 17.2327
2025-12-11 05:23:59, 0.1112258003, 0.1097388820, 0.0522570140, 0.0419007994, 1748.0625, 1732.2500, 750.9200, 18.7682
2025-12-11 05:24:05, 0.0886060149, 0.0828962193, 0.0627082725, 0.0503093137, 1796.7826, 1782.1087, 752.3200, 16.1675
2025-12-11 05:24:11, 0.0779144723, 0.0985858187, 0.0485133495, 0.0492955997, 2053.5000, 2041.7586, 750.0500, 17.2860
2025-12-11 05:24:17, 0.1517416700, 0.1134688538, 0.0681443160, 0.0524823434, 2006.2143, 1991.3714, 751.8650, 18.8265
2025-12-11 05:24:22, 0.1372227021, 0.1089318026, 0.0807403788, 0.0807727562, 1678.6341, 1681.2683, 751.5250, 17.6785
2025-12-11 05:24:28, 0.1277731573, 0.0983661459, 0.0415758689, 0.0384743616, 1639.1633, 1663.1837, 754.4900, 19.4240
2025-12-11 05:24:34, 0.1071660430, 0.0934628396, 0.0246994787, 0.0336373965, 1434.5926, 1441.8704, 759.4500, 18.7400
2025-12-11 05:24:40, 0.0903739086, 0.0786752024, 0.0339805563, 0.0251882151, 1469.6479, 1439.7324, 758.1400, 19.1178
2025-12-11 05:24:46, 0.0897141059, 0.0682465203, 0.0598658350, 0.0469948221, 1779.7458, 1728.7458, 754.3650, 16.9018
2025-12-11 05:24:52, 0.1179949317, 0.0847484758, 0.0448329630, 0.0309179508, 1794.7234, 1843.8298, 758.1550, 18.6984
2025-12-11 05:24:57, 0.1028749049, 0.0867292153, 0.0602858147, 0.0491303571, 1881.2000, 1838.9600, 757.7050, 18.7272
2025-12-11 05:25:03, 0.0769281570, 0.0765748851, 0.0153340213, 0.0144006900, 1364.5686, 1316.3922, 760.6000, 18.5704
2025-12-11 05:25:09, 0.0712624324, 0.0701388051, 0.0271346982, 0.0252433873, 1418.9403, 1395.5672, 754.7200, 19.0429
2025-12-11 05:25:15, 0.1019523800, 0.0940591003, 0.0276418650, 0.0290159201, 1498.2759, 1504.8793, 752.0950, 19.4955
2025-12-11 05:25:21, 0.0936990952, 0.0899970551, 0.0423120967, 0.0330441788, 1576.7547, 1568.6792, 758.3500, 20.2375
2025-12-11 05:25:26, 0.0716998142, 0.0724166647, 0.0441530122, 0.0528215312, 1743.9077, 1729.3538, 749.1650, 20.0124
2025-12-11 05:25:32, 0.0789503987, 0.0766203556, 0.0586157772, 0.0537249259, 1969.7692, 2011.9615, 751.2100, 19.0362
2025-12-11 05:25:38, 0.1145172589, 0.1014778447, 0.0497291185, 0.0373712336, 1994.6429, 1994.7619, 751.3550, 18.4309
2025-12-11 05:25:44, 0.1461140805, 0.1005765400, 0.0813968465, 0.0562828694, 2076.5667, 2102.6667, 749.4800, 17.3663
2025-12-11 05:25:49, 0.0787423146, 0.0929415294, 0.0268506736, 0.0231375836, 1295.5075, 1270.0746, 751.9000, 18.4743
2025-12-11 05:25:55, 0.0901805431, 0.0912766989, 0.0179126691, 0.0218876728, 1223.1311, 1225.5082, 752.6900, 18.3421
2025-12-11 05:26:01, 0.1250493501, 0.1350967556, 0.0250284355, 0.0280457884, 1260.2698, 1268.9841, 749.2600, 17.5819
2025-12-11 05:26:07, 0.1596722815, 0.1449898634, 0.0385015687, 0.0421140227, 1532.2576, 1526.9394, 754.2900, 17.6577
2025-12-11 05:26:13, 0.1300635189, 0.1114580635, 0.0374119442, 0.0381056603, 1564.1017, 1540.5932, 753.5250, 19.1259
2025-12-11 05:26:19, 0.1369959831, 0.1327717175, 0.0569646806, 0.0488399412, 1748.6852, 1775.9259, 754.0900, 19.5510
2025-12-11 05:26:24, 0.1160691503, 0.1261775935, 0.0542510569, 0.0456958008, 1908.8500, 1938.4833, 752.8800, 19.6001
2025-12-11 05:26:30, 0.1156144082, 0.1066575756, 0.0648363902, 0.0550243700, 2101.0566, 2106.9057, 752.9900, 18.5954
2025-12-11 05:26:36, 0.1571239872, 0.1331329744, 0.0854755031, 0.0742977853, 2402.7907, 2401.2326, 755.2900, 18.7141
2025-12-11 05:26:41, 0.1608748204, 0.1798092618, 0.0747220769, 0.0663982992, 2631.4894, 2668.1915, 754.8350, 19.9251
2025-12-11 05:26:47, 0.1158187918, 0.1226853564, 0.0609945299, 0.0618824451, 2618.0000, 2640.4043, 752.1650, 19.5629
2025-12-11 05:26:53, 0.0842986421, 0.0983626651, 0.0569423440, 0.0369722408, 2797.1923, 2770.1731, 755.8450, 20.8749
2025-12-11 05:26:59, 0.0958121294, 0.0914015621, 0.0927065771, 0.0856679334, 2443.6304, 2494.3478, 753.9550, 19.4395
2025-12-11 05:27:05, 0.1576424860, 0.0970059571, 0.0612061664, 0.0691722044, 2671.3611, 2756.8611, 751.8200, 19.0236
2025-12-11 05:27:11, 0.1080387923, 0.1048643562, 0.1009813649, 0.0648936543, 2577.4688, 2672.3438, 756.2850, 19.0778
2025-12-11 05:27:17, 0.0997271300, 0.1055491352, 0.1012666446, 0.0768039428, 2613.5185, 2673.6667, 755.0250, 19.2134
2025-12-11 05:27:22, 0.1400869816, 0.0946799721, 0.0837294649, 0.0739957156, 2663.5676, 2683.0541, 751.0650, 20.0268
2025-12-11 05:27:28, 0.1168584365, 0.0635634187, 0.0735478410, 0.0716779219, 2482.7143, 2535.4524, 750.8250, 17.9205
2025-12-11 05:27:34, 0.1205029175, 0.1002140233, 0.1135191601, 0.0892497549, 2589.7368, 2628.2281, 755.7000, 18.5181
2025-12-11 05:27:39, 0.1307605131, 0.1134602232, 0.0822475723, 0.0600518650, 2586.4182, 2592.9273, 754.3200, 19.2085
2025-12-11 05:27:45, 0.0955579857, 0.1362372361, 0.0504513508, 0.0661425382, 2739.3111, 2940.0889, 753.8900, 20.0397
2025-12-11 05:27:51, 0.1020299451, 0.0772564305, 0.0528269081, 0.0512404631, 2498.4902, 2566.0000, 752.7900, 20.5921
2025-12-11 05:27:56, 0.0970352714, 0.1022149228, 0.0716000523, 0.0804271913, 2573.3774, 2637.1698, 753.9350, 19.3598
2025-12-11 05:28:02, 0.1427005853, 0.1263793131, 0.0933010866, 0.0859898563, 2667.4902, 2776.1569, 752.7850, 19.9246
2025-12-11 05:28:08, 0.1556705347, 0.0919657187, 0.1057034994, 0.0902901512, 2390.7500, 2527.3333, 754.1700, 19.1917
2025-12-11 05:28:14, 0.0884997602, 0.1118196762, 0.0882627312, 0.0577452760, 2521.9804, 2699.8039, 754.4150, 19.2167
2025-12-11 05:28:19, 0.0853341896, 0.1333821444, 0.1034343563, 0.0944191460, 2487.6316, 2566.3860, 755.6100, 19.6989
2025-12-11 05:28:25, 0.1631398963, 0.1275044141, 0.0844638311, 0.0912212872, 2589.3529, 2689.7647, 753.6700, 17.8312
2025-12-11 05:28:31, 0.1262734085, 0.1807228649, 0.1191375354, 0.1041167061, 2727.0000, 2802.3421, 754.0650, 20.2796
2025-12-11 05:28:36, 0.1442260424, 0.1234077871, 0.1113688667, 0.1067565778, 2832.2105, 2897.7719, 755.3100, 19.9540
2025-12-11 05:28:42, 0.1140917992, 0.1175776152, 0.0954665084, 0.0998855334, 2855.2593, 3060.9444, 759.6250, 19.2212
2025-12-11 05:28:48, 0.1113644345, 0.1223207733, 0.1488731361, 0.1190847395, 2612.8302, 2685.8113, 756.4800, 19.6731
2025-12-11 05:28:54, 0.1110779112, 0.1006683811, 0.0937828931, 0.1019785488, 2723.4630, 2950.6667, 758.3700, 19.5827
2025-12-11 05:29:00, 0.1289853343, 0.0947902810, 0.1126039762, 0.0954886979, 2752.0213, 2741.6809, 753.8700, 17.8506
2025-12-11 05:29:05, 0.1100641797, 0.1108412991, 0.0824355673, 0.0935283320, 2923.2667, 2979.3333, 758.7450, 17.3035
2025-12-11 05:29:11, 0.1489552504, 0.1298572081, 0.1048209444, 0.1213188453, 2907.5000, 3125.3056, 756.7700, 18.5240
2025-12-11 05:29:17, 0.1083483277, 0.1197608080, 0.0993068654, 0.0900604300, 3106.9200, 3267.0800, 756.3400, 17.5691
2025-12-11 05:29:23, 0.1641075852, 0.1082361393, 0.1302082814, 0.0808773918, 2928.9677, 2960.3548, 757.6150, 17.8596
2025-12-11 05:29:29, 0.1008578074, 0.0961820304, 0.0768653184, 0.0579022455, 2895.8909, 2868.5636, 758.9050, 20.1488
2025-12-11 05:29:34, 0.1097114418, 0.1159134062, 0.1238588219, 0.1234858467, 3148.3056, 3491.8333, 758.8400, 18.6784
2025-12-11 05:29:40, 0.0970045159, 0.1158989492, 0.1098473822, 0.1015383824, 2864.9111, 2860.8889, 749.5800, 18.0070
2025-12-11 05:29:46, 0.1091015254, 0.1104904532, 0.1175134677, 0.1144121041, 2801.8182, 2826.7818, 749.3950, 16.7284
2025-12-11 05:29:52, 0.1228062838, 0.1204407220, 0.1426802957, 0.1238456041, 2807.2586, 2951.2586, 752.0400, 19.2989
2025-12-11 05:29:58, 0.1251353146, 0.1237940152, 0.1103994066, 0.0889087972, 2783.2453, 3012.3396, 750.8800, 16.7112
2025-12-11 05:30:03, 0.0991101200, 0.0826096855, 0.0965975335, 0.1083021269, 2820.7500, 2964.6000, 753.3550, 18.1331
2025-12-11 05:30:09, 0.1735470813, 0.1047979052, 0.1376144391, 0.1518787703, 2868.2051, 3148.6923, 750.7550, 19.4899
2025-12-11 05:30:15, 0.0958232481, 0.1211669349, 0.1256421247, 0.1319796832, 3059.7843, 3290.7451, 753.1250, 19.2590
2025-12-11 05:30:21, 0.1379337601, 0.1078291451, 0.1059313266, 0.1007788250, 2877.8776, 2942.9388, 747.0050, 17.9609
2025-12-11 05:30:26, 0.1595007737, 0.1361295127, 0.0716764714, 0.0587751222, 2486.1333, 2669.3333, 749.9150, 18.3621
2025-12-11 05:30:32, 0.1330390834, 0.1232336221, 0.1417367506, 0.1164291424, 2903.7455, 2977.1818, 750.4800, 19.0258
2025-12-11 05:30:38, 0.1509087767, 0.1252492643, 0.1122573989, 0.1009462718, 2802.8254, 2876.6984, 750.1600, 17.4323
2025-12-11 05:30:44, 0.1259242074, 0.1042741362, 0.0838107399, 0.0931620627, 2859.3415, 3029.3171, 747.5100, 18.3842
2025-12-11 05:30:49, 0.1344636359, 0.1116446949, 0.1294948351, 0.1308206433, 2828.9828, 3037.8966, 748.3900, 18.4983
2025-12-11 05:30:55, 0.1137062651, 0.0993203053, 0.0721812510, 0.0609994343, 2711.2982, 2747.7544, 747.2750, 21.5135
2025-12-11 05:31:01, 0.1417467019, 0.1274166068, 0.0610632068, 0.0616908019, 2742.0833, 2814.0208, 752.6250, 18.0822
2025-12-11 05:31:06, 0.1507285996, 0.1157239845, 0.0795091555, 0.0654045762, 3091.4375, 2993.8594, 748.9900, 18.5332
2025-12-11 05:31:12, 0.1429151611, 0.1191778244, 0.1129746308, 0.1183043062, 3088.0816, 3107.3061, 750.4850, 19.8872
2025-12-11 05:31:18, 0.0997258545, 0.0974028835, 0.0787866814, 0.0770403360, 2620.9783, 2731.9130, 752.0400, 20.1903
2025-12-11 05:31:24, 0.1345351343, 0.1337036789, 0.0847226914, 0.0695168395, 2802.1053, 2904.1228, 747.7600, 19.8412
2025-12-11 05:31:30, 0.0768740990, 0.1244817420, 0.0877828861, 0.1031024264, 2554.4571, 2750.2286, 750.8900, 19.2296
2025-12-11 05:31:35, 0.0888825478, 0.0986045020, 0.0986945267, 0.0877560377, 2881.4200, 3026.4600, 749.5150, 19.2013
2025-12-11 05:31:41, 0.1101793160, 0.0794731242, 0.0522710313, 0.0701574269, 2760.6122, 2910.3673, 749.1250, 20.1020
2025-12-11 05:31:47, 0.1349290534, 0.1585476865, 0.0717699803, 0.0777978293, 2838.7556, 2898.0667, 747.0100, 20.3411
2025-12-11 05:31:52, 0.0984920073, 0.0929516504, 0.1469225251, 0.1008282033, 3241.7317, 3269.1463, 750.6750, 19.3639
2025-12-11 05:31:58, 0.0822025296, 0.0968677926, 0.1017935139, 0.0744745789, 2767.8214, 2788.8214, 748.4050, 20.3229
2025-12-11 05:32:04, 0.1561391934, 0.1176623834, 0.1570780058, 0.2031708026, 2600.9535, 2769.3023, 753.9500, 18.6488
2025-12-11 05:32:10, 0.1095813554, 0.1250853060, 0.1011521657, 0.0836511764, 2658.5800, 2752.7400, 751.7350, 19.2116
2025-12-11 05:32:15, 0.1403525616, 0.1012038934, 0.1053489904, 0.1008208181, 2866.1833, 3094.3500, 751.1950, 17.2348
2025-12-11 05:32:21, 0.1214229748, 0.1268272255, 0.1031893693, 0.1709716228, 2758.9556, 2816.6889, 755.3450, 17.9699
2025-12-11 05:32:27, 0.1576373323, 0.1196549802, 0.0946484110, 0.1000514993, 2586.2353, 2726.4706, 750.6200, 19.0036
2025-12-11 05:32:33, 0.1349808618, 0.1061715628, 0.0876523098, 0.0763058052, 2771.1600, 2779.7800, 753.2350, 18.8428
2025-12-11 05:32:39, 0.1245175000, 0.0809821966, 0.1175017187, 0.0777430840, 2864.5000, 2936.3864, 755.0250, 18.3868
2025-12-11 05:32:44, 0.1712189758, 0.0934769575, 0.0930631689, 0.0792484614, 2796.2941, 2938.4902, 753.8550, 19.2147
2025-12-11 05:32:50, 0.1536976960, 0.1288127643, 0.0678284805, 0.0931814303, 2764.1311, 2841.4262, 753.4900, 18.6590
2025-12-11 05:32:56, 0.1799521852, 0.1043328058, 0.0859177778, 0.0671105190, 2840.3538, 2917.6769, 757.0250, 17.7965
2025-12-11 05:33:02, 0.1166145683, 0.1192498336, 0.1038223093, 0.0756599133, 2734.4364, 2739.6000, 755.5300, 19.8909
2025-12-11 05:33:07, 0.1568029571, 0.1241327458, 0.0690257913, 0.0978532903, 2593.8627, 2697.0588, 756.7800, 17.3563
2025-12-11 05:33:13, 0.1749827045, 0.1450043635, 0.0768163489, 0.0733659041, 2986.3390, 3023.6610, 754.3100, 19.7688
2025-12-11 05:33:19, 0.1354165781, 0.1033256412, 0.0577032381, 0.0548979608, 2714.4054, 2775.2432, 750.2800, 17.8713
2025-12-11 05:33:25, 0.1329374312, 0.0953173399, 0.1405119287, 0.1732869414, 3160.8372, 3369.5116, 753.6250, 17.8130
2025-12-11 05:33:31, 0.1677240684, 0.1088610720, 0.1333864011, 0.1431332093, 2563.2051, 2665.0769, 751.5250, 18.3853
2025-12-11 05:33:36, 0.1268224826, 0.1433895778, 0.0795950280, 0.0759555352, 2881.2979, 2914.0638, 750.9250, 16.8342
2025-12-11 05:33:42, 0.1970141089, 0.1187854467, 0.1825250928, 0.1689022168, 2698.3158, 2806.7105, 750.4800, 17.3948
2025-12-11 05:33:48, 0.1354038950, 0.1361322640, 0.0627575415, 0.0611296505, 2923.5263, 2971.5526, 750.6200, 17.6203
2025-12-11 05:33:53, 0.0946676102, 0.0955270171, 0.2229989995, 0.2461204831, 2635.9130, 2819.1087, 750.5950, 17.7065
2025-12-11 05:33:59, 0.1309681143, 0.0985804847, 0.1542516251, 0.1586292644, 2896.9130, 2998.5652, 752.3400, 19.6651
2025-12-11 05:34:05, 0.1428430653, 0.1324313471, 0.0885548881, 0.0880082828, 2886.5556, 2930.9167, 752.1100, 17.4825
2025-12-11 05:34:11, 0.1433216825, 0.1226643210, 0.1181008376, 0.1122183327, 2682.1282, 2710.1538, 751.6850, 18.6028
2025-12-11 05:34:17, 0.2000616342, 0.1038530387, 0.1251509290, 0.1324032059, 2831.3273, 2866.0727, 752.2500, 19.9386
2025-12-11 05:34:22, 0.1717720941, 0.1478490903, 0.0990715005, 0.0854972771, 3015.6341, 3212.0488, 749.9900, 18.3625
2025-12-11 05:34:28, 0.1143430235, 0.1147561594, 0.1562142535, 0.1106364489, 2709.2264, 2700.9057, 751.7400, 19.0169
2025-12-11 05:34:34, 0.1191295273, 0.1013323392, 0.1150640589, 0.1091249409, 2739.2549, 2963.7255, 752.9100, 21.3764
2025-12-11 05:34:40, 0.1087741791, 0.1075767212, 0.0944564389, 0.0994650812, 2905.9286, 3085.7857, 753.5850, 17.9386
2025-12-11 05:34:45, 0.1725626414, 0.1395893640, 0.1114371868, 0.1298047388, 2602.2128, 2816.3191, 750.9450, 19.6406
2025-12-11 05:34:51, 0.1582088456, 0.1225495456, 0.1556134688, 0.1106925500, 2822.1800, 2934.6400, 752.1150, 18.7369
2025-12-11 05:34:57, 0.1350693587, 0.1457323793, 0.1780067989, 0.1614214147, 3054.3958, 3041.2708, 747.4950, 20.5998
2025-12-11 05:35:03, 0.1215365380, 0.1697160257, 0.1497103715, 0.1256979168, 3043.7561, 3149.1707, 752.1400, 20.2576
2025-12-11 05:35:08, 0.1548348436, 0.1125769586, 0.1258575188, 0.1775111462, 2426.9500, 2606.6750, 749.4150, 19.3451
2025-12-11 05:35:14, 0.0976528658, 0.1412141559, 0.1755360069, 0.1726222708, 2756.3800, 2830.2000, 749.1000, 19.7368
2025-12-11 05:35:20, 0.0966076604, 0.1351137108, 0.1277217488, 0.1282821714, 2251.8108, 2332.6216, 749.6150, 18.3174
2025-12-11 05:35:26, 0.1270067410, 0.1088939767, 0.1488725657, 0.1080606277, 2857.8478, 2843.5217, 749.9100, 19.4554
2025-12-11 05:35:31, 0.1233953305, 0.1076818608, 0.1288123705, 0.1368968674, 3008.3188, 3200.2899, 753.0450, 17.7142
2025-12-11 05:35:37, 0.1087216741, 0.1540660883, 0.1574049384, 0.1692731960, 3070.3125, 3171.9167, 751.6150, 18.4785
2025-12-11 05:35:43, 0.1601435966, 0.1561892336, 0.1689004287, 0.1469445222, 3026.9091, 3123.9773, 751.0850, 18.0277
2025-12-11 05:35:49, 0.1113364221, 0.1156730936, 0.1816552360, 0.1230803389, 2773.7258, 2780.9839, 752.9250, 18.9502
2025-12-11 05:35:54, 0.1297177064, 0.1350740945, 0.1621349660, 0.1482418693, 2763.3043, 2868.3478, 748.6850, 18.6710
2025-12-11 05:36:00, 0.1387199018, 0.1479907802, 0.2547022227, 0.2262189198, 2908.7045, 3011.3409, 748.3150, 19.4807
2025-12-11 05:36:06, 0.1383327696, 0.1271754347, 0.1173883841, 0.1440379446, 2780.5455, 2909.9636, 755.4150, 18.8929
2025-12-11 05:36:12, 0.1752892258, 0.1204873788, 0.1092279188, 0.1038850005, 2873.7872, 2917.3617, 756.8800, 19.5278
2025-12-11 05:36:18, 0.1300662985, 0.1206448791, 0.1009669229, 0.0821281753, 3076.8519, 3220.7407, 756.3900, 18.6935
2025-12-11 05:36:24, 0.1502911931, 0.1137581311, 0.0683324990, 0.0848062864, 2801.4151, 2989.8868, 754.9850, 20.1736
2025-12-11 05:36:29, 0.1557823525, 0.1184158239, 0.2064756185, 0.1666150119, 2723.6780, 2770.4746, 757.8450, 21.4553
2025-12-11 05:36:35, 0.2205399445, 0.1419553867, 0.0715383349, 0.0688733140, 2599.7250, 2760.4000, 758.3250, 21.5037
2025-12-11 05:36:41, 0.2142695695, 0.1226742636, 0.1139336493, 0.0842915773, 2824.7736, 2790.4717, 756.4950, 18.1670
2025-12-11 05:36:47, 0.1679737778, 0.1409090661, 0.1857531598, 0.2275106944, 2766.1639, 2932.7213, 752.9100, 21.5569
2025-12-11 05:36:52, 0.0914099117, 0.1180718295, 0.3757568734, 0.2963071699, 2871.4103, 2945.2564, 757.8250, 19.7047
2025-12-11 05:36:58, 0.1530172337, 0.1502097335, 0.1758161532, 0.1363378941, 2737.4390, 2860.8293, 758.6500, 21.3539
2025-12-11 05:37:04, 0.1906460114, 0.1201312293, 0.0453312239, 0.0438528969, 2495.1786, 2527.7857, 757.8550, 19.8372
2025-12-11 05:37:10, 0.1663599914, 0.1315893186, 0.1520841360, 0.1094689013, 3069.6364, 3057.1636, 756.3850, 21.6503
2025-12-11 05:37:15, 0.2311694358, 0.1811918556, 0.0893766033, 0.0694689955, 2865.9474, 2933.0789, 758.6600, 19.6292
2025-12-11 05:37:21, 0.2059203128, 0.1706429525, 0.1458788928, 0.0993301470, 3090.0345, 2971.0000, 758.9200, 22.5181
2025-12-11 05:37:27, 0.1633624376, 0.1433005005, 0.1393676941, 0.1163399455, 2979.9556, 3133.8222, 755.7150, 22.7474
2025-12-11 05:37:32, 0.1262039547, 0.1600901948, 0.1322899619, 0.1030314553, 2860.2414, 2958.4483, 756.0800, 22.8340
2025-12-11 05:37:38, 0.2001879367, 0.1384998054, 0.0858223884, 0.0879537435, 3050.0976, 3117.4390, 756.9600, 20.5873
2025-12-11 05:37:44, 0.1843992338, 0.1270967287, 0.1297117288, 0.1317203719, 2917.2917, 2893.0972, 753.2700, 19.9914
2025-12-11 05:37:50, 0.1883874775, 0.1768812848, 0.0888829003, 0.0979961516, 2582.9355, 2798.0323, 754.2400, 18.1423
2025-12-11 05:37:55, 0.1887002404, 0.1969733231, 0.0649795799, 0.0870378134, 2648.8095, 2743.8810, 755.0300, 19.4843
2025-12-11 05:38:01, 0.1645156056, 0.1431566619, 0.0612667951, 0.0593587643, 3202.7763, 3126.2895, 753.8250, 20.2009
2025-12-11 05:38:07, 0.1582649510, 0.1309576703, 0.0592791032, 0.0679304423, 2771.2174, 2860.8913, 753.3650, 19.7031
2025-12-11 05:38:13, 0.1375456364, 0.1351000410, 0.0599320863, 0.0630653639, 2598.4722, 2674.1667, 754.8350, 20.8172
2025-12-11 05:38:19, 0.1656101759, 0.1445672733, 0.0487988258, 0.0477708589, 3020.8205, 2930.8462, 753.3450, 20.3845
2025-12-11 05:38:24, 0.1937526452, 0.1772704436, 0.0519311627, 0.0528964665, 2735.3778, 2821.3111, 749.2000, 18.6003
2025-12-11 05:38:30, 0.1524053660, 0.1369990769, 0.0676046905, 0.0714574084, 2936.5000, 2959.9118, 747.0300, 19.0625
2025-12-11 05:38:36, 0.1329979389, 0.1147113570, 0.0734609103, 0.0954522723, 3044.8409, 3148.4318, 743.6700, 16.3331
2025-12-11 05:38:41, 0.1242571614, 0.1040176319, 0.0710383906, 0.0628166204, 2567.0714, 2675.8750, 749.1250, 16.3664
2025-12-11 05:38:47, 0.1873018891, 0.2074829543, 0.0637323703, 0.0522462660, 2950.0000, 3024.7143, 746.1900, 18.0536
2025-12-11 05:38:53, 0.1791362810, 0.1251988683, 0.0421538888, 0.0397806981, 2860.5758, 2793.5152, 748.1250, 18.9668
2025-12-11 05:38:59, 0.1046697338, 0.1208570589, 0.0920029842, 0.0733631191, 2940.3725, 2971.7647, 744.4450, 19.0425
2025-12-11 05:39:04, 0.1759658422, 0.1112771559, 0.0856891779, 0.0548634068, 2798.7045, 2903.2500, 741.3750, 18.4655
2025-12-11 05:39:10, 0.1336779282, 0.1760815456, 0.0816860001, 0.0932183798, 2599.6774, 2793.5806, 745.6700, 19.1927
2025-12-11 05:39:16, 0.1273534709, 0.1365858564, 0.0768127818, 0.0599149585, 2744.4762, 2729.7619, 741.8350, 19.5790
2025-12-11 05:39:21, 0.1362528215, 0.1123135787, 0.0959555023, 0.0903098185, 3074.6222, 3187.6000, 741.2050, 17.0242
2025-12-11 05:39:27, 0.1014611651, 0.0830331772, 0.1290382602, 0.1226425346, 3074.8333, 3210.4000, 741.7600, 17.5081
2025-12-11 05:39:33, 0.1269299350, 0.1104652449, 0.0497878674, 0.0353809908, 2884.8214, 2860.6071, 742.7350, 18.8729
2025-12-11 05:39:38, 0.1312470097, 0.1161676397, 0.0772245274, 0.0792414813, 2829.7755, 2979.3673, 740.4400, 17.5173
2025-12-11 05:39:44, 0.1252992696, 0.1164051373, 0.1259033601, 0.0875064423, 2702.5217, 2732.3043, 739.5200, 17.8449
2025-12-11 05:39:50, 0.1532730076, 0.1422226886, 0.0648328319, 0.0657454517, 3269.5357, 3275.5000, 741.0000, 17.2931
2025-12-11 05:39:56, 0.1748807974, 0.1441569004, 0.0826679464, 0.0626917822, 2864.0000, 2802.8971, 738.3650, 18.1128
2025-12-11 05:40:02, 0.1076388466, 0.1290053325, 0.0797399245, 0.0626363563, 2987.6296, 2897.2222, 737.7300, 18.7197
2025-12-11 05:40:07, 0.1163570890, 0.2115119009, 0.0658085843, 0.0669935796, 3042.6765, 3150.9118, 738.1150, 18.1337
2025-12-11 05:40:13, 0.1602415003, 0.1075266780, 0.0676060111, 0.0566420195, 2812.5417, 2944.1250, 737.0600, 17.1562
2025-12-11 05:40:19, 0.2070287395, 0.1073346781, 0.0499397363, 0.0387679118, 2951.0222, 2913.8889, 739.5650, 17.6586
2025-12-11 05:40:25, 0.1441367467, 0.2209238147, 0.0828281840, 0.0657788201, 2963.1351, 3018.2162, 746.6950, 19.3482
2025-12-11 05:40:30, 0.1546037375, 0.1092237739, 0.0852822828, 0.0705304364, 2964.0968, 2900.5645, 741.4350, 17.6501
2025-12-11 05:40:36, 0.1371773559, 0.0959869467, 0.0775762947, 0.0665677588, 2860.0500, 2940.6667, 741.8600, 19.5811
2025-12-11 05:40:42, 0.1259429842, 0.1384415945, 0.0617034419, 0.0612712690, 2730.8286, 2792.4000, 748.1450, 18.7220
2025-12-11 05:40:47, 0.1031483320, 0.1256427099, 0.0632513810, 0.0538095555, 2786.0217, 2863.9130, 743.9050, 17.9350
2025-12-11 05:40:54, 0.2056719980, 0.1301369957, 0.0752385874, 0.0563008477, 2864.3443, 2863.5410, 746.0000, 16.3677
2025-12-11 05:41:00, 0.1638854062, 0.1817448618, 0.0878089206, 0.0766265713, 3310.0513, 3322.8974, 743.2400, 18.4903
2025-12-11 05:41:06, 0.1553882955, 0.1532252669, 0.0845928270, 0.1060885994, 2595.2162, 2755.1351, 743.6250, 17.2883
2025-12-11 05:41:12, 0.1938377228, 0.1426816634, 0.1129238143, 0.0805728143, 3158.3438, 3214.0156, 743.1800, 19.2005
2025-12-11 05:41:17, 0.1279037734, 0.1328731707, 0.1376930685, 0.0922726904, 2851.5909, 2772.1136, 751.2300, 18.3379
2025-12-11 05:41:23, 0.0847823774, 0.1743633270, 0.0638206639, 0.0656227203, 2867.6176, 2845.6176, 747.9900, 18.0873
2025-12-11 05:41:29, 0.0018969661, 0.0007698657, 0.0499509664, 0.0371234904, 688.9000, 688.1000, 747.7900, 19.3674
