timestamp_UT, r0_L, r0_T, scint_L, scint_R, mean_counts_L, mean_counts_R, bg_flux_mean, bg_flux_std
2025-12-01 18:07:58, 0.0908570171, 0.0783141591, 0.1388844966, 0.1150751572, 2612.8696, 2428.1087, 772.1450, 20.9202
2025-12-01 18:08:04, 0.0668950890, 0.0608002919, 0.2757016002, 0.2651070460, 2752.2549, 2714.0980, 771.9650, 20.1942
2025-12-01 18:08:09, 0.0539706135, 0.0534382927, 0.2465691805, 0.1935052922, 2394.9508, 2432.5410, 771.1950, 21.4118
2025-12-01 18:08:15, 0.1012374507, 0.1023704371, 0.1964834372, 0.1699031662, 3249.5333, 3074.9500, 774.6150, 17.9757
2025-12-01 18:08:21, 0.0822623954, 0.1039512089, 0.1902196984, 0.1649831433, 2995.4118, 2968.2059, 771.2900, 20.7843
2025-12-01 18:08:27, 0.0806616379, 0.0748001825, 0.1613350182, 0.1414908408, 2832.3333, 2702.3571, 766.9750, 20.1202
2025-12-01 18:08:32, 0.0437610242, 0.0688905753, 0.1824137937, 0.1695707905, 2796.1250, 2699.0536, 758.7800, 18.3385
2025-12-01 18:08:38, 0.0506622838, 0.0536674760, 0.2015724897, 0.1884553552, 2713.3478, 2841.3696, 756.9600, 16.9897
2025-12-01 18:08:44, 0.0686334313, 0.0801683263, 0.2451150960, 0.3526634407, 2809.4545, 2923.8000, 753.7000, 17.0176
2025-12-01 18:08:50, 0.0964613350, 0.0900661183, 0.2203028453, 0.2522091103, 2665.8421, 2594.1842, 760.5650, 16.9975
2025-12-01 18:08:55, 0.0950972666, 0.0913317955, 0.2792632993, 0.2375699830, 3156.3462, 3030.4038, 760.4250, 17.6956
2025-12-01 18:09:01, 0.0770313945, 0.0867495312, 0.2501126707, 0.2938490329, 2836.5122, 2776.1220, 759.3350, 18.4552
2025-12-01 18:09:07, 0.0501560841, 0.0643585824, 0.2317097331, 0.1671846735, 2604.7838, 2511.8378, 758.4400, 16.8801
2025-12-01 18:09:13, 0.0517075415, 0.0447558632, 0.3141626394, 0.2775976086, 2851.1296, 2781.4630, 758.1350, 18.1702
2025-12-01 18:09:19, 0.0545906377, 0.0643287878, 0.2387219156, 0.2454260662, 2852.4043, 2784.2766, 758.4600, 17.7763
2025-12-01 18:09:24, 0.0857347684, 0.0851582371, 0.2076352161, 0.1898349368, 2409.4167, 2323.9167, 761.0850, 19.2955
2025-12-01 18:09:30, 0.0592579652, 0.0456111102, 0.3274862249, 0.2681695689, 2768.6957, 2715.9130, 765.9950, 20.5001
2025-12-01 18:09:36, 0.0511933704, 0.0651025594, 0.1885661836, 0.1641778243, 2702.1860, 2640.1395, 766.9150, 17.3928
2025-12-01 18:09:42, 0.0420100864, 0.0339063240, 0.1928983188, 0.1563516674, 2496.8293, 2217.2927, 766.4600, 17.3210
2025-12-01 18:09:48, 0.0456120509, 0.0593923307, 0.2039870175, 0.2166468855, 2343.0833, 2383.2708, 766.4550, 17.7780
2025-12-01 18:09:53, 0.0501927608, 0.0418062877, 0.4002481693, 0.3608256416, 2979.9259, 2857.9630, 762.0850, 18.3594
2025-12-01 18:09:59, 0.0576466545, 0.0485721712, 0.1807525562, 0.2009802639, 2658.5738, 2454.2951, 760.3900, 18.2038
2025-12-01 18:10:05, 0.0582053581, 0.0592621063, 0.2685903561, 0.3000043855, 2598.4800, 2581.4400, 761.5350, 19.5594
2025-12-01 18:10:11, 0.0536666064, 0.0458251458, 0.2645055968, 0.3830009419, 2444.7391, 2418.0870, 766.9650, 17.3091
2025-12-01 18:10:17, 0.0442784092, 0.0567923706, 0.2086634581, 0.2026858884, 2500.8085, 2416.7447, 764.3400, 20.0605
2025-12-01 18:10:22, 0.0535403169, 0.0422245811, 0.2207392112, 0.2397467026, 2488.4681, 2487.5319, 765.2000, 17.4508
2025-12-01 18:10:28, 0.0639985849, 0.0546453593, 0.2448964809, 0.2568570321, 2723.4706, 2809.2941, 765.1350, 19.0569
2025-12-01 18:10:34, 0.0643339595, 0.0572074288, 0.4838173505, 0.3226504032, 2674.7407, 2550.6852, 766.2300, 18.9089
2025-12-01 18:10:39, 0.0511478926, 0.0568163725, 0.3677680534, 0.3071595920, 2655.2500, 2441.3438, 767.1650, 17.6459
2025-12-01 18:10:45, 0.0603030883, 0.0479388575, 0.4693162667, 0.4517592359, 3235.3514, 3133.0000, 766.8850, 19.3104
2025-12-01 18:10:51, 0.0489280039, 0.0595076535, 0.2346988803, 0.2671932146, 2854.1304, 2788.6522, 769.7900, 17.1446
2025-12-01 18:10:57, 0.0655479961, 0.0712352850, 0.3344349641, 0.2525141248, 2550.5690, 2456.6034, 768.8850, 18.2940
2025-12-01 18:11:03, 0.0843575045, 0.1237558439, 0.1653186357, 0.1557856410, 2726.7391, 2691.3043, 764.4250, 18.0570
2025-12-01 18:11:09, 0.0527646775, 0.0698345387, 0.2832606162, 0.2223823148, 2582.1489, 2579.0851, 766.3850, 20.8244
2025-12-01 18:11:14, 0.0599861539, 0.0810217916, 0.3629785605, 0.2947657872, 2442.8298, 2332.9574, 765.4850, 17.9209
2025-12-01 18:11:21, 0.0781460119, 0.0800970773, 0.2726362899, 0.2385993112, 2631.0811, 2570.8108, 766.4600, 16.7065
2025-12-01 18:11:26, 0.0885493903, 0.0893858125, 0.1491502297, 0.1413197710, 3060.0000, 2987.2045, 766.0850, 17.2658
2025-12-01 18:11:32, 0.0628813862, 0.0588691918, 0.3921672523, 0.4169447142, 2652.9231, 2595.1538, 766.4250, 17.5475
2025-12-01 18:11:38, 0.0730399068, 0.0612560536, 0.3720832550, 0.3282628200, 2909.6964, 2860.7143, 765.4000, 16.8819
2025-12-01 18:11:44, 0.0495210947, 0.0583744991, 0.1848214571, 0.1346219033, 2521.7778, 2339.4074, 766.5050, 19.6611
2025-12-01 18:11:50, 0.0637986037, 0.0553743095, 0.2136672952, 0.2057407061, 2463.6957, 2500.3043, 768.8600, 18.8656
2025-12-01 18:11:55, 0.0898611131, 0.0807166222, 0.3689106871, 0.3053501933, 3151.1795, 3077.1538, 767.2700, 19.2870
2025-12-01 18:12:01, 0.0695379512, 0.0578204153, 0.2070302255, 0.2745834099, 2606.5091, 2683.0364, 770.5500, 18.7296
2025-12-01 18:12:07, 0.1025495103, 0.0984902755, 0.1590284761, 0.2047536873, 2618.7429, 2678.4000, 761.5650, 19.5876
2025-12-01 18:12:13, 0.0355869571, 0.0393621875, 0.2037142707, 0.1935033154, 2737.8269, 2670.9038, 763.3900, 18.5137
2025-12-01 18:12:19, 0.0403052817, 0.0611205882, 0.1636685315, 0.2137358644, 2507.5893, 2469.5357, 765.5250, 16.9443
2025-12-01 18:12:25, 0.0627451977, 0.0572056157, 0.2426313918, 0.1973502380, 2872.2241, 2707.8448, 765.1400, 19.8159
2025-12-01 18:12:30, 0.0691825935, 0.0652133567, 0.2864263133, 0.3526347462, 2817.0889, 2795.8667, 759.4100, 16.7661
2025-12-01 18:12:36, 0.0409479670, 0.0406997921, 0.4132769183, 0.3509875877, 2613.3333, 2438.4167, 767.8500, 18.0030
2025-12-01 18:12:42, 0.0342767146, 0.0340999876, 0.2729957957, 0.2781030159, 2539.2500, 2491.5694, 766.4200, 17.4457
2025-12-01 18:12:48, 0.0459894705, 0.0485243443, 0.2222796433, 0.1774999377, 2584.3393, 2470.4821, 763.5950, 18.8720
2025-12-01 18:12:53, 0.0303877633, 0.0488175830, 0.2726335549, 0.2209204302, 2953.6333, 2836.3333, 766.0550, 17.8707
2025-12-01 18:12:59, 0.0227653460, 0.0177639917, 0.2395145436, 0.1571999039, 2748.4035, 2433.5088, 761.0850, 20.0556
2025-12-01 18:13:05, 0.0187596838, 0.0225539090, 0.1728815460, 0.1863348323, 2719.4000, 2640.2500, 766.0700, 18.5614
2025-12-01 18:13:10, 0.0722053942, 0.0607990537, 0.2483432204, 0.2590237375, 2586.8750, 2572.9167, 762.1150, 19.3884
2025-12-01 18:13:16, 0.0551037227, 0.0401394042, 0.2579041045, 0.2483381038, 2574.5577, 2497.6346, 762.9000, 15.9057
2025-12-01 18:13:22, 0.0385949666, 0.0271720303, 0.2374008098, 0.2426387414, 3071.3710, 2829.1129, 763.1700, 19.7492
2025-12-01 18:13:28, 0.0366634310, 0.0277488225, 0.2345122040, 0.1695852633, 2797.3125, 2716.6406, 760.4250, 18.7049
2025-12-01 18:13:34, 0.0573824363, 0.0557210391, 0.2443191038, 0.2593876164, 2828.5094, 2885.3774, 761.3550, 16.6868
2025-12-01 18:13:39, 0.0416009511, 0.0431828116, 0.1643273220, 0.1740140314, 2556.1887, 2630.0189, 761.6600, 19.6493
2025-12-01 18:13:45, 0.0616416877, 0.0594597234, 0.2229146471, 0.1697195401, 2749.2143, 2612.1250, 761.3400, 17.9264
2025-12-01 18:13:51, 0.0596293164, 0.0491709455, 0.1306482136, 0.2282523436, 2508.9574, 2637.1064, 762.6700, 18.8234
2025-12-01 18:13:57, 0.0387659547, 0.0383227214, 0.2076854059, 0.2775944520, 2601.2000, 2560.5600, 763.3950, 17.7713
2025-12-01 18:14:03, 0.0550991357, 0.0568718867, 0.2009493370, 0.2001937256, 2869.3684, 2844.1930, 762.2400, 18.2341
2025-12-01 18:14:08, 0.0584945069, 0.0695789121, 0.2223916066, 0.2318424160, 2531.8824, 2497.3333, 762.7550, 17.1507
2025-12-01 18:14:14, 0.0822730123, 0.0687631417, 0.2227776616, 0.2241383952, 2944.6182, 2950.6727, 761.9850, 18.3353
2025-12-01 18:14:20, 0.0500487021, 0.0455314715, 0.1483553152, 0.1759437918, 2869.4706, 2875.4118, 762.2900, 17.1008
2025-12-01 18:14:26, 0.0480570044, 0.0385871420, 0.2067022020, 0.2073445851, 2554.3750, 2512.7917, 765.6100, 18.1846
2025-12-01 18:14:31, 0.0486528951, 0.0529809708, 0.4106902350, 0.2961576128, 2948.2105, 2824.9737, 762.6750, 18.0591
2025-12-01 18:14:37, 0.0388832793, 0.0400814939, 0.1878306410, 0.1779426771, 2446.6981, 2287.1887, 763.0850, 17.1321
2025-12-01 18:14:43, 0.0414179641, 0.0407797124, 0.1662993934, 0.1574798118, 2746.2344, 2730.4688, 762.9200, 17.5714
2025-12-01 18:14:49, 0.0458644065, 0.0507544122, 0.2043266960, 0.2226551963, 2929.5636, 2926.3636, 763.0850, 17.9237
2025-12-01 18:14:54, 0.0621223884, 0.0456596701, 0.1520026365, 0.1639785150, 2670.6140, 2602.4561, 763.5150, 16.6940
2025-12-01 18:15:00, 0.0400311402, 0.0392004755, 0.3251453387, 0.3376276468, 2980.5424, 2875.5763, 762.9650, 18.3680
2025-12-01 18:15:06, 0.0670176210, 0.0707362917, 0.2527561292, 0.1995587576, 3016.6512, 2918.5581, 763.4750, 17.3277
2025-12-01 18:15:12, 0.0568776414, 0.0741705380, 0.2888754416, 0.2716523733, 3066.0233, 2964.6279, 764.9850, 17.6246
2025-12-01 18:15:17, 0.0324059231, 0.0351008988, 0.1589161042, 0.1342553448, 2469.2222, 2384.8333, 764.0550, 16.5922
2025-12-01 18:15:23, 0.0707411750, 0.0746874276, 0.1403345520, 0.1541218974, 2437.8163, 2516.5510, 766.5550, 18.8631
2025-12-01 18:15:29, 0.0619136479, 0.0473983634, 0.1685694684, 0.2125870464, 2609.6667, 2696.3509, 762.4150, 17.2239
2025-12-01 18:15:35, 0.0603562045, 0.0599034568, 0.2831896034, 0.2457671506, 2604.2750, 2553.4000, 762.0750, 18.1345
2025-12-01 18:15:40, 0.1232430510, 0.0994762090, 0.1802771203, 0.1668148535, 2356.1000, 2349.2400, 768.5950, 17.1762
2025-12-01 18:15:46, 0.0487375115, 0.0389793988, 0.1841287588, 0.1652712894, 2690.0175, 2625.3860, 766.7400, 18.1084
2025-12-01 18:15:52, 0.0307492987, 0.0406793838, 0.3384386816, 0.3255202690, 2746.8448, 2706.9483, 766.9950, 16.5794
2025-12-01 18:15:57, 0.0587574397, 0.0614545699, 0.1834044861, 0.2292784479, 2733.4773, 2689.7273, 768.8200, 17.4499
2025-12-01 18:16:03, 0.0676330340, 0.0598739883, 0.2782884113, 0.2243908947, 2683.6458, 2623.8750, 764.7900, 16.8966
2025-12-01 18:16:09, 0.0332022365, 0.0370453112, 0.2314345722, 0.2132004097, 2868.4286, 2731.7500, 768.0250, 18.6476
2025-12-01 18:16:15, 0.0428624940, 0.0437655532, 0.2388594805, 0.2429136399, 2918.0426, 2930.4043, 760.5200, 18.0505
2025-12-01 18:16:20, 0.0306974631, 0.0306926569, 0.2854062062, 0.2846226396, 3127.9245, 2944.6792, 770.0550, 18.2316
2025-12-01 18:16:26, 0.0280529777, 0.0285811206, 0.2127994611, 0.1602741303, 2829.4286, 2745.7778, 768.2350, 18.3101
2025-12-01 18:16:32, 0.0415069636, 0.0503969326, 0.2221046983, 0.2344109456, 2978.0196, 2907.1373, 767.0100, 17.1283
2025-12-01 18:16:38, 0.0349043159, 0.0315309614, 0.2410873155, 0.2395930898, 2974.6071, 2779.8214, 767.1900, 16.8643
2025-12-01 18:16:44, 0.0465073461, 0.0489058545, 0.1981033884, 0.1537792366, 3017.1311, 2818.1148, 767.9200, 18.5842
2025-12-01 18:16:50, 0.0520768845, 0.0439162323, 0.1374313170, 0.2023328227, 2749.0000, 2817.3000, 769.8600, 19.4397
2025-12-01 18:16:55, 0.0497074647, 0.0442355589, 0.1474808806, 0.1037586845, 2846.2812, 2609.9375, 767.2600, 16.8402
2025-12-01 18:17:01, 0.0515799890, 0.0590837094, 0.1410791438, 0.1612594060, 2665.8654, 2674.0577, 766.2100, 20.2563
2025-12-01 18:17:13, 0.0336678431, 0.0389115934, 0.1949725197, 0.1347419140, 2976.6133, 2629.2933, 765.7350, 17.2946
2025-12-01 18:17:18, 0.0788944468, 0.0802798011, 0.1065744783, 0.1132118580, 2922.7963, 2832.9259, 767.4650, 18.2529
2025-12-01 18:17:24, 0.0577833678, 0.0445342964, 0.1577267240, 0.1617814391, 2721.1633, 2558.7143, 766.8150, 19.2089
2025-12-01 18:17:30, 0.0741316711, 0.0768952379, 0.2058140543, 0.1453940963, 3320.3704, 3067.3519, 764.2750, 18.9312
2025-12-01 18:17:36, 0.0410881199, 0.0437503609, 0.1045179146, 0.1118399158, 2639.4237, 2464.6271, 765.0250, 17.3232
2025-12-01 18:17:41, 0.0819896301, 0.0744766717, 0.1576714470, 0.1518478535, 2664.8200, 2563.2200, 764.7050, 18.5062
2025-12-01 18:17:48, 0.0572804721, 0.0696576908, 0.1237244362, 0.1052688460, 2953.1667, 2918.3148, 764.0200, 18.0981
2025-12-01 18:17:53, 0.0904954427, 0.1072838227, 0.1779341838, 0.1241165857, 2762.5439, 2716.2456, 766.4000, 17.3871
2025-12-01 18:17:59, 0.0538991346, 0.0577967452, 0.1294380787, 0.1361336425, 2777.7414, 2738.5172, 764.7200, 18.9032
2025-12-01 18:18:05, 0.0328462992, 0.0475377597, 0.1915255819, 0.1384658769, 3106.8113, 2945.0943, 766.4250, 17.4044
2025-12-01 18:18:10, 0.0608069859, 0.0714545517, 0.1702130336, 0.1855251457, 2613.1277, 2705.6809, 767.1350, 18.0121
2025-12-01 18:18:16, 0.0861152180, 0.0717183703, 0.1180811077, 0.1176029875, 3044.2800, 3022.3000, 767.5900, 18.6682
2025-12-01 18:18:22, 0.0450260753, 0.0471108380, 0.1109561057, 0.1032147963, 2907.8727, 2746.4909, 764.1300, 17.9043
2025-12-01 18:18:27, 0.0704859079, 0.0614394143, 0.0963663118, 0.0898426676, 2723.3529, 2773.8824, 759.8450, 18.4887
2025-12-01 18:18:34, 0.0410896644, 0.0423679394, 0.2216753658, 0.1670261916, 2934.4462, 2892.4615, 766.1700, 17.4835
2025-12-01 18:18:39, 0.0522933324, 0.0563114228, 0.2294142009, 0.1843747069, 2808.7083, 2710.0208, 765.6950, 18.1764
2025-12-01 18:18:45, 0.0616974984, 0.0624587216, 0.1687756125, 0.1247805606, 2667.3077, 2694.6538, 765.0400, 16.5354
2025-12-01 18:18:51, 0.0691692695, 0.0750896857, 0.1848525897, 0.1334879314, 3036.8644, 2916.0000, 762.9250, 18.8865
2025-12-01 18:18:57, 0.0765724320, 0.0464072944, 0.2743136995, 0.2606835658, 3003.6842, 2963.1053, 762.2900, 17.7746
2025-12-01 18:19:03, 0.0583585291, 0.0617748007, 0.1629326955, 0.1080200784, 2826.3111, 2624.6444, 761.2700, 19.0133
2025-12-01 18:19:08, 0.0570502590, 0.0660820939, 0.3128633496, 0.1928003355, 2845.2609, 2625.4565, 763.5150, 18.3494
2025-12-01 18:19:14, 0.0520666433, 0.0577415732, 0.1501867507, 0.1364867408, 2705.1064, 2771.1702, 762.1450, 20.1317
2025-12-01 18:19:20, 0.0635266853, 0.0610257326, 0.1811429418, 0.1451101411, 3054.6087, 3007.7609, 765.1900, 19.0080
2025-12-01 18:19:25, 0.1100298839, 0.0857638682, 0.2385117003, 0.2110098943, 3067.8491, 2990.7925, 764.0750, 18.0069
2025-12-01 18:19:31, 0.0805796853, 0.0805439906, 0.1141217570, 0.0757703525, 2792.6410, 2824.3333, 764.2650, 18.6442
2025-12-01 18:19:37, 0.0381512203, 0.0330688075, 0.2246412929, 0.2153192095, 2904.9259, 2610.3333, 763.7500, 19.1151
2025-12-01 18:19:43, 0.0343634581, 0.0285356244, 0.1616788634, 0.1414282495, 2832.2075, 2674.8679, 761.7450, 17.4737
2025-12-01 18:19:48, 0.0351320441, 0.0372442501, 0.2697856361, 0.1766766518, 3150.1774, 2867.2581, 763.9100, 18.4811
2025-12-01 18:19:54, 0.0495914710, 0.0452643482, 0.2001035892, 0.1465899343, 2777.1129, 2709.1452, 762.1550, 18.0122
2025-12-01 18:20:00, 0.0508582702, 0.0357287503, 0.2137844018, 0.1941166432, 2774.9815, 2715.7407, 760.2500, 17.4848
2025-12-01 18:20:06, 0.0611599157, 0.0886062304, 0.1053297030, 0.1525846290, 2635.2549, 2619.2941, 762.7000, 18.5572
2025-12-01 18:20:11, 0.0784025337, 0.0692259394, 0.2144456364, 0.2478879052, 2504.3214, 2518.3750, 764.6150, 17.1670
2025-12-01 18:20:17, 0.0350047388, 0.0348897658, 0.1821581362, 0.1660441698, 2637.8553, 2615.3947, 762.9000, 18.5788
2025-12-01 18:20:23, 0.0372480025, 0.0491189577, 0.1590110740, 0.1701796495, 2841.4677, 2807.7903, 765.7050, 17.6493
2025-12-01 18:20:28, 0.0468287628, 0.0373750712, 0.1677588574, 0.1569111826, 3170.1607, 3026.6964, 763.9150, 17.1639
2025-12-01 18:20:34, 0.0579210830, 0.0551994186, 0.1537648534, 0.2172361836, 2848.1818, 2741.5606, 765.2750, 19.3230
2025-12-01 18:20:40, 0.0441531005, 0.0392806958, 0.1882608965, 0.2165107726, 2995.0303, 3001.5000, 766.9200, 17.3780
2025-12-01 18:20:46, 0.0625174908, 0.0786657541, 0.1032773727, 0.1359641225, 3105.6136, 2964.2955, 761.3700, 17.5107
2025-12-01 18:20:51, 0.0836747421, 0.1049796485, 0.2104051009, 0.2012816330, 2987.6739, 3030.2609, 765.0050, 19.2773
2025-12-01 18:20:57, 0.0672325660, 0.0573855923, 0.1213135816, 0.1437753369, 2977.0175, 2942.2632, 760.2250, 17.4168
2025-12-01 18:21:03, 0.0607947293, 0.0509094828, 0.1554497552, 0.1599359597, 3031.8750, 2902.8214, 760.4050, 15.8490
2025-12-01 18:21:08, 0.0807858060, 0.0612173968, 0.1182235967, 0.1548337552, 2934.6458, 2911.7917, 761.7250, 18.8539
2025-12-01 18:21:14, 0.0563410416, 0.0733093644, 0.1483909404, 0.1069982872, 2864.3148, 2710.7222, 766.1550, 17.7048
2025-12-01 18:21:20, 0.0897497859, 0.0819693826, 0.1792596391, 0.1558303758, 2662.2308, 2640.6154, 759.9800, 17.1257
2025-12-01 18:21:26, 0.0643522601, 0.0609511675, 0.1065212893, 0.0867817011, 3063.7538, 2942.7231, 762.9150, 18.3970
2025-12-01 18:21:32, 0.0619188704, 0.0698842114, 0.1786138323, 0.1693996090, 3214.3548, 2989.9194, 760.4650, 18.2784
2025-12-01 18:21:37, 0.0637323892, 0.0682048798, 0.1399952902, 0.0885344406, 2935.8571, 2814.8571, 764.2450, 17.1961
2025-12-01 18:21:43, 0.0581959452, 0.0539926970, 0.0813663713, 0.0661367882, 2913.0000, 2759.4167, 761.4350, 16.3124
2025-12-01 18:21:49, 0.1081006832, 0.0818101182, 0.1179877652, 0.1123861256, 2870.2157, 2741.8235, 758.3050, 19.2427
2025-12-01 18:21:54, 0.1030368422, 0.0789665421, 0.1222227124, 0.1232190141, 2894.6842, 2834.9825, 762.7500, 17.7135
2025-12-01 18:22:00, 0.0656070502, 0.0628121409, 0.0989720509, 0.0999369955, 2874.0299, 2700.7015, 762.2000, 17.9497
2025-12-01 18:22:06, 0.0630741720, 0.0735595885, 0.0796950441, 0.0700918329, 3047.1800, 2768.9400, 759.5450, 17.4143
2025-12-01 18:22:12, 0.0616883920, 0.0638558365, 0.1140361796, 0.1220287969, 2786.9344, 2682.3770, 762.7600, 18.2648
2025-12-01 18:22:17, 0.0989905435, 0.1000965436, 0.1102163942, 0.1003393902, 2571.5682, 2486.5455, 761.5600, 18.4178
2025-12-01 18:22:23, 0.1073032945, 0.1233826989, 0.1607273870, 0.1132295742, 2847.1250, 2742.4464, 762.9650, 17.3581
2025-12-01 18:22:29, 0.0631142180, 0.0755990089, 0.1680107245, 0.1493157715, 2831.0759, 2804.1013, 763.1050, 18.2158
2025-12-01 18:22:35, 0.0664328946, 0.0655346896, 0.1149973698, 0.1416013416, 2945.5652, 2838.9348, 764.7250, 19.3688
2025-12-01 18:22:40, 0.0890367732, 0.0739905132, 0.0991678514, 0.1117217068, 2752.1129, 2747.0323, 763.0200, 17.4261
2025-12-01 18:22:46, 0.0749557363, 0.0736162050, 0.1219629309, 0.1331156979, 2930.6515, 2824.8182, 762.0450, 17.4351
2025-12-01 18:22:52, 0.0713148985, 0.1092279461, 0.1483297398, 0.1268146682, 2680.3878, 2645.2245, 763.1100, 19.2473
2025-12-01 18:22:58, 0.0484195351, 0.0578106013, 0.1532097979, 0.1646839699, 3024.1739, 2849.2319, 763.5550, 18.0027
2025-12-01 18:23:03, 0.0716006394, 0.0849260184, 0.1114050706, 0.0861327601, 2761.0000, 2670.0000, 763.5450, 19.2616
2025-12-01 18:23:09, 0.0908321653, 0.0989631514, 0.1200013869, 0.0972273411, 2865.5814, 2821.3953, 767.3600, 16.9874
2025-12-01 18:23:15, 0.0956998720, 0.1073164164, 0.1418603266, 0.1246685300, 2528.8571, 2431.7755, 763.5900, 18.4708
2025-12-01 18:23:21, 0.0469567685, 0.0533864279, 0.1627308367, 0.1504886984, 2777.0357, 2815.7321, 767.4550, 17.2174
2025-12-01 18:23:26, 0.0658278144, 0.0668281437, 0.1901460504, 0.1843797637, 2912.1207, 2806.1897, 768.0400, 18.4244
2025-12-01 18:23:32, 0.0649310225, 0.0825191357, 0.0962321841, 0.1052433494, 2551.5000, 2593.9600, 767.8900, 17.7138
2025-12-01 18:23:38, 0.0565314636, 0.0621435871, 0.1584119542, 0.1222497577, 3108.9254, 2901.3284, 769.2100, 19.1530
2025-12-01 18:23:44, 0.0881109717, 0.0745034483, 0.1635336256, 0.1602497348, 2805.8462, 2701.2115, 767.8150, 18.4084
2025-12-01 18:23:49, 0.0535744348, 0.0551409955, 0.0939093447, 0.1141703870, 2758.0968, 2679.1452, 769.7200, 18.6237
2025-12-01 18:23:55, 0.0678406065, 0.0641407701, 0.1758111634, 0.1499407775, 3160.5333, 3114.6444, 769.4750, 18.0942
2025-12-01 18:24:01, 0.0747928914, 0.0606939984, 0.0945787457, 0.0913636718, 2762.8393, 2707.9821, 764.8500, 18.7571
2025-12-01 18:24:07, 0.0450854825, 0.0451415539, 0.0970142806, 0.0921705355, 2734.3793, 2670.0172, 765.8350, 17.7673
2025-12-01 18:24:13, 0.0736744470, 0.0662399300, 0.1685323368, 0.1273265846, 2724.3387, 2729.0323, 766.7050, 19.0071
2025-12-01 18:24:18, 0.0770443260, 0.0759275432, 0.0995890387, 0.0947583024, 2799.0625, 2771.4583, 767.3700, 18.1742
2025-12-01 18:24:24, 0.0594243950, 0.0708085907, 0.1139472248, 0.1030663990, 2958.4074, 2782.6667, 772.2900, 16.9905
2025-12-01 18:24:30, 0.0621700458, 0.0485653137, 0.1421081478, 0.1458491347, 2873.0000, 2872.5079, 766.2750, 17.0637
2025-12-01 18:24:36, 0.0722712172, 0.0747270446, 0.0872826783, 0.0952968754, 2738.9194, 2577.3065, 768.3300, 19.2081
2025-12-01 18:24:41, 0.0930513030, 0.1211732148, 0.1601318068, 0.1131936531, 3126.5490, 2896.9020, 766.9700, 20.2437
2025-12-01 18:24:47, 0.0689900632, 0.0636208010, 0.0997039255, 0.1219087094, 2612.5200, 2651.6400, 769.5450, 17.7583
2025-12-01 18:24:53, 0.0686107077, 0.0542071677, 0.1695690836, 0.1725562143, 2756.8667, 2749.5111, 768.2900, 17.8400
2025-12-01 18:24:59, 0.0802232720, 0.0778503846, 0.1111484418, 0.1132684510, 2820.9107, 2869.2857, 766.7650, 18.7003
2025-12-01 18:25:05, 0.1011716986, 0.1167612358, 0.1363037225, 0.1409757142, 2582.5094, 2608.0755, 770.1200, 16.7133
2025-12-01 18:25:11, 0.1005123383, 0.1081675207, 0.1823342511, 0.1807698130, 2763.7674, 2726.0233, 764.5700, 18.8323
2025-12-01 18:25:17, 0.0777834399, 0.0836979532, 0.1492761497, 0.1562843063, 2627.3488, 2667.5814, 768.1400, 18.9497
2025-12-01 18:25:22, 0.0610927581, 0.0517448590, 0.1831821979, 0.1405512384, 2862.7800, 2721.6000, 768.4050, 19.3693
2025-12-01 18:25:28, 0.0652774249, 0.0646871092, 0.2038738324, 0.1755712751, 2507.2941, 2428.7647, 771.3950, 18.9839
2025-12-01 18:25:34, 0.0742261507, 0.0870996412, 0.1257704818, 0.1461112934, 2656.3585, 2659.1321, 767.8200, 19.0055
2025-12-01 18:25:39, 0.0500149427, 0.0636105831, 0.1449132879, 0.1163599657, 2525.1224, 2466.2449, 766.0900, 19.6660
2025-12-01 18:25:45, 0.0981785857, 0.0862024256, 0.1653329680, 0.1414680790, 2865.6981, 2830.4151, 768.3750, 17.8341
2025-12-01 18:25:51, 0.0686856450, 0.0724696805, 0.1958915003, 0.1730418681, 2793.8800, 2755.6400, 768.8400, 19.2778
2025-12-01 18:25:57, 0.0400737228, 0.0458696501, 0.1953160482, 0.1838513338, 2644.3509, 2706.2807, 766.5950, 19.1651
2025-12-01 18:26:02, 0.0577644308, 0.0762625192, 0.1785123259, 0.1330538682, 2773.2000, 2540.8600, 765.0350, 18.7241
2025-12-01 18:26:08, 0.0389173971, 0.0454124732, 0.1424895400, 0.1496421328, 2645.7042, 2541.6761, 767.5950, 18.9982
2025-12-01 18:26:14, 0.0428063501, 0.0503492796, 0.2287301141, 0.1912271995, 2949.2258, 2826.9032, 764.3250, 18.4713
2025-12-01 18:26:20, 0.0662441601, 0.0668215857, 0.1767751298, 0.1392289127, 2550.7170, 2425.6415, 767.8450, 20.0978
2025-12-01 18:26:26, 0.0478608493, 0.0539256985, 0.1284690706, 0.1480682681, 2604.8491, 2568.0566, 764.6400, 19.3840
2025-12-01 18:26:31, 0.0468273769, 0.0567425704, 0.2451536594, 0.2244332801, 2797.6949, 2711.6610, 766.8700, 19.1818
2025-12-01 18:26:37, 0.0438148630, 0.0436288052, 0.1578187639, 0.1258670926, 2583.3148, 2479.4630, 765.0350, 17.7638
2025-12-01 18:26:43, 0.1035800263, 0.1249847135, 0.1604921433, 0.1242329071, 2534.1569, 2543.0000, 766.5350, 19.7048
2025-12-01 18:26:49, 0.0573337329, 0.0566713911, 0.1767053693, 0.1969483129, 2693.5833, 2767.3958, 763.9650, 15.7453
2025-12-01 18:26:54, 0.0686776610, 0.0565918145, 0.3553405917, 0.3069128083, 3118.5517, 3094.8621, 764.9450, 17.0365
2025-12-01 18:27:00, 0.0544912171, 0.0559597550, 0.1966223923, 0.2004084006, 2666.4444, 2651.3889, 766.5350, 18.7574
2025-12-01 18:27:06, 0.0568890422, 0.0718008762, 0.2268581773, 0.1706208685, 3080.2889, 2835.6444, 764.3500, 18.9121
2025-12-01 18:27:12, 0.0627202682, 0.0496458301, 0.2316290983, 0.2612074716, 2905.6739, 3006.1957, 766.1700, 17.4333
2025-12-01 18:27:18, 0.0381203002, 0.0381914163, 0.1487914518, 0.1346008765, 2952.0161, 2804.3387, 761.9500, 19.2605
2025-12-01 18:27:24, 0.0558519238, 0.0532346702, 0.1929447186, 0.1731034476, 2979.8750, 2841.1071, 768.7850, 18.5534
2025-12-01 18:27:29, 0.0396311194, 0.0563107698, 0.1607110952, 0.1771545683, 2590.8444, 2647.9778, 769.2400, 19.2024
2025-12-01 18:27:35, 0.0535797752, 0.0491301352, 0.2480892543, 0.2336876706, 2678.9831, 2737.2542, 766.1550, 18.7254
2025-12-01 18:27:41, 0.0766893653, 0.0738138410, 0.2975019723, 0.2285064688, 2836.7143, 2787.9107, 766.6550, 18.3958
2025-12-01 18:27:47, 0.0932301847, 0.0787222759, 0.1766854203, 0.1435308455, 2868.6042, 2771.9167, 765.3100, 18.3634
2025-12-01 18:27:53, 0.1191474940, 0.1284885519, 0.2047683562, 0.2067394878, 2882.6400, 2892.6200, 765.7650, 17.8067
2025-12-01 18:27:58, 0.1244142630, 0.1266920851, 0.1563912801, 0.1753165655, 2815.9423, 2752.2500, 764.1850, 18.9278
2025-12-01 18:28:04, 0.0716997587, 0.0667337886, 0.1631773844, 0.1409659457, 2934.7755, 2839.6122, 766.9050, 20.2157
2025-12-01 18:28:10, 0.0771892345, 0.0835192396, 0.1206784373, 0.1362573649, 3148.3404, 3107.4468, 765.9500, 18.1154
2025-12-01 18:28:15, 0.0692096692, 0.0764498311, 0.1884651946, 0.1727047571, 2935.0175, 2797.8246, 768.4850, 18.2994
2025-12-01 18:28:21, 0.0524199020, 0.0596863217, 0.1560764848, 0.1155635529, 2717.5098, 2600.1961, 763.2600, 19.7477
2025-12-01 18:28:27, 0.0492976947, 0.0394900624, 0.1405594351, 0.1034786093, 2932.9200, 2746.3400, 765.4900, 17.4751
2025-12-01 18:28:33, 0.0908150449, 0.0779969093, 0.1614701232, 0.1505503208, 2680.8846, 2685.1731, 766.1100, 16.2499
2025-12-01 18:28:38, 0.0230500523, 0.0269081415, 0.1627320822, 0.1629131948, 2763.0282, 2607.7887, 765.5750, 18.8434
2025-12-01 18:28:44, 0.0546695792, 0.0577810664, 0.1753397488, 0.1238708879, 3078.2931, 2888.2931, 762.5100, 15.6426
2025-12-01 18:28:50, 0.0329027948, 0.0341554494, 0.1186349149, 0.1249711622, 2816.7941, 2656.7794, 764.4800, 19.5928
2025-12-01 18:28:56, 0.0685483460, 0.0835983022, 0.3264756631, 0.2441267080, 2962.2679, 2778.0536, 766.0950, 17.5487
2025-12-01 18:29:01, 0.0398897657, 0.0353230670, 0.1853100614, 0.1377329825, 3115.3519, 2888.9259, 763.6850, 18.1809
2025-12-01 18:29:07, 0.0654836231, 0.0634381150, 0.1506717700, 0.1525352982, 2771.9821, 2678.8750, 766.8650, 16.9055
2025-12-01 18:29:13, 0.0403967263, 0.0378076933, 0.1781558253, 0.1324101599, 2934.9661, 2732.1186, 766.1250, 17.4860
2025-12-01 18:29:19, 0.0455861028, 0.0482676632, 0.1498819461, 0.1236119017, 3112.1356, 2937.8814, 766.5750, 17.1638
2025-12-01 18:29:25, 0.0597601232, 0.0477052086, 0.1312793707, 0.1566955375, 2785.7333, 2813.6444, 768.0350, 19.3022
2025-12-01 18:29:30, 0.0410878768, 0.0464162892, 0.1281067429, 0.1301256695, 2672.8462, 2559.5692, 765.2800, 18.6019
2025-12-01 18:29:36, 0.0482953482, 0.0448030257, 0.1029009952, 0.1446264078, 2602.6308, 2571.1538, 766.1200, 17.8758
2025-12-01 18:29:42, 0.0532918952, 0.0669860817, 0.1026050197, 0.0932922320, 2773.3167, 2793.4833, 765.2250, 17.4987
2025-12-01 18:29:47, 0.0667721951, 0.0656103116, 0.1107527441, 0.1136757120, 2748.1639, 2726.4426, 768.6350, 18.7414
2025-12-01 18:29:53, 0.0495990879, 0.0545986907, 0.2050504758, 0.1738297781, 2659.4792, 2409.7083, 770.1300, 17.4972
2025-12-01 18:29:59, 0.0519557705, 0.0512734923, 0.1964157445, 0.1658483743, 3051.2653, 2991.1224, 770.1550, 18.3696
2025-12-01 18:30:05, 0.0442089879, 0.0581086765, 0.1262448661, 0.0866993068, 2700.1132, 2710.0377, 769.8000, 16.7239
2025-12-01 18:30:11, 0.0562641949, 0.0562716714, 0.1108346846, 0.1036042333, 2714.5224, 2609.9254, 769.0900, 17.4843
2025-12-01 18:30:17, 0.0670279791, 0.0593736879, 0.1920204190, 0.1990133410, 2795.5714, 2818.0357, 770.5450, 18.9494
2025-12-01 18:30:22, 0.1061059928, 0.0776182338, 0.1789934312, 0.1613216903, 2884.9592, 2818.0204, 769.3450, 15.8687
2025-12-01 18:30:28, 0.0690573276, 0.0618586868, 0.1239055324, 0.1280385304, 2616.1852, 2597.0556, 766.6250, 16.8584
2025-12-01 18:30:34, 0.0675429458, 0.0617561813, 0.1103044709, 0.1239239344, 2845.3770, 2840.8525, 765.8250, 16.8322
2025-12-01 18:30:39, 0.0689119455, 0.0981682004, 0.1580430612, 0.1496829004, 2799.0222, 2806.8889, 767.0650, 18.0787
2025-12-01 18:30:45, 0.0738410454, 0.0615081393, 0.1104849583, 0.0790088078, 3360.2600, 3099.6800, 766.6650, 17.1579
2025-12-01 18:30:51, 0.0881381600, 0.0671613417, 0.1355047540, 0.1425025760, 2812.3793, 2708.9138, 767.2100, 16.9474
2025-12-01 18:30:57, 0.0612842962, 0.0473535720, 0.2032743789, 0.1393914477, 2908.1552, 2774.2759, 768.6450, 16.8819
2025-12-01 18:31:03, 0.0519455415, 0.0535115821, 0.1292325610, 0.1105530995, 2795.9831, 2746.1356, 765.8600, 20.1973
2025-12-01 18:31:08, 0.0377095338, 0.0268751731, 0.1165173754, 0.1219067817, 2733.0779, 2515.5974, 767.0950, 16.6675
2025-12-01 18:31:14, 0.0516992394, 0.0454555952, 0.1830982289, 0.1643750186, 2694.1455, 2558.6000, 765.5150, 18.6008
2025-12-01 18:31:20, 0.0435930537, 0.0443052543, 0.1409316498, 0.1548734627, 2814.6914, 2824.7160, 765.3000, 17.7913
2025-12-01 18:31:26, 0.0479514786, 0.0453867732, 0.1205014736, 0.1246535552, 2810.3380, 2670.4085, 767.7500, 18.4208
2025-12-01 18:31:31, 0.0500454774, 0.0534701741, 0.1168592989, 0.1065870041, 2984.3485, 2769.4545, 766.9600, 18.4431
2025-12-01 18:31:37, 0.0512184481, 0.0504964438, 0.1643071310, 0.1167638058, 3084.5286, 2872.7571, 760.8750, 18.8130
2025-12-01 18:31:43, 0.0737755070, 0.0739857605, 0.0939354110, 0.1047720685, 2596.5102, 2660.0408, 764.4550, 17.0929
2025-12-01 18:31:48, 0.0620650804, 0.0624804212, 0.1545869640, 0.1318565304, 3151.4107, 3060.5893, 763.7200, 19.0266
2025-12-01 18:31:54, 0.0505382038, 0.0676617089, 0.1089912038, 0.0889404984, 2875.9692, 2781.2615, 765.5050, 17.6491
2025-12-01 18:32:00, 0.0772917315, 0.0663827869, 0.1331089825, 0.1050440220, 2816.0192, 2676.5577, 765.8950, 17.6789
2025-12-01 18:32:06, 0.0627999874, 0.0825904971, 0.1540590019, 0.1309096617, 2802.7424, 2717.7121, 763.6350, 17.2355
2025-12-01 18:32:11, 0.0606253311, 0.0555229366, 0.1443845640, 0.1448679639, 2993.7381, 2942.7381, 761.5400, 18.7723
2025-12-01 18:32:17, 0.0783254617, 0.0803167618, 0.1548358123, 0.1923788433, 3034.1154, 3016.6154, 766.9000, 19.0058
2025-12-01 18:32:23, 0.0594415673, 0.0657230427, 0.2451126259, 0.1914954051, 3049.6000, 3009.0000, 766.0800, 18.0589
2025-12-01 18:32:29, 0.0523988686, 0.0463153692, 0.1522838475, 0.1172939337, 2385.6538, 2371.2115, 765.4750, 18.4070
2025-12-01 18:32:34, 0.0404473285, 0.0426235092, 0.1906889052, 0.2070314874, 2793.0962, 2665.1538, 764.2900, 17.9824
2025-12-01 18:32:40, 0.0523654695, 0.0515787947, 0.3367596460, 0.3415907096, 3270.4667, 3170.8833, 767.0950, 19.0965
2025-12-01 18:32:46, 0.0463171642, 0.0573901486, 0.1589577384, 0.1508402524, 2696.8095, 2498.2222, 762.5100, 18.4507
2025-12-01 18:32:51, 0.0875384937, 0.0740689648, 0.1236179192, 0.1249778860, 3034.4762, 2935.2381, 764.8250, 18.0700
2025-12-01 18:32:57, 0.0521146970, 0.0423659303, 0.1637956064, 0.1304947330, 2994.5574, 2896.1311, 767.9400, 17.4005
2025-12-01 18:33:03, 0.1094592143, 0.1222902632, 0.1273889553, 0.1227385383, 2957.7547, 2860.9434, 766.0550, 16.4876
2025-12-01 18:33:08, 0.0774077440, 0.0636799264, 0.1371536953, 0.1588965394, 2643.8889, 2614.2037, 766.3400, 18.5039
2025-12-01 18:33:14, 0.0682756321, 0.0755664888, 0.1224190632, 0.1009252631, 2625.8182, 2645.6727, 764.0800, 18.5511
2025-12-01 18:33:20, 0.0406125814, 0.0402487533, 0.1648191113, 0.1516597409, 2843.9844, 2690.7656, 764.4700, 16.3159
2025-12-01 18:33:26, 0.0560401309, 0.0361823309, 0.3007409594, 0.2322833274, 2668.3860, 2643.0351, 759.8450, 18.0167
2025-12-01 18:33:31, 0.0644917479, 0.0565734110, 0.2522931068, 0.1943898838, 2849.0870, 2823.1957, 758.3500, 16.6090
2025-12-01 18:33:37, 0.0500809596, 0.0474948208, 0.2116046530, 0.1297629288, 2725.7500, 2652.2167, 758.4200, 17.8797
2025-12-01 18:33:43, 0.0800899634, 0.0634492439, 0.1812345754, 0.1614071617, 2605.7460, 2589.8413, 761.0450, 19.6368
2025-12-01 18:33:49, 0.1037008569, 0.1006110922, 0.1364707972, 0.1036900262, 2729.3800, 2642.1600, 760.9400, 18.9084
2025-12-01 18:33:54, 0.0897235376, 0.0954043567, 0.1575381222, 0.1660098389, 2676.5085, 2641.9831, 758.2100, 19.2740
2025-12-01 18:34:00, 0.0597565215, 0.0658522426, 0.2107516353, 0.1971015352, 2905.8667, 2900.2500, 759.6350, 18.7115
2025-12-01 18:34:12, 0.1128132470, 0.0874191160, 0.1756288801, 0.1640984292, 3009.8545, 2944.2909, 765.6500, 21.2358
2025-12-01 18:34:17, 0.0701512022, 0.0718716498, 0.2474416408, 0.2265646332, 2818.8644, 2747.9661, 765.7100, 21.9389
2025-12-01 18:34:23, 0.0809872263, 0.0592833609, 0.2436839976, 0.1989244582, 2875.3265, 2799.1429, 762.3050, 19.9925
2025-12-01 18:34:29, 0.0705927771, 0.0780393354, 0.1812165760, 0.1378777588, 2622.6885, 2578.1639, 768.6850, 19.5363
2025-12-01 18:34:35, 0.0540027081, 0.0645074180, 0.1905193087, 0.1445293311, 2830.2973, 2769.7027, 759.2500, 18.6217
2025-12-01 18:34:40, 0.1000361007, 0.0990892390, 0.1567250433, 0.1161304848, 2904.7059, 2821.4902, 759.0050, 16.9306
2025-12-01 18:34:46, 0.0296860665, 0.0364805813, 0.1765450854, 0.1362107004, 2770.4429, 2478.8143, 761.4800, 18.8157
2025-12-01 18:34:52, 0.0417821283, 0.0543528456, 0.2668913610, 0.1546862249, 2834.6170, 2711.2553, 759.5700, 18.2380
2025-12-01 18:34:58, 0.0630268073, 0.0583146707, 0.1634447365, 0.1370341659, 2713.6047, 2727.2791, 763.0650, 18.4006
2025-12-01 18:35:03, 0.0615634512, 0.0560753015, 0.1505812244, 0.1387219723, 2861.9818, 2697.9455, 764.5650, 18.7962
2025-12-01 18:35:09, 0.0874370840, 0.0840882223, 0.2193963388, 0.1655619937, 2740.4727, 2651.3455, 767.4350, 17.4799
2025-12-01 18:35:15, 0.0472897815, 0.0469311499, 0.2166848973, 0.1667384137, 2937.5600, 2739.2000, 768.3350, 17.7043
2025-12-01 18:35:21, 0.0647082748, 0.0659546934, 0.1622475853, 0.1461409364, 2670.4386, 2660.1579, 769.7500, 17.1522
2025-12-01 18:35:26, 0.0618075845, 0.0554342960, 0.2073948051, 0.1767784602, 2767.6379, 2713.4828, 768.5450, 19.1467
2025-12-01 18:35:32, 0.0576489214, 0.0469007669, 0.2116707590, 0.1745022673, 2822.8475, 2789.1864, 766.3900, 19.0690
2025-12-01 18:35:38, 0.0765789808, 0.0898909109, 0.1117935163, 0.1170488559, 2788.1429, 2714.1020, 768.3950, 18.2378
2025-12-01 18:35:44, 0.0710909106, 0.0596057217, 0.1120499080, 0.0928718720, 2746.0556, 2616.4815, 766.7650, 18.5103
2025-12-01 18:35:50, 0.0834450419, 0.0826878597, 0.1748112904, 0.1610563363, 2811.4889, 2790.4889, 770.5550, 20.5272
2025-12-01 18:35:56, 0.0849082114, 0.0733594552, 0.1255225676, 0.0853102136, 2584.9796, 2467.0408, 765.4050, 16.8408
2025-12-01 18:36:01, 0.0811932337, 0.0591936263, 0.1334472466, 0.0982137998, 2939.1111, 2874.4286, 767.8450, 15.6975
2025-12-01 18:36:07, 0.0640741362, 0.0737782261, 0.1630062684, 0.1192483244, 2832.0000, 2704.7679, 767.8500, 18.2120
2025-12-01 18:36:13, 0.0854576475, 0.0719819200, 0.0997058650, 0.1012286082, 2748.2500, 2699.2763, 770.6800, 18.7701
2025-12-01 18:36:19, 0.0619152799, 0.0514039225, 0.1362932693, 0.1772202150, 2926.2069, 2899.9483, 764.7350, 17.7956
2025-12-01 18:36:24, 0.0657225383, 0.0816276767, 0.0879561795, 0.0906902686, 2928.2712, 2802.7458, 768.5000, 17.3159
2025-12-01 18:36:30, 0.0734542395, 0.0528445866, 0.1050317837, 0.0738218219, 2871.7258, 2777.1290, 767.3150, 18.4991
2025-12-01 18:36:36, 0.0516627374, 0.0664248345, 0.1016960940, 0.0851203785, 2975.7288, 2816.1186, 766.1150, 17.2459
2025-12-01 18:36:42, 0.0748948398, 0.0727990565, 0.1105456301, 0.0978311660, 3173.1333, 2893.3556, 769.8300, 18.6717
2025-12-01 18:36:47, 0.1275589394, 0.1250789544, 0.1159395724, 0.0981166480, 2829.4074, 2873.6852, 767.4400, 19.8790
2025-12-01 18:36:53, 0.0901160863, 0.0750579685, 0.1212224830, 0.0960749730, 2723.4828, 2624.4310, 769.1100, 17.8148
2025-12-01 18:36:59, 0.0740760141, 0.0716211507, 0.1102417021, 0.1243099421, 2985.3448, 2986.2414, 767.8000, 18.1676
2025-12-01 18:37:05, 0.0868610345, 0.0909441457, 0.0919970106, 0.0889108838, 2769.2899, 2784.3478, 766.8450, 18.7470
2025-12-01 18:37:10, 0.0737923765, 0.0882315517, 0.1112798784, 0.0836705796, 2825.3968, 2721.4921, 767.0550, 19.0938
2025-12-01 18:37:16, 0.0650850786, 0.0636951643, 0.1283436815, 0.1186567599, 3055.2903, 2859.5968, 765.9800, 18.1403
2025-12-01 18:37:22, 0.0851624200, 0.0613287014, 0.1616854100, 0.1199108150, 2665.6610, 2656.3729, 768.4700, 18.1857
2025-12-01 18:37:28, 0.0695243969, 0.0679651312, 0.1446933137, 0.1482932348, 3074.9322, 2909.1695, 767.4250, 17.9445
2025-12-01 18:37:34, 0.0682784061, 0.0690359346, 0.1078405340, 0.1152327100, 3019.5484, 2972.1129, 771.1800, 19.1392
2025-12-01 18:37:39, 0.0483518055, 0.0558055943, 0.0696961430, 0.0800541326, 2629.8070, 2540.9825, 768.2100, 18.3389
2025-12-01 18:37:45, 0.0841251582, 0.0769710207, 0.1046104100, 0.0798768935, 3005.3387, 2812.9032, 767.8700, 18.8564
2025-12-01 18:37:51, 0.0856565475, 0.0729357619, 0.0943305708, 0.1015598739, 2985.8889, 2913.9722, 770.5150, 19.6967
2025-12-01 18:37:57, 0.0413947832, 0.0419649141, 0.0993934815, 0.0858928392, 2798.1311, 2662.1803, 765.3150, 19.5927
2025-12-01 18:38:03, 0.0488493490, 0.0599869915, 0.1308024160, 0.0874895455, 2892.7971, 2742.7391, 768.6300, 19.2879
2025-12-01 18:38:08, 0.0733421735, 0.0564662732, 0.0687686362, 0.0461545614, 2852.9524, 2707.7302, 766.7900, 18.3307
2025-12-01 18:38:14, 0.0749289878, 0.0569257847, 0.1108053811, 0.1072330334, 2711.8088, 2638.8529, 767.2650, 17.9328
2025-12-01 18:38:20, 0.0457724673, 0.0409290272, 0.1210626230, 0.1098101626, 2834.8243, 2646.0000, 770.9000, 18.7398
2025-12-01 18:38:25, 0.0507132398, 0.0504074480, 0.0939066766, 0.0875954867, 2730.0909, 2563.0000, 769.6400, 17.8471
2025-12-01 18:38:31, 0.0493962932, 0.0526306796, 0.0847210009, 0.0947093672, 2868.3294, 2799.7647, 770.2650, 18.1999
2025-12-01 18:38:37, 0.0982321835, 0.0885660135, 0.0774252344, 0.0852270776, 2732.9828, 2720.6897, 770.9950, 17.7461
2025-12-01 18:38:43, 0.0794751504, 0.0800678814, 0.1044319228, 0.0935887834, 2627.2115, 2597.6731, 770.3250, 19.3013
2025-12-01 18:38:49, 0.0882779052, 0.0946561048, 0.1110963723, 0.0802844687, 2748.2549, 2672.8431, 770.1250, 16.1353
2025-12-01 18:38:54, 0.0995148078, 0.0839871973, 0.0829284812, 0.0549567802, 3037.9194, 2914.1290, 767.5250, 16.8707
2025-12-01 18:39:00, 0.0950660067, 0.0835672475, 0.0989892059, 0.1017311799, 2677.7170, 2673.7358, 768.8550, 18.4912
2025-12-01 18:39:06, 0.0455608345, 0.0407191537, 0.1336865245, 0.0972621844, 2657.4792, 2400.8125, 770.9950, 18.3566
2025-12-01 18:39:12, 0.0905582105, 0.0755623988, 0.0964416293, 0.0718643250, 2702.2857, 2605.1786, 769.9200, 18.3072
2025-12-01 18:39:17, 0.0734876557, 0.0662750221, 0.1359840570, 0.1206834071, 2768.0476, 2608.8889, 769.3000, 18.5359
2025-12-01 18:39:23, 0.0863672248, 0.0910560977, 0.1088431159, 0.1295936204, 2801.7162, 2695.9730, 767.6800, 18.5741
2025-12-01 18:39:29, 0.0495191640, 0.0536161241, 0.1117467500, 0.1138101695, 2854.1408, 2749.2394, 768.4800, 18.0607
2025-12-01 18:39:34, 0.0509906391, 0.0439138433, 0.1246370752, 0.1066210038, 2841.3684, 2718.4474, 760.6200, 18.9646
2025-12-01 18:39:40, 0.0699685566, 0.0764742201, 0.0984881684, 0.0790278403, 2820.2885, 2708.2308, 766.6750, 18.1063
2025-12-01 18:39:46, 0.0862065220, 0.0852681586, 0.1964545460, 0.1156172493, 2937.0690, 2805.4310, 769.1550, 17.3240
2025-12-01 18:39:52, 0.0570406934, 0.0613796699, 0.1018534321, 0.0885010755, 2856.7385, 2662.4000, 767.0100, 18.6040
2025-12-01 18:39:57, 0.0913321709, 0.0828918838, 0.1210228570, 0.0805529312, 2850.8462, 2785.0462, 769.0250, 18.7041
2025-12-01 18:40:03, 0.0558480927, 0.0589178503, 0.1092731876, 0.0998072557, 2841.9733, 2686.7067, 769.5700, 19.7361
2025-12-01 18:40:09, 0.0550849847, 0.0593252774, 0.0820262985, 0.0777516025, 2769.3898, 2737.4237, 764.8500, 17.8302
2025-12-01 18:40:15, 0.1420068541, 0.0939635021, 0.1208002251, 0.0896568698, 2930.3864, 2814.7727, 764.9450, 18.4776
2025-12-01 18:40:20, 0.1398761316, 0.1918020967, 0.1200015126, 0.1067814069, 2645.3617, 2677.8298, 765.7000, 19.8209
2025-12-01 18:40:26, 0.0802504363, 0.0920574134, 0.0836954615, 0.0785227948, 2930.7869, 2780.7541, 769.6200, 18.7575
2025-12-01 18:40:32, 0.0508950752, 0.0444673135, 0.1301744949, 0.1173400965, 2794.4355, 2703.4355, 768.8000, 18.9526
2025-12-01 18:40:38, 0.0520522065, 0.0496720063, 0.1657508869, 0.1607425634, 2703.4286, 2621.0893, 767.5900, 18.7995
2025-12-01 18:40:44, 0.0431423574, 0.0533376878, 0.0798809158, 0.0903953638, 2914.8571, 2825.3393, 767.0350, 18.2730
2025-12-01 18:40:49, 0.0858021232, 0.1008704022, 0.1073351980, 0.0863750959, 2934.9818, 2928.0909, 764.2350, 18.4033
2025-12-01 18:40:55, 0.1283233997, 0.0970965664, 0.1122861789, 0.1010933155, 3237.2200, 3087.2000, 766.3850, 17.4856
2025-12-01 18:41:01, 0.0758272704, 0.0714436217, 0.1025138592, 0.0623707724, 2965.7586, 2815.6552, 766.5050, 18.7792
2025-12-01 18:41:06, 0.0377577913, 0.0425182197, 0.0829266263, 0.0799927382, 2903.7463, 2712.5522, 769.3650, 17.6100
2025-12-01 18:41:12, 0.0877292800, 0.1025881812, 0.0871948568, 0.0769004940, 2732.4643, 2753.3571, 767.6200, 19.0800
2025-12-01 18:41:18, 0.0556724709, 0.0532796854, 0.0840193858, 0.0641847030, 2851.6250, 2678.9643, 769.1100, 18.7757
2025-12-01 18:41:23, 0.0821626811, 0.0751302081, 0.1296268726, 0.1054362882, 3005.6400, 2863.9400, 769.7950, 18.8043
2025-12-01 18:41:29, 0.1160743963, 0.1111000360, 0.0998500683, 0.0972830378, 2952.5968, 2881.1129, 768.1000, 21.3000
2025-12-01 18:41:35, 0.0524804457, 0.0657192856, 0.1054947194, 0.1079190062, 2700.5965, 2739.1053, 769.9650, 20.2172
2025-12-01 18:41:40, 0.0713800826, 0.0694299020, 0.0825604684, 0.0596436703, 2879.4898, 2696.0204, 768.7700, 16.8121
2025-12-01 18:41:46, 0.0879069610, 0.0898583619, 0.0960964512, 0.0943859850, 2907.0635, 2823.5714, 768.6000, 18.4293
2025-12-01 18:41:52, 0.1146153238, 0.1239239201, 0.0990659744, 0.0838676328, 3153.7324, 3020.8451, 768.0000, 18.6223
2025-12-01 18:41:58, 0.0985333594, 0.0851607355, 0.0968022212, 0.0845265260, 2979.9655, 2984.7241, 770.4450, 17.9827
2025-12-01 18:42:03, 0.0790567852, 0.0738009828, 0.0874028231, 0.0923255039, 2815.2063, 2743.7937, 765.6000, 20.0260
2025-12-01 18:42:09, 0.0641598525, 0.0557536033, 0.1123038738, 0.0731983332, 2967.6724, 2840.2414, 763.3350, 20.2441
2025-12-01 18:42:15, 0.0705986883, 0.0683154026, 0.1027637212, 0.1116600882, 3120.4355, 2986.0806, 762.4450, 19.5022
2025-12-01 18:42:21, 0.0969757187, 0.1033974792, 0.0739324943, 0.0632667583, 2878.9038, 2784.4615, 762.1700, 19.0150
2025-12-01 18:42:27, 0.0834230085, 0.0916521259, 0.1228753546, 0.0884702079, 2789.0656, 2703.7213, 764.6550, 19.1174
2025-12-01 18:42:32, 0.1188821611, 0.0930979866, 0.0789569574, 0.1098003846, 3054.4545, 3031.5818, 764.6050, 19.3103
2025-12-01 18:42:38, 0.0816749962, 0.1013614645, 0.1252808210, 0.1029203403, 2950.2414, 2854.6034, 764.0000, 21.1211
2025-12-01 18:42:44, 0.0560501214, 0.0565747165, 0.1013015233, 0.0967033360, 2686.8596, 2584.4211, 765.2100, 17.9860
2025-12-01 18:42:50, 0.0744763937, 0.0691654251, 0.1193195172, 0.0861486336, 2899.5231, 2807.8308, 764.9350, 20.8437
2025-12-01 18:42:55, 0.0884196530, 0.0669051152, 0.0728311929, 0.0787396882, 3113.5179, 3008.5000, 764.0350, 18.8519
2025-12-01 18:43:01, 0.0397254986, 0.0521296768, 0.0730133147, 0.0505632563, 2882.6712, 2682.4932, 767.5700, 18.2410
2025-12-01 18:43:07, 0.0787009078, 0.1026628216, 0.1181921532, 0.0927188483, 2769.8727, 2630.7818, 763.3000, 19.2416
2025-12-01 18:43:13, 0.1261720242, 0.1181037010, 0.0830535169, 0.0775933546, 2949.3881, 2751.1493, 764.2450, 16.6825
2025-12-01 18:43:18, 0.0583582947, 0.0608168559, 0.1127872551, 0.0825590757, 2868.6667, 2738.1667, 764.9500, 20.6281
2025-12-01 18:43:24, 0.0703897555, 0.0603776329, 0.0861609827, 0.1031379467, 2720.0667, 2682.0833, 762.5800, 19.5914
2025-12-01 18:43:30, 0.1057176896, 0.1198817588, 0.1314382208, 0.1373815040, 2901.0339, 2836.1695, 762.9700, 17.5553
2025-12-01 18:43:36, 0.0665262000, 0.0807181270, 0.0856013028, 0.0872983989, 2928.9265, 3043.9412, 763.9200, 18.8038
2025-12-01 18:43:41, 0.0734497255, 0.0710340980, 0.0641683183, 0.0727870721, 2928.6613, 2762.8065, 753.0200, 19.8741
2025-12-01 18:43:47, 0.0963621818, 0.0797034194, 0.0629236945, 0.0605411657, 2692.5000, 2658.5161, 755.2600, 19.3311
2025-12-01 18:43:53, 0.1054010310, 0.0972776234, 0.0833558292, 0.0813213858, 2822.2708, 2743.3750, 751.9750, 20.3488
2025-12-01 18:43:59, 0.0723606593, 0.0977267725, 0.1124391569, 0.1234170341, 3015.8462, 2762.7308, 752.6000, 17.4330
2025-12-01 18:44:04, 0.0792956195, 0.0658281456, 0.0740148236, 0.0683837617, 2768.0000, 2768.3966, 763.1550, 17.2746
2025-12-01 18:44:10, 0.0598256392, 0.0633827209, 0.0854916664, 0.0607754002, 2668.7727, 2621.3939, 752.3150, 18.3105
2025-12-01 18:44:16, 0.0814824897, 0.0808344388, 0.0691695230, 0.0651064501, 3004.1087, 2924.5435, 756.8200, 17.7524
2025-12-01 18:44:22, 0.0840480949, 0.0645913487, 0.1252269322, 0.1113635214, 2749.7708, 2789.7917, 755.0650, 18.5378
2025-12-01 18:44:27, 0.0548452024, 0.0606777157, 0.0806723372, 0.0570858435, 3018.1207, 2767.8448, 758.5700, 19.2392
2025-12-01 18:44:33, 0.0787598780, 0.0747889834, 0.0561021469, 0.0740419795, 2873.5441, 2805.3529, 756.1000, 18.5623
2025-12-01 18:44:39, 0.0448230404, 0.0551193422, 0.0839071072, 0.0782589661, 2869.8873, 2757.2394, 753.5300, 17.9058
2025-12-01 18:44:44, 0.0845389898, 0.0815806440, 0.1057318916, 0.0653827534, 2867.3889, 2744.4444, 757.1250, 18.0560
2025-12-01 18:44:50, 0.0635542239, 0.0591448392, 0.0647553891, 0.0493200440, 2780.1940, 2607.9552, 756.8500, 18.4336
2025-12-01 18:44:56, 0.1092847928, 0.1085173848, 0.0610557181, 0.0503905522, 2938.5000, 2837.8065, 757.3050, 17.7255
2025-12-01 18:45:02, 0.0847876591, 0.0896115163, 0.0741462762, 0.0669523747, 3066.0926, 3024.3519, 758.8750, 19.1107
2025-12-01 18:45:07, 0.0647782636, 0.0662954484, 0.0490220036, 0.0507954889, 3172.4667, 2948.5000, 763.7500, 18.5574
2025-12-01 18:45:13, 0.0625721918, 0.0625316179, 0.0998915725, 0.0858716872, 2919.8421, 2701.4737, 758.1450, 19.7849
2025-12-01 18:45:20, 0.0698466410, 0.0586830207, 0.0546885919, 0.0513197427, 2957.1096, 2760.3288, 760.9900, 18.1488
2025-12-01 18:45:26, 0.0616497967, 0.0637092246, 0.0679439172, 0.0581242397, 2844.0952, 2784.6667, 758.2600, 17.9739
2025-12-01 18:45:31, 0.0390583857, 0.0408832977, 0.0787544088, 0.1056141714, 2737.7867, 2767.1733, 763.5600, 17.5239
2025-12-01 18:45:37, 0.0637316071, 0.0648359303, 0.0741175951, 0.0808920439, 3053.0328, 2952.8525, 762.8450, 19.6469
2025-12-01 18:45:43, 0.0631480910, 0.0437437854, 0.0775723599, 0.0867016482, 2816.7705, 2758.9508, 763.0600, 17.3685
2025-12-01 18:45:48, 0.0564813239, 0.0530280641, 0.1087758159, 0.0946841742, 2813.9014, 2777.3803, 760.5250, 18.2962
2025-12-01 18:45:54, 0.0792869716, 0.0760887844, 0.0872995119, 0.0924801638, 3066.3509, 2970.2807, 764.9400, 18.7229
2025-12-01 18:46:00, 0.0972886422, 0.0978828190, 0.1382045933, 0.1577905604, 2545.1818, 2536.4545, 767.3200, 17.2751
2025-12-01 18:46:06, 0.0871656979, 0.0984804896, 0.1185925425, 0.0948484837, 2878.9692, 2853.4923, 764.5700, 18.9234
2025-12-01 18:46:12, 0.0737577827, 0.0952907657, 0.1046699729, 0.1212984669, 2905.1176, 2845.0000, 758.5700, 17.6586
2025-12-01 18:46:17, 0.0648262857, 0.0548366558, 0.1248629396, 0.1136753846, 2890.0676, 2783.9324, 763.7450, 18.7601
2025-12-01 18:46:24, 0.1090526048, 0.1008592209, 0.1019648653, 0.1055234926, 2829.4259, 2710.1296, 766.9100, 18.2281
2025-12-01 18:46:30, 0.0861256419, 0.0880595848, 0.0736143408, 0.0776732889, 2830.2381, 2839.6508, 760.4650, 19.2621
2025-12-01 18:46:35, 0.0816870744, 0.0779248365, 0.0899493228, 0.0867391046, 2936.6515, 2896.5000, 771.3350, 19.3720
2025-12-01 18:46:41, 0.0525832434, 0.0533060719, 0.1081763929, 0.1118725790, 2876.6867, 2815.9036, 765.1750, 18.1971
2025-12-01 18:46:47, 0.0883231026, 0.0847536437, 0.1183601236, 0.1023749385, 2739.7400, 2685.3200, 756.1900, 17.5890
2025-12-01 18:46:53, 0.0722946381, 0.0715371655, 0.1394926567, 0.0993213535, 2794.5870, 2717.2391, 762.9450, 17.9600
2025-12-01 18:46:58, 0.0484551896, 0.0641341561, 0.2010781673, 0.1506084483, 2977.1857, 2804.2857, 765.5100, 20.2430
2025-12-01 18:47:04, 0.0465834183, 0.0379385632, 0.1306749349, 0.1247629125, 2853.1538, 2729.3974, 765.8600, 18.5658
2025-12-01 18:47:10, 0.0648065726, 0.0764548768, 0.1157793273, 0.1142966439, 2868.9524, 2713.7619, 766.3800, 20.7001
2025-12-01 18:47:16, 0.0898540799, 0.0905568299, 0.1127817698, 0.1116268019, 2701.3273, 2757.3091, 763.8000, 17.5670
2025-12-01 18:47:21, 0.0797671738, 0.0783574479, 0.0976796455, 0.1160118170, 2823.3091, 2753.4545, 762.1000, 17.9310
2025-12-01 18:47:27, 0.0844774048, 0.0862367475, 0.0725373444, 0.0683975781, 2750.9615, 2629.2500, 763.0300, 20.1777
2025-12-01 18:47:33, 0.0647459900, 0.0677585227, 0.1281132873, 0.1379884512, 2907.2530, 2770.5904, 761.4350, 18.6332
2025-12-01 18:47:39, 0.0824543757, 0.0683620463, 0.0638666934, 0.0554264898, 2908.1579, 2646.2632, 762.7300, 19.1697
2025-12-01 18:47:44, 0.0628041838, 0.0739579492, 0.0626589316, 0.0786059679, 2696.6133, 2718.0533, 763.2450, 18.2004
2025-12-01 18:47:50, 0.0974950927, 0.0821952552, 0.0595517059, 0.0678023100, 2740.8571, 2696.2857, 763.3850, 16.6429
2025-12-01 18:47:56, 0.0566693536, 0.0528354483, 0.0652206051, 0.0656221770, 3002.2958, 2830.9155, 758.6650, 19.2791
2025-12-01 18:48:01, 0.1452409905, 0.1495677741, 0.0790592730, 0.0847932269, 2935.2969, 2829.5000, 767.3850, 17.0853
2025-12-01 18:48:09, 0.1188856995, 0.1121474828, 0.0671028977, 0.0566319618, 2770.4068, 2703.4237, 761.0250, 16.5301
2025-12-01 18:48:14, 0.1214336517, 0.1121003913, 0.0455851525, 0.0531570814, 2768.6327, 2717.9184, 764.2850, 17.8484
2025-12-01 18:48:20, 0.1389397893, 0.1382772333, 0.0694239901, 0.0497964610, 3045.7321, 2804.6071, 763.0900, 18.6952
2025-12-01 18:48:26, 0.1343213019, 0.1372896228, 0.0790315737, 0.0579328018, 2983.8302, 2937.7736, 765.5400, 16.7520
2025-12-01 18:48:31, 0.1342195191, 0.1318766346, 0.0980923743, 0.0748325825, 2896.1404, 2781.9123, 763.6900, 18.7250
2025-12-01 18:48:37, 0.1372396129, 0.1183324216, 0.0798918847, 0.0600751553, 2980.5432, 2811.3333, 764.9550, 18.2242
2025-12-01 18:48:43, 0.0570162543, 0.0497876050, 0.0752345436, 0.0563969149, 2908.2885, 2677.0385, 763.1700, 18.5162
2025-12-01 18:48:49, 0.0482373036, 0.0439334971, 0.0761448069, 0.0560748187, 2642.2679, 2625.6607, 765.6550, 19.0501
2025-12-01 18:48:54, 0.0289656209, 0.0301029826, 0.0774195842, 0.0612805857, 2840.6154, 2525.9560, 762.7900, 17.6492
2025-12-01 18:49:00, 0.0958380845, 0.0778849540, 0.0604922152, 0.0460683163, 2785.4545, 2697.7121, 757.0700, 16.4549
2025-12-01 18:49:06, 0.0383558116, 0.0301959438, 0.0711559678, 0.0685607398, 2860.5769, 2547.3077, 763.2400, 17.9572
2025-12-01 18:49:12, 0.0505034256, 0.0478422366, 0.0963996892, 0.0810660984, 3060.7000, 2856.3857, 761.3500, 16.7325
2025-12-01 18:49:18, 0.0417890205, 0.0440899110, 0.0938847483, 0.0618698849, 3112.5938, 2846.8906, 756.6400, 19.3936
2025-12-01 18:49:23, 0.1027309400, 0.0770329353, 0.0534314388, 0.0635298032, 2972.7414, 2953.9310, 765.4750, 18.8239
2025-12-01 18:49:29, 0.0517721623, 0.0526959502, 0.0739980805, 0.0673534918, 2882.4026, 2766.5325, 757.8800, 18.9662
2025-12-01 18:49:35, 0.0810636215, 0.0728210927, 0.0757998898, 0.0570660855, 2868.0164, 2691.1475, 760.1800, 18.6967
2025-12-01 18:49:41, 0.0763394028, 0.1024251150, 0.0693325219, 0.0643194981, 2726.9846, 2677.7077, 763.0950, 17.9618
2025-12-01 18:49:46, 0.0958479889, 0.0861101700, 0.0771685332, 0.0546802548, 2888.5000, 2789.6786, 763.4550, 17.0505
2025-12-01 18:49:52, 0.0809082212, 0.0783114664, 0.1008779298, 0.0708268514, 2904.6286, 2769.8286, 761.2950, 18.5706
2025-12-01 18:49:58, 0.0967374625, 0.1029299710, 0.0802268889, 0.0737767052, 2944.6712, 2817.3562, 755.7600, 17.2387
2025-12-01 18:50:03, 0.1155666840, 0.1294458925, 0.0630999675, 0.0586729885, 2956.5517, 2843.7241, 763.7450, 17.4911
2025-12-01 18:50:09, 0.1100980727, 0.0887447723, 0.0552599464, 0.0565300369, 2884.9722, 2837.0833, 765.2550, 17.0490
2025-12-01 18:50:15, 0.0986420652, 0.0964992292, 0.0753115687, 0.0656508994, 2875.0169, 2726.3559, 765.2200, 18.0558
2025-12-01 18:50:21, 0.1234198348, 0.1321246116, 0.1124906900, 0.0996245837, 2944.5079, 2856.2698, 763.0000, 17.6859
2025-12-01 18:50:27, 0.1063157835, 0.0990889650, 0.1128232492, 0.1135912518, 2967.4211, 2984.8596, 765.7600, 18.4177
2025-12-01 18:50:32, 0.0747120283, 0.0992605373, 0.1086030763, 0.0949228814, 2941.3333, 2817.7879, 768.3550, 16.0885
2025-12-01 18:50:38, 0.0939926877, 0.0908403155, 0.0923692436, 0.1009128982, 3025.3636, 2931.5758, 762.1050, 19.9766
2025-12-01 18:50:44, 0.0747817793, 0.0808711069, 0.1543194393, 0.0912190551, 3041.1017, 2929.9831, 761.1900, 17.7275
2025-12-01 18:50:50, 0.0463115997, 0.0443623506, 0.1138534651, 0.1022783264, 2935.1452, 2777.5484, 763.7650, 18.5054
2025-12-01 18:51:01, 0.0684869705, 0.0512668367, 0.0601200025, 0.0778455063, 2926.2615, 2793.9231, 767.0900, 17.1934
2025-12-01 18:51:07, 0.0794725664, 0.0920961763, 0.1037758477, 0.1000488307, 2811.2787, 2720.7213, 763.7800, 18.7390
2025-12-01 18:51:12, 0.0269259831, 0.0296101366, 0.0932906743, 0.0874572964, 2791.6400, 2617.4133, 764.7700, 18.4601
2025-12-01 18:51:18, 0.0622231019, 0.0575497053, 0.0676660590, 0.0605959541, 2873.6364, 2634.0364, 764.3350, 18.1291
2025-12-01 18:51:24, 0.1012462657, 0.1067096451, 0.0818000895, 0.0701290880, 2784.4030, 2673.1791, 767.3100, 17.7359
2025-12-01 18:51:30, 0.0488147971, 0.0422411262, 0.1411818543, 0.0937693959, 3340.7069, 2999.2586, 763.2700, 17.4976
2025-12-01 18:51:35, 0.0309042049, 0.0414413067, 0.0920680900, 0.0857526262, 2587.0820, 2461.9836, 759.9800, 19.0152
2025-12-01 18:51:41, 0.0437313904, 0.0370842455, 0.1480288090, 0.1238525481, 3291.8793, 3017.2759, 761.7850, 16.5813
2025-12-01 18:51:47, 0.0592500834, 0.0611711586, 0.1573005617, 0.1219730460, 2875.2222, 2731.5556, 761.9600, 17.9524
2025-12-01 18:51:53, 0.0969211248, 0.0879937553, 0.1193932724, 0.1310350817, 2634.6111, 2609.0185, 759.2700, 18.0338
2025-12-01 18:51:58, 0.0497629021, 0.0637740048, 0.0989587703, 0.0727495122, 2764.2941, 2754.8235, 760.1850, 18.7601
2025-12-01 18:52:04, 0.0796237819, 0.0812548641, 0.0918824748, 0.1060464107, 2757.6667, 2758.7544, 760.4150, 16.6578
2025-12-01 18:52:10, 0.0926047059, 0.1053381710, 0.2034534190, 0.2337727427, 2573.0847, 2541.0678, 762.7650, 17.6963
2025-12-01 18:52:15, 0.0476520260, 0.0628397033, 0.1406405594, 0.1303839822, 2715.7736, 2585.5472, 762.4350, 16.3097
2025-12-01 18:52:21, 0.0769820190, 0.0711061601, 0.0856626026, 0.0940612190, 3009.6071, 3015.5179, 759.2500, 18.1870
2025-12-01 18:52:27, 0.0256844351, 0.0252547038, 0.1518673924, 0.1777956074, 2837.8101, 2695.3544, 762.9750, 18.6934
2025-12-01 18:52:33, 0.0243356163, 0.0290305935, 0.0939534851, 0.1338480700, 2796.8571, 2659.2500, 755.5300, 17.4321
2025-12-01 18:52:38, 0.0601616518, 0.0576574175, 0.0834477904, 0.0901735000, 2815.8592, 2767.1972, 757.2700, 19.3072
2025-12-01 18:52:44, 0.0314983195, 0.0362602171, 0.2068318539, 0.1593731907, 2738.0364, 2573.9091, 757.5900, 17.5323
2025-12-01 18:52:50, 0.0456498364, 0.0379038474, 0.2232045435, 0.2307847675, 2890.5600, 2841.3400, 760.5850, 18.2437
2025-12-01 18:52:56, 0.0380196266, 0.0366554723, 0.1247608371, 0.0995224561, 2842.2958, 2736.1268, 760.8400, 18.7303
2025-12-01 18:53:01, 0.0394616792, 0.0460219472, 0.0983815898, 0.0709364266, 2668.7547, 2547.7170, 759.1800, 18.4980
2025-12-01 18:53:07, 0.0333036480, 0.0274073644, 0.1075457463, 0.0927388058, 2969.9846, 2794.6462, 759.0750, 16.4423
2025-12-01 18:53:13, 0.0461615182, 0.0466693266, 0.1402778488, 0.1169758985, 2815.9825, 2771.2807, 756.5000, 19.5364
2025-12-01 18:53:18, 0.0481092195, 0.0425648589, 0.1146665112, 0.1107482057, 2926.0244, 2824.6829, 760.9350, 17.9422
2025-12-01 18:53:24, 0.0676595446, 0.0898845516, 0.1999931498, 0.1660714250, 2959.9821, 2837.9821, 763.9500, 17.1221
2025-12-01 18:53:31, 0.1068405429, 0.0992173813, 0.1139311188, 0.1203048491, 3161.5600, 3058.9800, 757.4800, 18.2910
2025-12-01 18:53:36, 0.0653302643, 0.0681462553, 0.1361018212, 0.1247354386, 2986.4531, 2899.9844, 764.9600, 18.6094
2025-12-01 18:53:42, 0.0804576613, 0.0706618848, 0.1388527978, 0.1047748889, 2695.0426, 2584.7234, 762.2400, 17.6950
2025-12-01 18:53:48, 0.0459645979, 0.0558451867, 0.1003035329, 0.1144463768, 2701.5968, 2711.8710, 766.1900, 17.9815
2025-12-01 18:53:53, 0.0539690353, 0.0708953887, 0.1266179262, 0.1170469104, 2983.7797, 2895.6610, 762.7850, 17.9061
2025-12-01 18:53:59, 0.1079529984, 0.0913215081, 0.0851631632, 0.0820816880, 2975.2353, 2886.7059, 765.5650, 17.6889
2025-12-01 18:54:05, 0.0442891635, 0.0550004611, 0.1451309703, 0.1194832485, 2937.3594, 2791.1406, 768.4450, 18.3991
2025-12-01 18:54:10, 0.0698794225, 0.0705622318, 0.1485859243, 0.1375795673, 2668.4211, 2606.7895, 766.0450, 17.7187
2025-12-01 18:54:16, 0.0837486058, 0.0916252460, 0.0875751509, 0.0922528386, 2762.4390, 2599.7073, 764.1200, 16.2919
2025-12-01 18:54:22, 0.0765961330, 0.1045893858, 0.1416177493, 0.1205325862, 2786.7451, 2692.5490, 760.4150, 16.7998
2025-12-01 18:54:27, 0.0657202024, 0.0757099389, 0.1176842606, 0.1170051693, 2671.6809, 2650.0426, 765.7300, 18.4875
2025-12-01 18:54:33, 0.0675877561, 0.0652929538, 0.1379041159, 0.1045948291, 2814.1400, 2733.5000, 765.0750, 17.0479
2025-12-01 18:54:39, 0.0528435431, 0.0437423595, 0.1642383493, 0.1469590009, 2937.2353, 2779.9853, 767.2700, 19.0548
2025-12-01 18:54:45, 0.0553931668, 0.0549001206, 0.0933662568, 0.0846258523, 2947.3867, 2849.5600, 765.9700, 17.4980
2025-12-01 18:54:50, 0.0463051436, 0.0453217533, 0.1247416872, 0.1048829889, 3046.7973, 2841.3649, 768.5100, 18.8794
2025-12-01 18:54:56, 0.0796208472, 0.0674570510, 0.1992904341, 0.1725050821, 3034.0208, 2947.5625, 762.0750, 16.8932
2025-12-01 18:55:02, 0.0629698240, 0.0564406220, 0.1252406559, 0.1293089047, 2811.6170, 2752.1277, 772.6850, 22.7824
2025-12-01 18:55:07, 0.0760047722, 0.0682975123, 0.1298447938, 0.1187966000, 2532.4730, 2484.7297, 773.0250, 22.6706
2025-12-01 18:55:13, 0.0576817642, 0.0802842138, 0.1370772026, 0.1144300372, 2908.3889, 2890.8194, 771.4550, 21.0442
2025-12-01 18:55:19, 0.0947682926, 0.1000775260, 0.0856684371, 0.0706356840, 3096.8235, 3003.8971, 772.9250, 20.1196
2025-12-01 18:55:24, 0.0853776541, 0.0669921263, 0.1074165448, 0.0999154466, 2772.1333, 2759.0667, 775.0150, 23.2840
2025-12-01 18:55:30, 0.0746193504, 0.0747003374, 0.1239641660, 0.1045498110, 3242.7917, 3108.1875, 771.3250, 20.0499
2025-12-01 18:55:36, 0.0674406707, 0.0728288881, 0.1370944943, 0.1237266155, 2983.0357, 2880.2857, 772.4100, 21.3671
2025-12-01 18:55:42, 0.0813718362, 0.0730766261, 0.1137376119, 0.0726854525, 2714.9000, 2595.0800, 770.1650, 20.4980
2025-12-01 18:55:47, 0.0672120762, 0.0658252807, 0.1181701097, 0.1011930166, 2905.4286, 2820.6122, 771.0150, 21.6417
2025-12-01 18:55:53, 0.0517610884, 0.0719511457, 0.1074851941, 0.0809445069, 2773.2063, 2675.0317, 770.4200, 21.2818
2025-12-01 18:55:59, 0.0708878207, 0.0783984376, 0.1167162483, 0.0989637658, 2748.6939, 2561.8367, 770.1500, 21.3475
2025-12-01 18:56:05, 0.0686842418, 0.0494651665, 0.1612057027, 0.1344698889, 2617.5484, 2533.2903, 768.4100, 23.1457
2025-12-01 18:56:11, 0.0660150437, 0.0602690014, 0.1121454909, 0.1184400749, 2804.1395, 2721.7442, 770.6550, 21.1905
2025-12-01 18:56:16, 0.0504463383, 0.0527941278, 0.1396379102, 0.1214944380, 2868.6620, 2880.4648, 769.3350, 23.5466
2025-12-01 18:56:22, 0.0589681199, 0.0587543490, 0.1488381956, 0.0995650725, 2569.6316, 2549.7368, 770.5550, 23.0551
2025-12-01 18:56:28, 0.0358412104, 0.0388843473, 0.0906845898, 0.0858696127, 2786.3824, 2652.8382, 768.6150, 20.0658
2025-12-01 18:56:34, 0.0325742517, 0.0301885075, 0.1130566861, 0.0738098570, 2839.1408, 2646.4930, 770.5000, 22.7449
2025-12-01 18:56:40, 0.0553526418, 0.0546282169, 0.1178457944, 0.1156594227, 3080.0000, 3064.7969, 768.0650, 18.2508
2025-12-01 18:56:45, 0.0414241353, 0.0584512863, 0.0852485511, 0.0760882204, 2750.9800, 2658.4400, 766.9900, 21.1773
2025-12-01 18:56:51, 0.0614139831, 0.0611323535, 0.0939046321, 0.1072241788, 2793.9400, 2719.6400, 767.7200, 17.6695
2025-12-01 18:56:57, 0.0647931436, 0.0567530044, 0.0712702289, 0.0769427126, 2906.6349, 2897.8095, 766.9750, 19.1579
2025-12-01 18:57:02, 0.0806099372, 0.0819649751, 0.1454178337, 0.1321915901, 2885.6800, 2778.1000, 764.3800, 18.2037
2025-12-01 18:57:08, 0.0527375641, 0.0697109470, 0.1221400443, 0.1002070581, 2988.4590, 2839.7705, 765.7700, 18.1906
2025-12-01 18:57:14, 0.0444756207, 0.0793167141, 0.0979871086, 0.0934045199, 2677.4038, 2680.7692, 764.2200, 18.9990
2025-12-01 18:57:20, 0.0689958260, 0.0748544185, 0.0674555373, 0.0628727103, 2932.1846, 2796.7692, 762.7050, 19.6781
2025-12-01 18:57:25, 0.1196456848, 0.1105301643, 0.1109737130, 0.0862391595, 2753.2364, 2726.5818, 761.5450, 18.6842
2025-12-01 18:57:31, 0.0775632864, 0.0700155671, 0.0979557827, 0.0805336364, 2900.4355, 2730.7258, 763.2850, 16.5334
2025-12-01 18:57:37, 0.0948651260, 0.1123705169, 0.0707227384, 0.0519117572, 2934.5472, 2914.1321, 766.1700, 20.1246
2025-12-01 18:57:43, 0.0770025766, 0.0659544395, 0.0786591338, 0.0746242382, 2727.0345, 2681.6897, 764.9850, 20.3127
2025-12-01 18:57:49, 0.0723831193, 0.0746443284, 0.0612325369, 0.0584017083, 2660.6346, 2611.6154, 761.0600, 19.5912
2025-12-01 18:57:55, 0.0975704384, 0.0666805180, 0.0838436250, 0.1069871327, 2780.1395, 2692.7907, 763.5450, 19.0415
2025-12-01 18:58:00, 0.0897520362, 0.0981192226, 0.1108087382, 0.0887701133, 2696.1304, 2647.0870, 764.6900, 17.0949
2025-12-01 18:58:06, 0.0623390828, 0.0570029546, 0.1270954759, 0.1078205409, 2989.0000, 2927.2951, 760.0600, 18.7143
2025-12-01 18:58:12, 0.0673282364, 0.0621652858, 0.1421167734, 0.1258548589, 3001.5846, 2973.2923, 763.3050, 20.2645
2025-12-01 18:58:18, 0.0666323180, 0.0768638873, 0.1494437943, 0.1183501090, 2558.5593, 2555.6102, 762.2500, 19.2865
2025-12-01 18:58:24, 0.0721116321, 0.0714511649, 0.0949610015, 0.1234006615, 2805.2903, 2772.3065, 763.6450, 18.2093
2025-12-01 18:58:29, 0.0796143085, 0.0766495308, 0.0634856405, 0.0692945062, 2769.8125, 2686.7500, 764.3950, 19.5670
2025-12-01 18:58:35, 0.1222466494, 0.1325874408, 0.1682646263, 0.1281472972, 2974.0484, 2877.0000, 762.6700, 17.6159
2025-12-01 18:58:41, 0.0972922274, 0.1118168482, 0.1286851797, 0.1121816534, 2669.7222, 2597.7778, 760.9950, 18.1674
2025-12-01 18:58:47, 0.1265126372, 0.1249727295, 0.0819122205, 0.0667738111, 2696.2222, 2694.5370, 761.2350, 19.5867
2025-12-01 18:58:53, 0.0746583122, 0.0737283460, 0.0994075461, 0.0695043747, 2700.2105, 2596.6842, 763.5650, 17.0820
2025-12-01 18:58:58, 0.0583613294, 0.0714490256, 0.1085670891, 0.0849658853, 3012.9583, 2772.5625, 760.4850, 18.4762
2025-12-01 18:59:04, 0.0903047086, 0.0615425597, 0.0689058784, 0.0657618757, 2995.8636, 2804.3333, 764.4000, 18.1204
2025-12-01 18:59:10, 0.1424960164, 0.1461411017, 0.1242793387, 0.1105127768, 2826.5686, 2849.7843, 763.9250, 17.1956
2025-12-01 18:59:16, 0.1525717607, 0.1399093269, 0.0968909000, 0.0981666121, 2966.9038, 2795.5577, 764.4100, 19.3409
2025-12-01 18:59:21, 0.0958356123, 0.0889754130, 0.0704770921, 0.0773009088, 2886.9000, 2848.7167, 766.5800, 18.1445
2025-12-01 18:59:27, 0.0729523872, 0.0844268285, 0.1040019967, 0.0924660163, 2714.2000, 2679.5000, 765.1050, 17.6820
2025-12-01 18:59:33, 0.0677758778, 0.0859588748, 0.1530579622, 0.0978617771, 3135.3443, 3030.4918, 771.2900, 17.9018
2025-12-01 18:59:38, 0.0639742622, 0.0599275689, 0.0821920397, 0.0804139917, 3157.8727, 3101.1091, 760.0850, 17.9376
2025-12-01 18:59:44, 0.0470145371, 0.0348179415, 0.1448732208, 0.1493216380, 2838.4531, 2717.2656, 765.3000, 17.7924
2025-12-01 18:59:50, 0.0667532469, 0.0553650853, 0.1329708733, 0.1202822232, 2926.9565, 2848.8696, 768.3500, 17.7445
2025-12-01 18:59:56, 0.0416717635, 0.0438513452, 0.1223872864, 0.1497921950, 2951.1493, 2952.4776, 769.6700, 18.2918
2025-12-01 19:00:01, 0.0679779005, 0.0584207996, 0.1077656266, 0.0850662011, 2771.4314, 2793.1961, 768.8850, 19.9026
2025-12-01 19:00:07, 0.0714420801, 0.0686745774, 0.1280702085, 0.1331174414, 2732.2456, 2689.1404, 768.6800, 17.3089
2025-12-01 19:00:13, 0.0493759263, 0.0465492146, 0.1508223582, 0.1522070782, 2684.8750, 2681.0469, 770.6950, 16.8265
2025-12-01 19:00:19, 0.0586848101, 0.0642277848, 0.2031486914, 0.1357931974, 2801.3846, 2678.9231, 763.3300, 16.3246
2025-12-01 19:00:25, 0.0499657590, 0.0478588217, 0.1370710141, 0.1294845956, 2520.3830, 2486.6383, 761.4750, 17.3124
2025-12-01 19:00:30, 0.0686385130, 0.0694604462, 0.2197497904, 0.1892183089, 2873.0833, 2855.7667, 766.3800, 19.5194
2025-12-01 19:00:36, 0.0648873612, 0.0551500432, 0.1715000078, 0.1742893452, 2729.2083, 2709.7500, 761.7500, 17.6153
2025-12-01 19:00:42, 0.0494108347, 0.0505171107, 0.1720610315, 0.2029311373, 2591.9273, 2700.9818, 762.1150, 17.0183
2025-12-01 19:00:48, 0.0539273382, 0.0486365132, 0.5761570295, 0.5141893560, 2893.5333, 2808.8333, 761.9650, 18.1809
2025-12-01 19:00:54, 0.0398787873, 0.0492847706, 0.1874704243, 0.2117718570, 2683.3158, 2650.2456, 763.8850, 17.3592
2025-12-01 19:00:59, 0.0647625707, 0.0462514847, 0.1725873615, 0.1417796707, 2713.9153, 2606.4915, 759.7750, 18.2895
2025-12-01 19:01:05, 0.0457969116, 0.0425463677, 0.1923562418, 0.1472081674, 2776.8776, 2501.4898, 763.7950, 17.4231
2025-12-01 19:01:11, 0.0518470563, 0.0523285220, 0.1925866198, 0.1420730083, 2635.5200, 2593.3000, 761.0900, 16.5781
2025-12-01 19:01:17, 0.0793117185, 0.0607561245, 0.1784344904, 0.2087875666, 2738.5000, 2762.9750, 766.4150, 18.8397
2025-12-01 19:01:23, 0.0961944615, 0.1072615520, 0.2530082484, 0.2637375045, 2597.2195, 2590.3415, 765.8250, 17.3570
2025-12-01 19:01:29, 0.0817519576, 0.0821309163, 0.2520481622, 0.2293769178, 2873.7241, 2865.9310, 766.5600, 16.7444
2025-12-01 19:01:34, 0.0943133716, 0.1008534901, 0.1180559255, 0.1321238937, 2525.6000, 2624.4000, 769.9850, 18.9561
2025-12-01 19:01:40, 0.0871238434, 0.0959835863, 0.2240634271, 0.1684525148, 2800.8537, 2739.6585, 767.4250, 19.0991
2025-12-01 19:01:46, 0.0593108466, 0.0612488208, 0.1558003264, 0.1077414207, 2747.4348, 2639.5652, 766.4900, 19.3579
2025-12-01 19:01:52, 0.0742722572, 0.0687797205, 0.2077608355, 0.2009320490, 2779.5694, 2756.6111, 763.3750, 18.2424
2025-12-01 19:01:58, 0.0929342256, 0.0966906108, 0.1808452957, 0.1632886441, 2953.0222, 2921.1778, 762.6850, 19.1360
2025-12-01 19:02:03, 0.1823958686, 0.1237793356, 0.1551922241, 0.1783523824, 2726.2000, 2894.9400, 764.9750, 19.1182
2025-12-01 19:02:09, 0.0500586058, 0.0570886787, 0.1878064016, 0.1579815187, 2909.7925, 2713.5094, 766.2500, 20.3241
2025-12-01 19:02:15, 0.1034509266, 0.0771521592, 0.1948319344, 0.1755142919, 3108.7234, 3123.1489, 765.1950, 18.0626
2025-12-01 19:02:21, 0.1376602793, 0.0956729630, 0.1002852378, 0.1020096230, 2724.1833, 2642.0333, 765.2400, 18.5184
2025-12-01 19:02:26, 0.0739039422, 0.0904897639, 0.1430778147, 0.1161656093, 2720.4419, 2705.3023, 762.8450, 18.4139
2025-12-01 19:02:32, 0.1056836115, 0.1008350809, 0.1828226956, 0.1630603227, 3071.6531, 3002.0612, 764.2050, 18.5260
2025-12-01 19:02:38, 0.0577619773, 0.0722875207, 0.1444671212, 0.1075609539, 2643.0175, 2648.7895, 765.1700, 18.6143
2025-12-01 19:02:43, 0.0489690356, 0.0500757891, 0.1629047908, 0.1278432806, 2627.8788, 2570.5909, 764.0600, 17.7473
2025-12-01 19:02:49, 0.0378785347, 0.0402506428, 0.1242422280, 0.1142193425, 2987.5294, 2995.3382, 765.3650, 17.7226
2025-12-01 19:02:55, 0.1009030259, 0.0929465519, 0.1348836443, 0.1380069768, 3021.5122, 2962.1951, 765.2500, 18.3188
2025-12-01 19:03:00, 0.0981190681, 0.0985016858, 0.1460146634, 0.1346616300, 2827.1385, 2799.7692, 765.3100, 18.1820
2025-12-01 19:03:06, 0.0993561869, 0.0767551039, 0.1257548156, 0.1235210794, 2861.0370, 2819.7963, 763.5600, 18.7469
2025-12-01 19:03:12, 0.0475910256, 0.0383137887, 0.1274213950, 0.1246351507, 2726.6333, 2751.1667, 763.9400, 20.5240
2025-12-01 19:03:18, 0.1092338348, 0.1104345085, 0.1323494392, 0.0927498913, 2673.9048, 2603.1429, 769.2000, 18.4838
2025-12-01 19:03:23, 0.0576569770, 0.0550399676, 0.2382723061, 0.1945626611, 2779.1111, 2784.8704, 766.6050, 19.4445
2025-12-01 19:03:29, 0.0839513395, 0.0837701120, 0.2231451673, 0.2057878095, 2875.6731, 2874.1923, 763.6600, 19.0566
2025-12-01 19:03:35, 0.0759639919, 0.0744870657, 0.1693114067, 0.1629443085, 2969.0000, 2936.5106, 768.3400, 21.9676
2025-12-01 19:03:40, 0.0581806640, 0.0494580833, 0.1747254070, 0.1567219957, 3170.8393, 2955.6786, 768.5800, 20.5598
2025-12-01 19:03:46, 0.0641046230, 0.0773048772, 0.1618508933, 0.1368599211, 2624.3542, 2582.9167, 767.5700, 16.8067
2025-12-01 19:03:52, 0.1156758483, 0.0958304305, 0.1111593330, 0.0855706816, 2942.7826, 2883.7609, 769.2400, 19.1398
2025-12-01 19:03:58, 0.0842016425, 0.0955966479, 0.1354836237, 0.1164710554, 3068.1750, 3036.1500, 770.2250, 21.0588
2025-12-01 19:04:03, 0.0603245878, 0.0962557616, 0.1582410203, 0.1447343750, 2874.6596, 2777.7872, 770.8500, 20.0317
2025-12-01 19:04:09, 0.0537014333, 0.0523070843, 0.1751174180, 0.0959882979, 2928.7407, 2672.3889, 767.4700, 20.9143
2025-12-01 19:04:15, 0.0813152908, 0.1238757608, 0.1268212330, 0.1484362132, 2984.9000, 2864.3400, 767.8350, 21.0002
2025-12-01 19:04:21, 0.1261621587, 0.0942690426, 0.1396541217, 0.1301192935, 2658.5405, 2661.7568, 767.0150, 22.9431
2025-12-01 19:04:26, 0.1170284002, 0.1177275987, 0.2016290898, 0.1910979485, 2561.0000, 2565.0000, 768.2950, 20.7318
2025-12-01 19:04:32, 0.1067561044, 0.0983428897, 0.1017523739, 0.0987946328, 2626.5439, 2642.9474, 766.7400, 17.3004
2025-12-01 19:04:38, 0.1054308626, 0.1092420356, 0.1100268693, 0.0837028982, 3045.6545, 2872.0909, 768.1500, 18.4650
2025-12-01 19:04:43, 0.0990620410, 0.0944366680, 0.2597283313, 0.1895013527, 2664.6981, 2650.0755, 769.3750, 19.5437
2025-12-01 19:04:49, 0.0671598881, 0.0881264479, 0.1111895265, 0.0968787363, 3026.8654, 2975.3846, 771.7100, 17.9954
2025-12-01 19:04:55, 0.0753372613, 0.0726286590, 0.0913597024, 0.0946294931, 2841.3000, 2899.9800, 768.8350, 21.3852
2025-12-01 19:05:02, 0.1201246169, 0.1177416475, 0.1534837910, 0.1857162971, 2849.4318, 2928.0227, 767.9050, 19.3757
2025-12-01 19:05:07, 0.1083562852, 0.1135852954, 0.1822251453, 0.1789063176, 2990.9545, 2912.1591, 766.9550, 18.6202
2025-12-01 19:05:13, 0.0676294929, 0.0708594615, 0.1330162040, 0.1121705353, 2582.6610, 2565.2373, 770.1950, 19.5161
2025-12-01 19:05:19, 0.1087000481, 0.0905533807, 0.1076307622, 0.1034218005, 2923.4615, 2874.5192, 762.1750, 15.2504
2025-12-01 19:05:25, 0.1546501056, 0.0912167076, 0.1453251745, 0.1504444738, 3171.9231, 3097.9808, 763.0850, 17.5843
2025-12-01 19:05:30, 0.0809483347, 0.0732265815, 0.1442654336, 0.1008497350, 2805.7143, 2635.7347, 766.7900, 18.1608
2025-12-01 19:05:36, 0.0932601230, 0.0909876142, 0.1412518054, 0.0884430420, 3003.2830, 2893.3019, 763.2900, 18.2862
2025-12-01 19:05:42, 0.0652441196, 0.0660529317, 0.1198893406, 0.0915858101, 2479.9583, 2484.6042, 764.1100, 18.5078
2025-12-01 19:05:47, 0.0592754824, 0.0718345786, 0.0775031445, 0.0788236818, 2857.8889, 2792.5185, 764.1250, 17.8395
2025-12-01 19:05:53, 0.0486425405, 0.0602475775, 0.1035660489, 0.0987955052, 2906.4909, 2793.8000, 766.4250, 18.9326
2025-12-01 19:05:59, 0.0581513611, 0.0646963544, 0.1186254828, 0.0999509335, 2922.9831, 2869.7119, 766.6600, 18.0445
2025-12-01 19:06:05, 0.1066208676, 0.1359410436, 0.0759985893, 0.0654655325, 2652.2600, 2615.5000, 763.9350, 18.6666
2025-12-01 19:06:11, 0.0636751039, 0.0667830459, 0.0918456776, 0.1035146118, 2631.5323, 2631.3548, 763.3800, 16.2882
2025-12-01 19:06:17, 0.0408261535, 0.0319889773, 0.1531747452, 0.1321745566, 2987.0980, 2958.6275, 769.5850, 18.0614
2025-12-01 19:06:23, 0.0399234881, 0.0546150383, 0.1346218129, 0.0606864009, 2414.9231, 2332.2308, 772.4100, 19.7743
2025-12-01 19:06:28, 0.0826604587, 0.0704007981, 0.1262021330, 0.1357043867, 3006.0000, 2833.5593, 770.1700, 16.6310
2025-12-01 19:06:34, 0.0878881759, 0.1036808536, 0.1149033148, 0.0902464310, 2815.8475, 2790.6949, 771.6750, 18.1477
2025-12-01 19:06:40, 0.1225358092, 0.1083855002, 0.1324173234, 0.1028640596, 2980.3220, 2927.5085, 768.6250, 17.3745
2025-12-01 19:06:46, 0.0993227877, 0.0885023744, 0.1152074369, 0.1076181986, 2861.4545, 2890.2545, 774.3750, 20.6534
2025-12-01 19:06:52, 0.0980378649, 0.1058858128, 0.1921362795, 0.1896146118, 2655.5000, 2740.8393, 771.2400, 20.2458
2025-12-01 19:06:58, 0.1196259034, 0.0771499636, 0.1616801716, 0.1994339675, 2859.5600, 2898.6600, 769.0300, 17.1616
2025-12-01 19:07:04, 0.0742091899, 0.0994353439, 0.1434093640, 0.1434925645, 2840.5882, 2771.5098, 765.9200, 17.3992
2025-12-01 19:07:10, 0.0537453725, 0.0437254232, 0.1199319464, 0.1057020069, 2919.6949, 2829.7797, 766.6450, 16.4048
2025-12-01 19:07:16, 0.0623812327, 0.0629025393, 0.0926466844, 0.1005720607, 2805.2632, 2861.3860, 771.3700, 19.3882
2025-12-01 19:07:22, 0.0706077946, 0.0845220620, 0.0948704117, 0.0898977775, 2720.5918, 2706.6735, 771.3900, 17.4229
2025-12-01 19:07:29, 0.0712645129, 0.0746197896, 0.1460107299, 0.1020090405, 2940.9565, 2707.8261, 768.7500, 18.3523
2025-12-01 19:07:36, 0.0936740396, 0.0858010968, 0.1075207341, 0.1157606356, 2598.2200, 2608.0600, 768.0750, 19.8466
2025-12-01 19:07:42, 0.1400534321, 0.1181462736, 0.0838135132, 0.0746900402, 2893.8364, 2835.2000, 770.3050, 18.3475
2025-12-01 19:07:48, 0.0888112966, 0.0885643173, 0.1100105288, 0.0949712782, 3124.3091, 3008.5273, 769.8550, 18.7650
2025-12-01 19:07:53, 0.1048910763, 0.0816433433, 0.1079590447, 0.1156058202, 2893.0400, 2869.6267, 766.8000, 18.1761
2025-12-01 19:08:00, 0.1226441840, 0.1325394492, 0.1037708089, 0.1244179823, 2782.2075, 2847.9623, 764.5300, 18.0842
2025-12-01 19:08:06, 0.0915913824, 0.1287675693, 0.1151735476, 0.0957377473, 2855.3148, 2807.9259, 761.2700, 16.3260
2025-12-01 19:08:12, 0.1046726216, 0.1022352169, 0.1312619554, 0.1319921612, 2842.8776, 2908.3878, 767.6750, 16.8238
2025-12-01 19:08:18, 0.0804321005, 0.0922280307, 0.0865334310, 0.0858069412, 2880.5714, 2760.7937, 764.8750, 18.8571
2025-12-01 19:08:24, 0.0589217793, 0.0817226868, 0.1212409025, 0.1047897360, 2670.3091, 2654.2364, 767.6400, 17.1319
2025-12-01 19:08:30, 0.0795587703, 0.0914702468, 0.0846085211, 0.0670050362, 2824.9167, 2755.3500, 763.3400, 16.6950
2025-12-01 19:08:36, 0.1171494845, 0.1348278714, 0.0853601385, 0.0829249658, 2850.4000, 2855.4800, 764.5900, 17.4204
2025-12-01 19:08:42, 0.0843961989, 0.0756346032, 0.0672309600, 0.0727766356, 2797.6981, 2731.0566, 767.0300, 17.2046
2025-12-01 19:08:48, 0.0731433063, 0.0788680265, 0.0707306234, 0.0841050686, 2850.2258, 2871.5645, 760.3000, 16.3899
2025-12-01 19:08:54, 0.0964750793, 0.1053164134, 0.1082636161, 0.0973941266, 2926.4464, 2805.0536, 763.3850, 18.3580
2025-12-01 19:09:01, 0.1168330364, 0.1339229545, 0.0812947873, 0.0839921762, 3031.7593, 2902.5926, 766.6200, 19.0789
2025-12-01 19:09:07, 0.0573295851, 0.0573541022, 0.1341187433, 0.1257567832, 2719.1772, 2669.7975, 766.1450, 16.9480
2025-12-01 19:09:13, 0.0772197099, 0.0755073566, 0.0969111962, 0.0864065371, 3025.6508, 2870.1111, 767.0550, 16.8060
2025-12-01 19:09:19, 0.0855253696, 0.0872578376, 0.0782270939, 0.0912874029, 2792.8214, 2776.6786, 761.7300, 18.2337
2025-12-01 19:09:25, 0.1094630422, 0.1057120498, 0.0848015396, 0.1011420462, 2861.3542, 2930.1875, 762.4150, 16.9863
2025-12-01 19:09:31, 0.1017326371, 0.0949866632, 0.0961479385, 0.0916784701, 2998.2115, 2857.4615, 762.3100, 18.5533
2025-12-01 19:09:37, 0.0727443419, 0.1010460891, 0.0701292693, 0.0596506560, 2711.6415, 2653.7358, 764.1800, 20.2175
2025-12-01 19:09:43, 0.0745254157, 0.0742539527, 0.0999274968, 0.0997820951, 2767.5614, 2776.5965, 767.8100, 17.6987
2025-12-01 19:09:49, 0.0812424725, 0.0803534646, 0.1129876246, 0.0971461975, 2896.6111, 2864.0000, 767.5500, 17.8977
2025-12-01 19:09:54, 0.0655435972, 0.0535154582, 0.1049016797, 0.1133171891, 2829.1875, 2695.4688, 768.0850, 17.0777
2025-12-01 19:10:00, 0.0939868546, 0.0769977454, 0.0920238475, 0.0784064284, 2795.3676, 2696.1618, 763.7650, 17.7141
2025-12-01 19:10:06, 0.0841951384, 0.0772963822, 0.1244870390, 0.1210942715, 2815.3818, 2730.2364, 766.1550, 17.3430
2025-12-01 19:10:12, 0.0586816470, 0.0680773984, 0.1398801168, 0.1138167760, 2840.7037, 2778.2407, 768.6950, 18.6679
2025-12-01 19:10:18, 0.0597355090, 0.0502996583, 0.2068536861, 0.1342004849, 2985.7547, 2876.4340, 765.9200, 19.8104
2025-12-01 19:10:23, 0.0653465818, 0.0644180511, 0.0943511294, 0.0961518509, 2936.5846, 2858.2769, 768.0500, 18.7757
2025-12-01 19:10:29, 0.1128631255, 0.1360514411, 0.1000313745, 0.0637593700, 2752.4912, 2622.5614, 765.2700, 18.6343
2025-12-01 19:10:35, 0.0941137925, 0.1025641958, 0.0823233422, 0.0740532492, 2643.1636, 2626.1455, 769.7800, 18.1800
2025-12-01 19:10:41, 0.1373667712, 0.1342496902, 0.0860107178, 0.0547457671, 2679.9455, 2597.2727, 764.5100, 18.5715
2025-12-01 19:10:47, 0.1947420818, 0.1372245075, 0.0621189236, 0.0690912850, 2944.1458, 2749.1667, 767.7300, 17.7262
2025-12-01 19:10:52, 0.0851112313, 0.0871325913, 0.0962979876, 0.0741262705, 3135.4286, 2984.0571, 767.1450, 18.1996
2025-12-01 19:10:58, 0.1023433035, 0.1300560542, 0.0989235353, 0.1147160349, 2720.9828, 2695.1724, 768.7250, 19.0877
2025-12-01 19:11:04, 0.1493817514, 0.1580113427, 0.1671262878, 0.1311025617, 2656.7447, 2575.2553, 770.5950, 17.6051
2025-12-01 19:11:09, 0.1387763870, 0.1676076344, 0.1726562874, 0.1665029090, 2963.4894, 2834.0638, 774.8500, 18.0288
2025-12-01 19:11:15, 0.1087863804, 0.0963792568, 0.0999207249, 0.1122346543, 2912.6349, 2976.3492, 766.5550, 18.4880
2025-12-01 19:11:21, 0.0789020837, 0.0597763430, 0.1147193310, 0.1182310107, 2748.1698, 2715.9811, 773.0500, 17.1659
2025-12-01 19:11:27, 0.0884197036, 0.0878680971, 0.1145270530, 0.0997980143, 3040.3111, 2943.6222, 770.6550, 19.4599
2025-12-01 19:11:32, 0.0773524224, 0.0984980947, 0.0989493183, 0.1017436342, 2739.0638, 2775.2979, 771.5150, 20.1841
2025-12-01 19:11:38, 0.1471575114, 0.1367209834, 0.0710562771, 0.0902128310, 2671.1373, 2634.1373, 773.1400, 17.7381
2025-12-01 19:11:44, 0.0632745162, 0.0761340306, 0.0911006029, 0.1021769302, 3042.3529, 2973.7941, 771.5000, 17.4385
2025-12-01 19:11:49, 0.0988939341, 0.0802544762, 0.0784336616, 0.0704268227, 2695.4667, 2595.1667, 772.8000, 16.0297
2025-12-01 19:11:55, 0.1685719575, 0.1589174399, 0.1071512493, 0.0860597092, 2874.2830, 2789.8302, 770.4750, 18.4182
2025-12-01 19:12:01, 0.1051606973, 0.1619651281, 0.0986499532, 0.0807561873, 3044.4528, 2949.0000, 767.6100, 17.6016
2025-12-01 19:12:07, 0.0990376126, 0.0884875598, 0.0750472584, 0.0755290476, 2731.0000, 2650.7955, 766.7250, 18.4889
2025-12-01 19:12:12, 0.0745300261, 0.0817338491, 0.0896074719, 0.0700695483, 3060.6984, 2961.2381, 765.9850, 18.3498
2025-12-01 19:12:18, 0.0709860333, 0.0890060856, 0.0774677277, 0.0909391691, 2973.7536, 2868.9420, 764.0800, 16.6620
2025-12-01 19:12:24, 0.0279190525, 0.0247939148, 0.1337848981, 0.0940181570, 2801.0617, 2685.8395, 766.1500, 17.1531
2025-12-01 19:12:30, 0.0328741651, 0.0263054131, 0.1272089449, 0.1061609538, 2760.0333, 2552.7667, 764.7150, 17.5896
2025-12-01 19:12:35, 0.0918294149, 0.0797641464, 0.0897688162, 0.0680887047, 2893.2414, 2806.9138, 764.4300, 17.3518
2025-12-01 19:12:41, 0.0371332338, 0.0382638559, 0.0996033836, 0.0821508710, 2684.6250, 2632.2344, 765.5100, 18.3057
2025-12-01 19:12:47, 0.0224448923, 0.0251386406, 0.0699800066, 0.0675664554, 2863.4750, 2620.8625, 765.7100, 16.7659
2025-12-01 19:12:53, 0.0244672051, 0.0265434558, 0.0907817427, 0.0808264206, 2767.3556, 2569.3889, 764.4900, 16.7251
2025-12-01 19:12:59, 0.0477273805, 0.0362103614, 0.0614481435, 0.0659128360, 2872.7544, 2715.3158, 764.0500, 17.5031
2025-12-01 19:13:04, 0.0496709126, 0.0392508557, 0.1183549177, 0.1112691614, 2808.2059, 2638.7941, 764.1100, 17.1770
2025-12-01 19:13:10, 0.0510814117, 0.0630372952, 0.0956081066, 0.1225380761, 2962.8533, 2753.2400, 767.4750, 16.9021
2025-12-01 19:13:16, 0.0548212903, 0.0678442159, 0.0621608515, 0.0728008988, 2770.3538, 2634.6308, 763.9150, 18.6244
2025-12-01 19:13:21, 0.0131396763, 0.0260133346, 0.1038593886, 0.0783616910, 2837.3125, 2592.3906, 764.5900, 19.0697
2025-12-01 19:13:28, 0.0696172801, 0.0538914886, 0.1305273756, 0.1044832177, 2758.4576, 2723.4576, 764.2950, 16.1653
2025-12-01 19:13:33, 0.0569487538, 0.0530157194, 0.1297174473, 0.1149012082, 2922.2000, 2746.0200, 763.4400, 18.0457
2025-12-01 19:13:39, 0.0523110641, 0.0469775712, 0.1173759006, 0.0926914662, 2857.6167, 2660.1167, 763.7400, 17.9614
2025-12-01 19:13:45, 0.0776588438, 0.0647045557, 0.0961429889, 0.1153272794, 2904.9574, 2918.8085, 766.9950, 17.7470
2025-12-01 19:13:51, 0.1028000252, 0.0938885937, 0.1618399649, 0.1581761857, 3113.7200, 3137.6000, 765.6800, 17.1501
2025-12-01 19:13:56, 0.0839003419, 0.0798233767, 0.0683704688, 0.1033812121, 2773.3103, 2853.3966, 763.6050, 17.7876
2025-12-01 19:14:02, 0.0885185930, 0.0749366369, 0.1106206574, 0.0916233979, 2782.0893, 2724.5893, 765.1100, 16.5574
2025-12-01 19:14:08, 0.0761692577, 0.0742501103, 0.0677063919, 0.0565470675, 2807.0625, 2778.4688, 762.7450, 19.0560
2025-12-01 19:14:13, 0.0709626005, 0.0511843580, 0.0988225491, 0.0909929056, 2985.6812, 2884.8986, 767.1350, 17.0325
2025-12-01 19:14:19, 0.0794205477, 0.0627786311, 0.0977853739, 0.0835979586, 2848.0962, 2638.5769, 767.1950, 18.7055
2025-12-01 19:14:25, 0.0637443911, 0.0574590530, 0.0918012911, 0.0868559340, 2731.1167, 2608.7167, 766.5350, 17.0100
2025-12-01 19:14:31, 0.0427229323, 0.0395269818, 0.1359999189, 0.0771435002, 2801.2895, 2622.9868, 770.2100, 17.7213
2025-12-01 19:14:36, 0.0551630808, 0.0449448252, 0.0671041719, 0.0782288152, 2748.3333, 2661.6667, 768.5650, 16.0937
2025-12-01 19:14:42, 0.0634239395, 0.0598906598, 0.1073705151, 0.1083413170, 3076.0312, 3029.9688, 769.6400, 17.2128
2025-12-01 19:14:48, 0.0520239906, 0.0537631049, 0.1109131987, 0.0710429401, 2778.4627, 2701.7463, 767.2600, 18.1037
2025-12-01 19:14:54, 0.1029444092, 0.0934011389, 0.0927351393, 0.0913418901, 2727.4231, 2641.5962, 766.7200, 17.4035
2025-12-01 19:15:00, 0.0939324415, 0.0785267210, 0.1167233935, 0.0861512126, 3094.4200, 3121.5200, 766.7150, 18.6471
2025-12-01 19:15:06, 0.1130621664, 0.1114453616, 0.1068003112, 0.1039678291, 2787.6863, 2824.4118, 769.2350, 17.0889
2025-12-01 19:15:12, 0.0499287351, 0.0570065409, 0.1042114816, 0.0713682161, 3056.0667, 2857.4500, 763.7550, 17.3114
2025-12-01 19:15:17, 0.0502394261, 0.0471719550, 0.1139557884, 0.0954755794, 2893.5769, 2812.1538, 769.1050, 18.2083
2025-12-01 19:15:23, 0.0629133433, 0.0382215498, 0.0888570604, 0.0909501838, 2886.7436, 2725.6795, 765.8950, 18.9977
2025-12-01 19:15:29, 0.1134178191, 0.1411721381, 0.1114870543, 0.0737855734, 2809.4182, 2738.9273, 768.1450, 16.6146
2025-12-01 19:15:34, 0.0946116183, 0.0942679780, 0.1193894717, 0.0901119505, 2986.0000, 2805.5614, 771.8950, 17.9269
2025-12-01 19:15:40, 0.0839246281, 0.0625095348, 0.2018495828, 0.1814552572, 2827.1731, 2768.5000, 765.3300, 18.7441
2025-12-01 19:15:46, 0.0719888224, 0.0543355481, 0.1740788778, 0.1090962266, 2862.9600, 2791.9400, 763.1450, 16.7244
2025-12-01 19:15:52, 0.0578848035, 0.0643093767, 0.1216052209, 0.1562249132, 2710.9623, 2641.4151, 767.3200, 18.7962
2025-12-01 19:15:57, 0.0646679598, 0.0433843200, 0.1718109792, 0.1661191494, 3069.3692, 2964.5846, 761.9450, 18.0433
2025-12-01 19:16:03, 0.0773460553, 0.0656242688, 0.2759905607, 0.2609538560, 3076.8936, 2974.6596, 764.3150, 17.5010
2025-12-01 19:16:09, 0.0846836417, 0.0628487757, 0.0963180480, 0.1118142335, 2755.0476, 2836.5238, 763.4050, 18.1480
2025-12-01 19:16:14, 0.1201640608, 0.0935081997, 0.1012728561, 0.1021868947, 2897.1404, 2851.0175, 766.3850, 19.2589
2025-12-01 19:16:20, 0.0838817147, 0.0710611995, 0.2452618318, 0.2047579296, 3076.0588, 3101.5686, 764.6350, 17.8587
2025-12-01 19:16:26, 0.1010385944, 0.0813938621, 0.1639006884, 0.1173544906, 2890.9434, 2810.9623, 767.4800, 19.3002
2025-12-01 19:16:31, 0.0728516166, 0.0643280468, 0.1036295179, 0.1151488386, 2788.7174, 2890.8913, 767.0000, 17.1006
2025-12-01 19:16:37, 0.0771434238, 0.0620582907, 0.1044621457, 0.0988916751, 2725.6071, 2576.1964, 760.6350, 18.0367
2025-12-01 19:16:43, 0.0860527029, 0.0872845613, 0.0592638843, 0.0742866246, 2887.0000, 2951.5179, 765.1850, 18.9484
2025-12-01 19:16:49, 0.0595987317, 0.0518409454, 0.2068808954, 0.1972283894, 2833.1000, 2728.8500, 762.7800, 18.8056
2025-12-01 19:16:55, 0.0602471910, 0.0733950692, 0.1902385491, 0.1879013591, 2740.9545, 2673.6212, 760.3850, 18.4555
2025-12-01 19:17:00, 0.0582018497, 0.0696932758, 0.1693895790, 0.1271423970, 2944.3654, 2853.6346, 765.7550, 16.4200
2025-12-01 19:17:06, 0.1026884326, 0.0761322840, 0.1278394590, 0.1737864332, 3174.7241, 3197.0862, 764.5500, 17.0914
2025-12-01 19:17:12, 0.0759695275, 0.0665622834, 0.1584871459, 0.1193360112, 2733.2000, 2584.4000, 762.8700, 19.2952
2025-12-01 19:17:17, 0.0867840421, 0.0667831709, 0.2663116719, 0.1971655392, 2942.8868, 2771.2642, 764.8800, 16.9563
2025-12-01 19:17:23, 0.0753549207, 0.0700823291, 0.1129878064, 0.0930513757, 2832.9245, 2860.3396, 765.1000, 17.0050
2025-12-01 19:17:29, 0.1269345441, 0.1239133978, 0.1312333586, 0.1015999001, 2800.7705, 2803.8525, 761.9550, 18.3236
2025-12-01 19:17:35, 0.0657900718, 0.0610896855, 0.1711141903, 0.2021786070, 2756.4286, 2701.0143, 763.0050, 16.5661
2025-12-01 19:17:40, 0.0790001155, 0.0742502334, 0.1062617627, 0.0980305678, 2897.2391, 2824.4783, 764.0400, 17.2959
2025-12-01 19:17:46, 0.0576955342, 0.0649555686, 0.1201249290, 0.1016530003, 2595.1400, 2679.8400, 765.1900, 19.7614
2025-12-01 19:17:52, 0.0424923005, 0.0273664741, 0.0875225313, 0.1299389818, 2706.0820, 2618.0656, 765.2850, 17.1080
2025-12-01 19:17:57, 0.0546901445, 0.0467046411, 0.1108184845, 0.1029152684, 2744.3684, 2680.1053, 765.2750, 19.8373
2025-12-01 19:18:04, 0.0589327163, 0.0506852123, 0.0863011447, 0.1023807521, 2779.0727, 2784.6727, 763.5050, 18.1590
2025-12-01 19:18:10, 0.0636650302, 0.0600942211, 0.1806052886, 0.1603004570, 2875.7407, 2915.3519, 766.0800, 18.6616
2025-12-01 19:18:16, 0.0491732451, 0.0379414531, 0.1057434805, 0.0921905868, 2868.5357, 2868.2321, 767.2000, 19.1021
2025-12-01 19:18:22, 0.0585801143, 0.0606244293, 0.1261387796, 0.1042397936, 2853.6000, 2766.1833, 765.5800, 18.6240
2025-12-01 19:18:28, 0.0609333722, 0.0464171240, 0.1162954412, 0.1163881904, 2643.6538, 2637.6667, 766.2650, 18.7103
2025-12-01 19:18:33, 0.0535179254, 0.0532374180, 0.1852137988, 0.1515865838, 2791.7759, 2662.5517, 763.2500, 17.6821
2025-12-01 19:18:39, 0.0589349749, 0.0673227833, 0.1894380542, 0.1506078491, 2731.8696, 2607.0000, 764.9250, 17.7679
2025-12-01 19:18:45, 0.0700008622, 0.0517583018, 0.1542956377, 0.1404934724, 2882.8028, 2863.0704, 766.3850, 18.8509
2025-12-01 19:18:51, 0.0640769034, 0.0677205652, 0.1161013555, 0.1122554924, 2957.1897, 2952.0172, 762.1650, 19.5348
2025-12-01 19:18:56, 0.0811795564, 0.0718086514, 0.0944779012, 0.0816432292, 2817.4200, 2818.3400, 763.5300, 18.6279
2025-12-01 19:19:02, 0.0475376550, 0.0547808909, 0.1382893576, 0.1275991699, 2947.0625, 2910.4375, 764.0150, 19.4444
2025-12-01 19:19:08, 0.0653076180, 0.0546585219, 0.1353376704, 0.1509826199, 3162.1746, 2964.5714, 763.6700, 20.5733
2025-12-01 19:19:13, 0.0369955093, 0.0373485455, 0.2007625344, 0.1552386418, 2943.0938, 2844.4531, 768.2500, 17.5085
2025-12-01 19:19:19, 0.0752291850, 0.0723931193, 0.1610861260, 0.1475616561, 2850.4762, 2833.1429, 766.5050, 17.8664
2025-12-01 19:19:25, 0.0422970064, 0.0473774768, 0.1623083250, 0.1639927807, 2761.2466, 2731.8904, 767.8100, 18.5403
2025-12-01 19:19:31, 0.0593227259, 0.0665203082, 0.1640259574, 0.1605236748, 2835.2340, 2747.5532, 767.7000, 18.9452
2025-12-01 19:19:36, 0.1075047111, 0.0936199884, 0.0992626994, 0.1128630248, 2671.4681, 2810.5957, 767.6950, 18.6607
2025-12-01 19:19:42, 0.0546998026, 0.0551177220, 0.1191803503, 0.0988763914, 2824.6087, 2624.0290, 767.6000, 17.7434
2025-12-01 19:19:48, 0.0334835013, 0.0275560161, 0.1474144139, 0.1111122693, 2770.9867, 2550.8133, 768.1800, 19.3912
2025-12-01 19:19:54, 0.0403228370, 0.0364137858, 0.1315535925, 0.1177907540, 2777.9254, 2774.4478, 766.1400, 18.9103
2025-12-01 19:20:00, 0.0554965468, 0.0508363538, 0.2227806978, 0.1837112628, 3075.8148, 2978.9074, 764.6450, 19.8290
2025-12-01 19:20:05, 0.0657956077, 0.0672648529, 0.1146637513, 0.1313258083, 2801.8776, 2812.7755, 767.6200, 18.4420
2025-12-01 19:20:11, 0.0382498012, 0.0407959946, 0.1191553480, 0.1328690843, 2980.7407, 2966.8519, 763.6050, 18.7272
2025-12-01 19:20:17, 0.0414531346, 0.0310089584, 0.1143066642, 0.1146251477, 2802.9062, 2558.7969, 765.2100, 17.9197
2025-12-01 19:20:23, 0.0425695717, 0.0682020453, 0.1139375819, 0.1072767955, 2598.6667, 2630.0500, 763.5450, 18.6005
2025-12-01 19:20:28, 0.0407178161, 0.0521738137, 0.1063150447, 0.0918862762, 2570.5424, 2515.3729, 765.7500, 15.8936
2025-12-01 19:20:34, 0.0674324911, 0.0525254267, 0.1698507572, 0.1450432645, 2845.9322, 2717.3559, 761.8350, 17.7445
2025-12-01 19:20:40, 0.0472098578, 0.0416023052, 0.1915693024, 0.1583108038, 2653.6780, 2475.4576, 760.1350, 19.5938
2025-12-01 19:20:45, 0.0614804317, 0.0598253715, 0.1223359107, 0.1054500780, 2557.1091, 2417.1091, 760.4600, 16.4268
2025-12-01 19:20:52, 0.0612119153, 0.0653169840, 0.0857891455, 0.0869623313, 2852.9434, 2690.3774, 761.2250, 18.7842
2025-12-01 19:20:57, 0.0447302949, 0.0364279967, 0.1540677159, 0.1299960363, 2801.4314, 2729.4510, 762.7700, 18.1272
2025-12-01 19:21:03, 0.0488096030, 0.0486017264, 0.1537221179, 0.1603126481, 2726.0000, 2682.7963, 762.1800, 17.7248
2025-12-01 19:21:09, 0.0698609647, 0.0720330295, 0.0915935470, 0.0913752458, 2604.3019, 2609.5094, 761.3650, 19.0361
2025-12-01 19:21:14, 0.0460777916, 0.0471655501, 0.1431627054, 0.1136673556, 2677.6735, 2524.2653, 761.2350, 18.8396
2025-12-01 19:21:20, 0.0906125543, 0.0813620638, 0.1496225997, 0.1376760742, 2695.2586, 2701.6724, 762.3900, 18.1052
2025-12-01 19:21:26, 0.0454842776, 0.0355481867, 0.1428850181, 0.1297643732, 2887.5455, 2649.0152, 761.8400, 17.4609
2025-12-01 19:21:32, 0.0439095779, 0.0471992704, 0.1084942443, 0.1160641996, 2671.6000, 2678.6769, 760.1250, 19.3745
2025-12-01 19:21:37, 0.0371728582, 0.0584511955, 0.0803456332, 0.0858467424, 3053.6591, 2861.1136, 760.1850, 17.8956
2025-12-01 19:21:43, 0.0504156933, 0.0653866159, 0.1499179888, 0.1267262420, 2675.9811, 2663.3396, 757.9750, 16.7360
2025-12-01 19:21:49, 0.0590519495, 0.0552082680, 0.1115273479, 0.1127242006, 2645.4776, 2691.9701, 761.3900, 18.0130
2025-12-01 19:21:55, 0.0469078444, 0.0585290106, 0.1674942199, 0.1231400240, 2899.6429, 2826.3571, 761.0500, 17.5925
2025-12-01 19:22:00, 0.0559507919, 0.0573005355, 0.1312471172, 0.1089788471, 2823.4262, 2704.6393, 763.0700, 17.1972
2025-12-01 19:22:06, 0.0762558538, 0.0901256151, 0.1170351461, 0.1234826325, 2923.5000, 2951.3889, 762.7450, 19.3189
2025-12-01 19:22:12, 0.0969456498, 0.1388439053, 0.1205349883, 0.1421115413, 3000.3556, 2984.9778, 764.0800, 17.3849
2025-12-01 19:22:18, 0.1120463233, 0.0727000744, 0.1138159593, 0.1073743979, 2982.5870, 2863.6739, 764.8550, 18.4226
2025-12-01 19:22:23, 0.0771927344, 0.0762948495, 0.1081885746, 0.1077357064, 2985.2157, 2965.5098, 765.6350, 18.3565
2025-12-01 19:22:29, 0.0874461961, 0.0817250359, 0.1075745555, 0.1170097714, 2783.6230, 2815.7869, 764.6750, 17.2038
2025-12-01 19:22:35, 0.0831019799, 0.0932528652, 0.0882773425, 0.1090628161, 2835.7818, 2747.8364, 766.0300, 18.2022
2025-12-01 19:22:41, 0.0715280302, 0.0485741522, 0.1222893711, 0.0843964389, 2872.0980, 2704.2549, 766.5800, 18.3260
2025-12-01 19:22:46, 0.0487686721, 0.0502459281, 0.1466146762, 0.0885627478, 2876.4340, 2840.5094, 761.0300, 17.7110
2025-12-01 19:22:53, 0.0600275143, 0.0572031910, 0.0838979082, 0.0674180070, 2650.1667, 2566.6833, 768.3100, 18.4387
2025-12-01 19:22:58, 0.0711656489, 0.0863648227, 0.1361712630, 0.1041529796, 3076.2203, 2971.3729, 763.8550, 17.0427
2025-12-01 19:23:04, 0.0600525598, 0.0670197668, 0.0975925715, 0.0815002583, 2653.7115, 2613.1923, 764.4950, 18.4954
2025-12-01 19:23:10, 0.0587929535, 0.0728568076, 0.0816837942, 0.0858542845, 2806.5588, 2758.0588, 763.4650, 17.5168
2025-12-01 19:23:15, 0.0949059553, 0.1004493306, 0.1396579254, 0.0979773717, 2913.5283, 2940.5660, 762.1750, 17.8041
2025-12-01 19:23:27, 0.0665104449, 0.0698801976, 0.1378440519, 0.1103877861, 2574.3729, 2521.7119, 765.6950, 18.7217
2025-12-01 19:23:33, 0.1069977991, 0.0977591407, 0.1448741303, 0.1674108884, 2759.6111, 2796.5370, 763.6200, 17.3654
2025-12-01 19:23:39, 0.0353647713, 0.0501122694, 0.1823218328, 0.1920806556, 2939.9057, 2950.6981, 766.8600, 19.2780
2025-12-01 19:23:44, 0.0456761315, 0.0466813769, 0.1866475099, 0.1723488390, 2542.2667, 2516.8667, 766.2400, 19.0413
2025-12-01 19:23:50, 0.0911558507, 0.0713997329, 0.1527073356, 0.1408468095, 2647.3208, 2591.0943, 769.6050, 18.5628
2025-12-01 19:23:56, 0.0476416073, 0.0498844787, 0.1340849996, 0.0942436552, 2960.2200, 2802.3200, 768.4800, 18.7771
2025-12-01 19:24:02, 0.0507725996, 0.0540110423, 0.1017396041, 0.1038791895, 2722.4062, 2643.8281, 764.7450, 17.8818
2025-12-01 19:24:08, 0.0438899603, 0.0471380011, 0.1010796284, 0.1710524113, 2836.7358, 2912.2830, 768.1650, 18.3259
2025-12-01 19:24:13, 0.0509652303, 0.0486965992, 0.1276073955, 0.1115357657, 3016.3333, 2847.1746, 767.8050, 18.6705
2025-12-01 19:24:19, 0.0900116251, 0.1011282247, 0.0956356278, 0.1149477936, 2804.6226, 2689.4340, 765.4500, 19.0026
2025-12-01 19:24:25, 0.0465590964, 0.0431952806, 0.1194069608, 0.0972098297, 2764.2714, 2651.4286, 767.1750, 18.2818
2025-12-01 19:24:31, 0.0833447697, 0.0712164594, 0.0870299184, 0.0936528977, 2986.4615, 2802.5385, 767.6950, 17.9976
2025-12-01 19:24:36, 0.0657057202, 0.0625451062, 0.0685905282, 0.0549600158, 2589.4667, 2636.3667, 767.0750, 17.9880
2025-12-01 19:24:42, 0.1068897243, 0.1049007239, 0.0928813880, 0.0924441597, 3012.8000, 2964.6400, 760.5600, 17.1422
2025-12-01 19:24:48, 0.0577881412, 0.0523757512, 0.0705594849, 0.0793843590, 2928.1216, 2850.4189, 762.4750, 20.1698
2025-12-01 19:24:53, 0.1171560907, 0.1207867827, 0.0871069383, 0.0869671813, 2592.2941, 2626.7059, 759.4800, 21.1440
2025-12-01 19:24:59, 0.0706941652, 0.0580730099, 0.1251270942, 0.1290598838, 2886.7500, 2767.2031, 764.2500, 17.5612
2025-12-01 19:25:05, 0.0626269397, 0.0656512148, 0.0797896392, 0.0820003372, 2878.6552, 2824.0172, 762.9000, 17.6604
2025-12-01 19:25:11, 0.0793138161, 0.0745277961, 0.1585353379, 0.1371909594, 2852.8679, 2767.5094, 766.1700, 17.9374
2025-12-01 19:25:17, 0.0718813199, 0.0661269938, 0.0733574527, 0.0828300276, 2775.5479, 2660.9178, 760.6950, 18.4014
2025-12-01 19:25:22, 0.0736047941, 0.0663860812, 0.0666320388, 0.0635253280, 2760.4909, 2859.8909, 763.2900, 19.1861
2025-12-01 19:25:28, 0.0680536218, 0.0811538628, 0.1916793394, 0.1539824281, 2770.6957, 2707.6957, 761.3800, 20.3508
2025-12-01 19:25:34, 0.1136679965, 0.0786216327, 0.0961323972, 0.0985689022, 2931.7347, 2912.0408, 766.1200, 17.3022
2025-12-01 19:25:40, 0.1028543668, 0.0803653418, 0.1013244391, 0.1030642595, 2704.4259, 2666.4630, 759.2500, 18.1639
2025-12-01 19:25:46, 0.0614430876, 0.0477108538, 0.1056853731, 0.0880409810, 2657.2121, 2563.3636, 761.3300, 17.0150
2025-12-01 19:25:52, 0.0551811889, 0.0654424590, 0.1840309165, 0.1561748772, 2664.2097, 2555.5161, 764.5100, 17.7817
2025-12-01 19:25:57, 0.0648788689, 0.0597051010, 0.1185577158, 0.0865278599, 2781.6731, 2596.9808, 763.2550, 18.3033
2025-12-01 19:26:03, 0.0783021247, 0.0628952328, 0.1693559231, 0.0971249529, 2884.5490, 2697.4706, 758.4150, 19.7427
2025-12-01 19:26:09, 0.0915954375, 0.1046080071, 0.1415349951, 0.1223299838, 2883.5000, 2802.7500, 760.1050, 18.2665
2025-12-01 19:26:15, 0.0961822257, 0.1092199187, 0.1009596368, 0.0925295744, 2793.8095, 2697.2143, 760.2150, 18.5690
2025-12-01 19:26:20, 0.0830238931, 0.1065658563, 0.1313340343, 0.0996211463, 2810.1129, 2715.1613, 760.2850, 18.6039
2025-12-01 19:26:26, 0.0939995367, 0.1025395860, 0.0998126459, 0.1079511492, 2730.1373, 2690.9804, 760.8550, 19.5001
2025-12-01 19:26:32, 0.0651431012, 0.0535022115, 0.0867989647, 0.1135322000, 2646.0847, 2644.6102, 761.8550, 17.7987
2025-12-01 19:26:37, 0.0814275475, 0.0856915161, 0.1346897699, 0.1147373279, 2913.1463, 2833.4390, 762.6400, 17.7186
2025-12-01 19:26:43, 0.0873561430, 0.0845363237, 0.1029329393, 0.0781869047, 2876.9000, 2817.5833, 760.2050, 18.1723
2025-12-01 19:26:49, 0.0891205083, 0.0642535862, 0.1242884881, 0.1209919279, 2918.1132, 2913.1321, 763.0900, 18.3644
2025-12-01 19:26:55, 0.0755172466, 0.0860132510, 0.1156400919, 0.1248113714, 2965.5714, 2910.3469, 761.2600, 19.0387
2025-12-01 19:27:01, 0.1086649081, 0.0871302897, 0.1698159694, 0.1374653599, 3149.6129, 3025.3871, 761.7100, 17.6234
2025-12-01 19:27:06, 0.0777192767, 0.0735577759, 0.1753477464, 0.1836461228, 3159.1321, 3027.4151, 759.8650, 19.1757
2025-12-01 19:27:12, 0.0654792158, 0.0666636859, 0.1442064013, 0.1248048226, 2802.8525, 2732.0492, 759.5450, 18.2647
2025-12-01 19:27:18, 0.0565491117, 0.0583304477, 0.1087099829, 0.0921368964, 2756.5088, 2730.4561, 761.2550, 20.3671
2025-12-01 19:27:24, 0.1089253882, 0.0861984829, 0.1093625843, 0.0934547322, 2795.5968, 2777.5323, 759.0650, 17.2140
2025-12-01 19:27:30, 0.0695372728, 0.0796597325, 0.1270526954, 0.1273254599, 2770.2174, 2633.3696, 760.5900, 17.9425
2025-12-01 19:27:35, 0.0602573376, 0.0705011994, 0.1610951152, 0.1314015110, 2652.2063, 2485.0635, 756.3650, 18.6540
2025-12-01 19:27:41, 0.0814687125, 0.0717443749, 0.0760904752, 0.0737870493, 2655.6290, 2542.1613, 755.2650, 18.6728
2025-12-01 19:27:47, 0.0809094721, 0.0785920041, 0.1653997598, 0.1820152434, 2719.6727, 2704.6909, 759.8300, 18.2675
2025-12-01 19:27:53, 0.0698706073, 0.0503032448, 0.1501980356, 0.1514775819, 2712.2041, 2758.0612, 759.9050, 17.3944
2025-12-01 19:27:59, 0.0788561738, 0.0766042105, 0.1091904594, 0.1192695810, 2629.4167, 2555.3958, 763.2900, 19.1198
2025-12-01 19:28:04, 0.0836167929, 0.0855746263, 0.1307107819, 0.1086820687, 2676.0784, 2613.9804, 757.8450, 17.7997
2025-12-01 19:28:11, 0.0846089289, 0.0873236770, 0.1373389051, 0.1028323875, 2771.7091, 2709.8545, 757.6850, 17.6529
2025-12-01 19:28:17, 0.0834459798, 0.1099807943, 0.1174494312, 0.1275992420, 2849.1852, 2876.3704, 756.7950, 18.2020
2025-12-01 19:28:22, 0.1037237719, 0.0756564052, 0.1129905902, 0.1181601046, 2901.4189, 2855.6757, 764.6550, 16.8127
2025-12-01 19:28:28, 0.0657263362, 0.0744117280, 0.0928586980, 0.1165724092, 2921.0000, 2855.3488, 767.0750, 18.4886
2025-12-01 19:28:34, 0.0628568963, 0.0736858798, 0.0888872204, 0.0729311961, 2889.7414, 2717.8103, 758.1200, 17.4461
2025-12-01 19:28:39, 0.1116207001, 0.1048183309, 0.2038871300, 0.1776070379, 2810.4255, 2818.2340, 756.3850, 18.1049
2025-12-01 19:28:45, 0.1039931120, 0.1287447759, 0.1001932580, 0.0914514649, 2779.8409, 2741.8409, 759.2300, 17.6852
2025-12-01 19:28:51, 0.0769332512, 0.0800558488, 0.1163820085, 0.1043326155, 2990.3585, 2923.6415, 756.7850, 17.8684
2025-12-01 19:28:56, 0.1697724768, 0.1616366722, 0.1020732269, 0.0976442476, 2860.1765, 2812.1569, 759.3950, 18.7160
2025-12-01 19:29:02, 0.0487366307, 0.0688598815, 0.1388059674, 0.1252169049, 2760.6418, 2614.7164, 756.8300, 16.5009
2025-12-01 19:29:08, 0.0685841356, 0.0885613489, 0.0916540938, 0.0668798991, 2678.3585, 2612.4151, 759.1800, 19.6086
2025-12-01 19:29:14, 0.0995576518, 0.0951424657, 0.1044889426, 0.0854734101, 2906.0476, 2916.8413, 758.1300, 16.7010
2025-12-01 19:29:19, 0.0478338749, 0.0832844817, 0.0856264577, 0.0863793988, 3181.7368, 3114.9298, 760.9900, 20.3148
2025-12-01 19:29:25, 0.0334726615, 0.0342149559, 0.1099337581, 0.1191450527, 2779.4906, 2652.9057, 760.9200, 18.4793
2025-12-01 19:29:31, 0.0447612302, 0.0446619662, 0.1468097803, 0.1432181116, 2724.4912, 2651.7719, 760.1250, 18.7488
2025-12-01 19:29:37, 0.0307240222, 0.0376558058, 0.1257850148, 0.1273775507, 2659.0667, 2570.4667, 761.6350, 18.3274
2025-12-01 19:29:42, 0.0466138505, 0.0419615049, 0.1337818668, 0.1240880143, 2896.6379, 2797.4138, 762.7700, 19.5900
2025-12-01 19:29:48, 0.0470228907, 0.0513494116, 0.1121765315, 0.1294595347, 2699.4762, 2570.6825, 758.9650, 18.6766
2025-12-01 19:29:54, 0.0453005171, 0.0435663694, 0.1664789626, 0.1834843453, 2509.6923, 2533.3846, 764.3750, 16.9474
2025-12-01 19:30:00, 0.0773661171, 0.0621562907, 0.1147005714, 0.1203268204, 2703.7885, 2681.6346, 762.5350, 19.1486
2025-12-01 19:30:05, 0.0826298077, 0.0840642685, 0.1978402519, 0.2034738829, 2947.7857, 2978.4524, 764.8100, 17.3400
2025-12-01 19:30:11, 0.0819300987, 0.0651377806, 0.1867802417, 0.1751262023, 2804.1731, 2762.3462, 763.6950, 18.2302
2025-12-01 19:30:17, 0.0944799135, 0.0871534690, 0.2310121959, 0.1593104233, 2797.8571, 2817.8367, 764.0100, 17.4459
2025-12-01 19:30:23, 0.0929802666, 0.1080631007, 0.1618291442, 0.1452559028, 3182.0638, 3227.8298, 764.5600, 18.4414
2025-12-01 19:30:28, 0.0882606310, 0.0728640986, 0.2749417429, 0.1771840551, 3130.0870, 2923.9783, 760.9250, 19.4317
2025-12-01 19:30:34, 0.1254866036, 0.0958219091, 0.1643485911, 0.1405691055, 2683.1935, 2750.8710, 761.2550, 18.3270
2025-12-01 19:30:40, 0.0597568947, 0.0491624046, 0.1489420026, 0.1808880616, 2579.8194, 2592.9722, 764.8550, 19.3926
2025-12-01 19:30:45, 0.0993043734, 0.0778740038, 0.2066165552, 0.1780100963, 3040.2128, 2954.5957, 763.2400, 18.3554
2025-12-01 19:30:51, 0.0659642962, 0.0780619640, 0.3158584345, 0.1792038568, 2816.0732, 2668.6829, 761.7300, 18.9242
2025-12-01 19:30:57, 0.0598092496, 0.0528587647, 0.1719548582, 0.1493112723, 2731.6667, 2646.0370, 762.7250, 18.3423
2025-12-01 19:31:03, 0.0373426693, 0.0361053321, 0.1412311281, 0.1327146106, 2708.6923, 2661.6769, 762.3700, 16.9851
2025-12-01 19:31:08, 0.0347139685, 0.0410046233, 0.1223597755, 0.1109170004, 2400.9787, 2380.1489, 764.7200, 18.8112
2025-12-01 19:31:14, 0.0675306270, 0.0889673076, 0.1904314987, 0.1950854067, 2333.6429, 2317.9762, 765.8100, 16.7022
2025-12-01 19:31:20, 0.0489498553, 0.0498414041, 0.2470559377, 0.2307646519, 2873.5246, 2798.4262, 763.2700, 18.6160
2025-12-01 19:31:26, 0.0794724111, 0.0858591873, 0.1915694652, 0.1632539047, 3000.8269, 2952.3846, 768.9550, 17.2404
2025-12-01 19:31:31, 0.0592992638, 0.0713445441, 0.1270385873, 0.1650119077, 2576.8966, 2576.5345, 762.5800, 17.9180
2025-12-01 19:31:37, 0.0464360162, 0.0413386197, 0.1309626659, 0.1009184969, 2635.8542, 2598.7917, 764.6300, 17.0371
2025-12-01 19:31:43, 0.0488020730, 0.0441623259, 0.2036366157, 0.1292524701, 2693.3962, 2615.1321, 766.6800, 18.4208
2025-12-01 19:31:48, 0.0392544666, 0.0443011211, 0.1070198579, 0.1034687747, 3192.1111, 3174.2963, 762.4650, 18.5736
2025-12-01 19:31:54, 0.0661375319, 0.0477310380, 0.2324380949, 0.2381208784, 2884.0000, 2900.1017, 763.0700, 18.8686
2025-12-01 19:32:00, 0.0438189916, 0.0462877744, 0.1571486443, 0.1748198941, 2752.9623, 2751.8113, 767.7450, 19.0937
2025-12-01 19:32:05, 0.0597804334, 0.0648505668, 0.2097692776, 0.1647475158, 2642.1250, 2651.2656, 767.7400, 19.1364
2025-12-01 19:32:11, 0.0382126085, 0.0327827960, 0.1510590606, 0.1943407245, 2926.9273, 2854.0182, 765.4650, 17.2812
2025-12-01 19:32:17, 0.0461020868, 0.0431567838, 0.1813318436, 0.1776841806, 2909.0149, 2915.4030, 763.7200, 19.7776
2025-12-01 19:32:23, 0.0460149227, 0.0559004421, 0.1596746234, 0.1380343290, 2678.3019, 2658.8491, 766.6700, 18.8693
2025-12-01 19:32:28, 0.0580649254, 0.0601713226, 0.1355337200, 0.1839842763, 2667.8704, 2768.0926, 767.6050, 18.6981
2025-12-01 19:32:34, 0.0703066679, 0.0543414309, 0.1172254741, 0.1379429689, 2436.1356, 2490.3220, 768.7350, 20.2829
2025-12-01 19:32:40, 0.0637969101, 0.0589075222, 0.1760970880, 0.1374061539, 2812.3889, 2729.3519, 767.0850, 18.5835
2025-12-01 19:32:45, 0.0603079664, 0.0429965216, 0.0803121208, 0.0773849511, 2612.8667, 2501.9833, 766.4950, 18.9370
2025-12-01 19:32:51, 0.0678702668, 0.0881593344, 0.1240383576, 0.1177494299, 2928.3548, 2935.3548, 765.6800, 17.9055
2025-12-01 19:32:57, 0.0679879552, 0.0709114094, 0.1008535087, 0.0782167915, 2668.3704, 2709.5000, 764.8350, 20.3491
2025-12-01 19:33:03, 0.0331385820, 0.0391437321, 0.1306043433, 0.1572972074, 3056.5818, 2840.2545, 765.2200, 19.4713
2025-12-01 19:33:09, 0.0510089509, 0.0452304547, 0.1124997671, 0.1098326671, 2519.3944, 2502.7324, 763.1500, 18.9227
2025-12-01 19:33:14, 0.0643841907, 0.0549641990, 0.1389174005, 0.1210241056, 2851.2545, 2760.8909, 767.2200, 17.4181
2025-12-01 19:33:20, 0.0572299009, 0.0679899536, 0.1133282122, 0.0882247317, 2948.3768, 2875.7101, 762.8700, 18.5508
2025-12-01 19:33:26, 0.0784790358, 0.0727811190, 0.1129959882, 0.1186678549, 2822.3065, 2766.2742, 762.0700, 19.0157
2025-12-01 19:33:32, 0.0920200679, 0.0716766600, 0.1719893211, 0.1763849370, 2768.4490, 2728.7347, 763.6000, 17.2360
2025-12-01 19:33:38, 0.0915978604, 0.0661290944, 0.1118431136, 0.1086728239, 2592.8261, 2570.3696, 759.4050, 17.1951
2025-12-01 19:33:43, 0.0678688222, 0.0495301212, 0.1576484123, 0.2055180583, 2645.6250, 2607.9286, 760.2850, 19.1331
2025-12-01 19:33:49, 0.0560377687, 0.0618108932, 0.1102620194, 0.1062498519, 2775.6833, 2691.7500, 760.3550, 20.5314
2025-12-01 19:33:55, 0.0568233164, 0.0596871339, 0.1775034298, 0.1459804513, 2664.1429, 2633.7755, 763.4750, 18.4962
2025-12-01 19:34:00, 0.0678625611, 0.0551903303, 0.2845665565, 0.2850608378, 2801.2353, 2856.1373, 759.8700, 17.9450
2025-12-01 19:34:06, 0.1052030310, 0.0717744893, 0.1215633725, 0.1221162584, 2873.6724, 3009.6207, 766.8100, 19.2747
2025-12-01 19:34:12, 0.1161984930, 0.0894662293, 0.1449204380, 0.1393786376, 2549.4565, 2449.1087, 759.5950, 18.2708
2025-12-01 19:34:18, 0.0649361581, 0.0602888154, 0.2164941754, 0.1916873224, 2579.9310, 2544.5345, 762.2150, 17.4381
2025-12-01 19:34:24, 0.1111908105, 0.0971937499, 0.1239892200, 0.1563578173, 2672.1458, 2722.1667, 762.8800, 19.0254
2025-12-01 19:34:30, 0.0563777732, 0.0982588661, 0.3198198018, 0.2602013969, 2541.4706, 2557.5882, 763.1550, 18.3968
2025-12-01 19:34:36, 0.0716909768, 0.0664848250, 0.3331470594, 0.2348800815, 2627.9118, 2604.6765, 761.7750, 19.6938
2025-12-01 19:34:41, 0.1107339168, 0.0916995960, 0.2466843866, 0.2367090181, 2740.0435, 2876.3913, 762.6250, 18.5641
2025-12-01 19:34:47, 0.0470714699, 0.0583170710, 0.1864777340, 0.1452433982, 2814.0500, 2643.8667, 764.9050, 17.4412
2025-12-01 19:34:53, 0.0441407100, 0.0437074512, 0.2654328255, 0.2520937705, 2786.1579, 2706.4561, 764.1450, 19.2097
2025-12-01 19:34:58, 0.0667973049, 0.0611064356, 0.1835792268, 0.1714022487, 2646.4808, 2603.9038, 759.0950, 17.4893
2025-12-01 19:35:04, 0.1152849236, 0.1216545383, 0.2330982082, 0.2162478453, 3115.3725, 3032.6471, 762.8200, 18.0584
2025-12-01 19:35:10, 0.0727043200, 0.1119761816, 0.2414753269, 0.2153940860, 2710.5319, 2583.8298, 764.9150, 18.7507
2025-12-01 19:35:16, 0.0827798207, 0.0840984405, 0.3283586795, 0.3169808856, 3014.2500, 3047.0909, 761.1850, 22.0041
2025-12-01 19:35:22, 0.0948018484, 0.0835659367, 0.1662186070, 0.1229325939, 2662.7736, 2652.1132, 762.1700, 21.4584
2025-12-01 19:35:27, 0.0890533089, 0.0728585780, 0.2950593012, 0.2602673046, 2843.0833, 2804.8750, 764.1350, 20.1002
2025-12-01 19:35:33, 0.0823958611, 0.0958611115, 0.4293968171, 0.2901077843, 3001.7917, 2829.5417, 766.3150, 22.7808
2025-12-01 19:35:39, 0.1130203579, 0.0914073313, 0.2102837640, 0.2196695201, 2977.1163, 3057.5349, 763.3800, 20.1746
2025-12-01 19:35:45, 0.1044460533, 0.1168224156, 0.2114066366, 0.1696909326, 2812.1455, 2789.7273, 765.6950, 20.7640
2025-12-01 19:35:51, 0.1196294000, 0.1041296449, 0.1576711729, 0.1300901982, 2766.2750, 2728.4500, 758.7050, 20.0417
2025-12-01 19:35:56, 0.0939099380, 0.1249945598, 0.1867596490, 0.1706368899, 2818.6383, 2799.7872, 762.0950, 20.2276
2025-12-01 19:36:02, 0.0998702038, 0.1106541647, 0.2481759182, 0.1722887541, 2894.0000, 2760.3846, 764.5550, 19.5061
2025-12-01 19:36:08, 0.1004580734, 0.0910905576, 0.2529615281, 0.2293521902, 2649.1818, 2635.6545, 763.1300, 21.8443
2025-12-01 19:36:13, 0.0569793963, 0.0598623706, 0.1552312343, 0.1723319275, 2517.8148, 2496.3148, 765.0850, 24.2893
2025-12-01 19:36:19, 0.0503894465, 0.0394618648, 0.2854569094, 0.2638556986, 3092.7455, 3031.6000, 767.5800, 19.9400
2025-12-01 19:36:25, 0.0457115567, 0.0535826729, 0.1222161764, 0.1644145522, 2694.6098, 2895.3902, 764.6350, 20.6051
2025-12-01 19:36:31, 0.0447462708, 0.0435197224, 0.2264969588, 0.2582233431, 2500.9516, 2466.6774, 765.1150, 18.5920
2025-12-01 19:36:37, 0.0492629784, 0.0487197829, 0.2904323842, 0.3125764981, 2407.2167, 2463.1000, 763.5300, 19.1324
2025-12-01 19:36:42, 0.0415765613, 0.0415888819, 0.2589122450, 0.2039687240, 2953.2000, 2752.6000, 770.8000, 20.7680
2025-12-01 19:36:48, 0.0617001421, 0.0521361087, 0.1372395860, 0.1603971578, 2403.7800, 2461.0800, 765.1700, 18.1351
2025-12-01 19:36:54, 0.0546617952, 0.0524077315, 0.2331701230, 0.2189609254, 2396.9787, 2399.5319, 761.9400, 19.6356
2025-12-01 19:37:00, 0.0675785889, 0.0812195359, 0.1941837080, 0.2106915262, 2362.5345, 2356.6552, 768.8300, 16.4417
2025-12-01 19:37:06, 0.0668911300, 0.0550539156, 0.2387168817, 0.2177213259, 2979.4595, 2913.9730, 770.6400, 19.4036
2025-12-01 19:37:11, 0.0834608796, 0.0976588382, 0.2698811354, 0.2184159301, 3038.0000, 2926.4130, 766.5200, 17.5596
2025-12-01 19:37:17, 0.0647628632, 0.0591112615, 0.1802271464, 0.1758317008, 2630.5769, 2629.5577, 769.7950, 19.1247
2025-12-01 19:37:23, 0.0507491162, 0.0649777435, 0.1504179351, 0.1500340984, 2885.8393, 2822.1429, 767.2750, 18.2677
2025-12-01 19:37:29, 0.0808528509, 0.0769299689, 0.1534441518, 0.1297313297, 2760.4706, 2724.3725, 766.7000, 21.9461
2025-12-01 19:37:34, 0.1160018296, 0.1038217271, 0.1460216465, 0.1183188261, 2783.4857, 2749.6000, 765.6550, 17.6770
2025-12-01 19:37:40, 0.0738167999, 0.0862664922, 0.2194759394, 0.1912434722, 2793.7794, 2697.2500, 771.9600, 19.2413
2025-12-01 19:37:46, 0.0720695192, 0.0617429636, 0.3727437250, 0.3539612343, 2304.0667, 2410.9333, 768.0450, 17.4572
2025-12-01 19:37:52, 0.1109097366, 0.0763157975, 0.2299142519, 0.1944808704, 2529.0870, 2530.1739, 771.9200, 19.4109
2025-12-01 19:37:58, 0.0841960622, 0.1156200478, 0.2232564999, 0.2269446655, 2665.2545, 2665.2364, 770.5950, 18.3530
2025-12-01 19:38:03, 0.0942553146, 0.0946160375, 0.2957321747, 0.2658762902, 2549.6429, 2514.8333, 767.5200, 16.1651
2025-12-01 19:38:09, 0.1086901304, 0.0923658964, 0.1875156739, 0.1636210866, 2757.4000, 2887.0222, 768.0800, 19.5226
2025-12-01 19:38:15, 0.0844627145, 0.0959851396, 0.2347950743, 0.1973788104, 2604.6800, 2654.7200, 768.8000, 18.2852
2025-12-01 19:38:21, 0.0635054735, 0.0892672888, 0.2872619563, 0.2932152368, 2673.0213, 2603.3830, 768.8100, 18.0459
2025-12-01 19:38:26, 0.1213283292, 0.1012746701, 0.1883277809, 0.1609704869, 2856.7447, 2851.0426, 767.4750, 20.2719
2025-12-01 19:38:32, 0.0549913536, 0.0696123193, 0.2094994343, 0.2088361680, 2694.6731, 2643.9231, 766.4400, 19.0800
2025-12-01 19:38:38, 0.0760815173, 0.0619700769, 0.2766092037, 0.1932319877, 2689.0345, 2703.0345, 769.8450, 18.4998
2025-12-01 19:38:44, 0.0630057565, 0.0657073606, 0.1990002136, 0.2494690602, 2581.5690, 2689.0000, 762.8900, 16.9617
2025-12-01 19:38:49, 0.0569654824, 0.0466618011, 0.3223194782, 0.3518698883, 3135.0294, 2961.8676, 768.8550, 18.7218
2025-12-01 19:38:55, 0.0529856610, 0.0500490932, 0.2608222051, 0.2816186325, 2486.8491, 2405.9057, 766.4950, 18.5351
2025-12-01 19:39:01, 0.0466311602, 0.0505621182, 0.2123300181, 0.1572541909, 2314.6000, 2179.7667, 766.2200, 19.5569
2025-12-01 19:39:07, 0.0693782179, 0.0868371252, 0.2606872021, 0.3574278989, 2484.2500, 2519.6875, 764.1850, 20.7979
2025-12-01 19:39:12, 0.0682183517, 0.0596197948, 0.3438142653, 0.2957044690, 3082.7049, 3021.2295, 765.7050, 16.6940
2025-12-01 19:39:18, 0.0670743590, 0.0638375511, 0.1364952488, 0.1304511245, 3049.3704, 3028.1296, 766.1100, 19.4345
2025-12-01 19:39:24, 0.0480923252, 0.0579327085, 0.2771623115, 0.2182583897, 2581.6522, 2498.7174, 766.2750, 18.7774
2025-12-01 19:39:29, 0.0705386618, 0.0632269662, 0.1824281446, 0.1332069448, 2852.6167, 2811.8833, 767.1500, 18.2414
2025-12-01 19:39:36, 0.0450473300, 0.0526465503, 0.2054752655, 0.1424824215, 2352.5323, 2400.1935, 764.0450, 18.0940
2025-12-01 19:39:41, 0.0876204849, 0.0779865959, 0.2498841624, 0.2405519386, 2703.5882, 2689.5490, 768.1250, 19.0158
2025-12-01 19:39:47, 0.0693042046, 0.0716201994, 0.1632569925, 0.1541735497, 2657.8182, 2709.9273, 762.5200, 16.9160
2025-12-01 19:39:53, 0.0799276324, 0.0831870304, 0.1757918623, 0.1882346519, 2326.1633, 2313.1837, 765.1850, 16.6490
2025-12-01 19:39:59, 0.0827082242, 0.0814030648, 0.2014534539, 0.1485489759, 3163.0000, 3074.8367, 770.1200, 17.2822
2025-12-01 19:40:04, 0.1054786508, 0.0858003870, 0.1148938101, 0.1227750774, 2550.7593, 2552.9259, 764.5100, 17.5040
2025-12-01 19:40:10, 0.0926849244, 0.1071232943, 0.2208571644, 0.1456739562, 2932.0000, 2796.6286, 763.4700, 17.5453
2025-12-01 19:40:16, 0.0752424619, 0.0849678871, 0.1324918647, 0.1351174224, 2614.8000, 2668.0400, 769.4300, 17.8361
2025-12-01 19:40:22, 0.0777754424, 0.0742871642, 0.1464970773, 0.1672186638, 2775.7292, 2817.4792, 767.1150, 18.4201
2025-12-01 19:40:27, 0.1306682840, 0.0990427730, 0.2484738837, 0.1658300477, 3162.5082, 3115.8197, 766.8750, 19.3331
2025-12-01 19:40:33, 0.0906947141, 0.0821259070, 0.1496655254, 0.1531619096, 2732.5085, 2827.8983, 767.5950, 17.1252
2025-12-01 19:40:39, 0.1235330636, 0.0906941607, 0.2356269413, 0.2152161378, 2879.5122, 2900.8780, 770.4950, 20.1162
2025-12-01 19:40:44, 0.1017212344, 0.0762313380, 0.1931759335, 0.1767743815, 2805.0962, 2827.2500, 766.4600, 17.7155
2025-12-01 19:40:50, 0.0536210850, 0.0710176351, 0.1826787488, 0.1844229788, 2895.6393, 2919.4262, 768.8100, 17.9110
2025-12-01 19:40:56, 0.0616709233, 0.0679352475, 0.2504897426, 0.2546329121, 2879.5167, 2845.2500, 767.7350, 17.4088
2025-12-01 19:41:02, 0.0767377707, 0.0684579747, 0.2110557501, 0.1847891111, 2921.9583, 2894.3750, 769.6500, 17.1291
2025-12-01 19:41:07, 0.0765250510, 0.0739323085, 0.2337499396, 0.1545462609, 2862.0417, 2599.3542, 767.4400, 18.7079
2025-12-01 19:41:13, 0.0801832003, 0.0575211683, 0.2170192685, 0.2047672059, 2951.7937, 2835.8254, 768.9700, 17.7090
2025-12-01 19:41:19, 0.0550448641, 0.0939578326, 0.1950520922, 0.1690438140, 2774.8919, 2746.3514, 768.5700, 18.5940
2025-12-01 19:41:25, 0.0843411031, 0.0999866459, 0.1743920517, 0.1741990797, 2910.1607, 2811.9821, 766.6700, 15.9609
2025-12-01 19:41:31, 0.0580714601, 0.0566132063, 0.2126635520, 0.2213662006, 2688.3030, 2694.7121, 764.7000, 18.4748
2025-12-01 19:41:37, 0.1078228298, 0.0800366757, 0.1774011846, 0.1986442487, 2706.2877, 2842.3836, 768.1700, 17.7547
2025-12-01 19:41:43, 0.0853543035, 0.0622447449, 0.0970374812, 0.1035094841, 2902.0000, 2905.2800, 766.8450, 16.9446
2025-12-01 19:41:49, 0.0899155973, 0.0839669876, 0.2360766161, 0.2114346733, 2565.1167, 2634.1667, 767.4300, 19.1574
2025-12-01 19:41:54, 0.0723263697, 0.0786467793, 0.2539559104, 0.2005209719, 2710.3019, 2747.0943, 762.7150, 19.9066
2025-12-01 19:42:00, 0.0355953066, 0.0315100401, 0.1488725186, 0.1301636187, 2533.7692, 2553.0154, 764.7400, 18.8213
2025-12-01 19:42:06, 0.0617693196, 0.0584714436, 0.1814272822, 0.1434192522, 3100.0444, 2973.6000, 768.5700, 16.5815
2025-12-01 19:42:12, 0.0635463733, 0.0695792966, 0.2152976022, 0.1967863028, 2841.5161, 2836.6129, 763.3000, 18.2294
2025-12-01 19:42:18, 0.0880347666, 0.0804290099, 0.2203917952, 0.2206266942, 2763.6458, 2819.1667, 761.8200, 19.5670
2025-12-01 19:42:24, 0.0681708495, 0.0732202559, 0.1475506900, 0.1559941427, 2866.5625, 2866.5625, 763.9700, 17.3084
2025-12-01 19:42:29, 0.0454063865, 0.0421198065, 0.1601315439, 0.1520196485, 2944.3607, 2781.0000, 764.2450, 17.0148
2025-12-01 19:42:35, 0.0819181084, 0.0749771270, 0.1499020659, 0.1809450188, 2656.1967, 2741.2459, 767.7200, 19.3006
2025-12-01 19:42:41, 0.1065626628, 0.0858256236, 0.1961090440, 0.1891101593, 2809.4615, 2843.1795, 766.1450, 17.8696
2025-12-01 19:42:46, 0.0681220127, 0.0562787316, 0.1339219311, 0.1252245075, 2656.8824, 2632.6324, 765.8150, 18.9708
2025-12-01 19:42:52, 0.0912687763, 0.0813861641, 0.1687021542, 0.1416553066, 2706.1600, 2596.7000, 763.5700, 17.3532
2025-12-01 19:42:58, 0.0695586427, 0.0877757853, 0.1670615297, 0.1442070073, 2980.7059, 2869.0784, 764.5200, 17.6915
2025-12-01 19:43:04, 0.1020529486, 0.1080931408, 0.1891894175, 0.1625794036, 2887.7368, 2850.0526, 766.2350, 19.2349
2025-12-01 19:43:10, 0.0686642580, 0.0747011387, 0.1596657941, 0.1784407872, 2974.7750, 3078.7250, 765.5300, 18.1604
2025-12-01 19:43:15, 0.0367044622, 0.0345583200, 0.1764215650, 0.1546695037, 2852.8732, 2777.2958, 764.5100, 18.6979
2025-12-01 19:43:21, 0.0751199766, 0.0922548191, 0.1940347397, 0.2021324807, 2700.5526, 2694.8158, 767.4050, 19.2596
2025-12-01 19:43:27, 0.0371029410, 0.0597188214, 0.2166829360, 0.1784372288, 2770.0714, 2814.1250, 767.0900, 19.5620
2025-12-01 19:43:32, 0.0590355792, 0.0576341983, 0.2705440838, 0.1725700711, 2843.6618, 2743.3824, 767.3400, 18.7469
2025-12-01 19:43:38, 0.0456777465, 0.0526009745, 0.1543736665, 0.1894884468, 2683.5510, 2737.7959, 766.2650, 18.3351
2025-12-01 19:43:44, 0.0639724903, 0.0601705153, 0.2264137108, 0.2570083557, 2860.2400, 2897.3600, 770.3750, 19.0154
2025-12-01 19:43:49, 0.0296335256, 0.0363860451, 0.1778666593, 0.1403485814, 2611.8413, 2511.2698, 773.5850, 20.6355
2025-12-01 19:43:55, 0.0378858851, 0.0443380679, 0.1535823992, 0.2022681728, 2647.0678, 2546.5932, 775.1600, 20.8080
2025-12-01 19:44:01, 0.0457183049, 0.0458701691, 0.2841470059, 0.4075980738, 2753.0333, 2808.1000, 773.0950, 22.8571
2025-12-01 19:44:07, 0.0652813714, 0.0579341913, 0.1114425359, 0.1083613132, 2808.5088, 2641.8070, 773.7600, 19.6329
2025-12-01 19:44:13, 0.0645374947, 0.0661195320, 0.2027548117, 0.2042289312, 3191.2545, 3199.9636, 774.2800, 20.5565
2025-12-01 19:44:18, 0.0595899618, 0.0538551018, 0.1172285393, 0.1107514115, 2529.1538, 2577.3077, 771.6600, 20.7481
2025-12-01 19:44:24, 0.0489222650, 0.0469827390, 0.2171213022, 0.2665719303, 2736.1373, 2638.3922, 767.8550, 19.6500
2025-12-01 19:44:30, 0.1029039848, 0.0855983518, 0.1900984686, 0.1856447419, 2949.6290, 2970.6774, 771.5200, 19.9962
2025-12-01 19:44:35, 0.0966558068, 0.0902864843, 0.3122521939, 0.2983434507, 2812.7317, 2786.2195, 766.9000, 20.2089
2025-12-01 19:44:41, 0.1031515777, 0.0876849653, 0.1801152768, 0.1386081994, 2824.5111, 2767.3333, 767.1400, 20.2282
2025-12-01 19:44:47, 0.0587698401, 0.0581866744, 0.1738111691, 0.1708898977, 2767.5952, 2752.1667, 765.7750, 21.5674
2025-12-01 19:44:53, 0.0653373970, 0.0726039220, 0.1254312200, 0.1114417711, 2696.9298, 2706.9474, 766.6000, 22.4257
2025-12-01 19:44:58, 0.1121837630, 0.1116598099, 0.1556327205, 0.1313289631, 2775.6842, 2707.4211, 770.2150, 20.9523
2025-12-01 19:45:04, 0.0841360841, 0.0763790374, 0.1587413619, 0.1130965278, 2432.2553, 2351.0426, 763.9050, 19.6460
2025-12-01 19:45:10, 0.0943506689, 0.0911088523, 0.1568637122, 0.1550228667, 2816.5000, 2756.9583, 769.9000, 20.1980
2025-12-01 19:45:16, 0.0933133102, 0.0799279497, 0.1635321510, 0.1295259101, 2733.4118, 2678.0980, 766.1150, 20.9060
2025-12-01 19:45:22, 0.0401109133, 0.0381719732, 0.1114370110, 0.1067571345, 2682.1923, 2625.0769, 768.9250, 20.2645
2025-12-01 19:45:27, 0.0363398779, 0.0278724830, 0.1182123365, 0.1469222918, 2750.0145, 2739.7101, 768.5650, 19.5866
2025-12-01 19:45:33, 0.0639586438, 0.0484129717, 0.1307576797, 0.1453009733, 2860.6721, 2796.4754, 764.8000, 18.6550
2025-12-01 19:45:39, 0.0484607646, 0.0344432438, 0.2062704184, 0.1926439728, 2681.6129, 2599.5484, 766.6550, 18.2048
2025-12-01 19:45:45, 0.0507568162, 0.0755112015, 0.1338183851, 0.1341011006, 2610.8148, 2485.6296, 764.6250, 19.6668
2025-12-01 19:45:50, 0.0590495890, 0.0664078086, 0.1345794836, 0.1614412814, 2589.6545, 2591.3636, 767.7000, 17.1044
2025-12-01 19:45:57, 0.0407681601, 0.0419196444, 0.1273172152, 0.1593510446, 2867.2609, 2853.6087, 768.2500, 17.8507
2025-12-01 19:46:02, 0.0577069291, 0.0634833141, 0.2022496083, 0.1600293202, 2635.4333, 2539.3000, 767.3700, 16.4299
2025-12-01 19:46:08, 0.0712852057, 0.0647978589, 0.1856564340, 0.1982268204, 2480.5778, 2388.0444, 768.9550, 16.8233
2025-12-01 19:46:14, 0.0456622081, 0.0471441457, 0.2157631924, 0.1541826136, 2890.9412, 2756.1961, 766.9900, 18.4637
2025-12-01 19:46:19, 0.0484076473, 0.0579707580, 0.1959379698, 0.1621976878, 2698.5000, 2732.8929, 763.7900, 17.0166
2025-12-01 19:46:25, 0.0416029102, 0.0446099955, 0.2049385892, 0.1723085721, 3008.0204, 2844.6122, 768.1700, 17.6737
2025-12-01 19:46:31, 0.0604718797, 0.0527002678, 0.1670310939, 0.1733541016, 2935.8750, 2901.3214, 769.2800, 18.3688
2025-12-01 19:46:37, 0.0848033110, 0.0772788329, 0.1256688478, 0.1035591223, 2737.4902, 2608.3725, 768.1350, 16.5764
2025-12-01 19:46:43, 0.0962271103, 0.0771535823, 0.2564742525, 0.1855703841, 2766.0192, 2746.7692, 769.9600, 14.9515
2025-12-01 19:46:48, 0.0424076936, 0.0381224360, 0.1274657953, 0.1398214548, 2809.0909, 2726.5455, 769.4000, 16.8736
2025-12-01 19:46:54, 0.0915876525, 0.0913359771, 0.1618650270, 0.1225195767, 2701.0222, 2722.7556, 768.9050, 16.8780
2025-12-01 19:47:00, 0.0676434623, 0.0891503081, 0.1594005289, 0.1428528742, 2846.5094, 2894.0755, 770.2650, 20.1034
2025-12-01 19:47:06, 0.0609290604, 0.0646128400, 0.2677204537, 0.2416179721, 2973.4107, 3042.7500, 771.5850, 18.0865
2025-12-01 19:47:12, 0.0386018877, 0.0458415863, 0.0963149016, 0.0860688401, 3039.3167, 2916.0333, 770.5900, 18.5597
2025-12-01 19:47:17, 0.0851876366, 0.1133471103, 0.1453947593, 0.1443337431, 3026.6444, 3176.9111, 769.8000, 16.4739
2025-12-01 19:47:23, 0.1216880870, 0.0655093879, 0.0991964341, 0.0993266552, 2304.9070, 2288.5349, 768.0750, 17.9421
2025-12-01 19:47:29, 0.1093412786, 0.0702313347, 0.2150881293, 0.1498893133, 3175.5172, 3180.8276, 768.4250, 18.6728
2025-12-01 19:47:35, 0.1115716725, 0.0894522602, 0.2003605225, 0.1994382469, 3378.9048, 3279.7619, 768.4300, 17.0342
2025-12-01 19:47:40, 0.1199478123, 0.1468859029, 0.1007607140, 0.0903838946, 2889.0889, 2933.3333, 769.4750, 19.6682
2025-12-01 19:47:46, 0.0843779329, 0.0797899412, 0.1538422609, 0.1360456844, 2897.0400, 2859.8400, 767.5550, 18.4867
2025-12-01 19:47:52, 0.0884628194, 0.1052614468, 0.1764571108, 0.1420711173, 2682.1224, 2677.3061, 761.3150, 17.5250
2025-12-01 19:47:57, 0.0339864061, 0.0382129617, 0.2896847868, 0.2105845586, 2977.3390, 2904.8305, 760.5850, 17.3808
2025-12-01 19:48:03, 0.0743649077, 0.0773062132, 0.1584772869, 0.1607910903, 3062.9057, 3044.7736, 762.8700, 18.3416
2025-12-01 19:48:09, 0.0498584111, 0.0510540650, 0.1854442520, 0.1608405710, 2761.1957, 2751.9348, 765.7800, 18.6043
2025-12-01 19:48:15, 0.0564288455, 0.0609502712, 0.2013500223, 0.1628745898, 3422.8793, 3320.0345, 767.5800, 18.3337
2025-12-01 19:48:21, 0.0778735031, 0.0851582781, 0.1344259517, 0.1391247339, 2792.8525, 2880.0820, 764.2350, 17.5730
2025-12-01 19:48:27, 0.0435906202, 0.0531260691, 0.1131702053, 0.0914282383, 2611.1231, 2626.7385, 761.1100, 17.4390
2025-12-01 19:48:33, 0.0657531359, 0.0613603267, 0.1507523125, 0.1279698143, 2675.6981, 2623.1509, 760.9650, 17.5586
2025-12-01 19:48:39, 0.0719931582, 0.0732082937, 0.1218664360, 0.1130129990, 2548.0652, 2624.8478, 759.8700, 16.2103
2025-12-01 19:48:44, 0.0722996214, 0.0898072376, 0.1247133591, 0.1056741996, 2825.4490, 2766.8163, 761.2850, 17.6413
2025-12-01 19:48:50, 0.0653756722, 0.0770365292, 0.1796774126, 0.2207181473, 2894.5000, 2997.4677, 764.2350, 18.7539
2025-12-01 19:48:56, 0.0713636879, 0.0649141589, 0.1837099017, 0.1492920907, 2970.3137, 2973.9412, 762.4950, 17.6516
2025-12-01 19:49:01, 0.0472010045, 0.0529967744, 0.1236094781, 0.1138774417, 2723.8636, 2765.0227, 760.2800, 18.6575
2025-12-01 19:49:07, 0.0779690962, 0.0657615860, 0.1918948016, 0.1783441841, 2744.5667, 2726.2000, 764.6750, 18.3562
2025-12-01 19:49:13, 0.0675458634, 0.0733904969, 0.1373437336, 0.1065979549, 2581.4468, 2626.2128, 762.5350, 18.5432
2025-12-01 19:49:18, 0.0572558967, 0.0557027225, 0.1241503784, 0.1298821304, 2819.8000, 2815.6909, 764.1450, 18.0098
2025-12-01 19:49:24, 0.0574368906, 0.0559882863, 0.1130403624, 0.2002182435, 2712.1094, 2847.5625, 762.6450, 18.1975
2025-12-01 19:49:30, 0.0665557360, 0.0500438793, 0.1495027095, 0.1568085149, 2546.5085, 2600.0678, 763.1250, 19.3646
2025-12-01 19:49:36, 0.0793019200, 0.0764738808, 0.1351568164, 0.1088607351, 2774.4737, 2708.2281, 764.7650, 18.6167
2025-12-01 19:49:42, 0.0448769919, 0.0632649884, 0.0775098563, 0.0792205258, 2608.0536, 2594.6071, 766.2150, 18.5348
2025-12-01 19:49:47, 0.0575772254, 0.0503953655, 0.1584238019, 0.1469111155, 2815.3731, 2682.5970, 763.4600, 18.7328
2025-12-01 19:49:53, 0.0579264706, 0.0728865889, 0.1372782552, 0.1144601584, 2869.2656, 2823.3594, 763.5400, 18.5423
2025-12-01 19:49:59, 0.0866245565, 0.1205587466, 0.1632982382, 0.1324858781, 2723.5439, 2721.7368, 764.5450, 18.7421
2025-12-01 19:50:05, 0.0737648225, 0.0816809807, 0.0993150793, 0.0819228502, 2750.8077, 2763.6538, 760.8850, 18.1083
2025-12-01 19:50:10, 0.0804077986, 0.0870923568, 0.1218421303, 0.1004054483, 2934.2258, 2930.2581, 759.7700, 16.7501
2025-12-01 19:50:16, 0.1189316528, 0.1117808797, 0.1194348039, 0.1079363436, 2862.6176, 2873.5000, 760.2600, 19.6947
2025-12-01 19:50:22, 0.1063575553, 0.0879712530, 0.0978564340, 0.0825632028, 2640.5769, 2652.1923, 757.3650, 19.6807
2025-12-01 19:50:28, 0.0846298951, 0.0699276732, 0.1413206057, 0.1323020626, 2818.5556, 2777.3148, 759.0550, 18.5028
2025-12-01 19:50:34, 0.0933325000, 0.0907483548, 0.0760839741, 0.0813275407, 2662.0164, 2678.9836, 758.7250, 18.2576
2025-12-01 19:50:40, 0.0589823226, 0.0559684976, 0.1238307957, 0.1020930756, 2865.7636, 2871.6182, 758.1350, 18.0739
2025-12-01 19:50:46, 0.0615693041, 0.0722581631, 0.1301025649, 0.1059903172, 2629.7869, 2538.5902, 761.0200, 18.5793
2025-12-01 19:50:51, 0.0474587878, 0.0640918614, 0.0975923700, 0.1119983816, 2727.5797, 2651.7101, 761.7600, 16.7572
2025-12-01 19:50:57, 0.1368033315, 0.1482494124, 0.1332560773, 0.1189834775, 2801.4898, 2771.9388, 757.7400, 18.6680
2025-12-01 19:51:03, 0.0801835252, 0.0780835268, 0.0911906705, 0.1076008838, 2642.5167, 2688.0000, 760.8850, 18.6371
2025-12-01 19:51:09, 0.1006829281, 0.0863989298, 0.1369466506, 0.1154618921, 2845.0893, 2736.7500, 761.3550, 17.8236
2025-12-01 19:51:15, 0.0733672793, 0.0835858091, 0.1189753564, 0.0921327202, 2968.4590, 2837.9836, 758.5200, 18.0842
2025-12-01 19:51:20, 0.0417459113, 0.0349890238, 0.0982014933, 0.1278435653, 2624.8525, 2731.6557, 761.1150, 17.3828
2025-12-01 19:51:26, 0.0336253679, 0.0431024693, 0.1612188559, 0.1517681341, 2798.4328, 2662.7910, 756.3950, 18.7093
2025-12-01 19:51:32, 0.0421652484, 0.0408916393, 0.0911291243, 0.0961334847, 2621.9437, 2619.3099, 756.9450, 19.1698
2025-12-01 19:51:38, 0.0397942042, 0.0572159781, 0.1728539742, 0.2040223995, 2519.2131, 2638.2131, 764.9350, 18.1094
2025-12-01 19:51:44, 0.0508803293, 0.0533357103, 0.1425230362, 0.1408907061, 2437.6154, 2471.1923, 759.8450, 21.9089
2025-12-01 19:51:49, 0.0585968553, 0.0586083580, 0.1140466888, 0.1270022980, 2554.0185, 2539.7037, 760.1950, 17.7374
2025-12-01 19:51:55, 0.0752624711, 0.0646897333, 0.1536794925, 0.1093251056, 2650.0735, 2658.0294, 763.1350, 19.5332
2025-12-01 19:52:01, 0.0844932164, 0.0934510850, 0.1254101652, 0.0900672416, 2891.0200, 2845.8400, 766.4750, 17.6544
2025-12-01 19:52:06, 0.0399907207, 0.0400542316, 0.1422502494, 0.1359402746, 2625.3621, 2681.1034, 766.3700, 19.8812
2025-12-01 19:52:12, 0.0583833818, 0.0578396517, 0.1595483001, 0.1260048220, 2659.8667, 2630.3200, 763.8250, 19.5129
2025-12-01 19:52:18, 0.0530176402, 0.0525859242, 0.1028832100, 0.1109200438, 2847.1064, 2813.8936, 766.4450, 18.2186
2025-12-01 19:52:24, 0.0816186262, 0.0678961125, 0.1316130390, 0.1467300503, 2846.5893, 2875.4643, 766.2050, 20.6071
2025-12-01 19:52:30, 0.0797396331, 0.0874584046, 0.1301171219, 0.1077365709, 2747.6949, 2637.7119, 767.4250, 17.8984
2025-12-01 19:52:35, 0.0750645952, 0.0840015238, 0.1418323645, 0.1052042759, 2791.2963, 2756.5926, 767.2750, 18.1950
2025-12-01 19:52:41, 0.1130909680, 0.0916018276, 0.0755648184, 0.0763118477, 2677.5682, 2746.4318, 766.7350, 16.9754
2025-12-01 19:52:47, 0.0706905168, 0.0776322990, 0.1842192332, 0.1378002705, 2770.5636, 2676.8000, 766.9650, 18.1605
2025-12-01 19:52:52, 0.1125038450, 0.0946562111, 0.1753129194, 0.1373896268, 2853.9200, 2864.8400, 768.0550, 18.3808
2025-12-01 19:52:58, 0.0398901755, 0.0327272855, 0.1293128204, 0.1426301655, 2707.0000, 2681.0411, 764.8000, 18.2540
2025-12-01 19:53:04, 0.0319982388, 0.0299345106, 0.1347082775, 0.0967476356, 2821.6000, 2629.8909, 768.0800, 17.3336
2025-12-01 19:53:10, 0.0294382994, 0.0352635586, 0.1402342004, 0.1353388791, 2772.0822, 2846.0822, 768.3350, 19.7379
2025-12-01 19:53:15, 0.0373580027, 0.0448501863, 0.2056579328, 0.1980349393, 2672.8475, 2629.1525, 769.7750, 18.4294
2025-12-01 19:53:21, 0.0437508996, 0.0461941401, 0.1791927858, 0.1554866440, 2864.5098, 2700.3529, 769.3350, 18.5220
2025-12-01 19:53:27, 0.0355543700, 0.0298045224, 0.1001254388, 0.1199460203, 2696.7937, 2585.0952, 765.9900, 19.2619
2025-12-01 19:53:33, 0.0391020823, 0.0323819184, 0.1373457303, 0.1396488868, 2624.7759, 2630.7759, 767.7950, 16.9969
2025-12-01 19:53:39, 0.0438607546, 0.0418803476, 0.1241452084, 0.1891593833, 2592.0476, 2489.3810, 770.5700, 17.4552
2025-12-01 19:53:45, 0.0617971591, 0.0734799235, 0.0869509285, 0.1107012291, 2782.2131, 2725.7705, 768.5100, 17.4683
2025-12-01 19:53:50, 0.0649360543, 0.0634724325, 0.0747599452, 0.0653733286, 2821.1250, 2778.1000, 767.9200, 18.3800
2025-12-01 19:53:56, 0.0664036016, 0.0561684194, 0.1212647623, 0.0931260149, 2807.8793, 2731.7759, 768.7650, 17.5838
2025-12-01 19:54:02, 0.0626652788, 0.0572641402, 0.0993023538, 0.0912296395, 2861.5932, 2844.5593, 766.6450, 17.8025
2025-12-01 19:54:08, 0.0426541373, 0.0369378113, 0.1142266301, 0.1056080999, 2987.0847, 2768.8136, 768.6200, 17.6815
2025-12-01 19:54:13, 0.0754394108, 0.0767952128, 0.0937281047, 0.0858108802, 2809.7273, 2808.6667, 771.3300, 17.9775
2025-12-01 19:54:19, 0.0478527631, 0.0528377082, 0.0914666102, 0.1215786422, 2771.3286, 2706.1286, 769.5350, 18.7246
2025-12-01 19:54:25, 0.0486225741, 0.0530225021, 0.0729897762, 0.0710599716, 2863.9070, 2650.4535, 767.3350, 17.2396
2025-12-01 19:54:31, 0.0511223555, 0.0553068123, 0.0480308308, 0.0503946506, 2771.1633, 2659.9388, 768.0750, 18.1030
2025-12-01 19:54:37, 0.0253828038, 0.0238481881, 0.0801904953, 0.0700564998, 2919.4205, 2651.9773, 766.4450, 16.1848
2025-12-01 19:54:42, 0.0209134678, 0.0257373490, 0.0718693104, 0.0714615927, 2808.1373, 2572.7549, 769.6050, 17.5345
2025-12-01 19:54:48, 0.0299882617, 0.0283912857, 0.0762396402, 0.0715487011, 2878.3205, 2625.8333, 772.6650, 18.5616
2025-12-01 19:54:54, 0.0237918462, 0.0217130747, 0.1126345822, 0.1227504598, 2699.3596, 2500.8315, 770.2150, 16.8896
2025-12-01 19:54:59, 0.0426021579, 0.0398512047, 0.1594932993, 0.1029959219, 2752.6364, 2555.6061, 769.3200, 18.2939
2025-12-01 19:55:05, 0.0550156384, 0.0502748566, 0.1799597757, 0.1550193800, 2840.5806, 2825.9032, 767.5100, 16.5021
2025-12-01 19:55:11, 0.0525322797, 0.0496916019, 0.1048565982, 0.0799757913, 2730.0000, 2694.8519, 771.1650, 17.4899
2025-12-01 19:55:17, 0.0681708831, 0.0707926034, 0.1287618955, 0.0992288406, 3066.4483, 3036.7586, 769.9500, 19.2826
2025-12-01 19:55:22, 0.0599688019, 0.0729277469, 0.0904283419, 0.1062662509, 2666.8000, 2720.3778, 768.0400, 17.3531
2025-12-01 19:55:28, 0.0577835484, 0.0441628135, 0.1020476841, 0.0896153573, 2764.6984, 2650.1746, 770.0200, 18.0732
2025-12-01 19:55:34, 0.0474832431, 0.0524722151, 0.1131446432, 0.0915532845, 2774.4848, 2624.0000, 770.9950, 17.4076
2025-12-01 19:55:40, 0.0392666095, 0.0303511132, 0.1122497538, 0.0934002165, 2834.1618, 2731.7353, 768.7850, 17.5476
2025-12-01 19:55:46, 0.0499513957, 0.0484008812, 0.1116866791, 0.0794243830, 2821.7869, 2841.7869, 771.5100, 17.9499
2025-12-01 19:55:51, 0.0892059100, 0.0626729998, 0.1161229284, 0.1162384358, 3157.4038, 3143.3846, 770.6700, 19.3202
2025-12-01 19:55:57, 0.1179871413, 0.0938019284, 0.0879332608, 0.0905749996, 2947.0000, 2891.3191, 773.5550, 19.1339
2025-12-01 19:56:03, 0.0822629678, 0.0944599227, 0.0945750677, 0.0884351723, 3127.6792, 2995.4340, 773.8550, 16.8566
2025-12-01 19:56:09, 0.0783386457, 0.0651034188, 0.1054221124, 0.1145161106, 2773.3231, 2771.7077, 769.9200, 20.1654
2025-12-01 19:56:14, 0.0560875064, 0.0558402895, 0.1894015173, 0.1350604708, 2956.0704, 2842.9859, 769.9100, 17.8525
2025-12-01 19:56:20, 0.0428879508, 0.0410305883, 0.1682593200, 0.1661034587, 2866.7049, 2751.2295, 771.4450, 17.7324
2025-12-01 19:56:26, 0.0663065006, 0.0624233821, 0.1021042136, 0.0921492589, 2733.1408, 2697.2113, 770.8150, 18.3549
2025-12-01 19:56:31, 0.0784277784, 0.0833139562, 0.0930048272, 0.0894157034, 2735.0000, 2754.5167, 770.6400, 18.2472
2025-12-01 19:56:37, 0.0364985567, 0.0430762673, 0.1100417322, 0.0973049014, 2921.0909, 2754.4545, 771.0100, 18.6403
2025-12-01 19:56:43, 0.0402443084, 0.0304099032, 0.0838586563, 0.0797762347, 2671.5467, 2648.4267, 771.4500, 17.6898
2025-12-01 19:56:49, 0.0761901604, 0.0761317327, 0.1462433091, 0.1114435486, 2717.0714, 2556.1250, 771.5250, 18.6510
2025-12-01 19:56:55, 0.0723283162, 0.0622720095, 0.1043103280, 0.1162822552, 2572.4364, 2552.2545, 770.4500, 18.4290
2025-12-01 19:57:00, 0.0623443718, 0.0638533219, 0.1141728712, 0.1223125766, 2822.2615, 2796.1231, 772.0250, 18.2125
2025-12-01 19:57:06, 0.0751106350, 0.0523994431, 0.0887339931, 0.1305677020, 2647.3077, 2703.1538, 771.4550, 20.5642
2025-12-01 19:57:12, 0.0586749857, 0.0545671580, 0.1105638810, 0.0841233142, 2892.2581, 2724.8871, 770.2900, 18.6959
2025-12-01 19:57:17, 0.0371051708, 0.0345128910, 0.1486023394, 0.1204661704, 2851.2273, 2697.9242, 769.5150, 18.3066
2025-12-01 19:57:23, 0.0433361259, 0.0434235950, 0.1104026857, 0.0879326328, 2700.9275, 2620.1449, 770.0700, 19.6536
2025-12-01 19:57:29, 0.0608711146, 0.0546779268, 0.1196541771, 0.1105800548, 2863.7879, 2771.5455, 771.4150, 19.3058
2025-12-01 19:57:35, 0.0782429264, 0.0635960190, 0.1423074363, 0.1329488112, 2900.3824, 2855.4559, 765.7350, 18.7255
2025-12-01 19:57:40, 0.1147553972, 0.0980722161, 0.2132550212, 0.2271726360, 2987.4364, 3017.0182, 765.1750, 19.4133
2025-12-01 19:57:46, 0.0665128681, 0.0767248666, 0.1523882233, 0.1591646431, 2854.2745, 2899.2549, 767.5150, 19.7061
2025-12-01 19:57:52, 0.0685178249, 0.0592771165, 0.1309429992, 0.1143130118, 2933.4590, 2834.6066, 767.8850, 18.2938
2025-12-01 19:57:58, 0.0405976249, 0.0391706768, 0.1192349218, 0.1403436474, 2884.4127, 2913.5556, 767.0200, 18.1807
2025-12-01 19:58:04, 0.0399600123, 0.0309104250, 0.1264778107, 0.1153591010, 2673.1765, 2787.0196, 766.7350, 17.5819
2025-12-01 19:58:09, 0.0966959413, 0.1153251658, 0.1041610474, 0.1120908931, 2894.3529, 2901.7451, 769.8050, 18.5253
2025-12-01 19:58:15, 0.0522796249, 0.0525292702, 0.1113992464, 0.0797121192, 2736.2500, 2713.7500, 768.0150, 17.5178
2025-12-01 19:58:21, 0.0285699879, 0.0282334470, 0.1215196711, 0.1306560205, 2864.4697, 2764.4697, 766.5700, 20.2051
2025-12-01 19:58:27, 0.0393286824, 0.0406719063, 0.0887527873, 0.0706875333, 2849.6167, 2728.1667, 764.5100, 17.9112
2025-12-01 19:58:33, 0.0384519561, 0.0388435028, 0.1698428654, 0.1311390320, 2831.3514, 2820.5676, 769.0700, 15.8384
2025-12-01 19:58:38, 0.0401656017, 0.0452433853, 0.1235366636, 0.1005358807, 2949.0545, 2737.5455, 760.9850, 17.6035
2025-12-01 19:58:44, 0.0388500045, 0.0403912871, 0.1535630062, 0.1395396746, 2883.4833, 2743.9500, 768.2650, 19.2973
2025-12-01 19:58:50, 0.0275709222, 0.0380443650, 0.1935397819, 0.1743464932, 2908.2353, 2674.0294, 768.0850, 19.7506
2025-12-01 19:58:56, 0.0357868223, 0.0313487317, 0.1316287722, 0.1004683056, 2895.2769, 2776.4769, 766.3800, 18.2218
2025-12-01 19:59:01, 0.0386687401, 0.0485336527, 0.1052400250, 0.1381550966, 2904.1017, 2706.6780, 768.7250, 17.9346
2025-12-01 19:59:13, 0.0855844741, 0.0899344662, 0.0836243499, 0.0697461914, 2723.9608, 2585.8431, 772.3500, 19.9584
2025-12-01 19:59:18, 0.0719534101, 0.0826590938, 0.0891211328, 0.0637982865, 2676.5965, 2701.2982, 766.3400, 17.9481
2025-12-01 19:59:24, 0.0723796631, 0.0658833183, 0.1186248244, 0.1175599212, 2783.3770, 2726.6066, 766.4450, 19.3369
2025-12-01 19:59:30, 0.0855907630, 0.0779966956, 0.0772112183, 0.0566716899, 2878.4808, 2842.6538, 766.0300, 18.7008
2025-12-01 19:59:35, 0.0801870156, 0.0977521569, 0.0730135289, 0.0638221363, 2999.7903, 2959.5645, 764.7300, 17.9069
2025-12-01 19:59:42, 0.0552483006, 0.0545077816, 0.1084053185, 0.1123760457, 2691.0000, 2604.3273, 764.7200, 18.4735
2025-12-01 19:59:47, 0.0931516963, 0.0996430332, 0.0990242077, 0.0866404230, 2865.2881, 2798.8814, 767.8700, 20.7816
2025-12-01 19:59:53, 0.0863575088, 0.0892969416, 0.1162983957, 0.0981949388, 2781.8400, 2639.7200, 767.2350, 19.9477
2025-12-01 19:59:59, 0.1060370358, 0.0937947070, 0.1059846366, 0.0848477260, 3143.6230, 2995.8197, 771.0800, 19.4724
2025-12-01 20:00:05, 0.0888340322, 0.1016680427, 0.1125160207, 0.1086320869, 2817.7455, 2803.7091, 768.5000, 19.5717
2025-12-01 20:00:10, 0.1640079643, 0.1254268173, 0.1473151926, 0.1052186479, 2816.4222, 2848.0667, 769.7900, 19.1697
2025-12-01 20:00:16, 0.1516603787, 0.1317507304, 0.0823056225, 0.0770895543, 2784.4651, 2685.3256, 768.9050, 18.5953
2025-12-01 20:00:22, 0.1106557865, 0.0812552291, 0.1099377879, 0.0921688508, 2840.7143, 2791.0357, 770.2200, 20.1157
2025-12-01 20:00:27, 0.0828051303, 0.0826396362, 0.2359119521, 0.1505523646, 2894.5897, 2842.9231, 765.6350, 19.0977
2025-12-01 20:00:33, 0.0760883363, 0.0871974346, 0.1003315099, 0.0869519262, 2701.6964, 2635.0536, 767.1950, 18.7485
2025-12-01 20:00:39, 0.0724911652, 0.0755340258, 0.1351267499, 0.1349251948, 2876.2807, 2757.3158, 767.8100, 17.8800
2025-12-01 20:00:44, 0.1236395657, 0.1559129907, 0.1148419860, 0.1069689099, 2997.9189, 2852.2432, 766.3300, 18.0233
2025-12-01 20:00:50, 0.0847404472, 0.0741966664, 0.0752653352, 0.0779843768, 2631.4098, 2640.2459, 765.7250, 18.2044
2025-12-01 20:00:56, 0.0755762702, 0.0754286223, 0.1036504240, 0.0827716448, 2819.8689, 2861.4098, 763.8950, 16.9114
2025-12-01 20:01:02, 0.0964979886, 0.0695696638, 0.0980362286, 0.1140111155, 2694.0156, 2710.1406, 767.9200, 17.1527
2025-12-01 20:01:07, 0.0832988720, 0.0680634594, 0.1144352440, 0.1409248955, 2931.6182, 2899.3818, 768.3600, 18.9800
2025-12-01 20:01:13, 0.0764226761, 0.0746967754, 0.1100690149, 0.0952619532, 2692.2800, 2729.5000, 767.6350, 18.0372
2025-12-01 20:01:19, 0.0471020425, 0.0577348816, 0.2148327916, 0.1653821478, 2891.6667, 2734.9841, 764.4700, 18.2225
2025-12-01 20:01:25, 0.0566635674, 0.0500463131, 0.1682737464, 0.1174861247, 2811.9107, 2716.7143, 762.2750, 17.9786
2025-12-01 20:01:30, 0.0622025663, 0.0576889798, 0.1329448300, 0.1433518039, 2708.5517, 2709.6897, 762.9400, 15.6782
2025-12-01 20:01:36, 0.0509536557, 0.0504185109, 0.1171099564, 0.1453459684, 2735.2923, 2782.8000, 761.3600, 16.9107
2025-12-01 20:01:42, 0.0425224793, 0.0413222468, 0.1145554837, 0.1044034795, 2920.8507, 2679.5075, 764.0200, 17.2994
2025-12-01 20:01:47, 0.0548115023, 0.0552862132, 0.0864379053, 0.0805098582, 2880.5294, 2761.6667, 760.3650, 16.5258
2025-12-01 20:01:53, 0.0707754697, 0.0920490213, 0.1264110344, 0.0930499277, 2716.5091, 2623.0182, 761.9050, 16.4598
2025-12-01 20:01:59, 0.0427212479, 0.0521672345, 0.1824943530, 0.1641468213, 2943.1228, 2826.1228, 759.6700, 16.9847
2025-12-01 20:02:05, 0.0700076839, 0.0489433683, 0.1442829712, 0.1474423268, 3055.7193, 3158.3684, 763.9050, 17.0401
2025-12-01 20:02:10, 0.0692401337, 0.0803560746, 0.1578344237, 0.1413944058, 2920.8400, 2834.4000, 764.4650, 16.8600
2025-12-01 20:02:17, 0.0945160768, 0.0971612634, 0.0857087073, 0.0829226149, 2883.2059, 2903.7059, 762.0350, 18.0390
2025-12-01 20:02:22, 0.0705289728, 0.0623583757, 0.1422518426, 0.1143536787, 2797.8462, 2738.6923, 761.9150, 17.8546
2025-12-01 20:02:28, 0.1038986177, 0.1027871691, 0.1087133032, 0.0829887118, 2860.1333, 2793.3167, 760.9450, 18.5984
2025-12-01 20:02:34, 0.1290705163, 0.1431566342, 0.0757050620, 0.0838999743, 2812.6154, 2819.4808, 760.4550, 18.3798
2025-12-01 20:02:40, 0.0565092423, 0.0670302934, 0.1043038170, 0.0967019909, 2732.2791, 2794.2558, 762.4450, 17.2498
2025-12-01 20:02:45, 0.0630445802, 0.0677925224, 0.1201692182, 0.1060236936, 2885.7353, 2781.8235, 761.6850, 19.1145
2025-12-01 20:02:51, 0.1139453590, 0.0890281013, 0.0852955752, 0.0806341483, 2834.8070, 2835.2982, 762.0050, 16.7587
2025-12-01 20:02:57, 0.0918255800, 0.0883988851, 0.1037094368, 0.0812437458, 2813.5962, 2786.8654, 760.9050, 17.0568
2025-12-01 20:03:03, 0.1172399454, 0.1097740768, 0.1204273711, 0.0990143952, 2996.6596, 3026.5745, 763.7100, 17.8963
2025-12-01 20:03:09, 0.0946674108, 0.0921305934, 0.1240442823, 0.0873676593, 2893.7073, 2823.0976, 760.8600, 18.3938
2025-12-01 20:03:15, 0.0578083452, 0.0623306104, 0.1288997297, 0.0865560075, 2710.7869, 2695.3770, 766.8550, 17.0336
2025-12-01 20:03:20, 0.0810833467, 0.0720883835, 0.0951716461, 0.0933396684, 2733.0704, 2673.2676, 761.9400, 17.0642
2025-12-01 20:03:26, 0.0822252548, 0.0687857272, 0.0891956636, 0.0783500259, 2950.3922, 2785.7451, 765.3500, 18.6198
2025-12-01 20:03:32, 0.1016285960, 0.1038491765, 0.0944114954, 0.0818945451, 2615.0741, 2613.0370, 763.4900, 17.3116
2025-12-01 20:03:38, 0.0894056694, 0.0827687169, 0.0875785572, 0.0729810047, 2871.6000, 2861.6615, 762.0000, 18.3853
2025-12-01 20:03:44, 0.0872903583, 0.0898899020, 0.0917857332, 0.1104803928, 2622.1273, 2660.4727, 765.0500, 17.8294
2025-12-01 20:03:49, 0.1071506129, 0.0824999695, 0.1353458060, 0.1395610769, 2776.7414, 2865.2241, 761.8350, 17.3841
2025-12-01 20:03:55, 0.1264851917, 0.1248060620, 0.1543799058, 0.1098646490, 2808.5556, 2677.9028, 763.0300, 18.2844
2025-12-01 20:04:01, 0.0939186696, 0.0922852264, 0.0988798525, 0.1023290181, 2825.4754, 2831.0164, 762.1800, 17.8454
2025-12-01 20:04:07, 0.1676060510, 0.1448642427, 0.1029248390, 0.1148063530, 2820.0980, 2739.1961, 763.5550, 18.2282
2025-12-01 20:04:12, 0.1125348672, 0.1241163483, 0.1543874959, 0.1203769120, 3244.6897, 3085.2931, 762.5650, 16.7582
2025-12-01 20:04:18, 0.0867869736, 0.0880144904, 0.1134579746, 0.1150089260, 2722.7077, 2684.0308, 767.7000, 17.3882
2025-12-01 20:04:24, 0.0700025869, 0.0764882328, 0.0803725099, 0.0888995490, 2836.8302, 2890.8113, 762.3150, 18.0346
2025-12-01 20:04:29, 0.0748263190, 0.0735175775, 0.1536708863, 0.1397427790, 2785.9683, 2736.8889, 768.9200, 20.6020
2025-12-01 20:04:35, 0.0838585282, 0.0970836345, 0.1567790089, 0.1500166462, 2764.2195, 2715.5610, 765.9200, 18.7524
2025-12-01 20:04:41, 0.1063617044, 0.1040592016, 0.1362969471, 0.1015240861, 2804.4915, 2748.0169, 765.4500, 21.1822
2025-12-01 20:04:47, 0.1114568365, 0.0850610614, 0.1473636960, 0.1140508873, 2811.0417, 2853.6875, 765.7600, 17.1351
2025-12-01 20:04:52, 0.0667274628, 0.0688510549, 0.1858444196, 0.1514505594, 2870.2258, 2824.2097, 768.6300, 19.2832
2025-12-01 20:04:58, 0.0452774587, 0.0539431874, 0.1839184073, 0.1889095779, 2871.2600, 2892.5000, 766.3450, 19.5642
2025-12-01 20:05:04, 0.0490078587, 0.0668392574, 0.1783579956, 0.1431092812, 3308.6042, 3274.8958, 767.2550, 17.5194
2025-12-01 20:05:09, 0.0915105740, 0.1003175208, 0.1138495429, 0.1230864671, 2955.5172, 2967.7241, 766.4400, 16.0834
2025-12-01 20:05:15, 0.1369156334, 0.1237130075, 0.1141824070, 0.0853863404, 3018.7727, 2924.1818, 763.4450, 18.1595
2025-12-01 20:05:21, 0.0897305307, 0.0867214452, 0.1022819432, 0.0948149548, 2686.4915, 2748.1695, 768.2400, 16.6142
2025-12-01 20:05:27, 0.0833466610, 0.0806040384, 0.0981528279, 0.0811066353, 2768.6792, 2796.4151, 761.7800, 18.8147
2025-12-01 20:05:33, 0.0884396163, 0.0930952464, 0.1023607693, 0.1170816432, 3002.7045, 2943.9091, 763.6650, 19.7361
2025-12-01 20:05:38, 0.1181534938, 0.1039268120, 0.1039459556, 0.0958753133, 2842.6271, 2766.2542, 765.0300, 16.1561
2025-12-01 20:05:44, 0.1494502553, 0.1624031634, 0.0739702621, 0.0810372590, 2848.6607, 2918.0357, 764.7850, 18.7061
2025-12-01 20:05:50, 0.1124190297, 0.1235490887, 0.0973447114, 0.0950459561, 2828.7069, 2827.2759, 768.5600, 18.5031
2025-12-01 20:05:56, 0.0979309930, 0.0731392106, 0.1065899591, 0.0717891192, 3030.4643, 2876.8214, 764.7500, 18.2370
2025-12-01 20:06:01, 0.0797994326, 0.0718249257, 0.0994564857, 0.0987740863, 2870.3929, 2810.5000, 765.2900, 17.3285
2025-12-01 20:06:07, 0.1033122457, 0.0846313989, 0.1323180993, 0.1055332652, 2983.5818, 2840.1091, 765.4050, 17.7863
2025-12-01 20:06:13, 0.0946730334, 0.1088751745, 0.0926032858, 0.0975136922, 3101.1296, 3028.6111, 765.4650, 20.1603
2025-12-01 20:06:19, 0.0897161023, 0.0754195469, 0.1365787111, 0.1157610379, 2909.2917, 2753.1042, 763.5900, 17.9277
2025-12-01 20:06:25, 0.0841839237, 0.0827692862, 0.1222139148, 0.1370591487, 2715.9434, 2776.7736, 764.4900, 18.2995
2025-12-01 20:06:31, 0.0626231039, 0.0625130157, 0.0920822880, 0.0939377640, 2981.3421, 2915.1579, 762.1950, 18.3188
2025-12-01 20:06:37, 0.0959644684, 0.1053849763, 0.0911823928, 0.0909205332, 2759.7547, 2812.5283, 766.3500, 17.2693
2025-12-01 20:06:42, 0.0842342696, 0.0790876822, 0.1366309261, 0.1026038919, 2776.1698, 2620.9811, 765.2550, 17.1026
2025-12-01 20:06:48, 0.0567976671, 0.0485909305, 0.1238282147, 0.0996724376, 2801.0896, 2845.7761, 763.7450, 18.8061
2025-12-01 20:06:54, 0.0451315283, 0.0333022391, 0.1490017227, 0.1222753214, 2869.6119, 2848.1791, 762.2650, 18.5746
2025-12-01 20:06:59, 0.0764376638, 0.0781679494, 0.0944023796, 0.0937203631, 2634.1636, 2652.4364, 764.9600, 17.4152
2025-12-01 20:07:05, 0.0419755529, 0.0457309394, 0.0783149649, 0.0789730251, 2937.3966, 2962.2241, 765.4050, 16.9794
2025-12-01 20:07:11, 0.1119278493, 0.0808730369, 0.1229101553, 0.1147189851, 2825.1897, 2891.1897, 766.6400, 18.7395
2025-12-01 20:07:16, 0.0354268267, 0.0420394206, 0.1089262137, 0.0909043986, 2668.5000, 2704.6290, 766.6950, 18.8579
2025-12-01 20:07:23, 0.0587295111, 0.0478018930, 0.1298432116, 0.1695517892, 2679.0741, 2736.2407, 764.3500, 18.3877
2025-12-01 20:07:28, 0.0814027211, 0.0875125471, 0.1107282778, 0.1094204224, 2882.8750, 2905.7969, 764.4250, 16.3299
2025-12-01 20:07:34, 0.0509474340, 0.0570447067, 0.0887308454, 0.0743932755, 2745.0492, 2618.5246, 764.7850, 18.8446
2025-12-01 20:07:39, 0.0412134370, 0.0483586075, 0.1012402195, 0.1024596114, 2869.0152, 2885.9091, 766.2400, 18.7057
2025-12-01 20:07:45, 0.1042286810, 0.0892619539, 0.1880089235, 0.1246948835, 2712.4783, 2617.9565, 768.7050, 19.3258
2025-12-01 20:07:51, 0.0554275692, 0.0555419781, 0.1286661939, 0.1212562139, 2651.0164, 2616.8197, 767.1150, 19.9252
2025-12-01 20:07:57, 0.0471539108, 0.0403498380, 0.1120874081, 0.0969128255, 2916.7424, 2736.8485, 763.4500, 19.5135
2025-12-01 20:08:02, 0.0447193455, 0.0454756747, 0.1446099850, 0.0759491327, 2482.1311, 2360.6721, 768.6400, 18.1934
2025-12-01 20:08:08, 0.0410443159, 0.0524840399, 0.1279783850, 0.1104256074, 2730.1613, 2625.9194, 765.8600, 17.2575
2025-12-01 20:08:14, 0.0946111899, 0.0916451706, 0.1900489226, 0.1491252764, 2764.9796, 2718.5306, 766.7850, 18.5558
2025-12-01 20:08:20, 0.0561045401, 0.0538509360, 0.1420141192, 0.1595003917, 2893.8308, 2876.2308, 765.4000, 19.0845
2025-12-01 20:08:26, 0.0400345613, 0.0524828327, 0.2808125516, 0.2059402525, 2764.4773, 2644.5227, 766.2900, 18.6691
2025-12-01 20:08:31, 0.0315752532, 0.0337522891, 0.1576292126, 0.1438903506, 2717.4355, 2602.7419, 762.4500, 19.9802
2025-12-01 20:08:37, 0.0691571055, 0.0622224215, 0.1263713534, 0.1216247466, 2866.8000, 2826.1818, 765.9850, 19.5196
2025-12-01 20:08:43, 0.0517354315, 0.0554879819, 0.1716954424, 0.1331354757, 3151.7292, 3040.2083, 765.1750, 16.5104
2025-12-01 20:08:49, 0.0796515329, 0.0628008658, 0.1777922683, 0.1577497297, 2765.7778, 2767.7333, 766.4950, 18.7521
2025-12-01 20:08:54, 0.0530233635, 0.0508983964, 0.1418617087, 0.1407105405, 2760.7692, 2753.6026, 769.0600, 19.9719
2025-12-01 20:09:00, 0.0490619939, 0.0540208908, 0.1903072098, 0.1495992284, 2957.1667, 2831.0238, 766.4150, 17.6761
2025-12-01 20:09:06, 0.0925422449, 0.0858744860, 0.1103343664, 0.1313223956, 2381.9444, 2394.1111, 768.2200, 17.2908
2025-12-01 20:09:11, 0.0779967323, 0.0829005671, 0.2920106445, 0.3609718933, 2758.0250, 2834.2750, 770.6650, 18.0777
2025-12-01 20:09:17, 0.0668809102, 0.0492922573, 0.3563270101, 0.3036233856, 2795.6512, 2752.6047, 765.9850, 17.1013
2025-12-01 20:09:23, 0.0885445898, 0.0890302002, 0.1795730895, 0.1918619674, 2836.2667, 2728.2889, 768.1150, 19.0240
2025-12-01 20:09:29, 0.0606969683, 0.0846759242, 0.3116172476, 0.2641021974, 2934.3333, 2790.1538, 766.1500, 19.1778
2025-12-01 20:09:34, 0.0900754882, 0.0924137229, 0.1643107296, 0.1748966137, 2706.6111, 2823.1111, 762.8550, 19.3469
2025-12-01 20:09:40, 0.0590741312, 0.0692915685, 0.1403997762, 0.1673984715, 2649.2500, 2646.1923, 766.9550, 17.7266
2025-12-01 20:09:46, 0.0802126965, 0.1279098608, 0.2233774065, 0.2217329166, 2802.4815, 2837.3333, 765.5200, 18.2209
2025-12-01 20:09:51, 0.0867398512, 0.1041788617, 0.1441437659, 0.1491553102, 2703.1800, 2716.3800, 768.3100, 19.5349
2025-12-01 20:09:57, 0.1022483145, 0.0931662564, 0.0930782000, 0.0779803116, 2679.1000, 2737.3200, 764.4500, 18.2342
2025-12-01 20:10:03, 0.0450621432, 0.0535772011, 0.1787096220, 0.1463373741, 2680.3000, 2695.1800, 762.8200, 20.6300
2025-12-01 20:10:08, 0.0855810913, 0.0904891614, 0.1854063417, 0.1169648117, 2758.3400, 2622.1000, 763.6950, 19.6581
2025-12-01 20:10:14, 0.1314103754, 0.1290336076, 0.1562125505, 0.1715978281, 2831.0851, 2767.4894, 764.7150, 19.4662
2025-12-01 20:10:20, 0.0606368256, 0.0883508517, 0.1537604042, 0.1724923835, 2704.0217, 2749.8913, 762.5300, 18.8645
2025-12-01 20:10:25, 0.0716123910, 0.0787706662, 0.1259545093, 0.1602533405, 2837.9804, 2885.1961, 765.3050, 19.2866
2025-12-01 20:10:31, 0.0422735077, 0.0459944364, 0.2100962675, 0.1970899744, 2935.9268, 2885.3659, 766.3650, 20.1117
2025-12-01 20:10:37, 0.0474249115, 0.0469892351, 0.2017813672, 0.1887260239, 2492.6667, 2465.2619, 758.7700, 17.2539
2025-12-01 20:10:43, 0.0478919181, 0.0544876381, 0.2433170994, 0.2829001431, 2474.0000, 2460.5000, 759.6150, 18.9187
2025-12-01 20:10:49, 0.0539531909, 0.0570073959, 0.1113836918, 0.1613170542, 2320.5625, 2364.4167, 764.5200, 19.8736
2025-12-01 20:10:54, 0.0467102533, 0.0462809853, 0.2686128156, 0.2123237464, 2432.8431, 2432.9804, 762.0650, 19.9186
2025-12-01 20:11:00, 0.0471633092, 0.0463687756, 0.2399692535, 0.2822599940, 2591.6364, 2534.1364, 758.6600, 18.5557
2025-12-01 20:11:06, 0.0468283544, 0.0602226452, 0.2974631528, 0.3196957130, 2662.4000, 2617.7333, 762.6150, 19.0325
2025-12-01 20:11:12, 0.0731425646, 0.0578902441, 0.1538476473, 0.1121264269, 2776.1364, 2742.2727, 760.9050, 18.3653
2025-12-01 20:11:17, 0.0595116374, 0.0568615776, 0.3053230278, 0.3133408639, 2687.9744, 2706.7436, 761.4800, 17.6516
2025-12-01 20:11:23, 0.0644049608, 0.0719387030, 0.2125128907, 0.1856324223, 2963.6885, 2943.7213, 765.1500, 18.4328
2025-12-01 20:11:29, 0.0627805285, 0.0753916498, 0.1178576663, 0.1160537731, 2837.0566, 2856.8113, 761.5050, 17.6833
2025-12-01 20:11:35, 0.0849211530, 0.0807796857, 0.1705554842, 0.1859170303, 2810.8980, 2828.4490, 764.5600, 17.3916
2025-12-01 20:11:41, 0.0698408521, 0.0808204801, 0.1254412965, 0.1124860889, 2827.2069, 2739.1897, 761.1650, 16.5387
2025-12-01 20:11:46, 0.0751219089, 0.0795270368, 0.1747964473, 0.1847092527, 3028.5652, 2976.2391, 759.7950, 17.5004
2025-12-01 20:11:52, 0.0766071100, 0.0774384933, 0.1345846447, 0.1703973137, 2507.7333, 2551.5111, 768.4100, 18.2201
2025-12-01 20:11:58, 0.0857842568, 0.1010159493, 0.1294855171, 0.1762530129, 2755.4237, 2734.6949, 767.3100, 17.6495
2025-12-01 20:12:03, 0.0562555301, 0.0522670458, 0.1458834830, 0.1226042577, 2837.5161, 2767.7419, 764.8350, 19.2059
2025-12-01 20:12:09, 0.0606993452, 0.0560485089, 0.1163480797, 0.1261150519, 2869.4426, 2779.7049, 764.5700, 19.1203
2025-12-01 20:12:15, 0.0563199630, 0.0392509508, 0.1495651737, 0.1185968166, 2893.7119, 2782.9153, 765.1600, 17.9420
2025-12-01 20:12:20, 0.0624898268, 0.0928625282, 0.0975727746, 0.0776174895, 2697.6042, 2690.7500, 768.9150, 18.1038
2025-12-01 20:12:26, 0.0801242819, 0.0710419922, 0.2051959120, 0.2378426085, 2765.6719, 2759.7812, 767.9800, 18.2973
2025-12-01 20:12:32, 0.0737641773, 0.0574646187, 0.2193464895, 0.2072555229, 2645.8571, 2698.5476, 766.7900, 18.4376
2025-12-01 20:12:38, 0.0411752553, 0.0532399404, 0.1359290424, 0.1116613108, 2680.2754, 2706.3188, 769.7050, 18.2323
2025-12-01 20:12:44, 0.0394910014, 0.0284342365, 0.1184153838, 0.1260827797, 2902.5538, 2825.1231, 766.3000, 18.0851
2025-12-01 20:12:49, 0.0361668793, 0.0419855772, 0.2229650312, 0.2123038426, 2599.8030, 2550.8636, 768.0400, 19.2286
2025-12-01 20:12:55, 0.0417317125, 0.0354660922, 0.1848227491, 0.1616065939, 2783.1714, 2713.9857, 770.6050, 17.4760
2025-12-01 20:13:01, 0.0658254453, 0.0500445733, 0.0980997581, 0.0653809316, 2851.0476, 2703.6667, 768.5750, 16.1485
2025-12-01 20:13:07, 0.0620443463, 0.0596051436, 0.1544043126, 0.1745324891, 2742.3684, 2677.1053, 767.2500, 18.5218
2025-12-01 20:13:13, 0.0929993299, 0.0774777761, 0.1401615924, 0.1255619860, 2879.0980, 2753.1373, 767.9450, 18.2448
2025-12-01 20:13:19, 0.0601546996, 0.0619329548, 0.0785524290, 0.1177834611, 2553.6744, 2675.5349, 767.1450, 18.5012
2025-12-01 20:13:25, 0.0853890900, 0.1143990830, 0.0842952610, 0.0838929541, 2784.7544, 2673.9649, 767.7450, 18.3954
2025-12-01 20:13:30, 0.0318694303, 0.0275720780, 0.1687017485, 0.1464627689, 2848.9155, 2715.0141, 767.2650, 18.1856
2025-12-01 20:13:36, 0.0428948263, 0.0436118805, 0.0832388743, 0.0706059381, 2776.8000, 2769.5556, 766.6850, 18.0946
2025-12-01 20:13:42, 0.0369848585, 0.0366759150, 0.0818003530, 0.0777250585, 2709.3962, 2682.4340, 769.9350, 17.4691
2025-12-01 20:13:48, 0.0591703482, 0.0441416399, 0.1134226340, 0.1028296873, 2459.3148, 2424.4630, 769.9750, 16.3556
2025-12-01 20:13:54, 0.0525966480, 0.0652486720, 0.1502910112, 0.1404728641, 3260.6923, 3245.5385, 767.5700, 18.3947
2025-12-01 20:13:59, 0.0645112552, 0.0597498983, 0.1668554437, 0.1808477042, 2936.4906, 2974.8679, 770.2550, 19.3261
2025-12-01 20:14:05, 0.0926487610, 0.0814648336, 0.1859779661, 0.2128357713, 2929.5147, 2917.6765, 769.6850, 21.2008
2025-12-01 20:14:11, 0.0609562496, 0.0683328270, 0.1237392675, 0.1053657056, 2695.8750, 2647.2500, 771.4250, 17.3079
2025-12-01 20:14:16, 0.0580970601, 0.0616606837, 0.1526267875, 0.1393941440, 3166.7674, 3090.2791, 765.3650, 16.9989
2025-12-01 20:14:22, 0.0683730448, 0.0581411780, 0.1225290274, 0.1322823982, 2645.1667, 2745.6167, 770.2100, 18.6758
2025-12-01 20:14:28, 0.0360032016, 0.0329957157, 0.2122821020, 0.1478465256, 2710.0500, 2636.6667, 768.8850, 17.6902
2025-12-01 20:14:34, 0.0626623357, 0.0526855383, 0.1686250127, 0.1358986871, 2689.3115, 2769.9344, 768.8450, 17.1543
2025-12-01 20:14:39, 0.0539748520, 0.0465642462, 0.1595217779, 0.2270161390, 2421.5763, 2454.4915, 770.8350, 17.4100
2025-12-01 20:14:45, 0.0519018564, 0.0380818616, 0.1599784493, 0.1932407096, 2572.6200, 2645.9800, 767.8300, 18.9138
2025-12-01 20:14:51, 0.0762305280, 0.0512340173, 0.4212539436, 0.3797151346, 2734.9750, 2651.6750, 767.7250, 20.0768
2025-12-01 20:14:57, 0.0775533564, 0.0827508496, 0.1788534351, 0.1558278029, 2781.8868, 2747.1698, 759.4600, 18.2961
2025-12-01 20:15:02, 0.0747419155, 0.0734701740, 0.1825766013, 0.1787200562, 2767.8627, 2757.0980, 762.4750, 17.2768
2025-12-01 20:15:08, 0.1165171422, 0.1346143217, 0.1006292896, 0.1070690888, 2880.2368, 2975.4737, 762.9300, 17.4673
2025-12-01 20:15:14, 0.0661352634, 0.0662906438, 0.0827768635, 0.0727556690, 2876.8043, 2942.4565, 760.5800, 16.8301
2025-12-01 20:15:20, 0.0733260888, 0.0659957408, 0.1925113583, 0.1779667333, 2912.6102, 2940.6102, 763.0550, 17.1771
2025-12-01 20:15:26, 0.1146775373, 0.0648949739, 0.1001818912, 0.1020962609, 2682.0877, 2689.4737, 769.4500, 17.7850
2025-12-01 20:15:31, 0.1039532503, 0.0924155133, 0.1614507938, 0.2177508535, 2764.3137, 2891.7059, 762.0850, 17.5051
2025-12-01 20:15:37, 0.0533485460, 0.0594178985, 0.2676040636, 0.2751887260, 2855.3077, 2823.9808, 762.6200, 17.5729
2025-12-01 20:15:43, 0.0588830542, 0.0507664615, 0.1808321949, 0.1352243461, 2927.4000, 2864.3778, 763.2150, 18.8613
2025-12-01 20:15:48, 0.0833821751, 0.0802038629, 0.1700227784, 0.1635940696, 2420.1552, 2435.7759, 769.5850, 18.2820
2025-12-01 20:15:54, 0.0470218083, 0.0535088708, 0.2466240206, 0.2268066263, 2944.1200, 2950.5200, 771.9700, 17.1429
2025-12-01 20:16:00, 0.0476540550, 0.0521649850, 0.1453572422, 0.1316692226, 2843.1774, 2781.5484, 769.2150, 17.7958
2025-12-01 20:16:06, 0.0429349185, 0.0430506133, 0.1448867284, 0.1610882279, 2837.2727, 2780.3939, 771.4450, 18.6303
2025-12-01 20:16:12, 0.0764044614, 0.0699059879, 0.1932786541, 0.1573602728, 2923.8689, 2835.2295, 771.5050, 17.7592
2025-12-01 20:16:18, 0.0575322973, 0.0595213088, 0.1434529986, 0.1241790784, 2656.0000, 2456.3043, 764.4400, 17.0416
2025-12-01 20:16:23, 0.0406570751, 0.0436208936, 0.1574143935, 0.1606769489, 2484.7037, 2463.4444, 771.8700, 18.6197
2025-12-01 20:16:29, 0.0664873616, 0.0580641158, 0.1851866514, 0.1105331349, 2696.3725, 2553.6863, 770.8250, 18.6358
2025-12-01 20:16:34, 0.1068106986, 0.0820445369, 0.1506492130, 0.1553451701, 2636.1860, 2602.9767, 771.1800, 19.1820
2025-12-01 20:16:41, 0.0425502821, 0.0530059992, 0.0875632330, 0.1048907558, 2810.8148, 2746.4259, 770.1550, 20.3647
2025-12-01 20:16:46, 0.0344178001, 0.0362567399, 0.2284641768, 0.1596529529, 2515.4630, 2473.9630, 768.5900, 19.4122
2025-12-01 20:16:52, 0.0312721259, 0.0272201751, 0.1591843769, 0.1740049997, 2644.9828, 2631.9655, 771.3200, 17.4722
2025-12-01 20:16:58, 0.0357392657, 0.0359134518, 0.1533817086, 0.1366616948, 2763.0435, 2679.6232, 770.8850, 18.2768
2025-12-01 20:17:03, 0.0949638954, 0.0826021341, 0.1498009720, 0.1474525991, 2814.3061, 2652.6327, 770.1650, 17.9320
2025-12-01 20:17:09, 0.0538133733, 0.0523834219, 0.1030190281, 0.1127907666, 2894.7368, 2867.6842, 772.0150, 20.0274
2025-12-01 20:17:15, 0.0820007436, 0.0664166650, 0.1553089041, 0.1359488247, 2568.3725, 2570.1961, 772.6850, 17.9208
2025-12-01 20:17:21, 0.0414408588, 0.0466443929, 0.1628371370, 0.1179070704, 2811.2029, 2763.3768, 772.4700, 17.4648
2025-12-01 20:17:26, 0.0720605960, 0.0604920302, 0.1360499025, 0.1706558120, 2935.4038, 3134.7500, 772.2800, 17.9511
2025-12-01 20:17:32, 0.0391341179, 0.0339608390, 0.1332268892, 0.1233099722, 2519.1194, 2378.9851, 770.6400, 16.2822
2025-12-01 20:17:38, 0.0699462945, 0.0654103892, 0.1437589066, 0.1598965629, 2732.3043, 2728.7174, 767.7000, 17.9780
2025-12-01 20:17:44, 0.0930493232, 0.0821617448, 0.1244231766, 0.1476023478, 2778.5849, 2788.1887, 769.6550, 18.1159
2025-12-01 20:17:49, 0.0820530728, 0.0591180834, 0.1833010543, 0.1730674857, 2846.6977, 2735.8605, 770.8300, 16.0144
2025-12-01 20:17:55, 0.0794633067, 0.0802020571, 0.2295861472, 0.1757544668, 2504.1622, 2371.7568, 772.9000, 18.8907
2025-12-01 20:18:01, 0.0729639298, 0.0678011901, 0.2155507855, 0.2920215185, 2756.4074, 2737.0741, 770.0800, 18.3293
2025-12-01 20:18:07, 0.0457283463, 0.0560500373, 0.1642850915, 0.1669679494, 2923.7167, 2805.9000, 770.1450, 18.8644
2025-12-01 20:18:13, 0.0990376659, 0.0792504455, 0.1417625559, 0.0974029169, 2896.5926, 2867.2222, 772.1300, 17.7466
2025-12-01 20:18:18, 0.0324207293, 0.0300282136, 0.1381470389, 0.0907225171, 2492.5000, 2444.2885, 771.3350, 17.2853
2025-12-01 20:18:24, 0.0563564074, 0.0544360347, 0.1698729562, 0.1917384956, 2652.0426, 2620.8723, 767.5350, 16.6871
2025-12-01 20:18:30, 0.0567862287, 0.0769662791, 0.2242448556, 0.1720103375, 2568.2708, 2458.1250, 767.7050, 17.9582
2025-12-01 20:18:36, 0.0651743890, 0.0619156100, 0.1651170739, 0.1512230574, 2693.7059, 2693.4412, 767.2650, 17.5700
2025-12-01 20:18:41, 0.0544512532, 0.0719366279, 0.2067782306, 0.1148401537, 2660.9062, 2517.0000, 771.4500, 17.1548
2025-12-01 20:18:47, 0.0768746533, 0.0706430309, 0.1030113443, 0.1610043602, 2871.4400, 2992.8000, 766.1650, 16.2252
2025-12-01 20:18:53, 0.0327493855, 0.0353835241, 0.1294005308, 0.1250941748, 2807.6133, 2626.4400, 765.8200, 18.1198
2025-12-01 20:18:59, 0.0601852338, 0.0634515386, 0.1469091270, 0.1447803444, 2502.5577, 2472.0577, 766.5600, 16.9816
2025-12-01 20:19:04, 0.0719369430, 0.0611482326, 0.1792413216, 0.1614252541, 2588.5800, 2639.7600, 771.0350, 18.1960
2025-12-01 20:19:10, 0.0659369475, 0.0619509930, 0.1580819507, 0.1028912048, 2717.7812, 2647.5625, 765.8100, 17.6035
2025-12-01 20:19:16, 0.0613376015, 0.0597025700, 0.1346697559, 0.1116063644, 2823.6271, 2794.1864, 766.3600, 18.8778
2025-12-01 20:19:21, 0.0503315107, 0.0378861973, 0.1416897572, 0.1605561537, 2613.1400, 2544.7400, 766.3000, 19.8497
2025-12-01 20:19:27, 0.0446489550, 0.0482709768, 0.1327788930, 0.1755511749, 2508.8333, 2480.6111, 767.4100, 18.5567
2025-12-01 20:19:33, 0.0354868948, 0.0381425398, 0.2142801307, 0.1461258855, 3207.5000, 3218.8030, 764.7150, 17.8268
2025-12-01 20:19:39, 0.0699757661, 0.0585279430, 0.2232454841, 0.1722369509, 2890.3418, 2952.4557, 765.9050, 18.1658
2025-12-01 20:19:44, 0.0812752391, 0.0579195634, 0.0852528847, 0.0840681698, 2806.5647, 2631.3529, 770.3500, 17.4186
2025-12-01 20:19:50, 0.0428917807, 0.0435439317, 0.1354305048, 0.1206811664, 2761.4557, 2706.0506, 764.1150, 19.4243
2025-12-01 20:19:56, 0.0407145433, 0.0335927389, 0.1397708196, 0.1085042379, 2852.1268, 2687.4648, 764.8850, 17.2587
2025-12-01 20:20:02, 0.0657101612, 0.0724875518, 0.1344208445, 0.0975610514, 2823.5082, 2779.1639, 763.1400, 17.8768
2025-12-01 20:20:07, 0.0516426296, 0.0418674240, 0.1119875954, 0.0836162946, 2855.4000, 2790.7412, 766.6650, 18.1257
2025-12-01 20:20:13, 0.0581008755, 0.0490055922, 0.1205233924, 0.1267309602, 2707.1061, 2674.8788, 765.9600, 17.9008
2025-12-01 20:20:19, 0.0369224420, 0.0398373926, 0.1051204084, 0.1000952316, 2698.8780, 2612.7927, 760.1800, 17.0604
2025-12-01 20:20:25, 0.0580175820, 0.0434605040, 0.1152525348, 0.1162992799, 2777.9130, 2727.9783, 764.5200, 19.1065
2025-12-01 20:20:30, 0.0695259838, 0.0703773070, 0.1564385248, 0.1126553720, 2742.7500, 2644.2500, 762.9300, 17.4065
2025-12-01 20:20:36, 0.0722402231, 0.0727942799, 0.0785537284, 0.0695125805, 2688.6562, 2658.7344, 759.7700, 18.1071
2025-12-01 20:20:42, 0.1428314628, 0.1192695904, 0.1072503633, 0.1072115089, 2883.3833, 2867.9000, 763.1150, 17.9232
2025-12-01 20:20:48, 0.1091722157, 0.0871115806, 0.1357373833, 0.1479307468, 2678.9508, 2822.9836, 762.2950, 17.0082
2025-12-01 20:20:53, 0.1194228025, 0.1099520407, 0.1132395801, 0.1121605718, 2528.5926, 2611.7037, 760.5000, 18.0878
2025-12-01 20:20:59, 0.0495600316, 0.0451778644, 0.1189604727, 0.0980885980, 2703.1408, 2636.0986, 759.7850, 16.7949
2025-12-01 20:21:06, 0.0538413178, 0.0589429279, 0.1321840106, 0.1530566267, 2489.8246, 2486.1053, 760.2000, 17.6485
2025-12-01 20:21:12, 0.0740979146, 0.0634856437, 0.1851262722, 0.1914850808, 2470.4231, 2425.9615, 759.6950, 17.9717
2025-12-01 20:21:17, 0.0633316988, 0.0578008784, 0.1279979501, 0.1036579026, 2863.5373, 2761.2090, 758.2100, 16.9687
2025-12-01 20:21:23, 0.0642292445, 0.0605625661, 0.2450249219, 0.1783505535, 2865.1429, 2861.5714, 758.7200, 17.2056
2025-12-01 20:21:29, 0.0700791294, 0.0780795530, 0.1265707250, 0.1117647682, 2734.4681, 2722.1489, 761.6400, 18.0906
2025-12-01 20:21:35, 0.0634846297, 0.0671885862, 0.1693558874, 0.1425615371, 2836.3582, 2793.7910, 759.1550, 18.5556
2025-12-01 20:21:41, 0.0804381299, 0.0932706192, 0.0786036959, 0.0895675678, 2743.5455, 2699.5227, 771.1300, 19.2219
2025-12-01 20:21:46, 0.1109612313, 0.0761358128, 0.1064856298, 0.1082981494, 2930.9286, 2958.1143, 767.3850, 18.7781
2025-12-01 20:21:52, 0.0903734143, 0.0903144696, 0.1163499871, 0.1221450374, 2816.0429, 2754.5714, 768.7850, 18.6919
2025-12-01 20:21:58, 0.0718756093, 0.0703424120, 0.1565090507, 0.1380888765, 2927.3115, 3015.8525, 770.2400, 18.7436
2025-12-01 20:22:04, 0.0459973987, 0.0494195583, 0.1836084298, 0.1512135364, 2769.9615, 2672.2885, 773.0600, 18.1875
2025-12-01 20:22:10, 0.0525767034, 0.0338477663, 0.0970115352, 0.1091747982, 2872.6970, 2872.6818, 773.2350, 17.2551
2025-12-01 20:22:15, 0.0824592879, 0.0906503082, 0.1335481544, 0.1316775914, 2861.6531, 2866.8980, 769.4900, 18.0278
2025-12-01 20:22:21, 0.0641580298, 0.0627580798, 0.1057665850, 0.0931426053, 2811.9344, 2867.6557, 771.4100, 16.5606
2025-12-01 20:22:27, 0.1016864521, 0.1173754254, 0.1506985695, 0.1392371390, 2904.1837, 2819.1224, 773.4150, 19.3001
2025-12-01 20:22:32, 0.1128803280, 0.1005456906, 0.0744794109, 0.0732013025, 2777.6538, 2844.9615, 768.8200, 16.5453
2025-12-01 20:22:38, 0.0711481077, 0.0792203930, 0.0859710424, 0.0935779771, 3130.1020, 3024.2449, 772.6050, 17.1239
2025-12-01 20:22:44, 0.0688212096, 0.0639138761, 0.1346521558, 0.1271110580, 2717.4600, 2653.1400, 772.5350, 18.0690
2025-12-01 20:22:50, 0.0745392481, 0.0509348598, 0.0983938959, 0.0820477883, 2597.3600, 2630.3800, 771.7050, 19.6621
2025-12-01 20:22:55, 0.0672624168, 0.0789784525, 0.1325576033, 0.1368055477, 2930.7581, 2922.8710, 776.0750, 17.5488
2025-12-01 20:23:01, 0.0647876225, 0.0657128299, 0.0806521841, 0.0679705884, 2710.2037, 2642.5185, 765.1950, 18.8981
2025-12-01 20:23:07, 0.0783446596, 0.0735711707, 0.1319725330, 0.1090325081, 2814.3091, 2798.8909, 770.7350, 18.1564
2025-12-01 20:23:13, 0.0918984310, 0.0748274744, 0.1174503785, 0.0970516449, 2734.8696, 2770.7174, 770.5050, 17.3733
2025-12-01 20:23:19, 0.0754592060, 0.0886643483, 0.1681304697, 0.1334738121, 2917.4000, 2936.7000, 764.3650, 18.1089
2025-12-01 20:23:24, 0.1056814693, 0.1266072595, 0.1657455780, 0.1705080938, 3018.1132, 2929.5472, 772.2450, 18.1531
2025-12-01 20:23:30, 0.1172274729, 0.1212488998, 0.1710052759, 0.1875388400, 2732.9268, 2885.6098, 765.0700, 19.6195
2025-12-01 20:23:36, 0.1053122830, 0.1067367892, 0.1865425939, 0.1744318231, 2790.0769, 2808.2564, 765.8200, 17.5350
2025-12-01 20:23:42, 0.1100264558, 0.0962688614, 0.1455170881, 0.1493345284, 2569.8478, 2532.7391, 765.1050, 17.0846
2025-12-01 20:23:47, 0.1028675647, 0.1083247905, 0.1765737534, 0.1795864940, 2926.5854, 3012.2927, 769.9000, 18.1841
2025-12-01 20:23:53, 0.0799968079, 0.0747192953, 0.1339590097, 0.1250670749, 2557.9167, 2617.3542, 766.2350, 18.2538
2025-12-01 20:23:59, 0.1206768103, 0.1445067154, 0.1560221044, 0.1086723092, 2692.2308, 2687.1538, 769.3000, 18.1213
2025-12-01 20:24:05, 0.0671404118, 0.0711919479, 0.1110690933, 0.0803157278, 2610.4314, 2617.5294, 765.2600, 18.6613
2025-12-01 20:24:10, 0.0499006436, 0.0637452226, 0.2031269255, 0.1983175178, 2804.8800, 2614.9000, 765.0700, 17.6552
2025-12-01 20:24:16, 0.0793543833, 0.0929686356, 0.1806565845, 0.1727771140, 2784.0800, 2795.4800, 762.9050, 17.0659
2025-12-01 20:24:22, 0.1181087466, 0.1146738230, 0.0962164103, 0.1228348324, 2769.2903, 2785.3548, 764.4300, 16.6062
2025-12-01 20:24:28, 0.0330009019, 0.0346170583, 0.1208009640, 0.1430405787, 2418.2542, 2393.1695, 765.9950, 18.0415
2025-12-01 20:24:33, 0.0408513913, 0.0392371148, 0.5698910261, 0.5238517147, 2741.0000, 2560.5800, 768.3500, 16.8056
2025-12-01 20:24:39, 0.0471832631, 0.0500471896, 0.1793150799, 0.1616053388, 2380.2157, 2277.1961, 764.5550, 18.0828
2025-12-01 20:24:45, 0.0593432745, 0.0646308180, 0.1509665350, 0.1649633717, 2674.6140, 2806.3333, 762.3750, 17.5444
2025-12-01 20:24:51, 0.0566576000, 0.0593862376, 0.1686094550, 0.1716032568, 2752.5000, 2792.9375, 763.6250, 17.9948
2025-12-01 20:24:56, 0.0624799963, 0.0596198589, 0.1933237030, 0.1900009703, 3011.0000, 2937.6250, 761.5750, 16.1748
2025-12-01 20:25:02, 0.0853586451, 0.0878890806, 0.1021182209, 0.1336872699, 2685.4643, 2720.4821, 760.1600, 17.5409
2025-12-01 20:25:08, 0.0682033410, 0.0538426384, 0.3012674590, 0.2641875881, 2985.7660, 2856.4468, 761.7750, 17.1468
2025-12-01 20:25:14, 0.1025331904, 0.0798212770, 0.1419515003, 0.1829560719, 2660.9333, 2691.2000, 761.0300, 18.0632
2025-12-01 20:25:20, 0.0392377842, 0.0475815482, 0.2017826673, 0.1876932486, 3012.3750, 2949.8393, 761.9050, 17.4412
2025-12-01 20:25:25, 0.0359173820, 0.0304052603, 0.2115693013, 0.1391388580, 2712.5410, 2643.8852, 764.7500, 16.7734
2025-12-01 20:25:31, 0.0542862286, 0.0563807391, 0.2262344912, 0.2129798342, 2779.9524, 2604.6349, 759.3350, 17.4018
2025-12-01 20:25:37, 0.0657994492, 0.0714717920, 0.1922031464, 0.3202468211, 2658.9500, 2742.9000, 757.2550, 17.6675
2025-12-01 20:25:43, 0.0573703017, 0.0586900165, 0.2439406379, 0.1883485343, 2995.5283, 2930.3774, 758.7000, 17.8897
2025-12-01 20:25:49, 0.0730505682, 0.0565899483, 0.1596764147, 0.1593055859, 2482.1404, 2536.0877, 762.2100, 19.1187
2025-12-01 20:25:54, 0.0580145524, 0.0477458511, 0.2820611727, 0.2647539654, 2783.5893, 2614.8214, 761.1900, 17.8752
2025-12-01 20:26:00, 0.0655241677, 0.0660691143, 0.2602862545, 0.2227893488, 2866.8600, 2834.9800, 757.5200, 17.0962
2025-12-01 20:26:06, 0.0786307232, 0.0725580823, 0.1600879203, 0.1261028444, 2718.2075, 2707.7170, 761.0850, 17.0513
2025-12-01 20:26:11, 0.0416386632, 0.0464849472, 0.2759026032, 0.2501004179, 2863.5410, 2717.5410, 760.3950, 18.9496
2025-12-01 20:26:17, 0.0461701081, 0.0535499769, 0.1627374841, 0.1660654175, 2785.9434, 2886.2075, 757.2850, 18.7423
2025-12-01 20:26:23, 0.0534230568, 0.0579637341, 0.2420210969, 0.2465248231, 2549.2542, 2645.9661, 757.1350, 20.5202
2025-12-01 20:26:29, 0.0717221987, 0.0740114932, 0.2290543313, 0.1675871295, 2714.1000, 2707.3200, 761.2550, 18.3581
2025-12-01 20:26:35, 0.1252882440, 0.0776728572, 0.2920072194, 0.1792849368, 2981.1633, 2913.8776, 758.5150, 18.7638
2025-12-01 20:26:41, 0.0693644083, 0.0598950005, 0.1937042852, 0.2433125911, 2713.5135, 2809.9730, 757.8100, 17.4119
2025-12-01 20:26:46, 0.0581873496, 0.0859350827, 0.1897544475, 0.1565593454, 2943.7800, 2925.3400, 759.0050, 18.5864
2025-12-01 20:26:52, 0.0758027959, 0.0942291505, 0.1467586868, 0.1364797792, 2849.0833, 2817.1042, 763.4800, 17.7761
2025-12-01 20:26:58, 0.0555994340, 0.0624193234, 0.1455968541, 0.1747725200, 2918.8600, 2917.0400, 760.4350, 17.7836
2025-12-01 20:27:03, 0.0578672569, 0.0640404612, 0.0987512963, 0.1006381451, 2435.0727, 2530.6000, 764.5450, 17.9117
2025-12-01 20:27:09, 0.0500721332, 0.0396452215, 0.2603223605, 0.2558638513, 3219.5625, 3207.2292, 762.0750, 18.6708
2025-12-01 20:27:15, 0.0967868872, 0.0699357026, 0.1727294870, 0.1593891891, 2582.2708, 2532.2708, 765.5050, 17.6221
2025-12-01 20:27:20, 0.0378542068, 0.0401247177, 0.2228602332, 0.1722273796, 2856.1915, 2803.2128, 765.7850, 15.8833
2025-12-01 20:27:26, 0.0455729845, 0.0492689108, 0.1482469373, 0.1365320774, 2442.2258, 2386.6774, 764.4650, 17.5171
2025-12-01 20:27:32, 0.0382528859, 0.0356589650, 0.2265413307, 0.2007549161, 2775.0897, 2628.3205, 762.9600, 17.2069
2025-12-01 20:27:38, 0.0519647957, 0.0473246635, 0.1960364852, 0.1705820425, 2897.7091, 2861.7818, 764.5800, 17.8503
2025-12-01 20:27:44, 0.0607975238, 0.0646206739, 0.3171676033, 0.2158911994, 2726.4231, 2561.7500, 763.4000, 17.6128
2025-12-01 20:27:49, 0.1073426036, 0.0989451356, 0.1214151879, 0.1498457644, 2229.1556, 2276.2222, 763.5000, 16.6178
2025-12-01 20:27:55, 0.0890563722, 0.1159730055, 0.1101197188, 0.1350516040, 2911.8810, 3137.0714, 766.4350, 18.0082
2025-12-01 20:28:01, 0.1130796204, 0.1010896335, 0.1529849644, 0.1531486860, 3116.7500, 3042.9038, 761.9800, 18.1502
2025-12-01 20:28:06, 0.1163161929, 0.0950186257, 0.1677592436, 0.1541486209, 2640.5227, 2738.6136, 762.9700, 17.9546
2025-12-01 20:28:12, 0.0653894268, 0.0527179990, 0.1947331202, 0.1760067811, 2472.5357, 2521.2500, 766.8950, 16.5600
2025-12-01 20:28:18, 0.0491700855, 0.0546617655, 0.2548975305, 0.1739580620, 2750.3548, 2696.8548, 762.8800, 18.2786
2025-12-01 20:28:24, 0.0605858872, 0.0529300340, 0.1638499297, 0.1541888040, 2951.7292, 3060.4167, 765.7000, 16.8288
2025-12-01 20:28:29, 0.0726490617, 0.0896311625, 0.1850245758, 0.2229031859, 2606.9434, 2847.4906, 766.8800, 18.9332
2025-12-01 20:28:35, 0.0470326524, 0.0489187320, 0.2189651975, 0.2103162538, 2680.0769, 2560.7308, 761.6600, 18.0877
2025-12-01 20:28:41, 0.0803966087, 0.0790993645, 0.1968134249, 0.2247931515, 2784.7273, 2758.4318, 760.5950, 19.7611
2025-12-01 20:28:47, 0.0777583641, 0.0776446363, 0.1720817944, 0.1473026864, 2384.8846, 2402.6346, 753.4900, 17.0106
2025-12-01 20:28:52, 0.0747095274, 0.0677946734, 0.1865347620, 0.1244503966, 2692.5745, 2668.3191, 755.4150, 17.6041
2025-12-01 20:28:58, 0.0742479637, 0.1021050444, 0.3605591376, 0.3279891688, 2844.2979, 2906.4468, 760.1650, 16.9484
2025-12-01 20:29:04, 0.0942294471, 0.0989276936, 0.2031573268, 0.2135449808, 2559.9362, 2569.8936, 761.0700, 17.9537
2025-12-01 20:29:09, 0.0786630117, 0.0649868577, 0.2373920824, 0.1408980026, 2598.0000, 2596.6471, 759.4450, 16.4237
2025-12-01 20:29:15, 0.0494702274, 0.0437389049, 0.2424101870, 0.2180171159, 2629.2419, 2645.2581, 762.1450, 18.7295
2025-12-01 20:29:21, 0.0934518980, 0.0885490327, 0.2726171308, 0.2559767013, 2966.5814, 2986.6977, 755.4050, 16.9376
2025-12-01 20:29:27, 0.1123410412, 0.1360363030, 0.1681095754, 0.1384935443, 2439.9048, 2442.6667, 760.2050, 16.7819
2025-12-01 20:29:32, 0.0888936859, 0.1198813387, 0.1361796740, 0.1145072184, 2758.0545, 2681.8182, 761.5150, 17.7240
2025-12-01 20:29:38, 0.0967581044, 0.1001532233, 0.2306670543, 0.2930371849, 2886.4000, 2966.5333, 759.0550, 15.8591
2025-12-01 20:29:44, 0.0883092683, 0.1194074238, 0.1785676280, 0.2455634153, 2482.0741, 2628.1481, 759.9450, 17.4657
2025-12-01 20:29:49, 0.1145478615, 0.1406925884, 0.1147881544, 0.0997050280, 2350.5179, 2392.9286, 759.2050, 17.4021
2025-12-01 20:29:55, 0.0891750962, 0.0887679726, 0.2581613634, 0.2072000560, 3018.2381, 2970.8333, 759.6300, 18.6685
2025-12-01 20:30:01, 0.0580387941, 0.0540546331, 0.2875200377, 0.2556791866, 2762.3095, 2650.0476, 758.4700, 19.4360
2025-12-01 20:30:06, 0.1030006860, 0.0981619586, 0.1370947214, 0.1403513288, 2767.4737, 2826.4561, 758.0800, 17.8568
2025-12-01 20:30:12, 0.0972590129, 0.1241849046, 0.2172257852, 0.1776066885, 3033.5098, 2951.0392, 762.2000, 19.8980
2025-12-01 20:30:18, 0.0804931494, 0.0822243187, 0.2791329604, 0.2614333038, 2763.5417, 2759.9375, 763.1700, 19.2596
2025-12-01 20:30:23, 0.0958870171, 0.0798057552, 0.1987689426, 0.1642913348, 2861.8913, 2848.2609, 765.7550, 17.7779
2025-12-01 20:30:29, 0.0669153199, 0.0776377776, 0.1510590943, 0.1310699816, 2742.6735, 2739.9184, 767.3400, 17.5367
2025-12-01 20:30:35, 0.0799961595, 0.0682010006, 0.2120465381, 0.1700568436, 3027.4468, 2921.7660, 761.4550, 19.1512
2025-12-01 20:30:41, 0.0925660650, 0.0937462861, 0.1623497332, 0.1653509332, 2642.5745, 2827.5319, 764.2300, 19.3845
2025-12-01 20:30:46, 0.1040308328, 0.0960964790, 0.1352741628, 0.1434747171, 2566.0192, 2569.7500, 765.5100, 18.2716
2025-12-01 20:30:52, 0.1056943203, 0.1267671705, 0.1340474813, 0.1621777629, 2647.4074, 2702.6296, 766.3900, 17.5746
2025-12-01 20:30:58, 0.1164103353, 0.0949652353, 0.1320731036, 0.1337289871, 2864.9245, 2829.6415, 766.0750, 18.4301
2025-12-01 20:31:03, 0.0840565975, 0.0761595187, 0.1080837835, 0.1196339367, 2642.9487, 2748.3846, 767.8100, 16.8616
2025-12-01 20:31:09, 0.1012514456, 0.0958798707, 0.3362032196, 0.3130827097, 2948.6078, 2913.8235, 764.4500, 17.5079
2025-12-01 20:31:15, 0.0893595109, 0.1021550600, 0.2851478102, 0.2514417944, 3086.6250, 3064.3500, 766.8650, 15.6945
2025-12-01 20:31:20, 0.1226160104, 0.1253659560, 0.2092722083, 0.2047940075, 2431.3659, 2515.7561, 764.9200, 18.4625
2025-12-01 20:31:26, 0.0912440187, 0.0946312992, 0.2596701991, 0.2609281219, 2604.4857, 2569.3143, 768.0300, 18.5768
2025-12-01 20:31:32, 0.1016802275, 0.1291912673, 0.2454915882, 0.2205479993, 2369.4651, 2414.7209, 763.8950, 19.0587
2025-12-01 20:31:37, 0.0556203264, 0.0633853475, 0.3655223917, 0.2918332160, 2843.6170, 2844.7234, 763.1000, 18.8167
2025-12-01 20:31:43, 0.0780111194, 0.1026102503, 0.1660163693, 0.1916993704, 2847.6977, 3032.6512, 765.1750, 17.7018
2025-12-01 20:31:49, 0.0701400467, 0.0842106485, 0.1911748149, 0.2180980310, 2757.9825, 2919.5614, 765.6700, 18.1860
2025-12-01 20:31:55, 0.0986844528, 0.0926977929, 0.2250095840, 0.1849640749, 2940.6739, 2900.5652, 766.3400, 19.1056
2025-12-01 20:32:01, 0.1519680853, 0.1339085040, 0.1868292258, 0.1849149691, 2815.9322, 2784.3051, 764.7600, 17.9572
2025-12-01 20:32:07, 0.1324932600, 0.1022638088, 0.1538338454, 0.1359563031, 2609.9846, 2505.9538, 763.8900, 18.2554
2025-12-01 20:32:12, 0.0458602322, 0.0623325776, 0.2268818378, 0.1672356372, 2433.1304, 2289.6304, 767.3650, 17.3356
2025-12-01 20:32:18, 0.0707936426, 0.0625568607, 0.1240552294, 0.1134092372, 2674.3111, 2650.3556, 762.0800, 18.3075
2025-12-01 20:32:24, 0.0515915782, 0.0550540462, 0.1938933443, 0.1733841643, 2713.9016, 2651.3443, 766.8150, 20.0928
2025-12-01 20:32:30, 0.0704039363, 0.0649277140, 0.1685996225, 0.1715558668, 2716.9206, 2634.9048, 764.1850, 17.9817
2025-12-01 20:32:35, 0.0473437711, 0.0406156496, 0.1211294135, 0.1086903459, 2715.4203, 2626.2754, 766.7400, 17.7846
2025-12-01 20:32:41, 0.0506962039, 0.0508112393, 0.1732324451, 0.1528349245, 2895.1923, 2781.8846, 768.7950, 19.5382
2025-12-01 20:32:47, 0.0580241285, 0.0704615184, 0.2214388211, 0.2223924453, 2543.9808, 2618.8077, 764.3050, 18.5877
2025-12-01 20:32:53, 0.0790748358, 0.0652114159, 0.1744927055, 0.2102766032, 2606.8491, 2683.3585, 764.6500, 16.6456
2025-12-01 20:32:59, 0.0606346528, 0.0763490576, 0.1643252423, 0.1462886784, 2532.5476, 2499.0476, 765.0550, 18.8038
2025-12-01 20:33:04, 0.0975315523, 0.0927522068, 0.1910824428, 0.1656184191, 2772.6957, 2747.5000, 767.9250, 17.3888
2025-12-01 20:33:10, 0.0739662556, 0.0625785427, 0.1954948646, 0.1919588689, 2604.5345, 2611.5172, 763.3500, 16.9437
2025-12-01 20:33:16, 0.0685199773, 0.0679538798, 0.1688692596, 0.1796643119, 2452.2500, 2355.8864, 766.0500, 17.5062
2025-12-01 20:33:22, 0.0896913684, 0.0858538635, 0.1435173595, 0.1533204437, 2474.1818, 2505.8182, 766.5050, 19.9600
2025-12-01 20:33:27, 0.0478667481, 0.0734780192, 0.1229156027, 0.1234157521, 2286.7347, 2316.9184, 767.5550, 17.5721
2025-12-01 20:33:33, 0.0455977709, 0.0633806538, 0.2111017666, 0.2606058798, 2495.1200, 2548.2400, 765.2000, 18.7713
2025-12-01 20:33:39, 0.0502021675, 0.0416717746, 0.2281463956, 0.2461471695, 2454.0781, 2527.0625, 765.7050, 17.7718
2025-12-01 20:33:45, 0.0396966187, 0.0497624359, 0.1536700102, 0.1558833173, 2802.9038, 2831.8654, 766.8500, 18.2447
2025-12-01 20:33:51, 0.0447805809, 0.0600906318, 0.1169666321, 0.1113904133, 3005.5094, 2849.7547, 767.4400, 19.6150
2025-12-01 20:33:57, 0.0580134486, 0.0528606247, 0.2060154718, 0.1678215794, 2757.2414, 2781.7931, 762.4800, 19.9665
2025-12-01 20:34:03, 0.0797757566, 0.0575169872, 0.1674060633, 0.1803839900, 2625.1224, 2668.4490, 765.4950, 18.8915
2025-12-01 20:34:08, 0.0741467831, 0.0774739788, 0.2130806213, 0.2313947764, 2848.1458, 2988.9167, 762.8700, 20.1837
2025-12-01 20:34:14, 0.1649436971, 0.1343418750, 0.2243370214, 0.1772998420, 2779.8919, 2712.8108, 767.7350, 18.7780
2025-12-01 20:34:20, 0.0593151030, 0.0736229307, 0.1209421663, 0.1386208393, 2841.3617, 2778.2340, 766.5950, 19.4667
2025-12-01 20:34:25, 0.0611256397, 0.0600465838, 0.1579848918, 0.1683677006, 2465.8654, 2526.4615, 765.9300, 19.9375
2025-12-01 20:34:31, 0.0900543521, 0.0915021315, 0.1926055228, 0.1628067946, 2725.4600, 2721.9200, 762.4950, 18.3518
2025-12-01 20:34:37, 0.1322993125, 0.1091239674, 0.1420387791, 0.1359881411, 2857.5397, 2798.3016, 763.5200, 19.7175
2025-12-01 20:34:43, 0.0958480235, 0.0911269064, 0.1813705938, 0.1932969659, 2939.4151, 3006.4906, 765.9100, 18.6728
2025-12-01 20:34:49, 0.0429498771, 0.0476704178, 0.1371272613, 0.1076558711, 2751.4342, 2701.3684, 761.7500, 19.9464
2025-12-01 20:34:55, 0.0942776679, 0.0980661617, 0.1591816063, 0.1324947426, 2879.5577, 2975.0192, 766.3450, 18.8729
2025-12-01 20:35:00, 0.1027019740, 0.1049604569, 0.2248092788, 0.1504863249, 2847.6731, 2822.9423, 766.3300, 17.6236
2025-12-01 20:35:06, 0.1060069422, 0.1280147645, 0.1213235483, 0.1378991493, 2675.7826, 2724.7609, 766.2400, 19.7935
2025-12-01 20:35:12, 0.0765166085, 0.0963711307, 0.2176348104, 0.1957786497, 2666.3469, 2728.7551, 768.1350, 18.5892
2025-12-01 20:35:18, 0.0455151236, 0.0481125090, 0.2411433790, 0.2366106919, 2981.4746, 2952.1695, 765.0500, 18.5504
2025-12-01 20:35:23, 0.0707090564, 0.0505161868, 0.1100098602, 0.1100087804, 2470.2456, 2412.3509, 760.3900, 20.5859
2025-12-01 20:35:29, 0.0872833822, 0.0704104113, 0.1193362472, 0.1071723886, 2542.4545, 2588.2909, 760.2750, 18.1585
2025-12-01 20:35:35, 0.1190088694, 0.1023651156, 0.1658305766, 0.1472416251, 2879.2407, 2812.0370, 759.4150, 19.4026
2025-12-01 20:35:40, 0.0589645840, 0.0628218863, 0.1153581945, 0.1002656578, 3018.5091, 2957.9091, 757.7800, 19.3270
2025-12-01 20:35:46, 0.0638787276, 0.0728424653, 0.1303531957, 0.1130813476, 3033.8197, 3088.8852, 757.8300, 16.6539
2025-12-01 20:35:52, 0.1023921378, 0.0755081003, 0.1857572737, 0.1394131854, 3070.6190, 2833.1429, 760.6750, 19.2198
2025-12-01 20:35:58, 0.0743216233, 0.0698362133, 0.0849290716, 0.0818959053, 2459.8980, 2457.3061, 755.8500, 17.5165
2025-12-01 20:36:04, 0.0447960519, 0.0494634994, 0.1363784199, 0.1420361974, 3166.1667, 3016.7963, 757.4950, 18.3431
2025-12-01 20:36:09, 0.0884617236, 0.0503891387, 0.1448620471, 0.1088277724, 2625.4038, 2619.8846, 758.0650, 18.0851
2025-12-01 20:36:15, 0.0797850453, 0.0724634873, 0.1494525046, 0.1373051569, 2759.8246, 2792.1579, 759.0150, 18.2416
2025-12-01 20:36:21, 0.0619586122, 0.0546088206, 0.1914749294, 0.1409445704, 3050.0732, 2890.1220, 758.9750, 17.3463
2025-12-01 20:36:27, 0.0773749824, 0.0805692167, 0.1041431965, 0.0869292559, 2933.8276, 2954.9138, 756.9350, 18.7209
2025-12-01 20:36:33, 0.0496528829, 0.0583783692, 0.0952784811, 0.0984539687, 2619.8305, 2589.4915, 758.2000, 19.3616
2025-12-01 20:36:38, 0.0795814667, 0.0921860600, 0.1314123086, 0.1068044655, 2622.5333, 2584.0667, 758.4650, 19.2143
2025-12-01 20:36:44, 0.0839148221, 0.1012072947, 0.0881199472, 0.0757893752, 2591.1406, 2603.9844, 760.9900, 20.0497
2025-12-01 20:36:50, 0.0460416697, 0.0427489931, 0.1324976174, 0.1146120720, 2878.7206, 2909.2647, 759.8250, 18.7562
2025-12-01 20:36:55, 0.0426849037, 0.0509920659, 0.1225330901, 0.0930644718, 2892.2787, 2804.0492, 761.5350, 18.1794
2025-12-01 20:37:01, 0.0552455843, 0.0461180755, 0.1724592267, 0.1456325609, 2707.2063, 2539.6984, 761.0000, 18.2915
2025-12-01 20:37:07, 0.0717499500, 0.0599908000, 0.1492637635, 0.1318943008, 2731.6863, 2637.5490, 763.3200, 17.7518
2025-12-01 20:37:13, 0.0916251294, 0.0710767160, 0.2370189784, 0.2194956944, 3029.1667, 3002.0714, 767.6550, 18.4593
2025-12-01 20:37:18, 0.0769373081, 0.0594864685, 0.2039455002, 0.1819730298, 2594.2500, 2637.6458, 765.8550, 18.3846
2025-12-01 20:37:24, 0.0738255080, 0.1021358025, 0.1782859565, 0.1535525021, 2624.9348, 2576.5652, 763.9500, 17.7341
2025-12-01 20:37:30, 0.0638472178, 0.0687061599, 0.2680534643, 0.2035663892, 3072.3061, 2901.4694, 763.1450, 17.4389
2025-12-01 20:37:36, 0.0451250916, 0.0401425615, 0.1876861338, 0.1535890700, 2753.8615, 2632.2308, 757.1300, 19.5715
2025-12-01 20:37:41, 0.0529517276, 0.0441633871, 0.1393262330, 0.1482175998, 2945.1702, 2890.9574, 761.4150, 18.7575
2025-12-01 20:37:47, 0.0431131168, 0.0623765933, 0.0938975315, 0.1370044361, 2606.8421, 2677.7018, 761.1000, 19.1165
2025-12-01 20:37:53, 0.0623560757, 0.0533192533, 0.1544330676, 0.1458151712, 2898.5588, 2884.5000, 763.2850, 17.0527
2025-12-01 20:37:59, 0.0612249464, 0.0652649744, 0.0779871333, 0.0759646544, 2831.0909, 2822.8485, 765.5250, 18.3850
2025-12-01 20:38:05, 0.0430705125, 0.0516287112, 0.1086443551, 0.1567643463, 2752.7414, 2763.6724, 765.2900, 16.5026
2025-12-01 20:38:10, 0.0287319142, 0.0305819269, 0.1255931532, 0.1602671252, 2494.4098, 2525.5738, 763.2650, 17.1048
2025-12-01 20:38:16, 0.0635723005, 0.0490713083, 0.2391924932, 0.1770286787, 2677.4000, 2497.2154, 765.6650, 17.0136
2025-12-01 20:38:22, 0.0432852175, 0.0512674127, 0.1693128867, 0.1810241656, 2746.6429, 2703.1607, 763.4900, 17.1412
2025-12-01 20:38:28, 0.0693932474, 0.0654748185, 0.1521457407, 0.1228370367, 2745.6765, 2621.1912, 760.3000, 18.2458
2025-12-01 20:38:34, 0.0566409181, 0.0524439302, 0.1243867685, 0.1156313059, 2889.1000, 2850.4200, 763.0400, 18.8308
2025-12-01 20:38:40, 0.0482467039, 0.0435278121, 0.1704066893, 0.1794984270, 2614.8200, 2598.1000, 763.9300, 17.9982
2025-12-01 20:38:45, 0.0572923005, 0.0694188836, 0.2249948862, 0.2192689714, 2793.3906, 2751.4531, 766.9450, 18.4549
2025-12-01 20:38:51, 0.0521798384, 0.0470523090, 0.1972674280, 0.1648834763, 2961.2639, 2853.5694, 764.2300, 16.9023
2025-12-01 20:38:57, 0.0483324836, 0.0618717250, 0.1726109483, 0.1779213274, 2859.2800, 2810.9600, 762.7850, 17.1933
2025-12-01 20:39:03, 0.0729308814, 0.0712628665, 0.1261803301, 0.1362651471, 2618.7895, 2652.0175, 762.4950, 17.6275
2025-12-01 20:39:09, 0.0591800613, 0.0532909647, 0.2003573619, 0.2175899676, 2745.5962, 2790.8846, 763.8200, 17.1049
2025-12-01 20:39:15, 0.0744111762, 0.0602771251, 0.1464465662, 0.1538862543, 2646.0517, 2634.3793, 763.2200, 17.9430
2025-12-01 20:39:20, 0.0410309774, 0.0391588843, 0.1542935888, 0.1035387445, 2560.9310, 2609.6897, 767.6600, 18.1919
2025-12-01 20:39:26, 0.0858700470, 0.0753244776, 0.1515841443, 0.1341869853, 2866.9194, 2931.2419, 764.0500, 16.2772
2025-12-01 20:39:32, 0.0395105265, 0.0378262313, 0.1771404100, 0.1420358040, 2922.4478, 2799.4776, 763.3950, 17.0891
2025-12-01 20:39:38, 0.0508724381, 0.0468587547, 0.0868127902, 0.1036788869, 2779.3878, 2720.5714, 767.4150, 17.1535
2025-12-01 20:39:43, 0.0449865753, 0.0424869427, 0.1249939970, 0.1110561147, 2790.6964, 2841.6607, 766.6150, 18.1184
2025-12-01 20:39:49, 0.0521289466, 0.0496278617, 0.1062537598, 0.0697283030, 2813.6349, 2744.0952, 767.8750, 17.3043
2025-12-01 20:39:55, 0.0386496618, 0.0308857940, 0.1274136521, 0.1055746564, 3017.0615, 3001.9692, 768.7850, 19.1755
2025-12-01 20:40:00, 0.0372055790, 0.0348910871, 0.1382703702, 0.1067739440, 2582.0172, 2471.8103, 767.7950, 16.8022
2025-12-01 20:40:06, 0.0551684682, 0.0608934653, 0.2599473339, 0.1844843805, 2676.0370, 2627.6667, 766.2100, 18.9899
2025-12-01 20:40:12, 0.0913248272, 0.0885891042, 0.1937404243, 0.1604909598, 3071.0000, 2930.0769, 764.5250, 18.0288
2025-12-01 20:40:18, 0.0593651998, 0.0736483835, 0.2370633831, 0.1963736315, 2919.0167, 2994.0667, 766.2750, 18.2598
2025-12-01 20:40:24, 0.0593180397, 0.0577908464, 0.1504388640, 0.1059746120, 2791.6765, 2697.5000, 765.4750, 19.0625
2025-12-01 20:40:29, 0.0686709491, 0.0487801418, 0.1251102416, 0.1125664807, 2831.4915, 2730.4576, 766.8700, 17.8060
2025-12-01 20:40:35, 0.0786141531, 0.0762439221, 0.1408611106, 0.1367580061, 2820.9057, 2859.8491, 767.5900, 20.0946
2025-12-01 20:40:41, 0.0554996938, 0.0519948729, 0.1229400163, 0.1224792368, 2964.8971, 2820.4706, 769.0600, 18.3447
2025-12-01 20:40:46, 0.0966953995, 0.1048459900, 0.1225457915, 0.1031976656, 2750.4727, 2787.8545, 766.6150, 18.7850
2025-12-01 20:40:52, 0.0509178486, 0.0581294807, 0.1702124051, 0.1436663389, 2879.0926, 2875.8333, 767.1350, 19.9539
2025-12-01 20:40:58, 0.0545081217, 0.0563863009, 0.1295429538, 0.1284685442, 2789.8475, 2792.9661, 765.4850, 19.3871
2025-12-01 20:41:03, 0.0894422228, 0.0645179655, 0.1044096881, 0.0911347746, 2735.8400, 2680.3600, 769.8500, 19.8803
2025-12-01 20:41:09, 0.0571752723, 0.0536582934, 0.1725425495, 0.1462784149, 2722.9200, 2703.9200, 765.1400, 18.4654
2025-12-01 20:41:15, 0.0461280061, 0.0436305753, 0.1484361751, 0.1459632476, 2742.9259, 2732.0741, 768.8300, 19.5349
2025-12-01 20:41:21, 0.0446264437, 0.0483717709, 0.1277882286, 0.1460529453, 2650.7857, 2645.6429, 766.4250, 19.8301
2025-12-01 20:41:27, 0.0455643509, 0.0454400541, 0.1744031339, 0.2243499194, 2801.0426, 2628.5106, 767.5350, 19.1554
2025-12-01 20:41:32, 0.0742538440, 0.1123535503, 0.1911981256, 0.1585721888, 2725.1143, 2669.4000, 763.6600, 21.9771
2025-12-01 20:41:38, 0.0686645812, 0.0413078191, 0.1484384885, 0.1328378016, 2627.4000, 2484.7750, 766.3300, 19.7614
2025-12-01 20:41:44, 0.0886357546, 0.0670337329, 0.1788407915, 0.1432955925, 2995.1132, 2948.8113, 765.8700, 19.0852
2025-12-01 20:41:49, 0.0427640978, 0.0379140476, 0.1713753892, 0.1330071501, 2735.8113, 2553.4340, 769.7050, 17.8826
2025-12-01 20:41:55, 0.0315530208, 0.0289928607, 0.2502926366, 0.2004652474, 2672.0156, 2645.3594, 768.9200, 19.5380
2025-12-01 20:42:01, 0.0506070601, 0.0493404293, 0.1697518576, 0.1651592798, 2842.4314, 2894.8431, 763.6300, 19.5929
2025-12-01 20:42:07, 0.0661852110, 0.0675797514, 0.1680357903, 0.1467770406, 3037.6604, 2923.8491, 766.9950, 18.5382
2025-12-01 20:42:13, 0.0376828729, 0.0373314248, 0.3151007182, 0.2449903718, 3073.7636, 2846.4182, 770.8750, 18.8080
2025-12-01 20:42:18, 0.0926486380, 0.0996167078, 0.1505632031, 0.1193732749, 3054.6410, 3098.7436, 766.4150, 18.9677
2025-12-01 20:42:24, 0.0741030602, 0.0657567734, 0.1372403967, 0.0939036294, 2536.2545, 2504.8727, 769.3150, 19.5060
2025-12-01 20:42:30, 0.0718022241, 0.0717403787, 0.1918233177, 0.1649115812, 2797.8077, 2675.0769, 767.2400, 19.0140
2025-12-01 20:42:36, 0.0556796340, 0.0535009176, 0.2722732162, 0.2575850221, 2716.2581, 2721.7258, 765.8400, 18.0846
2025-12-01 20:42:42, 0.0639303468, 0.0715162597, 0.1723537042, 0.1528068655, 2508.6739, 2491.4565, 763.4200, 19.0127
2025-12-01 20:42:47, 0.0579542975, 0.0455865101, 0.1199451745, 0.1257572062, 2741.1311, 2774.5574, 769.8200, 20.1479
2025-12-01 20:42:53, 0.0708419420, 0.0697069804, 0.1460762641, 0.1170560408, 2855.8163, 2697.4082, 761.9300, 19.1501
2025-12-01 20:42:59, 0.0801620779, 0.0755371009, 0.1828784360, 0.1715718347, 2473.3269, 2544.1731, 768.9800, 18.1419
2025-12-01 20:43:04, 0.0956693587, 0.1021662738, 0.1544626792, 0.1230081353, 2355.5263, 2419.1053, 765.9950, 20.3682
2025-12-01 20:43:10, 0.0837838060, 0.0882166063, 0.1050660528, 0.1021060415, 2635.7200, 2624.6200, 764.3350, 17.9745
2025-12-01 20:43:17, 0.0610887562, 0.0731710372, 0.1348130651, 0.1453697380, 2734.0408, 2693.6531, 764.8650, 18.7666
2025-12-01 20:43:23, 0.0730644416, 0.0690489784, 0.1782259967, 0.1108792342, 3005.8364, 2851.8000, 762.9150, 18.7235
2025-12-01 20:43:28, 0.0523642155, 0.0767651361, 0.3115903434, 0.2163874910, 2828.8462, 2796.9692, 765.1250, 17.0973
2025-12-01 20:43:34, 0.0552006654, 0.0379020640, 0.1508444677, 0.1313114256, 2922.6818, 2835.6818, 764.2700, 18.3234
2025-12-01 20:43:40, 0.0555380051, 0.0593811082, 0.1983590125, 0.1611343285, 2701.8772, 2717.5088, 765.8650, 17.9727
2025-12-01 20:43:46, 0.0736844756, 0.0693919535, 0.1030125551, 0.1007432389, 2509.9302, 2466.4186, 760.7800, 18.9929
2025-12-01 20:43:52, 0.1003751293, 0.0785926182, 0.2244943487, 0.1975324409, 2769.7059, 2844.4412, 765.1650, 18.3401
2025-12-01 20:43:58, 0.0646979644, 0.0647612052, 0.1960232150, 0.1588034475, 2635.7547, 2604.5094, 767.0600, 18.2728
2025-12-01 20:44:03, 0.0793354305, 0.0844043156, 0.1326735483, 0.1323429317, 2867.5849, 3001.5849, 764.5700, 18.9951
2025-12-01 20:44:09, 0.0623983060, 0.0583429238, 0.1832333315, 0.1893231191, 2814.9138, 2898.7586, 763.7800, 19.4374
2025-12-01 20:44:15, 0.0803687008, 0.0970439893, 0.2230534742, 0.1754624420, 2792.2115, 2686.3077, 764.1900, 18.4893
2025-12-01 20:44:21, 0.1010644630, 0.0818122256, 0.1114411354, 0.0953664130, 2987.6383, 2908.0000, 765.4850, 19.0082
2025-12-01 20:44:27, 0.0840283837, 0.1119811243, 0.1530545906, 0.1631511206, 2759.7833, 2840.3833, 764.6650, 19.6576
2025-12-01 20:44:33, 0.0753525837, 0.0762200676, 0.1829095489, 0.1419267807, 3065.0192, 3006.0000, 766.6850, 17.3559
2025-12-01 20:44:38, 0.0866760682, 0.1023296437, 0.1247756805, 0.1188604744, 3068.7188, 3006.0781, 765.8550, 18.0057
2025-12-01 20:44:44, 0.0675646656, 0.0635673474, 0.2195009700, 0.2427390988, 2660.8864, 2695.4091, 764.0750, 17.3916
2025-12-01 20:44:50, 0.0516677609, 0.0457715330, 0.2338602047, 0.2683189159, 2451.9483, 2366.1207, 766.7350, 18.2503
2025-12-01 20:44:56, 0.0394958000, 0.0473529623, 0.2864694581, 0.2937284463, 2664.3939, 2628.0152, 764.2150, 17.9966
2025-12-01 20:45:01, 0.0594025197, 0.0668495917, 0.2001321179, 0.1643085768, 2500.5455, 2478.3636, 762.7550, 18.8988
2025-12-01 20:45:07, 0.0370104857, 0.0501667952, 0.1914996327, 0.1722212432, 2736.2679, 2635.5536, 766.2250, 18.1875
2025-12-01 20:45:13, 0.0504033284, 0.0451941881, 0.1503294676, 0.2041755901, 2853.3929, 2915.8036, 767.3850, 19.2818
2025-12-01 20:45:18, 0.0475988371, 0.0567341439, 0.1961283267, 0.2119320001, 2599.3077, 2642.9808, 765.9900, 20.3276
2025-12-01 20:45:24, 0.0898406586, 0.0896264079, 0.3472390539, 0.1963445995, 2794.7778, 2750.9333, 764.7050, 20.7386
2025-12-01 20:45:30, 0.0386294876, 0.0441317480, 0.1778281383, 0.1641354215, 2624.9452, 2629.7945, 766.9450, 19.8071
2025-12-01 20:45:36, 0.0696392549, 0.0673332244, 0.2518068252, 0.2719299583, 2667.0196, 2805.4902, 765.6900, 18.2982
2025-12-01 20:45:41, 0.0495755730, 0.0482790342, 0.2175423512, 0.2845418262, 2665.5172, 2602.8793, 764.2500, 17.8605
2025-12-01 20:45:47, 0.0373114999, 0.0366834564, 0.1559899071, 0.1490842707, 2877.4412, 2880.2794, 767.0500, 17.7864
2025-12-01 20:45:53, 0.0279022337, 0.0303833717, 0.2554591897, 0.2121709800, 2639.9688, 2576.4375, 764.4450, 18.8967
2025-12-01 20:45:59, 0.0240953001, 0.0246146333, 0.1288515871, 0.1414856350, 2434.8451, 2358.3662, 763.3750, 19.1688
2025-12-01 20:46:05, 0.0296282560, 0.0332354643, 0.2902789357, 0.1776725605, 2534.6066, 2433.5574, 763.0800, 20.9085
2025-12-01 20:46:10, 0.0401780218, 0.0459330379, 0.2626086125, 0.1977834035, 2650.5357, 2480.6607, 764.2750, 19.0081
2025-12-01 20:46:16, 0.0715074493, 0.0551475702, 0.1575084683, 0.1212365912, 2404.9167, 2440.9375, 763.8350, 18.4360
2025-12-01 20:46:22, 0.0614929804, 0.0606795032, 0.3293152821, 0.2248721458, 2669.2558, 2635.0233, 766.2350, 18.4767
2025-12-01 20:46:28, 0.0716103830, 0.0619662222, 0.1867926962, 0.1665026980, 2664.7826, 2594.6522, 765.7550, 18.8790
2025-12-01 20:46:33, 0.0716974252, 0.0561751940, 0.1100596561, 0.1180370004, 2533.8235, 2519.2745, 765.5700, 19.4310
2025-12-01 20:46:39, 0.0719902867, 0.0763915104, 0.1718602093, 0.1527915215, 2776.1961, 2848.0000, 766.1600, 17.9904
2025-12-01 20:46:45, 0.1062764990, 0.0983875176, 0.2280552528, 0.2150955826, 2515.0667, 2501.1111, 767.6300, 18.6653
2025-12-01 20:46:50, 0.0843717771, 0.1049170371, 0.1845992000, 0.2044665721, 2550.6410, 2667.6154, 769.0450, 17.5406
2025-12-01 20:46:56, 0.0776417751, 0.0783572883, 0.1779049897, 0.2028343894, 2566.0213, 2673.3617, 768.9900, 18.2789
2025-12-01 20:47:02, 0.0622444618, 0.0904071413, 0.2940852763, 0.2541676390, 2712.8197, 2614.6721, 768.3950, 17.8255
2025-12-01 20:47:08, 0.0374032946, 0.0406448558, 0.1873633512, 0.1625030657, 2580.4615, 2548.4308, 776.7500, 23.3786
2025-12-01 20:47:13, 0.0300067139, 0.0270305239, 0.1930600872, 0.1579313409, 2993.8986, 2790.3043, 764.2100, 20.1302
2025-12-01 20:47:19, 0.0549151505, 0.0463279167, 0.1300892883, 0.1304886874, 2992.5536, 2844.3750, 765.7800, 18.0945
2025-12-01 20:47:25, 0.1136859856, 0.0986344341, 0.1815140304, 0.2001967198, 2735.3023, 2846.1163, 769.0250, 16.3063
2025-12-01 20:47:31, 0.0427412187, 0.0439568780, 0.1640050073, 0.1683060243, 2601.1930, 2617.6842, 768.0650, 17.8202
2025-12-01 20:47:37, 0.0263832770, 0.0291426181, 0.3865849452, 0.2564589904, 2564.5000, 2364.1667, 766.7950, 18.0017
2025-12-01 20:47:42, 0.0336728198, 0.0313958407, 0.1586677231, 0.1726818072, 2791.9077, 2750.4308, 766.0400, 20.4878
2025-12-01 20:47:48, 0.0490081523, 0.0493803438, 0.2489328884, 0.2781729306, 2738.4510, 2776.3922, 765.1150, 18.0699
2025-12-01 20:47:54, 0.0747448501, 0.0600731954, 0.2529517591, 0.2362610801, 2819.0222, 2819.9111, 766.5450, 19.4640
2025-12-01 20:47:59, 0.1493729265, 0.1076227283, 0.1805680207, 0.1727155533, 2848.9796, 2828.0612, 767.0550, 18.8624
2025-12-01 20:48:05, 0.0352686948, 0.0301853374, 0.2505451522, 0.2038080795, 2893.6111, 2788.9259, 762.9900, 19.2414
2025-12-01 20:48:11, 0.0379433713, 0.0325278376, 0.2757897979, 0.2409782481, 2393.1695, 2499.4576, 766.4850, 18.9283
2025-12-01 20:48:17, 0.0411780307, 0.0370139538, 0.3040512615, 0.3400986057, 2344.2459, 2365.9508, 759.3900, 18.2370
2025-12-01 20:48:22, 0.0432602347, 0.0420286105, 0.4252242488, 0.3019980013, 2997.3103, 2746.7931, 764.3200, 19.4090
2025-12-01 20:48:28, 0.0577375026, 0.0490316870, 0.1405210298, 0.1577084360, 2717.9138, 2661.2586, 761.3050, 18.4055
2025-12-01 20:48:34, 0.0477351448, 0.0338464789, 0.1636139049, 0.1317476813, 2755.7018, 2614.8246, 766.9450, 16.9267
2025-12-01 20:48:40, 0.0649003582, 0.0673269808, 0.1573337273, 0.1189681561, 2730.9184, 2825.6327, 761.8350, 17.7912
2025-12-01 20:48:45, 0.0559308678, 0.0576928452, 0.2118979553, 0.2015836213, 2612.4237, 2739.2712, 761.7400, 18.5249
2025-12-01 20:48:51, 0.0526310291, 0.0425174427, 0.1379501448, 0.1195357543, 2571.1538, 2440.4038, 762.7300, 18.5134
2025-12-01 20:48:57, 0.0555820582, 0.0640325804, 0.2562223450, 0.2895547050, 2933.7000, 2953.8800, 762.2650, 18.8673
2025-12-01 20:49:02, 0.0275025717, 0.0296562879, 0.1672848410, 0.1910126724, 2442.9333, 2574.5167, 760.6350, 18.0189
2025-12-01 20:49:08, 0.0605017524, 0.0402046430, 0.1631575484, 0.1690233862, 2628.6866, 2706.9851, 765.7900, 17.5931
2025-12-01 20:49:14, 0.0713978484, 0.0540748489, 0.3473402607, 0.2646755323, 2784.4651, 2647.1860, 759.1550, 17.4554
2025-12-01 20:49:19, 0.0495255242, 0.0289571117, 0.2518428790, 0.2498721053, 2675.7037, 2548.5185, 757.6950, 17.1316
2025-12-01 20:49:25, 0.0895888418, 0.0901972722, 0.3043410925, 0.2551274028, 2767.0351, 2615.2807, 762.7700, 18.0518
2025-12-01 20:49:31, 0.0363248247, 0.0295362358, 0.2048892874, 0.2354530901, 2754.7424, 2705.1818, 758.6550, 17.7487
2025-12-01 20:49:37, 0.0404392758, 0.0404945618, 0.2099543466, 0.1687614014, 2588.2333, 2495.5167, 763.0350, 18.2125
2025-12-01 20:49:42, 0.0469578621, 0.0381857038, 0.1935646390, 0.2147885783, 2566.0000, 2616.0000, 762.2900, 17.8484
2025-12-01 20:49:48, 0.0502104046, 0.0623226220, 0.2583268411, 0.2081899327, 2880.9149, 2754.5106, 757.8050, 17.5253
2025-12-01 20:49:54, 0.0466450215, 0.0593960207, 0.2314292306, 0.2075181305, 2882.4808, 2815.3462, 757.5600, 17.6606
2025-12-01 20:49:59, 0.0867252752, 0.0615622585, 0.2250608861, 0.2712229692, 2661.2500, 2667.3333, 758.3050, 17.5198
2025-12-01 20:50:05, 0.0375808277, 0.0362949722, 0.1153157741, 0.1722990301, 2709.5873, 2672.1905, 756.5250, 17.7997
2025-12-01 20:50:11, 0.0818539966, 0.0773957237, 0.1064531244, 0.1549525904, 2764.6909, 2841.7636, 757.5500, 18.5286
2025-12-01 20:50:17, 0.0510810099, 0.0560838846, 0.1617871639, 0.1299252003, 2814.6716, 2819.0149, 760.9700, 18.2077
2025-12-01 20:50:23, 0.0572048631, 0.0488886796, 0.1767107676, 0.1823473441, 2606.1739, 2490.6087, 755.9400, 18.8451
2025-12-01 20:50:28, 0.0509242213, 0.0436257437, 0.1715338431, 0.1719180276, 2542.8676, 2541.7941, 754.7400, 17.4075
2025-12-01 20:50:34, 0.0434434776, 0.0349901472, 0.1174560028, 0.1175750673, 2507.5781, 2516.4062, 756.0000, 17.5188
2025-12-01 20:50:41, 0.0592185914, 0.0562008852, 0.1916014158, 0.1592330449, 2560.5909, 2546.5909, 762.5350, 16.9823
2025-12-01 20:50:46, 0.0613391092, 0.0470383369, 0.1428019980, 0.1318247181, 2691.8281, 2700.1719, 762.6200, 18.5983
2025-12-01 20:50:52, 0.0686885382, 0.0576322596, 0.2230221416, 0.2365632602, 2637.0357, 2747.2857, 751.5550, 16.3807
2025-12-01 20:50:58, 0.0920409682, 0.0922702573, 0.1541418668, 0.1359754552, 2309.8750, 2362.8958, 756.8050, 15.7746
2025-12-01 20:51:03, 0.0709053526, 0.0708666163, 0.1050038729, 0.1298831392, 2746.3333, 2956.3500, 751.0350, 17.7920
2025-12-01 20:51:09, 0.0671116788, 0.0788555164, 0.1251676423, 0.0998776816, 2651.3455, 2603.6909, 755.4250, 20.2107
2025-12-01 20:51:15, 0.0718209298, 0.0760478533, 0.1855103125, 0.1547230911, 2659.4048, 2505.9762, 755.6800, 19.1840
2025-12-01 20:51:21, 0.0565970699, 0.0646673048, 0.1426201854, 0.1075073809, 2534.9400, 2480.1200, 755.7900, 17.6263
2025-12-01 20:51:27, 0.0596869198, 0.0514011287, 0.0866622532, 0.0853087980, 2509.0164, 2554.5246, 758.3450, 17.8772
2025-12-01 20:51:32, 0.0378856873, 0.0451281899, 0.1032677562, 0.0979250339, 2791.7344, 2617.2969, 759.9750, 21.1247
2025-12-01 20:51:38, 0.0745510204, 0.0688799353, 0.1108951021, 0.0992056699, 2646.0351, 2566.7193, 754.4450, 17.5402
2025-12-01 20:51:44, 0.1197572025, 0.1408472652, 0.1648162456, 0.1377545461, 2879.6379, 2822.6379, 754.8100, 16.3833
2025-12-01 20:51:50, 0.0750296886, 0.0764838436, 0.2192341887, 0.2425066126, 2089.4375, 2194.5625, 757.7050, 15.6473
2025-12-01 20:51:55, 0.0777449828, 0.0758779722, 0.1076887046, 0.0977933768, 2617.9818, 2679.4727, 758.0800, 19.7918
2025-12-01 20:52:01, 0.0651979715, 0.0807135340, 0.1636855609, 0.1476092806, 2692.6939, 2692.3878, 760.3100, 20.0525
2025-12-01 20:52:07, 0.0804705999, 0.0920814642, 0.2583259571, 0.2330236420, 2875.4000, 2827.3400, 759.7650, 19.4342
2025-12-01 20:52:12, 0.1150248093, 0.1239303086, 0.1088494186, 0.0890031146, 2771.7937, 2712.9206, 758.4450, 20.0169
2025-12-01 20:52:18, 0.0529409701, 0.0501944332, 0.2074678126, 0.1499158705, 2741.4737, 2693.8596, 753.8450, 20.8046
2025-12-01 20:52:24, 0.0891747069, 0.0846129238, 0.1062987703, 0.1297479047, 2752.8511, 2746.6383, 754.7350, 20.2298
2025-12-01 20:52:30, 0.0388057875, 0.0494878344, 0.2381923757, 0.2428035700, 2708.5231, 2630.2000, 760.6050, 18.6177
2025-12-01 20:52:36, 0.0675341377, 0.0485410514, 0.1676011796, 0.1288293793, 2802.2115, 2656.1538, 756.4350, 21.3065
2025-12-01 20:52:42, 0.0931169294, 0.0932703032, 0.2542171922, 0.1985186316, 2980.7358, 2912.0566, 758.6900, 21.9532
2025-12-01 20:52:48, 0.0551782962, 0.0566380237, 0.1305203859, 0.1283199779, 2844.5536, 2699.0714, 757.2500, 22.2218
2025-12-01 20:52:53, 0.0782370031, 0.0833465420, 0.1593824890, 0.1952382286, 2737.2353, 2871.1569, 760.6350, 21.4898
2025-12-01 20:52:59, 0.0638340547, 0.0682949005, 0.1203776994, 0.1158188335, 2805.0189, 2808.3774, 757.1650, 20.8856
2025-12-01 20:53:05, 0.0590931647, 0.0553462146, 0.1083287270, 0.1311312155, 2901.8824, 2866.3725, 761.6600, 20.4694
2025-12-01 20:53:11, 0.1302874010, 0.1080548050, 0.2095374195, 0.1658511302, 2849.9423, 2939.6154, 755.7100, 19.3945
2025-12-01 20:53:17, 0.0632972928, 0.0669869416, 0.3017488340, 0.2682465739, 2832.9302, 2683.3953, 760.8350, 22.4486
2025-12-01 20:53:22, 0.0433019539, 0.0450474693, 0.1318801036, 0.0942696091, 2751.2542, 2582.0678, 756.0050, 19.3666
2025-12-01 20:53:28, 0.0660217744, 0.0557319205, 0.2712701367, 0.2227917240, 2541.9600, 2465.4400, 761.2050, 20.6134
2025-12-01 20:53:34, 0.0593842321, 0.0652188586, 0.2071096474, 0.2204141204, 2592.2885, 2752.0385, 763.3600, 22.9770
2025-12-01 20:53:40, 0.0824607761, 0.0805639909, 0.1462838033, 0.1780005308, 2556.5818, 2634.3091, 756.2950, 20.3985
2025-12-01 20:53:45, 0.0666256557, 0.0768873574, 0.1370864297, 0.1122201444, 2595.6809, 2605.4894, 760.4850, 21.1374
2025-12-01 20:53:51, 0.0659990671, 0.0754564283, 0.2486655234, 0.1799730851, 2521.3333, 2483.5625, 756.6150, 19.1621
2025-12-01 20:53:57, 0.0630672567, 0.0716284565, 0.2089967883, 0.2100306797, 2904.0000, 2918.5098, 755.9050, 19.1957
2025-12-01 20:54:02, 0.1170521551, 0.0878234441, 0.2005162697, 0.1808214367, 2705.9545, 2815.7500, 756.7200, 18.5737
2025-12-01 20:54:09, 0.1528791030, 0.2152969725, 0.1346851186, 0.1477265101, 2876.5088, 2961.8070, 755.3250, 17.9036
2025-12-01 20:54:14, 0.0866533423, 0.0717515572, 0.2748800284, 0.2012926737, 3045.1020, 2906.9184, 757.0750, 18.8244
2025-12-01 20:54:20, 0.1188651689, 0.0744967187, 0.0973861344, 0.1180985979, 2769.0476, 2813.3333, 756.3500, 17.4896
2025-12-01 20:54:26, 0.0638045237, 0.0625855843, 0.2230505806, 0.2554982015, 2946.5814, 2853.4884, 757.0650, 15.7442
2025-12-01 20:54:32, 0.0574859106, 0.0566094630, 0.1569320067, 0.1163822982, 2949.8475, 2968.6102, 758.2400, 17.3064
2025-12-01 20:54:37, 0.0860274628, 0.0975638960, 0.1146964305, 0.1299674058, 2682.6102, 2790.4068, 767.9700, 18.5281
2025-12-01 20:54:43, 0.1105230739, 0.1191997721, 0.1091386454, 0.0856157861, 2737.3889, 2715.0926, 756.6300, 17.6860
2025-12-01 20:54:49, 0.1467333320, 0.1161982529, 0.1303766764, 0.1335959381, 2825.5965, 2888.3684, 764.3500, 16.6829
2025-12-01 20:54:55, 0.0886296366, 0.1179443553, 0.1087495187, 0.1065573958, 2733.1522, 2740.0000, 753.8700, 18.0932
2025-12-01 20:55:01, 0.1185295509, 0.1123973709, 0.1386453590, 0.1517952646, 2698.6809, 2708.4894, 758.3250, 16.9552
2025-12-01 20:55:06, 0.0931255750, 0.0889016208, 0.1339862044, 0.1233985780, 2810.0392, 2825.8431, 762.1950, 16.9469
2025-12-01 20:55:12, 0.1178665204, 0.1030468245, 0.1214816219, 0.0992679714, 2621.3333, 2630.9048, 757.0800, 19.0658
2025-12-01 20:55:18, 0.1143369578, 0.1156781523, 0.2034065044, 0.2960917209, 2716.0238, 2887.1190, 759.8300, 17.5520
2025-12-01 20:55:24, 0.1202769598, 0.1059386538, 0.2258447644, 0.1717224109, 3115.8824, 3119.8824, 761.0150, 17.4750
2025-12-01 20:55:29, 0.1083617518, 0.1206133523, 0.1724322537, 0.1329111129, 2642.7647, 2673.5882, 760.6650, 17.5503
2025-12-01 20:55:35, 0.0980770582, 0.1047608514, 0.1410416455, 0.1254965313, 2743.2083, 2662.6458, 752.9700, 18.3921
2025-12-01 20:55:41, 0.0849076588, 0.0935065600, 0.1221064447, 0.1295828842, 2573.3051, 2702.8136, 759.6450, 17.3954
2025-12-01 20:55:46, 0.1197494298, 0.1143478524, 0.2002461989, 0.1790677038, 2689.1000, 2664.6400, 764.0100, 17.3623
2025-12-01 20:55:52, 0.1357432889, 0.1358424077, 0.1266559555, 0.1149798422, 2696.6512, 2762.1395, 761.0350, 14.8601
2025-12-01 20:55:58, 0.0587333224, 0.0497685942, 0.2611614049, 0.2260209494, 3042.8235, 2981.4706, 762.6600, 18.0467
2025-12-01 20:56:04, 0.0514592646, 0.0563228119, 0.1708765694, 0.1441849696, 2547.8545, 2602.3091, 764.9650, 18.1263
2025-12-01 20:56:09, 0.1522460436, 0.1204688933, 0.1278501711, 0.0950732355, 2863.7347, 2697.3878, 764.6400, 17.5057
2025-12-01 20:56:15, 0.0784955605, 0.0795234119, 0.1854854270, 0.1521373722, 2882.9242, 2869.7273, 761.7300, 18.8305
2025-12-01 20:56:21, 0.1051834948, 0.1118954912, 0.1319469709, 0.1544764727, 2836.5172, 2867.1034, 765.5800, 18.8900
2025-12-01 20:56:27, 0.0622835010, 0.0871156767, 0.1067050642, 0.1020845149, 2700.6444, 2771.0889, 764.5000, 18.7163
2025-12-01 20:56:33, 0.0568021105, 0.0441517606, 0.1763070959, 0.1440401628, 2908.6441, 2687.4237, 760.1000, 18.4323
2025-12-01 20:56:39, 0.0406106786, 0.0397049876, 0.1594514646, 0.1750780725, 2721.4915, 2706.5424, 764.4150, 18.4820
2025-12-01 20:56:44, 0.0395554471, 0.0336503335, 0.1277207834, 0.1491126287, 2562.1833, 2655.9833, 765.9700, 20.0940
2025-12-01 20:56:50, 0.0266860765, 0.0255745323, 0.1408465975, 0.1308847831, 2816.9853, 2697.7500, 764.0100, 19.9374
2025-12-01 20:56:56, 0.0527879562, 0.0482744521, 0.1110695116, 0.1395471810, 2578.2419, 2635.5000, 766.2800, 19.4181
2025-12-01 20:57:01, 0.0363704226, 0.0443656541, 0.1394250793, 0.1449342272, 2792.7467, 2679.0267, 762.4600, 19.6812
2025-12-01 20:57:07, 0.0443047367, 0.0404944875, 0.2122379708, 0.1811051162, 2793.2754, 2651.9710, 763.5850, 19.4947
2025-12-01 20:57:13, 0.0547517744, 0.0496035261, 0.3135161133, 0.1633342634, 2869.3284, 2646.5672, 765.4750, 17.7963
2025-12-01 20:57:19, 0.0627720244, 0.0748030861, 0.1869755065, 0.1076747287, 2876.2203, 2810.2203, 764.3450, 20.7006
2025-12-01 20:57:24, 0.0641499393, 0.0545863685, 0.1851624241, 0.1414959625, 2878.7069, 2869.7931, 765.6100, 21.1480
2025-12-01 20:57:30, 0.0577007752, 0.0550940176, 0.2026628659, 0.1751009592, 2815.9322, 2627.8305, 763.1350, 20.5584
2025-12-01 20:57:36, 0.1168212264, 0.0928798343, 0.2118871392, 0.1507792117, 2513.0714, 2547.7857, 763.6250, 18.3941
2025-12-01 20:57:42, 0.0569595817, 0.0477665980, 0.1671851141, 0.1376490646, 2835.1852, 2887.0556, 766.5100, 19.1170
2025-12-01 20:57:48, 0.0943617852, 0.0724784526, 0.1022061181, 0.0785071224, 2832.0962, 2862.6538, 766.9100, 19.1194
2025-12-01 20:57:53, 0.1040549844, 0.1007777334, 0.1648747067, 0.1536562711, 2865.5172, 2779.8276, 763.1100, 17.7561
2025-12-01 20:57:59, 0.0778386312, 0.0670276533, 0.1267583889, 0.1295609096, 2735.2222, 2801.4630, 765.9450, 17.3102
2025-12-01 20:58:05, 0.0489698678, 0.0554934580, 0.0998257968, 0.0825625764, 2580.9815, 2554.2778, 765.0250, 19.4683
2025-12-01 20:58:11, 0.0585533293, 0.0726538420, 0.1323130048, 0.1078399889, 2416.0635, 2410.8889, 762.9750, 18.7695
2025-12-01 20:58:16, 0.0832366102, 0.0841282066, 0.1689021779, 0.1238271606, 2688.8913, 2761.9783, 765.8350, 20.5207
2025-12-01 20:58:22, 0.0437124238, 0.0503138061, 0.2114184915, 0.1378420912, 2800.6102, 2784.9492, 764.7700, 20.3481
2025-12-01 20:58:28, 0.0498106059, 0.0373329805, 0.1223255728, 0.1244259762, 2690.5821, 2656.4030, 763.5150, 18.5130
2025-12-01 20:58:34, 0.0550148779, 0.0466748865, 0.0801978809, 0.0992298207, 2530.7551, 2588.9796, 765.1150, 18.7484
2025-12-01 20:58:39, 0.0563104437, 0.0511680841, 0.1286759490, 0.0980320622, 2495.4643, 2450.7321, 763.9700, 19.4671
2025-12-01 20:58:45, 0.0554893222, 0.0548444967, 0.1574295493, 0.1150851227, 2768.5085, 2825.4407, 761.1100, 19.0981
2025-12-01 20:58:51, 0.0499856864, 0.0567436112, 0.0855869188, 0.0663195351, 3068.5926, 3010.2407, 763.7500, 19.4100
2025-12-01 20:58:57, 0.0543780854, 0.0621613788, 0.1196709999, 0.1134629329, 2645.8667, 2687.8500, 763.2300, 17.2834
2025-12-01 20:59:03, 0.0794097758, 0.0994395824, 0.1114086894, 0.1663478393, 2643.7069, 2611.5172, 761.8750, 17.9663
2025-12-01 20:59:08, 0.1024817795, 0.0917846637, 0.0849658471, 0.1068536074, 2749.6667, 2842.1569, 762.8900, 18.9219
2025-12-01 20:59:14, 0.0851508731, 0.0958848206, 0.1225447873, 0.1053436182, 2780.5968, 2776.8387, 761.4200, 19.3120
2025-12-01 20:59:20, 0.0355620853, 0.0313091452, 0.1398459299, 0.1367539717, 2447.1370, 2512.5205, 763.8900, 19.3351
2025-12-01 20:59:26, 0.0331580291, 0.0329866173, 0.1450534052, 0.1085519276, 2784.5246, 2627.7869, 768.5300, 17.8661
2025-12-01 20:59:32, 0.0346672309, 0.0368457790, 0.1486912445, 0.1040713515, 2870.0135, 2713.6216, 767.2700, 17.7684
2025-12-01 20:59:37, 0.0686411688, 0.0807429763, 0.2056862604, 0.1698422880, 2870.0784, 2860.0980, 766.4200, 19.4426
2025-12-01 20:59:43, 0.0687691396, 0.0572313197, 0.1180819626, 0.0714338095, 2639.5273, 2537.3091, 767.9100, 16.7831
2025-12-01 20:59:49, 0.1176947747, 0.1327333350, 0.0780593862, 0.0740648912, 2846.9259, 2916.4074, 768.8750, 18.4019
2025-12-01 20:59:55, 0.1419074475, 0.1166199964, 0.0573844447, 0.0670222624, 2682.0698, 2545.6977, 766.9750, 19.3557
2025-12-01 21:00:01, 0.0653314331, 0.0577654645, 0.1441104727, 0.0921136091, 2865.6833, 2886.2333, 770.3400, 19.0075
2025-12-01 21:00:06, 0.1074795676, 0.0893554498, 0.1195316685, 0.1191898853, 3012.5962, 3051.6154, 771.5800, 17.9553
2025-12-01 21:00:13, 0.1470746601, 0.1472416131, 0.0813478899, 0.0914613940, 2819.6415, 2902.6792, 771.6350, 19.3267
2025-12-01 21:00:19, 0.1044162834, 0.1361797707, 0.1009545075, 0.1060837055, 3133.4828, 3038.9310, 768.6150, 19.3268
2025-12-01 21:00:25, 0.0934613220, 0.0988666200, 0.1084187479, 0.0906650204, 2758.3521, 2747.9577, 768.0300, 19.9416
2025-12-01 21:00:30, 0.1134342954, 0.1291742277, 0.0835934052, 0.1006032881, 2643.3065, 2726.6774, 765.8050, 17.4306
2025-12-01 21:00:36, 0.1026508181, 0.0914903725, 0.1119034942, 0.0891757196, 2555.1538, 2569.1346, 769.4450, 19.4558
2025-12-01 21:00:42, 0.1215894938, 0.1325927892, 0.1711421885, 0.1258329259, 2697.0000, 2713.7500, 766.7200, 17.5009
2025-12-01 21:00:48, 0.0974045802, 0.0783515646, 0.1607919141, 0.1466147175, 3011.2632, 2997.5439, 768.6150, 18.8127
2025-12-01 21:00:53, 0.0850775559, 0.0946376019, 0.0813800312, 0.0743013999, 2659.1961, 2547.8235, 767.5100, 17.8328
2025-12-01 21:00:59, 0.0664957093, 0.0522036890, 0.0867399809, 0.0904271458, 2696.2267, 2720.2933, 769.0450, 17.7632
2025-12-01 21:01:05, 0.0286667888, 0.0292494571, 0.1070733021, 0.1126351361, 2746.1412, 2714.9765, 763.3400, 18.0270
2025-12-01 21:01:11, 0.0342687510, 0.0314484082, 0.0843753576, 0.0865115438, 2753.0000, 2643.2973, 769.4000, 18.1700
2025-12-01 21:01:17, 0.0421829696, 0.0378141998, 0.1034962019, 0.0980745452, 2900.2090, 2759.1493, 767.8200, 19.2169
2025-12-01 21:01:22, 0.0883892194, 0.0652668460, 0.0393741109, 0.0649551144, 2607.8246, 2606.4211, 762.1050, 18.4205
2025-12-01 21:01:28, 0.0549739875, 0.0329626138, 0.0915564039, 0.0741817385, 2681.1594, 2600.2319, 762.2650, 17.7131
2025-12-01 21:01:34, 0.0629355575, 0.0627009005, 0.1056195636, 0.0900897573, 2852.5556, 2766.9048, 763.7950, 18.8511
2025-12-01 21:01:40, 0.0473603221, 0.0371431689, 0.1003035797, 0.0742493751, 2867.4762, 2741.2857, 765.1000, 18.0768
2025-12-01 21:01:45, 0.0446944012, 0.0369735502, 0.1375704346, 0.0952510244, 2844.7963, 2752.5185, 761.9500, 18.5967
2025-12-01 21:01:51, 0.0416768958, 0.0366190247, 0.0980210124, 0.1108594834, 2692.4194, 2627.1129, 759.4900, 17.9953
2025-12-01 21:01:57, 0.0412386553, 0.0354676529, 0.1231575326, 0.1140017835, 2709.4085, 2673.7183, 760.6150, 18.4569
2025-12-01 21:02:03, 0.0523644089, 0.0521362149, 0.1202058170, 0.0933348250, 2656.2821, 2611.9487, 763.2400, 18.1439
2025-12-01 21:02:08, 0.0563627549, 0.0491173186, 0.0853816239, 0.0805562075, 2922.2069, 2902.7586, 757.6900, 17.2524
2025-12-01 21:02:14, 0.0489600707, 0.0577329115, 0.1178468943, 0.0806583486, 2869.8769, 2816.7385, 760.0150, 18.4844
2025-12-01 21:02:20, 0.0393836617, 0.0352987231, 0.0866771424, 0.0989749096, 2798.5441, 2783.7353, 756.3450, 18.9306
2025-12-01 21:02:26, 0.0327628586, 0.0328895294, 0.0935899499, 0.1143020615, 2811.9059, 2662.6941, 763.5250, 17.7099
2025-12-01 21:02:32, 0.0245412630, 0.0255308168, 0.0996771146, 0.1104119982, 2776.5062, 2649.7778, 763.7450, 18.8218
2025-12-01 21:02:38, 0.0285139686, 0.0276975463, 0.0837621185, 0.0595423578, 2704.0674, 2505.9888, 757.8000, 19.8308
2025-12-01 21:02:43, 0.0463396551, 0.0457907503, 0.0842278340, 0.0754862786, 2948.2083, 2779.7917, 764.6100, 18.9459
2025-12-01 21:02:49, 0.0591541393, 0.0476037004, 0.1346886360, 0.1232155637, 2839.8600, 2742.9800, 760.7600, 18.3134
2025-12-01 21:02:55, 0.0721746452, 0.0660743121, 0.0871274671, 0.0914837489, 2911.8475, 2877.7119, 756.2350, 17.6743
2025-12-01 21:03:00, 0.0461345559, 0.0523163251, 0.0748849248, 0.0741467338, 2819.0758, 2768.8182, 759.8650, 18.1410
2025-12-01 21:03:06, 0.0281054031, 0.0306553207, 0.1048153181, 0.0881381365, 2781.2644, 2617.4023, 759.6300, 18.1841
2025-12-01 21:03:12, 0.0538261775, 0.0554852144, 0.0902170952, 0.0727992463, 2784.2429, 2680.7143, 760.2050, 18.2401
2025-12-01 21:03:18, 0.0485151605, 0.0412720971, 0.1054256424, 0.0863050602, 2882.3043, 2788.2029, 758.4150, 16.1420
2025-12-01 21:03:24, 0.0346350439, 0.0357047844, 0.0802739235, 0.0677915365, 2658.5506, 2417.0562, 759.0850, 19.2059
2025-12-01 21:03:29, 0.0454900860, 0.0404635125, 0.1030533631, 0.0907889544, 3039.1343, 2778.9403, 756.2800, 19.3766
2025-12-01 21:03:35, 0.0881892255, 0.1080390344, 0.1333248278, 0.1132461836, 2820.4091, 2792.3788, 761.1050, 17.9294
2025-12-01 21:03:41, 0.0965088597, 0.0729377239, 0.0656401381, 0.0609282695, 3073.7442, 3020.8837, 762.6750, 17.4548
2025-12-01 21:03:46, 0.0686530239, 0.0590069157, 0.0783435075, 0.0578402805, 2892.0541, 2816.3108, 760.1150, 17.8589
2025-12-01 21:03:52, 0.0533063177, 0.0589028115, 0.1114595858, 0.1256138173, 2824.1268, 2871.5634, 763.6250, 18.7081
2025-12-01 21:03:58, 0.0713168365, 0.0507641280, 0.1504525255, 0.1220916011, 2832.1644, 2754.2740, 761.0550, 17.5172
2025-12-01 21:04:04, 0.0804024634, 0.0730454974, 0.0910275688, 0.0923155019, 2933.5323, 2893.1613, 757.3350, 17.0866
2025-12-01 21:04:09, 0.0422675184, 0.0463400004, 0.1421084879, 0.1375991220, 2732.6825, 2601.5079, 763.9100, 18.9339
2025-12-01 21:04:15, 0.0776316738, 0.0758952414, 0.1201366140, 0.1007888975, 2621.6279, 2499.6744, 759.6650, 18.7990
2025-12-01 21:04:21, 0.1167954782, 0.0943469069, 0.0586061518, 0.0625133804, 2793.5652, 2788.5217, 762.1700, 17.4394
2025-12-01 21:04:27, 0.0877018273, 0.0846642295, 0.1124670948, 0.0743775553, 2862.7000, 2877.0200, 760.5500, 17.6756
2025-12-01 21:04:32, 0.1008203529, 0.1020112704, 0.0778336955, 0.0914356962, 2802.2333, 2751.0333, 763.7700, 16.5879
2025-12-01 21:04:38, 0.1356646019, 0.1358569345, 0.0606547777, 0.0383350452, 2960.9683, 2896.8730, 762.6350, 17.5773
2025-12-01 21:04:44, 0.0882199914, 0.0797711820, 0.0741942494, 0.0617388727, 2820.1579, 2788.9079, 762.4550, 18.2085
2025-12-01 21:04:50, 0.1247633392, 0.1174761268, 0.1284389557, 0.1155535089, 2820.6538, 2757.9808, 765.4700, 17.7448
2025-12-01 21:04:55, 0.0986187381, 0.0817928449, 0.0504802168, 0.0436262355, 2860.8333, 2615.5625, 760.1650, 17.6459
2025-12-01 21:05:01, 0.0547927676, 0.0603478139, 0.0732397893, 0.0610223495, 2883.3220, 2714.1525, 763.2900, 18.8432
2025-12-01 21:05:07, 0.0908576176, 0.0924416928, 0.0903796949, 0.1031635895, 3037.6591, 3171.2727, 764.8450, 18.1681
2025-12-01 21:05:13, 0.1127363459, 0.1008887308, 0.0464833815, 0.0453848274, 2951.5938, 2929.7500, 765.8600, 18.3355
2025-12-01 21:05:18, 0.1419504849, 0.1090126386, 0.0682313794, 0.0547855169, 2883.3800, 2877.2000, 764.2400, 18.1822
2025-12-01 21:05:24, 0.0636084925, 0.0676074338, 0.0809003769, 0.0654749560, 2716.1646, 2654.7848, 764.1550, 19.9820
2025-12-01 21:05:30, 0.0381574015, 0.0422721321, 0.0521489061, 0.0513864637, 2777.3625, 2633.5875, 765.6200, 17.1387
2025-12-01 21:05:36, 0.0306756790, 0.0293710679, 0.0816831347, 0.0601587053, 2830.5211, 2595.0000, 769.5750, 19.5373
2025-12-01 21:05:42, 0.0314189004, 0.0213264707, 0.0882467862, 0.1031883576, 2828.6923, 2577.9692, 768.8550, 18.8670
2025-12-01 21:05:47, 0.0261130448, 0.0276789469, 0.0819957295, 0.0746897258, 2711.1932, 2407.5341, 768.7300, 18.4352
2025-12-01 21:05:59, 0.0366271598, 0.0308397743, 0.0573831121, 0.0632651466, 2713.1429, 2577.0714, 765.9550, 19.5631
2025-12-01 21:06:05, 0.0432362791, 0.0391431737, 0.0906042121, 0.0655272487, 2808.5181, 2620.5904, 769.6900, 19.6821
2025-12-01 21:06:11, 0.0300501546, 0.0264150936, 0.0585826516, 0.0532281625, 2781.7241, 2529.9770, 768.8150, 20.1899
2025-12-01 21:06:16, 0.0470739525, 0.0394371479, 0.0943888948, 0.0935166396, 3015.3125, 2890.1875, 768.6700, 20.3497
2025-12-01 21:06:22, 0.0424147225, 0.0325697078, 0.0705381855, 0.0570686381, 2988.3607, 2717.1803, 768.2100, 19.2392
2025-12-01 21:06:28, 0.0471094997, 0.0423119715, 0.0802483611, 0.0447792564, 3049.2911, 2818.2025, 769.8550, 20.4974
2025-12-01 21:06:33, 0.0707381006, 0.0624207237, 0.0446489246, 0.0505415651, 2688.5405, 2674.4054, 768.3550, 18.8573
2025-12-01 21:06:39, 0.0674014170, 0.0635995805, 0.0634559771, 0.0466832013, 2723.3492, 2619.8889, 770.0850, 18.8523
2025-12-01 21:06:45, 0.0731621256, 0.0675196288, 0.0675993777, 0.0540094473, 2933.2400, 2878.4000, 766.5750, 20.3292
2025-12-01 21:06:51, 0.0855973102, 0.0687936566, 0.0610324712, 0.0574101514, 2724.0517, 2678.9828, 763.4950, 19.5673
2025-12-01 21:06:56, 0.0849727620, 0.0725550222, 0.0476993070, 0.0437487765, 2939.0370, 2811.8519, 769.1950, 18.2230
2025-12-01 21:07:02, 0.0707556844, 0.0655323861, 0.0603585878, 0.0632659366, 2916.0390, 2843.3896, 765.8450, 16.3717
2025-12-01 21:07:08, 0.0777775451, 0.0702957921, 0.0534571333, 0.0562283017, 2726.8507, 2691.5970, 765.3400, 19.9874
2025-12-01 21:07:13, 0.1051733354, 0.0975652531, 0.0593253010, 0.0615972251, 2728.0345, 2690.1897, 762.8550, 20.0941
2025-12-01 21:07:19, 0.0882435309, 0.1040128738, 0.0574308155, 0.0821762977, 2624.6613, 2636.6129, 764.5550, 18.1328
2025-12-01 21:07:25, 0.1056082199, 0.1059073601, 0.0564062508, 0.0453280446, 2799.2436, 2641.6795, 765.3750, 19.4096
2025-12-01 21:07:30, 0.1253595732, 0.0876890440, 0.0487108485, 0.0406676998, 2832.9048, 2646.9841, 765.1900, 18.8408
2025-12-01 21:07:36, 0.0917830973, 0.1063454150, 0.0615731377, 0.0485586380, 2795.4000, 2747.9077, 764.8250, 19.1584
2025-12-01 21:07:42, 0.1026947138, 0.1092749143, 0.0594692614, 0.0455989457, 2755.2258, 2678.7742, 764.4200, 17.9445
2025-12-01 21:07:48, 0.1081904283, 0.0992564316, 0.0509300666, 0.0416138019, 2817.2917, 2739.0556, 769.6100, 17.9685
2025-12-01 21:07:54, 0.0989961020, 0.0899349008, 0.0486117686, 0.0554656412, 2887.3898, 2935.5593, 769.0250, 18.9867
2025-12-01 21:07:59, 0.0514284124, 0.0484086722, 0.0577078242, 0.0557147090, 2822.6338, 2823.4085, 765.2300, 19.3555
2025-12-01 21:08:06, 0.0354668982, 0.0459897608, 0.0535312405, 0.0482316481, 2965.4928, 2669.8986, 764.6850, 16.6291
2025-12-01 21:08:12, 0.0901544988, 0.0772143242, 0.0393416641, 0.0338976378, 2958.9577, 2844.9437, 764.3550, 17.6374
2025-12-01 21:08:17, 0.0527845051, 0.0570775556, 0.0566338841, 0.0489640210, 2838.1250, 2701.1944, 763.8600, 18.4082
2025-12-01 21:08:23, 0.0944402923, 0.0844659993, 0.0465820373, 0.0463656556, 2834.7162, 2759.6081, 764.9950, 18.7431
2025-12-01 21:08:28, 0.0960391921, 0.0977542075, 0.0384041495, 0.0292842441, 2876.5873, 2686.7937, 765.3800, 17.1717
2025-12-01 21:08:34, 0.0646160766, 0.0547477529, 0.0368655260, 0.0281078810, 2846.5246, 2728.6393, 763.6750, 19.9183
2025-12-01 21:08:40, 0.0327379784, 0.0303482117, 0.0498022053, 0.0443346754, 2635.3721, 2464.8721, 762.3100, 16.8287
2025-12-01 21:08:46, 0.0639018763, 0.0593321352, 0.0420845016, 0.0369343029, 2733.2055, 2704.5068, 763.0300, 17.9669
2025-12-01 21:08:52, 0.0586733138, 0.0543059574, 0.0607407900, 0.0600456017, 2796.4143, 2725.8714, 767.2900, 18.0739
2025-12-01 21:08:57, 0.0323400036, 0.0278700385, 0.0526496227, 0.0376310350, 2879.7045, 2705.4091, 766.6400, 16.6042
2025-12-01 21:09:03, 0.0490101429, 0.0579430491, 0.0627575242, 0.0522943783, 2764.7397, 2593.8767, 766.4500, 15.9740
2025-12-01 21:09:09, 0.0496391284, 0.0511864666, 0.0595261098, 0.0499421199, 2820.5556, 2655.1528, 764.7200, 15.9349
2025-12-01 21:09:15, 0.0339034593, 0.0306293029, 0.0624053815, 0.0662300014, 2689.1000, 2611.7625, 761.5950, 16.6827
2025-12-01 21:09:20, 0.0807080266, 0.0787680310, 0.0404184875, 0.0434512790, 2806.2078, 2720.1558, 766.6300, 17.7040
2025-12-01 21:09:26, 0.0490288057, 0.0468890114, 0.0626052400, 0.0562116022, 2684.3836, 2502.7260, 763.4150, 18.3451
2025-12-01 21:09:32, 0.0815487244, 0.0669798671, 0.0866440866, 0.0698590201, 3000.0862, 2796.6034, 766.1000, 16.8790
2025-12-01 21:09:37, 0.0423454515, 0.0469065045, 0.0674243596, 0.0377973116, 2949.5571, 2672.8857, 760.8450, 18.4762
2025-12-01 21:09:43, 0.0463955098, 0.0427211957, 0.0817567324, 0.0630504574, 2797.1528, 2679.4028, 761.2950, 19.9067
2025-12-01 21:09:49, 0.0696987516, 0.0676810082, 0.0534142776, 0.0517250400, 2907.2885, 2643.6923, 762.9800, 19.6316
2025-12-01 21:09:55, 0.0629058007, 0.0576570217, 0.0590051055, 0.0516072663, 2774.2000, 2600.2286, 761.5450, 18.1438
2025-12-01 21:10:00, 0.0784271147, 0.0574993426, 0.0424650829, 0.0375911020, 2739.1875, 2612.1562, 760.3950, 15.4334
2025-12-01 21:10:06, 0.0567235783, 0.0504222731, 0.0341543755, 0.0333097856, 2867.6667, 2607.7143, 763.2100, 17.5287
2025-12-01 21:10:12, 0.0473494824, 0.0526400442, 0.0650349249, 0.0577973723, 2713.7125, 2503.4125, 760.8400, 20.1140
2025-12-01 21:10:18, 0.0709661884, 0.0593551781, 0.0633800887, 0.0510643519, 2808.5294, 2762.0294, 765.0350, 19.3009
2025-12-01 21:10:23, 0.0506656046, 0.0510119444, 0.0520613301, 0.0584184590, 2758.0132, 2652.2632, 759.9150, 18.6034
2025-12-01 21:10:29, 0.0416358295, 0.0529161437, 0.0565912151, 0.0560478138, 2768.4918, 2507.5082, 759.4350, 17.6790
2025-12-01 21:10:35, 0.0364794541, 0.0478186120, 0.0599813816, 0.0618996113, 2760.2419, 2690.8065, 760.2700, 18.5566
2025-12-01 21:10:41, 0.0324548915, 0.0376230349, 0.0792511227, 0.0692831459, 2777.7097, 2704.0645, 759.3800, 18.2835
2025-12-01 21:10:46, 0.0443693160, 0.0397842683, 0.0793558921, 0.0908085999, 2766.3291, 2691.1139, 758.0000, 18.7851
2025-12-01 21:10:52, 0.0524992398, 0.0611878973, 0.0443458832, 0.0471023577, 2804.5000, 2727.3889, 755.5400, 16.6303
2025-12-01 21:10:58, 0.0555336408, 0.0574695940, 0.0742782406, 0.0784605917, 2794.2121, 2706.6818, 757.6700, 18.4819
2025-12-01 21:11:04, 0.0375740249, 0.0342479534, 0.0984888448, 0.0887324871, 2780.7561, 2711.4634, 763.1200, 18.0589
2025-12-01 21:11:10, 0.0463913861, 0.0460594867, 0.0869772191, 0.1277446299, 3069.4565, 2972.5652, 761.1400, 20.1110
2025-12-01 21:11:15, 0.0619810273, 0.0510516696, 0.1264502530, 0.0974140683, 2995.7288, 2931.3390, 762.4000, 18.8449
2025-12-01 21:11:21, 0.0521704176, 0.0455329675, 0.0793529207, 0.0996074576, 2747.1562, 2601.3438, 765.6800, 17.4344
2025-12-01 21:11:27, 0.0677334972, 0.0547460310, 0.0822463519, 0.0828414029, 2741.0625, 2695.7031, 762.9800, 17.1184
2025-12-01 21:11:33, 0.1052043128, 0.1046028150, 0.0576272344, 0.0440448928, 2954.9667, 2888.1500, 764.0600, 18.7576
2025-12-01 21:11:39, 0.0620044739, 0.0646366935, 0.0706565654, 0.0503873169, 2845.2879, 2769.2879, 762.2450, 17.8288
2025-12-01 21:11:44, 0.0588314091, 0.0426971984, 0.0835419213, 0.0576632609, 2803.1143, 2658.7000, 763.2750, 18.3608
2025-12-01 21:11:50, 0.0787234497, 0.0736052413, 0.0867478935, 0.0619533739, 2683.2985, 2678.8060, 766.2300, 18.8153
2025-12-01 21:11:56, 0.0464747379, 0.0424558163, 0.0913983257, 0.0700460321, 2704.4225, 2606.3521, 764.8350, 19.6532
2025-12-01 21:12:02, 0.0486752949, 0.0568811023, 0.0941937616, 0.0912539012, 2728.0806, 2748.6129, 767.2300, 17.8602
2025-12-01 21:12:08, 0.0488154022, 0.0545480197, 0.0867004482, 0.0829307441, 2943.5667, 2738.0833, 765.2600, 17.8713
2025-12-01 21:12:13, 0.1109871424, 0.1180352430, 0.0953773530, 0.1088392401, 3002.7586, 3037.9310, 768.9250, 20.6150
2025-12-01 21:12:19, 0.0409870084, 0.0448091643, 0.0917707601, 0.0935885060, 2878.4706, 2671.4412, 763.5350, 18.4745
2025-12-01 21:12:25, 0.1444730754, 0.1948301634, 0.0589664008, 0.0627731226, 3064.1552, 2888.6207, 762.3200, 18.0532
2025-12-01 21:12:31, 0.1465765774, 0.1017365021, 0.0494047436, 0.0660161424, 2823.9123, 2792.1404, 763.9850, 19.2760
2025-12-01 21:12:37, 0.0574542120, 0.0448909819, 0.0792525003, 0.0639460138, 2890.3380, 2774.4507, 766.7450, 17.6136
2025-12-01 21:12:42, 0.0436197192, 0.0361080884, 0.0679053169, 0.0635679178, 2866.4110, 2719.2466, 763.5000, 17.0171
2025-12-01 21:12:48, 0.0286680082, 0.0308001600, 0.0733511804, 0.0567614288, 2767.9231, 2569.3516, 767.9050, 17.3507
2025-12-01 21:12:54, 0.0400502475, 0.0371216160, 0.0719120934, 0.0735346481, 2841.0714, 2684.8690, 762.9800, 16.8973
2025-12-01 21:12:59, 0.0518820587, 0.0393959151, 0.0611428330, 0.0698489550, 2733.9028, 2672.6667, 767.5250, 17.9072
2025-12-01 21:13:05, 0.0625682973, 0.0513243275, 0.0589737802, 0.0436823698, 3115.3623, 2892.2029, 766.3900, 17.4679
2025-12-01 21:13:11, 0.0352899720, 0.0402960548, 0.1202446585, 0.0859652161, 2777.5714, 2625.3506, 761.2250, 17.6282
2025-12-01 21:13:17, 0.0353803979, 0.0384075138, 0.0744559989, 0.0802973081, 2707.0964, 2642.3735, 766.7800, 17.6432
2025-12-01 21:13:22, 0.0318345994, 0.0269985118, 0.0655664039, 0.0694767655, 2779.3973, 2638.0959, 766.6300, 18.9019
2025-12-01 21:13:28, 0.0328409298, 0.0363516383, 0.0756718183, 0.0810228840, 2859.9459, 2792.5000, 766.4050, 17.1015
2025-12-01 21:13:34, 0.0760856170, 0.0670912973, 0.0915789649, 0.0899633473, 2768.5357, 2718.0536, 762.4550, 17.5425
2025-12-01 21:13:40, 0.0405008285, 0.0353308113, 0.0716222878, 0.0830743878, 2810.9559, 2759.7059, 763.4800, 19.6265
2025-12-01 21:13:45, 0.0791587569, 0.0834482415, 0.1153008511, 0.0871549738, 2643.2586, 2667.2414, 765.3800, 18.2279
2025-12-01 21:13:51, 0.1128676954, 0.0882743890, 0.0875057358, 0.0745760757, 2893.0694, 2846.2361, 761.1400, 16.9089
2025-12-01 21:13:57, 0.0912329246, 0.0792493389, 0.0665389399, 0.0651702464, 2741.9231, 2687.6000, 765.9400, 18.7704
2025-12-01 21:14:03, 0.0530398753, 0.0623305855, 0.0590149310, 0.0600602568, 2757.6308, 2671.5231, 759.3750, 16.3763
2025-12-01 21:14:08, 0.0661142415, 0.0601480858, 0.0809461071, 0.0711378087, 2779.1406, 2755.5156, 761.4550, 17.5977
2025-12-01 21:14:14, 0.0734216809, 0.0718995563, 0.0976881987, 0.0744033275, 2906.0920, 2842.3908, 759.8000, 19.7124
2025-12-01 21:14:20, 0.0572953478, 0.0646657068, 0.0649607711, 0.0608744828, 2805.7468, 2685.5443, 767.0050, 19.6017
2025-12-01 21:14:26, 0.1002907621, 0.1338841790, 0.0565108274, 0.0466004066, 2909.7463, 2832.6716, 759.1850, 18.9457
2025-12-01 21:14:31, 0.0820732789, 0.0779849519, 0.0714084514, 0.0651684953, 3001.2329, 2923.6849, 761.2850, 17.5865
2025-12-01 21:14:37, 0.0966568528, 0.0714889901, 0.0637332000, 0.0543889822, 2997.6806, 2962.0694, 766.7100, 16.2879
2025-12-01 21:14:43, 0.1082150175, 0.1196367634, 0.0849808136, 0.0919347970, 2819.0769, 2758.0385, 763.3150, 19.8355
2025-12-01 21:14:49, 0.0972611815, 0.1091437807, 0.0656590748, 0.0638073941, 2891.1408, 2869.1690, 761.7850, 19.0900
2025-12-01 21:14:55, 0.1120524770, 0.0828907503, 0.0941381120, 0.1276503802, 2668.6316, 2689.8421, 760.1800, 19.7098
2025-12-01 21:15:00, 0.0948447879, 0.1061087581, 0.0573290599, 0.0511070543, 2774.1333, 2704.2833, 761.2750, 16.9071
2025-12-01 21:15:06, 0.1634826621, 0.1295561935, 0.0584557028, 0.0818878313, 2796.1194, 2770.7612, 760.2750, 17.5570
2025-12-01 21:15:12, 0.1426654067, 0.1345324919, 0.1198792858, 0.1123337290, 2671.3860, 2658.1930, 763.8100, 18.9059
2025-12-01 21:15:18, 0.0603485739, 0.0678507137, 0.0795305833, 0.1067516787, 2827.5286, 2772.0429, 761.9250, 17.8011
2025-12-01 21:15:23, 0.0402673546, 0.0420747744, 0.0685290024, 0.0623328209, 2770.7176, 2668.7765, 762.7400, 17.1913
2025-12-01 21:15:29, 0.0734997856, 0.0592644394, 0.0879090405, 0.0718057782, 2978.7500, 2800.4265, 762.8050, 19.0714
2025-12-01 21:15:35, 0.0783545788, 0.0822410163, 0.0569038621, 0.0560861632, 2945.8929, 2849.4821, 762.8550, 18.8200
2025-12-01 21:15:41, 0.0361865518, 0.0442512526, 0.0723213183, 0.0601681560, 2797.6618, 2681.3529, 761.3800, 19.5741
2025-12-01 21:15:47, 0.0910451010, 0.0747632313, 0.0597552151, 0.0636148922, 2728.7969, 2785.7969, 762.0850, 18.2767
2025-12-01 21:15:52, 0.0512571483, 0.0477382947, 0.0803614157, 0.0668210904, 2862.7639, 2749.2639, 759.2550, 18.3475
2025-12-01 21:15:58, 0.0183349438, 0.0171969908, 0.0657274265, 0.0540922185, 2688.5684, 2536.5474, 762.5450, 18.0366
2025-12-01 21:16:04, 0.0506776082, 0.0615297166, 0.0538207251, 0.0485233731, 2823.7606, 2676.1831, 761.1750, 16.3834
2025-12-01 21:16:10, 0.0331548158, 0.0270819432, 0.0981098608, 0.0878804214, 2838.7100, 2663.3200, 761.0300, 17.2754
2025-12-01 21:16:16, 0.0349128212, 0.0248530614, 0.1135630611, 0.0954088218, 2808.6170, 2652.9149, 762.0400, 18.1306
2025-12-01 21:16:21, 0.0408456543, 0.0421000495, 0.0919092272, 0.0847572318, 2785.5789, 2615.7500, 761.3900, 17.5624
2025-12-01 21:16:27, 0.0469024783, 0.0493420894, 0.0764690765, 0.0630715352, 2994.5325, 2808.4545, 759.8250, 17.7032
2025-12-01 21:16:33, 0.0435256589, 0.0459504522, 0.0833010581, 0.0614139575, 2783.6615, 2593.5538, 762.2650, 18.4232
2025-12-01 21:16:38, 0.0284401717, 0.0253045867, 0.0733449580, 0.0501118039, 2760.8701, 2512.6494, 761.0500, 17.9237
2025-12-01 21:16:44, 0.0363486034, 0.0230972328, 0.0598989934, 0.0542820931, 2732.2639, 2556.2083, 763.9750, 17.9509
2025-12-01 21:16:50, 0.0394185959, 0.0352367282, 0.1036988735, 0.0727723602, 3001.5316, 2771.9873, 764.3000, 17.2971
2025-12-01 21:16:56, 0.0398119970, 0.0412511322, 0.0774867923, 0.0815847859, 2726.9891, 2633.8587, 759.2950, 17.3974
2025-12-01 21:17:01, 0.0466095290, 0.0499131507, 0.0677909620, 0.0769393414, 2857.8841, 2734.4638, 761.1950, 16.5891
2025-12-01 21:17:07, 0.0617618071, 0.0649183284, 0.0961516467, 0.0983574277, 2732.1154, 2676.2179, 761.8750, 17.6136
2025-12-01 21:17:13, 0.0799510575, 0.0762492857, 0.0808163045, 0.0973127935, 2788.3125, 2728.2875, 768.8600, 18.1025
2025-12-01 21:17:19, 0.0528039049, 0.0659200056, 0.0879748868, 0.0829731769, 2719.0380, 2574.3038, 763.0400, 19.6542
2025-12-01 21:17:25, 0.0384579358, 0.0390593811, 0.0978599780, 0.1296479484, 2707.6220, 2700.8415, 764.2250, 19.9881
2025-12-01 21:17:30, 0.1003625410, 0.1065259901, 0.1065502710, 0.0932381697, 2649.4844, 2677.8125, 759.8700, 19.2191
2025-12-01 21:17:36, 0.0699760668, 0.0735760208, 0.0889854515, 0.0806812421, 2684.1864, 2754.6949, 761.4750, 19.7674
2025-12-01 21:17:42, 0.0521015919, 0.0505181528, 0.0799194489, 0.0938517715, 2596.2727, 2547.1429, 760.9700, 18.6638
2025-12-01 21:17:47, 0.0530511228, 0.0469313181, 0.0920578229, 0.0874081572, 2733.3939, 2706.2121, 763.0150, 17.9715
2025-12-01 21:17:53, 0.0658641746, 0.0770354686, 0.0766682407, 0.0686330020, 2957.4267, 2883.7200, 765.2100, 16.3746
2025-12-01 21:17:59, 0.1281431120, 0.1428664756, 0.0815810811, 0.0930273183, 2755.3553, 2707.0921, 763.4100, 17.6029
2025-12-01 21:18:04, 0.1023940616, 0.1331689333, 0.0739891628, 0.0711555465, 2635.3889, 2616.6667, 766.5750, 19.3105
2025-12-01 21:18:10, 0.0754411298, 0.0558674830, 0.1301214535, 0.1213551171, 2974.9596, 2895.7273, 766.3150, 17.0175
2025-12-01 21:18:16, 0.1021624686, 0.1071380297, 0.1258856812, 0.1041127058, 2692.7463, 2627.7910, 764.0550, 17.8866
2025-12-01 21:18:22, 0.1189762833, 0.1108198181, 0.0973788651, 0.0624250345, 2764.5224, 2681.4179, 769.2500, 18.6659
2025-12-01 21:18:27, 0.1163855222, 0.1004565241, 0.1207219849, 0.0911111304, 2757.5968, 2685.3548, 769.4350, 18.4333
2025-12-01 21:18:33, 0.1550189158, 0.1167485467, 0.0942335044, 0.0840261172, 2867.2647, 2839.2206, 768.4900, 18.4035
2025-12-01 21:18:38, 0.0334812574, 0.0318492403, 0.1037443680, 0.0969714006, 2692.5682, 2618.6023, 769.1700, 19.2710
2025-12-01 21:18:45, 0.0259105377, 0.0304767521, 0.1048000640, 0.0808799777, 2704.6883, 2555.5714, 765.2450, 19.6661
2025-12-01 21:18:50, 0.0339818851, 0.0400379002, 0.0870730686, 0.0854196851, 2697.8831, 2684.1558, 767.7150, 17.0368
2025-12-01 21:18:56, 0.0334174443, 0.0335375107, 0.0791407341, 0.0870712055, 2715.5867, 2609.6800, 771.2300, 17.5666
2025-12-01 21:19:02, 0.0399313445, 0.0350206364, 0.0992715034, 0.0860996285, 2903.7571, 2689.6143, 766.8900, 18.1289
2025-12-01 21:19:07, 0.0527837799, 0.0447360789, 0.0707437098, 0.0800026287, 2927.7059, 2863.9706, 766.2900, 16.5035
2025-12-01 21:19:14, 0.0475065739, 0.0391452200, 0.1156045094, 0.0917101890, 2888.1111, 2772.2963, 766.7450, 16.1963
2025-12-01 21:19:19, 0.0322531303, 0.0339793063, 0.1502216052, 0.1004576488, 2730.2794, 2586.9853, 768.9600, 19.6474
2025-12-01 21:19:25, 0.0438719468, 0.0510676344, 0.0651661818, 0.0793034145, 2917.1846, 2819.2615, 764.5650, 19.7311
2025-12-01 21:19:31, 0.0657937179, 0.0809945401, 0.1128434194, 0.1173971300, 2786.4355, 2796.4516, 766.4050, 18.1838
2025-12-01 21:19:37, 0.0661588906, 0.0612303666, 0.1609469168, 0.1302602225, 2862.2407, 2866.7222, 766.6650, 18.0203
2025-12-01 21:19:42, 0.0452318160, 0.0511420761, 0.1226771534, 0.1074917798, 2808.6533, 2794.5067, 769.1450, 17.8817
2025-12-01 21:19:48, 0.1091654321, 0.0887303091, 0.0892135459, 0.0714276435, 2956.1159, 2858.0145, 766.5500, 18.7581
2025-12-01 21:19:54, 0.0835709454, 0.0723385771, 0.0734503795, 0.0608014552, 2739.1250, 2691.6250, 763.9200, 18.2500
2025-12-01 21:20:00, 0.0868592226, 0.0789609421, 0.0679276827, 0.0745981744, 2738.4507, 2666.0704, 768.2100, 16.2661
2025-12-01 21:20:06, 0.0693350560, 0.0622895424, 0.1143325851, 0.1047156839, 2757.6452, 2852.1452, 767.0150, 17.5589
2025-12-01 21:20:11, 0.0927110181, 0.0878737635, 0.1171086720, 0.1076261074, 2985.4565, 2947.9783, 768.2400, 17.1523
2025-12-01 21:20:17, 0.0568313543, 0.0612536236, 0.0783263712, 0.0787471976, 2880.6615, 2866.4462, 769.5100, 19.1844
2025-12-01 21:20:23, 0.0737950445, 0.0731715447, 0.1066950470, 0.0827231222, 2936.9706, 2891.4265, 767.2350, 19.1131
2025-12-01 21:20:29, 0.0622184669, 0.0851510328, 0.0817010810, 0.0732240616, 2875.0377, 2749.4528, 766.3950, 18.8738
2025-12-01 21:20:34, 0.0746273096, 0.0795886004, 0.1041947112, 0.1064789915, 2879.6441, 2877.2542, 767.0250, 18.4142
2025-12-01 21:20:40, 0.0726406428, 0.0662847222, 0.0741093211, 0.0714173165, 2674.3582, 2751.5075, 764.3950, 17.8379
2025-12-01 21:20:46, 0.0648491082, 0.0417888086, 0.0633352820, 0.0615151234, 2670.8772, 2499.4211, 765.4000, 16.9458
2025-12-01 21:20:51, 0.0532318589, 0.0419137488, 0.1006576137, 0.0815368794, 2928.1803, 2753.2951, 760.6600, 17.6532
2025-12-01 21:20:57, 0.0556094601, 0.0610887544, 0.0704281128, 0.0794087942, 2820.6324, 2817.6176, 762.1750, 17.7436
2025-12-01 21:21:03, 0.0942304635, 0.0686694812, 0.0817826961, 0.0794439237, 2776.4516, 2780.9839, 760.6450, 18.5561
2025-12-01 21:21:09, 0.0582596967, 0.0633552399, 0.0868184007, 0.1038147257, 2655.9833, 2628.1333, 762.6100, 18.2584
2025-12-01 21:21:15, 0.1081538231, 0.0899380192, 0.0820917076, 0.0928085698, 2804.7797, 2859.9661, 764.2250, 18.1029
2025-12-01 21:21:20, 0.1196139386, 0.0819777460, 0.0697696769, 0.0775340250, 2809.0345, 2865.7241, 762.0600, 16.9728
2025-12-01 21:21:27, 0.0977746963, 0.0863816026, 0.0528185033, 0.0559817073, 2727.7971, 2734.3478, 761.1350, 16.8222
2025-12-01 21:21:33, 0.0770530045, 0.0613076386, 0.0696288199, 0.0925317080, 2987.4118, 2997.5147, 762.3150, 17.2100
2025-12-01 21:21:38, 0.0607978500, 0.0729983915, 0.1100763607, 0.1345829738, 2807.8382, 2753.5882, 760.0300, 17.4304
2025-12-01 21:21:44, 0.0743131805, 0.0697624588, 0.0976943137, 0.0723748084, 2974.9123, 2833.1404, 761.4300, 17.2978
2025-12-01 21:21:50, 0.0667651981, 0.0535313144, 0.0554641136, 0.0805089812, 2853.0189, 2915.0377, 759.4750, 17.8759
2025-12-01 21:21:56, 0.1133021538, 0.1023224102, 0.0814370943, 0.0818784091, 2736.4800, 2810.5200, 760.2900, 17.5213
2025-12-01 21:22:02, 0.0763830201, 0.0690871387, 0.1051788731, 0.0693636571, 2704.7193, 2590.7018, 762.3150, 16.4559
2025-12-01 21:22:07, 0.0268675943, 0.0273532948, 0.0920328581, 0.1125210117, 2653.0091, 2682.6091, 760.0750, 18.1011
2025-12-01 21:22:13, 0.0421624418, 0.0354894831, 0.1113615014, 0.1041139379, 2742.0130, 2715.1299, 760.4450, 18.1713
2025-12-01 21:22:19, 0.0356875463, 0.0424844396, 0.1085739111, 0.1186051322, 2799.8308, 2752.8462, 763.5600, 17.6914
2025-12-01 21:22:25, 0.0486153840, 0.0468208231, 0.0974972269, 0.0699094722, 2748.4571, 2719.7000, 761.6600, 19.7113
2025-12-01 21:22:31, 0.1356393748, 0.1323355323, 0.1236222055, 0.1460680017, 3005.4444, 2966.5741, 762.7450, 20.2010
2025-12-01 21:22:36, 0.1156109894, 0.1038415442, 0.1049434120, 0.1155591452, 2823.2623, 2932.4590, 764.6500, 19.1554
2025-12-01 21:22:42, 0.1190672605, 0.1135753750, 0.1410424226, 0.1079092384, 2671.4706, 2609.9412, 763.6000, 21.0338
2025-12-01 21:22:48, 0.0699827819, 0.0743444651, 0.1095272714, 0.1021863139, 2904.4242, 2860.6667, 766.4150, 20.0943
2025-12-01 21:22:53, 0.0763348104, 0.0801540983, 0.0772470084, 0.1089220440, 2738.0161, 2785.8871, 767.0600, 19.0755
2025-12-01 21:23:00, 0.1015331782, 0.1035635509, 0.1189971755, 0.1294590533, 2785.9216, 2850.8039, 767.1350, 18.3695
2025-12-01 21:23:06, 0.1892871551, 0.1159509128, 0.0836673607, 0.0818639060, 2921.9138, 2919.8103, 768.3850, 20.9701
2025-12-01 21:23:12, 0.1228207453, 0.1077948623, 0.0851307037, 0.1039244064, 2806.9362, 2914.8085, 767.7500, 18.5205
2025-12-01 21:23:17, 0.1020427386, 0.1123541021, 0.1599823710, 0.1703033001, 2742.0000, 2698.1186, 767.4000, 19.7474
2025-12-01 21:23:23, 0.0947981597, 0.1420938893, 0.1224516061, 0.0764075338, 2589.5000, 2507.3750, 769.9000, 19.4402
2025-12-01 21:23:29, 0.1345768495, 0.1120503502, 0.1249629598, 0.1347349266, 2765.0870, 2813.3913, 761.3150, 19.3046
2025-12-01 21:23:35, 0.0950343911, 0.1014915466, 0.1035138653, 0.1370437679, 2737.9726, 2767.3836, 764.7250, 19.0528
2025-12-01 21:23:41, 0.1000480515, 0.0776770754, 0.1789535076, 0.1118248691, 2827.6000, 2751.1167, 759.2450, 18.8718
2025-12-01 21:23:46, 0.0807661494, 0.0647911858, 0.1299533056, 0.1111800319, 2943.2791, 2803.2558, 766.1650, 19.5458
2025-12-01 21:23:52, 0.1560620484, 0.1444387506, 0.0822165709, 0.0981005513, 2802.0408, 2828.5306, 760.4050, 17.7085
2025-12-01 21:23:58, 0.0822141874, 0.0858185251, 0.1074760485, 0.1104385954, 2715.5472, 2809.1321, 763.8750, 20.5085
2025-12-01 21:24:03, 0.0831679471, 0.0923807766, 0.0841803591, 0.0897507645, 2887.4107, 2809.2679, 771.2150, 21.1582
2025-12-01 21:24:09, 0.1234778280, 0.1355308717, 0.1046334952, 0.0952404567, 2764.6333, 2812.7000, 767.3250, 18.3888
2025-12-01 21:24:15, 0.0953994126, 0.1070821283, 0.1412525632, 0.1038501740, 2792.2222, 2736.5333, 766.2450, 20.1516
2025-12-01 21:24:20, 0.0844598304, 0.0772034311, 0.0762582927, 0.0817497325, 2832.9545, 2830.5606, 766.4800, 17.0552
2025-12-01 21:24:26, 0.0481403628, 0.0589573808, 0.0553944286, 0.0649220653, 2716.4655, 2752.4310, 762.8550, 18.1189
2025-12-01 21:24:32, 0.0567379054, 0.0542598279, 0.1010155108, 0.0866939616, 2718.9531, 2745.9844, 762.2050, 17.6214
2025-12-01 21:24:38, 0.0497929066, 0.0392870121, 0.0951379222, 0.1040272584, 2836.3448, 2774.4655, 761.7550, 17.3691
2025-12-01 21:24:44, 0.1055690200, 0.0925310496, 0.1292227443, 0.1062022543, 2722.9808, 2711.9423, 765.8850, 19.0116
2025-12-01 21:24:50, 0.0993892736, 0.0905314056, 0.1075466548, 0.1226035719, 2545.4884, 2623.9535, 766.1800, 17.7205
2025-12-01 21:24:55, 0.0482445388, 0.0669144353, 0.1821000735, 0.1506424731, 2834.1034, 2810.8621, 761.9450, 18.2327
2025-12-01 21:25:01, 0.0452514615, 0.0528540800, 0.1238750310, 0.1074046976, 2619.2239, 2646.5224, 763.3750, 17.1486
2025-12-01 21:25:07, 0.0718880540, 0.0700658629, 0.1336461773, 0.1172766262, 2756.6212, 2703.0606, 766.9600, 18.1876
2025-12-01 21:25:13, 0.0621296351, 0.0716154937, 0.1212231176, 0.1166673334, 2656.8393, 2684.7857, 766.1350, 17.7448
2025-12-01 21:25:19, 0.0593386150, 0.0707157720, 0.1450406627, 0.1273945889, 2644.0000, 2678.0877, 764.6500, 18.0620
2025-12-01 21:25:24, 0.1063304188, 0.0961261209, 0.1243826987, 0.1067204203, 2705.3830, 2699.6170, 765.4800, 17.8163
2025-12-01 21:25:30, 0.0937778506, 0.0762036587, 0.1136478279, 0.1011168047, 2742.2075, 2743.3019, 767.3450, 18.7549
2025-12-01 21:25:36, 0.0504629168, 0.0521874607, 0.1094255556, 0.1052850964, 2590.1803, 2632.1967, 767.3800, 19.0477
2025-12-01 21:25:41, 0.0798807488, 0.1046126980, 0.1282192369, 0.0937184389, 2471.5510, 2441.5510, 768.1950, 17.3008
2025-12-01 21:25:47, 0.0917011879, 0.0667355693, 0.1745233369, 0.1352108853, 2721.2745, 2796.1569, 764.6450, 17.8891
2025-12-01 21:25:53, 0.0488590889, 0.0566204457, 0.1140722707, 0.1005255872, 2616.6833, 2689.3167, 765.5000, 17.2218
2025-12-01 21:25:59, 0.1033956498, 0.0807252184, 0.1483836864, 0.1538080058, 3039.2667, 3052.3500, 765.3400, 17.4873
2025-12-01 21:26:04, 0.0846245795, 0.0858810778, 0.0833005199, 0.0787876979, 2570.1029, 2569.7500, 764.8350, 17.6861
2025-12-01 21:26:10, 0.0375992921, 0.0319609290, 0.0937178069, 0.0881486039, 2650.8710, 2632.1290, 766.8700, 18.1194
2025-12-01 21:26:16, 0.0378666924, 0.0353667940, 0.1122496179, 0.0990978956, 2750.8049, 2662.7683, 765.5450, 16.4337
2025-12-01 21:26:22, 0.0538076371, 0.0465162885, 0.0925776567, 0.0766863957, 2786.0167, 2834.5667, 766.2300, 16.3779
2025-12-01 21:26:27, 0.0455138106, 0.0567037642, 0.1247636526, 0.1164752579, 2763.8831, 2705.3377, 767.8400, 17.4182
2025-12-01 21:26:33, 0.1070266387, 0.0929422988, 0.0916249201, 0.0646351048, 2858.4000, 2855.9600, 766.8800, 17.2336
2025-12-01 21:26:39, 0.0953324494, 0.0885992088, 0.1118141258, 0.1265693708, 2894.9483, 2929.1724, 765.7850, 17.1991
2025-12-01 21:26:45, 0.1031493802, 0.1026917524, 0.1690497686, 0.1695402200, 2803.2581, 2831.7419, 765.8600, 17.9658
2025-12-01 21:26:51, 0.0743624936, 0.0742582094, 0.1335183318, 0.1093031271, 3028.0580, 2990.3913, 767.0450, 16.7789
2025-12-01 21:26:56, 0.0944095634, 0.0810982655, 0.1131848624, 0.1397985022, 2589.2667, 2628.4444, 766.7450, 16.0496
2025-12-01 21:27:02, 0.0411352723, 0.0590653173, 0.1486636636, 0.1200477043, 2924.2286, 2967.0429, 765.8700, 19.4338
2025-12-01 21:27:08, 0.0635492880, 0.0573333443, 0.0691833197, 0.0868991824, 2487.0484, 2653.3226, 764.6950, 18.5087
2025-12-01 21:27:14, 0.0463551228, 0.0473312507, 0.1023552670, 0.1043927524, 2493.5455, 2539.9697, 764.8950, 17.5409
2025-12-01 21:27:20, 0.0417997730, 0.0487770175, 0.1020847683, 0.0668710919, 2591.8070, 2608.9123, 761.5750, 18.2583
2025-12-01 21:27:26, 0.0543060604, 0.0544504762, 0.0722827888, 0.0840728583, 2521.8793, 2585.6897, 763.4000, 19.2255
2025-12-01 21:27:31, 0.0366356185, 0.0406699450, 0.1110710885, 0.1113207882, 2651.4588, 2497.8000, 760.5700, 19.2926
2025-12-01 21:27:37, 0.0744278681, 0.0781370224, 0.0894007734, 0.0832889838, 2689.1000, 2700.0800, 760.7100, 19.6458
2025-12-01 21:27:43, 0.0794415102, 0.0694045931, 0.0920028646, 0.0689689062, 2914.1864, 2918.8814, 758.2550, 17.8076
2025-12-01 21:27:49, 0.0987555036, 0.0944463946, 0.0732305047, 0.0745626838, 2817.5000, 2785.1731, 760.6450, 19.3321
2025-12-01 21:27:55, 0.1144547242, 0.1151842525, 0.0995634298, 0.0725958844, 3028.1500, 2876.8000, 761.2800, 17.0265
2025-12-01 21:28:00, 0.0548226004, 0.0561903451, 0.1578175966, 0.1616157252, 2778.3091, 2679.6182, 762.0250, 17.4541
2025-12-01 21:28:06, 0.0544804462, 0.0727336542, 0.0789540950, 0.0965511182, 3028.7164, 2858.7761, 759.0200, 18.8910
2025-12-01 21:28:12, 0.0716892050, 0.0525485670, 0.1205410116, 0.1232555780, 2851.5745, 2887.5532, 761.1950, 17.9303
2025-12-01 21:28:19, 0.0599574990, 0.0413293942, 0.0835979650, 0.0741877898, 2806.6571, 2782.1571, 759.3100, 19.2300
2025-12-01 21:28:25, 0.0440549836, 0.0378365094, 0.1191942808, 0.1271039629, 2622.6111, 2684.7500, 762.1650, 19.3656
2025-12-01 21:28:30, 0.0489678347, 0.0525026803, 0.0873432387, 0.0743501172, 2756.1935, 2684.8387, 764.9400, 17.9415
2025-12-01 21:28:36, 0.0583999485, 0.0576477138, 0.1302654168, 0.1329653899, 2850.3521, 2874.2817, 760.4450, 17.8081
2025-12-01 21:28:42, 0.0934206243, 0.0673786227, 0.0881995687, 0.0662875372, 2736.7391, 2641.4348, 760.4900, 17.1942
2025-12-01 21:28:47, 0.0942767915, 0.0947761796, 0.0958261079, 0.1135379672, 2805.0488, 2750.4878, 763.8000, 19.6028
2025-12-01 21:28:53, 0.0705236118, 0.0449976849, 0.1188765757, 0.1042208252, 2835.1228, 2761.2982, 765.2000, 18.3736
2025-12-01 21:28:59, 0.0567270564, 0.0664540311, 0.1116077590, 0.0841259928, 2608.7500, 2544.3077, 765.8150, 16.5672
2025-12-01 21:29:05, 0.0753145017, 0.0824358418, 0.1283691322, 0.1004173114, 3151.9216, 3061.6275, 766.8750, 21.0608
2025-12-01 21:29:11, 0.0897542167, 0.0859917638, 0.0979173874, 0.0904135443, 3002.7500, 3035.7500, 764.0000, 19.5995
2025-12-01 21:29:17, 0.0835052888, 0.0892815414, 0.1189579722, 0.1018968022, 2767.7292, 2765.5000, 765.1950, 19.0267
2025-12-01 21:29:23, 0.0718900713, 0.0709347326, 0.0632212382, 0.0625582511, 2502.0175, 2499.4737, 771.0200, 18.3638
2025-12-01 21:29:28, 0.0993846451, 0.0922938814, 0.1103467744, 0.0920494591, 2554.6949, 2618.0678, 766.6450, 19.8033
2025-12-01 21:29:34, 0.1240651402, 0.1234659474, 0.1400213319, 0.1523719117, 2726.2540, 2679.7937, 771.6300, 17.9241
2025-12-01 21:29:40, 0.0735180979, 0.0767826552, 0.0673661993, 0.0744996609, 2450.0667, 2408.7778, 766.4000, 18.8372
2025-12-01 21:29:46, 0.0710225197, 0.0806052070, 0.1024803772, 0.0802329107, 2641.1951, 2594.0732, 770.0900, 19.5088
2025-12-01 21:29:52, 0.0907536778, 0.0926143193, 0.0980372838, 0.0932520646, 2739.7018, 2747.8070, 769.4650, 19.9995
2025-12-01 21:29:57, 0.0902447983, 0.0989174634, 0.1078468268, 0.0965139788, 2924.2542, 2876.6271, 769.0100, 19.7157
2025-12-01 21:30:03, 0.0862401975, 0.0974323085, 0.1083305663, 0.0906934553, 2711.5000, 2645.5833, 765.0250, 19.9829
2025-12-01 21:30:09, 0.0891399198, 0.0744851893, 0.1031592217, 0.1279118047, 2717.6727, 2808.8545, 768.8650, 19.4246
2025-12-01 21:30:14, 0.0697352641, 0.0650899873, 0.1056401250, 0.0950666008, 2919.9508, 2948.4098, 763.6400, 20.0375
2025-12-01 21:30:20, 0.1148188156, 0.1263930002, 0.0971563947, 0.1064830797, 2797.0735, 2804.2941, 768.0400, 20.7299
2025-12-01 21:30:26, 0.0414455163, 0.0345337345, 0.0878962585, 0.0625060086, 2797.3492, 2601.7778, 768.5750, 23.4174
2025-12-01 21:30:31, 0.0669338079, 0.0601723473, 0.0604462178, 0.0649055919, 2603.7547, 2652.2453, 768.6000, 21.6074
2025-12-01 21:30:37, 0.1130668056, 0.0836182823, 0.1132960605, 0.0888994001, 2743.2128, 2770.4681, 765.6150, 20.6055
2025-12-01 21:30:43, 0.0628628831, 0.0590461480, 0.1059710886, 0.1369647621, 2583.8525, 2677.9508, 772.6350, 21.3872
2025-12-01 21:30:49, 0.0643338882, 0.0733842495, 0.1465055871, 0.1311256805, 2871.5735, 2831.4412, 766.9650, 19.8417
2025-12-01 21:30:54, 0.0515953814, 0.0527969424, 0.1369294985, 0.1119361729, 2789.8833, 2829.4667, 765.1150, 20.4417
2025-12-01 21:31:00, 0.0988589741, 0.0842311660, 0.1199784059, 0.1116134613, 3163.2295, 3042.2623, 769.2150, 22.0486
2025-12-01 21:31:06, 0.0666840460, 0.0779336323, 0.1125621739, 0.1299415578, 2988.7424, 3079.4848, 764.1350, 20.8410
2025-12-01 21:31:12, 0.0412636996, 0.0424823633, 0.1225949123, 0.0932498575, 2855.2222, 2781.3175, 769.8550, 22.2059
2025-12-01 21:31:18, 0.0753608070, 0.0841573639, 0.0980034983, 0.0924361642, 2795.2308, 2663.5385, 768.0300, 21.1516
2025-12-01 21:31:23, 0.1107875484, 0.0946814092, 0.1216755186, 0.0997591761, 2922.0926, 2932.3519, 766.3200, 21.6333
2025-12-01 21:31:29, 0.0825906238, 0.1033411619, 0.1095229138, 0.0806546717, 2805.9692, 2803.4308, 768.3500, 20.0459
2025-12-01 21:31:35, 0.0370749917, 0.0466034974, 0.0915955996, 0.0973664646, 2694.8000, 2617.6000, 768.0600, 21.5513
2025-12-01 21:31:41, 0.0556553877, 0.0539423466, 0.1005921328, 0.0920722580, 2915.1605, 2823.1111, 762.6700, 22.7816
2025-12-01 21:31:46, 0.0620445527, 0.0556250819, 0.0848495784, 0.0807985912, 2747.8413, 2711.6825, 764.5000, 24.5043
2025-12-01 21:31:52, 0.0535802891, 0.0471263440, 0.0842633498, 0.0945919563, 2634.4483, 2650.3276, 768.2450, 22.8393
2025-12-01 21:31:58, 0.0491325919, 0.0540929171, 0.1317451545, 0.1076355363, 2710.0000, 2709.7945, 763.7200, 22.4991
2025-12-01 21:32:04, 0.0645561895, 0.0579899075, 0.1186767092, 0.0850849972, 3022.2400, 2823.7800, 765.0200, 24.3035
2025-12-01 21:32:10, 0.0395670458, 0.0427811224, 0.1218423555, 0.1079120470, 2836.4928, 2684.7536, 762.3700, 23.4319
2025-12-01 21:32:15, 0.0716925411, 0.0812084623, 0.0914307489, 0.0832836426, 2760.1481, 2711.6111, 767.8500, 20.6062
2025-12-01 21:32:21, 0.0752139514, 0.0660877852, 0.1351225092, 0.1374386972, 2775.7647, 2678.8676, 765.1350, 24.6894
2025-12-01 21:32:27, 0.0431753230, 0.0365099084, 0.1041141548, 0.0852419528, 3092.1507, 2947.8630, 762.9750, 17.8071
2025-12-01 21:32:32, 0.0376702238, 0.0338972624, 0.1090149599, 0.0876410864, 2829.1912, 2718.3529, 766.9000, 18.8499
2025-12-01 21:32:38, 0.0646279601, 0.0713756864, 0.0889564347, 0.1143435483, 2682.4426, 2624.4098, 769.2650, 20.0366
2025-12-01 21:32:44, 0.0688813738, 0.0629501871, 0.1422058339, 0.0922039014, 2747.5098, 2688.7843, 764.0600, 15.9711
2025-12-01 21:32:50, 0.0492985891, 0.0502021118, 0.1329767113, 0.1294571116, 2847.6094, 2745.6562, 763.8800, 17.4489
2025-12-01 21:32:56, 0.0591701601, 0.0631906167, 0.1287942416, 0.1251140694, 2644.1692, 2592.2462, 766.0650, 20.2248
2025-12-01 21:33:01, 0.1021964034, 0.0822993080, 0.1121810302, 0.1139638521, 2881.2453, 2856.0566, 762.2750, 16.3618
2025-12-01 21:33:07, 0.0887058627, 0.0739455139, 0.1300407933, 0.1410229510, 2970.9388, 2950.2041, 763.2700, 18.1259
2025-12-01 21:33:13, 0.0543921458, 0.0649989612, 0.1505214641, 0.1292486566, 2999.5714, 2901.8889, 759.6000, 19.4962
2025-12-01 21:33:19, 0.1039919767, 0.1062895019, 0.1131914546, 0.1008921720, 2807.2963, 2774.9074, 763.6700, 18.6363
2025-12-01 21:33:24, 0.0558016463, 0.0431393394, 0.1678148194, 0.1610941629, 2683.1475, 2653.7705, 765.1300, 18.8126
2025-12-01 21:33:31, 0.0705465977, 0.0849003905, 0.1161453173, 0.1392732660, 2457.7241, 2495.1552, 762.9700, 18.8263
2025-12-01 21:33:37, 0.0835399233, 0.0947679499, 0.1251826595, 0.1187261017, 2776.1957, 2772.4783, 767.3500, 18.2521
2025-12-01 21:33:42, 0.0717646857, 0.0729727778, 0.1667844608, 0.1628020370, 2571.6250, 2457.1250, 765.0200, 20.6705
2025-12-01 21:33:48, 0.1196743124, 0.0977679734, 0.1231288926, 0.1087444014, 2709.5294, 2749.1961, 758.7850, 18.3695
2025-12-01 21:33:54, 0.0417236316, 0.0386132215, 0.1402511867, 0.1271460204, 2860.5758, 2881.5909, 764.2050, 17.9286
2025-12-01 21:34:00, 0.0345114723, 0.0341340613, 0.1143794142, 0.1086929778, 2667.1918, 2700.0548, 760.8650, 19.5284
2025-12-01 21:34:05, 0.0402410173, 0.0456768367, 0.1566608250, 0.1220432690, 2785.0588, 2649.6765, 761.0250, 19.4814
2025-12-01 21:34:11, 0.0488025014, 0.0423660719, 0.1257011331, 0.1057051735, 3054.2639, 2900.2222, 759.6700, 18.7817
2025-12-01 21:34:17, 0.0321184971, 0.0289794524, 0.0996384100, 0.0918895767, 2800.0690, 2743.6379, 762.0950, 17.4990
2025-12-01 21:34:23, 0.0496252804, 0.0534565634, 0.1470859690, 0.1239969369, 2803.9412, 2739.7059, 761.3200, 19.5953
2025-12-01 21:34:28, 0.0469696971, 0.0392803703, 0.0819201118, 0.0868288836, 2565.2317, 2511.4878, 759.1350, 20.2891
2025-12-01 21:34:34, 0.0553564997, 0.0513033006, 0.1514320877, 0.1497459011, 2897.3729, 2863.6780, 762.1850, 18.9043
2025-12-01 21:34:40, 0.0760635950, 0.0686498632, 0.1172325982, 0.1228798033, 2763.0952, 2734.9365, 763.5300, 16.7493
2025-12-01 21:34:46, 0.0547537581, 0.0610009989, 0.1474650370, 0.1492480639, 3043.8136, 3007.1356, 763.0950, 18.7773
2025-12-01 21:34:51, 0.0563473009, 0.0643463018, 0.1081903416, 0.1062414648, 2814.5455, 2682.0000, 760.6000, 18.4204
2025-12-01 21:34:57, 0.0405978036, 0.0439621182, 0.1226555938, 0.1111908163, 2770.6613, 2761.7742, 763.8400, 17.0928
2025-12-01 21:35:03, 0.0462827028, 0.0425781399, 0.1032392936, 0.0829588231, 2628.0411, 2474.5753, 762.0550, 17.1643
2025-12-01 21:35:09, 0.0929076822, 0.0738191559, 0.0852392262, 0.0783935057, 2848.7869, 2749.7377, 760.0100, 17.6621
2025-12-01 21:35:14, 0.0435415364, 0.0489213284, 0.1023581655, 0.0942063093, 2867.5672, 2745.2537, 765.0850, 17.4364
2025-12-01 21:35:20, 0.0983963945, 0.0868073424, 0.1040020672, 0.1288247717, 2975.3400, 2906.4800, 764.5600, 19.8042
2025-12-01 21:35:26, 0.0644443607, 0.0774925663, 0.1115696643, 0.1089060714, 2814.3043, 2817.1957, 756.9500, 18.5388
2025-12-01 21:35:31, 0.0678394089, 0.0827013972, 0.0871840791, 0.0721918530, 2750.3103, 2634.5172, 756.5100, 17.4620
2025-12-01 21:35:38, 0.1177436744, 0.1190117363, 0.1862178432, 0.1582239338, 2641.0556, 2682.5741, 759.9850, 17.1156
2025-12-01 21:35:44, 0.0838518078, 0.1068492630, 0.0937914335, 0.0990160719, 2606.0000, 2622.9200, 763.9250, 18.4846
2025-12-01 21:35:49, 0.0417001424, 0.0399319006, 0.1294907391, 0.1266995597, 2825.7313, 2729.6866, 763.4300, 18.9297
2025-12-01 21:35:55, 0.0535119844, 0.0420801704, 0.1125782853, 0.1015451324, 2685.6286, 2586.2857, 765.7150, 19.8707
2025-12-01 21:36:01, 0.0531131847, 0.0507135649, 0.1553223984, 0.1431286445, 2808.8644, 2706.3390, 763.5050, 18.1075
2025-12-01 21:36:06, 0.0810924154, 0.0809255221, 0.1091174108, 0.1129602487, 2715.7903, 2666.4032, 761.4450, 17.2988
2025-12-01 21:36:13, 0.1152859226, 0.1072621760, 0.1249928333, 0.1128755392, 2626.5424, 2613.3220, 759.0050, 18.5676
2025-12-01 21:36:18, 0.1218751186, 0.1215602614, 0.1056416880, 0.1075753692, 3004.3148, 2978.5185, 761.5350, 19.6507
2025-12-01 21:36:24, 0.0799997974, 0.0665786251, 0.1642706327, 0.1669910274, 2658.1270, 2646.4921, 761.7850, 19.2021
2025-12-01 21:36:30, 0.1412464466, 0.1129676521, 0.1122111377, 0.0945805645, 2862.3191, 2847.9574, 760.8500, 17.0586
2025-12-01 21:36:36, 0.0988592151, 0.1353909116, 0.2077889298, 0.1886181030, 3014.0517, 2866.8966, 763.0200, 19.5614
2025-12-01 21:36:41, 0.1353443492, 0.1058709149, 0.1239041243, 0.1403957112, 2635.8103, 2641.6552, 762.4450, 19.0826
2025-12-01 21:36:48, 0.0780304660, 0.0678079355, 0.1706468534, 0.1574047899, 2871.0678, 2810.1186, 762.6350, 17.2882
2025-12-01 21:36:53, 0.1192717817, 0.1118140413, 0.1352412580, 0.1040996481, 2816.0492, 2781.5738, 763.2350, 19.3210
2025-12-01 21:36:59, 0.1220562661, 0.0951079820, 0.1090395081, 0.1035263415, 2404.4400, 2456.9200, 761.5400, 17.7820
2025-12-01 21:37:05, 0.0774163078, 0.0812883691, 0.1684000382, 0.1407659685, 2983.2353, 2946.6863, 761.3650, 21.1372
2025-12-01 21:37:11, 0.1383628525, 0.0976655887, 0.1372997435, 0.1265809328, 2955.6000, 2856.4667, 763.6600, 17.4420
2025-12-01 21:37:16, 0.1266259161, 0.0844111552, 0.1299414240, 0.1063271678, 2605.2708, 2585.1667, 764.5550, 17.4891
2025-12-01 21:37:22, 0.0258374553, 0.0268659850, 0.1429100998, 0.1406967539, 2911.0500, 2795.5125, 766.1950, 18.0927
2025-12-01 21:37:28, 0.0352122655, 0.0328719588, 0.1330355891, 0.1559078708, 2823.4355, 2900.8871, 767.5300, 18.9394
2025-12-01 21:37:33, 0.0324876629, 0.0437273752, 0.1758254781, 0.1441956126, 2681.9710, 2623.0870, 768.1650, 19.1366
2025-12-01 21:37:39, 0.0568913651, 0.0556967440, 0.1401597491, 0.1313089182, 2734.5484, 2822.6774, 765.2500, 18.8976
2025-12-01 21:37:45, 0.0527143679, 0.0578846260, 0.1413419969, 0.0939387543, 2412.0980, 2327.6275, 770.3500, 17.0311
2025-12-01 21:37:51, 0.0924283231, 0.0786740537, 0.1046942771, 0.0984434893, 2583.8500, 2613.8667, 766.3650, 18.9605
2025-12-01 21:37:56, 0.0611995517, 0.0510788998, 0.1299974089, 0.1633069134, 2879.1111, 2974.1481, 765.5400, 18.4268
2025-12-01 21:38:02, 0.0600604417, 0.0683927492, 0.1107628163, 0.1203366215, 2821.6119, 2818.4627, 767.5100, 17.2160
2025-12-01 21:38:08, 0.0739365575, 0.0688979857, 0.1014371452, 0.0848494164, 2765.9298, 2699.5439, 769.6950, 16.9320
2025-12-01 21:38:13, 0.0420293393, 0.0701318138, 0.0994802514, 0.1188984073, 2890.2830, 2829.7925, 765.9250, 17.6187
2025-12-01 21:38:20, 0.0408802983, 0.0429033649, 0.2383842819, 0.1596398136, 2723.8571, 2610.3929, 764.9800, 17.3049
2025-12-01 21:38:25, 0.0413284029, 0.0360653585, 0.1602675779, 0.1424986308, 2875.5000, 2761.8710, 766.7400, 18.6181
2025-12-01 21:38:31, 0.0361384804, 0.0404017537, 0.1449802893, 0.1893255943, 2761.8387, 2814.1129, 767.9750, 17.8660
2025-12-01 21:38:37, 0.0335160499, 0.0347075877, 0.2088170949, 0.1442820677, 2712.2778, 2579.3472, 764.1350, 18.0263
2025-12-01 21:38:43, 0.0321996212, 0.0299164376, 0.0845552624, 0.0861309061, 2543.1429, 2444.5397, 765.7700, 17.8456
2025-12-01 21:38:48, 0.0698448685, 0.0784770275, 0.1147936477, 0.0830256391, 2587.8448, 2453.3103, 766.3400, 16.9804
2025-12-01 21:38:54, 0.0469433920, 0.0427418307, 0.1970411665, 0.1500448838, 2781.4286, 2660.6964, 761.6900, 18.3871
2025-12-01 21:39:00, 0.0555867424, 0.0682307039, 0.0947967722, 0.0588052785, 2671.5714, 2571.3571, 763.5000, 18.2206
2025-12-01 21:39:06, 0.1236805029, 0.1046643278, 0.1483768200, 0.1164764919, 2765.7037, 2822.4444, 766.3550, 19.6354
2025-12-01 21:39:12, 0.0699216939, 0.0656991481, 0.0728879749, 0.0984374644, 2602.5435, 2597.5435, 761.6550, 18.5104
2025-12-01 21:39:17, 0.0838421625, 0.0895445753, 0.1217627867, 0.1308762122, 3036.0500, 2942.4000, 763.3950, 17.7972
2025-12-01 21:39:23, 0.0866319065, 0.1024328841, 0.1181741034, 0.1107857801, 2893.5714, 2814.9107, 766.6250, 18.0976
2025-12-01 21:39:29, 0.1180260207, 0.0981908916, 0.1432177475, 0.1185379181, 3049.4528, 2933.4151, 764.4900, 17.6145
2025-12-01 21:39:35, 0.0377627350, 0.0461788450, 0.1545938970, 0.1206984551, 2930.4474, 2836.4737, 761.3400, 17.8453
2025-12-01 21:39:41, 0.0563444321, 0.0537984602, 0.2020217522, 0.1442701228, 2741.5902, 2613.3279, 763.4250, 16.6911
2025-12-01 21:39:46, 0.0700620438, 0.0645266540, 0.1242356252, 0.1270519443, 2732.1864, 2783.5254, 758.3850, 19.0889
2025-12-01 21:39:52, 0.0914525318, 0.0877995552, 0.0992776885, 0.1138598707, 2676.0465, 2838.4186, 762.3600, 17.8446
2025-12-01 21:39:58, 0.0769706966, 0.0597860572, 0.1815472781, 0.1108351348, 2735.3387, 2783.9032, 759.8350, 17.8734
2025-12-01 21:40:04, 0.1004822275, 0.0844384087, 0.1437320331, 0.1544192482, 2734.3833, 2728.0167, 764.4250, 19.1639
2025-12-01 21:40:10, 0.1047118963, 0.0800898177, 0.1489521514, 0.1617349924, 2844.7170, 2897.0755, 765.7850, 19.1350
2025-12-01 21:40:16, 0.0527142078, 0.0561377920, 0.1709619200, 0.1742444839, 3038.6957, 2992.3043, 764.5400, 17.3798
2025-12-01 21:40:21, 0.0738530989, 0.0752567382, 0.0941341920, 0.1272611735, 2618.5500, 2654.6667, 760.9350, 17.7198
2025-12-01 21:40:27, 0.0703472394, 0.0819947220, 0.0910786619, 0.0762759788, 2461.7321, 2455.1786, 763.6200, 15.8514
2025-12-01 21:40:33, 0.1062076008, 0.0812250314, 0.1210754861, 0.0992549698, 2545.3818, 2570.5273, 761.6600, 17.0145
2025-12-01 21:40:39, 0.0864275130, 0.0894059555, 0.1313098318, 0.1376890875, 2866.8955, 2858.6119, 760.4900, 17.8930
2025-12-01 21:40:45, 0.0662730601, 0.0717570364, 0.0985923513, 0.0735677061, 2651.0984, 2642.3443, 761.1150, 16.9786
2025-12-01 21:40:50, 0.1194825229, 0.1296199913, 0.0785172856, 0.0888709280, 3036.5682, 2938.6136, 761.5550, 17.8168
2025-12-01 21:40:56, 0.0508236672, 0.0715957436, 0.0711467492, 0.0922682166, 2761.1034, 2728.2069, 760.1300, 19.2347
2025-12-01 21:41:02, 0.0638788919, 0.0731695876, 0.1021311346, 0.0789364313, 2715.5161, 2689.2258, 760.1800, 18.4913
2025-12-01 21:41:07, 0.0717526581, 0.0964945179, 0.0871040821, 0.0892486954, 3089.2449, 2994.3469, 762.1800, 18.6072
2025-12-01 21:41:13, 0.1093831470, 0.1094421253, 0.1312514432, 0.1380297203, 2857.0192, 2850.6154, 762.2600, 16.4336
2025-12-01 21:41:19, 0.0764812938, 0.0570448892, 0.1061255506, 0.1445955857, 2433.7018, 2461.3333, 759.4400, 18.3425
2025-12-01 21:41:25, 0.0553643397, 0.0532616583, 0.1039946019, 0.0697436456, 2786.5088, 2787.3333, 762.7750, 16.5492
2025-12-01 21:41:31, 0.0525141518, 0.0436214237, 0.0868434039, 0.0983158235, 2602.1000, 2614.0667, 761.8000, 17.1023
2025-12-01 21:41:36, 0.0742772757, 0.0636178024, 0.1321687972, 0.1333885288, 2909.6071, 2963.3750, 759.1750, 17.3206
2025-12-01 21:41:42, 0.0630376205, 0.0479746045, 0.1632910378, 0.1574273013, 2709.2361, 2662.6389, 759.2900, 19.0975
2025-12-01 21:41:48, 0.0825180741, 0.0757395356, 0.1009348306, 0.1067198668, 2920.5484, 2882.1774, 759.8700, 18.5001
2025-12-01 21:41:54, 0.0473313539, 0.0419759271, 0.1309040401, 0.1053505972, 2673.9545, 2563.2424, 757.4000, 17.5054
2025-12-01 21:41:59, 0.0830281228, 0.0726370836, 0.0883896171, 0.0990962264, 2756.9107, 2741.8929, 757.9400, 17.5430
2025-12-01 21:42:05, 0.0629959042, 0.0587350317, 0.1342377242, 0.1493741132, 2636.1017, 2667.8814, 758.9750, 18.5296
2025-12-01 21:42:11, 0.0632249910, 0.0660615797, 0.1287184206, 0.0904967667, 2853.9630, 2788.8889, 760.3450, 18.1347
2025-12-01 21:42:16, 0.0930642061, 0.0702492679, 0.0730963724, 0.0677790712, 2774.9474, 2724.7895, 757.9650, 19.3433
2025-12-01 21:42:22, 0.0880323282, 0.0743900784, 0.1596232707, 0.1208872495, 2480.9818, 2478.1273, 757.4450, 16.2796
2025-12-01 21:42:28, 0.0677206979, 0.0637880255, 0.1190787275, 0.1034613453, 2576.6667, 2633.5098, 757.1500, 16.7791
2025-12-01 21:42:34, 0.0429970380, 0.0466771752, 0.1044109327, 0.0976213633, 2740.5200, 2720.4133, 758.5600, 17.3844
2025-12-01 21:42:39, 0.0709019121, 0.0622602145, 0.1157397786, 0.0898689202, 2750.0441, 2639.7500, 756.5500, 18.5202
2025-12-01 21:42:45, 0.0481858977, 0.0534500410, 0.1631383022, 0.1643390924, 2790.5652, 2851.6522, 759.4600, 20.5358
2025-12-01 21:42:51, 0.0515928903, 0.0328454814, 0.1006664286, 0.0990848166, 2809.0735, 2738.7059, 759.7150, 17.5381
2025-12-01 21:42:57, 0.0916258250, 0.1029686540, 0.0751070127, 0.0656668939, 2753.6167, 2824.0667, 758.4200, 18.2618
2025-12-01 21:43:03, 0.0867224069, 0.0724768023, 0.0915001040, 0.0999727984, 2659.7021, 2706.0638, 759.0250, 18.4284
2025-12-01 21:43:09, 0.0382613465, 0.0449068503, 0.0701050600, 0.0659618369, 2957.0000, 2809.9853, 763.9150, 19.3307
2025-12-01 21:43:15, 0.0356298483, 0.0372575605, 0.0854845794, 0.0654531134, 2793.5405, 2703.5676, 764.1650, 20.5440
2025-12-01 21:43:20, 0.0365362536, 0.0367048026, 0.0643632808, 0.0619510234, 2664.4079, 2370.3816, 761.1900, 18.1688
2025-12-01 21:43:27, 0.0536510187, 0.0532140524, 0.0763235540, 0.0739752104, 2736.9429, 2618.8429, 757.5100, 19.7679
2025-12-01 21:43:32, 0.0547571780, 0.0554514226, 0.0626048541, 0.0683999911, 2669.8154, 2622.7231, 765.1400, 19.1674
2025-12-01 21:43:38, 0.0295465771, 0.0235582120, 0.1017999558, 0.0712089332, 2887.5514, 2555.6542, 764.4400, 18.5018
2025-12-01 21:43:44, 0.0585620589, 0.0602126378, 0.0934193339, 0.0672595044, 2803.4231, 2674.3590, 762.9450, 17.8517
2025-12-01 21:43:50, 0.0821820249, 0.0763305479, 0.0887458614, 0.0803991947, 2824.4091, 2723.2879, 765.5550, 19.9934
2025-12-01 21:43:56, 0.0752992447, 0.1020133481, 0.1035808586, 0.0922126483, 2840.6452, 2743.6774, 764.3350, 18.2297
2025-12-01 21:44:01, 0.0625922272, 0.0722788379, 0.0805963723, 0.0537819062, 2677.8966, 2588.6552, 762.7650, 18.9515
2025-12-01 21:44:07, 0.0830639646, 0.0987666356, 0.1147288106, 0.0957899187, 2828.1159, 2806.3188, 762.7850, 18.2233
2025-12-01 21:44:13, 0.0779533241, 0.0677559656, 0.0831232586, 0.0599721307, 2942.8387, 2842.8387, 762.6350, 18.6792
2025-12-01 21:44:18, 0.0967550752, 0.1110039169, 0.0633242141, 0.0597842046, 2957.6607, 2795.1429, 762.3200, 19.1222
2025-12-01 21:44:24, 0.0328683195, 0.0358246299, 0.1030708865, 0.1036214109, 2694.9103, 2665.5256, 765.0650, 19.4921
2025-12-01 21:44:30, 0.0309647608, 0.0316337482, 0.1125654550, 0.1092432129, 2763.0349, 2690.1977, 761.1700, 17.8544
2025-12-01 21:44:35, 0.0337208371, 0.0336057935, 0.1723684608, 0.1275102875, 2772.5294, 2794.8971, 763.8100, 18.5320
2025-12-01 21:44:42, 0.0417044685, 0.0518933118, 0.1077726706, 0.0893487996, 2688.1311, 2689.6885, 765.2450, 18.7057
2025-12-01 21:44:47, 0.0735866811, 0.0526277925, 0.0740375586, 0.0644705608, 2618.5769, 2567.2500, 764.9650, 18.6068
2025-12-01 21:44:53, 0.0683373627, 0.0677700247, 0.0880761310, 0.0815955004, 2711.9048, 2644.5397, 764.7250, 18.6748
2025-12-01 21:44:59, 0.0750094253, 0.0701446111, 0.1237289213, 0.1218790749, 2656.4222, 2645.8222, 761.6350, 17.7401
2025-12-01 21:45:04, 0.0483383807, 0.0551488227, 0.1138530664, 0.1046445801, 2771.4694, 2880.5510, 758.1100, 17.9226
2025-12-01 21:45:10, 0.0808373733, 0.1066829471, 0.1805805535, 0.1325356064, 2863.7500, 2896.6731, 764.8600, 20.0095
2025-12-01 21:45:16, 0.0732005619, 0.0807249950, 0.0750056821, 0.0948949990, 2634.8727, 2716.7818, 764.4200, 17.5904
2025-12-01 21:45:22, 0.1460510836, 0.1039232213, 0.0862210890, 0.0631729765, 3011.0484, 3025.0323, 764.5600, 19.4478
2025-12-01 21:45:27, 0.0541864128, 0.0485124296, 0.0761988309, 0.0608864811, 2763.7465, 2611.6479, 765.2950, 18.2214
2025-12-01 21:45:33, 0.0981870055, 0.1288380055, 0.0880048187, 0.0785260109, 2906.5400, 2944.6800, 765.7050, 18.6579
2025-12-01 21:45:39, 0.0944183131, 0.1011144895, 0.1027987923, 0.0921155224, 2760.3220, 2756.5254, 764.1800, 16.8937
2025-12-01 21:45:45, 0.0451676112, 0.0369853590, 0.0934385313, 0.1011854538, 2839.4658, 2625.8082, 763.8800, 17.0882
2025-12-01 21:45:50, 0.0408604808, 0.0337115912, 0.0759947081, 0.0750407618, 2744.5147, 2611.1765, 763.4300, 18.0312
2025-12-01 21:45:56, 0.0676165954, 0.0771920943, 0.0905188545, 0.0982606306, 2747.4444, 2627.2778, 766.1000, 19.3538
2025-12-01 21:46:02, 0.1244884612, 0.1007988948, 0.1230702817, 0.1049573790, 2798.5846, 2678.8769, 764.3350, 17.3350
2025-12-01 21:46:08, 0.0677293745, 0.0613828693, 0.0994091942, 0.0785117887, 2811.8286, 2771.2429, 762.1650, 18.1262
2025-12-01 21:46:13, 0.0839086115, 0.0677446342, 0.0767739396, 0.0693741608, 2803.4795, 2736.8630, 764.3750, 18.0423
2025-12-01 21:46:20, 0.0483884927, 0.0446322171, 0.0829306250, 0.0616299234, 3049.2833, 2722.2167, 764.1400, 19.1896
2025-12-01 21:46:25, 0.0525314473, 0.0538392099, 0.0476593881, 0.0571635692, 2629.7324, 2633.8169, 768.5250, 18.4756
2025-12-01 21:46:32, 0.0431216580, 0.0365749014, 0.0733720160, 0.0580471581, 2976.6479, 2917.6761, 763.5650, 17.7301
2025-12-01 21:46:37, 0.0383790395, 0.0382498128, 0.0725770337, 0.0720987552, 2780.2469, 2659.3086, 760.4500, 18.1074
2025-12-01 21:46:43, 0.0617697671, 0.0701658265, 0.0655261604, 0.0783909919, 2761.7246, 2813.3768, 765.9800, 17.0250
2025-12-01 21:46:49, 0.0492811872, 0.0574534732, 0.0631662382, 0.0653294004, 2846.2361, 2843.4028, 761.0700, 18.4387
2025-12-01 21:46:55, 0.0390418467, 0.0487616945, 0.0902957472, 0.0691795812, 2858.3396, 2727.0943, 763.7050, 18.9031
2025-12-01 21:47:01, 0.0633361081, 0.0643621186, 0.1363375025, 0.1172110172, 2799.7123, 2721.6849, 758.7850, 19.4930
2025-12-01 21:47:06, 0.0507998730, 0.0645046530, 0.0778814040, 0.0644569272, 2823.8333, 2767.0606, 761.4250, 18.5552
2025-12-01 21:47:12, 0.0775567006, 0.0884042754, 0.1094526250, 0.0811647430, 2784.8644, 2726.2881, 758.3500, 17.7355
2025-12-01 21:47:18, 0.0681758309, 0.0506107079, 0.0795226414, 0.0621069376, 2880.1579, 2770.3289, 757.5300, 16.6075
2025-12-01 21:47:24, 0.0642928043, 0.0661249404, 0.1092735160, 0.0736077123, 2939.0435, 2766.5652, 758.7250, 18.1063
2025-12-01 21:47:29, 0.1388804499, 0.1413158140, 0.0714042382, 0.0650615513, 2942.9130, 2866.8261, 757.1350, 18.3280
2025-12-01 21:47:35, 0.0540082253, 0.0531417793, 0.0672363902, 0.0900408309, 2876.4310, 2776.2069, 758.5550, 19.2215
2025-12-01 21:47:41, 0.1174100087, 0.1130077688, 0.1017073728, 0.0799792446, 2597.5672, 2626.8806, 761.4300, 18.2207
2025-12-01 21:47:46, 0.0839465875, 0.0754274796, 0.0847959606, 0.0531456427, 2729.3148, 2622.7407, 759.1100, 17.6601
2025-12-01 21:47:52, 0.1359044114, 0.0986401483, 0.0916370553, 0.0974790033, 2769.9104, 2714.3134, 756.7750, 18.7578
2025-12-01 21:47:58, 0.1150726465, 0.1101703580, 0.2503157398, 0.1899917311, 3120.3333, 2996.4444, 759.5450, 17.5099
2025-12-01 21:48:04, 0.0479251772, 0.0396061429, 0.1125036239, 0.0942356729, 2905.4833, 2852.2667, 757.6450, 17.5191
2025-12-01 21:48:09, 0.0319257012, 0.0272989482, 0.0852636960, 0.1007160791, 2673.5000, 2628.3971, 758.6500, 18.8191
2025-12-01 21:48:15, 0.0562209289, 0.0595328588, 0.1112980300, 0.0825352527, 2761.4906, 2727.7547, 759.8300, 17.9753
2025-12-01 21:48:21, 0.0323288859, 0.0245457654, 0.0940059235, 0.0783211456, 2759.1343, 2646.6716, 760.8700, 19.0592
2025-12-01 21:48:27, 0.0281174736, 0.0311280882, 0.0929231875, 0.1057393603, 2723.5647, 2563.2588, 759.5900, 18.9421
2025-12-01 21:48:33, 0.0285752089, 0.0235251191, 0.0875116965, 0.0772870305, 2517.9231, 2515.8718, 763.0150, 18.4974
2025-12-01 21:48:38, 0.0435787950, 0.0421374985, 0.0869046680, 0.0590122388, 2656.1053, 2625.8772, 761.6050, 18.2378
2025-12-01 21:48:44, 0.0543103823, 0.0560869422, 0.1304102250, 0.1197000465, 2834.6066, 2733.5738, 758.8900, 17.9724
2025-12-01 21:48:50, 0.0423014918, 0.0346047493, 0.0973682306, 0.0974223305, 2787.3143, 2773.4429, 760.4400, 19.9097
2025-12-01 21:48:56, 0.0232637475, 0.0159286309, 0.0994377592, 0.0878155007, 2771.0417, 2661.1806, 766.2950, 19.8012
2025-12-01 21:49:02, 0.0250055495, 0.0295861564, 0.1022236190, 0.1387755667, 2652.0000, 2573.4375, 764.8000, 19.8172
2025-12-01 21:49:07, 0.0448680667, 0.0458339286, 0.0777215584, 0.0562910993, 2916.3281, 2881.3906, 765.9800, 19.2588
2025-12-01 21:49:13, 0.0496212466, 0.0424475887, 0.0752773611, 0.0812285338, 2756.6719, 2661.5000, 764.6300, 17.9405
2025-12-01 21:49:19, 0.0416822717, 0.0450027198, 0.1038109174, 0.0882992475, 2855.1642, 2766.0597, 765.2850, 17.8514
2025-12-01 21:49:25, 0.0259238513, 0.0306189370, 0.1310818581, 0.1157385299, 2809.7164, 2652.5224, 767.9350, 16.7144
2025-12-01 21:49:31, 0.0465697806, 0.0356768173, 0.1554109379, 0.1328243726, 2856.4722, 2758.2778, 765.0000, 17.0558
2025-12-01 21:49:36, 0.0621211015, 0.0458771714, 0.0726302801, 0.0714270670, 2724.1667, 2714.6667, 760.0600, 20.2548
2025-12-01 21:49:42, 0.0648249483, 0.0673620503, 0.0671235280, 0.0665490141, 2795.7879, 2686.8788, 770.1250, 17.8306
2025-12-01 21:49:48, 0.0253107693, 0.0254596573, 0.0931641555, 0.0841475187, 2793.7174, 2709.7826, 770.3100, 19.3493
2025-12-01 21:49:53, 0.0243753727, 0.0202088663, 0.0748858663, 0.0627358980, 2708.6289, 2594.8144, 767.1800, 16.1055
2025-12-01 21:49:59, 0.0765233371, 0.0791738965, 0.0984165976, 0.1135970999, 2651.0847, 2695.0000, 770.1400, 20.3922
2025-12-01 21:50:05, 0.1074709573, 0.1068286937, 0.1042169836, 0.0887714033, 2879.2581, 2857.1774, 771.7300, 19.2916
2025-12-01 21:50:11, 0.0725840995, 0.0881566208, 0.0943287725, 0.0708676733, 3024.9857, 2921.9143, 770.4000, 18.4827
2025-12-01 21:50:17, 0.1012857555, 0.1066922738, 0.0920276176, 0.0808677395, 2771.5846, 2770.8308, 770.5950, 17.9006
2025-12-01 21:50:22, 0.1157408824, 0.0978274530, 0.0885082769, 0.0743868987, 2673.9216, 2555.1765, 770.0050, 20.0096
2025-12-01 21:50:28, 0.1190940205, 0.1343102073, 0.0654828638, 0.0702402164, 2963.8393, 3005.8214, 765.7000, 17.8964
2025-12-01 21:50:34, 0.0751102296, 0.0715250374, 0.1136472088, 0.0907753771, 2600.1333, 2537.0267, 764.2450, 17.9108
2025-12-01 21:50:40, 0.1073017417, 0.1082371291, 0.0809427919, 0.0681251432, 2656.9841, 2618.0635, 768.7950, 18.8513
2025-12-01 21:50:45, 0.1448702722, 0.1213127992, 0.1138533850, 0.0945231519, 2768.6949, 2777.4576, 766.4950, 17.6910
2025-12-01 21:50:51, 0.1334446586, 0.1633046358, 0.0910448412, 0.0743678820, 2740.5211, 2760.3239, 767.8050, 20.3418
2025-12-01 21:50:57, 0.0953617223, 0.1169299051, 0.0674561963, 0.0735194320, 2722.6087, 2750.2826, 767.2100, 21.1357
2025-12-01 21:51:03, 0.1543418364, 0.1313150702, 0.1620263050, 0.1163030471, 2915.7500, 2807.0208, 771.7300, 19.2877
2025-12-01 21:51:08, 0.1803426836, 0.1624202760, 0.0666909185, 0.0632581126, 2620.3247, 2642.7922, 767.9200, 17.2642
2025-12-01 21:51:14, 0.2253730397, 0.2044223182, 0.1038919880, 0.1083250798, 2841.9400, 2878.1800, 767.8900, 20.0059
2025-12-01 21:51:20, 0.2118570136, 0.1705401708, 0.1292065377, 0.1135092025, 2649.3519, 2669.7778, 767.6150, 20.3840
2025-12-01 21:51:25, 0.2166080876, 0.1900814750, 0.1060115406, 0.0968205929, 3115.4035, 3145.7193, 771.6100, 18.8058
2025-12-01 21:51:31, 0.2305271714, 0.2075120959, 0.0683982929, 0.0615715003, 2918.5185, 2903.1296, 764.5750, 17.9723
2025-12-01 21:51:37, 0.0859942170, 0.0741501772, 0.1022381346, 0.1006375265, 2744.0351, 2775.7018, 765.0950, 18.9983
2025-12-01 21:51:42, 0.0406222107, 0.0404422828, 0.0729128195, 0.0672662792, 2758.2676, 2633.4225, 771.6500, 21.5765
2025-12-01 21:51:48, 0.0373073983, 0.0296832158, 0.0949850122, 0.0916217631, 2840.2625, 2641.1000, 763.7100, 16.4598
2025-12-01 21:51:54, 0.0455878172, 0.0531577650, 0.1114875713, 0.1106690100, 2564.5000, 2515.9571, 766.7050, 16.8866
2025-12-01 21:52:00, 0.0456383154, 0.0487784551, 0.1005461551, 0.0854098968, 2712.1970, 2614.7424, 765.8100, 18.5044
2025-12-01 21:52:06, 0.0486683233, 0.0665163246, 0.1032731944, 0.0676679894, 2749.0000, 2749.1667, 764.9350, 17.6732
2025-12-01 21:52:11, 0.0580286294, 0.0397281755, 0.1161853579, 0.0865074464, 2705.7857, 2590.7857, 765.5200, 18.7088
2025-12-01 21:52:17, 0.0206305694, 0.0201773740, 0.0876205734, 0.1104565910, 2617.9022, 2458.5000, 766.4900, 19.0533
2025-12-01 21:52:23, 0.0487695327, 0.0450354863, 0.1458347355, 0.1086508344, 2642.7887, 2698.9577, 767.2250, 17.9163
2025-12-01 21:52:29, 0.0550453144, 0.0839271801, 0.0975675573, 0.1085195904, 2748.3958, 2660.7083, 767.5450, 17.9108
2025-12-01 21:52:35, 0.0618799594, 0.0632859543, 0.1359751400, 0.1514634274, 2769.8367, 2842.5714, 768.0450, 19.7148
2025-12-01 21:52:40, 0.1016863387, 0.0910588756, 0.1090187956, 0.1249869038, 2637.6731, 2651.4231, 764.8050, 18.1925
2025-12-01 21:52:46, 0.0739120866, 0.0692244569, 0.1277506444, 0.1190953511, 2628.8214, 2617.6071, 765.3450, 18.6136
2025-12-01 21:52:52, 0.0415350349, 0.0341101510, 0.1609035368, 0.1629973424, 2774.4444, 2793.7407, 769.2350, 16.8169
2025-12-01 21:52:58, 0.0985131103, 0.0783235480, 0.1788795764, 0.2094381459, 2621.8269, 2631.4038, 766.3350, 17.1768
2025-12-01 21:53:04, 0.0727897420, 0.0670328283, 0.1545636374, 0.1492019034, 2626.2075, 2546.5660, 769.5150, 20.2282
2025-12-01 21:53:10, 0.0686083978, 0.0634710223, 0.1395800648, 0.1324135132, 2972.1692, 2888.8769, 768.3200, 19.2330
2025-12-01 21:53:15, 0.0361377544, 0.0377391093, 0.1307147497, 0.1343063821, 2606.2459, 2538.5574, 768.9350, 19.2811
2025-12-01 21:53:21, 0.0354965477, 0.0270432426, 0.1410670123, 0.1605716729, 2797.4688, 2718.7969, 771.6900, 17.7548
2025-12-01 21:53:27, 0.0348121462, 0.0459960400, 0.1169940604, 0.1140202426, 2750.9643, 2782.7679, 771.9050, 18.8988
2025-12-01 21:53:33, 0.0554428052, 0.0661540627, 0.1497477359, 0.1391797830, 2939.3182, 3018.2727, 763.4600, 17.7803
2025-12-01 21:53:39, 0.0649131021, 0.0593266525, 0.1177067054, 0.1237267561, 2963.2414, 2935.5000, 764.9350, 18.4943
2025-12-01 21:53:44, 0.0472293593, 0.0504121862, 0.1081667355, 0.0685851320, 2821.2292, 2703.6250, 762.6500, 20.9033
2025-12-01 21:53:50, 0.0245490443, 0.0225023844, 0.1041274925, 0.1116895447, 2880.3625, 2707.3000, 770.8250, 18.4042
2025-12-01 21:53:56, 0.0288935603, 0.0224203899, 0.1687599562, 0.1778436446, 2922.5538, 2794.3846, 763.1850, 16.8286
2025-12-01 21:54:01, 0.0635700353, 0.0714935591, 0.1035042007, 0.0683798091, 2655.5000, 2571.0694, 772.6450, 18.1182
2025-12-01 21:54:07, 0.0363484374, 0.0410588235, 0.1113062185, 0.0981881448, 2680.1406, 2563.2188, 762.2050, 17.6752
2025-12-01 21:54:13, 0.0524026247, 0.0885409643, 0.1720714941, 0.1371108191, 2704.7692, 2571.9846, 764.6850, 18.6031
2025-12-01 21:54:19, 0.0255476006, 0.0252653923, 0.1196078645, 0.1162661555, 2452.0000, 2369.6447, 764.6350, 19.0505
2025-12-01 21:54:24, 0.0550711794, 0.0428450890, 0.0863500852, 0.0724820598, 2667.5246, 2588.9508, 761.4150, 17.2076
2025-12-01 21:54:30, 0.0590253592, 0.0585645881, 0.1998278217, 0.1214350237, 2792.7447, 2631.1489, 763.0300, 17.5391
2025-12-01 21:54:36, 0.0431141601, 0.0496810474, 0.0841780410, 0.1169783595, 2742.0172, 2897.2241, 763.9950, 18.0218
2025-12-01 21:54:42, 0.0533622142, 0.0589626658, 0.1362650132, 0.1022589772, 2858.8750, 2822.7969, 763.7000, 18.0172
2025-12-01 21:54:48, 0.1023633375, 0.0788482393, 0.0664266922, 0.0906211675, 2584.8947, 2650.1930, 762.3050, 19.7292
2025-12-01 21:54:54, 0.0629930996, 0.0561566077, 0.1173248389, 0.0874410300, 2796.1515, 2786.0606, 761.5300, 18.3505
2025-12-01 21:55:00, 0.0716933819, 0.0927317729, 0.1572704870, 0.1585489625, 2738.9846, 2696.9385, 762.8600, 18.0679
2025-12-01 21:55:05, 0.0612897551, 0.0823021677, 0.1021062652, 0.0816820890, 2965.8868, 2829.8113, 759.4450, 18.1801
2025-12-01 21:55:11, 0.0744086354, 0.0831268875, 0.0928344468, 0.0789262155, 2631.4167, 2590.5333, 762.4550, 20.0860
2025-12-01 21:55:17, 0.0794152749, 0.0711017397, 0.0752851350, 0.0766531878, 2613.2059, 2690.1765, 761.2150, 18.8791
2025-12-01 21:55:22, 0.0696768906, 0.0841931169, 0.0814647603, 0.0770832785, 2675.5000, 2656.4821, 766.6050, 21.0834
2025-12-01 21:55:28, 0.1081593203, 0.0915807709, 0.1350496693, 0.1191899900, 2769.3600, 2741.5200, 765.5550, 18.9594
2025-12-01 21:55:34, 0.0796054833, 0.0954674434, 0.0923230997, 0.0884594107, 2656.3231, 2669.8000, 766.2550, 18.4182
2025-12-01 21:55:40, 0.0879527441, 0.1052056030, 0.1086287329, 0.0909847724, 2859.4154, 2874.5538, 768.3550, 19.5066
2025-12-01 21:55:45, 0.0859775510, 0.1034814191, 0.1076557824, 0.1093474048, 2826.6250, 2848.7500, 769.1800, 18.8740
2025-12-01 21:55:51, 0.0717368807, 0.0537327754, 0.1282138515, 0.1268468300, 2838.5294, 2778.0735, 760.5250, 18.5822
2025-12-01 21:55:57, 0.0910396575, 0.0672727502, 0.1141081443, 0.0961048024, 2593.3441, 2578.8710, 757.8250, 17.5532
2025-12-01 21:56:03, 0.0477730660, 0.0438886596, 0.1381214403, 0.1316673736, 2814.6462, 2730.1692, 767.7700, 17.9668
2025-12-01 21:56:08, 0.0679919723, 0.0535542933, 0.1197299065, 0.1063000081, 3009.7838, 3036.4595, 765.1150, 18.2489
2025-12-01 21:56:14, 0.0865017408, 0.0815675742, 0.1554146868, 0.1210405879, 2652.9149, 2665.8085, 763.5900, 20.1184
2025-12-01 21:56:20, 0.0692541741, 0.0645226192, 0.2801351378, 0.2325944975, 2448.5000, 2471.4483, 767.4750, 18.7323
2025-12-01 21:56:25, 0.0965638544, 0.1011276449, 0.1178320411, 0.1209226951, 2526.1833, 2608.9500, 767.3650, 21.9925
2025-12-01 21:56:31, 0.1149218726, 0.1138621495, 0.1415544022, 0.1480793341, 2738.8182, 2788.5303, 763.0550, 17.3825
2025-12-01 21:56:37, 0.0958905258, 0.1035350305, 0.1785034968, 0.1226932811, 2652.6744, 2673.3023, 762.0200, 18.3932
2025-12-01 21:56:43, 0.0492487972, 0.0533018486, 0.1507155299, 0.1518841785, 2745.7143, 2721.9107, 763.3000, 19.6601
2025-12-01 21:56:48, 0.0405054729, 0.0482279654, 0.1205777322, 0.1071195592, 2674.3929, 2869.9464, 761.3000, 17.2377
2025-12-01 21:56:54, 0.0894287610, 0.0820216204, 0.1457687425, 0.1276406551, 2738.7313, 2785.9104, 761.7100, 17.6677
2025-12-01 21:57:00, 0.0468991614, 0.0406831911, 0.1090441649, 0.1083811352, 2721.9667, 2758.5000, 758.9850, 18.2254
2025-12-01 21:57:05, 0.0566477459, 0.0588558357, 0.1745914289, 0.1580678676, 2920.1719, 2896.1406, 760.0850, 16.8949
2025-12-01 21:57:11, 0.0605967699, 0.0707824734, 0.0514715235, 0.0653306814, 2775.8864, 2733.1364, 757.2600, 16.6932
2025-12-01 21:57:17, 0.0175355369, 0.0233884273, 0.1442504880, 0.1598738384, 2569.4848, 2475.4848, 759.5500, 17.2409
2025-12-01 21:57:23, 0.0336390496, 0.0353180924, 0.1715395611, 0.1268451991, 2676.5341, 2590.1591, 763.1550, 20.1343
2025-12-01 21:57:29, 0.0328306120, 0.0409968497, 0.0970899485, 0.1052474561, 2827.7015, 2700.8657, 758.7300, 19.0719
2025-12-01 21:57:35, 0.0557098465, 0.0508986766, 0.0995898966, 0.1048501538, 2830.9821, 2781.0000, 759.4450, 18.7338
2025-12-01 21:57:40, 0.0397767091, 0.0562185176, 0.1295867998, 0.0944704368, 2689.6557, 2590.6885, 755.3100, 18.6162
2025-12-01 21:57:46, 0.0461317497, 0.0605317891, 0.1778008383, 0.1359471982, 2734.4815, 2692.8519, 756.2950, 18.2211
2025-12-01 21:57:52, 0.0376473691, 0.0388758627, 0.1166866315, 0.1208867220, 2574.8209, 2482.3284, 756.1650, 20.0109
2025-12-01 21:57:58, 0.0268661945, 0.0315751538, 0.1429212964, 0.1517948358, 2552.3088, 2443.3382, 754.8900, 16.8338
2025-12-01 21:58:04, 0.0486353552, 0.0400041719, 0.1113962637, 0.0810848268, 2542.7302, 2468.3175, 756.9200, 16.7965
2025-12-01 21:58:09, 0.0363560414, 0.0402172768, 0.1499780470, 0.1236474540, 2624.7742, 2535.8226, 756.4550, 17.8826
2025-12-01 21:58:15, 0.0400350320, 0.0352499727, 0.1127946572, 0.1149863318, 2627.2703, 2551.7703, 753.9250, 17.9424
2025-12-01 21:58:21, 0.0768742022, 0.0685293913, 0.1048515549, 0.1106720131, 2833.4203, 2888.3768, 759.2050, 17.2587
2025-12-01 21:58:27, 0.0487134430, 0.0646088652, 0.1344178377, 0.1162469887, 2764.8197, 2731.5902, 764.1500, 20.0678
2025-12-01 21:58:33, 0.0477552633, 0.0533410491, 0.0874902110, 0.0792351541, 2749.3137, 2739.1961, 759.1750, 18.3064
2025-12-01 21:58:38, 0.0640701844, 0.0752468512, 0.1472619139, 0.1312744493, 2886.8302, 2844.7547, 756.9400, 18.6370
2025-12-01 21:58:44, 0.0749610058, 0.0636579983, 0.0909256509, 0.1061894018, 2297.2292, 2389.0833, 755.5150, 18.2716
2025-12-01 21:58:50, 0.1074132550, 0.0847803628, 0.1000002702, 0.0754531674, 2847.5455, 2828.3455, 758.7650, 18.2932
2025-12-01 21:58:56, 0.0707964397, 0.0864024429, 0.1134681922, 0.1150561834, 2851.0800, 2838.6200, 761.2050, 18.2306
2025-12-01 21:59:01, 0.0662347070, 0.0606257340, 0.0905829221, 0.1052054574, 2518.1724, 2493.5172, 765.3850, 18.1963
2025-12-01 21:59:07, 0.0673096771, 0.0960988508, 0.1283621772, 0.2026792739, 2640.3929, 2815.6607, 763.4850, 18.2792
2025-12-01 21:59:13, 0.0683825763, 0.0759896450, 0.0951254705, 0.0938151386, 2791.1186, 2718.3898, 763.4800, 18.2332
2025-12-01 21:59:18, 0.0377957480, 0.0395848608, 0.0894278003, 0.1064220610, 2517.4918, 2542.1967, 761.3100, 20.5632
2025-12-01 21:59:24, 0.0628305402, 0.0774840362, 0.1729458410, 0.1376469652, 2697.3404, 2660.8723, 763.2850, 19.0860
2025-12-01 21:59:30, 0.0429510751, 0.0313706154, 0.1589918473, 0.1216017351, 2721.3036, 2591.4821, 762.1000, 18.9924
2025-12-01 21:59:36, 0.0506692253, 0.0578398084, 0.2244238543, 0.1787050314, 2604.1887, 2540.1321, 763.1200, 18.8363
2025-12-01 21:59:42, 0.0818800372, 0.0727499782, 0.1314239619, 0.1275207877, 2806.7931, 2860.7414, 759.3700, 18.0001
2025-12-01 21:59:47, 0.0573805835, 0.0609376420, 0.0887556896, 0.0942555441, 2664.3594, 2735.8281, 760.9750, 18.0664
2025-12-01 21:59:53, 0.0616699679, 0.0685978146, 0.0966111915, 0.0704257623, 2714.9688, 2663.6875, 758.5950, 18.7867
2025-12-01 21:59:59, 0.0759958391, 0.0744131640, 0.1282130047, 0.1443013159, 2659.6912, 2666.5882, 762.1750, 18.8845
2025-12-01 22:00:05, 0.1217813133, 0.1174266311, 0.1693871984, 0.0870607657, 2714.0816, 2635.4898, 760.4050, 20.0911
2025-12-01 22:00:10, 0.0835249415, 0.0807969892, 0.1263562944, 0.1153953140, 2738.1333, 2915.5333, 762.5450, 17.9515
2025-12-01 22:00:16, 0.0371383446, 0.0425380220, 0.1333555045, 0.1635385740, 2687.5672, 2590.1045, 762.0100, 18.0826
2025-12-01 22:00:22, 0.0729080809, 0.0773422048, 0.1313498189, 0.0906479652, 2704.5312, 2716.3594, 763.9400, 18.9527
2025-12-01 22:00:28, 0.1322598120, 0.1404977502, 0.1305273233, 0.1576338767, 2746.7872, 2855.7234, 762.1350, 17.7766
2025-12-01 22:00:33, 0.0534191492, 0.0690417894, 0.1138654039, 0.1398762939, 2754.0847, 2778.5085, 762.1250, 16.7526
2025-12-01 22:00:39, 0.0546248584, 0.0527272218, 0.1000090404, 0.1220191683, 2879.8571, 2988.6531, 760.9400, 19.1190
2025-12-01 22:00:45, 0.0484504543, 0.0524023858, 0.1229515469, 0.1310438934, 2771.0357, 2770.5000, 764.7400, 18.6854
2025-12-01 22:00:50, 0.0757288724, 0.0773839995, 0.1050294650, 0.1017895838, 2529.1026, 2473.3846, 764.4550, 17.7279
2025-12-01 22:00:56, 0.1127086127, 0.1121861946, 0.1436099025, 0.1055435692, 2871.1860, 2872.9302, 762.1000, 15.7264
2025-12-01 22:01:02, 0.0780052512, 0.0894580209, 0.0982757611, 0.0846427873, 2614.3333, 2632.4833, 764.8650, 17.8946
2025-12-01 22:01:08, 0.0521040402, 0.0718884158, 0.1433402278, 0.1348166508, 2684.4082, 2731.1429, 762.5400, 17.9309
2025-12-01 22:01:13, 0.0733133139, 0.0752773100, 0.2094138001, 0.1438633488, 2770.8298, 2742.7660, 761.3050, 17.1937
2025-12-01 22:01:19, 0.0871001563, 0.1093969048, 0.1165699842, 0.1266093648, 2760.2653, 2834.9592, 760.8450, 17.8679
2025-12-01 22:01:25, 0.0633659294, 0.0667839880, 0.1483988005, 0.1334903076, 2630.8070, 2652.5088, 762.2950, 16.5571
2025-12-01 22:01:31, 0.0887194347, 0.1013807251, 0.1425019481, 0.1280466309, 2504.3878, 2504.3878, 764.5900, 17.0980
2025-12-01 22:01:37, 0.1102679310, 0.1212745874, 0.1438596946, 0.0956618077, 2905.2800, 2840.6200, 763.2250, 16.9751
2025-12-01 22:01:43, 0.0706227595, 0.0836409609, 0.1451999234, 0.1239273785, 2865.0508, 2867.9153, 764.8300, 18.2486
2025-12-01 22:01:49, 0.0678822702, 0.0488627201, 0.1954645570, 0.1470589048, 3033.6462, 2825.2154, 767.4100, 20.0150
2025-12-01 22:01:54, 0.0417668004, 0.0424136048, 0.1722241366, 0.1909615271, 2727.2254, 2661.0845, 759.5350, 17.6445
2025-12-01 22:02:00, 0.0532700473, 0.0463265179, 0.1024835112, 0.0983406495, 2769.1667, 2757.7667, 761.7800, 16.8021
2025-12-01 22:02:06, 0.0411823386, 0.0513397955, 0.1455383342, 0.1409753709, 2418.8852, 2339.1475, 764.1650, 17.5114
2025-12-01 22:02:12, 0.0292373858, 0.0276469600, 0.1664195200, 0.1539154839, 2719.6892, 2688.0135, 762.3400, 19.1103
2025-12-01 22:02:17, 0.0354087337, 0.0378551103, 0.1334840466, 0.1498496203, 2580.4000, 2490.8833, 760.1200, 18.1413
2025-12-01 22:02:23, 0.0350954268, 0.0393882101, 0.2036723494, 0.1805461091, 2539.5593, 2628.2373, 761.3450, 17.9203
2025-12-01 22:02:29, 0.0523260842, 0.0426695288, 0.1755446784, 0.1707117956, 2914.4364, 2944.9091, 759.0350, 18.7831
2025-12-01 22:02:35, 0.0601041259, 0.0625906959, 0.1461285839, 0.1184943769, 3120.9756, 3035.5366, 766.6600, 17.4480
2025-12-01 22:02:41, 0.0490569205, 0.0494332832, 0.1553220998, 0.1406275800, 2386.2500, 2331.1786, 761.8600, 20.0726
2025-12-01 22:02:47, 0.0294849072, 0.0355161840, 0.3044989946, 0.3331893036, 2741.7143, 2767.9643, 763.1300, 18.1638
2025-12-01 22:02:52, 0.0322971786, 0.0339273239, 0.1764155037, 0.1869735764, 2984.7812, 2810.8906, 764.4600, 17.8409
2025-12-01 22:02:58, 0.0687078128, 0.0493450002, 0.1225102167, 0.1569740096, 2711.6812, 2834.1739, 766.4100, 18.2850
2025-12-01 22:03:03, 0.0487254876, 0.0412090291, 0.1961955656, 0.1480248594, 2805.1591, 2613.0682, 763.3350, 20.5478
2025-12-01 22:03:09, 0.0358152097, 0.0339301499, 0.1410259364, 0.1392689585, 2914.2639, 2851.3472, 766.0100, 18.7256
2025-12-01 22:03:15, 0.0425630758, 0.0527333014, 0.2000108445, 0.2191189810, 2709.4727, 2784.2909, 769.7700, 21.0382
2025-12-01 22:03:21, 0.0727378972, 0.0997031934, 0.0841894419, 0.0777434878, 2679.5490, 2680.4902, 765.9200, 19.2487
2025-12-01 22:03:27, 0.0737944249, 0.0729332832, 0.1243520722, 0.1415296286, 2552.2800, 2619.5000, 766.2750, 18.9634
2025-12-01 22:03:32, 0.0821784142, 0.0841933350, 0.2518994518, 0.1958065716, 2659.0769, 2823.9808, 761.4400, 20.9451
2025-12-01 22:03:38, 0.0580466504, 0.0642375710, 0.1202656520, 0.1205938744, 2792.7963, 2802.3889, 762.7200, 20.5843
2025-12-01 22:03:44, 0.0782451749, 0.0807782774, 0.1291628379, 0.1716823684, 2781.2157, 2776.5882, 760.9000, 18.8250
2025-12-01 22:03:50, 0.0651524990, 0.0595831808, 0.1528849002, 0.1362586441, 2920.5085, 2866.3729, 757.8150, 18.4770
2025-12-01 22:03:55, 0.0362274388, 0.0489002624, 0.1952160734, 0.1670855787, 2495.1500, 2516.7667, 766.2600, 19.3058
2025-12-01 22:04:01, 0.0490164460, 0.0465251201, 0.2617618514, 0.2010714560, 2675.5370, 2659.2963, 767.6050, 19.3303
2025-12-01 22:04:07, 0.0558071361, 0.0532147526, 0.1436029287, 0.1435840006, 2516.9333, 2516.2667, 761.1450, 20.9326
2025-12-01 22:04:13, 0.0424506826, 0.0445355005, 0.1167262919, 0.1492204670, 2464.9516, 2488.2258, 761.7850, 18.2912
2025-12-01 22:04:19, 0.0367577781, 0.0460839023, 0.1183510837, 0.0894869460, 3004.6923, 2827.4000, 758.3400, 17.8173
2025-12-01 22:04:24, 0.0487417228, 0.0579197677, 0.1267832319, 0.1079814857, 2601.3455, 2606.1273, 766.7950, 18.6634
2025-12-01 22:04:30, 0.0809054672, 0.0809772077, 0.2388706162, 0.1797376766, 2859.3333, 2892.3958, 768.3200, 19.3909
2025-12-01 22:04:36, 0.1260060667, 0.1029938736, 0.1663359608, 0.1353429119, 2988.2250, 2931.2750, 760.4000, 17.9967
2025-12-01 22:04:41, 0.0790360929, 0.0842729134, 0.1470162744, 0.1399141239, 2757.0980, 2752.4706, 762.8150, 17.4307
2025-12-01 22:04:47, 0.0355497572, 0.0416929286, 0.1829737103, 0.1333364441, 2541.2373, 2566.3898, 765.9400, 18.4471
2025-12-01 22:04:53, 0.0515050487, 0.0502869713, 0.1604712873, 0.1987202640, 2790.5455, 2805.0364, 761.7000, 17.3730
2025-12-01 22:04:59, 0.0393331658, 0.0538789022, 0.1466351153, 0.1388549067, 2663.2083, 2704.2083, 766.5850, 18.2588
2025-12-01 22:05:05, 0.0552105796, 0.0540051304, 0.1238687127, 0.1241001154, 2826.8596, 2909.8246, 765.2450, 17.2121
2025-12-01 22:05:10, 0.0211351163, 0.0184501375, 0.2043396909, 0.2093502057, 2494.0882, 2501.9265, 768.6300, 20.2937
2025-12-01 22:05:16, 0.0240224662, 0.0378227546, 0.2382996942, 0.2044377575, 2697.4918, 2610.0492, 761.9600, 18.8624
2025-12-01 22:05:22, 0.0352048552, 0.0268840664, 0.1593411414, 0.1790650453, 2713.6984, 2608.3810, 768.9200, 17.4789
2025-12-01 22:05:27, 0.0641733408, 0.0453893437, 0.1774764821, 0.1635368724, 3015.5741, 3017.6481, 765.9450, 18.2631
2025-12-01 22:05:34, 0.0234921293, 0.0172771662, 0.1594514252, 0.1991682298, 2383.4085, 2372.3944, 769.0900, 19.2073
2025-12-01 22:05:39, 0.0267992121, 0.0284085548, 0.2169218711, 0.2101459252, 2839.8689, 2799.4918, 767.8600, 17.8530
2025-12-01 22:05:45, 0.0501274768, 0.0369369512, 0.2028953745, 0.2201808669, 2958.5000, 2929.7391, 766.2200, 18.6392
2025-12-01 22:05:51, 0.0423990625, 0.0399008134, 0.1353946869, 0.1512704448, 2633.1000, 2661.7333, 765.0800, 17.9353
2025-12-01 22:05:57, 0.0386075333, 0.0537581350, 0.3703987684, 0.2313914245, 2855.6538, 2781.2115, 760.8150, 18.9412
2025-12-01 22:06:02, 0.0388379041, 0.0445963889, 0.2182873666, 0.2151085392, 2515.2800, 2424.3400, 764.4200, 19.0109
2025-12-01 22:06:08, 0.0613831657, 0.0616477840, 0.1325252486, 0.1176562922, 2690.4483, 2699.8793, 767.4750, 18.6037
2025-12-01 22:06:14, 0.0451484857, 0.0470293647, 0.2349711716, 0.1964907481, 2655.6724, 2650.4655, 764.8300, 18.0114
2025-12-01 22:06:20, 0.0542317477, 0.0524473888, 0.1850133868, 0.1161397256, 2818.2833, 2831.6000, 770.0350, 18.6511
2025-12-01 22:06:25, 0.0753577571, 0.0930141325, 0.1898408890, 0.1800387329, 2488.7442, 2570.0698, 762.7400, 17.5739
2025-12-01 22:06:31, 0.0698608526, 0.0706506291, 0.1915907278, 0.1805251003, 2563.5538, 2589.6154, 766.4350, 19.3996
2025-12-01 22:06:37, 0.0313127986, 0.0304133629, 0.2731293639, 0.2146737065, 2818.6438, 2751.7671, 764.0950, 17.5153
2025-12-01 22:06:43, 0.0432147950, 0.0345738332, 0.2113661601, 0.2873972128, 2360.4237, 2383.2542, 768.4150, 17.7883
2025-12-01 22:06:48, 0.0347373515, 0.0326951712, 0.1998296314, 0.2650961565, 2485.5833, 2543.9667, 768.4900, 17.7480
2025-12-01 22:06:55, 0.0428927203, 0.0386688338, 0.2391307083, 0.2063715578, 2612.4310, 2604.0690, 770.4800, 18.7981
2025-12-01 22:07:01, 0.0364196531, 0.0300802627, 0.1870737234, 0.1758977542, 2475.8235, 2461.7941, 771.3300, 17.7384
2025-12-01 22:07:07, 0.0605950268, 0.0609689970, 0.1162618983, 0.1106362734, 2554.7692, 2616.3269, 768.8800, 17.6529
2025-12-01 22:07:13, 0.0273804055, 0.0237079772, 0.2087205719, 0.2051809307, 2837.6863, 2763.7255, 769.3300, 18.6054
2025-12-01 22:07:18, 0.0257398693, 0.0257845288, 0.1484478074, 0.1132581411, 2556.4868, 2470.8816, 770.5450, 17.8263
2025-12-01 22:07:24, 0.0369033220, 0.0404476682, 0.1642925989, 0.1097430749, 2982.5614, 2784.8772, 768.3800, 17.1419
2025-12-01 22:07:30, 0.0496092228, 0.0529667141, 0.1327183091, 0.1966162609, 2817.0952, 2962.8333, 767.1650, 18.9815
2025-12-01 22:07:36, 0.0351486884, 0.0518586022, 0.1251076593, 0.1211191713, 2573.1071, 2653.6964, 767.7300, 19.6346
2025-12-01 22:07:42, 0.0534323716, 0.0587778924, 0.1439101588, 0.1225805105, 2523.6600, 2513.1000, 768.6650, 16.7219
2025-12-01 22:07:47, 0.0385703256, 0.0526582680, 0.1058578662, 0.1173318754, 2395.5625, 2522.4792, 770.0200, 17.7556
2025-12-01 22:07:53, 0.0408173969, 0.0516231542, 0.2729932714, 0.2861245359, 2516.6316, 2549.2982, 769.1450, 16.6839
2025-12-01 22:07:59, 0.0310982906, 0.0303266334, 0.1356778315, 0.1314582182, 2866.1053, 2684.5439, 771.9400, 16.1080
2025-12-01 22:08:05, 0.0328473978, 0.0349553515, 0.1655507610, 0.1594266687, 2778.5738, 2794.9508, 769.2850, 20.0615
2025-12-01 22:08:10, 0.0565203635, 0.0433272300, 0.2476467986, 0.2108531878, 3275.8214, 3141.1071, 769.3250, 15.1496
2025-12-01 22:08:16, 0.0589451528, 0.0501984972, 0.1052632244, 0.0763317250, 2804.8393, 2804.6071, 771.9600, 17.3476
2025-12-01 22:08:22, 0.0400952302, 0.0484127302, 0.3117771001, 0.2331055047, 2692.7826, 2605.7826, 769.2050, 18.3906
2025-12-01 22:08:27, 0.0755762716, 0.0726405866, 0.2026673426, 0.1295592379, 2787.2245, 2625.1224, 769.1450, 18.2325
2025-12-01 22:08:33, 0.0702501674, 0.0692373463, 0.2463406537, 0.3055496757, 2815.3774, 2902.6038, 769.9900, 17.4571
2025-12-01 22:08:39, 0.0945592331, 0.0939812641, 0.1621505739, 0.1720467525, 2713.7458, 2702.4576, 770.4650, 17.5690
2025-12-01 22:08:45, 0.0934232455, 0.0698997626, 0.1922027344, 0.1536196583, 2600.5306, 2659.5306, 768.6850, 17.1696
2025-12-01 22:08:50, 0.0910743229, 0.0981623099, 0.1766043242, 0.1791987910, 2489.3913, 2556.0870, 774.0850, 16.6511
2025-12-01 22:08:56, 0.1040053162, 0.1108759721, 0.2050001411, 0.2032969604, 2819.3182, 2847.9318, 770.1200, 18.4734
2025-12-01 22:09:02, 0.0794375673, 0.1098041906, 0.1719760925, 0.1871782113, 2460.4737, 2501.3684, 768.0400, 19.9732
2025-12-01 22:09:07, 0.0330676589, 0.0363638331, 0.3716589342, 0.2459374664, 2811.9286, 2674.3393, 771.5650, 18.8925
2025-12-01 22:09:13, 0.0566367819, 0.0654248072, 0.1830725298, 0.1440847117, 2657.1463, 2677.8780, 767.6400, 17.8751
2025-12-01 22:09:19, 0.0835521729, 0.0756465310, 0.2033168612, 0.2265569213, 2602.8235, 2662.3137, 773.3350, 19.1675
2025-12-01 22:09:25, 0.0487372850, 0.0633761130, 0.2165431359, 0.1864544931, 2568.5652, 2541.3478, 769.5850, 17.4666
2025-12-01 22:09:31, 0.1036594547, 0.0991147158, 0.2486876227, 0.2178761388, 2662.4082, 2750.2857, 764.7850, 18.2285
2025-12-01 22:09:36, 0.1044720609, 0.0942635909, 0.1378864137, 0.1508870907, 2736.8974, 2746.2564, 765.3200, 16.9935
2025-12-01 22:09:42, 0.0700863150, 0.0688246409, 0.1349548554, 0.1012063013, 2761.9756, 2701.0732, 763.0300, 18.9697
2025-12-01 22:09:48, 0.0879160208, 0.0699951799, 0.2009339592, 0.1726349439, 2419.0893, 2366.0893, 762.8500, 17.7960
2025-12-01 22:09:53, 0.1029798987, 0.1072307997, 0.2900332104, 0.2467589753, 2813.5294, 2833.7843, 772.3550, 19.2533
2025-12-01 22:09:59, 0.1053002538, 0.1424046540, 0.2099248303, 0.1925664340, 2904.9545, 2873.2727, 768.9750, 18.0465
2025-12-01 22:10:05, 0.0868372691, 0.1088926899, 0.1984721639, 0.1869368418, 2848.3846, 2905.6731, 765.5150, 17.5419
2025-12-01 22:10:11, 0.0968542608, 0.0912681230, 0.2090531255, 0.1476271495, 2657.4074, 2743.2407, 768.9500, 18.1744
2025-12-01 22:10:16, 0.0898921862, 0.0963664292, 0.2785795735, 0.2790776693, 2639.5000, 2717.0435, 765.9100, 16.3677
2025-12-01 22:10:22, 0.0663561246, 0.0615927911, 0.2038098221, 0.1719986406, 2725.5909, 2692.9545, 763.8050, 16.7391
2025-12-01 22:10:28, 0.0498746129, 0.0545211450, 0.5398928970, 0.4109020723, 2867.3636, 2871.8000, 763.2800, 17.7452
2025-12-01 22:10:34, 0.0495651979, 0.0434552465, 0.3374412325, 0.3406809410, 2796.4828, 2823.8793, 767.2000, 20.6853
2025-12-01 22:10:39, 0.0399739525, 0.0490577761, 0.2572745975, 0.2363212407, 2515.8413, 2533.7143, 765.1350, 17.6087
2025-12-01 22:10:45, 0.0467400067, 0.0419934656, 0.2804176268, 0.2659454452, 2595.1429, 2570.4082, 764.7400, 17.4595
2025-12-01 22:10:51, 0.0625047070, 0.0779163720, 0.3243062247, 0.3673011592, 2362.9231, 2401.2051, 764.2800, 17.7415
2025-12-01 22:10:57, 0.0560536952, 0.0572080078, 0.2414252658, 0.2218751862, 2605.8542, 2682.2708, 761.0750, 19.0562
2025-12-01 22:11:02, 0.0780874418, 0.0590091738, 0.3286115194, 0.1993202934, 2662.4314, 2646.1176, 767.2800, 19.5502
2025-12-01 22:11:08, 0.0480442430, 0.0467836260, 0.2916576352, 0.2243251209, 2467.4179, 2489.9701, 765.5050, 17.7011
2025-12-01 22:11:14, 0.0886655830, 0.0759541472, 0.3711367936, 0.2404891462, 2788.1463, 2734.6098, 765.8400, 18.5339
2025-12-01 22:11:20, 0.0913792020, 0.0823087278, 0.3028905613, 0.2868472733, 2819.5833, 2832.1875, 766.4350, 19.0800
2025-12-01 22:11:26, 0.0434976051, 0.0322330307, 0.2802038507, 0.2340840965, 2602.2273, 2487.0000, 768.8650, 16.6342
2025-12-01 22:11:31, 0.0824488689, 0.0749262736, 0.2339525465, 0.2171714137, 2704.3529, 2698.0784, 767.9700, 18.6274
2025-12-01 22:11:37, 0.0593089981, 0.0566201608, 0.3351551049, 0.2706983500, 2791.0652, 2656.1304, 770.9950, 16.7903
2025-12-01 22:11:43, 0.0762218284, 0.0514915623, 0.2500217232, 0.2598078978, 2520.9362, 2614.5319, 763.7650, 17.3715
2025-12-01 22:11:49, 0.0797294159, 0.0411511319, 0.2771603407, 0.2648050605, 2594.7925, 2666.8679, 767.8600, 18.6365
2025-12-01 22:11:54, 0.0714247969, 0.0720026631, 0.1435448789, 0.1872302316, 2466.3556, 2488.6889, 766.9450, 17.9831
2025-12-01 22:12:00, 0.0714319149, 0.0624793124, 0.2218709838, 0.1609365613, 2367.3600, 2451.8800, 766.4400, 17.5749
2025-12-01 22:12:06, 0.0758720876, 0.0562213015, 0.2573491252, 0.2242126666, 2417.7500, 2384.8889, 768.7600, 17.6012
2025-12-01 22:12:12, 0.0532412945, 0.0495391636, 0.2417529699, 0.2854288236, 3126.3966, 3094.5862, 770.0350, 17.7297
2025-12-01 22:12:17, 0.0746616938, 0.0809601340, 0.2372253930, 0.1953253799, 2312.2188, 2233.5938, 767.3050, 16.5762
2025-12-01 22:12:23, 0.0590815188, 0.0500375946, 0.3399621373, 0.2732394998, 2909.3243, 2850.1622, 773.1300, 17.9378
2025-12-01 22:12:29, 0.0479863268, 0.0516503546, 0.2797704770, 0.2865290127, 2717.2857, 2708.7429, 772.0700, 16.5588
2025-12-01 22:12:35, 0.0647071162, 0.0695384962, 0.2313068450, 0.2715513836, 2620.5227, 2626.2500, 770.0450, 18.5559
2025-12-01 22:12:40, 0.0516334842, 0.0403881247, 0.2601721589, 0.2656159087, 2501.6809, 2489.0851, 771.4700, 19.0801
2025-12-01 22:12:46, 0.0363227834, 0.0436103488, 0.1610885603, 0.1550340400, 2525.5962, 2411.8846, 773.7500, 19.3393
2025-12-01 22:12:52, 0.0370465235, 0.0379995961, 0.3461136403, 0.3553608348, 2605.2881, 2609.8136, 769.5800, 18.0317
2025-12-01 22:12:58, 0.0309447178, 0.0265459871, 0.2674622798, 0.1925554605, 2587.5873, 2544.2857, 771.8750, 18.2896
2025-12-01 22:13:03, 0.0485483721, 0.0436727808, 0.3126931329, 0.3291877038, 2759.4490, 2890.4694, 770.2350, 18.8021
2025-12-01 22:13:09, 0.0567619871, 0.0478243808, 0.2050581604, 0.2782300126, 2660.0000, 2780.9400, 768.3350, 18.5713
2025-12-01 22:13:15, 0.0798425179, 0.0710673795, 0.2551675932, 0.2150873335, 2618.2609, 2599.1087, 770.2900, 16.9958
2025-12-01 22:13:21, 0.0580432056, 0.0633240181, 0.1476879517, 0.1116699749, 2483.6923, 2522.7692, 772.0800, 17.9709
2025-12-01 22:13:26, 0.0617121351, 0.0599345398, 0.3656438360, 0.3833555345, 2595.8226, 2616.3548, 776.7750, 18.4525
2025-12-01 22:13:32, 0.0426606263, 0.0446835380, 0.2244711336, 0.2013217063, 2508.0984, 2474.1803, 764.5000, 17.5849
2025-12-01 22:13:38, 0.0607359692, 0.0602008665, 0.2529575521, 0.2984505160, 2438.1667, 2505.5417, 761.3850, 17.6878
2025-12-01 22:13:44, 0.1136306886, 0.1062543533, 0.1276148624, 0.1384702457, 2507.1731, 2581.8654, 770.5250, 17.9053
2025-12-01 22:13:49, 0.0407517878, 0.0415404398, 0.2506890668, 0.2162007752, 3389.2414, 3075.3276, 773.1800, 19.0268
2025-12-01 22:13:55, 0.0810209853, 0.0936340125, 0.1458905479, 0.1822443858, 2690.6053, 2811.9737, 775.6600, 19.0469
2025-12-01 22:14:01, 0.0740301991, 0.0658933169, 0.2059394483, 0.1971719310, 2809.8000, 2902.3250, 775.3750, 18.9693
2025-12-01 22:14:07, 0.0647300377, 0.0537444597, 0.2697272918, 0.3048008166, 2668.1500, 2825.8750, 774.6750, 18.7622
2025-12-01 22:14:13, 0.0693862331, 0.0673497920, 0.2419457329, 0.2361845835, 2841.8140, 2764.7674, 772.6850, 18.3838
2025-12-01 22:14:18, 0.1012226415, 0.0913222072, 0.1591217579, 0.1570744822, 2951.1562, 2971.5000, 772.2000, 20.0150
2025-12-01 22:14:24, 0.0649070194, 0.0793385649, 0.2560732348, 0.1974578233, 2762.6415, 2642.6604, 766.5700, 18.1968
2025-12-01 22:14:30, 0.0635884110, 0.0562015925, 0.1675234775, 0.1605925201, 2457.6852, 2458.0741, 772.4650, 20.4836
2025-12-01 22:14:36, 0.1019807296, 0.0864333834, 0.1974066858, 0.1740876559, 2709.8000, 2730.9250, 767.1950, 17.8053
2025-12-01 22:14:41, 0.1183517570, 0.1132124782, 0.1756883631, 0.2269759884, 2719.3636, 2783.0909, 770.0850, 17.6688
2025-12-01 22:14:47, 0.0981616452, 0.1005437141, 0.1796045769, 0.1483376556, 2328.9273, 2342.7455, 774.3350, 16.3329
2025-12-01 22:14:53, 0.1216267255, 0.1403451337, 0.1009909209, 0.1118530706, 2707.4103, 2749.5641, 765.7050, 17.8070
2025-12-01 22:14:58, 0.1223801218, 0.0998979444, 0.2747905408, 0.3348593255, 2570.8158, 2822.1316, 765.8000, 18.5685
2025-12-01 22:15:04, 0.1291842565, 0.1192139796, 0.1943331058, 0.2422621700, 2392.4390, 2477.9024, 768.0450, 18.6063
2025-12-01 22:15:10, 0.1335220824, 0.1383890289, 0.1876366091, 0.1879888610, 2779.8649, 2892.6757, 767.2150, 18.5704
2025-12-01 22:15:16, 0.0461703877, 0.0430265739, 0.1365969723, 0.1280948607, 2664.4884, 2658.8837, 766.9750, 16.7790
2025-12-01 22:15:22, 0.1179577958, 0.1097750552, 0.2382538686, 0.2132103605, 3034.5000, 3080.8250, 767.4600, 19.0425
2025-12-01 22:15:27, 0.1647802847, 0.1111393904, 0.2622779442, 0.2168588254, 2912.9362, 2853.8723, 763.5400, 17.8726
2025-12-01 22:15:33, 0.0544471524, 0.0496833336, 0.1452152245, 0.1541100948, 2499.7000, 2447.0167, 764.5300, 19.3101
2025-12-01 22:15:39, 0.0536930682, 0.0635094832, 0.2982175685, 0.2793480772, 2586.3182, 2716.6364, 763.4350, 17.0343
2025-12-01 22:15:45, 0.0627857283, 0.0724893357, 0.3044095333, 0.2473699350, 2517.7917, 2457.5208, 765.3350, 19.3585
2025-12-01 22:15:50, 0.0575980319, 0.0495211210, 0.1994932908, 0.1830183777, 2515.0000, 2493.1000, 765.0800, 18.1712
2025-12-01 22:15:56, 0.0310353666, 0.0351691706, 0.2477237681, 0.2210553765, 2370.5200, 2298.9800, 761.9650, 18.7474
2025-12-01 22:16:02, 0.0344405601, 0.0271386943, 0.3107027065, 0.2389473106, 2828.8871, 2713.7419, 766.4200, 19.4947
2025-12-01 22:16:07, 0.0314530244, 0.0279009089, 0.3084139836, 0.2513012012, 2581.1250, 2522.1964, 762.5450, 19.1616
2025-12-01 22:16:13, 0.0533225430, 0.0573054664, 0.3197625510, 0.3007852541, 2678.2174, 2627.0217, 763.2650, 17.0949
2025-12-01 22:16:19, 0.0394789497, 0.0449208357, 0.1730193459, 0.1960255910, 2454.1739, 2417.8696, 765.0000, 17.4828
2025-12-01 22:16:25, 0.0257822132, 0.0292162658, 0.2175460313, 0.1975827659, 2597.6866, 2567.0000, 761.4400, 18.4062
2025-12-01 22:16:30, 0.0505014610, 0.0453438196, 0.2289664811, 0.2123411354, 2930.9231, 3047.0192, 762.8550, 17.7607
2025-12-01 22:16:36, 0.0418247292, 0.0299520789, 0.2535133800, 0.2369448695, 2697.1923, 2780.7308, 764.8100, 18.1500
2025-12-01 22:16:42, 0.0630055274, 0.0659396297, 0.2007413730, 0.2405141746, 2749.5686, 2759.6471, 763.4050, 19.1800
2025-12-01 22:16:48, 0.0690938909, 0.0603813784, 0.3656769344, 0.2984667410, 2461.5455, 2565.7955, 764.3650, 18.7859
2025-12-01 22:16:53, 0.0753946299, 0.0671607164, 0.1602346477, 0.2151141915, 2440.0667, 2525.0667, 764.2250, 18.2012
2025-12-01 22:16:59, 0.0427952338, 0.0440324331, 0.4054196645, 0.3932524534, 3216.3158, 3258.5789, 766.7700, 18.0781
2025-12-01 22:17:05, 0.0510934929, 0.0584564051, 0.3549120071, 0.2440155058, 2995.1364, 2643.3182, 765.2350, 20.2953
2025-12-01 22:17:10, 0.0523585789, 0.0548948511, 0.2177502554, 0.2137982894, 2427.1148, 2347.7541, 765.6450, 19.8159
2025-12-01 22:17:16, 0.0550928884, 0.0527626071, 0.2541261353, 0.1989937602, 2129.3673, 2055.8776, 766.8250, 17.7334
2025-12-01 22:17:22, 0.0759901664, 0.0583170286, 0.1539466046, 0.1527856395, 2359.7547, 2248.7736, 765.7000, 18.7278
2025-12-01 22:17:28, 0.0827642979, 0.0737913111, 0.2363505236, 0.2444640277, 2899.6579, 2867.3421, 766.5650, 18.9102
2025-12-01 22:17:34, 0.1073288017, 0.1127435176, 0.2423647502, 0.2718394449, 2454.0682, 2518.8636, 766.7600, 22.2221
2025-12-01 22:17:39, 0.0774938975, 0.0601825579, 0.2282038606, 0.2637850970, 2480.2564, 2730.7436, 767.7600, 18.3186
2025-12-01 22:17:45, 0.0411781258, 0.0431796145, 0.1766605142, 0.1618275416, 2432.5455, 2481.8000, 766.1250, 20.1613
2025-12-01 22:17:51, 0.0610183400, 0.0556590537, 0.2972996068, 0.2406028591, 2489.6939, 2545.6327, 765.0650, 17.8121
2025-12-01 22:17:57, 0.0662712208, 0.0801581647, 0.2487333611, 0.2718653436, 2448.0909, 2415.2545, 764.1300, 19.3490
2025-12-01 22:18:03, 0.0755147490, 0.0692974734, 0.3108563293, 0.2236676580, 2696.7429, 2566.0000, 766.4950, 18.5556
2025-12-01 22:18:08, 0.0670847094, 0.0661568083, 0.3389894557, 0.3303690748, 2568.0000, 2741.1176, 766.6100, 16.7203
2025-12-01 22:18:14, 0.0961581545, 0.0739605504, 0.1832957925, 0.1999576349, 2428.2642, 2474.6415, 769.7400, 18.5465
2025-12-01 22:18:20, 0.0970587347, 0.0557869709, 0.3977832886, 0.2296020839, 2422.2708, 2332.6250, 768.4600, 19.3450
2025-12-01 22:18:25, 0.0809913693, 0.0558366843, 0.3189323126, 0.2476622121, 2651.2708, 2623.1667, 762.1750, 18.0993
2025-12-01 22:18:32, 0.1064075215, 0.0706684255, 0.2218348654, 0.2099566936, 2539.7213, 2533.3770, 767.1900, 19.4660
2025-12-01 22:18:37, 0.1081533629, 0.1010553639, 0.2397482476, 0.2315158807, 2667.5246, 2583.3279, 766.5200, 18.1025
2025-12-01 22:18:43, 0.0924205307, 0.0828875332, 0.2609969279, 0.2467196772, 2938.6078, 2991.9804, 767.6250, 19.0763
2025-12-01 22:18:49, 0.0766445477, 0.0561325948, 0.6037173195, 0.4023350905, 2905.9130, 2772.5000, 767.3150, 16.7053
2025-12-01 22:18:55, 0.0667688165, 0.0471885778, 0.2441928042, 0.2596190248, 2247.1552, 2183.7931, 767.5400, 19.4953
2025-12-01 22:19:00, 0.0619736480, 0.0722425509, 0.3230331039, 0.3366908718, 2780.7619, 2858.6190, 766.5600, 19.1955
2025-12-01 22:19:06, 0.0696392343, 0.0568160163, 0.3075131414, 0.2910641959, 2544.7333, 2432.2667, 766.6800, 18.1410
2025-12-01 22:19:12, 0.0551431335, 0.0711641265, 0.1802427541, 0.2062363893, 2527.0000, 2515.9818, 768.4600, 19.1002
2025-12-01 22:19:18, 0.0551635670, 0.0489087975, 0.5758375223, 0.4035454415, 2629.0000, 2626.0857, 768.8650, 17.7126
2025-12-01 22:19:23, 0.0297001292, 0.0358989132, 0.1970065456, 0.2250870993, 2669.0000, 2772.0435, 767.1750, 18.6289
2025-12-01 22:19:29, 0.0427497074, 0.0470493847, 0.0998786189, 0.1293298225, 2176.2424, 2088.1818, 768.1350, 18.2728
2025-12-01 22:19:35, 0.0479777380, 0.0369084005, 0.2719006630, 0.2891541274, 2515.4107, 2585.7679, 768.8650, 16.7259
2025-12-01 22:19:41, 0.0784718354, 0.0750964167, 0.4128217857, 0.3399974951, 3035.8361, 2933.1475, 766.4300, 18.4777
2025-12-01 22:19:47, 0.0652334956, 0.0537225150, 0.1946511786, 0.2949227550, 2852.2982, 2939.7193, 765.9100, 19.7947
2025-12-01 22:19:53, 0.0680387010, 0.0762639325, 0.1735717355, 0.2084667120, 2637.3137, 2717.2353, 765.3850, 16.9108
2025-12-01 22:19:58, 0.0625954171, 0.0680758086, 0.2933608388, 0.2658742906, 2588.0270, 2547.9459, 765.8900, 18.7365
2025-12-01 22:20:04, 0.0644527778, 0.0531481027, 0.1882968810, 0.1988754113, 2419.1014, 2387.7536, 764.1000, 18.0851
2025-12-01 22:20:10, 0.0429894737, 0.0381892066, 0.2006254743, 0.2506616979, 2671.7447, 2767.9574, 764.7800, 18.3178
2025-12-01 22:20:16, 0.0510698221, 0.0506449194, 0.2072431605, 0.2404634397, 2721.2917, 2816.5208, 766.4900, 18.5699
2025-12-01 22:20:22, 0.0429175513, 0.0412006943, 0.2633919584, 0.2482432616, 2580.3636, 2502.4545, 765.1050, 19.4952
2025-12-01 22:20:28, 0.0583756289, 0.0539302219, 0.2559354512, 0.2606525345, 2363.2182, 2445.7818, 767.5950, 16.9337
2025-12-01 22:20:34, 0.0659892919, 0.0678497563, 0.2988550220, 0.2701405362, 2734.1795, 2640.9487, 764.9750, 18.7961
2025-12-01 22:20:40, 0.0654426698, 0.0660776914, 0.2772031495, 0.3392410685, 2641.8305, 2647.2203, 763.9400, 19.3097
2025-12-01 22:20:45, 0.0892487595, 0.0615615560, 0.2453951071, 0.2300841928, 2388.8400, 2306.3200, 764.9150, 17.1735
2025-12-01 22:20:51, 0.0733498215, 0.0963477074, 0.1375289646, 0.1673368138, 2243.9556, 2435.8000, 765.2500, 19.7197
2025-12-01 22:20:57, 0.0780501298, 0.0586414962, 0.2185099707, 0.2077662479, 2729.3019, 2761.6604, 764.4450, 19.0897
2025-12-01 22:21:02, 0.0822594584, 0.0877864875, 0.1369118428, 0.1568533022, 2492.6852, 2614.7222, 766.4350, 16.9489
2025-12-01 22:21:08, 0.0921730012, 0.0890369916, 0.1793859804, 0.1562886006, 2500.2545, 2389.5455, 765.4950, 21.0314
2025-12-01 22:21:14, 0.0694881472, 0.0710291227, 0.2622789799, 0.2010738085, 2508.2051, 2442.5641, 765.4300, 18.9669
2025-12-01 22:21:20, 0.0969571070, 0.0734712731, 0.1924498455, 0.2545257154, 2312.4474, 2422.7895, 764.9800, 19.3964
2025-12-01 22:21:25, 0.0942658809, 0.1146686644, 0.3898257310, 0.3505188506, 2711.0385, 2676.6731, 770.3900, 18.8541
2025-12-01 22:21:31, 0.1147144279, 0.0671513270, 0.2278423276, 0.2112150061, 2152.2889, 2146.4222, 770.2350, 20.5283
2025-12-01 22:21:37, 0.0741767632, 0.0766965704, 0.3419945951, 0.3163701326, 2844.1786, 2844.0536, 767.4900, 17.8480
2025-12-01 22:21:44, 0.1278089538, 0.1336798711, 0.3047358206, 0.2463617352, 2857.4857, 2953.8000, 767.7400, 19.0024
2025-12-01 22:21:50, 0.1154238438, 0.0841268096, 0.2798932462, 0.3223143790, 2564.8475, 2655.6610, 770.5900, 19.0636
2025-12-01 22:21:56, 0.1030933438, 0.1077995154, 0.2586299008, 0.1838376977, 2757.8000, 2680.9111, 768.8000, 18.0668
2025-12-01 22:22:02, 0.0872185193, 0.1028057861, 0.2302571487, 0.2197959172, 2401.5000, 2415.3889, 769.3300, 18.1725
2025-12-01 22:22:07, 0.0857479884, 0.0901353669, 0.2687486484, 0.2635271178, 2497.9750, 2545.7250, 768.3500, 16.7552
2025-12-01 22:22:13, 0.0707436135, 0.0766713681, 0.2448301929, 0.2330542934, 2370.0682, 2289.7500, 770.3500, 17.4441
2025-12-01 22:22:19, 0.1027493199, 0.0709879443, 0.3349461022, 0.5626566783, 2653.3095, 2737.9524, 769.5100, 17.5034
2025-12-01 22:22:24, 0.1069793014, 0.0569671075, 0.3330780006, 0.3730644553, 2409.6939, 2449.2653, 770.9850, 17.5503
2025-12-01 22:22:30, 0.1252047052, 0.0927283163, 0.2333747908, 0.2152604555, 2515.4634, 2434.4390, 765.2900, 18.1291
2025-12-01 22:22:36, 0.1102117536, 0.1002499799, 0.2777398562, 0.2363753701, 2655.0682, 2605.6364, 769.8750, 19.8093
2025-12-01 22:22:41, 0.0818248749, 0.0852502591, 0.3029548365, 0.2438316054, 2952.5319, 2993.5319, 767.3400, 18.3593
2025-12-01 22:22:47, 0.0737953942, 0.0667725567, 0.3357896610, 0.3328670289, 2961.6923, 2949.8077, 769.3250, 18.4670
2025-12-01 22:22:53, 0.0729594605, 0.0858002093, 0.1649560195, 0.1370257726, 2739.2593, 2692.7778, 769.1900, 16.4725
2025-12-01 22:22:59, 0.0598249802, 0.0707012797, 0.2427312705, 0.3107128522, 2458.6140, 2483.8947, 766.2500, 16.8593
2025-12-01 22:23:04, 0.0581330014, 0.0459815667, 0.3421739961, 0.3474580419, 2660.0930, 2603.3488, 768.8550, 17.2807
2025-12-01 22:23:10, 0.0834851568, 0.0551363344, 0.3344368820, 0.3518632577, 2777.7838, 2808.5676, 767.6300, 18.3743
2025-12-01 22:23:16, 0.0742603635, 0.0916087513, 0.2544035689, 0.2585769363, 2611.5385, 2580.8846, 764.6100, 17.7445
2025-12-01 22:23:22, 0.0975901875, 0.0862554592, 0.2589105882, 0.3185387994, 2382.0000, 2510.0667, 767.5350, 17.7220
2025-12-01 22:23:27, 0.0580971930, 0.0512272305, 0.3946337155, 0.3277649096, 2121.4000, 1957.4750, 766.5100, 19.1408
2025-12-01 22:23:33, 0.0901145033, 0.0857746697, 0.1595031067, 0.1945922096, 2556.5526, 2552.4474, 765.2500, 19.9072
2025-12-01 22:23:39, 0.0862471071, 0.0674316312, 0.4821624409, 0.3608891671, 2823.2917, 2824.6250, 766.7200, 19.0778
2025-12-01 22:23:44, 0.0848404046, 0.0654449433, 0.1613959854, 0.1463515280, 2141.7143, 2171.2041, 765.1950, 18.8119
2025-12-01 22:23:50, 0.0729290005, 0.0615074733, 0.2707003408, 0.2672311114, 3057.4082, 2885.2245, 766.0100, 17.3470
2025-12-01 22:23:56, 0.0652820775, 0.0459759849, 0.1466142906, 0.1674036732, 2405.3036, 2246.9643, 763.3300, 19.0182
2025-12-01 22:24:02, 0.0795866271, 0.0764682686, 0.1940340721, 0.2296752848, 2623.0851, 2525.2553, 768.7200, 21.0055
2025-12-01 22:24:07, 0.0823231352, 0.0901455824, 0.1838666687, 0.2150060391, 2661.5000, 2624.8421, 770.8450, 20.2574
2025-12-01 22:24:13, 0.1294081726, 0.1110579312, 0.1800484986, 0.1639156023, 2357.1837, 2336.0612, 765.6600, 19.3993
2025-12-01 22:24:19, 0.0867325863, 0.0981617096, 0.1432216192, 0.1809489954, 2353.5870, 2375.6087, 760.6700, 18.0192
2025-12-01 22:24:25, 0.1140198101, 0.1262816461, 0.2908838619, 0.2105055015, 3253.6512, 3091.8605, 766.8300, 17.1132
2025-12-01 22:24:31, 0.0735672567, 0.0742571042, 0.1631262460, 0.1761885745, 2003.1964, 2051.6250, 759.4750, 18.3426
2025-12-01 22:24:36, 0.0892025761, 0.0653383444, 0.3725372295, 0.4000453672, 3017.8780, 2948.0976, 760.4450, 17.2194
2025-12-01 22:24:42, 0.1294721292, 0.1222566366, 0.1493394644, 0.1549482910, 2843.1042, 2698.1250, 766.5300, 19.8839
2025-12-01 22:24:48, 0.0954813938, 0.1227586503, 0.1423700982, 0.1711192013, 2737.7674, 2897.6279, 767.6300, 19.1996
2025-12-01 22:24:53, 0.1125497935, 0.0733915732, 0.3468299093, 0.2472584429, 2781.9783, 2650.5217, 761.7950, 18.1078
2025-12-01 22:24:59, 0.1353937885, 0.0891913018, 0.2563228187, 0.2418945038, 3156.4186, 3130.0465, 766.9050, 17.1527
2025-12-01 22:25:05, 0.1016219556, 0.0962531801, 0.1807770916, 0.1816993039, 2589.2600, 2653.9000, 763.2150, 18.6276
2025-12-01 22:25:11, 0.1440836109, 0.0887023769, 0.3518256867, 0.2554390269, 2607.6327, 2562.8571, 769.9950, 17.5056
2025-12-01 22:25:16, 0.1275595591, 0.1317070897, 0.1915079354, 0.1401570511, 2852.4634, 2749.0000, 766.4000, 20.6124
2025-12-01 22:25:22, 0.0866802189, 0.0711536883, 0.2827159903, 0.2287168819, 3111.1395, 2986.9070, 767.5750, 19.5769
2025-12-01 22:25:28, 0.0765422429, 0.0728328474, 0.2911630685, 0.2158737958, 2607.1628, 2517.0000, 765.4900, 17.9850
2025-12-01 22:25:34, 0.1227863091, 0.1002440184, 0.2352782106, 0.1823910651, 2530.6500, 2412.1250, 766.9750, 17.4452
2025-12-01 22:25:39, 0.0814319162, 0.0844279031, 0.2004467638, 0.2320000100, 2660.8372, 2715.9302, 763.4250, 19.1221
2025-12-01 22:25:45, 0.0839330664, 0.0687531149, 0.1413759338, 0.1305848097, 2663.9048, 2689.6429, 768.7050, 16.7633
2025-12-01 22:25:51, 0.0307229349, 0.0335644086, 0.1570066782, 0.1615035247, 2476.8043, 2572.7391, 764.8300, 17.4626
2025-12-01 22:25:57, 0.0997680177, 0.0627058378, 0.2505630351, 0.2827459560, 2711.1458, 2874.0208, 768.7800, 17.0192
2025-12-01 22:26:03, 0.0934474992, 0.1053558773, 0.2439840890, 0.2007876090, 2591.9730, 2551.9730, 766.5900, 18.4784
2025-12-01 22:26:09, 0.0780629891, 0.0681153957, 0.2711704554, 0.2322042227, 2564.3778, 2462.6667, 767.7750, 19.6892
2025-12-01 22:26:14, 0.1039437207, 0.0762657328, 0.2766572941, 0.3158623369, 2616.0400, 2603.9000, 767.2250, 17.9024
2025-12-01 22:26:20, 0.1031300933, 0.0819996944, 0.2501196899, 0.2444947786, 2557.1739, 2557.7174, 768.0050, 17.4337
2025-12-01 22:26:26, 0.0739557658, 0.0858721818, 0.1738555519, 0.2051932661, 2889.3810, 2944.8333, 764.2500, 20.3479
2025-12-01 22:26:32, 0.0611403465, 0.0640547778, 0.2179830604, 0.1886661291, 2643.6383, 2529.9149, 768.9250, 18.0781
2025-12-01 22:26:38, 0.0575309136, 0.0679592245, 0.1838051027, 0.2228841854, 2784.6400, 2878.3800, 766.3900, 19.7909
2025-12-01 22:26:43, 0.0853594046, 0.1038307851, 0.0916657563, 0.1066728774, 2431.5200, 2488.6400, 761.9450, 16.6127
2025-12-01 22:26:49, 0.0831087677, 0.1011061602, 0.3600524881, 0.2309434710, 2918.9574, 2753.8085, 765.1000, 18.2508
2025-12-01 22:26:55, 0.0472765197, 0.0537742744, 0.1502350011, 0.1473496572, 2896.0652, 2971.1304, 764.1850, 16.8698
2025-12-01 22:27:01, 0.0583050000, 0.0529416084, 0.1360321065, 0.1391271145, 2920.7692, 2810.2885, 764.6250, 17.6953
2025-12-01 22:27:07, 0.0972377400, 0.0663958073, 0.2121405997, 0.2004699084, 2773.9302, 2857.2326, 764.8200, 18.3790
2025-12-01 22:27:13, 0.0597116421, 0.0723958868, 0.2353487945, 0.1964804264, 2792.6316, 2756.1404, 762.3550, 16.9735
2025-12-01 22:27:18, 0.0777090532, 0.0819746523, 0.1638567539, 0.1505507887, 2622.3400, 2683.8800, 760.9900, 17.8966
2025-12-01 22:27:24, 0.0574069227, 0.0750083675, 0.2452817485, 0.2135013648, 2743.4565, 2746.8261, 766.6100, 20.0950
2025-12-01 22:27:30, 0.0552151716, 0.0637517547, 0.2611843422, 0.2220806067, 2709.9259, 2676.3333, 765.7200, 18.8213
2025-12-01 22:27:36, 0.0682010834, 0.0717805815, 0.1262159231, 0.1292092774, 2656.0200, 2658.7000, 767.4650, 20.2573
2025-12-01 22:27:41, 0.0721140389, 0.0797893433, 0.1169472139, 0.1183342562, 2695.3333, 2693.4444, 767.4200, 20.2214
2025-12-01 22:27:47, 0.0666273447, 0.0671774270, 0.2680310061, 0.3696077424, 2764.8936, 2864.5532, 764.3200, 16.6135
2025-12-01 22:27:53, 0.0454219607, 0.0589389864, 0.2942562548, 0.2928596397, 2885.9500, 2878.5500, 769.1150, 20.2263
2025-12-01 22:27:58, 0.1044829221, 0.0727067860, 0.2232394804, 0.2299573459, 2422.8333, 2372.6111, 764.4350, 17.7670
2025-12-01 22:28:04, 0.0773257478, 0.0843900641, 0.2607062523, 0.2634115119, 2434.4634, 2400.1463, 769.6650, 19.1962
2025-12-01 22:28:10, 0.0830554729, 0.0712799436, 0.1876205307, 0.1962595799, 2611.9706, 2562.5000, 772.5600, 19.1266
2025-12-01 22:28:15, 0.0673174322, 0.0948761388, 0.1704788842, 0.2169497923, 2889.0750, 2821.7500, 773.9650, 21.3872
2025-12-01 22:28:21, 0.0803728876, 0.1107530443, 0.1352179136, 0.1759958732, 2840.9825, 2860.7018, 769.5050, 20.3052
2025-12-01 22:28:27, 0.0672562389, 0.0489004079, 0.1944500357, 0.1719126579, 2787.2857, 2860.3571, 774.0550, 18.9090
2025-12-01 22:28:33, 0.0378035204, 0.0416591996, 0.1752507296, 0.1929468668, 2790.1132, 2799.0377, 773.7200, 19.3629
2025-12-01 22:28:38, 0.0432097378, 0.0355455259, 0.1241370356, 0.1253663947, 2757.8966, 2750.0345, 769.3500, 19.2782
2025-12-01 22:28:44, 0.0468095369, 0.0385247647, 0.2219894977, 0.1430654912, 2846.5500, 2605.0000, 771.2200, 19.5075
2025-12-01 22:28:50, 0.0436525693, 0.0485014034, 0.1434007379, 0.1368685080, 2411.2041, 2539.5306, 772.0750, 20.1288
2025-12-01 22:28:56, 0.0633279022, 0.0719841446, 0.1405455455, 0.1316626920, 2677.8000, 2619.5667, 771.0550, 20.5032
2025-12-01 22:29:01, 0.0490536489, 0.0409808648, 0.2045538405, 0.1490261834, 2708.5439, 2695.0526, 777.5100, 21.1525
2025-12-01 22:29:07, 0.0469586219, 0.0455626693, 0.2935919746, 0.2332720073, 2769.3878, 2657.4286, 771.8500, 18.9855
2025-12-01 22:29:13, 0.0774020475, 0.0733906176, 0.1193038454, 0.1244150591, 2591.3393, 2716.2679, 772.2450, 18.3004
2025-12-01 22:29:19, 0.0676126441, 0.0640229381, 0.1553006197, 0.1435949969, 2853.6429, 2997.3036, 767.2650, 18.6023
2025-12-01 22:29:24, 0.0669491499, 0.1010031252, 0.2107313416, 0.1711471613, 2650.6875, 2668.3333, 773.3450, 21.0199
2025-12-01 22:29:30, 0.0761446054, 0.0674814082, 0.1833142666, 0.1405232530, 2342.5882, 2335.2549, 765.7450, 17.5451
2025-12-01 22:29:36, 0.0687422576, 0.0567979029, 0.1973537681, 0.2475826364, 2677.3333, 2833.8958, 767.6950, 20.1425
2025-12-01 22:29:42, 0.0725239842, 0.0985736932, 0.2163058284, 0.1795013851, 2551.0833, 2483.6875, 770.6800, 16.8225
2025-12-01 22:29:48, 0.0553698683, 0.0571711097, 0.1655423850, 0.1367425932, 2633.3000, 2570.7200, 763.8750, 18.0078
2025-12-01 22:29:53, 0.0731204024, 0.0851791136, 0.1391704558, 0.1157525562, 2698.2955, 2712.4545, 763.2200, 17.9056
2025-12-01 22:29:59, 0.0421280970, 0.0469463151, 0.1924220141, 0.1669305917, 2807.1311, 2822.5246, 766.0550, 19.7310
2025-12-01 22:30:05, 0.1007145066, 0.0958695041, 0.1993957527, 0.1937012747, 2649.7778, 2661.9074, 764.3300, 19.2274
2025-12-01 22:30:11, 0.0375688689, 0.0378594003, 0.2526791009, 0.1697790121, 2916.1379, 2770.6034, 763.8500, 19.5348
2025-12-01 22:30:17, 0.0337188265, 0.0363081043, 0.1670302893, 0.1753625889, 2895.0746, 2896.7015, 764.9250, 18.1124
2025-12-01 22:30:22, 0.0736963555, 0.0513138264, 0.2294329313, 0.2002365035, 2871.2619, 2949.5476, 764.0600, 18.7205
2025-12-01 22:30:28, 0.0427743846, 0.0407958744, 0.1831436086, 0.1806603193, 2715.0714, 2543.0893, 765.4150, 19.9858
2025-12-01 22:30:34, 0.0433981828, 0.0395691959, 0.2172357547, 0.1830657659, 2899.0833, 2852.8667, 766.2050, 19.4544
2025-12-01 22:30:39, 0.0436834609, 0.0453821181, 0.1004529855, 0.1180579755, 2699.4429, 2790.4000, 763.7600, 18.7995
2025-12-01 22:30:45, 0.0408602673, 0.0361213815, 0.1679244314, 0.1660660797, 2661.2727, 2667.3788, 764.1250, 18.9750
2025-12-01 22:30:51, 0.0842260630, 0.0772844946, 0.1106096580, 0.1343998027, 2620.7674, 2572.6279, 767.4400, 20.6745
2025-12-01 22:30:57, 0.0516622821, 0.0644024084, 0.1274662632, 0.1338446151, 2855.2667, 2853.0000, 767.5450, 19.6629
2025-12-01 22:31:02, 0.0551262349, 0.0566461200, 0.1959165333, 0.1886592254, 2807.5063, 2706.6329, 767.8700, 21.0683
2025-12-01 22:31:08, 0.0481694602, 0.0406934676, 0.2001253140, 0.1964512485, 2700.2353, 2689.7451, 769.1800, 21.0042
2025-12-01 22:31:14, 0.0778824102, 0.0736081466, 0.1197679565, 0.1285667952, 2533.2222, 2596.1556, 766.7450, 19.1068
2025-12-01 22:31:20, 0.1002348436, 0.0883733748, 0.1926540775, 0.1620410255, 2832.3200, 2783.5400, 761.8750, 18.7800
2025-12-01 22:31:26, 0.0904229833, 0.0872965024, 0.2300804332, 0.2007329307, 2847.6863, 2743.0784, 765.6600, 20.2599
2025-12-01 22:31:32, 0.1134446618, 0.0856651397, 0.1606397604, 0.1726715070, 3018.0741, 3021.0370, 764.8850, 20.4089
2025-12-01 22:31:38, 0.0389412647, 0.0486225891, 0.1656374883, 0.1290709866, 2630.4615, 2661.0962, 763.2550, 18.0925
2025-12-01 22:31:43, 0.1162653528, 0.0658387417, 0.0857172444, 0.0749501374, 2902.2105, 2930.3421, 759.0600, 17.1932
2025-12-01 22:31:49, 0.0798111491, 0.0715526702, 0.2384052752, 0.1708591881, 2971.0370, 2810.2778, 766.8650, 20.9630
2025-12-01 22:31:55, 0.0700294172, 0.0700687459, 0.1995582012, 0.1599410727, 2735.6984, 2828.0159, 766.6300, 17.7970
2025-12-01 22:32:00, 0.0376846979, 0.0422996551, 0.1460420700, 0.1265399636, 2887.0000, 2763.4426, 766.0400, 19.1099
2025-12-01 22:32:06, 0.1118002414, 0.1120175240, 0.1523205545, 0.1534610041, 3015.8000, 3046.5556, 764.9000, 18.3178
2025-12-01 22:32:12, 0.0565922714, 0.0596349448, 0.1955301087, 0.1667638703, 2655.9032, 2681.5968, 765.3950, 18.9594
2025-12-01 22:32:18, 0.0891011850, 0.0674481948, 0.1044508638, 0.0815829522, 2422.8542, 2506.0208, 768.1800, 19.6539
2025-12-01 22:32:24, 0.0669708040, 0.0618243861, 0.1640853816, 0.1417232450, 2914.3462, 2865.5385, 764.9900, 18.8069
2025-12-01 22:32:30, 0.0691522696, 0.0717238849, 0.2188196753, 0.2053267256, 2917.3617, 2899.8936, 765.6350, 20.2904
2025-12-01 22:32:35, 0.0583038214, 0.0615818245, 0.1259008067, 0.1047807306, 2860.0351, 2773.2456, 763.9100, 20.1869
2025-12-01 22:32:41, 0.0956263029, 0.1177023508, 0.2051014096, 0.1939277049, 2848.4000, 2961.2200, 770.7850, 19.7428
2025-12-01 22:32:47, 0.0851061624, 0.0558555612, 0.1706225668, 0.1489106090, 3011.9783, 2982.1739, 770.3650, 20.7437
2025-12-01 22:32:53, 0.0684628213, 0.0749582739, 0.2244256202, 0.1788255314, 2579.9811, 2560.8302, 765.2850, 18.2232
2025-12-01 22:32:59, 0.0506042466, 0.0621046143, 0.1180486978, 0.0845415399, 2638.7778, 2642.2889, 765.8300, 20.1269
2025-12-01 22:33:05, 0.0503996040, 0.0581544140, 0.1474082598, 0.1380377593, 2567.7273, 2506.4000, 765.4300, 18.6200
2025-12-01 22:33:10, 0.0569793179, 0.0595888379, 0.1798292334, 0.1552334046, 2929.7869, 2972.0984, 764.2600, 18.2913
2025-12-01 22:33:16, 0.1072917353, 0.0785942926, 0.1634587041, 0.1399623683, 2498.1176, 2595.7059, 765.7900, 17.0662
2025-12-01 22:33:22, 0.0544487337, 0.0450132102, 0.1375812260, 0.1235744777, 2533.0755, 2514.7170, 761.9750, 17.4217
2025-12-01 22:33:28, 0.0500208681, 0.0559908661, 0.1952411479, 0.1439082183, 2792.0377, 2838.9623, 767.5800, 18.3805
2025-12-01 22:33:34, 0.0766909581, 0.1109209009, 0.2380175545, 0.2454679161, 2547.1739, 2548.3261, 766.6000, 20.0656
2025-12-01 22:33:39, 0.0361100974, 0.0338910610, 0.1513031041, 0.1360725527, 2544.0678, 2432.3390, 765.6750, 19.1363
2025-12-01 22:33:45, 0.0432059237, 0.0516372670, 0.2666719118, 0.1801356491, 2896.0857, 2700.3143, 764.2650, 18.5317
2025-12-01 22:33:51, 0.0478543249, 0.0489550552, 0.2762095108, 0.2365703206, 2927.3962, 2860.9057, 762.6550, 17.4882
2025-12-01 22:33:57, 0.0550690223, 0.0460694568, 0.1887364324, 0.1591433919, 2848.5000, 2792.6750, 765.3400, 19.8430
2025-12-01 22:34:02, 0.0364485915, 0.0369413495, 0.2477091148, 0.1950266880, 2916.7292, 2846.1667, 763.4450, 18.2737
2025-12-01 22:34:08, 0.0599913367, 0.0732907350, 0.1934884416, 0.1565670164, 2730.9636, 2706.0182, 767.9350, 19.3293
2025-12-01 22:34:14, 0.1066166348, 0.1067049638, 0.1702601590, 0.2022215312, 2762.4340, 2950.5660, 765.6150, 17.7222
2025-12-01 22:34:20, 0.0601429638, 0.0702961824, 0.2440167807, 0.1771406408, 2688.4773, 2674.8182, 766.3350, 19.5167
2025-12-01 22:34:25, 0.0579048513, 0.0744058736, 0.1505262003, 0.1685161879, 2481.5000, 2640.0000, 765.9250, 17.5937
2025-12-01 22:34:31, 0.0389729200, 0.0465337287, 0.2064561553, 0.1707658017, 2839.2830, 2818.7170, 765.8950, 16.5131
2025-12-01 22:34:37, 0.0634707056, 0.0540786516, 0.1377101034, 0.1569401013, 2321.2326, 2420.8140, 764.0750, 17.0915
2025-12-01 22:34:43, 0.0619159502, 0.0597492072, 0.2872313166, 0.2632205616, 2406.5455, 2445.3182, 763.9350, 16.7278
2025-12-01 22:34:48, 0.0602107279, 0.0631538312, 0.3144711032, 0.2764647186, 2941.2075, 2932.2453, 762.3000, 17.7178
2025-12-01 22:34:54, 0.1036790139, 0.0940289054, 0.2062258853, 0.1940271798, 2583.4792, 2559.3958, 764.9700, 17.6522
2025-12-01 22:35:00, 0.1104730995, 0.1532482252, 0.2906799162, 0.2239469997, 2719.3333, 2636.8333, 764.9250, 18.2677
2025-12-01 22:35:06, 0.0529227235, 0.0513018594, 0.2842155706, 0.1746503601, 2334.2449, 2274.8367, 761.9950, 18.1291
2025-12-01 22:35:12, 0.0614975193, 0.0712153808, 0.1051393211, 0.1118808429, 2673.7234, 2707.4468, 762.4200, 18.0578
2025-12-01 22:35:17, 0.0300404095, 0.0329973534, 0.2285880326, 0.2854848018, 2880.7576, 2818.6364, 766.1600, 17.5233
2025-12-01 22:35:23, 0.0546457518, 0.0436232514, 0.1891085274, 0.1243447735, 2463.6458, 2379.1250, 765.8600, 20.1601
2025-12-01 22:35:29, 0.0449780707, 0.0467249088, 0.2883224111, 0.2540904527, 2761.4528, 2760.9623, 763.6150, 19.3245
2025-12-01 22:35:35, 0.0589845161, 0.0684883300, 0.2368005833, 0.1692480507, 2886.8545, 2726.0000, 761.9500, 18.4932
2025-12-01 22:35:41, 0.0661716295, 0.0687640521, 0.2293764596, 0.2527136032, 2422.5690, 2446.5517, 761.3650, 20.4532
2025-12-01 22:35:46, 0.0893779203, 0.0905440644, 0.1799899893, 0.1759264607, 2853.7358, 2832.0000, 759.8050, 19.8602
2025-12-01 22:35:52, 0.0692009154, 0.0544463084, 0.2026912123, 0.2017822854, 2644.7755, 2594.5306, 761.8650, 17.9921
2025-12-01 22:35:58, 0.0614737044, 0.0686823241, 0.1379665340, 0.1769114725, 2471.1750, 2516.5750, 764.1750, 17.8627
2025-12-01 22:36:03, 0.0823884408, 0.0755543599, 0.1992771445, 0.1818773208, 2738.6944, 2905.3056, 763.6350, 17.7790
2025-12-01 22:36:09, 0.0455389384, 0.0336094247, 0.1106028326, 0.0791650441, 2635.7895, 2636.7368, 762.9550, 19.8691
2025-12-01 22:36:15, 0.0765170318, 0.0462049568, 0.2504802771, 0.2143580709, 2532.4468, 2527.6596, 759.9000, 18.7973
2025-12-01 22:36:20, 0.0496934237, 0.0580374780, 0.2374565817, 0.2563470517, 2802.6471, 2850.8039, 765.4450, 18.7661
2025-12-01 22:36:26, 0.0624707821, 0.0608136436, 0.3019685450, 0.3117055380, 2483.2558, 2475.4186, 766.2950, 15.4518
2025-12-01 22:36:32, 0.1425156974, 0.1075433732, 0.2444116671, 0.2675019478, 2679.0000, 2685.6111, 766.3650, 18.1097
2025-12-01 22:36:38, 0.0474348692, 0.0462475883, 0.4447010954, 0.2761014213, 2888.2241, 2793.1724, 763.9050, 18.4162
2025-12-01 22:36:44, 0.0600094062, 0.0710861068, 0.2780570254, 0.3093366933, 2604.7143, 2620.2449, 768.1000, 17.3787
2025-12-01 22:36:49, 0.0772632098, 0.0675221794, 0.2027630117, 0.2484333176, 2783.5333, 2797.3778, 766.7900, 16.5914
2025-12-01 22:36:55, 0.0868935120, 0.0765377737, 0.1569246495, 0.1350797877, 2342.7273, 2276.5091, 764.9850, 18.5315
2025-12-01 22:37:01, 0.1035031834, 0.0948299518, 0.1702543165, 0.1428140531, 2664.9273, 2689.2727, 764.0300, 17.8451
2025-12-01 22:37:06, 0.0855432049, 0.0846905660, 0.2738855850, 0.2623324764, 2569.1860, 2618.3488, 764.6750, 18.5075
2025-12-01 22:37:12, 0.1012538443, 0.0971413839, 0.2434963713, 0.2205140085, 2487.8750, 2516.7708, 763.9200, 18.1514
2025-12-01 22:37:18, 0.0497660170, 0.0479120932, 0.1186068772, 0.1379123272, 2360.2083, 2494.6667, 761.1150, 18.8693
2025-12-01 22:37:24, 0.0364178531, 0.0428518267, 0.1402839569, 0.1593568134, 2293.8600, 2315.4800, 766.5800, 17.9648
2025-12-01 22:37:29, 0.0534608247, 0.0492244942, 0.3159438639, 0.2850262624, 2952.1778, 2841.8889, 764.3500, 17.6144
2025-12-01 22:37:35, 0.0535905076, 0.0446922479, 0.1673984580, 0.1708319201, 2443.8475, 2494.0169, 769.0050, 17.8999
2025-12-01 22:37:41, 0.0718100285, 0.0566356996, 0.2462184866, 0.2532244319, 2730.7705, 2802.7049, 762.1600, 17.3653
2025-12-01 22:37:47, 0.0471566211, 0.0406733688, 0.1941988605, 0.1537069523, 2428.8958, 2266.6042, 760.4300, 17.9576
2025-12-01 22:37:52, 0.0297979155, 0.0323313392, 0.1793628155, 0.1423475822, 2578.9423, 2490.2885, 762.8700, 19.4153
2025-12-01 22:37:58, 0.0419269805, 0.0427320846, 0.2375057675, 0.2184588274, 2863.9545, 2896.7500, 759.9400, 19.4938
2025-12-01 22:38:04, 0.0284555246, 0.0459892433, 0.2157248383, 0.1773343860, 2945.7547, 2879.2075, 763.9550, 19.1490
2025-12-01 22:38:10, 0.0576879801, 0.0663644413, 0.1507485082, 0.1518847689, 2811.6170, 2663.0638, 761.9500, 19.5263
2025-12-01 22:38:16, 0.0369234036, 0.0354532449, 0.2091522819, 0.2501740548, 2376.0208, 2500.6250, 759.7600, 19.1709
2025-12-01 22:38:22, 0.0304669272, 0.0291961868, 0.1369231578, 0.1223402943, 2872.0000, 2770.8235, 761.8600, 18.9718
2025-12-01 22:38:28, 0.0566106423, 0.0577760470, 0.2719234750, 0.2133970567, 2482.3968, 2412.7619, 761.2650, 17.1264
2025-12-01 22:38:34, 0.0971192605, 0.0844644427, 0.1925709985, 0.1995535753, 2826.9302, 2784.5116, 761.2600, 17.5260
2025-12-01 22:38:39, 0.0768318291, 0.0709429634, 0.2404581688, 0.2238322207, 2618.5152, 2672.8333, 762.0900, 19.4147
2025-12-01 22:38:45, 0.0426127792, 0.0402638211, 0.1041338965, 0.1184020136, 2534.9630, 2532.9444, 762.3900, 18.3828
2025-12-01 22:38:51, 0.0659888192, 0.0612632354, 0.1999898137, 0.2214743859, 2652.8974, 2724.0000, 759.6200, 19.0199
2025-12-01 22:38:56, 0.0437659079, 0.0505830779, 0.2078595184, 0.1930560216, 2769.6154, 2716.6154, 763.2750, 18.0607
2025-12-01 22:39:02, 0.0278556474, 0.0271260401, 0.1864130048, 0.2155309405, 2514.8000, 2543.3714, 757.7550, 18.1446
2025-12-01 22:39:08, 0.0685273123, 0.0546131597, 0.2327617721, 0.2515488571, 2837.3590, 2913.7179, 762.5550, 17.0014
2025-12-01 22:39:14, 0.0729363474, 0.0632619247, 0.1851857791, 0.2026953182, 2690.8108, 2711.1081, 761.6000, 17.3061
2025-12-01 22:39:19, 0.0661848949, 0.0574928424, 0.2653508131, 0.2776358887, 2922.7609, 3050.4348, 759.7300, 18.0191
2025-12-01 22:39:25, 0.0537268825, 0.0766016481, 0.2450493348, 0.2545178357, 2856.5897, 2903.2821, 761.0600, 19.0758
2025-12-01 22:39:31, 0.0550160666, 0.0545692492, 0.1866792331, 0.1674911278, 2622.2037, 2658.0926, 761.3150, 16.4908
2025-12-01 22:39:37, 0.0578991015, 0.0551644610, 0.2165555464, 0.1899982318, 2466.1333, 2437.2000, 758.3000, 15.9223
2025-12-01 22:39:43, 0.0807412647, 0.0799778637, 0.2448669246, 0.1974722892, 2873.5094, 2821.6038, 759.9250, 16.5411
2025-12-01 22:39:48, 0.0780267931, 0.0697645010, 0.2298244226, 0.2338529298, 2631.5385, 2603.7500, 758.2850, 17.9609
2025-12-01 22:39:54, 0.1233394424, 0.1037803378, 0.2853519686, 0.2716608020, 2545.7778, 2631.2000, 757.5700, 17.8088
2025-12-01 22:40:00, 0.0620324162, 0.0694332100, 0.1488983942, 0.1416031565, 2395.8065, 2376.5806, 755.8350, 17.0692
2025-12-01 22:40:06, 0.0599712721, 0.0804121230, 0.1886373111, 0.1914707104, 2571.1613, 2554.8387, 761.5150, 18.1381
2025-12-01 22:40:12, 0.0667214569, 0.0673521605, 0.2202597943, 0.2113282421, 2897.7925, 2845.6038, 754.1200, 17.2877
2025-12-01 22:40:18, 0.0578645750, 0.0591063915, 0.2157817080, 0.1554819812, 2440.8333, 2442.5000, 757.3500, 17.3738
2025-12-01 22:40:23, 0.0661846006, 0.0523913091, 0.1820277555, 0.1684367018, 2780.2973, 2861.5405, 758.4350, 18.2232
2025-12-01 22:40:29, 0.0532406530, 0.0778627152, 0.1704903952, 0.1502293636, 2915.3721, 2964.6047, 757.7650, 18.2327
2025-12-01 22:40:35, 0.0568941906, 0.0471330524, 0.1983919319, 0.1750769926, 2620.8214, 2650.6429, 758.3350, 17.9031
2025-12-01 22:40:41, 0.0555744791, 0.0518179836, 0.1678695099, 0.1802149049, 2709.1207, 2746.1552, 759.9150, 19.4380
2025-12-01 22:40:46, 0.0603475098, 0.0707906311, 0.2010763160, 0.1352959700, 2970.6667, 2858.6667, 762.8700, 18.0655
2025-12-01 22:40:52, 0.0734061533, 0.0731359572, 0.1627178570, 0.1658255870, 2998.2321, 2985.5000, 765.1300, 18.6081
2025-12-01 22:40:58, 0.0865405324, 0.0681535476, 0.1685917870, 0.1771346618, 2435.3611, 2466.4306, 765.2400, 17.0723
2025-12-01 22:41:03, 0.0367392965, 0.0376436392, 0.1792074278, 0.1744235192, 2651.7465, 2535.8169, 762.9300, 17.8164
2025-12-01 22:41:09, 0.0617390571, 0.0580740512, 0.1566016727, 0.1189495686, 2586.5417, 2511.3056, 766.0900, 16.5889
2025-12-01 22:41:15, 0.0228533365, 0.0215285693, 0.1671442166, 0.1796377996, 2522.7750, 2428.6625, 762.4250, 18.8368
2025-12-01 22:41:21, 0.0276344539, 0.0346638049, 0.1734073489, 0.1335313325, 2585.4528, 2575.3208, 762.0500, 17.8229
2025-12-01 22:41:26, 0.0492270275, 0.0490626367, 0.1299130376, 0.1502176449, 2698.0580, 2878.1014, 758.7150, 17.0931
2025-12-01 22:41:32, 0.0680390776, 0.0925167507, 0.1730685673, 0.1452313172, 2857.9286, 2995.0714, 761.7050, 17.5325
2025-12-01 22:41:38, 0.0384977529, 0.0381607631, 0.1653887510, 0.1437780807, 2504.3167, 2702.9667, 763.0750, 16.8976
2025-12-01 22:41:44, 0.0310340259, 0.0356668203, 0.1403250270, 0.1926455000, 2569.6562, 2680.9844, 762.2200, 18.6575
2025-12-01 22:41:50, 0.0354487490, 0.0358182375, 0.2073749443, 0.1872377579, 2721.9180, 2515.8033, 761.9450, 17.1144
2025-12-01 22:41:56, 0.0393752463, 0.0344865849, 0.1331329410, 0.1260758407, 2593.1270, 2482.8730, 761.1000, 19.5584
2025-12-01 22:42:01, 0.0454741014, 0.0508891543, 0.1029121778, 0.0938179807, 2490.7778, 2456.3148, 762.8950, 18.7188
2025-12-01 22:42:07, 0.0358187453, 0.0361014624, 0.2264498428, 0.1916372782, 2857.7568, 2746.6351, 761.7200, 17.1450
2025-12-01 22:42:13, 0.0345344197, 0.0291043692, 0.1673190657, 0.1351297465, 2798.0781, 2643.3281, 758.1100, 19.4180
2025-12-01 22:42:19, 0.0419499906, 0.0340151248, 0.0923996188, 0.1029885823, 2381.9322, 2471.8305, 760.2200, 19.0523
2025-12-01 22:42:24, 0.0662020481, 0.0627814986, 0.1321272626, 0.1310209415, 2587.5781, 2621.7812, 761.8400, 17.5435
2025-12-01 22:42:30, 0.0359143743, 0.0382091057, 0.1317314534, 0.1444341272, 2492.5231, 2414.4000, 761.1050, 17.7058
2025-12-01 22:42:36, 0.0410646079, 0.0348309929, 0.1716124694, 0.1587964516, 2853.8030, 2909.7879, 758.5750, 17.3079
2025-12-01 22:42:41, 0.0404828779, 0.0410445102, 0.1589838457, 0.1593044309, 2870.2295, 2842.2623, 758.3000, 18.1557
2025-12-01 22:42:47, 0.0474918315, 0.0449900832, 0.0982919064, 0.1084228834, 2702.7258, 2680.3548, 759.8950, 17.5235
2025-12-01 22:42:53, 0.0967504257, 0.0776467739, 0.1640575217, 0.1206240891, 3109.2264, 3033.5472, 759.3500, 18.4238
2025-12-01 22:42:59, 0.0591539862, 0.0473404599, 0.1375880915, 0.1333429027, 2771.9286, 2741.4107, 760.7100, 20.1188
2025-12-01 22:43:04, 0.0603533051, 0.0675308409, 0.1409956300, 0.0958374716, 2616.7143, 2545.0179, 760.6350, 18.3693
2025-12-01 22:43:10, 0.0711466068, 0.0880261914, 0.1945422736, 0.1854367430, 2996.7609, 3049.8478, 760.7600, 20.5269
2025-12-01 22:43:16, 0.0716407326, 0.0586651042, 0.1421606469, 0.1604750942, 2773.0000, 2808.2917, 758.3750, 19.1975
2025-12-01 22:43:21, 0.0739158027, 0.0813401500, 0.1596883378, 0.1382372739, 2630.8776, 2613.7347, 761.5150, 20.2114
2025-12-01 22:43:27, 0.0566149977, 0.0670565426, 0.1192718061, 0.1303077944, 2942.9167, 2841.6667, 763.6750, 20.8622
2025-12-01 22:43:33, 0.0498231914, 0.0446735842, 0.1350779276, 0.1091313854, 2644.2286, 2680.1714, 767.2000, 19.2694
2025-12-01 22:43:39, 0.0385364918, 0.0377006245, 0.1737703664, 0.1558511719, 2631.5139, 2594.3750, 765.3350, 18.4457
2025-12-01 22:43:45, 0.0807991321, 0.0599839029, 0.1363864497, 0.1322447411, 2581.8222, 2516.8667, 765.4700, 19.0809
2025-12-01 22:43:50, 0.0815445993, 0.0603853779, 0.1689756199, 0.1796564710, 2954.0417, 2959.2500, 766.3800, 20.1327
2025-12-01 22:43:56, 0.0796197508, 0.0874584662, 0.1933685357, 0.2387777737, 2900.7593, 3017.0370, 765.0550, 19.4093
2025-12-01 22:44:02, 0.0612103494, 0.0965195053, 0.2014354406, 0.1287103944, 2870.5370, 2859.6667, 764.9050, 19.6241
2025-12-01 22:44:08, 0.0680376984, 0.0513548262, 0.0991706713, 0.1184314664, 2482.4561, 2479.0877, 767.2950, 17.6790
2025-12-01 22:44:13, 0.1196631968, 0.1005927762, 0.2412037304, 0.2256112212, 2854.7959, 2864.6735, 767.2750, 17.6082
2025-12-01 22:44:19, 0.0685562956, 0.0739677497, 0.2217962850, 0.1897150166, 2722.5319, 2630.8723, 765.0400, 19.0761
2025-12-01 22:44:25, 0.0715518917, 0.0699745835, 0.2452645748, 0.2490715255, 2509.0200, 2597.9600, 766.7950, 18.9194
2025-12-01 22:44:31, 0.0331042190, 0.0419680643, 0.1239299385, 0.1500838251, 2772.3818, 2800.2364, 767.2950, 19.1156
2025-12-01 22:44:37, 0.0482093164, 0.0586368531, 0.1350901880, 0.1139724262, 2779.3273, 2781.7455, 767.4600, 19.4216
2025-12-01 22:44:42, 0.0588469762, 0.0715490121, 0.1717952055, 0.1790610462, 2829.9200, 2759.4200, 762.5100, 17.6960
2025-12-01 22:44:48, 0.1199911202, 0.0735528808, 0.2044198387, 0.1672658179, 2772.6897, 2828.2241, 765.0150, 18.0401
2025-12-01 22:44:54, 0.0934216646, 0.0680935441, 0.1764492322, 0.1347841523, 2827.5818, 2820.1818, 763.3850, 18.0971
2025-12-01 22:44:59, 0.0715790745, 0.0701477534, 0.1443546612, 0.1622561656, 2590.2364, 2611.9818, 769.1200, 18.8302
2025-12-01 22:45:05, 0.0628948734, 0.0733615093, 0.1490833572, 0.1377254578, 2830.2222, 2814.5714, 762.5500, 18.0573
2025-12-01 22:45:11, 0.0853437605, 0.0791147619, 0.1413113172, 0.1879391008, 2631.3265, 2685.1837, 764.4350, 19.2067
2025-12-01 22:45:17, 0.0571615204, 0.0585376335, 0.1704196804, 0.1510146711, 2838.6000, 2844.9273, 762.6250, 16.6170
2025-12-01 22:45:23, 0.0377328982, 0.0419039701, 0.1180576835, 0.1212237345, 2532.8906, 2490.3906, 760.7450, 19.1742
2025-12-01 22:45:28, 0.0554449812, 0.0632068136, 0.1809425255, 0.1433207350, 2727.3208, 2787.6226, 768.1350, 19.5161
2025-12-01 22:45:34, 0.0839007687, 0.0637910874, 0.1416399233, 0.0923379216, 2612.9796, 2553.1837, 762.4300, 15.8115
2025-12-01 22:45:40, 0.0824905273, 0.0703418368, 0.1645662108, 0.1652852149, 2812.2449, 2900.8367, 763.7850, 18.1447
2025-12-01 22:45:46, 0.0846386254, 0.0905162054, 0.1402942069, 0.1651110806, 2907.4118, 2907.7843, 761.2600, 15.6889
2025-12-01 22:45:52, 0.0837870354, 0.0856182748, 0.1267147406, 0.1106698341, 2611.7400, 2502.8200, 763.9100, 18.0539
2025-12-01 22:45:57, 0.1142994083, 0.1145807290, 0.2431265956, 0.2274887350, 2966.1111, 2893.3889, 762.5450, 18.8178
2025-12-01 22:46:04, 0.0752304988, 0.0868783009, 0.1164314972, 0.1217975438, 2801.2200, 2732.9800, 762.6350, 17.5303
2025-12-01 22:46:09, 0.0735611033, 0.1090027917, 0.1519476553, 0.1244114490, 2620.9815, 2557.8704, 763.7800, 19.2733
2025-12-01 22:46:15, 0.0858762442, 0.1021540012, 0.2259900388, 0.2087279037, 2595.9259, 2541.6296, 766.3350, 18.3946
2025-12-01 22:46:21, 0.0405480274, 0.0460105900, 0.3227192763, 0.2849740141, 2464.1636, 2453.8000, 762.2550, 16.9744
2025-12-01 22:46:27, 0.0703072784, 0.1012692251, 0.2735911646, 0.1706224603, 2740.6379, 2684.5172, 762.8150, 18.6293
2025-12-01 22:46:32, 0.0640913608, 0.0767392365, 0.1714839139, 0.1405802290, 2683.6410, 2687.0513, 766.4050, 17.5528
2025-12-01 22:46:38, 0.0634473242, 0.0612542982, 0.1373193888, 0.1173687036, 2559.1489, 2564.9574, 764.4900, 18.7721
2025-12-01 22:46:44, 0.0611897826, 0.0571550124, 0.1409084609, 0.1556526292, 2909.3556, 3013.6000, 765.4700, 17.1304
2025-12-01 22:46:50, 0.0682579056, 0.0456517708, 0.2086575028, 0.1628432773, 2814.4308, 2710.7846, 762.9150, 18.3896
2025-12-01 22:46:56, 0.0650823386, 0.0623898150, 0.2664414927, 0.1531986732, 2897.6500, 2776.1333, 766.6400, 18.4169
2025-12-01 22:47:01, 0.0739169960, 0.0737810593, 0.3168192172, 0.2272542457, 2842.2264, 2743.0189, 764.8500, 18.2496
2025-12-01 22:47:07, 0.1035786610, 0.0793474792, 0.2032444746, 0.1541973442, 2444.2571, 2417.1143, 760.1850, 16.4259
2025-12-01 22:47:13, 0.0786248125, 0.0817897053, 0.1723295207, 0.1898618227, 2482.8542, 2515.4583, 767.6650, 16.3836
2025-12-01 22:47:19, 0.0777327284, 0.0621860672, 0.5223071584, 0.4830443344, 2558.0000, 2512.4048, 764.0050, 19.0970
2025-12-01 22:47:25, 0.0986706875, 0.1141916404, 0.1631758473, 0.1653115608, 2823.7115, 2952.7692, 762.8450, 19.0935
2025-12-01 22:47:30, 0.0871336376, 0.0895564085, 0.1681620632, 0.1461389661, 2885.5405, 2867.6216, 763.0700, 19.0671
2025-12-01 22:47:36, 0.0668982327, 0.0719245210, 0.2670269831, 0.3182848564, 2266.3898, 2297.0000, 765.8750, 17.7927
2025-12-01 22:47:42, 0.0782362025, 0.0912433537, 0.3101340820, 0.3039083629, 2705.5333, 2870.4444, 761.7850, 18.9320
2025-12-01 22:47:47, 0.0724978273, 0.0880553452, 0.1760654566, 0.1886047705, 2513.1186, 2540.9831, 763.8600, 18.0422
2025-12-01 22:47:53, 0.0623772661, 0.0712009546, 0.2786790196, 0.2030330544, 2887.9796, 2825.2449, 761.7000, 19.6099
2025-12-01 22:47:59, 0.1006692645, 0.0928201090, 0.2558420805, 0.1941690044, 2776.3250, 2572.2000, 763.2600, 18.8749
2025-12-01 22:48:05, 0.0615624485, 0.0779943773, 0.3354186838, 0.2345136953, 2462.7368, 2439.0175, 765.8000, 17.6839
2025-12-01 22:48:10, 0.0912767192, 0.0780663630, 0.3413705251, 0.4462256506, 2829.6735, 2900.9184, 764.6200, 19.3498
2025-12-01 22:48:16, 0.0543343961, 0.0527765989, 0.2883642849, 0.2052357461, 2619.0816, 2542.7551, 765.0550, 17.4912
2025-12-01 22:48:22, 0.0845336662, 0.0762752562, 0.3133479150, 0.2874965581, 2549.2500, 2522.0750, 764.7900, 17.7988
2025-12-01 22:48:28, 0.0764741693, 0.0653556453, 0.3023372343, 0.3377012591, 2411.6154, 2466.5385, 763.4150, 17.9895
2025-12-01 22:48:34, 0.0386563378, 0.0355546355, 0.2137891353, 0.2680278550, 3169.6735, 3185.7143, 761.0550, 19.8505
2025-12-01 22:48:39, 0.0588833794, 0.0722917360, 0.3070361283, 0.2908718235, 2507.6818, 2495.5682, 762.9900, 17.3758
2025-12-01 22:48:45, 0.1146172488, 0.1023083697, 0.1840413376, 0.1380812603, 2390.9048, 2397.8333, 763.5550, 18.2759
2025-12-01 22:48:51, 0.1051515437, 0.1250589775, 0.1599272161, 0.1318722143, 2343.0244, 2350.4146, 762.2400, 18.7126
2025-12-01 22:48:56, 0.0920620455, 0.1062012835, 0.1161614893, 0.1632726356, 2403.5750, 2456.2750, 763.5200, 18.7782
2025-12-01 22:49:02, 0.1078055014, 0.1511146880, 0.1565518060, 0.1769044779, 2654.9211, 2660.5000, 763.6800, 19.3646
2025-12-01 22:49:08, 0.1275705557, 0.1132457458, 0.1985600565, 0.1746256356, 2673.8824, 2723.0000, 761.6000, 18.5952
2025-12-01 22:49:14, 0.0793628905, 0.0938263183, 0.1927842597, 0.2027222705, 2623.0244, 2636.1707, 764.1300, 19.4839
2025-12-01 22:49:20, 0.1173817793, 0.0913165264, 0.2583515884, 0.2268740090, 3082.6053, 2858.0789, 766.1900, 21.0458
2025-12-01 22:49:25, 0.0787823270, 0.0777080402, 0.2895352168, 0.2348060529, 2866.6735, 2727.0816, 764.4400, 17.7030
2025-12-01 22:49:31, 0.0594734461, 0.0506279944, 0.2334556531, 0.2293185084, 2711.3818, 2664.2545, 763.0150, 19.4824
2025-12-01 22:49:38, 0.0531658786, 0.0530286600, 0.2779900098, 0.2782100938, 2891.9189, 2889.7027, 764.2250, 17.0351
2025-12-01 22:49:43, 0.1089740616, 0.1242649687, 0.2327419731, 0.2831632743, 2522.6667, 2540.0278, 761.9800, 21.0002
2025-12-01 22:49:49, 0.0688953075, 0.0662113120, 0.1679794404, 0.1467028938, 2728.9492, 2732.1695, 761.8600, 20.0831
2025-12-01 22:49:55, 0.0437901371, 0.0466100740, 0.2075471262, 0.1509512757, 2626.0417, 2608.3125, 764.2600, 18.2061
2025-12-01 22:50:00, 0.0793506700, 0.0733930067, 0.1902271723, 0.1782815732, 2749.9400, 2671.1600, 762.9800, 17.5946
2025-12-01 22:50:06, 0.0850829337, 0.0698655545, 0.1539208113, 0.1285077446, 2475.8889, 2514.9333, 763.0150, 18.8755
2025-12-01 22:50:12, 0.0894848118, 0.0725568710, 0.1519550763, 0.1534394604, 2842.5714, 2775.1071, 763.0600, 18.2665
2025-12-01 22:50:18, 0.0781085557, 0.0723282343, 0.1466916708, 0.1631304825, 2521.3333, 2670.4815, 762.1250, 19.3535
2025-12-01 22:50:24, 0.0677326267, 0.0779519884, 0.1988180908, 0.2402468594, 2556.4909, 2551.1455, 762.0050, 18.9353
2025-12-01 22:50:30, 0.0745688832, 0.0753218054, 0.1914918391, 0.1876079819, 2427.8448, 2349.2931, 763.1000, 18.8213
2025-12-01 22:50:35, 0.0703504241, 0.0994433941, 0.1019930124, 0.1090270826, 2688.3864, 2767.1818, 762.7750, 17.1838
2025-12-01 22:50:41, 0.0613533705, 0.0668080811, 0.2162226087, 0.2773886814, 2556.1020, 2540.8776, 759.4500, 17.3510
2025-12-01 22:50:47, 0.0951954684, 0.1037881467, 0.1950881551, 0.1213844062, 2718.0667, 2610.2444, 764.3900, 18.8002
2025-12-01 22:50:53, 0.0999501484, 0.1397236969, 0.1597869373, 0.1417526556, 2681.6000, 2734.5000, 762.1700, 18.0865
2025-12-01 22:50:58, 0.0599658699, 0.0653874520, 0.1471381436, 0.1121573837, 2806.8438, 2911.0625, 764.8400, 17.9868
2025-12-01 22:51:04, 0.0769352661, 0.0821532025, 0.1976126550, 0.1867645292, 2703.3051, 2799.1356, 758.4400, 17.0378
2025-12-01 22:51:10, 0.0819714266, 0.0844647570, 0.2406067454, 0.2184735506, 2788.0600, 2822.3800, 762.3200, 18.6115
2025-12-01 22:51:16, 0.0947798005, 0.0978310374, 0.1719894878, 0.1692707970, 2669.4286, 2785.5510, 763.7750, 16.8871
2025-12-01 22:51:22, 0.0538766070, 0.0524134070, 0.1014364655, 0.1115435042, 2668.0755, 2581.7736, 758.2350, 18.0036
2025-12-01 22:51:28, 0.0458283749, 0.0499892106, 0.2036566062, 0.1900023937, 3015.7273, 2962.3636, 762.6000, 18.6834
2025-12-01 22:51:34, 0.0734026649, 0.0658336879, 0.1091464165, 0.0920498864, 2487.5818, 2469.4727, 762.1550, 17.5174
2025-12-01 22:51:39, 0.0685554306, 0.0869491611, 0.2038803939, 0.1506386278, 2914.4000, 2835.7800, 763.3000, 18.0920
2025-12-01 22:51:45, 0.0318985358, 0.0359834786, 0.2889186286, 0.2152151961, 2766.1429, 2626.5893, 758.3500, 19.2085
2025-12-01 22:51:51, 0.0628928588, 0.0671686972, 0.1595237005, 0.1938231883, 2427.5510, 2414.8367, 761.7900, 18.0955
2025-12-01 22:51:57, 0.1326148950, 0.1123632767, 0.2527798589, 0.2460770950, 2907.6809, 2917.8723, 761.7800, 17.4187
2025-12-01 22:52:02, 0.0644561229, 0.0527939457, 0.3279643631, 0.2568930175, 2706.3443, 2735.1639, 761.3350, 18.4145
2025-12-01 22:52:08, 0.0662107842, 0.0534615471, 0.2471900026, 0.2391262417, 3051.6458, 2971.8125, 763.8050, 19.8115
2025-12-01 22:52:14, 0.0951868612, 0.0828968650, 0.1862492309, 0.2323962691, 2867.0000, 2897.6038, 760.1050, 17.4741
2025-12-01 22:52:20, 0.0811826675, 0.0855340890, 0.2002310345, 0.1659189510, 2455.2791, 2455.7674, 764.4900, 19.8351
2025-12-01 22:52:26, 0.0843713136, 0.0797137416, 0.2150115951, 0.1717720429, 2550.9459, 2603.0541, 761.2900, 18.5821
2025-12-01 22:52:31, 0.0645190394, 0.0729433305, 0.1767444329, 0.1447806337, 2672.8750, 2569.9792, 761.9150, 19.0478
2025-12-01 22:52:37, 0.0466142046, 0.0477301772, 0.2922043804, 0.2734833915, 2769.4468, 2721.6383, 762.1350, 19.0270
2025-12-01 22:52:43, 0.0850977314, 0.1061874533, 0.1817220750, 0.1852669737, 2661.8649, 2694.1622, 767.3100, 18.7671
2025-12-01 22:52:48, 0.0395210783, 0.0458716159, 0.1606644962, 0.1286562114, 2811.5745, 2654.8511, 763.1300, 18.2423
2025-12-01 22:52:54, 0.0451674231, 0.0517783828, 0.1416927682, 0.1441644383, 2616.0526, 2622.6316, 763.5650, 18.8986
2025-12-01 22:53:00, 0.0491163813, 0.0330708227, 0.3998768564, 0.2925160078, 2658.6364, 2436.3864, 765.8550, 18.1222
2025-12-01 22:53:06, 0.0523964116, 0.0527677061, 0.2683202759, 0.2183264180, 3014.4828, 3064.5517, 765.5000, 17.9148
2025-12-01 22:53:11, 0.0665207189, 0.0534325771, 0.1994387095, 0.1676676292, 2671.0408, 2633.3265, 762.2600, 19.4155
2025-12-01 22:53:17, 0.0596883924, 0.0508195275, 0.1981776292, 0.2031970949, 2580.0755, 2615.2830, 759.5500, 18.2846
2025-12-01 22:53:23, 0.0619230830, 0.0742485046, 0.2085193695, 0.1845243233, 2774.7778, 2804.8000, 765.3000, 20.0192
2025-12-01 22:53:29, 0.0700758394, 0.0696777955, 0.2229992234, 0.2647830817, 2694.2553, 2614.1489, 767.1600, 18.5845
2025-12-01 22:53:34, 0.0985439387, 0.0732350142, 0.2918578982, 0.1584619106, 2604.4516, 2540.1935, 765.5750, 18.3271
2025-12-01 22:53:40, 0.0606491856, 0.0591162775, 0.1591925384, 0.2111247598, 2455.4909, 2468.3273, 765.4650, 17.4820
2025-12-01 22:53:46, 0.0594324928, 0.0682793957, 0.2533522125, 0.2334854606, 3103.0566, 3141.9811, 768.0550, 18.4776
2025-12-01 22:53:52, 0.0550591413, 0.0501667643, 0.1661983094, 0.1339063010, 2288.4255, 2388.2766, 767.0150, 17.5632
2025-12-01 22:53:57, 0.0847328083, 0.0715899515, 0.1762358966, 0.1756321686, 2521.2432, 2434.4595, 765.2950, 17.7079
2025-12-01 22:54:03, 0.0638969010, 0.0733723824, 0.3185346433, 0.3119981570, 2708.1765, 2644.2353, 766.9350, 19.0095
2025-12-01 22:54:09, 0.0622782519, 0.0552797107, 0.1735074659, 0.2214057796, 2537.8958, 2579.0833, 765.9700, 17.4318
2025-12-01 22:54:15, 0.0679860670, 0.0546716383, 0.1651967315, 0.1663537264, 2598.7222, 2663.8148, 766.8450, 17.4869
2025-12-01 22:54:20, 0.0723985619, 0.0534011372, 0.3154665692, 0.2522781218, 2830.4211, 2744.1228, 761.5500, 18.8329
2025-12-01 22:54:26, 0.0645961335, 0.0909451094, 0.2465904701, 0.2601442345, 2695.3830, 2748.8085, 763.2850, 18.7610
2025-12-01 22:54:32, 0.0554249809, 0.0508968411, 0.1725465847, 0.1542583067, 2749.6190, 2800.6349, 769.6500, 18.0415
2025-12-01 22:54:38, 0.0567811840, 0.0675431676, 0.1524308961, 0.1414719833, 3222.0204, 3081.6531, 758.6050, 16.4523
2025-12-01 22:54:44, 0.0517861775, 0.0461098383, 0.2094412728, 0.1846897949, 2798.7037, 2684.9630, 766.3000, 19.2684
2025-12-01 22:54:49, 0.0373933838, 0.0321035166, 0.2204558138, 0.2332730990, 2676.6842, 2723.6842, 757.8650, 18.4336
2025-12-01 22:54:55, 0.0741756449, 0.0697956422, 0.2077879758, 0.1729385439, 2337.1395, 2426.7442, 763.3550, 18.0660
2025-12-01 22:55:01, 0.0620581587, 0.0651116621, 0.3221019966, 0.2879998303, 2418.5319, 2414.4255, 765.2450, 18.6611
2025-12-01 22:55:07, 0.1061655169, 0.0885068673, 0.2639200773, 0.2854438383, 2882.7234, 2963.3617, 764.2350, 19.1201
2025-12-01 22:55:13, 0.0917220590, 0.0865766940, 0.1538436884, 0.1470311544, 2539.1702, 2547.8936, 759.9350, 18.4760
2025-12-01 22:55:18, 0.0627229088, 0.0793466356, 0.1914579622, 0.1627100675, 2460.5116, 2460.4651, 757.9300, 18.5654
2025-12-01 22:55:24, 0.0851310671, 0.0575633506, 0.2549907988, 0.1856169063, 2747.5106, 2640.3617, 758.0100, 18.1953
2025-12-01 22:55:30, 0.1131648626, 0.1035380024, 0.1592503134, 0.1096979226, 2670.3333, 2582.7436, 758.1900, 20.6326
2025-12-01 22:55:36, 0.0608420111, 0.0609497974, 0.2005354428, 0.2265495944, 2294.8846, 2316.9423, 759.1550, 18.6451
2025-12-01 22:55:42, 0.0975633179, 0.0906321709, 0.2614018972, 0.2900492677, 2652.5455, 2624.2955, 759.0650, 17.4009
2025-12-01 22:55:47, 0.0806380603, 0.0928009701, 0.2126661513, 0.1948260172, 2298.7561, 2287.3902, 758.5250, 19.1593
2025-12-01 22:55:53, 0.0553977925, 0.0737117824, 0.2605182530, 0.2358821948, 3046.7568, 2800.5135, 760.4650, 17.5963
2025-12-01 22:55:59, 0.0652479145, 0.0727521051, 0.1585504331, 0.1673279991, 2609.0294, 2538.2059, 760.1950, 17.7010
2025-12-01 22:56:05, 0.0439604745, 0.0501056402, 0.1972408523, 0.2371751877, 2579.6481, 2670.6852, 761.9750, 17.8029
2025-12-01 22:56:10, 0.0494957886, 0.0492297941, 0.1629375968, 0.1397151892, 2696.6939, 2531.5510, 761.5000, 18.4128
2025-12-01 22:56:16, 0.0469354721, 0.0483322283, 0.1619614511, 0.1580666742, 2618.5614, 2528.8246, 760.1650, 19.0808
2025-12-01 22:56:22, 0.0628081880, 0.0612668644, 0.1982278009, 0.1507008282, 2762.5439, 2675.3333, 758.6300, 19.6831
2025-12-01 22:56:27, 0.0936807325, 0.0784011022, 0.2153899927, 0.1593029589, 2919.1622, 2832.1081, 760.3200, 16.4060
2025-12-01 22:56:33, 0.1245475769, 0.1314973365, 0.1451395652, 0.1537792646, 3016.7455, 3004.5455, 759.1750, 19.2843
2025-12-01 22:56:39, 0.0324339999, 0.0350141817, 0.1988134946, 0.1988287533, 2610.2093, 2776.5116, 760.9150, 18.5261
2025-12-01 22:56:45, 0.0580236678, 0.0602399413, 0.2680047448, 0.3503741266, 2376.6538, 2484.0769, 760.7150, 17.2016
2025-12-01 22:56:51, 0.0620221958, 0.0670494722, 0.0965437870, 0.1356272948, 2701.7500, 2775.0769, 762.0450, 17.7275
2025-12-01 22:56:57, 0.0873143259, 0.0869089838, 0.1757758668, 0.2179001953, 2401.0408, 2450.7347, 761.1750, 16.5449
2025-12-01 22:57:02, 0.0819396210, 0.0734657679, 0.2179692685, 0.2415844394, 2721.0455, 2630.0000, 759.4350, 17.7377
2025-12-01 22:57:08, 0.0684314644, 0.0612270134, 0.1211215265, 0.1077147913, 2438.1842, 2448.7105, 762.4800, 16.0879
2025-12-01 22:57:14, 0.1072981622, 0.0799531644, 0.1835754932, 0.1449629350, 2684.4103, 2610.7692, 759.6550, 16.9637
2025-12-01 22:57:19, 0.0755224981, 0.0590190924, 0.2659371839, 0.2733619543, 2872.1087, 2820.5000, 760.1400, 18.2888
2025-12-01 22:57:25, 0.0860706085, 0.0723967722, 0.2091459277, 0.1896353642, 2514.0698, 2358.2791, 762.2350, 17.3318
2025-12-01 22:57:31, 0.0507047687, 0.0596973605, 0.1628249429, 0.1762649221, 2574.3556, 2584.2222, 760.4700, 17.4095
2025-12-01 22:57:37, 0.0719708116, 0.0593885898, 0.1950304818, 0.1593174473, 2525.8704, 2501.1852, 763.6200, 16.4221
2025-12-01 22:57:43, 0.0524492117, 0.0488946716, 0.3216747073, 0.2805391581, 2772.9118, 2510.6912, 760.7200, 17.1867
2025-12-01 22:57:49, 0.0515187662, 0.0478069251, 0.2145379692, 0.2098639744, 2523.8148, 2501.6852, 761.4000, 18.6438
2025-12-01 22:57:54, 0.0622000488, 0.0398249678, 0.2134053466, 0.1373244951, 2630.7200, 2688.2600, 765.9000, 17.7544
2025-12-01 22:58:00, 0.0674058080, 0.0568519089, 0.1985733780, 0.2038365018, 2350.2167, 2393.1000, 764.2400, 17.7280
2025-12-01 22:58:06, 0.0653582893, 0.0710101947, 0.2523169285, 0.2211001938, 2329.9143, 2277.6857, 759.3800, 17.8114
2025-12-01 22:58:11, 0.0527690374, 0.0533551014, 0.2827274076, 0.2145749973, 2428.1379, 2383.1724, 762.1300, 18.5174
2025-12-01 22:58:17, 0.0820267898, 0.0793805816, 0.1515021976, 0.1403827416, 2600.8163, 2633.7143, 762.1300, 18.7126
2025-12-01 22:58:23, 0.0502406987, 0.0587981662, 0.1764184985, 0.1641500042, 2546.3913, 2668.2391, 759.2200, 17.4809
2025-12-01 22:58:29, 0.0393819382, 0.0441096467, 0.2784282369, 0.2793302453, 2688.8846, 2652.8974, 761.8650, 17.0788
2025-12-01 22:58:34, 0.0751274456, 0.0488078317, 0.1731079265, 0.1401944842, 2840.1667, 2846.3167, 761.3450, 20.2654
2025-12-01 22:58:40, 0.0356514514, 0.0362895239, 0.2510859682, 0.1951346028, 2582.6250, 2529.1094, 763.1050, 20.2055
2025-12-01 22:58:46, 0.0407691012, 0.0534957568, 0.6982712566, 0.6926094391, 3187.0833, 3422.7292, 761.7000, 17.2424
2025-12-01 22:58:52, 0.0540512849, 0.0487563164, 0.2359248917, 0.3302015263, 2511.0508, 2615.2542, 761.2400, 16.9580
2025-12-01 22:58:57, 0.0425388580, 0.0348293585, 0.3125060287, 0.3736025856, 3063.1905, 2803.4286, 759.6350, 18.8407
2025-12-01 22:59:03, 0.0525198918, 0.0527450329, 0.2147781723, 0.1976852349, 2746.8537, 2756.1220, 762.6650, 18.8733
2025-12-01 22:59:09, 0.0590712317, 0.0526642327, 0.1804583488, 0.1891383685, 2618.7442, 2720.7209, 764.8100, 21.1098
2025-12-01 22:59:15, 0.0345550654, 0.0309330167, 0.2942660630, 0.2229967193, 2867.0182, 2789.6182, 766.5600, 19.6183
2025-12-01 22:59:21, 0.0408753745, 0.0420054411, 0.4351732205, 0.2864825043, 2768.1930, 2622.7895, 759.8500, 18.1427
2025-12-01 22:59:27, 0.0495979306, 0.0660971414, 0.3378382317, 0.4555209316, 2791.2826, 2721.7391, 761.2050, 20.1726
2025-12-01 22:59:33, 0.0559622853, 0.0498835320, 0.2556938116, 0.2336064662, 2683.9773, 2615.9773, 764.8750, 20.2598
2025-12-01 22:59:39, 0.0584235672, 0.0768153003, 0.2928632995, 0.2152257770, 2357.7949, 2272.6923, 765.1450, 19.3668
2025-12-01 22:59:44, 0.0606267455, 0.0799069458, 0.2367753597, 0.3259601312, 2642.1356, 2771.8644, 764.9500, 19.1608
2025-12-01 22:59:50, 0.0392904788, 0.0327604805, 0.1781388827, 0.2100141245, 2931.5490, 3028.3725, 758.6800, 19.3103
2025-12-01 22:59:56, 0.0629323216, 0.0671472211, 0.2745136239, 0.1945465115, 2685.4043, 2637.7447, 758.8900, 20.9973
2025-12-01 23:00:02, 0.0781976522, 0.0583633466, 0.1874364435, 0.1312149456, 2403.2564, 2415.8718, 766.3350, 18.2514
2025-12-01 23:00:07, 0.0565181427, 0.0552575605, 0.1193727369, 0.1184116484, 2374.7500, 2396.3864, 764.1250, 19.2104
2025-12-01 23:00:13, 0.0411272506, 0.0473076254, 0.1667011209, 0.1930805114, 2243.1538, 2193.9538, 761.8500, 18.4165
2025-12-01 23:00:19, 0.0735039968, 0.0579321845, 0.2280285845, 0.2232463938, 2798.7600, 2837.4000, 759.8250, 16.9769
2025-12-01 23:00:25, 0.0527269769, 0.0492178869, 0.1588945470, 0.1539870387, 3097.8723, 3031.5532, 766.3950, 18.9887
2025-12-01 23:00:31, 0.0597337908, 0.0582749092, 0.1391037360, 0.1257424206, 2418.9535, 2465.5116, 763.1300, 17.5682
2025-12-01 23:00:37, 0.0427534024, 0.0554619029, 0.1504779960, 0.1295738702, 2684.0172, 2728.2414, 766.8950, 18.8121
2025-12-01 23:00:42, 0.0650913430, 0.0595247835, 0.3359550960, 0.2538857371, 2827.1698, 2714.8491, 765.1950, 18.3029
2025-12-01 23:00:49, 0.0425340347, 0.0448768861, 0.1806105681, 0.1896978800, 2694.9500, 2746.7750, 766.8900, 18.6190
2025-12-01 23:00:55, 0.0535812838, 0.0418190348, 0.3172649500, 0.2438700528, 2536.2826, 2363.7826, 764.1350, 21.0572
2025-12-01 23:01:01, 0.0397441052, 0.0351504052, 0.1961421644, 0.1532440212, 2527.7925, 2408.3774, 763.7850, 17.8594
2025-12-01 23:01:06, 0.0584526005, 0.0920394085, 0.3101060956, 0.3135415524, 2965.7255, 2937.5098, 765.1850, 19.6107
2025-12-01 23:01:12, 0.0468505186, 0.0558762515, 0.1891429402, 0.2351406011, 2568.8182, 2604.9091, 766.9450, 19.4217
2025-12-01 23:01:18, 0.0804470248, 0.0634730941, 0.4006106637, 0.3904512822, 3223.5758, 3263.0000, 771.1700, 19.5676
2025-12-01 23:01:23, 0.0734827679, 0.0991416109, 0.4371343740, 0.3632741587, 2442.3889, 2406.8333, 770.0700, 18.6232
2025-12-01 23:01:29, 0.0520782155, 0.0531321672, 0.1779876424, 0.2428551245, 2446.6154, 2644.6154, 770.3450, 18.3988
2025-12-01 23:01:35, 0.0762266541, 0.0843374882, 0.2175608006, 0.2335632383, 2411.8864, 2443.5227, 764.8800, 18.9712
2025-12-01 23:01:40, 0.0589772615, 0.0978560733, 0.2443246603, 0.2417779235, 2531.3148, 2604.6111, 760.0400, 19.0958
2025-12-01 23:01:46, 0.0718765642, 0.0929553387, 0.2439272735, 0.2187204586, 2653.3256, 2698.0000, 770.2500, 18.4907
2025-12-01 23:01:52, 0.0854120892, 0.1478807964, 0.2082893653, 0.2302273240, 2737.3023, 2758.5116, 768.5250, 17.9991
2025-12-01 23:01:57, 0.0398314506, 0.0574196088, 0.1230151485, 0.0832223987, 2398.8772, 2311.4035, 771.5650, 18.6994
2025-12-01 23:02:03, 0.0353788610, 0.0473834480, 0.3661200741, 0.2361132605, 2858.6825, 2652.9365, 767.2850, 19.3004
2025-12-01 23:02:09, 0.0750829633, 0.0677790168, 0.3101274795, 0.2288159727, 2775.5897, 2740.0256, 769.9400, 18.2364
2025-12-01 23:02:15, 0.0753417522, 0.0745783853, 0.2176351555, 0.2338916664, 2828.6744, 2887.6977, 755.1500, 21.0147
2025-12-01 23:02:20, 0.0488376150, 0.0457475234, 0.2827924937, 0.2558313719, 2556.3243, 2564.2973, 757.3850, 19.7673
2025-12-01 23:02:26, 0.0584507660, 0.0637871672, 0.1269048881, 0.1383217274, 2440.7660, 2423.2766, 757.6050, 18.9892
2025-12-01 23:02:32, 0.0676674558, 0.0719513266, 0.2364345453, 0.2057174176, 2809.9111, 2663.6222, 753.7950, 18.5686
2025-12-01 23:02:37, 0.0608268165, 0.0438504535, 0.2527362277, 0.2468540738, 2826.3333, 2725.3846, 758.2650, 22.3820
2025-12-01 23:02:43, 0.0774887690, 0.0616259944, 0.1666521204, 0.1086413822, 2744.3125, 2599.3125, 751.4600, 20.2728
2025-12-01 23:02:49, 0.0825893205, 0.0859813445, 0.2445729773, 0.1937582754, 2657.8800, 2622.2200, 750.6400, 19.1573
2025-12-01 23:02:54, 0.0965872217, 0.0988382279, 0.1643001260, 0.1789758055, 2613.6038, 2660.3585, 752.6500, 17.6314
2025-12-01 23:03:00, 0.0587548863, 0.0622625637, 0.1975260038, 0.2024434375, 2540.6182, 2540.4727, 753.2950, 16.8442
2025-12-01 23:03:06, 0.0555741345, 0.0633705236, 0.1194813172, 0.1104056564, 2808.9000, 2847.7000, 755.5100, 17.7246
2025-12-01 23:03:12, 0.0609680480, 0.0567665148, 0.1310299442, 0.1185644211, 2592.8776, 2547.1633, 754.5650, 18.4458
2025-12-01 23:03:18, 0.0541656350, 0.0767852955, 0.2697873183, 0.2208930300, 2783.6735, 2740.5102, 756.4250, 18.1801
2025-12-01 23:03:23, 0.0373650499, 0.0333344487, 0.1624589786, 0.1592679079, 2798.2632, 2791.3509, 756.1050, 18.8930
2025-12-01 23:03:29, 0.0335427668, 0.0354769007, 0.1650653196, 0.1609582883, 2594.2951, 2696.1311, 759.1700, 19.6276
2025-12-01 23:03:35, 0.0387031439, 0.0345345147, 0.1974156670, 0.2510893764, 2537.7193, 2487.1579, 755.9350, 17.9845
2025-12-01 23:03:41, 0.0297890457, 0.0257769127, 0.1831457333, 0.1594519873, 2262.2308, 2374.1385, 758.3600, 19.9702
2025-12-01 23:03:46, 0.0773891805, 0.0651339255, 0.2579161444, 0.2777183469, 3030.9583, 3015.2500, 759.5100, 17.9134
2025-12-01 23:03:52, 0.0648957932, 0.0710853248, 0.1378667698, 0.1704056625, 2532.2045, 2568.6818, 759.6350, 17.7539
2025-12-01 23:03:58, 0.0537361633, 0.0498709360, 0.2890311142, 0.2154925792, 3260.4510, 3235.9020, 762.6650, 17.2509
2025-12-01 23:04:04, 0.0612191389, 0.0687553487, 0.1337333873, 0.1400130596, 2410.8039, 2399.0392, 759.4100, 17.2911
2025-12-01 23:04:09, 0.0487260494, 0.0624543819, 0.1892903394, 0.1914812001, 2662.6349, 2636.2698, 763.7000, 18.3158
2025-12-01 23:04:15, 0.0362827562, 0.0350606163, 0.2731541987, 0.1987591662, 2571.6047, 2452.9302, 761.0850, 17.9351
2025-12-01 23:04:21, 0.0908840318, 0.0701299101, 0.2533084608, 0.1619380384, 2610.0566, 2520.3585, 760.2000, 18.2099
2025-12-01 23:04:26, 0.0739162811, 0.0811288496, 0.1599770122, 0.1267997537, 2492.9302, 2476.2093, 760.4750, 18.5540
2025-12-01 23:04:32, 0.0380022377, 0.0364257069, 0.1390002182, 0.1304799161, 2515.7000, 2485.1000, 762.5750, 19.5096
2025-12-01 23:04:38, 0.0393347260, 0.0350626218, 0.2276895026, 0.2535521686, 2766.9394, 2709.2576, 761.9550, 17.3699
2025-12-01 23:04:44, 0.0424839446, 0.0388879820, 0.1944921598, 0.1676812044, 2498.5556, 2593.8413, 759.3100, 16.7882
2025-12-01 23:04:50, 0.0868726777, 0.1165858797, 0.1651801873, 0.1638513120, 2490.8571, 2518.9762, 757.5900, 17.9937
2025-12-01 23:04:56, 0.0701050558, 0.0868632513, 0.1431640582, 0.1364529935, 2805.9362, 2941.0000, 762.5250, 18.8889
2025-12-01 23:05:01, 0.0722693000, 0.0883419136, 0.2999463482, 0.3407840490, 2659.4889, 2963.2000, 762.6000, 17.5972
2025-12-01 23:05:08, 0.0707207870, 0.0609979103, 0.2162305226, 0.1563902833, 2935.7313, 2814.1493, 761.6200, 18.3318
2025-12-01 23:05:14, 0.0533714082, 0.0469522181, 0.2268960486, 0.2415176269, 2491.5690, 2526.7586, 756.3950, 16.9369
2025-12-01 23:05:19, 0.0696574602, 0.0572041468, 0.2288830666, 0.3765925138, 2342.3214, 2451.6071, 761.8550, 17.9695
2025-12-01 23:05:25, 0.0721730783, 0.0507282739, 0.1373526409, 0.1695139247, 2517.1579, 2526.6316, 762.6500, 17.6550
2025-12-01 23:05:31, 0.0559675555, 0.0618113256, 0.1920021499, 0.1856721955, 2761.0769, 2712.4615, 760.2950, 18.1372
2025-12-01 23:05:36, 0.0438163998, 0.0584874694, 0.1411228394, 0.1180401714, 2445.1429, 2554.8776, 761.6800, 18.1815
2025-12-01 23:05:42, 0.0808727822, 0.0851004954, 0.1632972453, 0.1716913540, 2510.7925, 2510.9623, 759.7500, 18.6879
2025-12-01 23:05:48, 0.0710623393, 0.0808060199, 0.1657586690, 0.1199677025, 2507.1304, 2504.4130, 756.8600, 16.3640
2025-12-01 23:05:54, 0.0393215173, 0.0409196221, 0.3252826629, 0.2427164808, 2932.5745, 2721.5319, 762.9350, 18.2437
2025-12-01 23:05:59, 0.0597207685, 0.0519961396, 0.1385599067, 0.1471232735, 2334.6875, 2436.0208, 762.8300, 18.2831
2025-12-01 23:06:05, 0.0576597982, 0.0778540119, 0.1593872077, 0.1708843027, 2651.5185, 2651.9444, 763.9750, 17.4690
2025-12-01 23:06:11, 0.0684890035, 0.0782330640, 0.1093303580, 0.1206573365, 2456.2857, 2542.6786, 763.6450, 19.6132
2025-12-01 23:06:16, 0.0547278930, 0.0543093948, 0.1758429109, 0.1562406422, 2951.7353, 2895.2353, 763.3750, 20.3050
2025-12-01 23:06:22, 0.0277237853, 0.0328189585, 0.1611136265, 0.2062703548, 2577.8636, 2443.0758, 760.1050, 19.5723
2025-12-01 23:06:28, 0.0461479431, 0.0474919211, 0.1900894642, 0.1768653730, 2737.5692, 2725.3846, 761.9200, 19.2653
2025-12-01 23:06:33, 0.0549788067, 0.0545751152, 0.2439728212, 0.2035044933, 2680.7455, 2562.3636, 761.6000, 17.6811
2025-12-01 23:06:39, 0.0435881955, 0.0400888520, 0.1901193185, 0.1574751160, 2686.9730, 2749.5405, 762.8550, 19.3237
2025-12-01 23:06:45, 0.0473591878, 0.0630461913, 0.1485632547, 0.1228269477, 2777.8372, 2809.2326, 761.2150, 19.2691
2025-12-01 23:06:51, 0.0908846272, 0.0940165333, 0.2088939853, 0.2399071017, 2528.0625, 2534.7917, 759.5950, 20.1532
2025-12-01 23:06:57, 0.0785280121, 0.0663895792, 0.2105788694, 0.1908892988, 2778.6905, 2726.5476, 761.0100, 18.1604
2025-12-01 23:07:02, 0.1108823318, 0.0889645856, 0.2135300870, 0.1783671786, 2770.7750, 2780.3500, 761.9950, 18.1010
2025-12-01 23:07:08, 0.0569376416, 0.0580045068, 0.1733255775, 0.1877743381, 2636.3400, 2672.2400, 762.7950, 16.8773
2025-12-01 23:07:14, 0.0388536066, 0.0524299881, 0.1701627353, 0.1464839071, 2367.7037, 2349.6481, 761.4300, 18.1836
2025-12-01 23:07:20, 0.0777492733, 0.0775668806, 0.1254904363, 0.0840676397, 2656.6458, 2579.1042, 759.9050, 17.7529
2025-12-01 23:07:26, 0.0898863544, 0.0943795217, 0.2391496426, 0.1850539917, 2769.1111, 2630.0185, 758.4150, 16.5947
2025-12-01 23:07:32, 0.0426095979, 0.0593841203, 0.2409548077, 0.2419076620, 2396.2632, 2466.1316, 760.5350, 19.2593
2025-12-01 23:07:38, 0.0425047190, 0.0440746328, 0.1988844896, 0.2110715017, 2793.9245, 2616.5472, 762.5300, 17.0716
2025-12-01 23:07:44, 0.0805754862, 0.0532104719, 0.2255832597, 0.2487689244, 2770.7111, 2763.0444, 756.2500, 17.4206
2025-12-01 23:07:49, 0.0491309280, 0.0495011520, 0.1687088957, 0.1860283325, 2826.4792, 2836.6458, 755.7800, 16.3393
2025-12-01 23:07:55, 0.0739357881, 0.0667277118, 0.2311126069, 0.2091208311, 2651.2653, 2521.7347, 759.0250, 18.2925
2025-12-01 23:08:01, 0.0599810702, 0.0655419887, 0.2167179218, 0.1509621207, 2745.0769, 2555.4872, 757.0900, 17.0925
2025-12-01 23:08:07, 0.0610033362, 0.0566308908, 0.1911433348, 0.1920822510, 2226.4340, 2359.9623, 759.2100, 16.8136
2025-12-01 23:08:13, 0.0584400373, 0.0532741718, 0.1991736877, 0.2093013830, 2332.3488, 2357.3023, 759.0900, 18.2620
2025-12-01 23:08:19, 0.0667478807, 0.0568381618, 0.1383096900, 0.1264901939, 2652.6250, 2619.6071, 756.9200, 18.9284
2025-12-01 23:08:24, 0.0438464977, 0.0381813940, 0.2292905815, 0.2317621012, 2749.7143, 2769.9683, 755.5550, 17.3792
2025-12-01 23:08:30, 0.0477600846, 0.0381371256, 0.2107271737, 0.1833322213, 2646.6207, 2623.8966, 759.1250, 18.8531
2025-12-01 23:08:36, 0.0546937216, 0.0590827765, 0.2606327711, 0.2742596203, 2715.0714, 2670.0357, 760.6050, 17.1750
2025-12-01 23:08:41, 0.0500370571, 0.0679410804, 0.2194531032, 0.2309507873, 2459.5938, 2508.5625, 755.4850, 18.7646
2025-12-01 23:08:47, 0.0594621494, 0.0671359020, 0.2318147151, 0.2010963981, 2340.0652, 2287.3913, 761.4750, 17.5451
2025-12-01 23:08:53, 0.0486862454, 0.0467952003, 0.2028480379, 0.1900979705, 2459.6604, 2374.6226, 759.2900, 17.3039
2025-12-01 23:08:59, 0.0701097747, 0.0646382829, 0.2371333699, 0.2884824769, 2386.1064, 2396.8936, 760.2450, 17.7456
2025-12-01 23:09:04, 0.0842866937, 0.0867634116, 0.3160203131, 0.2308518732, 2876.6047, 2969.2326, 761.6000, 18.0347
2025-12-01 23:09:10, 0.0384102222, 0.0381695368, 0.2201288529, 0.2753435586, 2477.1458, 2510.4792, 762.2950, 19.7641
2025-12-01 23:09:16, 0.0336044258, 0.0261108201, 0.3683493849, 0.3490754428, 3057.7647, 2861.4314, 759.7750, 17.4910
2025-12-01 23:09:22, 0.0284904963, 0.0316226152, 0.2010877195, 0.1775572068, 2335.3500, 2301.6667, 761.2000, 17.9753
2025-12-01 23:09:27, 0.0551150910, 0.0421952920, 0.2469116163, 0.2140754462, 2663.3750, 2548.7708, 759.1250, 18.8860
2025-12-01 23:09:33, 0.0331547601, 0.0382064809, 0.3101625848, 0.3555932262, 2432.4386, 2372.9474, 761.1750, 17.5207
2025-12-01 23:09:39, 0.0348851617, 0.0239416743, 0.3043235833, 0.2560993070, 2580.2157, 2654.0784, 761.5550, 19.7494
2025-12-01 23:09:45, 0.0440536313, 0.0374294895, 0.1794041505, 0.1691950338, 2505.0000, 2489.4510, 756.9100, 18.6076
2025-12-01 23:09:51, 0.0588086142, 0.0446596724, 0.2086406453, 0.2655015860, 2323.3721, 2294.4884, 758.8000, 19.3466
2025-12-01 23:09:57, 0.0563532387, 0.0646346323, 0.2555560690, 0.3864464075, 2348.8889, 2495.5185, 759.2800, 18.1009
2025-12-01 23:10:02, 0.0342942576, 0.0353277821, 0.2076783085, 0.2348357878, 2384.3000, 2414.5167, 761.1350, 18.3643
2025-12-01 23:10:08, 0.0826402207, 0.0557694434, 0.2254859763, 0.2215345426, 2563.5400, 2654.2600, 761.6900, 18.8657
2025-12-01 23:10:14, 0.0517366505, 0.0451361877, 0.2268632708, 0.2116015033, 2286.5472, 2227.1887, 759.5500, 17.4450
2025-12-01 23:10:20, 0.0527992435, 0.0548942689, 0.5297605157, 0.4234316449, 2773.1579, 2838.3158, 759.3050, 17.5941
2025-12-01 23:10:26, 0.0684665716, 0.0811332614, 0.2227382311, 0.2805804921, 2692.6977, 2706.8837, 762.4500, 17.5860
2025-12-01 23:10:32, 0.0504976059, 0.0495184423, 0.2875936401, 0.2467257710, 2749.6744, 2839.7907, 759.7800, 16.3435
2025-12-01 23:10:38, 0.0525551473, 0.0437013983, 0.1804106364, 0.2097418024, 2835.1333, 2782.5556, 760.6750, 18.5221
2025-12-01 23:10:43, 0.0716895341, 0.0547494066, 0.2887614285, 0.3368858092, 2736.9848, 2774.4394, 763.2050, 18.4538
2025-12-01 23:10:49, 0.0754273583, 0.0600751492, 0.2013158407, 0.2254130758, 2480.4648, 2538.7042, 757.7600, 20.0388
2025-12-01 23:10:55, 0.0566237441, 0.0668157846, 0.3053385397, 0.3401707960, 2726.5614, 2741.7544, 760.8800, 21.0242
2025-12-01 23:11:01, 0.0922528761, 0.0727033914, 0.1469420635, 0.1320530165, 2553.6512, 2485.1163, 761.6900, 18.1952
2025-12-01 23:11:06, 0.0545468864, 0.0516847882, 0.3930718553, 0.3894471315, 2621.1333, 2536.6222, 762.9800, 17.1854
2025-12-01 23:11:12, 0.0809243287, 0.0680580344, 0.2084355860, 0.2198754787, 2582.0000, 2499.8095, 761.5850, 16.8108
2025-12-01 23:11:18, 0.0487357359, 0.0546812609, 0.2324255365, 0.2940331074, 2449.8070, 2578.1228, 764.4800, 17.4373
2025-12-01 23:11:24, 0.0451828689, 0.0423712879, 0.2024060791, 0.1502879944, 2771.6833, 2734.4667, 762.5350, 17.7067
2025-12-01 23:11:30, 0.0414436736, 0.0437796232, 0.2594746885, 0.1912814751, 2553.4211, 2439.3684, 762.1400, 17.8219
2025-12-01 23:11:35, 0.0521547002, 0.0471668781, 0.2570513315, 0.2979065292, 2413.3902, 2571.9512, 759.5350, 19.2213
2025-12-01 23:11:41, 0.0541704296, 0.0553335962, 0.1851856316, 0.1751739199, 2793.1591, 2801.3636, 758.8750, 17.7138
2025-12-01 23:11:47, 0.0553326617, 0.0619575725, 0.3397693424, 0.2986475509, 2777.0000, 2742.3091, 758.9150, 18.2244
2025-12-01 23:11:53, 0.0432874203, 0.0532060684, 0.4233020476, 0.2812389988, 2294.0556, 2222.2222, 757.0100, 16.3490
2025-12-01 23:11:59, 0.0559010696, 0.0490416916, 0.1939276934, 0.1672847090, 3139.0727, 3066.8545, 758.0000, 18.1722
2025-12-01 23:12:05, 0.0494418448, 0.0423063948, 0.2379393126, 0.2747091721, 2688.2075, 2611.3585, 760.0850, 18.4926
2025-12-01 23:12:10, 0.0557506393, 0.0624162523, 0.2147556907, 0.2950114204, 2709.8727, 2731.5273, 758.9850, 17.8881
2025-12-01 23:12:16, 0.0661711491, 0.0598008441, 0.1848361325, 0.2990088133, 2651.4565, 2786.0217, 756.8250, 18.4687
2025-12-01 23:12:22, 0.0655960339, 0.0583667674, 0.2098396266, 0.2334776760, 2508.7609, 2611.4130, 760.2250, 16.9828
2025-12-01 23:12:27, 0.0471870017, 0.0526774388, 0.2273148842, 0.2112629535, 2745.7273, 2779.0227, 762.1350, 17.0677
2025-12-01 23:12:33, 0.0565043669, 0.0497812381, 0.2678993176, 0.2023475337, 2714.6909, 2641.6364, 760.8100, 18.2495
2025-12-01 23:12:39, 0.0295727046, 0.0341825428, 0.2621164315, 0.2978105998, 2728.6531, 2767.6327, 761.5850, 17.9584
2025-12-01 23:12:45, 0.0343066393, 0.0312069699, 0.2219761895, 0.3180204853, 2529.5161, 2664.3226, 759.0300, 16.9667
2025-12-01 23:12:50, 0.0413208564, 0.0435477754, 0.2393477228, 0.2681028089, 2705.6230, 2782.5246, 758.6050, 18.6357
2025-12-01 23:12:56, 0.0506772742, 0.0508628587, 0.1905708133, 0.2309855000, 2563.6939, 2586.5306, 760.9300, 20.3896
2025-12-01 23:13:02, 0.0566468472, 0.0469852994, 0.2910971203, 0.2919487454, 2584.7170, 2673.6415, 758.1950, 17.1912
2025-12-01 23:13:08, 0.0510910751, 0.0386184659, 0.4070257203, 0.2746168071, 2843.2444, 2723.6000, 762.0300, 17.9555
2025-12-01 23:13:13, 0.0621730548, 0.0671179941, 0.1153606037, 0.1022043281, 2517.1750, 2494.0000, 760.7650, 17.1857
2025-12-01 23:13:19, 0.0350518318, 0.0418443491, 0.2377706872, 0.2501679317, 2436.5692, 2465.2154, 759.9850, 18.0173
2025-12-01 23:13:25, 0.0538772464, 0.0579491821, 0.4017492709, 0.2713951698, 2595.3103, 2573.7241, 761.8650, 18.0595
2025-12-01 23:13:31, 0.0955114649, 0.0926809970, 0.1592085764, 0.1805874940, 2824.3770, 2853.0328, 760.0250, 19.4937
2025-12-01 23:13:37, 0.0784257613, 0.0731795240, 0.1927008059, 0.1930853771, 2477.4103, 2470.7949, 759.2050, 17.1238
2025-12-01 23:13:43, 0.0550962925, 0.0597702005, 0.2989442866, 0.2601177212, 2899.2727, 2905.5000, 757.6400, 19.1591
2025-12-01 23:13:48, 0.0899414402, 0.0956415149, 0.1949379359, 0.2016646997, 2870.7727, 2865.8636, 758.0850, 20.2056
2025-12-01 23:13:54, 0.0863863168, 0.0933083292, 0.2341599316, 0.1883104882, 2639.0545, 2672.7273, 760.2800, 17.3119
2025-12-01 23:14:00, 0.0489859256, 0.0706771628, 0.2634716048, 0.1987731204, 2410.3421, 2258.5000, 746.6850, 18.2183
2025-12-01 23:14:06, 0.0506743984, 0.0599108908, 0.4958826934, 0.4407196227, 2979.7391, 2946.3913, 753.2050, 17.4589
2025-12-01 23:14:12, 0.0555747148, 0.0849512269, 0.3284118431, 0.3522164213, 2441.4324, 2500.0811, 746.1150, 18.1811
2025-12-01 23:14:17, 0.0476705328, 0.0549446492, 0.2476481258, 0.2428321363, 2671.3200, 2533.2200, 749.4650, 17.9290
2025-12-01 23:14:23, 0.0608256384, 0.0538871187, 0.3207080371, 0.2567528721, 2665.9245, 2613.5660, 746.8600, 18.9876
2025-12-01 23:14:29, 0.0616126162, 0.0603512402, 0.2230928837, 0.2775269173, 2719.8571, 2649.3265, 748.8650, 18.5132
2025-12-01 23:14:35, 0.0431006084, 0.0450868997, 0.2680726074, 0.2112724135, 2901.8923, 2817.7077, 749.6200, 16.4224
2025-12-01 23:14:41, 0.0653947773, 0.0561506946, 0.3225740313, 0.2614993769, 2775.8158, 2832.0000, 752.3900, 18.7512
2025-12-01 23:14:47, 0.0693716681, 0.0428249110, 0.1637789941, 0.1861756404, 2191.1304, 2288.9130, 749.9100, 16.9429
2025-12-01 23:14:52, 0.0750798789, 0.0748898317, 0.1362936851, 0.2039124489, 2474.7833, 2572.5000, 753.6950, 17.9639
2025-12-01 23:14:58, 0.0623243282, 0.0543984555, 0.2442182504, 0.2647805384, 2511.6364, 2474.0909, 753.0400, 16.4915
2025-12-01 23:15:04, 0.0380490791, 0.0453666534, 0.2754817601, 0.2678332156, 2821.6230, 2682.5902, 751.2200, 16.6313
2025-12-01 23:15:10, 0.0562786035, 0.0515921569, 0.2822923166, 0.2347805100, 3022.2105, 2974.9211, 749.3750, 17.5038
2025-12-01 23:15:16, 0.0583661065, 0.0722248675, 0.2542613946, 0.2811509876, 2935.6667, 2955.3095, 754.9650, 17.0295
2025-12-01 23:15:21, 0.0545893474, 0.0583743569, 0.3193015080, 0.3030573190, 2477.1818, 2418.9091, 757.0000, 18.3033
2025-12-01 23:15:27, 0.0631317061, 0.0730280164, 0.2607342839, 0.2345883177, 2469.5102, 2481.4286, 760.6450, 18.7880
2025-12-01 23:15:33, 0.0617835962, 0.0589835471, 0.2077637907, 0.1919398233, 2864.7059, 2718.8235, 757.8600, 17.7229
2025-12-01 23:15:38, 0.0541182995, 0.0541490498, 0.2814485248, 0.2266229646, 2551.9565, 2503.0000, 754.7750, 17.7596
2025-12-01 23:15:44, 0.0827893710, 0.0645743256, 0.2233646497, 0.2032893152, 2474.5238, 2442.8571, 759.8400, 16.0267
2025-12-01 23:15:50, 0.0699510286, 0.0802487152, 0.2178442620, 0.2399358153, 2474.0000, 2490.5366, 762.6550, 19.1464
2025-12-01 23:15:56, 0.0545277218, 0.0698397554, 0.2440236132, 0.2876418246, 2543.8333, 2588.3810, 759.5700, 17.1719
2025-12-01 23:16:01, 0.0621088740, 0.0757493995, 0.4540592306, 0.3932123457, 2652.1053, 2644.8421, 759.0300, 18.9320
2025-12-01 23:16:07, 0.0554612672, 0.0606767468, 0.2993950476, 0.2635658751, 2696.5536, 2709.7679, 758.3150, 17.8812
2025-12-01 23:16:13, 0.0668447106, 0.0540228807, 0.3755007075, 0.3395311585, 2587.0870, 2446.6739, 757.5800, 18.8506
2025-12-01 23:16:19, 0.0649915730, 0.0521425552, 0.2568277396, 0.2721345655, 2533.2083, 2588.2500, 756.6800, 17.6731
2025-12-01 23:16:25, 0.0859101834, 0.0768546944, 0.1809934478, 0.1857558248, 2666.3878, 2619.3673, 754.3950, 19.0843
2025-12-01 23:16:31, 0.0797420283, 0.0651314567, 0.2696209223, 0.2395648849, 2572.1800, 2493.8600, 759.5300, 18.0712
2025-12-01 23:16:36, 0.0605226617, 0.0667467214, 0.1582438793, 0.1853609955, 2254.2982, 2271.6140, 752.8050, 18.9221
2025-12-01 23:16:42, 0.0714022972, 0.0571824962, 0.2755882104, 0.2611170886, 2529.0000, 2610.5833, 753.4450, 17.7842
2025-12-01 23:16:48, 0.0641507486, 0.0925271511, 0.2973045450, 0.2660530508, 2757.6667, 2755.3333, 756.5900, 19.4705
2025-12-01 23:16:54, 0.0552762965, 0.0561329449, 0.2446362253, 0.2472302343, 2617.7000, 2530.4000, 755.3750, 17.3131
2025-12-01 23:17:00, 0.1180869500, 0.0947060576, 0.1382102046, 0.1439818991, 2590.2708, 2471.8125, 760.6250, 18.2097
2025-12-01 23:17:06, 0.0884883261, 0.0932651499, 0.3180805623, 0.2531026476, 2701.2222, 2699.8000, 757.6950, 17.0136
2025-12-01 23:17:12, 0.0804284450, 0.0679350205, 0.1894113263, 0.1747464745, 3008.6923, 2871.1795, 756.1000, 19.4080
2025-12-01 23:17:18, 0.0671163371, 0.0618405384, 0.2859479851, 0.2206065954, 2881.2157, 2790.4118, 755.9450, 16.8814
2025-12-01 23:17:23, 0.0734677318, 0.0697607096, 0.1475458424, 0.1407581378, 2564.0238, 2451.6905, 757.7250, 18.5580
2025-12-01 23:17:29, 0.0980771150, 0.0822999479, 0.2267077164, 0.1956103925, 2830.8444, 2779.9556, 760.0550, 18.4898
2025-12-01 23:17:35, 0.0772364673, 0.0921418627, 0.2017570759, 0.2091656034, 2534.5172, 2573.4483, 758.1900, 18.6551
2025-12-01 23:17:41, 0.0988311619, 0.0778861667, 0.1827067738, 0.1797935443, 2692.7222, 2823.3704, 757.5650, 19.0873
2025-12-01 23:17:47, 0.0700886342, 0.0749277693, 0.2721882755, 0.2222770778, 2316.1176, 2329.3725, 758.1050, 18.5554
2025-12-01 23:17:53, 0.0638017298, 0.0582449260, 0.1454759704, 0.1759509957, 2478.3725, 2494.5490, 763.2700, 18.0316
2025-12-01 23:17:58, 0.0441835829, 0.0514709282, 0.1647099680, 0.1364532545, 2789.6190, 2670.3333, 761.9250, 18.1094
2025-12-01 23:18:04, 0.0897082022, 0.1011379206, 0.2000319449, 0.2083364213, 2955.0727, 2959.8364, 762.1250, 17.1686
2025-12-01 23:18:10, 0.0475395573, 0.0601424192, 0.2666462444, 0.2045749217, 2426.1250, 2339.8281, 757.8900, 18.1595
2025-12-01 23:18:15, 0.0911044221, 0.0978506913, 0.0952380736, 0.1220977963, 2820.7273, 2976.7576, 757.7900, 18.8922
2025-12-01 23:18:21, 0.0656149723, 0.0602668441, 0.2211208716, 0.2403559442, 3265.7818, 3138.6545, 762.7250, 18.1609
2025-12-01 23:18:27, 0.0580229531, 0.0639735781, 0.2176722236, 0.1846079708, 2746.0000, 2763.2500, 761.2150, 18.6745
2025-12-01 23:18:33, 0.0627938526, 0.0584034375, 0.2486883324, 0.2104981111, 2639.7708, 2794.7917, 762.7850, 19.3416
2025-12-01 23:18:38, 0.0554900060, 0.0426862139, 0.2019324178, 0.2263502133, 2628.0159, 2612.4921, 760.2500, 18.4051
2025-12-01 23:18:44, 0.0526923767, 0.0545069486, 0.1506152912, 0.1666976276, 2605.8947, 2672.7719, 763.2550, 18.4361
2025-12-01 23:18:50, 0.0837900817, 0.0657057535, 0.1825988504, 0.1684692367, 2527.5882, 2657.5686, 759.9900, 18.2557
2025-12-01 23:18:56, 0.0851606452, 0.0805984085, 0.1572119852, 0.0970347039, 2603.3684, 2501.2895, 762.0050, 19.3229
2025-12-01 23:19:02, 0.0747393319, 0.0683824820, 0.1713493052, 0.1858334319, 2603.0000, 2597.3684, 756.9350, 18.9302
2025-12-01 23:19:07, 0.0743124896, 0.0725520305, 0.1408243638, 0.1666164416, 2799.1538, 2767.7500, 759.5150, 17.7888
2025-12-01 23:19:13, 0.0651319677, 0.0885866909, 0.1761451028, 0.1894886580, 2394.7959, 2497.2653, 757.9900, 16.6322
2025-12-01 23:19:19, 0.0379456961, 0.0338237337, 0.2189030658, 0.2160987535, 2544.8679, 2543.2642, 758.5750, 17.3319
2025-12-01 23:19:25, 0.0333279848, 0.0270127288, 0.1925785166, 0.1706408239, 2991.0862, 2853.7241, 757.3900, 17.4235
2025-12-01 23:19:30, 0.0252828734, 0.0273498037, 0.1963877100, 0.1736763057, 2544.7937, 2490.7460, 758.0150, 19.2591
2025-12-01 23:19:36, 0.0397691463, 0.0360144275, 0.2705304587, 0.2480659752, 2928.6038, 2843.3585, 758.4000, 17.8124
2025-12-01 23:19:42, 0.0451008264, 0.0372060640, 0.2603251760, 0.1561157425, 2425.9672, 2398.0000, 761.4150, 18.9740
2025-12-01 23:19:47, 0.0257445522, 0.0272201557, 0.1691936210, 0.1398025916, 2727.9844, 2575.0625, 756.5500, 16.8314
2025-12-01 23:19:53, 0.0235930619, 0.0237294872, 0.2005869616, 0.1529368585, 2679.0156, 2537.6094, 757.4600, 18.2098
2025-12-01 23:19:59, 0.0221174097, 0.0224407218, 0.2445023549, 0.2440490670, 2573.8103, 2537.2069, 759.5750, 17.7464
2025-12-01 23:20:05, 0.0349420098, 0.0318854976, 0.1625470073, 0.1653949903, 2751.1639, 2681.5246, 758.7700, 16.5132
2025-12-01 23:20:11, 0.0530880658, 0.0412410130, 0.2822629606, 0.2193117460, 2555.3182, 2466.7045, 760.7400, 20.1607
2025-12-01 23:20:16, 0.0512853470, 0.0542757544, 0.1954266729, 0.1802712037, 3062.1818, 2902.2273, 758.1800, 18.5375
2025-12-01 23:20:22, 0.0404685516, 0.0360975591, 0.1178355589, 0.0951914556, 2786.4030, 2827.5522, 758.4600, 18.1989
2025-12-01 23:20:28, 0.0446725755, 0.0434018261, 0.1779509360, 0.1435561614, 2734.4667, 2641.2333, 759.3900, 17.8056
2025-12-01 23:20:34, 0.0474773408, 0.0400500510, 0.1552942426, 0.1583805920, 2729.8776, 2721.9184, 761.0050, 17.5350
2025-12-01 23:20:40, 0.0502576157, 0.0376510568, 0.1560329306, 0.2028252135, 2834.6000, 2762.5455, 758.9400, 17.8773
2025-12-01 23:20:45, 0.0603728659, 0.0498825079, 0.2861726999, 0.1768831803, 2689.4600, 2624.1600, 758.1550, 16.6039
2025-12-01 23:20:51, 0.0739308803, 0.0567919234, 0.1726244006, 0.2157563278, 2720.9600, 2869.5000, 758.3450, 17.3495
2025-12-01 23:20:57, 0.0974360086, 0.0870574048, 0.1633354081, 0.1684408358, 2674.7800, 2655.1600, 758.4900, 18.1673
2025-12-01 23:21:03, 0.0284425035, 0.0285942758, 0.1625944767, 0.1492226053, 2584.6053, 2459.9605, 758.8450, 18.1210
2025-12-01 23:21:08, 0.0382061574, 0.0494065991, 0.1575709919, 0.1654959463, 2796.3673, 2763.3469, 762.4650, 19.6659
2025-12-01 23:21:14, 0.0760607992, 0.0596011557, 0.2218207189, 0.2118955991, 2890.7037, 2902.5556, 765.3000, 20.7249
2025-12-01 23:21:20, 0.0472175791, 0.0452846894, 0.1106281069, 0.1056387551, 2599.6102, 2598.6780, 767.5800, 22.6410
2025-12-01 23:21:25, 0.0933976731, 0.0734005988, 0.1911539583, 0.1330341787, 2600.2439, 2603.5122, 767.0600, 22.1320
2025-12-01 23:21:31, 0.0573310669, 0.0700397009, 0.1534364404, 0.1546128069, 2664.5106, 2650.6596, 767.3600, 20.9621
2025-12-01 23:21:37, 0.0457839764, 0.0460618035, 0.2028026590, 0.1880421885, 2701.4375, 2674.9219, 768.0000, 21.4107
2025-12-01 23:21:43, 0.0946754335, 0.0786864923, 0.1323617082, 0.1190718041, 2367.0351, 2363.7368, 769.0950, 20.9420
2025-12-01 23:21:48, 0.0903600369, 0.1046634455, 0.2069769040, 0.1979844658, 2752.6809, 2766.8298, 767.4550, 21.1340
2025-12-01 23:21:54, 0.0821311412, 0.0932972831, 0.1312894603, 0.1859718072, 2867.0526, 2746.5526, 766.5300, 23.5040
2025-12-01 23:22:00, 0.0703290999, 0.0712347267, 0.1528340634, 0.1837945860, 2603.2692, 2635.4615, 772.9200, 21.7863
2025-12-01 23:22:06, 0.0504049179, 0.0523804356, 0.2129099117, 0.1814191442, 2554.8868, 2485.0566, 775.7800, 21.6139
2025-12-01 23:22:11, 0.0432356369, 0.0395133385, 0.2445418531, 0.1796184845, 2557.4808, 2464.9615, 764.6450, 24.2656
2025-12-01 23:22:17, 0.0691284508, 0.0931929882, 0.1860119166, 0.1622805401, 2633.6364, 2610.8864, 767.4100, 19.7452
2025-12-01 23:22:23, 0.0915087391, 0.0850289606, 0.1490421544, 0.1593059743, 2852.0851, 2926.8723, 762.8650, 19.7795
2025-12-01 23:22:29, 0.0917771875, 0.0854259919, 0.1563102819, 0.1768978661, 2661.9535, 2678.2326, 763.4050, 17.6876
2025-12-01 23:22:34, 0.0932732568, 0.0911215678, 0.1996806830, 0.2103221248, 3061.1373, 3075.3137, 769.0000, 21.7881
2025-12-01 23:22:40, 0.0633301500, 0.0839059961, 0.1596906875, 0.1263364400, 2683.5882, 2582.0000, 764.2450, 20.6982
2025-12-01 23:22:46, 0.0967353261, 0.0886486437, 0.2973514495, 0.2870154527, 2551.1860, 2493.7907, 762.2400, 18.0959
2025-12-01 23:22:51, 0.0696997852, 0.0720940517, 0.2989645598, 0.2893040611, 2567.8163, 2642.6122, 758.5850, 17.2703
2025-12-01 23:22:57, 0.0328234921, 0.0424733942, 0.2158056167, 0.2499358952, 2871.6875, 2952.3125, 770.4100, 21.9299
2025-12-01 23:23:03, 0.0432359930, 0.0589050493, 0.2126744467, 0.1777063941, 2765.2143, 2690.6786, 766.1950, 17.6113
2025-12-01 23:23:09, 0.0804592399, 0.1018181572, 0.1774807043, 0.1980803525, 2651.9231, 2644.7500, 763.5200, 19.5630
2025-12-01 23:23:15, 0.0460947833, 0.0549283670, 0.2887524231, 0.2645986804, 2714.6875, 2702.5417, 759.4300, 17.5945
2025-12-01 23:23:21, 0.0595463935, 0.0771420516, 0.1244478737, 0.1175961955, 2443.9773, 2430.8409, 763.1250, 18.2557
2025-12-01 23:23:26, 0.1310315728, 0.1174463626, 0.1688974706, 0.1578452803, 2676.3750, 2687.5000, 758.7700, 16.8629
2025-12-01 23:23:32, 0.0804573950, 0.0739077139, 0.1463717025, 0.1550107369, 2294.5106, 2268.4255, 757.7100, 19.4650
2025-12-01 23:23:38, 0.0637119694, 0.0814793038, 0.2209834426, 0.2370975252, 2453.5000, 2394.3125, 757.1750, 17.8097
2025-12-01 23:23:43, 0.0738334170, 0.0678662060, 0.1497631655, 0.1956260764, 2600.4595, 2684.6216, 758.6850, 17.7712
2025-12-01 23:23:49, 0.0617553225, 0.0804980343, 0.0846327767, 0.1070630992, 2281.5854, 2307.4146, 757.0250, 17.1626
2025-12-01 23:23:55, 0.0567885509, 0.0600885526, 0.1063930274, 0.1544457000, 2509.5556, 2556.5111, 756.0300, 17.7873
2025-12-01 23:24:01, 0.0547480365, 0.0802602497, 0.2412051004, 0.2414708564, 2412.0408, 2434.1633, 752.7050, 17.2531
2025-12-01 23:24:07, 0.0629955042, 0.0957117327, 0.1626061079, 0.1937131933, 2832.8085, 2787.8511, 755.5900, 17.6401
2025-12-01 23:24:13, 0.0567459778, 0.0586870604, 0.2565567817, 0.2047527734, 2593.6538, 2629.4615, 757.5800, 17.3446
2025-12-01 23:24:18, 0.0531584768, 0.0614667612, 0.1476221238, 0.1472835813, 2743.4808, 2700.3269, 758.3100, 17.8248
2025-12-01 23:24:24, 0.0940962309, 0.0935509074, 0.1398653184, 0.1221197640, 2866.7656, 2890.5156, 758.0850, 19.8713
2025-12-01 23:24:30, 0.1088328451, 0.1048462654, 0.0905576383, 0.1180340031, 2681.6731, 2612.6731, 755.4100, 21.0053
2025-12-01 23:24:36, 0.0705224140, 0.0746314581, 0.2288388289, 0.1595655975, 2632.9608, 2592.1961, 757.3400, 19.6912
2025-12-01 23:24:41, 0.0590161138, 0.0428509497, 0.1627520253, 0.1540404645, 2435.0185, 2477.9815, 757.0650, 20.3581
2025-12-01 23:24:47, 0.0986903510, 0.0854181897, 0.1654597469, 0.1350074025, 2947.6000, 2825.4000, 756.9100, 19.6645
2025-12-01 23:24:53, 0.0562152206, 0.0420525657, 0.1941234782, 0.1824563594, 2504.1698, 2585.8302, 758.2800, 19.6769
2025-12-01 23:24:58, 0.0359258580, 0.0338571600, 0.2436286770, 0.1963936491, 2896.5902, 2722.6393, 758.6150, 20.4545
2025-12-01 23:25:04, 0.0906509294, 0.0695216079, 0.1497819449, 0.1524606144, 2699.0217, 2790.3913, 759.6800, 19.4455
2025-12-01 23:25:10, 0.0736160775, 0.0726104550, 0.2512716804, 0.2101831680, 2602.3462, 2692.0192, 758.7700, 18.4975
2025-12-01 23:25:16, 0.0332581957, 0.0298013411, 0.3552550680, 0.4442531524, 2511.3878, 2560.1429, 758.4300, 18.7530
2025-12-01 23:25:22, 0.0403428250, 0.0513303485, 0.3741307597, 0.2979288923, 2874.7500, 2816.9792, 765.5050, 19.5732
2025-12-01 23:25:28, 0.0342193052, 0.0288034399, 0.2207809429, 0.2080979961, 2283.7681, 2203.1304, 760.1600, 18.3113
2025-12-01 23:25:33, 0.0637502937, 0.0598156160, 0.2497821822, 0.1921973036, 2842.0526, 2576.1579, 767.1550, 21.5093
2025-12-01 23:25:39, 0.0646434756, 0.0605023136, 0.2379255435, 0.1900729088, 2732.2708, 2578.1875, 759.5400, 19.5550
2025-12-01 23:25:45, 0.0687402861, 0.0655885234, 0.2206198391, 0.1981979731, 2681.4565, 2639.5652, 763.5900, 19.8268
2025-12-01 23:25:51, 0.0661496875, 0.0623142393, 0.1945345396, 0.1865492833, 2948.1429, 2900.9592, 763.3950, 20.9201
2025-12-01 23:25:57, 0.0704965931, 0.0697358924, 0.1524643208, 0.1642369008, 2759.4419, 2742.8605, 764.8450, 18.8351
2025-12-01 23:26:02, 0.0790018029, 0.0721964252, 0.2134537644, 0.2319525267, 2736.8182, 2724.2909, 766.7900, 20.7715
2025-12-01 23:26:08, 0.0724112456, 0.0757600920, 0.1087985161, 0.1146069886, 2524.9444, 2582.7778, 764.9750, 19.2576
2025-12-01 23:26:14, 0.0637456534, 0.0533920705, 0.2078711577, 0.1884985051, 2663.9388, 2729.7551, 765.6350, 19.3236
2025-12-01 23:26:20, 0.0474406076, 0.0465081546, 0.1794121729, 0.1476186611, 2939.7447, 2850.1702, 764.2500, 19.4488
2025-12-01 23:26:26, 0.1010905381, 0.0905135881, 0.1439621665, 0.1624003442, 2664.8649, 2748.9730, 762.8400, 21.4398
2025-12-01 23:26:31, 0.0431176621, 0.0386081040, 0.2504575493, 0.1669761744, 2941.7400, 2867.1000, 763.4500, 20.4963
2025-12-01 23:26:37, 0.0431535714, 0.0501770411, 0.2623638895, 0.2875893688, 2701.8269, 2714.5000, 765.3900, 20.6390
2025-12-01 23:26:43, 0.0657908215, 0.0733818609, 0.1488369137, 0.1516726370, 2656.6458, 2737.1042, 765.6900, 18.5452
2025-12-01 23:26:48, 0.0392579970, 0.0453010452, 0.3551789197, 0.3726674449, 2530.6078, 2683.0980, 766.2050, 20.1448
2025-12-01 23:26:54, 0.0716464947, 0.0613005023, 0.1246612042, 0.1219806942, 2391.1458, 2437.4583, 764.8100, 19.7224
2025-12-01 23:27:00, 0.0713808339, 0.0940448950, 0.2463317805, 0.2331054502, 2535.0370, 2461.7963, 761.1550, 17.2763
2025-12-01 23:27:06, 0.0757329873, 0.0824424560, 0.1908844920, 0.1885335594, 2854.4762, 2725.5714, 764.2700, 18.9710
2025-12-01 23:27:11, 0.0692269632, 0.0718576191, 0.1666429120, 0.2050825963, 2618.8478, 2642.5217, 761.4700, 20.5146
2025-12-01 23:27:17, 0.0572821591, 0.0705923980, 0.1832005467, 0.1270908678, 2756.6800, 2682.9400, 762.9200, 19.9066
2025-12-01 23:27:24, 0.0414130060, 0.0579552719, 0.1862006163, 0.1645006209, 2875.8868, 2687.8491, 762.6700, 18.3780
2025-12-01 23:27:30, 0.0453158989, 0.0429958476, 0.2085160583, 0.1849269392, 2657.8222, 2788.6444, 763.8650, 18.0908
2025-12-01 23:27:35, 0.0487923604, 0.0464784116, 0.1457289194, 0.1716125735, 2629.0411, 2710.2740, 760.8300, 18.8242
2025-12-01 23:27:41, 0.0440398771, 0.0461605107, 0.1746339043, 0.1487191133, 2727.3036, 2609.1607, 762.0450, 19.3340
2025-12-01 23:27:47, 0.0564355164, 0.0557009292, 0.2447495169, 0.2444129117, 2844.2955, 2854.7727, 760.1350, 20.5773
2025-12-01 23:27:53, 0.0512804046, 0.0628560160, 0.2339508827, 0.1586570594, 2447.2963, 2342.0000, 761.9300, 17.6399
2025-12-01 23:27:59, 0.0787593712, 0.0531818137, 0.1434405732, 0.1322490121, 2733.2500, 2786.1250, 761.4600, 16.4796
2025-12-01 23:28:04, 0.0728519582, 0.0805150204, 0.1829222902, 0.1862450850, 2699.9259, 2789.3519, 763.0250, 18.2525
2025-12-01 23:28:10, 0.0648373577, 0.0527986484, 0.2250654661, 0.2095908658, 2912.4681, 2783.7021, 760.6550, 17.6705
2025-12-01 23:28:16, 0.0390968690, 0.0570487482, 0.1297726413, 0.0974340271, 2640.3704, 2503.5556, 761.9050, 18.3754
2025-12-01 23:28:22, 0.0696520182, 0.0712954890, 0.2429310626, 0.2008802237, 2877.0000, 2771.3846, 759.7800, 18.7126
2025-12-01 23:28:28, 0.0765119619, 0.0701143431, 0.1507714581, 0.1380179903, 2647.2368, 2744.7105, 761.9100, 18.5025
2025-12-01 23:28:33, 0.0493112829, 0.0653655284, 0.1488272154, 0.1623943103, 2667.8909, 2743.6182, 761.1850, 17.4809
2025-12-01 23:28:39, 0.0828694697, 0.0695677904, 0.1402362361, 0.1488868191, 2516.2679, 2520.8036, 760.6150, 18.5819
2025-12-01 23:28:45, 0.0630277979, 0.0606281704, 0.2176940264, 0.2036677598, 2411.9333, 2501.2222, 763.9850, 19.1464
2025-12-01 23:28:51, 0.0507307472, 0.0744270973, 0.1354522602, 0.1177137132, 3023.1290, 3011.6290, 761.5700, 20.1617
2025-12-01 23:28:56, 0.0770566202, 0.0747881429, 0.1625216703, 0.1381791495, 2851.2093, 2900.0930, 760.2450, 20.4701
2025-12-01 23:29:02, 0.0429568949, 0.0552093063, 0.1846608980, 0.1743332312, 2397.8269, 2445.3654, 758.3350, 19.4626
2025-12-01 23:29:08, 0.0667096968, 0.0687349820, 0.1930983380, 0.1400261795, 3018.7083, 3099.2917, 759.4900, 20.4012
2025-12-01 23:29:13, 0.0349576439, 0.0408165249, 0.2155121136, 0.1779631023, 2791.2667, 2753.0500, 757.2000, 19.7170
2025-12-01 23:29:19, 0.0261071605, 0.0412605148, 0.1982130349, 0.2340531640, 2940.7556, 2887.4000, 759.8300, 18.9162
2025-12-01 23:29:25, 0.0528435793, 0.0602125655, 0.1781545184, 0.1726329358, 2540.9273, 2709.4000, 759.5550, 18.9828
2025-12-01 23:29:31, 0.0795652801, 0.0919428927, 0.1717564983, 0.1577663313, 2952.2143, 2808.4048, 756.8400, 19.1088
2025-12-01 23:29:37, 0.0437751104, 0.0349380942, 0.1238170132, 0.1464834115, 2603.7818, 2738.5273, 758.7950, 19.5715
2025-12-01 23:29:42, 0.0750726437, 0.0801321813, 0.1818019623, 0.1818733207, 2887.8039, 2940.1373, 758.6650, 19.5738
2025-12-01 23:29:48, 0.0617039962, 0.0594281605, 0.1208016410, 0.1183671687, 2805.8600, 2787.8400, 760.3400, 18.8004
2025-12-01 23:29:54, 0.0845123723, 0.0687181631, 0.2320058041, 0.1353130943, 2782.8654, 2750.9038, 756.3550, 17.7468
2025-12-01 23:29:59, 0.1046654361, 0.1121175605, 0.1507663001, 0.1215464476, 2677.3714, 2732.2571, 758.7700, 20.8232
2025-12-01 23:30:05, 0.0703433451, 0.0512170053, 0.2205802267, 0.2038374314, 2416.4655, 2458.0000, 757.5750, 17.9400
2025-12-01 23:30:11, 0.0616214713, 0.0593022355, 0.2306160324, 0.1982305111, 2894.8600, 2962.6600, 757.3200, 19.0275
2025-12-01 23:30:17, 0.0455543827, 0.0543226953, 0.2207064848, 0.1594856630, 2615.2917, 2525.4583, 754.4900, 18.9127
2025-12-01 23:30:22, 0.0606807645, 0.0574705623, 0.1763892625, 0.1491366276, 2559.4565, 2517.8261, 754.3750, 18.0658
2025-12-01 23:30:28, 0.0850872145, 0.0607889399, 0.1987021729, 0.2220095030, 2669.0536, 2758.2143, 757.8400, 18.8562
2025-12-01 23:30:35, 0.0726352377, 0.0651691721, 0.1264834057, 0.1125483998, 2737.7174, 2673.4565, 756.1300, 18.6688
2025-12-01 23:30:41, 0.0640823392, 0.0882955342, 0.1155612101, 0.0984206413, 2351.7200, 2313.5800, 757.3200, 18.8108
2025-12-01 23:30:46, 0.0976760345, 0.0880330816, 0.1418967775, 0.1272681032, 2513.8200, 2504.2000, 757.4100, 18.3546
2025-12-01 23:30:52, 0.0785907671, 0.0585186567, 0.1686881914, 0.1629751923, 2463.3404, 2491.2340, 756.7300, 19.1976
2025-12-01 23:30:58, 0.0734473806, 0.1038601135, 0.2044546522, 0.1744086200, 2829.6000, 2848.5714, 760.9350, 18.0890
2025-12-01 23:31:04, 0.1065810330, 0.0867093910, 0.1470298014, 0.1474438861, 2423.9524, 2417.9048, 761.6500, 17.4315
2025-12-01 23:31:09, 0.0843422526, 0.0871571721, 0.1199412421, 0.1623669136, 2725.3333, 2792.9630, 762.5200, 18.4271
2025-12-01 23:31:15, 0.0897404751, 0.0690776907, 0.2041433448, 0.1864406216, 2786.2000, 2914.3429, 759.7600, 18.3900
2025-12-01 23:31:21, 0.0591457770, 0.0618881811, 0.1346705401, 0.0987389621, 2562.9545, 2513.7727, 762.4000, 17.2745
2025-12-01 23:31:26, 0.0792549293, 0.0819679426, 0.1718354205, 0.1498825301, 2474.1556, 2500.9333, 760.7100, 18.5504
2025-12-01 23:31:32, 0.0941250906, 0.0924682650, 0.3466342463, 0.2545272700, 2885.5610, 2902.0732, 761.5150, 19.0940
2025-12-01 23:31:38, 0.0734188446, 0.0819949385, 0.2114014807, 0.1978263437, 2560.5250, 2592.7750, 760.3900, 19.6122
2025-12-01 23:31:44, 0.0881396667, 0.1282327759, 0.2796340928, 0.2607981289, 2668.9070, 2766.1395, 762.5250, 18.2926
2025-12-01 23:31:50, 0.0876772618, 0.0808885380, 0.1553657278, 0.2141564983, 2810.6744, 2902.7907, 763.0500, 18.6169
2025-12-01 23:31:55, 0.1259344957, 0.0948044145, 0.1635935723, 0.1433044559, 2554.2105, 2607.5263, 763.5850, 19.8417
2025-12-01 23:32:01, 0.0895027713, 0.0553990402, 0.2037167812, 0.1834475950, 2233.5510, 2336.0204, 762.4400, 17.9807
2025-12-01 23:32:07, 0.1209135809, 0.0823389965, 0.1748731181, 0.1616657426, 2724.7941, 2695.6765, 760.4100, 18.0843
2025-12-01 23:32:13, 0.0721604689, 0.0889489010, 0.1794312262, 0.1572362064, 2670.7660, 2644.8511, 761.7750, 17.9001
2025-12-01 23:32:19, 0.0619509443, 0.0795594344, 0.1490090155, 0.1964781184, 2321.4681, 2339.9787, 761.2500, 16.9186
2025-12-01 23:32:24, 0.0602425728, 0.0710382386, 0.1439444420, 0.1302056178, 2641.6136, 2673.2727, 765.6250, 19.4881
2025-12-01 23:32:30, 0.0458858732, 0.0454884371, 0.2178436082, 0.1755038422, 3002.0909, 2984.4000, 761.6500, 19.0693
2025-12-01 23:32:36, 0.0470843756, 0.0522734927, 0.1931661178, 0.1951285554, 2796.2727, 2807.4182, 764.4300, 17.7148
2025-12-01 23:32:42, 0.0517722004, 0.0604987826, 0.2592769949, 0.2419607317, 2628.9643, 2680.6429, 764.0100, 17.7699
2025-12-01 23:32:48, 0.0699729181, 0.0528420235, 0.1827384581, 0.1423507016, 2864.2600, 2723.5800, 757.2300, 19.5734
2025-12-01 23:32:54, 0.0994235703, 0.1026172722, 0.2791721074, 0.2118285859, 2865.8378, 2834.3784, 759.2800, 19.5949
2025-12-01 23:32:59, 0.0769608962, 0.0870391345, 0.1484664745, 0.1271264805, 2813.1333, 2842.0167, 757.1050, 17.3319
2025-12-01 23:33:05, 0.0793708466, 0.0887565792, 0.1421401538, 0.1084578146, 2670.4340, 2760.1321, 762.8300, 17.3615
2025-12-01 23:33:11, 0.0547280548, 0.0516563040, 0.1380568577, 0.1319960156, 2456.0612, 2501.8163, 764.3100, 17.7199
2025-12-01 23:33:17, 0.0580615962, 0.0639529648, 0.1387271573, 0.1295083472, 2222.4375, 2202.2917, 757.4600, 18.0441
2025-12-01 23:33:23, 0.0649005522, 0.0761639998, 0.1787060209, 0.1723420511, 2636.0392, 2598.5686, 763.9200, 18.0990
2025-12-01 23:33:28, 0.0475304297, 0.0445246369, 0.2299151166, 0.1990304249, 2792.3291, 2734.6329, 765.4250, 18.7937
2025-12-01 23:33:34, 0.0350457617, 0.0383885878, 0.1701728904, 0.1726165398, 2652.3582, 2706.9403, 760.8200, 18.0839
2025-12-01 23:33:40, 0.0665177268, 0.0512066496, 0.2587431908, 0.2106548829, 2743.1864, 2749.9831, 767.5750, 16.6543
2025-12-01 23:33:46, 0.0571643163, 0.0628116494, 0.2069938994, 0.2233055505, 2650.2245, 2713.0204, 762.8650, 19.0845
2025-12-01 23:33:52, 0.0580060962, 0.0566147833, 0.2129872719, 0.1843847496, 2486.5385, 2507.8462, 763.2350, 18.1119
2025-12-01 23:33:58, 0.0545478809, 0.0548648776, 0.1508382914, 0.1542310542, 2567.0400, 2661.6800, 766.5800, 17.8875
2025-12-01 23:34:03, 0.0920226998, 0.0928228927, 0.1359659730, 0.0927863247, 2600.6000, 2442.7667, 761.6700, 17.2502
2025-12-01 23:34:09, 0.0730624325, 0.0650693635, 0.1852330671, 0.1828329020, 2673.1000, 2660.7500, 765.5200, 19.8987
2025-12-01 23:34:15, 0.0818219423, 0.0901368826, 0.1385814963, 0.1504284831, 2580.7083, 2620.8750, 766.4200, 17.0477
2025-12-01 23:34:21, 0.0547326660, 0.0627879967, 0.2538956672, 0.2083423099, 2702.9455, 2607.2727, 758.0150, 16.4616
2025-12-01 23:34:27, 0.0586088729, 0.0498562288, 0.2415368580, 0.2023755639, 2439.2115, 2485.5192, 769.0750, 17.6440
2025-12-01 23:34:32, 0.0427236910, 0.0532242382, 0.1660197180, 0.1490996840, 2464.6034, 2462.0517, 762.8650, 17.0190
2025-12-01 23:34:38, 0.0375067920, 0.0451130703, 0.1202730496, 0.1179344762, 2387.7500, 2463.9464, 767.5750, 18.3947
2025-12-01 23:34:44, 0.0691394027, 0.0722835035, 0.1357446959, 0.1252184127, 2897.2051, 2860.4103, 769.4650, 16.8472
2025-12-01 23:34:50, 0.0541611723, 0.0574353524, 0.2968858318, 0.2394427096, 2805.6522, 2745.8478, 763.4200, 17.9043
2025-12-01 23:34:55, 0.0888460964, 0.0685660023, 0.1881241047, 0.1868876550, 2645.4000, 2748.2444, 763.9450, 17.1135
2025-12-01 23:35:01, 0.0663056004, 0.0691295997, 0.2804640604, 0.2549165498, 2980.2745, 3035.4314, 763.3150, 17.9960
2025-12-01 23:35:07, 0.0628637333, 0.0581814839, 0.1707364382, 0.1491908350, 2841.8511, 2867.4894, 764.9350, 18.9837
2025-12-01 23:35:13, 0.0494531890, 0.0570420166, 0.2945800297, 0.2179709828, 2725.0000, 2663.6111, 762.0700, 17.2422
2025-12-01 23:35:19, 0.0748732968, 0.0583272670, 0.1726366118, 0.1877476989, 2785.4651, 2804.0000, 762.3500, 17.5687
2025-12-01 23:35:24, 0.0701960606, 0.0618469359, 0.2367425422, 0.1991819251, 2486.4565, 2456.9565, 762.7100, 17.5284
2025-12-01 23:35:30, 0.0616802568, 0.0708991561, 0.2719635882, 0.1914756438, 2722.2143, 2666.6190, 769.5800, 18.6597
2025-12-01 23:35:36, 0.0802797020, 0.0815519492, 0.2085902551, 0.2086604354, 2556.7167, 2578.6167, 767.1150, 17.9157
2025-12-01 23:35:41, 0.0755334026, 0.0634321851, 0.2292783921, 0.2528707114, 2558.8269, 2580.8077, 768.8850, 19.1069
2025-12-01 23:35:47, 0.0712689888, 0.0721245792, 0.1279308492, 0.1181152160, 2421.2449, 2507.8571, 762.0900, 17.8149
2025-12-01 23:35:53, 0.0589182729, 0.0502119302, 0.1351936867, 0.1143638711, 2608.8750, 2653.6500, 761.6450, 18.1392
2025-12-01 23:35:59, 0.0531011346, 0.0648661715, 0.4638490255, 0.5198083529, 2725.5122, 2882.1463, 760.4650, 19.6308
2025-12-01 23:36:05, 0.0739928520, 0.0858249138, 0.2081915172, 0.1791840859, 2758.8776, 2853.7347, 761.0150, 16.0613
2025-12-01 23:36:10, 0.0819686313, 0.0745389255, 0.2253546159, 0.2573290684, 2668.9362, 2646.8936, 758.9750, 18.2004
2025-12-01 23:36:16, 0.0873925271, 0.0801917880, 0.1635115199, 0.1788126312, 2930.1186, 3029.1525, 760.4650, 17.9977
2025-12-01 23:36:22, 0.0708786978, 0.0667395889, 0.1251200075, 0.1543146217, 2577.2326, 2598.3256, 752.6150, 17.1399
2025-12-01 23:36:28, 0.0838631435, 0.0662260750, 0.2517002640, 0.2303974156, 2634.3333, 2617.4630, 756.8850, 17.8578
2025-12-01 23:36:34, 0.0500060363, 0.0557326992, 0.1308200443, 0.1264370000, 2504.9020, 2523.6863, 756.5700, 16.4276
2025-12-01 23:36:39, 0.0436879272, 0.0572244572, 0.1640949260, 0.2449277026, 2581.4340, 2624.8868, 755.3100, 18.3963
2025-12-01 23:36:45, 0.0549720369, 0.0659779720, 0.2035071657, 0.1937875152, 2586.1923, 2533.4423, 756.4150, 17.2515
2025-12-01 23:36:51, 0.0851762141, 0.0776164469, 0.2525804529, 0.2132891438, 2826.7333, 2914.2444, 754.7250, 17.5934
2025-12-01 23:36:57, 0.0973432334, 0.0918736269, 0.1645114263, 0.1729343215, 2768.0698, 2855.3488, 758.7000, 19.0379
2025-12-01 23:37:03, 0.0552451515, 0.0463990359, 0.3293275282, 0.2415347017, 2585.9302, 2568.4186, 757.1550, 19.3502
2025-12-01 23:37:09, 0.0578355991, 0.0542175095, 0.1256548916, 0.0965537560, 3087.4324, 3060.6757, 759.2750, 16.9233
2025-12-01 23:37:15, 0.0424765077, 0.0610366090, 0.1768686547, 0.1668366546, 2934.2466, 2888.4658, 760.4100, 19.0812
2025-12-01 23:37:20, 0.0540352327, 0.0488372374, 0.1373259584, 0.1479189634, 2263.5455, 2332.0545, 757.2650, 19.2121
2025-12-01 23:37:26, 0.0665428863, 0.0591429984, 0.1894779741, 0.1561589779, 2876.4038, 2841.1731, 756.4850, 18.4621
2025-12-01 23:37:32, 0.0512709525, 0.0463826736, 0.1610523016, 0.1508466955, 2518.9608, 2411.8235, 756.7000, 19.4792
2025-12-01 23:37:37, 0.0411628619, 0.0365633300, 0.1682112769, 0.1733153292, 2634.7679, 2626.5536, 756.9950, 16.7632
2025-12-01 23:37:43, 0.0506584137, 0.0393697349, 0.1027593702, 0.1584899190, 2544.8947, 2559.0877, 759.8800, 19.4205
2025-12-01 23:37:49, 0.0528105003, 0.0357523671, 0.1589423452, 0.1548434421, 2629.9615, 2577.3846, 760.6450, 17.6839
2025-12-01 23:37:54, 0.0536963919, 0.0538707416, 0.2408209100, 0.1883512613, 3077.4054, 3054.0270, 762.0850, 17.5251
2025-12-01 23:38:01, 0.1065489456, 0.0931955287, 0.1363732180, 0.1552176555, 2768.7826, 2917.9783, 764.4650, 17.4485
2025-12-01 23:38:06, 0.0662275769, 0.0516933269, 0.3994397237, 0.2806451196, 2818.4375, 2860.6875, 762.2100, 17.3510
2025-12-01 23:38:12, 0.0496814981, 0.0575261784, 0.2696999391, 0.2554395797, 2715.3636, 2689.7955, 765.3700, 18.9395
2025-12-01 23:38:18, 0.0688342604, 0.0675334221, 0.2084922766, 0.1978257268, 2873.0769, 2950.1154, 761.1000, 19.5918
2025-12-01 23:38:24, 0.0585084628, 0.0545226779, 0.2594735533, 0.1981080344, 2465.4800, 2423.7600, 759.5150, 19.2260
2025-12-01 23:38:29, 0.0280621960, 0.0289959404, 0.2285700393, 0.1082943929, 2542.1695, 2258.9661, 762.1350, 19.0039
2025-12-01 23:38:35, 0.0294567871, 0.0376287851, 0.1590386504, 0.1454521569, 2587.5192, 2491.5192, 758.9700, 18.2901
2025-12-01 23:38:41, 0.0551046479, 0.0630137037, 0.2389380838, 0.2105353493, 2810.6885, 2795.0492, 759.7950, 18.7319
2025-12-01 23:38:47, 0.0365135450, 0.0318111336, 0.2460124362, 0.1868184613, 2577.7059, 2485.3529, 761.3600, 17.8286
2025-12-01 23:38:52, 0.0265449392, 0.0250123889, 0.1840563942, 0.2221338051, 2642.0429, 2599.4143, 761.3300, 18.6116
2025-12-01 23:38:58, 0.0310277870, 0.0239937628, 0.2322560069, 0.2032265784, 2450.0847, 2324.9322, 759.1700, 18.1315
2025-12-01 23:39:04, 0.0408017713, 0.0523659485, 0.2578821875, 0.2953100516, 2928.8378, 3096.1622, 761.4350, 17.0853
2025-12-01 23:39:10, 0.0404655609, 0.0422832231, 0.2289268557, 0.2558617159, 2763.6400, 2729.8800, 761.5500, 17.5308
2025-12-01 23:39:16, 0.0389326158, 0.0418953866, 0.2589411382, 0.2176600122, 2744.1250, 2638.8500, 765.2650, 16.7232
2025-12-01 23:39:22, 0.0520634113, 0.0665984879, 0.2283562319, 0.2144273941, 2911.1311, 2843.7541, 765.3550, 18.0258
2025-12-01 23:39:27, 0.0733789865, 0.0589213137, 0.1869917590, 0.1887400785, 2547.2708, 2607.5208, 764.1350, 18.4355
2025-12-01 23:39:33, 0.0688855723, 0.0484579792, 0.1505335490, 0.1460921269, 2875.4655, 2848.4138, 764.2450, 17.6124
2025-12-01 23:39:39, 0.0612640767, 0.0759122489, 0.2574185327, 0.2464206129, 2884.9412, 2810.2353, 764.2800, 15.8092
2025-12-01 23:39:45, 0.0498116071, 0.0508654574, 0.1612992356, 0.1807903044, 2392.6250, 2500.2500, 760.9600, 18.5523
2025-12-01 23:39:50, 0.0434609265, 0.0482441654, 0.1396646355, 0.1286692518, 2338.0392, 2220.9608, 764.0400, 20.1082
2025-12-01 23:39:56, 0.0297999171, 0.0352701778, 0.1481348985, 0.2313364050, 2472.4595, 2495.9595, 757.5750, 18.9110
2025-12-01 23:40:02, 0.0245109042, 0.0258431050, 0.1651737095, 0.2182398735, 2437.9492, 2352.2203, 759.5200, 18.7739
2025-12-01 23:40:08, 0.0811718921, 0.0573033165, 0.2004041533, 0.1178812530, 3079.9318, 3028.9318, 760.1900, 19.4477
2025-12-01 23:40:14, 0.0828886885, 0.0900091855, 0.1445333559, 0.1087345892, 2851.7551, 2804.6122, 759.4400, 19.0769
2025-12-01 23:40:20, 0.0591087052, 0.0697659650, 0.1643755539, 0.2749912103, 2914.9800, 3127.0800, 760.1000, 18.6647
2025-12-01 23:40:25, 0.0755493034, 0.0703457382, 0.0983660296, 0.1040259040, 2539.2381, 2596.4603, 756.9150, 16.4663
2025-12-01 23:40:31, 0.0601486042, 0.0660563324, 0.1195180207, 0.1153776550, 2690.7288, 2675.9831, 757.8750, 18.9092
2025-12-01 23:40:37, 0.0590462796, 0.0595944184, 0.1541006069, 0.1292291110, 2660.4444, 2758.4889, 761.9800, 20.0639
2025-12-01 23:40:42, 0.0295503467, 0.0308121020, 0.2073348404, 0.1377974223, 2663.7042, 2613.2676, 756.4950, 20.1007
2025-12-01 23:40:48, 0.0437959145, 0.0348205706, 0.2099197624, 0.1934679668, 2749.0159, 2719.0635, 755.0650, 17.9240
2025-12-01 23:40:54, 0.0605991003, 0.0647309624, 0.1280662268, 0.1183639588, 2519.8627, 2572.1569, 757.0500, 16.3859
2025-12-01 23:41:00, 0.0390444037, 0.0349129437, 0.2019117008, 0.2004284430, 2601.3721, 2539.4419, 756.1900, 17.3800
2025-12-01 23:41:05, 0.0485267572, 0.0464954220, 0.1673294441, 0.1908448250, 2969.7719, 2966.5965, 756.3700, 18.3775
2025-12-01 23:41:11, 0.0391603670, 0.0487067663, 0.1219609059, 0.1117087283, 2680.5800, 2673.8000, 755.3150, 17.2892
2025-12-01 23:41:17, 0.0547442930, 0.0647076187, 0.1626641420, 0.1493062802, 2976.0213, 3000.6596, 756.5150, 19.4219
2025-12-01 23:41:23, 0.0679384418, 0.0594769941, 0.1263696898, 0.1081473996, 2828.6905, 2695.9286, 758.4200, 18.7934
2025-12-01 23:41:29, 0.0649017290, 0.0644705400, 0.1466947690, 0.1297016379, 2767.9400, 2657.2400, 758.8900, 17.4522
2025-12-01 23:41:34, 0.0589547869, 0.0445075098, 0.1153350987, 0.1063096765, 2675.0952, 2607.3968, 762.6550, 17.7622
2025-12-01 23:41:40, 0.0530199505, 0.0556141715, 0.1615965223, 0.1526347752, 2550.1509, 2593.2830, 760.0900, 19.2412
2025-12-01 23:41:46, 0.0825889151, 0.0614778837, 0.1232522914, 0.1825254005, 2974.4545, 3080.8864, 761.2850, 20.1959
2025-12-01 23:41:52, 0.0644455363, 0.0814960484, 0.1585296164, 0.1742887927, 2676.1273, 2680.2000, 760.6800, 19.0252
2025-12-01 23:41:57, 0.0573198204, 0.0586480003, 0.1656982093, 0.1478313367, 2919.4878, 2952.2195, 759.8750, 19.3910
2025-12-01 23:42:03, 0.0805131408, 0.0909315334, 0.1786156607, 0.1337872074, 2748.9375, 2782.8333, 759.3050, 17.5394
2025-12-01 23:42:09, 0.0873985720, 0.1009770674, 0.2000069970, 0.1561266002, 2862.8571, 2794.5714, 759.6300, 16.8364
2025-12-01 23:42:15, 0.0903291831, 0.1040393322, 0.1282108492, 0.1047158254, 2662.9535, 2705.8837, 764.7000, 19.8050
2025-12-01 23:42:20, 0.0500531008, 0.0569063619, 0.1529970133, 0.1680318185, 2782.7647, 2763.1961, 761.2750, 18.5717
2025-12-01 23:42:26, 0.0763098731, 0.0652844688, 0.0976956783, 0.1159483435, 2810.1778, 2900.7111, 763.3300, 20.6451
2025-12-01 23:42:32, 0.0516296698, 0.0612703084, 0.1054887483, 0.1089054223, 2721.5000, 2691.0577, 763.6500, 20.9985
2025-12-01 23:42:38, 0.0345623681, 0.0338056429, 0.1118807520, 0.0903805410, 2724.5000, 2631.7500, 763.5500, 18.4379
2025-12-01 23:42:43, 0.0437277716, 0.0426917663, 0.1468909033, 0.1139381264, 2712.1373, 2675.1176, 762.5200, 18.6531
2025-12-01 23:42:50, 0.0314533456, 0.0314977062, 0.1355615491, 0.0925550623, 2698.8358, 2484.4328, 762.9100, 18.7814
2025-12-01 23:42:55, 0.0746072266, 0.0735430335, 0.1143476997, 0.1222880390, 2702.7937, 2784.4762, 762.1000, 17.6754
2025-12-01 23:43:01, 0.0641813066, 0.0704270941, 0.2367534845, 0.1522119888, 2818.7797, 2722.3390, 756.6150, 18.5156
2025-12-01 23:43:07, 0.0377138854, 0.0411925708, 0.1929558117, 0.1435906024, 2551.2157, 2523.3137, 762.0800, 17.7962
2025-12-01 23:43:12, 0.0390402257, 0.0430240519, 0.1597105415, 0.1601884902, 2611.2063, 2502.5714, 761.5000, 19.4335
2025-12-01 23:43:18, 0.0354982806, 0.0353396644, 0.1382450983, 0.1895877548, 2726.3333, 2894.0196, 762.8900, 17.4728
2025-12-01 23:43:24, 0.0448492200, 0.0353680937, 0.1301435506, 0.1627342148, 2699.2424, 2884.8485, 762.8650, 17.9381
2025-12-01 23:43:30, 0.0362132171, 0.0311625095, 0.1958117163, 0.1447497615, 2990.1061, 2797.3485, 763.8250, 17.8943
2025-12-01 23:43:36, 0.0338022833, 0.0371144815, 0.3003222135, 0.1841359736, 2493.8727, 2425.8727, 764.7050, 17.3778
2025-12-01 23:43:41, 0.0893060596, 0.1070280178, 0.1929130119, 0.1587543735, 2815.9400, 2812.1200, 762.2800, 18.2667
2025-12-01 23:43:47, 0.0357187978, 0.0351179710, 0.1308524444, 0.1463461093, 2680.4310, 2636.7241, 766.0300, 17.3115
2025-12-01 23:43:53, 0.0859827781, 0.0645639619, 0.1190455724, 0.1376726572, 2836.9400, 3001.4200, 761.9750, 17.1594
2025-12-01 23:43:59, 0.0521601353, 0.0491026835, 0.1291676076, 0.1718152018, 2546.2692, 2611.9038, 765.3050, 17.3911
2025-12-01 23:44:04, 0.0551521544, 0.0476414064, 0.1007643537, 0.1409121109, 2503.0364, 2506.6000, 763.7800, 18.5287
2025-12-01 23:44:10, 0.0943366498, 0.0833074428, 0.1465363112, 0.1312376012, 2509.0377, 2578.8679, 764.5550, 18.2098
2025-12-01 23:44:16, 0.0751738319, 0.0661415961, 0.0888192370, 0.0952959613, 2608.9600, 2506.2400, 765.8000, 16.2410
2025-12-01 23:44:22, 0.0732479047, 0.0541779338, 0.0915141487, 0.1185916632, 2277.5366, 2286.7317, 767.3800, 19.4853
2025-12-01 23:44:27, 0.0644519267, 0.0618651139, 0.1858408913, 0.2100867680, 2651.7234, 2722.6809, 766.5550, 17.2339
2025-12-01 23:44:33, 0.1097028674, 0.0813481801, 0.0821351742, 0.0915795609, 2626.2642, 2651.4717, 764.3600, 18.4383
2025-12-01 23:44:39, 0.0992385766, 0.1262638537, 0.1402550879, 0.1648775208, 2696.8085, 2764.6383, 759.0700, 17.1603
2025-12-01 23:44:45, 0.0633368225, 0.0728704238, 0.1497350615, 0.1384054722, 2809.3409, 2802.5909, 761.1300, 17.5392
2025-12-01 23:44:50, 0.0396513564, 0.0488361350, 0.1337556411, 0.1394787858, 2542.8833, 2435.0833, 759.1550, 18.7604
2025-12-01 23:44:56, 0.0531669946, 0.0455505877, 0.1416238724, 0.1194787596, 2825.2154, 2649.1385, 760.4200, 17.6478
2025-12-01 23:45:02, 0.0398224935, 0.0354138795, 0.1521881779, 0.1412521450, 2806.6567, 2675.2388, 761.5600, 18.3558
2025-12-01 23:45:07, 0.0594742823, 0.0516461725, 0.0922067101, 0.1304472634, 2579.6415, 2526.9811, 761.1150, 17.6590
2025-12-01 23:45:13, 0.0551255761, 0.0477096245, 0.1492197167, 0.1177794478, 2657.1273, 2694.7818, 760.5550, 18.8811
2025-12-01 23:45:19, 0.0703605039, 0.0587262158, 0.1639629351, 0.1303974139, 3020.2917, 3089.8750, 763.4900, 19.2419
2025-12-01 23:45:25, 0.0542466747, 0.0589177558, 0.1682985630, 0.1559273322, 2599.3065, 2626.0645, 763.4500, 18.3689
2025-12-01 23:45:31, 0.0414556718, 0.0412591689, 0.1215432333, 0.1009896435, 2327.3182, 2248.3939, 760.6850, 18.5110
2025-12-01 23:45:37, 0.0633618094, 0.0725120875, 0.1369880564, 0.1086011316, 2896.3333, 2867.1228, 760.3300, 18.7859
2025-12-01 23:45:42, 0.0840508930, 0.1051598544, 0.1339285100, 0.1390188505, 2492.0541, 2637.0000, 761.3150, 17.5862
2025-12-01 23:45:48, 0.0837867096, 0.0641214836, 0.1445416739, 0.1540958801, 2864.8222, 2894.5556, 760.8350, 16.9156
2025-12-01 23:45:54, 0.0793730696, 0.0612538562, 0.1766117586, 0.1779387909, 2937.6341, 3084.0000, 762.8100, 19.6559
2025-12-01 23:46:00, 0.0583802514, 0.0585168440, 0.1952465436, 0.1559811471, 2978.2203, 2895.4915, 762.2800, 17.7139
2025-12-01 23:46:05, 0.0869960215, 0.0836469817, 0.1276645065, 0.1038928663, 2752.4286, 2710.0952, 762.9900, 17.7868
2025-12-01 23:46:11, 0.0946470087, 0.0785453543, 0.1528106797, 0.1582247053, 2518.0769, 2442.0962, 763.1950, 17.4979
2025-12-01 23:46:17, 0.0642534053, 0.0604928481, 0.2428544454, 0.2603980252, 2645.7885, 2776.5000, 766.4000, 17.4734
2025-12-01 23:46:23, 0.0425304022, 0.0358426313, 0.1651803724, 0.1603555229, 2667.8000, 2585.0286, 760.3150, 17.8484
2025-12-01 23:46:29, 0.0562727436, 0.0417951773, 0.0923662084, 0.1097298995, 2328.7692, 2407.6538, 761.4150, 17.4032
2025-12-01 23:46:34, 0.0678778234, 0.0917623821, 0.1738496426, 0.1608156809, 2782.5962, 2805.3077, 766.9500, 19.4571
2025-12-01 23:46:40, 0.0584163745, 0.0867489144, 0.1574349268, 0.1540092723, 2552.6444, 2715.2444, 765.4750, 18.5865
2025-12-01 23:46:46, 0.0466399307, 0.0654673877, 0.1809329137, 0.1691238718, 2640.0213, 2619.3404, 759.1300, 18.0367
2025-12-01 23:46:52, 0.0782705209, 0.0672003127, 0.2013286033, 0.1446658767, 2658.7414, 2537.8448, 759.6750, 18.7158
2025-12-01 23:46:57, 0.0455876186, 0.0542352825, 0.1854070606, 0.1883909128, 2741.2642, 2790.0943, 757.1450, 18.2766
2025-12-01 23:47:03, 0.0577759159, 0.0635711340, 0.1018374169, 0.1296536318, 2752.1774, 2790.5968, 755.8450, 18.6008
2025-12-01 23:47:09, 0.0546282336, 0.0594949502, 0.1600358029, 0.1762495247, 2698.8136, 2742.8475, 756.7650, 17.8132
2025-12-01 23:47:15, 0.0885839776, 0.0701927532, 0.1388496921, 0.1137851282, 2664.2642, 2708.2830, 755.5650, 18.8681
2025-12-01 23:47:21, 0.0690013433, 0.0679908765, 0.1085291801, 0.1397578635, 2535.7200, 2560.6200, 758.6550, 19.5416
2025-12-01 23:47:26, 0.0750193650, 0.0812462015, 0.1275476372, 0.1107400513, 2770.7403, 2684.3377, 759.5850, 17.8416
2025-12-01 23:47:33, 0.0648965316, 0.0633331720, 0.0983644601, 0.1048209858, 2767.1333, 2840.8500, 760.0500, 19.6027
2025-12-01 23:47:39, 0.0834047268, 0.0993778273, 0.1370079968, 0.1295630678, 2685.8431, 2723.9216, 757.9650, 18.7444
2025-12-01 23:47:45, 0.1226788805, 0.1317804331, 0.1557666278, 0.1685909809, 2814.7000, 2889.4200, 755.5700, 19.0012
2025-12-01 23:47:50, 0.0600794102, 0.0493793879, 0.1251465124, 0.1209571229, 2739.3538, 2630.6154, 757.5750, 17.9556
2025-12-01 23:47:56, 0.0555784927, 0.0560192709, 0.1292371255, 0.1356386606, 2923.7391, 2874.8913, 759.7900, 20.7233
2025-12-01 23:48:02, 0.1205940999, 0.0660338372, 0.1461394441, 0.1528173164, 2620.7708, 2623.2083, 760.4650, 19.7669
2025-12-01 23:48:08, 0.0581851730, 0.0648562617, 0.1592430331, 0.1281276930, 2912.7667, 2841.6000, 759.3300, 21.9037
2025-12-01 23:48:13, 0.0362948562, 0.0298551386, 0.1174385496, 0.1087854092, 2632.3793, 2733.3276, 758.9700, 19.2673
2025-12-01 23:48:19, 0.0378757327, 0.0388590529, 0.2313610946, 0.1509302110, 2968.4925, 2842.0000, 756.8900, 17.1239
2025-12-01 23:48:25, 0.0409476305, 0.0510605055, 0.0995183147, 0.1026776493, 2701.7778, 2706.7619, 759.0950, 17.7369
2025-12-01 23:48:31, 0.0617850497, 0.0730692503, 0.1967950348, 0.1860816636, 2899.2500, 2942.8571, 758.9400, 19.3744
2025-12-01 23:48:37, 0.0749881695, 0.0814394700, 0.0963169937, 0.0963991303, 2585.1017, 2682.5593, 757.9900, 18.1320
2025-12-01 23:48:43, 0.0654316892, 0.0621996585, 0.1147339153, 0.1608518925, 2791.4912, 2788.3684, 757.9700, 18.5591
2025-12-01 23:48:48, 0.1303504582, 0.0943632971, 0.1060701683, 0.1215976166, 2959.2754, 2999.3913, 756.9550, 18.1899
2025-12-01 23:48:54, 0.0550627530, 0.0533064210, 0.1590050135, 0.1398628238, 2648.8125, 2558.7708, 755.1850, 16.7994
2025-12-01 23:49:00, 0.0346352820, 0.0418008857, 0.1130321281, 0.0805293165, 2617.6667, 2563.9683, 759.5050, 17.3571
2025-12-01 23:49:05, 0.0745850682, 0.0771685350, 0.1523723472, 0.1341528328, 2663.3704, 2544.5185, 757.5300, 18.8361
2025-12-01 23:49:11, 0.0528685882, 0.0672238171, 0.2089531585, 0.2153690969, 2920.6875, 2820.8125, 760.2900, 18.5759
2025-12-01 23:49:17, 0.0973031668, 0.0947397317, 0.1154535882, 0.1300889251, 2792.0000, 2767.2600, 759.9000, 18.3478
2025-12-01 23:49:23, 0.0865573554, 0.1154197977, 0.1587988296, 0.1362681555, 2506.4182, 2475.6000, 762.9050, 17.3576
2025-12-01 23:49:29, 0.0779646604, 0.0624192973, 0.1128704435, 0.1431617208, 2445.6481, 2533.2963, 761.8800, 19.0038
2025-12-01 23:49:34, 0.0766303195, 0.0747840063, 0.0896702607, 0.1017694646, 2783.7843, 2829.2353, 761.5700, 16.5794
2025-12-01 23:49:40, 0.0550262643, 0.0591231819, 0.1363496681, 0.1379614507, 2715.2264, 2739.8302, 763.6500, 17.8482
2025-12-01 23:49:46, 0.0668297986, 0.0628102437, 0.0926633739, 0.1050112246, 2663.8727, 2650.8727, 763.1900, 17.6248
2025-12-01 23:49:52, 0.0580020602, 0.0936017980, 0.1500377261, 0.1437163197, 2802.5349, 2760.1860, 762.7100, 19.4912
2025-12-01 23:49:58, 0.0510656984, 0.0570619786, 0.2239580351, 0.2267689815, 2915.6406, 2907.4531, 758.2750, 18.6274
2025-12-01 23:50:03, 0.0793050373, 0.0825821250, 0.1744092773, 0.1432958769, 2581.6047, 2674.0000, 762.4350, 18.1120
2025-12-01 23:50:09, 0.0570687513, 0.0606861198, 0.1651322371, 0.1161592088, 2641.4490, 2600.4082, 764.9500, 17.4533
2025-12-01 23:50:15, 0.0555698908, 0.0757995412, 0.1708771145, 0.1407679756, 2809.0952, 2746.7937, 761.4550, 16.5154
2025-12-01 23:50:21, 0.0774329620, 0.0633812558, 0.2556320527, 0.2510205855, 2749.6786, 2744.3929, 769.3600, 17.1738
2025-12-01 23:50:27, 0.0711963768, 0.0616865316, 0.1221978154, 0.1210181264, 2777.5536, 2791.8214, 770.4450, 17.7574
2025-12-01 23:50:32, 0.0581952776, 0.0558884044, 0.1586931836, 0.1719829541, 2746.7143, 2691.3061, 770.1050, 18.1087
2025-12-01 23:50:38, 0.0872831300, 0.0967136392, 0.1553558636, 0.1211073334, 2774.8909, 2772.7091, 770.8000, 17.1977
2025-12-01 23:50:44, 0.0880342404, 0.0822575564, 0.1288867613, 0.0968560557, 2611.2549, 2660.3529, 770.6300, 18.9373
2025-12-01 23:50:50, 0.0639687816, 0.0508081158, 0.2398320283, 0.1818420782, 2892.8605, 2807.9302, 772.0750, 17.8317
2025-12-01 23:50:56, 0.0603763996, 0.0675537763, 0.1784947167, 0.1722288798, 2826.9434, 2766.9623, 770.9650, 18.6079
2025-12-01 23:51:01, 0.0626227779, 0.0612024272, 0.2394443822, 0.1869435518, 2628.0175, 2670.7018, 773.3100, 17.6350
2025-12-01 23:51:07, 0.0678164221, 0.0866984615, 0.2522308274, 0.2016425707, 2878.6538, 2893.9423, 769.3300, 18.0840
2025-12-01 23:51:13, 0.0650558962, 0.0533996859, 0.1205027255, 0.1441428509, 2692.3000, 2736.2333, 772.8550, 19.3679
2025-12-01 23:51:19, 0.1027741256, 0.0949500538, 0.1707210746, 0.1581105754, 2745.1765, 2747.4706, 770.4550, 17.2136
2025-12-01 23:51:24, 0.1174668041, 0.0983815226, 0.0783824194, 0.0832392199, 2718.2600, 2688.9000, 769.0850, 17.2194
2025-12-01 23:51:30, 0.1018260220, 0.1012106814, 0.2177253018, 0.1569000953, 2771.4651, 2678.2558, 765.8250, 17.2080
2025-12-01 23:51:36, 0.0844814870, 0.1004212077, 0.1416764580, 0.1557454795, 3065.1702, 2918.2553, 766.4400, 19.0217
2025-12-01 23:51:42, 0.1088729574, 0.0897357458, 0.1880929022, 0.1496619956, 2456.5660, 2536.4528, 767.9900, 18.0272
2025-12-01 23:51:48, 0.0628981034, 0.0621461494, 0.1248595785, 0.1242039160, 3011.8636, 3009.3182, 764.4850, 17.4680
2025-12-01 23:51:54, 0.0644951668, 0.0558875760, 0.1783935767, 0.1560613841, 2675.3111, 2714.2889, 762.5850, 16.9824
2025-12-01 23:51:59, 0.0702107650, 0.0720677750, 0.1732513380, 0.2046837788, 2773.1818, 2837.2727, 767.5900, 19.8772
2025-12-01 23:52:05, 0.0802853593, 0.0649798150, 0.1232252040, 0.1563657916, 2734.7111, 2830.0889, 767.7200, 16.3949
2025-12-01 23:52:11, 0.1057669842, 0.1102315170, 0.1779212348, 0.1547773683, 2596.8000, 2657.7000, 767.2000, 18.8621
2025-12-01 23:52:16, 0.0968126704, 0.0885044280, 0.1107615602, 0.1152457958, 2639.9630, 2664.7593, 767.5150, 18.3684
2025-12-01 23:52:22, 0.0924047390, 0.0634291941, 0.1856744011, 0.1714680606, 2787.2909, 2783.9636, 768.6250, 18.8681
2025-12-01 23:52:28, 0.0949667062, 0.0650655022, 0.1245551697, 0.1291583879, 2491.0000, 2603.1667, 766.9750, 17.3909
2025-12-01 23:52:34, 0.0864805830, 0.0822600477, 0.0993374459, 0.1182032523, 2578.0351, 2686.7719, 763.7500, 18.4818
2025-12-01 23:52:39, 0.0335749818, 0.0404623245, 0.1589246293, 0.1307812368, 2817.2083, 2840.0417, 764.1700, 18.0904
2025-12-01 23:52:45, 0.0437787109, 0.0450120818, 0.1381815040, 0.1418891941, 2761.2063, 2793.4921, 765.0350, 16.6725
2025-12-01 23:52:51, 0.0638389053, 0.0562965390, 0.1166447309, 0.0868911374, 2363.1200, 2380.8600, 765.0600, 17.6759
2025-12-01 23:52:57, 0.0684781473, 0.0784090883, 0.1517500765, 0.1013603511, 2655.4808, 2671.0385, 763.5750, 16.6923
2025-12-01 23:53:03, 0.0965013796, 0.0802388810, 0.0725299467, 0.0640941700, 2539.7647, 2614.0588, 764.9150, 18.2041
2025-12-01 23:53:08, 0.0673377022, 0.0803862473, 0.1464760437, 0.1169274328, 3028.2115, 3080.9038, 765.2600, 18.1034
2025-12-01 23:53:15, 0.0609576200, 0.0490823223, 0.1748586775, 0.1902562315, 2628.0000, 2698.7759, 765.3650, 18.4730
2025-12-01 23:53:20, 0.0795274280, 0.0699630374, 0.1402542100, 0.1402933558, 2751.4545, 2702.3182, 767.6850, 18.9891
2025-12-01 23:53:26, 0.0956823427, 0.0976785648, 0.1000717056, 0.1149136933, 2594.6579, 2709.6053, 767.8700, 17.6395
2025-12-01 23:53:32, 0.0392834674, 0.0395061837, 0.1098458815, 0.0960990988, 2684.4776, 2705.2836, 766.5500, 18.8981
2025-12-01 23:53:37, 0.0801855090, 0.0859191434, 0.1930866279, 0.1949847090, 2749.2432, 2760.1081, 767.7300, 18.4490
2025-12-01 23:53:43, 0.0740544457, 0.0688245011, 0.1187508532, 0.1054547586, 2811.9310, 2864.3621, 768.5500, 18.7355
2025-12-01 23:53:49, 0.0508522407, 0.0586221266, 0.1349703773, 0.0970329907, 3066.8431, 2945.7059, 766.2650, 16.9966
2025-12-01 23:53:55, 0.0308253940, 0.0401292945, 0.1579097581, 0.1189233378, 2788.5077, 2714.6462, 765.2400, 17.5460
2025-12-01 23:54:01, 0.0533448352, 0.0424843480, 0.1721230501, 0.1467703579, 2732.4746, 2692.6271, 764.2200, 18.9687
2025-12-01 23:54:07, 0.0898002864, 0.0544288432, 0.1015941660, 0.1447145090, 2702.7308, 2773.0962, 766.8800, 18.2578
2025-12-01 23:54:13, 0.1152873568, 0.0971916345, 0.0969013886, 0.1115171861, 2778.0847, 2813.7119, 765.5000, 18.4786
2025-12-01 23:54:18, 0.0510588717, 0.0509676325, 0.1194440551, 0.1451097395, 2696.7600, 2675.0000, 762.0400, 19.4123
2025-12-01 23:54:24, 0.0481771180, 0.0485445795, 0.1095619216, 0.0941135118, 2657.7123, 2748.4795, 762.7900, 18.5142
2025-12-01 23:54:30, 0.0524302450, 0.0709866681, 0.0800755430, 0.0693820707, 2487.7255, 2488.1961, 767.4450, 17.5347
2025-12-01 23:54:36, 0.0587571735, 0.0571389389, 0.0841579206, 0.0740456909, 2803.0164, 2752.0656, 762.8150, 17.1840
2025-12-01 23:54:41, 0.0830542081, 0.0894621792, 0.1235580904, 0.0984479396, 2778.2041, 2721.1020, 760.0550, 19.0292
2025-12-01 23:54:47, 0.0702126261, 0.0529627699, 0.1060890426, 0.0988605101, 2595.8387, 2508.9194, 758.6950, 16.8633
2025-12-01 23:54:53, 0.0661138023, 0.0593168320, 0.1289505699, 0.1182601143, 3006.0299, 2906.9403, 761.4900, 17.4539
2025-12-01 23:54:59, 0.1088995129, 0.0710210763, 0.1077073804, 0.1049092545, 2534.2368, 2542.1842, 761.6100, 16.4827
2025-12-01 23:55:04, 0.0695302744, 0.0683566933, 0.0921396649, 0.0951139889, 2846.3667, 2810.4167, 758.2850, 18.1357
2025-12-01 23:55:10, 0.1159628292, 0.1012550170, 0.1072406259, 0.0920609050, 2877.5610, 2761.0976, 760.0750, 17.4126
2025-12-01 23:55:16, 0.0800694828, 0.0812665929, 0.1619322111, 0.1557889155, 2945.2250, 2966.2500, 757.8000, 16.3939
2025-12-01 23:55:22, 0.0693211374, 0.0940361295, 0.0891660408, 0.0714823558, 2643.1053, 2621.0877, 763.1900, 18.6581
2025-12-01 23:55:28, 0.0706256609, 0.0669322654, 0.0949155244, 0.0737022823, 2862.5918, 2827.1429, 762.3200, 18.9686
2025-12-01 23:55:33, 0.0668717125, 0.0657677730, 0.0858557627, 0.0731880773, 2625.6610, 2631.4576, 757.7450, 17.6003
2025-12-01 23:55:39, 0.0882630609, 0.0863294886, 0.0986127646, 0.1128295107, 2880.5385, 2856.7500, 762.4150, 18.0625
2025-12-01 23:55:45, 0.0856986596, 0.0793447973, 0.1042502861, 0.0990180556, 2763.3231, 2681.8000, 757.0450, 16.4828
2025-12-01 23:55:51, 0.0728354549, 0.0818154069, 0.1060410415, 0.1075116395, 2912.6957, 2888.6957, 758.8150, 18.0621
2025-12-01 23:55:56, 0.0756173341, 0.0731135968, 0.0783422321, 0.0852454238, 2955.3788, 2952.1970, 759.8750, 19.6395
2025-12-01 23:56:02, 0.0835464548, 0.0689051076, 0.1264671827, 0.1133643564, 2902.3800, 2885.5000, 759.8900, 17.8874
2025-12-01 23:56:08, 0.1196133697, 0.1163786666, 0.1025731205, 0.0923856893, 2799.5690, 2804.8276, 762.6000, 18.9251
2025-12-01 23:56:14, 0.1410954437, 0.1050713467, 0.1070540914, 0.0767478945, 2947.5208, 2907.3958, 767.4350, 21.1129
2025-12-01 23:56:20, 0.0752380797, 0.0903158918, 0.0792404251, 0.0601011950, 2824.0847, 2707.4576, 763.2950, 20.2876
2025-12-01 23:56:25, 0.0879814004, 0.0740639544, 0.0745622728, 0.0790589220, 2666.4306, 2705.2778, 765.8700, 20.0587
2025-12-01 23:56:31, 0.1032900242, 0.1110797133, 0.0894424883, 0.0807189016, 2904.7544, 2912.5965, 763.0000, 20.7516
2025-12-01 23:56:37, 0.0482521216, 0.0449154308, 0.0770507461, 0.0948929355, 2559.0833, 2621.0000, 764.3700, 18.9371
2025-12-01 23:56:43, 0.0745809915, 0.0736747750, 0.1538924194, 0.1243626926, 2903.5179, 2781.1607, 760.7450, 19.8892
2025-12-01 23:56:49, 0.0929488384, 0.0626390170, 0.1685160522, 0.1037858478, 2866.8163, 2689.9388, 765.4500, 19.9521
2025-12-01 23:56:54, 0.1113200981, 0.1010098340, 0.0944269461, 0.0958453691, 2706.5106, 2705.0638, 760.3050, 17.5912
2025-12-01 23:57:00, 0.0354365697, 0.0334312159, 0.1271581636, 0.0829397594, 2809.3833, 2655.3667, 764.0350, 17.4787
2025-12-01 23:57:06, 0.0560672282, 0.0555318933, 0.0873242289, 0.0853429546, 2692.0390, 2546.3377, 763.4150, 20.9955
2025-12-01 23:57:12, 0.0650969162, 0.0526714041, 0.1298863119, 0.1100509282, 3089.8000, 2998.5200, 760.5900, 17.1339
2025-12-01 23:57:18, 0.0766531370, 0.0589506143, 0.1086483108, 0.1136343293, 2809.2059, 2739.9265, 760.0950, 18.2147
2025-12-01 23:57:23, 0.0427766819, 0.0399699467, 0.1125874471, 0.1011634127, 2627.4744, 2565.3077, 761.0000, 18.0089
2025-12-01 23:57:29, 0.0624061304, 0.0602625646, 0.0845909975, 0.0791274939, 2824.3509, 2761.6491, 761.9500, 21.3398
2025-12-01 23:57:35, 0.0470853021, 0.0566052697, 0.0952603178, 0.0845100649, 2871.1475, 2843.8525, 759.9700, 18.2346
2025-12-01 23:57:40, 0.0971410976, 0.0848385151, 0.1025821861, 0.0888699629, 2807.3770, 2818.7213, 763.2150, 18.0014
2025-12-01 23:57:46, 0.0470177793, 0.0396984801, 0.0996419770, 0.0940550888, 2996.7119, 2913.1525, 763.1700, 19.8621
2025-12-01 23:57:52, 0.0396534326, 0.0320413452, 0.0816192260, 0.1001947668, 2846.7246, 2732.1159, 764.1400, 20.2200
2025-12-01 23:57:58, 0.0446492391, 0.0533819583, 0.1390858892, 0.1189678676, 3091.8889, 2966.2917, 763.8050, 19.7891
2025-12-01 23:58:03, 0.0353131394, 0.0390229045, 0.1078503456, 0.0818007631, 2781.4225, 2589.6338, 760.1900, 18.8808
2025-12-01 23:58:09, 0.0989880703, 0.0761262616, 0.1101332734, 0.0921768430, 2724.1373, 2689.0784, 763.2350, 17.9377
2025-12-01 23:58:15, 0.0743662682, 0.0750671226, 0.0889090733, 0.1005279809, 2874.0377, 2919.0943, 762.4800, 18.1317
2025-12-01 23:58:21, 0.0850796183, 0.0734925978, 0.1035163077, 0.1083407999, 3054.9153, 2986.9153, 765.6650, 16.7276
2025-12-01 23:58:27, 0.0705487940, 0.0820027902, 0.0919778367, 0.0875262815, 2745.6500, 2731.2667, 768.3350, 18.5522
2025-12-01 23:58:32, 0.0633819194, 0.0588827771, 0.0802999241, 0.1016653233, 3080.0000, 3022.8889, 769.3000, 18.6537
2025-12-01 23:58:38, 0.0466854531, 0.0495200104, 0.1003282294, 0.0918234178, 2749.0159, 2702.3333, 771.0400, 19.5994
2025-12-01 23:58:44, 0.0542778443, 0.0624078597, 0.1263296517, 0.1344937101, 2667.6364, 2587.6545, 766.7550, 19.5012
2025-12-01 23:58:50, 0.0665914521, 0.0833999512, 0.0946776631, 0.0902528942, 2927.4571, 2847.9000, 767.7150, 18.9564
2025-12-01 23:58:55, 0.0761798106, 0.0572092269, 0.1244048262, 0.1047887050, 3109.9107, 3050.7143, 766.7650, 17.8891
2025-12-01 23:59:01, 0.0617908649, 0.0903008655, 0.1064563844, 0.0906989624, 2736.8955, 2592.9403, 768.9600, 19.7241
2025-12-01 23:59:07, 0.0317370794, 0.0279246356, 0.0880411036, 0.0992705409, 2777.7079, 2684.1798, 765.3050, 19.2357
2025-12-01 23:59:13, 0.0343549292, 0.0311620296, 0.1399402194, 0.1406206703, 2762.6338, 2591.4507, 767.9500, 18.9778
2025-12-01 23:59:19, 0.0394117949, 0.0359816937, 0.1217994426, 0.1375313843, 2846.9000, 2699.0571, 767.6300, 20.0540
2025-12-01 23:59:24, 0.0561311614, 0.0603871297, 0.0870260294, 0.0594200491, 2924.5469, 2804.8906, 764.5400, 20.5652
2025-12-01 23:59:30, 0.0665160282, 0.0666903767, 0.0911375913, 0.0799817316, 2865.6562, 2725.9219, 762.6950, 19.1972
2025-12-01 23:59:36, 0.0604152432, 0.0591817136, 0.0850211500, 0.0961724337, 2685.0000, 2621.3000, 765.5500, 20.1295
2025-12-01 23:59:42, 0.0767011356, 0.0766793776, 0.0919372310, 0.0592815282, 2762.3509, 2738.2807, 761.6300, 17.7086
2025-12-01 23:59:47, 0.0720869563, 0.0885116598, 0.0879621017, 0.0779959917, 2867.0333, 2748.6667, 763.1600, 19.6167
2025-12-01 23:59:53, 0.1353479854, 0.1052158005, 0.0734725271, 0.0767709087, 2569.3750, 2490.2500, 759.5250, 18.6513
2025-12-01 23:59:59, 0.0351968981, 0.0347497830, 0.0899842350, 0.0828448171, 2733.8714, 2696.7000, 758.1050, 19.3720
2025-12-02 00:00:05, 0.0700838320, 0.0851518683, 0.0798461371, 0.0854042266, 2948.9630, 2920.3148, 759.5550, 19.6234
2025-12-02 00:00:10, 0.0427415113, 0.0424258562, 0.0949180089, 0.0809806053, 2744.6538, 2666.3462, 759.5100, 19.6967
2025-12-02 00:00:16, 0.0405386977, 0.0308320508, 0.0824870130, 0.0934296774, 2856.5747, 2765.2759, 759.6700, 19.5903
2025-12-02 00:00:22, 0.0329506532, 0.0304898567, 0.1013647486, 0.0766005482, 2929.1818, 2726.0303, 762.7800, 20.4094
2025-12-02 00:00:28, 0.0369405678, 0.0281879708, 0.1135920012, 0.1071645418, 2836.3378, 2793.4865, 760.2450, 20.5805
2025-12-02 00:00:34, 0.0528509433, 0.0535476917, 0.0925254153, 0.1064211077, 2807.6721, 2663.7377, 759.5800, 19.4204
2025-12-02 00:00:39, 0.0461235022, 0.0409067083, 0.1059360154, 0.0831107726, 2904.1094, 2723.7031, 760.4650, 17.5425
2025-12-02 00:00:45, 0.0478041844, 0.0421305146, 0.0781132093, 0.0849751148, 2820.9250, 2777.8500, 761.1650, 18.1204
2025-12-02 00:00:51, 0.0581342645, 0.0543558745, 0.1254811791, 0.0715938071, 2933.0333, 2746.6333, 762.4950, 17.8460
2025-12-02 00:00:57, 0.0527977213, 0.0460660231, 0.1001369958, 0.0755146006, 2815.4058, 2741.1014, 758.0200, 18.3693
2025-12-02 00:01:02, 0.0816866438, 0.0755085883, 0.0784569445, 0.0647707193, 2828.2105, 2670.5439, 759.8900, 18.0510
2025-12-02 00:01:08, 0.0971993954, 0.1047473118, 0.1041858371, 0.1016214355, 2666.4821, 2713.5536, 757.1850, 17.5887
2025-12-02 00:01:14, 0.1197270117, 0.1148875463, 0.0911385278, 0.0734757306, 2618.4754, 2548.8033, 758.4350, 18.8843
2025-12-02 00:01:20, 0.0891139566, 0.0894630094, 0.0742703729, 0.0646155783, 2695.5667, 2598.4000, 756.7600, 15.1411
2025-12-02 00:01:26, 0.1088621894, 0.0987283224, 0.1321035822, 0.1511617459, 2861.0000, 2864.7742, 757.2550, 18.9093
2025-12-02 00:01:31, 0.0740075450, 0.0689342732, 0.0876566607, 0.0788823570, 2642.1250, 2696.3750, 756.8150, 17.3341
2025-12-02 00:01:37, 0.0784578737, 0.0722208273, 0.0735712966, 0.0696852344, 2594.1333, 2533.7167, 756.7300, 17.6070
2025-12-02 00:01:43, 0.0911503915, 0.0650202052, 0.0914002874, 0.0838779433, 3014.3333, 3018.3333, 757.4850, 17.9430
2025-12-02 00:01:49, 0.0844950632, 0.0694842568, 0.0827341297, 0.0907809620, 2839.8571, 2829.0179, 759.4450, 17.7800
2025-12-02 00:01:54, 0.0582222802, 0.0738418543, 0.0490426140, 0.0585249264, 2795.3091, 2755.0364, 758.2850, 17.6707
2025-12-02 00:02:00, 0.1229503936, 0.1122612917, 0.0816218313, 0.0987241086, 2804.3519, 2795.4074, 761.7400, 17.2795
2025-12-02 00:02:06, 0.1272357545, 0.0946680722, 0.0949256315, 0.0698004134, 2743.6610, 2785.9492, 760.3900, 18.0842
2025-12-02 00:02:12, 0.0703707193, 0.0705681931, 0.0907687128, 0.0888394240, 3006.7609, 2894.3043, 763.2500, 19.1642
2025-12-02 00:02:18, 0.0835570662, 0.0860031662, 0.1323548068, 0.1216640886, 2650.2381, 2605.8889, 762.1450, 17.6364
2025-12-02 00:02:24, 0.0797234695, 0.0862025194, 0.1007318070, 0.0862364455, 2733.8500, 2689.7333, 763.8600, 19.2073
2025-12-02 00:02:30, 0.1147323583, 0.0835054121, 0.0773679580, 0.0850083034, 2670.0755, 2657.3962, 765.0100, 16.4918
2025-12-02 00:02:35, 0.0818497526, 0.1129037858, 0.1075738623, 0.0913911684, 2845.8636, 2796.0000, 763.3700, 17.7317
2025-12-02 00:02:41, 0.0608974515, 0.0653333978, 0.1123021586, 0.0860251232, 2837.3065, 2728.5806, 761.8600, 19.5788
2025-12-02 00:02:47, 0.1168608940, 0.1302354803, 0.1241870614, 0.0924425261, 2852.4717, 2764.2453, 760.8250, 16.3274
2025-12-02 00:02:52, 0.0544617253, 0.0483931173, 0.1073817806, 0.0764496333, 2883.0294, 2787.7941, 761.1800, 19.5964
2025-12-02 00:02:58, 0.1359135380, 0.0974233218, 0.0666019397, 0.0564091242, 2760.6984, 2655.3810, 761.5600, 18.2293
2025-12-02 00:03:04, 0.0639658485, 0.0587026838, 0.0601123406, 0.0728513506, 2753.1765, 2648.3824, 766.2300, 20.2546
2025-12-02 00:03:10, 0.1108609649, 0.0952516045, 0.1073836256, 0.1021127558, 2905.5172, 2800.6897, 768.8550, 19.5585
2025-12-02 00:03:16, 0.1417189115, 0.0973146268, 0.0907320556, 0.0772959299, 2825.0656, 2783.7705, 766.8300, 19.9670
2025-12-02 00:03:22, 0.0868396281, 0.0794791374, 0.0945143676, 0.0932335724, 2899.5370, 2850.9444, 766.5600, 18.4707
2025-12-02 00:03:28, 0.0896454319, 0.0798873636, 0.0833915673, 0.0755038667, 2749.6491, 2762.1930, 765.2900, 19.5332
2025-12-02 00:03:33, 0.0892887409, 0.0959320999, 0.0596767860, 0.0639573591, 2706.4902, 2675.7059, 765.8850, 20.5685
2025-12-02 00:03:39, 0.0945792446, 0.0834599956, 0.0768767548, 0.0753407760, 2716.4035, 2765.8246, 760.6600, 18.0276
2025-12-02 00:03:45, 0.0602854616, 0.0623569395, 0.0550036145, 0.0341748484, 2777.5926, 2623.3519, 766.4900, 19.9284
2025-12-02 00:03:50, 0.1136535122, 0.0737120534, 0.0624757196, 0.0641076935, 2788.7111, 2753.6000, 767.2800, 20.8205
2025-12-02 00:03:56, 0.0764928285, 0.0805581488, 0.0853577283, 0.0865964669, 2770.9474, 2628.0175, 762.3650, 21.0231
2025-12-02 00:04:02, 0.0631790504, 0.0507820983, 0.1116062120, 0.0807749465, 2580.1452, 2451.5968, 762.5800, 18.2851
2025-12-02 00:04:08, 0.0645146780, 0.0553481280, 0.0756788284, 0.0781453156, 2713.7593, 2693.3333, 759.2650, 16.3602
2025-12-02 00:04:14, 0.1001079275, 0.0969691684, 0.0807504262, 0.0785568665, 2838.6406, 2809.2969, 760.3100, 16.9739
2025-12-02 00:04:20, 0.1243412657, 0.1178076222, 0.0686974586, 0.0768008821, 2654.2128, 2658.2128, 764.8600, 18.8976
2025-12-02 00:04:25, 0.1094397786, 0.1164248988, 0.0905988804, 0.0995486963, 2889.9474, 2874.2632, 760.5150, 22.0638
2025-12-02 00:04:31, 0.1015962272, 0.1189628807, 0.0975720777, 0.0826117720, 3009.0612, 2790.9592, 760.0000, 17.8634
2025-12-02 00:04:37, 0.0737895655, 0.0847872048, 0.1012739651, 0.0774270518, 2758.2419, 2707.5161, 757.5350, 17.1793
2025-12-02 00:04:43, 0.0658242383, 0.0803430361, 0.1115791712, 0.0960315560, 2748.7397, 2732.7123, 759.5300, 17.9780
2025-12-02 00:04:48, 0.0572590906, 0.0511743324, 0.0925861249, 0.0881241787, 2694.9138, 2728.7586, 760.8650, 16.9849
2025-12-02 00:04:54, 0.0433800115, 0.0482526861, 0.0812389978, 0.0737865283, 2919.2222, 2737.2716, 759.8900, 18.6217
2025-12-02 00:05:00, 0.0835631930, 0.0549738874, 0.1001223487, 0.1029825424, 2971.5909, 2931.4848, 765.7950, 18.2809
2025-12-02 00:05:06, 0.0736470518, 0.0676917495, 0.1239911384, 0.1142214814, 2727.9804, 2685.6863, 763.8850, 18.2333
2025-12-02 00:05:12, 0.0447832709, 0.0579254140, 0.0990305878, 0.0824338053, 2958.6538, 2747.2308, 761.2500, 18.7325
2025-12-02 00:05:17, 0.0570433145, 0.0756196540, 0.0910567086, 0.1146566352, 2952.1569, 3002.1176, 762.8350, 18.6400
2025-12-02 00:05:23, 0.0870797615, 0.0579118362, 0.0598496552, 0.0693705744, 2577.4576, 2518.9661, 765.5300, 19.1940
2025-12-02 00:05:29, 0.0651281044, 0.0559889893, 0.0989820556, 0.0952799218, 2734.2759, 2661.8448, 766.1250, 18.1994
2025-12-02 00:05:35, 0.0996286137, 0.0961094430, 0.0715446711, 0.0562027405, 2718.9032, 2661.8548, 764.3500, 19.2153
2025-12-02 00:05:41, 0.0892231539, 0.0778732224, 0.0899571323, 0.0797816093, 2800.0556, 2821.0741, 767.0800, 18.5047
2025-12-02 00:05:46, 0.1314144198, 0.0974543955, 0.1093302633, 0.0843668990, 2820.3750, 2757.2917, 767.4450, 17.4788
2025-12-02 00:05:52, 0.0687430740, 0.0640736952, 0.0983083756, 0.0940854194, 2864.2407, 2871.0556, 768.4800, 18.1119
2025-12-02 00:05:58, 0.0688346903, 0.0629282109, 0.0774871249, 0.0781096997, 2760.1321, 2750.0000, 766.6650, 20.0647
2025-12-02 00:06:04, 0.0651990839, 0.0559302231, 0.0995682153, 0.1072120686, 2560.6316, 2647.7193, 767.7400, 18.0804
2025-12-02 00:06:10, 0.0758472584, 0.0877303924, 0.1261072258, 0.1078311857, 2868.8824, 2779.7843, 765.9800, 19.2333
2025-12-02 00:06:15, 0.0654248527, 0.0628387560, 0.1327540309, 0.0975057741, 2744.0000, 2756.8909, 765.7850, 17.9446
2025-12-02 00:06:21, 0.0446350420, 0.0550144537, 0.0815323349, 0.0929493559, 2505.2295, 2513.7377, 765.7650, 18.2839
2025-12-02 00:06:27, 0.1060093997, 0.0949435875, 0.0965199452, 0.0950459590, 2641.9322, 2672.7288, 766.1000, 17.9677
2025-12-02 00:06:33, 0.0764112963, 0.0698619824, 0.0865071351, 0.0772983057, 2917.9344, 2833.5082, 764.7650, 17.1598
2025-12-02 00:06:39, 0.0562013761, 0.0576730823, 0.1140549916, 0.1212679886, 2461.1587, 2505.4444, 761.1500, 17.8283
2025-12-02 00:06:45, 0.0897646386, 0.0753511989, 0.0912940864, 0.1064772380, 2899.7708, 2779.6042, 764.1750, 18.1644
2025-12-02 00:06:51, 0.0956759237, 0.0839900171, 0.0879064157, 0.0909898649, 2656.2951, 2662.7049, 759.4900, 15.5679
2025-12-02 00:06:56, 0.0451225286, 0.0492087889, 0.1367097795, 0.0946003573, 2941.5890, 2879.0822, 764.0450, 17.8604
2025-12-02 00:07:02, 0.0430092688, 0.0460593786, 0.0678204817, 0.0591606556, 2640.8475, 2524.4237, 760.1700, 17.7483
2025-12-02 00:07:08, 0.0380058950, 0.0368866924, 0.0896106370, 0.0890703170, 2791.4000, 2663.4167, 761.5850, 18.9824
2025-12-02 00:07:14, 0.0521281462, 0.0543664432, 0.0818321492, 0.0594224140, 2776.1212, 2750.0455, 765.2600, 18.9948
2025-12-02 00:07:19, 0.0493451286, 0.0452477591, 0.0866019606, 0.0705822364, 2882.5082, 2635.3115, 765.0100, 20.3863
2025-12-02 00:07:26, 0.0717696052, 0.0668549636, 0.1095206216, 0.1039485406, 2693.0167, 2710.7667, 763.7350, 19.9989
2025-12-02 00:07:32, 0.1127736040, 0.1031667493, 0.0672056711, 0.0728764410, 2847.2063, 2873.6825, 762.9300, 19.5293
2025-12-02 00:07:38, 0.0711447751, 0.0838708383, 0.0907833587, 0.0656136002, 2828.1176, 2712.0784, 763.2650, 19.2794
2025-12-02 00:07:43, 0.1352839786, 0.0823299550, 0.0782301869, 0.0651635909, 3145.6346, 3002.1731, 764.3950, 17.2508
2025-12-02 00:07:49, 0.0527394880, 0.0559679605, 0.1157654085, 0.0966456617, 2800.3636, 2666.3091, 766.6150, 19.9406
2025-12-02 00:07:55, 0.0486577267, 0.0466313858, 0.1021881304, 0.0854069330, 2858.1389, 2675.4444, 764.0700, 19.9315
2025-12-02 00:08:00, 0.0779585751, 0.0739308724, 0.0878274438, 0.0745869733, 2841.8167, 2846.1000, 765.6000, 20.1321
2025-12-02 00:08:07, 0.0948867966, 0.0868001901, 0.1050569588, 0.0987301255, 2836.9400, 2842.3200, 768.6850, 19.6465
2025-12-02 00:08:13, 0.0652746052, 0.0737281812, 0.1329234505, 0.0877361552, 3059.8154, 2976.6615, 770.6050, 21.6060
2025-12-02 00:08:18, 0.0793128733, 0.0801413463, 0.1172746051, 0.1230710594, 2755.7500, 2865.9000, 770.2650, 22.8067
2025-12-02 00:08:24, 0.0447389033, 0.0529531692, 0.1255667467, 0.1125436285, 2930.0000, 2816.5818, 763.3300, 20.3333
2025-12-02 00:08:30, 0.0638834928, 0.0601099253, 0.0886897555, 0.0902082098, 2741.8571, 2735.0179, 763.9050, 20.7746
2025-12-02 00:08:37, 0.0452360401, 0.0485309423, 0.1885688678, 0.1424125432, 2701.3019, 2638.5472, 764.8250, 19.1952
2025-12-02 00:08:42, 0.0370666862, 0.0365377419, 0.1297882322, 0.1246335369, 2826.6986, 2713.6575, 764.8400, 18.0459
2025-12-02 00:08:48, 0.0850255625, 0.0633702006, 0.1736671202, 0.1364541150, 2647.2745, 2630.9804, 764.3750, 18.5047
2025-12-02 00:08:54, 0.0439529809, 0.0352378865, 0.0976319631, 0.0950598635, 2752.1270, 2797.7937, 764.2200, 19.3091
2025-12-02 00:08:59, 0.0351041234, 0.0350796169, 0.1501453045, 0.1336575105, 2800.9444, 2644.7037, 764.8200, 18.6726
2025-12-02 00:09:05, 0.0466811443, 0.0482932813, 0.1294910898, 0.1289293289, 2835.3148, 2762.4074, 764.3350, 17.6364
2025-12-02 00:09:11, 0.0309994685, 0.0322693801, 0.1009535881, 0.0899344820, 2902.5000, 2644.1163, 765.4600, 20.6303
2025-12-02 00:09:17, 0.0639606756, 0.0732088224, 0.1056100866, 0.1213715432, 2787.6393, 2717.0656, 762.0850, 18.6638
2025-12-02 00:09:23, 0.0455959557, 0.0616532441, 0.1504482106, 0.1225508558, 2746.0847, 2756.5593, 762.5050, 17.5097
2025-12-02 00:09:28, 0.1238263318, 0.1133645679, 0.1252394387, 0.1099377294, 2748.0263, 2698.3947, 760.5500, 19.7780
2025-12-02 00:09:34, 0.0568452814, 0.0577962021, 0.1131194263, 0.1116710329, 2851.9545, 2678.4091, 756.6500, 18.9290
2025-12-02 00:09:40, 0.0409279830, 0.0421611969, 0.1553244724, 0.1243095671, 3065.2586, 2942.0000, 764.4500, 19.2647
2025-12-02 00:09:46, 0.0752530044, 0.0738879686, 0.1090176799, 0.0791796371, 2865.5000, 2778.4310, 759.6850, 19.8335
2025-12-02 00:09:52, 0.0574542063, 0.0555824873, 0.1412208959, 0.1350282284, 2662.9655, 2614.0690, 762.5850, 16.5545
2025-12-02 00:09:57, 0.0623945026, 0.0746297565, 0.1596373156, 0.1100744397, 2512.2549, 2504.4706, 758.4550, 17.5877
2025-12-02 00:10:03, 0.0499251393, 0.0523256868, 0.0783552262, 0.0762015251, 3103.9836, 3061.1311, 756.5050, 19.1131
2025-12-02 00:10:09, 0.0293776970, 0.0292899653, 0.0998989085, 0.0932247045, 2731.0000, 2632.7538, 754.9300, 18.1048
2025-12-02 00:10:14, 0.0330875264, 0.0440607138, 0.0956602837, 0.1060685029, 2768.6471, 2711.1618, 757.4550, 18.9823
2025-12-02 00:10:20, 0.0539075799, 0.0519880344, 0.1475624298, 0.1249312180, 2977.5185, 2883.5370, 756.5000, 17.5918
2025-12-02 00:10:26, 0.0541729982, 0.0417132765, 0.1540881493, 0.1219798285, 2760.9600, 2753.2800, 757.2550, 17.5966
2025-12-02 00:10:32, 0.0369623383, 0.0361194471, 0.0988695801, 0.0935517167, 2759.6812, 2603.7681, 758.2250, 19.1072
2025-12-02 00:10:37, 0.0637209795, 0.0589195150, 0.1070359563, 0.0810176284, 2885.5522, 2755.7612, 758.8600, 17.7781
2025-12-02 00:10:43, 0.0457155734, 0.0610110895, 0.0974461280, 0.0694767139, 2533.3621, 2487.8793, 756.3050, 18.0009
2025-12-02 00:10:49, 0.0652811131, 0.0667002572, 0.1484778583, 0.0869600338, 2783.5357, 2756.3571, 757.8050, 18.3482
2025-12-02 00:10:55, 0.0628316971, 0.0658198682, 0.0766000846, 0.0760842631, 2662.7424, 2725.1061, 758.8350, 17.9485
2025-12-02 00:11:01, 0.0390128180, 0.0345180178, 0.1006239550, 0.0971666175, 2723.6761, 2585.0282, 761.7650, 18.1472
2025-12-02 00:11:07, 0.0510462178, 0.0449617655, 0.0964734263, 0.0800545099, 2954.3654, 2881.4423, 762.2100, 17.0972
2025-12-02 00:11:12, 0.0738227734, 0.0745150738, 0.1054363072, 0.1145330920, 2727.7288, 2661.0847, 759.7000, 15.9251
2025-12-02 00:11:18, 0.0504823324, 0.0504871770, 0.1114997808, 0.0675205307, 2915.1194, 2819.4328, 762.3500, 18.9380
2025-12-02 00:11:24, 0.0519468138, 0.0589486082, 0.1265860875, 0.1072996772, 2837.4074, 2635.1852, 765.2200, 18.1089
2025-12-02 00:11:30, 0.0984813105, 0.1090712826, 0.1306970517, 0.1265921360, 2932.5932, 2863.5932, 762.7050, 18.2669
2025-12-02 00:11:35, 0.1011128022, 0.1088940988, 0.1025533958, 0.1195741609, 2801.5932, 2852.0000, 764.6900, 17.5073
2025-12-02 00:11:41, 0.0729352663, 0.0839152760, 0.0826289440, 0.0939293920, 2757.4259, 2765.6481, 761.9700, 17.9067
2025-12-02 00:11:47, 0.1398807069, 0.1380485151, 0.1021163128, 0.1014451860, 2946.9661, 3024.5424, 761.4900, 18.7710
2025-12-02 00:11:53, 0.1016910523, 0.0938227723, 0.1023492790, 0.0616850457, 2692.9333, 2613.6000, 759.9150, 18.6943
2025-12-02 00:11:58, 0.0944909157, 0.0945731020, 0.0790802743, 0.0614545862, 2680.8750, 2544.3750, 763.1650, 18.7421
2025-12-02 00:12:04, 0.1202591400, 0.1193987239, 0.1021095206, 0.1028913595, 2758.7949, 2777.0513, 762.6700, 17.1438
2025-12-02 00:12:11, 0.1319482704, 0.1259169832, 0.1148594223, 0.0976605239, 3044.3261, 2945.4783, 765.3100, 18.3108
2025-12-02 00:12:16, 0.0524693915, 0.0648296822, 0.1013662112, 0.0864864384, 2759.2885, 2699.6923, 762.8550, 18.5775
2025-12-02 00:12:22, 0.0576392768, 0.0545217076, 0.0733462259, 0.0838888539, 2833.2615, 2839.6308, 763.9000, 18.9053
2025-12-02 00:12:28, 0.0694652717, 0.0785606689, 0.0486935272, 0.0555124707, 2619.8358, 2700.5522, 761.6350, 17.8900
2025-12-02 00:12:34, 0.0706984350, 0.0680857056, 0.0991280446, 0.0842670850, 2843.6000, 2787.0714, 763.5150, 17.0745
2025-12-02 00:12:39, 0.0577966794, 0.0638575401, 0.0940420533, 0.0762962585, 2605.8197, 2576.3607, 762.8950, 17.0913
2025-12-02 00:12:45, 0.0525318682, 0.0641666618, 0.0862270673, 0.0747175052, 2639.7193, 2618.4211, 764.2750, 18.3248
2025-12-02 00:12:51, 0.0939567690, 0.0930819042, 0.1154501686, 0.0908909423, 2682.3625, 2701.7625, 763.6050, 18.1091
2025-12-02 00:12:57, 0.0515756400, 0.0533571072, 0.1352835022, 0.0969897655, 2888.6667, 2568.5965, 760.8350, 17.7186
2025-12-02 00:13:03, 0.1353590572, 0.1090136923, 0.0727497093, 0.0913071622, 2519.8378, 2542.3784, 762.7050, 20.8031
2025-12-02 00:13:09, 0.1294790203, 0.1281903860, 0.0756640605, 0.0759886608, 2743.5918, 2775.8367, 764.1250, 19.5041
2025-12-02 00:13:15, 0.1054389526, 0.1004606831, 0.0793148754, 0.0633679406, 2771.4310, 2814.7241, 761.8250, 21.3704
2025-12-02 00:13:20, 0.0597985747, 0.0578644126, 0.0879631066, 0.0842519266, 2754.9615, 2839.7308, 756.1150, 19.5888
2025-12-02 00:13:26, 0.0483849334, 0.0420390918, 0.1521086441, 0.1274537201, 2810.4600, 2840.4000, 761.3950, 20.8588
2025-12-02 00:13:32, 0.0401103726, 0.0459822738, 0.0975165495, 0.0879806820, 2708.1212, 2509.7727, 760.9850, 21.4696
2025-12-02 00:13:38, 0.0449611234, 0.0433151325, 0.1190523217, 0.0944130844, 2971.7532, 2775.1429, 756.7100, 18.0274
2025-12-02 00:13:43, 0.0699171344, 0.0656148264, 0.0742940637, 0.0694244868, 2850.9474, 2831.8246, 755.1800, 19.9371
2025-12-02 00:13:49, 0.0766579732, 0.0759505700, 0.0962018683, 0.1163181087, 2789.4706, 2913.7843, 755.6750, 19.0102
2025-12-02 00:13:55, 0.0325306671, 0.0326963260, 0.1408404808, 0.1157119769, 2805.4225, 2694.0986, 756.3000, 20.6988
2025-12-02 00:14:01, 0.0243425812, 0.0312695829, 0.0905056439, 0.0624346799, 2705.9494, 2558.3291, 756.8800, 18.8081
2025-12-02 00:14:07, 0.0666831029, 0.0664862523, 0.0916745943, 0.0994330160, 2705.1311, 2601.0656, 759.8050, 21.4051
2025-12-02 00:14:13, 0.0764899847, 0.0698913549, 0.0922989181, 0.0780525996, 2754.4808, 2709.8462, 766.1500, 16.3554
2025-12-02 00:14:19, 0.0631827028, 0.0551352452, 0.0613226729, 0.0604929392, 2831.3621, 2856.4655, 765.6350, 18.3756
2025-12-02 00:14:24, 0.0607534984, 0.0563701537, 0.1097028010, 0.1155844238, 2554.6964, 2623.7857, 766.1600, 20.3707
2025-12-02 00:14:30, 0.1075990758, 0.0905105098, 0.1360082511, 0.1050081323, 2883.5366, 2802.8293, 764.4900, 18.3049
2025-12-02 00:14:36, 0.0681691396, 0.0634736283, 0.0972697110, 0.1549578217, 2648.6364, 2652.3636, 767.2600, 18.5155
2025-12-02 00:14:42, 0.0533142718, 0.0448286962, 0.0639338284, 0.0605032772, 2868.1098, 2747.3415, 765.1150, 18.0228
2025-12-02 00:14:48, 0.0328801299, 0.0390074172, 0.0700926875, 0.0503794996, 2967.7576, 2736.7273, 767.0100, 18.3147
2025-12-02 00:14:53, 0.0336530562, 0.0281873168, 0.0659425369, 0.0648425550, 2887.0000, 2734.9844, 767.9350, 18.0859
2025-12-02 00:14:59, 0.0741997130, 0.0900171648, 0.1142134314, 0.1009612521, 2754.4717, 2768.6038, 768.7600, 17.6466
2025-12-02 00:15:05, 0.0882469566, 0.0943052672, 0.0823897724, 0.0557587257, 2702.0667, 2672.2167, 766.6000, 17.2502
2025-12-02 00:15:11, 0.0255191721, 0.0252732941, 0.0553110187, 0.0502586943, 2606.5055, 2445.3956, 765.8650, 17.8412
2025-12-02 00:15:17, 0.0427095180, 0.0453491089, 0.0650877804, 0.0651946598, 2847.0484, 2845.5000, 766.3800, 17.5079
2025-12-02 00:15:22, 0.0551396266, 0.0525090812, 0.1012828662, 0.0668676098, 2870.2500, 2706.8594, 767.8650, 18.1297
2025-12-02 00:15:28, 0.0699433726, 0.0646643587, 0.0516121205, 0.0488743559, 2810.9836, 2764.1639, 765.9050, 17.3743
2025-12-02 00:15:34, 0.0989480037, 0.0740842858, 0.0799044669, 0.0701220390, 3051.8200, 2968.2600, 767.3150, 17.8097
2025-12-02 00:15:39, 0.1077080357, 0.0977495972, 0.0540755207, 0.0523347829, 2717.4528, 2727.2264, 767.7250, 18.2464
2025-12-02 00:15:45, 0.0744947173, 0.0691696668, 0.0843407462, 0.0705297748, 2782.7627, 2694.5763, 762.6350, 18.6277
2025-12-02 00:15:51, 0.1296523351, 0.0886211890, 0.0930572619, 0.0972934301, 2762.8070, 2789.7895, 764.1400, 17.9628
2025-12-02 00:15:57, 0.0598748532, 0.0588878782, 0.1101750197, 0.0872895727, 3133.9831, 2908.8305, 762.8050, 20.0529
2025-12-02 00:16:02, 0.0950186295, 0.0725044579, 0.0784677172, 0.0798436772, 2648.9333, 2669.2833, 764.2900, 18.7167
2025-12-02 00:16:08, 0.0651222111, 0.0575128426, 0.0628018431, 0.0553201488, 2859.1250, 2778.0536, 765.8200, 18.6544
2025-12-02 00:16:15, 0.1169076443, 0.0887225250, 0.0777092320, 0.0667268291, 2932.7368, 2849.1930, 768.4750, 19.1669
2025-12-02 00:16:21, 0.0567354660, 0.0486259319, 0.0685525278, 0.0688835138, 2638.0250, 2612.2625, 769.7350, 17.8898
2025-12-02 00:16:26, 0.0689485624, 0.0651284816, 0.0769427092, 0.0726192541, 2798.0943, 2683.2453, 767.3750, 19.2677
2025-12-02 00:16:32, 0.0422236323, 0.0382702912, 0.0581248658, 0.0656545719, 2709.8356, 2685.0137, 766.6200, 17.7399
2025-12-02 00:16:38, 0.0609298016, 0.0516395619, 0.0728469101, 0.0801393931, 2753.5636, 2768.3273, 768.6600, 18.6945
2025-12-02 00:16:43, 0.0552424487, 0.0562307412, 0.1116717654, 0.1093693880, 2946.1455, 2820.9636, 766.8050, 17.8982
2025-12-02 00:16:49, 0.0585802036, 0.0499662794, 0.0823459687, 0.0631726637, 2748.2258, 2638.5968, 770.6700, 17.9020
2025-12-02 00:16:55, 0.0551536291, 0.0387185074, 0.0907484278, 0.0952339579, 2805.4091, 2751.5303, 768.8700, 20.2478
2025-12-02 00:17:01, 0.0521189826, 0.0610109202, 0.0753870303, 0.0979183313, 2670.3175, 2783.8095, 771.2550, 18.6064
2025-12-02 00:17:06, 0.0933584259, 0.0985525434, 0.0826682344, 0.0849153551, 2888.5957, 2827.0000, 769.4650, 19.4620
2025-12-02 00:17:12, 0.0476577006, 0.0468473642, 0.0645750149, 0.0669681229, 2722.7097, 2629.7742, 771.4750, 19.7823
2025-12-02 00:17:18, 0.0481967491, 0.0552225970, 0.0813614865, 0.0749892137, 2792.5862, 2818.3621, 766.8550, 18.7602
2025-12-02 00:17:24, 0.0791683075, 0.0766430680, 0.0954623627, 0.1092179065, 2632.2292, 2590.7708, 766.5200, 17.1575
2025-12-02 00:17:30, 0.0880303668, 0.0828376112, 0.0589770910, 0.0678327806, 2577.0217, 2587.0435, 772.4250, 20.4337
2025-12-02 00:17:35, 0.0657403381, 0.0715260754, 0.1309704558, 0.1262515098, 3004.7759, 2946.3276, 770.1700, 20.3919
2025-12-02 00:17:41, 0.1306983917, 0.1028122054, 0.1074544596, 0.1051465262, 2790.3774, 2903.4906, 769.5500, 16.9558
2025-12-02 00:17:47, 0.0945519451, 0.0806247938, 0.1246967118, 0.1149316499, 2864.8462, 2858.8308, 768.7100, 18.1049
2025-12-02 00:17:53, 0.0596078814, 0.0785305545, 0.1311909292, 0.1156806722, 2637.2750, 2563.0250, 770.3250, 17.6235
2025-12-02 00:17:58, 0.0660166827, 0.0645879312, 0.1191072991, 0.1094097796, 2667.5593, 2657.6949, 770.2650, 18.4522
2025-12-02 00:18:04, 0.0510974988, 0.0618761556, 0.0880908967, 0.0810332798, 2812.0448, 2712.5672, 766.7350, 18.9355
2025-12-02 00:18:10, 0.0523914326, 0.0497067587, 0.0905743714, 0.0823875000, 2948.7308, 2752.1154, 766.0700, 19.4138
2025-12-02 00:18:15, 0.0774442511, 0.0713239578, 0.1107023692, 0.0830792781, 2768.8372, 2573.1744, 769.9700, 17.8177
2025-12-02 00:18:21, 0.0866397432, 0.0851446362, 0.0855372820, 0.0645894830, 2741.8103, 2729.3966, 767.7000, 18.8359
2025-12-02 00:18:27, 0.0914952612, 0.0854949838, 0.1241977773, 0.0799866172, 2953.3934, 2814.7705, 766.4400, 17.7524
2025-12-02 00:18:33, 0.0958884503, 0.0873381432, 0.1016494669, 0.0761790102, 2817.0606, 2706.0758, 765.8400, 17.0048
2025-12-02 00:18:39, 0.1565401999, 0.1344894278, 0.0471470219, 0.0508581512, 2623.0200, 2494.0400, 769.6850, 18.0235
2025-12-02 00:18:44, 0.0684038575, 0.0934395403, 0.1134361006, 0.0923836777, 3029.7111, 2874.7778, 767.9350, 18.6323
2025-12-02 00:18:50, 0.2122585981, 0.1546931234, 0.1016688396, 0.1017199596, 2663.7500, 2642.0000, 768.8350, 18.8631
2025-12-02 00:18:56, 0.0576882294, 0.0784227069, 0.1315993446, 0.1307434636, 3030.6154, 2860.0385, 770.1400, 19.3863
2025-12-02 00:19:02, 0.1005357967, 0.0945132085, 0.1038716217, 0.0841021521, 2900.9697, 2756.6970, 767.9300, 19.7503
2025-12-02 00:19:08, 0.0901922639, 0.0926900441, 0.0909672703, 0.0821563508, 2886.0566, 2659.2453, 768.7500, 18.8846
2025-12-02 00:19:14, 0.0675416062, 0.0643882899, 0.0789115285, 0.0803464819, 2688.5741, 2656.1481, 770.1000, 18.7080
2025-12-02 00:19:19, 0.0609092788, 0.0505661459, 0.0947505240, 0.0935552571, 2941.9464, 2958.7679, 768.6700, 17.1184
2025-12-02 00:19:25, 0.0545088485, 0.0613741167, 0.0954541735, 0.0901044286, 2832.5577, 2771.0000, 767.8200, 20.5671
2025-12-02 00:19:31, 0.0480812723, 0.0475029020, 0.0943992388, 0.0989618225, 2977.5610, 2844.9390, 767.8550, 18.8057
2025-12-02 00:19:37, 0.0378945312, 0.0396348934, 0.0984091533, 0.0888842210, 2762.0127, 2605.6835, 766.3950, 18.9433
2025-12-02 00:19:43, 0.0622956725, 0.0810913590, 0.0938203489, 0.0718755719, 3001.6429, 2898.0536, 766.9500, 18.2559
2025-12-02 00:19:49, 0.0388941050, 0.0385710887, 0.1313440314, 0.0923248211, 2832.1940, 2647.0896, 769.7700, 17.7549
2025-12-02 00:19:54, 0.0838946480, 0.0585904540, 0.1016967448, 0.0688918358, 2941.1385, 2746.6615, 763.9150, 19.2634
2025-12-02 00:20:00, 0.0978281884, 0.0895655882, 0.0779399929, 0.0774119162, 2726.9020, 2764.8431, 762.4150, 19.3867
2025-12-02 00:20:06, 0.0463940174, 0.0409314026, 0.1169093320, 0.0690990297, 2958.3134, 2724.1940, 762.9300, 21.5624
2025-12-02 00:20:12, 0.0590873047, 0.0558991810, 0.0790321603, 0.0847309534, 2827.2063, 2795.6508, 762.7250, 20.9695
2025-12-02 00:20:17, 0.1001047730, 0.1046659190, 0.0615324522, 0.0767903297, 2862.9643, 2925.0714, 761.5200, 21.2082
2025-12-02 00:20:23, 0.0543310829, 0.0467681713, 0.0747241141, 0.0717050896, 2790.2771, 2706.7470, 761.5350, 18.6542
2025-12-02 00:20:29, 0.0511483998, 0.0458391287, 0.0770467557, 0.0861399416, 2693.0484, 2642.6290, 762.0350, 21.4521
2025-12-02 00:20:35, 0.0720481852, 0.0831578218, 0.0742288430, 0.0882403256, 2697.7647, 2728.8431, 760.7850, 18.8010
2025-12-02 00:20:41, 0.0872725273, 0.0932338612, 0.1030468147, 0.1073877972, 2973.7667, 2791.7167, 763.1100, 18.7472
2025-12-02 00:20:46, 0.0632381938, 0.0787309599, 0.0787435485, 0.0684632925, 2909.9375, 2896.6250, 764.7150, 20.5775
2025-12-02 00:20:52, 0.0564427504, 0.0683146329, 0.0891270883, 0.0817012161, 2951.9333, 2902.1333, 765.5950, 20.0173
2025-12-02 00:20:58, 0.1118071171, 0.0897185428, 0.0863135769, 0.0617955040, 2667.7400, 2476.2800, 763.8500, 19.4673
2025-12-02 00:21:03, 0.0785240589, 0.0938098530, 0.0824603337, 0.0835665821, 2949.0769, 2909.6731, 761.4800, 21.8854
2025-12-02 00:21:09, 0.1136385708, 0.1248216831, 0.0975322522, 0.0720547099, 2935.8448, 2824.2069, 762.5750, 21.4968
2025-12-02 00:21:15, 0.1560102332, 0.1249100878, 0.1159791774, 0.0962989301, 2894.9265, 2768.7794, 760.8950, 18.9014
2025-12-02 00:21:21, 0.1211796087, 0.1001998458, 0.0850789465, 0.0749967475, 2983.4630, 2824.5185, 760.3150, 16.8231
2025-12-02 00:21:26, 0.0699883153, 0.0662981824, 0.0585318675, 0.0569543557, 2837.0806, 2730.7419, 762.8350, 18.4282
2025-12-02 00:21:33, 0.0879679503, 0.0841211043, 0.0725465165, 0.1017937708, 2892.2963, 2795.5370, 763.4700, 17.3245
2025-12-02 00:21:39, 0.0520232034, 0.0416211572, 0.0631808353, 0.0566172117, 2719.2321, 2726.8929, 763.3550, 15.6569
2025-12-02 00:21:45, 0.0833473560, 0.0927949987, 0.0814211269, 0.0686357472, 2914.4222, 2816.5111, 758.9700, 18.8242
2025-12-02 00:21:51, 0.0864270861, 0.0764490397, 0.0712236183, 0.0509207060, 2758.1325, 2631.5181, 761.8900, 20.3926
2025-12-02 00:21:56, 0.0838167315, 0.0828665481, 0.0578808754, 0.0743069670, 2863.9315, 2787.3425, 762.1750, 20.2732
2025-12-02 00:22:02, 0.0984091064, 0.1180270404, 0.0803030887, 0.0802736238, 2822.0816, 2670.2041, 761.4300, 20.4063
2025-12-02 00:22:08, 0.1192908990, 0.1166118909, 0.0461625680, 0.0380183331, 2855.7358, 2670.0943, 759.2100, 17.5848
2025-12-02 00:22:14, 0.1165115787, 0.1175299236, 0.0490737097, 0.0534034795, 2785.8841, 2639.8261, 756.3550, 16.0586
2025-12-02 00:22:20, 0.0592206788, 0.0718761728, 0.0728581172, 0.0682278847, 2633.5410, 2453.4590, 756.5350, 17.7997
2025-12-02 00:22:25, 0.0585342289, 0.0662766763, 0.0588748318, 0.0603650814, 2893.8382, 2730.1176, 760.2850, 17.0254
2025-12-02 00:22:31, 0.1218526969, 0.1147427219, 0.0710676699, 0.0596248274, 2651.1413, 2574.8261, 757.6500, 18.4271
2025-12-02 00:22:37, 0.0662061211, 0.0669575321, 0.0550550332, 0.0353179181, 2937.6471, 2637.7500, 757.0350, 18.7156
2025-12-02 00:22:43, 0.1089786462, 0.1029599148, 0.0555020214, 0.0454836568, 2934.6042, 2739.6042, 760.4500, 17.5749
2025-12-02 00:22:49, 0.1133368916, 0.0839212607, 0.0819565284, 0.0671278847, 2997.8627, 3028.6471, 759.4300, 16.6657
2025-12-02 00:22:54, 0.1129729025, 0.1059189659, 0.0558347969, 0.0565292876, 2935.9355, 2814.9839, 761.8600, 18.3859
2025-12-02 00:23:00, 0.1435865974, 0.1163495981, 0.0826785619, 0.0681886222, 2995.8906, 2922.6562, 759.0400, 17.8362
2025-12-02 00:23:06, 0.0668360602, 0.0591858780, 0.0521168099, 0.0514807946, 2939.3636, 2844.1636, 764.2700, 18.8880
2025-12-02 00:23:12, 0.0465743751, 0.0540413926, 0.0687505722, 0.0854546294, 2886.7937, 2844.4603, 760.4900, 16.6964
2025-12-02 00:23:17, 0.0568829422, 0.0542379869, 0.0861847578, 0.0744992841, 2943.7500, 2875.7941, 761.6000, 16.7410
2025-12-02 00:23:23, 0.0578948327, 0.0692775435, 0.0790538986, 0.1036577223, 2656.5000, 2651.7344, 761.8300, 18.5332
2025-12-02 00:23:29, 0.1289919879, 0.0833555819, 0.0722382730, 0.0648774497, 2659.7193, 2678.0526, 767.6300, 15.9528
2025-12-02 00:23:34, 0.0721392728, 0.0669164273, 0.0654574620, 0.0638983115, 2818.5500, 2822.5667, 759.6850, 17.9765
2025-12-02 00:23:40, 0.0377835131, 0.0302625214, 0.0738729422, 0.0708385068, 2767.8462, 2647.6282, 757.8300, 19.0287
2025-12-02 00:23:46, 0.0393503444, 0.0426136960, 0.0790019719, 0.0608391006, 2638.0548, 2459.0822, 758.3000, 17.6349
2025-12-02 00:23:52, 0.0877917406, 0.0993643276, 0.0814807144, 0.1108566965, 2798.8125, 2652.8125, 759.0900, 19.6879
2025-12-02 00:23:58, 0.0813912530, 0.0917010205, 0.1028651518, 0.0850924432, 2770.6981, 2730.1698, 761.0150, 17.7779
2025-12-02 00:24:04, 0.0733610509, 0.0939291185, 0.1015242381, 0.0688854682, 2806.9153, 2663.5763, 760.9900, 19.2187
2025-12-02 00:24:09, 0.0849393989, 0.0826651274, 0.0901226349, 0.0944874585, 2841.3385, 2761.6462, 756.7350, 17.5124
2025-12-02 00:24:15, 0.0709511864, 0.0599667693, 0.0766746688, 0.0758873895, 2910.9038, 2755.1538, 758.6300, 19.4793
2025-12-02 00:24:21, 0.0764576216, 0.0622797390, 0.0697882546, 0.0492895975, 2801.2615, 2699.6615, 760.6700, 17.5810
2025-12-02 00:24:27, 0.0754506325, 0.0647228503, 0.0937269802, 0.1043442463, 2765.8409, 2744.8636, 763.2700, 18.4444
2025-12-02 00:24:33, 0.0916745949, 0.0805125853, 0.0988160425, 0.0669545721, 2742.4030, 2673.9104, 758.3800, 19.2893
2025-12-02 00:24:38, 0.1526614263, 0.0952424295, 0.0998528474, 0.1110596207, 2699.4364, 2663.7818, 757.9650, 19.1824
2025-12-02 00:24:44, 0.1374296733, 0.1347854082, 0.1051378956, 0.0883455432, 2918.9796, 2813.5714, 761.4900, 16.5021
2025-12-02 00:24:50, 0.0802069715, 0.0842219675, 0.0539916074, 0.0435391825, 2839.6379, 2788.4310, 766.4200, 16.8141
2025-12-02 00:24:56, 0.0947235509, 0.0808731736, 0.0634457477, 0.0732219445, 2773.9630, 2792.9630, 762.1550, 18.7894
2025-12-02 00:25:02, 0.1244747772, 0.1123019224, 0.0667509336, 0.0681027262, 2976.7209, 2809.7209, 763.5300, 18.9436
2025-12-02 00:25:08, 0.0514725844, 0.0622188288, 0.0697709735, 0.0653866247, 2771.2381, 2623.0000, 762.4450, 19.5488
2025-12-02 00:25:13, 0.0384999857, 0.0472964478, 0.0931400075, 0.0836873097, 2964.0789, 2735.7105, 761.1700, 19.8980
2025-12-02 00:25:19, 0.0406018630, 0.0510772780, 0.0830284107, 0.0768494784, 3030.1964, 2924.2143, 760.6600, 19.1006
2025-12-02 00:25:25, 0.0716024430, 0.0632870213, 0.0478150343, 0.0466333256, 2856.7414, 2764.3448, 759.6200, 18.1404
2025-12-02 00:25:31, 0.1482066149, 0.1110424936, 0.0683715413, 0.0500245259, 3053.8000, 2966.1429, 760.3750, 19.8185
2025-12-02 00:25:36, 0.1029550489, 0.0999505535, 0.0841641320, 0.0666073087, 2908.4423, 2767.1538, 760.1200, 20.2207
2025-12-02 00:25:42, 0.0799026764, 0.0732375251, 0.1004637216, 0.0768651611, 3050.1774, 2930.4355, 758.8600, 16.2969
2025-12-02 00:25:48, 0.0623059262, 0.0442188849, 0.0623556581, 0.0587277180, 2700.4038, 2548.6154, 764.4850, 17.7595
2025-12-02 00:25:54, 0.1027786023, 0.0952126479, 0.0515984034, 0.0452401414, 2758.2985, 2637.7612, 763.5300, 19.7170
2025-12-02 00:26:00, 0.1205577319, 0.1198829878, 0.0726849475, 0.0592003030, 3046.6250, 2920.6250, 764.7450, 17.2137
2025-12-02 00:26:06, 0.1233277964, 0.1071210906, 0.0636381097, 0.0733938783, 2952.0597, 2886.5224, 763.0600, 17.2927
2025-12-02 00:26:11, 0.1320048758, 0.1147688126, 0.0982216578, 0.0842343895, 2646.5781, 2624.6250, 763.6700, 17.7469
2025-12-02 00:26:17, 0.1255289307, 0.1288220487, 0.0605851921, 0.0572523459, 2988.5806, 2947.8387, 764.7600, 18.1166
2025-12-02 00:26:23, 0.0891574934, 0.0810116365, 0.0561685533, 0.0665167183, 2626.2857, 2584.1250, 764.0350, 17.5124
2025-12-02 00:26:29, 0.1085295740, 0.0853349117, 0.0566928220, 0.0568554191, 2770.0816, 2750.6735, 764.3250, 17.6014
2025-12-02 00:26:35, 0.0680243568, 0.0609233330, 0.0894671037, 0.0813566374, 2910.7778, 2751.2222, 764.5100, 19.5540
2025-12-02 00:26:41, 0.0559026036, 0.0518736169, 0.1118831823, 0.0726568730, 3025.4561, 2790.4737, 765.8400, 17.5284
2025-12-02 00:26:46, 0.0369595805, 0.0380868783, 0.0745373296, 0.0863489735, 2635.8871, 2585.2903, 767.6450, 19.4232
2025-12-02 00:26:52, 0.0560297711, 0.0479984194, 0.0905877364, 0.0765838626, 2644.9836, 2646.1148, 765.7450, 16.4524
2025-12-02 00:26:58, 0.0429182103, 0.0477816425, 0.0952562358, 0.0962659284, 2958.0968, 2768.5000, 765.2350, 18.9676
2025-12-02 00:27:04, 0.0393679356, 0.0410969052, 0.0630845633, 0.0853353452, 2836.0353, 2788.7882, 765.0750, 19.1115
2025-12-02 00:27:10, 0.0534297286, 0.0455067059, 0.0970466873, 0.0653129318, 2996.7547, 2663.3208, 764.8550, 18.2802
2025-12-02 00:27:15, 0.0381781517, 0.0445318176, 0.0977357063, 0.0737436355, 2787.7576, 2623.7424, 764.3750, 18.4557
2025-12-02 00:27:21, 0.0542874979, 0.0470065137, 0.0932422801, 0.0938227441, 2750.9286, 2693.9592, 765.5150, 17.7308
2025-12-02 00:27:27, 0.0486007732, 0.0470300720, 0.1028809396, 0.0752808618, 2757.0476, 2563.3333, 766.4250, 17.1255
2025-12-02 00:27:33, 0.1124103469, 0.1062908702, 0.0930029923, 0.1019122087, 2845.0161, 2829.9194, 766.4100, 18.5664
2025-12-02 00:27:39, 0.0663010201, 0.0723848136, 0.0861787685, 0.0795067825, 2929.4219, 2811.1562, 764.6450, 18.7539
2025-12-02 00:27:44, 0.0835808733, 0.1091508666, 0.0927553119, 0.0791943788, 2902.6889, 2810.1111, 765.8800, 17.5395
2025-12-02 00:27:50, 0.0983232019, 0.0944182332, 0.0544545154, 0.0662468429, 2690.5424, 2701.5085, 763.4900, 16.8178
2025-12-02 00:27:56, 0.0925475599, 0.1062201678, 0.0894622249, 0.0825303252, 2937.1000, 2855.1400, 763.4000, 20.1965
2025-12-02 00:28:02, 0.0663200555, 0.0661810913, 0.0774209350, 0.0786341215, 2855.4909, 2844.7273, 763.1050, 17.2187
2025-12-02 00:28:07, 0.0491001645, 0.0631111839, 0.1042988334, 0.0782469207, 2609.9123, 2491.0877, 764.7950, 18.2497
2025-12-02 00:28:13, 0.0936508494, 0.0802003686, 0.0786451136, 0.0820119935, 2827.9811, 2749.0943, 761.7450, 17.8368
2025-12-02 00:28:19, 0.1164026415, 0.1167986475, 0.0860368837, 0.0930414097, 2764.2979, 2642.5745, 761.5200, 17.4674
2025-12-02 00:28:25, 0.1134553076, 0.1179306892, 0.0835743029, 0.0787454308, 2808.9423, 2790.0000, 761.5150, 21.4946
2025-12-02 00:28:30, 0.0858164666, 0.0810401172, 0.1007647966, 0.0935776894, 2714.8043, 2759.6522, 759.2050, 20.6945
2025-12-02 00:28:36, 0.0490270711, 0.0662526776, 0.0733934055, 0.0604483337, 2823.7500, 2698.7500, 758.3400, 21.0785
2025-12-02 00:28:42, 0.0504362847, 0.0552254133, 0.0714244797, 0.0670151823, 2672.2667, 2581.7000, 759.3350, 19.3880
2025-12-02 00:28:48, 0.0853668496, 0.0857162975, 0.0886436610, 0.0724197561, 2772.7021, 2681.9787, 759.7050, 19.0186
2025-12-02 00:28:54, 0.0666931147, 0.0592009509, 0.0923915604, 0.0660260436, 2929.5200, 2771.0800, 763.7150, 20.9748
2025-12-02 00:28:59, 0.0592579640, 0.0525567401, 0.0885173453, 0.0902392120, 2938.6393, 2785.0984, 758.0650, 18.0599
2025-12-02 00:29:06, 0.0444703860, 0.0503924780, 0.0725817179, 0.0585927952, 2886.7746, 2720.2113, 759.0900, 17.5101
2025-12-02 00:29:11, 0.1091597917, 0.0887534641, 0.0713150757, 0.0508124834, 2600.4889, 2520.1778, 755.0750, 18.6266
2025-12-02 00:29:17, 0.0992529884, 0.1082109078, 0.0753794024, 0.0644287896, 2852.9800, 2712.0400, 757.1000, 16.8695
2025-12-02 00:29:23, 0.0592516778, 0.0530808076, 0.0612031171, 0.0552489216, 2781.9865, 2611.7297, 757.3200, 18.7005
2025-12-02 00:29:29, 0.0948894050, 0.0870663575, 0.0518688496, 0.0598792929, 2774.9123, 2719.8596, 756.9400, 18.3711
2025-12-02 00:29:34, 0.1006099556, 0.1077976762, 0.0981082417, 0.0857499445, 2810.4138, 2655.7586, 755.5150, 16.5285
2025-12-02 00:29:40, 0.1020884464, 0.0981993172, 0.0498863415, 0.0498222048, 2764.0943, 2796.1509, 754.1650, 16.1505
2025-12-02 00:29:46, 0.0727264270, 0.0779539787, 0.0686828958, 0.0550046111, 2831.3934, 2706.1475, 754.5350, 18.6697
2025-12-02 00:29:52, 0.1111532599, 0.0981409985, 0.0757816504, 0.0667051183, 2784.4464, 2671.8571, 760.9000, 17.1386
2025-12-02 00:29:57, 0.0810513166, 0.0908963504, 0.0863774054, 0.0768921630, 2769.0784, 2886.5294, 758.3850, 18.5916
2025-12-02 00:30:03, 0.0332635162, 0.0308959967, 0.0738930558, 0.0634892721, 2807.5588, 2677.7353, 763.3600, 19.0494
2025-12-02 00:30:09, 0.0488389565, 0.0625284768, 0.0702200795, 0.0760577885, 2840.1250, 2664.7321, 758.7550, 18.5773
2025-12-02 00:30:15, 0.0571505491, 0.0582135489, 0.0788580461, 0.0742519114, 2677.3443, 2646.6230, 764.9050, 19.1396
2025-12-02 00:30:20, 0.0396787402, 0.0387264409, 0.1151631513, 0.0776581327, 2895.3333, 2666.8611, 761.8000, 18.5230
2025-12-02 00:30:26, 0.0297477051, 0.0250847991, 0.0820137253, 0.0882161255, 2669.0882, 2515.7500, 761.9750, 17.8601
2025-12-02 00:30:32, 0.0657153676, 0.0451367863, 0.0764044747, 0.0662998713, 2815.2667, 2654.6000, 761.4500, 16.7325
2025-12-02 00:30:37, 0.0313201644, 0.0311468214, 0.1159067734, 0.0808070934, 2743.6456, 2600.6709, 761.8050, 18.8703
2025-12-02 00:30:44, 0.0371354203, 0.0365214754, 0.0912263181, 0.0930115628, 2556.4000, 2520.0000, 763.1650, 17.2272
2025-12-02 00:30:50, 0.0456058133, 0.0439493168, 0.0776241816, 0.0934212054, 2880.6173, 2699.0123, 762.7050, 18.1799
2025-12-02 00:30:55, 0.0405321480, 0.0345008153, 0.0706455735, 0.0761054440, 2922.4881, 2685.8214, 762.5000, 18.0851
2025-12-02 00:31:01, 0.0401318420, 0.0378738203, 0.0848488850, 0.0747092570, 2880.0658, 2768.1184, 761.7300, 16.4365
2025-12-02 00:31:07, 0.0452269126, 0.0568755171, 0.1103401266, 0.0960883898, 2987.1139, 2818.6582, 762.7450, 17.8328
2025-12-02 00:31:13, 0.0454394250, 0.0514140403, 0.0937209439, 0.0839681526, 2870.0141, 2771.9437, 763.3450, 18.4040
2025-12-02 00:31:18, 0.1124438042, 0.1050297065, 0.0982717034, 0.0971648531, 2982.4400, 2935.5400, 765.8650, 18.6817
2025-12-02 00:31:24, 0.0780467388, 0.0599077310, 0.0738603415, 0.0611460781, 2821.3438, 2759.0781, 764.1000, 17.2772
2025-12-02 00:31:30, 0.0619009007, 0.0642874025, 0.0613078107, 0.0722549063, 2589.7458, 2590.3051, 761.5500, 18.9015
2025-12-02 00:31:36, 0.0593304154, 0.0563950514, 0.1025560573, 0.0763448853, 2798.6786, 2728.3750, 763.9350, 17.3453
2025-12-02 00:31:41, 0.0901967969, 0.0926684260, 0.0569651015, 0.0618506546, 2606.9592, 2515.4694, 762.5550, 18.8411
2025-12-02 00:31:47, 0.1085483212, 0.1058519747, 0.0467539538, 0.0409905033, 3066.4889, 3019.5556, 761.8000, 16.8828
2025-12-02 00:31:53, 0.0503405877, 0.0538170447, 0.0829816066, 0.0731827358, 2533.0323, 2418.9839, 762.1900, 19.0495
2025-12-02 00:31:59, 0.0572692468, 0.0497049318, 0.1177391980, 0.0971084452, 2734.5636, 2698.1818, 763.7250, 19.0578
2025-12-02 00:32:05, 0.0446639481, 0.0501834307, 0.0994785871, 0.0773963917, 2860.3134, 2702.4179, 761.4300, 19.9016
2025-12-02 00:32:10, 0.1333758616, 0.1151771088, 0.1148064791, 0.0883252685, 2955.1304, 2999.0652, 762.1350, 19.7580
2025-12-02 00:32:16, 0.0453596790, 0.0403713056, 0.1152294301, 0.0874394453, 2710.2353, 2710.0588, 761.5000, 19.1327
2025-12-02 00:32:22, 0.0559363424, 0.0408531799, 0.1404733422, 0.1021453631, 2674.9868, 2487.9737, 761.7300, 19.2400
2025-12-02 00:32:28, 0.0445467516, 0.0413653712, 0.1376139751, 0.1008418359, 2842.0972, 2633.5556, 765.0250, 17.2770
2025-12-02 00:32:33, 0.0878067136, 0.0859314483, 0.0643695773, 0.0620707613, 2733.7407, 2688.7593, 768.6700, 17.9658
2025-12-02 00:32:39, 0.0730245669, 0.0696196845, 0.0846596596, 0.0624521989, 2712.3036, 2606.5893, 766.4600, 18.1708
2025-12-02 00:32:45, 0.0907229529, 0.0747252500, 0.0700155796, 0.0475670890, 2803.2449, 2615.6327, 765.4550, 19.1196
2025-12-02 00:32:51, 0.0572691520, 0.0744661480, 0.0731619332, 0.0930848011, 2881.9375, 2800.1667, 762.3950, 20.5141
2025-12-02 00:32:57, 0.0546756812, 0.0531316882, 0.1026362516, 0.0832387270, 2765.1803, 2772.2623, 763.6700, 19.6107
2025-12-02 00:33:02, 0.0673625402, 0.0581571103, 0.1793498677, 0.1344162594, 2943.9016, 2819.3934, 768.4900, 18.3581
2025-12-02 00:33:08, 0.0385875124, 0.0495802884, 0.1399682194, 0.1148096768, 2651.5000, 2677.8333, 761.3050, 17.9355
2025-12-02 00:33:14, 0.0900810502, 0.0921547129, 0.1017640077, 0.0887293086, 2822.0000, 2685.1818, 762.5750, 18.4069
2025-12-02 00:33:20, 0.0991188567, 0.0930338645, 0.1492651718, 0.1076126389, 2955.0476, 2911.6349, 761.9950, 17.8565
2025-12-02 00:33:26, 0.0653209637, 0.0702030912, 0.1046024036, 0.1141409782, 2655.5102, 2672.0000, 763.7800, 18.9156
2025-12-02 00:33:31, 0.1115473148, 0.0941937518, 0.1557526241, 0.1281866864, 2907.0492, 2721.6885, 762.4000, 20.0925
2025-12-02 00:33:37, 0.0921363799, 0.1033861593, 0.1596275854, 0.1717870435, 2995.1000, 2950.8600, 761.1900, 18.6691
2025-12-02 00:33:43, 0.1051549229, 0.0911416079, 0.1858341629, 0.1813498563, 2546.1702, 2572.8936, 762.8300, 17.9051
2025-12-02 00:33:49, 0.0865647290, 0.0917501769, 0.2004361110, 0.1628681765, 2720.1837, 2650.3265, 761.9600, 19.2935
2025-12-02 00:33:55, 0.0352333321, 0.0296718268, 0.1674568191, 0.1321739020, 2646.0385, 2510.0769, 763.0350, 18.5063
2025-12-02 00:34:01, 0.0381966296, 0.0306152457, 0.1493734326, 0.1497573788, 2708.2740, 2606.8493, 763.9300, 19.2885
2025-12-02 00:34:06, 0.0365151919, 0.0350924598, 0.1283662144, 0.1541458964, 2525.2432, 2496.8243, 765.2000, 17.3669
2025-12-02 00:34:12, 0.0313653035, 0.0290580096, 0.1615210011, 0.1317239727, 2550.3951, 2450.6296, 760.0000, 17.7121
2025-12-02 00:34:18, 0.0403907446, 0.0395982635, 0.1365135868, 0.1375065513, 2892.4603, 2809.9524, 763.3350, 17.0095
2025-12-02 00:34:24, 0.0898255871, 0.0714341295, 0.0935627390, 0.0963167598, 2927.9825, 2970.2632, 763.6700, 17.8158
2025-12-02 00:34:29, 0.0402327390, 0.0410054796, 0.1407666064, 0.1354758838, 2908.3200, 2797.9000, 767.1050, 17.6007
2025-12-02 00:34:35, 0.0402433297, 0.0393041754, 0.1505240324, 0.1269924856, 2699.8621, 2481.5172, 762.3600, 19.3187
2025-12-02 00:34:41, 0.0480009267, 0.0558675053, 0.1152969048, 0.1072354445, 2712.7018, 2529.0175, 763.5550, 18.3784
2025-12-02 00:34:47, 0.0518422885, 0.0444149823, 0.1148251045, 0.1089027785, 2945.4630, 2787.4074, 765.2700, 17.9024
2025-12-02 00:34:52, 0.0541446451, 0.0497311488, 0.1562396748, 0.1488097057, 2890.9077, 2694.1846, 762.4200, 19.7677
2025-12-02 00:34:58, 0.0683119959, 0.0538633320, 0.0935637084, 0.0887227188, 2808.1277, 2718.8511, 763.3000, 17.2415
2025-12-02 00:35:04, 0.0760953636, 0.0641751480, 0.1388184172, 0.1225349317, 2916.2833, 2781.5000, 764.5300, 18.5283
2025-12-02 00:35:10, 0.0667620508, 0.0654852011, 0.0765169763, 0.0780167244, 2636.4889, 2756.4000, 764.9150, 17.6110
2025-12-02 00:35:15, 0.0618980916, 0.0661557722, 0.1701311565, 0.1639705833, 2832.8214, 2751.8571, 763.1350, 19.0858
2025-12-02 00:35:21, 0.0968623040, 0.0901393388, 0.0859640705, 0.0812325505, 2464.0000, 2524.8780, 762.5250, 18.2373
2025-12-02 00:35:27, 0.1074702504, 0.0889571647, 0.0922203801, 0.1112944100, 2795.0000, 2781.2128, 765.9050, 17.3705
2025-12-02 00:35:33, 0.0896628387, 0.1195595639, 0.1289928348, 0.1183722886, 2851.4146, 2848.8780, 764.4750, 19.0037
2025-12-02 00:35:39, 0.1034575670, 0.0853534983, 0.0622727015, 0.0745082397, 2700.1795, 2661.8462, 763.9700, 18.2403
2025-12-02 00:35:44, 0.1102724528, 0.1009461482, 0.1474934876, 0.1075548231, 3117.6522, 3010.9348, 768.4650, 17.2319
2025-12-02 00:35:50, 0.1421309201, 0.1202953041, 0.1154491043, 0.0884627340, 2870.2083, 2791.6875, 765.6600, 19.1440
2025-12-02 00:35:56, 0.0759069283, 0.0712058543, 0.0798779663, 0.0831932872, 2762.2083, 2743.6250, 764.9350, 18.3600
2025-12-02 00:36:01, 0.0501371443, 0.0556129948, 0.0918799868, 0.0686043263, 2776.9531, 2618.1719, 765.4300, 18.6420
2025-12-02 00:36:07, 0.0495056675, 0.0468802099, 0.1037540182, 0.0972343815, 2708.6406, 2644.0625, 765.2450, 17.0858
2025-12-02 00:36:13, 0.0463808518, 0.0433265407, 0.1081937302, 0.0937632949, 2740.5577, 2734.1538, 764.9250, 17.7876
2025-12-02 00:36:19, 0.0509035408, 0.0533271423, 0.1501144981, 0.1182786642, 2455.5556, 2479.6667, 761.8250, 19.3526
2025-12-02 00:36:25, 0.0593727032, 0.0649524458, 0.1365778766, 0.0959592970, 2772.5849, 2662.6604, 761.7850, 18.5916
2025-12-02 00:36:30, 0.0600284672, 0.0598139223, 0.1084663596, 0.0946386907, 2659.6250, 2513.0893, 761.4900, 17.2418
2025-12-02 00:36:36, 0.0453001898, 0.0551810386, 0.1165759063, 0.1150632046, 2581.5283, 2587.4340, 761.3250, 17.4166
2025-12-02 00:36:42, 0.1159203152, 0.0860944283, 0.1144079417, 0.1168589058, 2876.7500, 2792.3571, 760.7100, 18.5169
2025-12-02 00:36:48, 0.1058196922, 0.0919370218, 0.0863106749, 0.0848510800, 2638.8182, 2606.6591, 759.8100, 16.5162
2025-12-02 00:36:53, 0.0664932206, 0.0806389482, 0.0891134043, 0.0729934041, 2755.6296, 2791.0000, 762.4300, 18.3855
2025-12-02 00:36:59, 0.1061330383, 0.0689207164, 0.1469927382, 0.1689908647, 3095.9000, 3016.6000, 759.1850, 18.7891
2025-12-02 00:37:05, 0.0802823927, 0.0833582806, 0.0907625832, 0.0831082722, 2759.0484, 2724.2903, 762.7850, 18.0419
2025-12-02 00:37:11, 0.0714872619, 0.0602076516, 0.0965919307, 0.0851179086, 2829.6400, 2749.9000, 759.5550, 18.8562
2025-12-02 00:37:17, 0.0623777611, 0.0497394656, 0.1348394765, 0.1127427384, 2806.0000, 2624.9783, 761.3850, 19.6613
2025-12-02 00:37:22, 0.1393394728, 0.1060038682, 0.1285470032, 0.1266338481, 2652.5932, 2616.5424, 761.9900, 18.2058
2025-12-02 00:37:28, 0.1341267619, 0.1136819072, 0.0981366868, 0.0835272627, 2988.8750, 2958.6094, 762.0050, 16.6825
2025-12-02 00:37:34, 0.0843341525, 0.0827878107, 0.1035595843, 0.1047929326, 2702.3953, 2690.4651, 760.4450, 18.4433
2025-12-02 00:37:40, 0.0578195700, 0.0726683525, 0.1012705317, 0.0829312490, 2722.0357, 2665.1786, 765.6000, 17.9652
2025-12-02 00:37:46, 0.0980561433, 0.0755864592, 0.0955313852, 0.0888822133, 2939.0517, 2934.2069, 765.1200, 17.4415
2025-12-02 00:37:52, 0.0680692449, 0.0707222099, 0.0855458463, 0.0940930988, 2928.5424, 2912.3051, 763.8700, 18.6084
2025-12-02 00:37:57, 0.0979058698, 0.1052991048, 0.0941775127, 0.0810285269, 3149.7895, 3027.7193, 764.7900, 17.2426
2025-12-02 00:38:03, 0.1000756597, 0.1235815730, 0.1263362527, 0.0883980479, 3117.3929, 2926.7500, 765.6850, 18.6538
2025-12-02 00:38:09, 0.0454081448, 0.0525966757, 0.1187816254, 0.1254425924, 2677.4032, 2560.6613, 763.9650, 16.9099
2025-12-02 00:38:15, 0.0781768493, 0.0745835906, 0.1156894992, 0.1189152369, 2753.1481, 2721.9259, 763.2050, 18.3189
2025-12-02 00:38:20, 0.0399933906, 0.0385350129, 0.1028354915, 0.0905155591, 2745.9429, 2656.8143, 758.9400, 17.5105
2025-12-02 00:38:26, 0.0684485006, 0.0423700527, 0.0709925694, 0.0636602794, 2685.4590, 2666.7377, 762.3550, 19.0586
2025-12-02 00:38:32, 0.0357680382, 0.0282066079, 0.0952929566, 0.0855373409, 2823.1429, 2665.2338, 762.7900, 18.3866
2025-12-02 00:38:38, 0.0346306195, 0.0404082114, 0.0903900592, 0.1210472517, 2716.5373, 2723.3433, 760.1400, 18.9378
2025-12-02 00:38:44, 0.0557427828, 0.0420326606, 0.1072703453, 0.0973319159, 2822.0139, 2776.4028, 762.5450, 17.7974
2025-12-02 00:38:50, 0.0329140030, 0.0343971957, 0.0845237221, 0.0755547568, 2835.7833, 2663.6833, 754.6750, 19.2772
2025-12-02 00:38:55, 0.0609391354, 0.0480344991, 0.0974473293, 0.1212927339, 2760.1864, 2778.0000, 753.6300, 17.9263
2025-12-02 00:39:01, 0.0499082516, 0.0500273497, 0.0897232047, 0.0799316903, 2786.6620, 2794.6761, 753.6750, 17.2812
2025-12-02 00:39:07, 0.0742011105, 0.0611720155, 0.0906108682, 0.1009964606, 2773.5246, 2758.5738, 756.2750, 17.8544
2025-12-02 00:39:12, 0.0258870540, 0.0295813503, 0.0909549683, 0.0707097136, 2815.9744, 2653.3462, 753.9850, 18.5198
2025-12-02 00:39:18, 0.0352145848, 0.0332074810, 0.1016561933, 0.0811615909, 2691.8780, 2506.9268, 758.5150, 18.6102
2025-12-02 00:39:24, 0.0509978951, 0.0584214454, 0.1013524855, 0.0755161406, 2662.5932, 2595.5932, 758.0350, 19.0524
2025-12-02 00:39:30, 0.0404598236, 0.0369240507, 0.0776984682, 0.0912629607, 2797.0870, 2629.8841, 757.8650, 18.8928
2025-12-02 00:39:36, 0.0889415906, 0.0678326961, 0.0841714215, 0.0876699450, 2883.8077, 2924.6154, 757.8100, 16.3133
2025-12-02 00:39:42, 0.0616418513, 0.0412398180, 0.0956696760, 0.0964093647, 2729.5246, 2649.7869, 757.5650, 18.7490
2025-12-02 00:39:48, 0.0573606837, 0.0415099450, 0.1020786411, 0.1062304369, 2569.4091, 2641.8333, 759.1650, 17.1399
2025-12-02 00:39:54, 0.0679267763, 0.0788529463, 0.0927852349, 0.0829190899, 2821.5417, 2778.8333, 758.2050, 18.4487
2025-12-02 00:39:59, 0.0784074022, 0.0835144859, 0.1130962958, 0.1122246849, 2814.2807, 2813.3333, 757.8550, 19.4616
2025-12-02 00:40:05, 0.1387375556, 0.1003657479, 0.1079894643, 0.0858368113, 2906.2656, 2892.2031, 759.0250, 17.3852
2025-12-02 00:40:11, 0.1495447039, 0.1125001883, 0.1226397698, 0.0896697764, 3002.2391, 2951.8043, 756.6150, 18.3468
2025-12-02 00:40:16, 0.0728975017, 0.0724023737, 0.1198412220, 0.1075323565, 2767.7885, 2677.0769, 754.4150, 18.6709
2025-12-02 00:40:22, 0.0796028878, 0.0883601416, 0.0710262138, 0.0757420148, 2578.3462, 2663.5962, 754.8350, 19.1817
2025-12-02 00:40:28, 0.0866136001, 0.1121558264, 0.0787966015, 0.1001741808, 2654.0870, 2573.7174, 754.6900, 18.7543
2025-12-02 00:40:34, 0.0862466778, 0.1309596795, 0.1011657612, 0.0858245545, 2858.8308, 2856.5846, 754.4050, 17.8107
2025-12-02 00:40:40, 0.0483562713, 0.0545016699, 0.0722060377, 0.0759125911, 2737.2344, 2732.4531, 758.6300, 19.2710
2025-12-02 00:40:45, 0.0788198546, 0.0693908428, 0.1953419015, 0.1244254051, 2824.9796, 2778.7551, 759.7350, 19.2604
2025-12-02 00:40:51, 0.1054071879, 0.0891489407, 0.1016711817, 0.0813713387, 2718.2344, 2726.7500, 758.4450, 19.3043
2025-12-02 00:40:57, 0.1029767573, 0.1067094204, 0.0698166968, 0.0957640162, 2936.6531, 2967.0204, 758.2600, 17.8270
2025-12-02 00:41:03, 0.1118965457, 0.0891865399, 0.0753939006, 0.0713832543, 2792.1739, 2792.0217, 753.7700, 19.1067
2025-12-02 00:41:08, 0.1596972532, 0.1122816209, 0.0693655219, 0.0585740728, 3042.2308, 2938.2692, 758.2700, 17.9691
2025-12-02 00:41:14, 0.0944842112, 0.0978712338, 0.1500794806, 0.1350190853, 2829.6122, 2738.4490, 757.2700, 16.8913
2025-12-02 00:41:20, 0.0961436947, 0.0819926237, 0.0631427522, 0.0692057265, 2737.9200, 2667.2600, 759.2100, 18.8315
2025-12-02 00:41:26, 0.1626615436, 0.1130393832, 0.0793475384, 0.0573552471, 2372.9362, 2384.1064, 758.7700, 21.2388
2025-12-02 00:41:32, 0.1186373823, 0.1071167966, 0.1062466479, 0.0897686971, 2854.6613, 2790.2903, 758.7900, 20.4621
2025-12-02 00:41:38, 0.1315208867, 0.1197488375, 0.0815469472, 0.0903818641, 3127.0476, 3249.0000, 758.8750, 17.4528
2025-12-02 00:41:44, 0.1494525215, 0.1162165934, 0.1006288549, 0.1118737640, 2871.6610, 2823.7627, 757.3400, 17.3904
2025-12-02 00:41:50, 0.1149742157, 0.0936552445, 0.1010063115, 0.0905531357, 2921.4000, 2917.7455, 757.0900, 17.9215
2025-12-02 00:41:55, 0.1259846725, 0.0689234633, 0.0891789908, 0.0887972249, 3098.5517, 3084.3966, 755.6750, 15.8265
2025-12-02 00:42:01, 0.0685560377, 0.0810098680, 0.1430399801, 0.1046208260, 2428.5349, 2415.2791, 766.8300, 17.0804
2025-12-02 00:42:07, 0.1066744876, 0.1373937358, 0.0726407893, 0.0700152556, 2653.1250, 2659.0000, 758.8350, 18.5647
2025-12-02 00:42:13, 0.0386274764, 0.0370105664, 0.0843790442, 0.0786023084, 2858.5455, 2733.1636, 766.8250, 18.0625
2025-12-02 00:42:18, 0.0531380815, 0.0537070370, 0.1081689463, 0.0894526470, 2656.5606, 2659.1818, 757.9900, 17.7955
2025-12-02 00:42:24, 0.0877980776, 0.0920661304, 0.1109796890, 0.1078746860, 2719.0448, 2661.7164, 765.2100, 18.6278
2025-12-02 00:42:30, 0.0909243800, 0.0896859037, 0.1046766198, 0.1126025401, 2770.3774, 2751.8491, 767.7550, 17.3232
2025-12-02 00:42:36, 0.0819427823, 0.0828464666, 0.1166865813, 0.1203608910, 2704.6897, 2680.1379, 767.2250, 17.4850
2025-12-02 00:42:41, 0.0553646884, 0.0524944980, 0.1660020572, 0.0985521383, 2920.6250, 2870.0893, 763.9850, 18.3034
2025-12-02 00:42:47, 0.0576634293, 0.0592647751, 0.0893241537, 0.0885940380, 2820.5000, 2721.9833, 768.6600, 18.2689
2025-12-02 00:42:53, 0.0504429451, 0.0385458206, 0.1485587258, 0.1458052849, 2934.1591, 2832.0000, 768.8750, 17.5909
2025-12-02 00:42:59, 0.0350917049, 0.0370637418, 0.1082439008, 0.0959232556, 2824.7188, 2795.1406, 768.1200, 18.4596
2025-12-02 00:43:05, 0.0587036087, 0.0645312723, 0.0814053411, 0.1061322477, 2518.3710, 2610.2903, 768.0350, 18.1858
2025-12-02 00:43:10, 0.0960272228, 0.0784806182, 0.0869372507, 0.0892186410, 2550.8654, 2512.9808, 768.1900, 19.3864
2025-12-02 00:43:16, 0.0489798344, 0.0504960822, 0.1038587866, 0.1000318875, 2826.4857, 2758.6714, 768.6500, 18.2786
2025-12-02 00:43:22, 0.0652732742, 0.0647370066, 0.1073008595, 0.0922058293, 2967.8214, 2850.7500, 771.1900, 19.2895
2025-12-02 00:43:27, 0.1043901885, 0.1100257884, 0.1223298982, 0.1803749522, 2657.7083, 2792.5417, 772.2550, 18.3281
2025-12-02 00:43:33, 0.0642860096, 0.0615604006, 0.0930365240, 0.1198835471, 2889.7800, 2961.9400, 771.1650, 18.7826
2025-12-02 00:43:39, 0.0340832784, 0.0253622115, 0.0861135360, 0.0730729576, 2579.5357, 2413.7500, 772.5950, 17.8950
2025-12-02 00:43:45, 0.0463584419, 0.0374105715, 0.1014313979, 0.1045400996, 2738.3390, 2709.5932, 767.4700, 16.3052
2025-12-02 00:43:50, 0.0963116333, 0.1053718197, 0.0931374244, 0.1057225153, 2671.4035, 2671.1579, 766.9500, 16.6429
2025-12-02 00:43:56, 0.0674661074, 0.0814837354, 0.1012006638, 0.0660797091, 2642.3729, 2577.9322, 761.1900, 18.2944
2025-12-02 00:44:02, 0.0708764384, 0.0715873049, 0.1154011829, 0.1149198158, 2887.3390, 2898.0678, 763.9650, 16.3510
2025-12-02 00:44:08, 0.0325331151, 0.0387018626, 0.1327287559, 0.1899935322, 2784.8868, 2763.8679, 767.0850, 18.0327
2025-12-02 00:44:14, 0.0815272454, 0.0666637133, 0.0826024050, 0.0980189227, 2627.5417, 2568.1667, 765.6700, 18.4161
2025-12-02 00:44:19, 0.0390474304, 0.0430743293, 0.1273757437, 0.1172166056, 2807.3636, 2904.4545, 767.0900, 17.6486
2025-12-02 00:44:25, 0.1008568619, 0.1141777897, 0.2389196725, 0.2270899366, 2736.2609, 2630.3261, 766.8300, 17.4955
2025-12-02 00:44:31, 0.0579173789, 0.0870599380, 0.1469116610, 0.1264340461, 2842.4490, 2707.2857, 763.9150, 19.3721
2025-12-02 00:44:37, 0.1167204439, 0.1066351868, 0.1414151175, 0.1270878056, 2850.4821, 2833.1071, 764.1450, 16.2780
2025-12-02 00:44:43, 0.0847025582, 0.1082749041, 0.0934244831, 0.0996740845, 2668.3137, 2784.8235, 765.2900, 16.8275
2025-12-02 00:44:49, 0.1044482961, 0.1016912854, 0.1106328432, 0.1198908202, 2703.7091, 2677.9455, 762.7950, 18.0672
2025-12-02 00:44:55, 0.0510814494, 0.0428101740, 0.1416066731, 0.1007575372, 2808.1719, 2829.0469, 762.3150, 17.6956
2025-12-02 00:45:00, 0.0745343081, 0.0728716483, 0.1970826406, 0.1513464532, 2752.9655, 2660.7069, 764.7650, 19.2673
2025-12-02 00:45:06, 0.0778114993, 0.0665131453, 0.0938361744, 0.1116289960, 2953.0000, 2953.0000, 759.8300, 18.3519
2025-12-02 00:45:12, 0.0478616392, 0.0551673395, 0.1048104294, 0.1152083997, 2391.0615, 2431.2308, 758.2100, 19.7557
2025-12-02 00:45:18, 0.0565608198, 0.0499047930, 0.1256754487, 0.1133897434, 2703.4861, 2679.6806, 761.5600, 19.0117
2025-12-02 00:45:23, 0.0554442426, 0.0623968554, 0.0974271162, 0.1046501031, 2776.8571, 2734.5714, 761.5500, 18.3114
2025-12-02 00:45:29, 0.0972458602, 0.0777220593, 0.0759889713, 0.0983214308, 2491.0323, 2498.2258, 755.0750, 16.6763
2025-12-02 00:45:35, 0.1110784414, 0.1045316869, 0.1632219060, 0.1352962507, 2924.5625, 2796.4375, 756.5300, 16.1201
2025-12-02 00:45:41, 0.0761287338, 0.0812852533, 0.1948072429, 0.1395237327, 2392.6364, 2423.0227, 752.6400, 18.8963
2025-12-02 00:45:47, 0.1037748457, 0.1210762892, 0.1524112339, 0.1054425225, 2989.3065, 2968.0323, 753.2800, 17.2743
2025-12-02 00:45:52, 0.1477802186, 0.1012844977, 0.0974988076, 0.0973398661, 2863.9091, 2865.1273, 757.8500, 18.6488
2025-12-02 00:45:58, 0.1073400576, 0.1052271506, 0.1404155980, 0.1013215090, 2480.9492, 2499.3220, 755.8800, 17.1961
2025-12-02 00:46:04, 0.1001614982, 0.0945128728, 0.1493330026, 0.1442411827, 2981.9804, 3058.1961, 759.6000, 17.2618
2025-12-02 00:46:10, 0.0964470063, 0.0778562953, 0.1878532884, 0.1571941572, 2801.0377, 2880.2830, 758.6200, 18.5716
2025-12-02 00:46:15, 0.0848941916, 0.1036709042, 0.0953711111, 0.1022202151, 2939.2745, 2947.4118, 762.3800, 19.1025
2025-12-02 00:46:21, 0.1085055491, 0.0888080595, 0.1431410300, 0.1028075754, 2852.0000, 2841.0000, 763.3400, 18.8001
2025-12-02 00:46:27, 0.1413028370, 0.1732189004, 0.1822058285, 0.1158511070, 3159.4800, 3011.2600, 760.4850, 18.9829
2025-12-02 00:46:33, 0.1848542080, 0.1367788882, 0.1185808906, 0.1145108683, 2677.4400, 2695.6800, 756.8600, 18.9315
2025-12-02 00:46:38, 0.1874275901, 0.1516052539, 0.0752049127, 0.0676979536, 2609.1463, 2614.6829, 764.4300, 18.8948
2025-12-02 00:46:44, 0.1287902063, 0.1479972456, 0.1413763089, 0.0796270551, 2800.0233, 2723.9070, 763.6800, 17.2023
2025-12-02 00:46:50, 0.2042738183, 0.2145305154, 0.1827401532, 0.1305199022, 3080.4103, 3051.0000, 762.8350, 19.6468
2025-12-02 00:46:56, 0.1509979052, 0.1691651794, 0.1447616518, 0.1430741794, 2901.6327, 2979.1429, 764.7200, 18.0846
2025-12-02 00:47:01, 0.0750959915, 0.0640307205, 0.1586100338, 0.1541735077, 2872.7447, 2896.1064, 763.7350, 17.5121
2025-12-02 00:47:07, 0.1114274582, 0.0748616100, 0.1131190374, 0.1109221457, 2934.2593, 2917.2037, 763.7550, 19.6353
2025-12-02 00:47:13, 0.0766390302, 0.0922882286, 0.1017446617, 0.1028879731, 2784.3469, 2911.7959, 762.9700, 18.1890
2025-12-02 00:47:19, 0.0948029583, 0.1047441074, 0.1093053223, 0.1089850608, 2709.6087, 2781.6304, 763.3750, 19.0280
2025-12-02 00:47:25, 0.0972224730, 0.0725781407, 0.0976405637, 0.0835855526, 2847.6111, 2881.2593, 761.8100, 18.7841
2025-12-02 00:47:30, 0.1012710417, 0.0929636176, 0.0999523091, 0.0826564223, 2724.2727, 2758.3182, 764.4650, 19.8804
2025-12-02 00:47:36, 0.0681106781, 0.0713248597, 0.1267629670, 0.1013048128, 2593.9615, 2527.7115, 766.0450, 17.7973
2025-12-02 00:47:42, 0.0702599954, 0.0674682101, 0.1394476058, 0.1235880748, 3076.6825, 3074.0952, 764.5000, 16.0131
2025-12-02 00:47:48, 0.0998732284, 0.0931293999, 0.1548516156, 0.1068450343, 2821.5625, 2870.1250, 764.5150, 17.8824
2025-12-02 00:47:54, 0.0831790701, 0.0698962059, 0.0985296736, 0.1436017194, 2764.7500, 2763.0625, 764.7250, 18.3581
2025-12-02 00:47:59, 0.0640677019, 0.0661599897, 0.0901014278, 0.0777144361, 2759.4600, 2669.0800, 764.3050, 19.0242
2025-12-02 00:48:05, 0.0648250800, 0.0910663206, 0.1056459841, 0.1486933872, 2590.2549, 2605.6863, 756.6350, 18.4811
2025-12-02 00:48:11, 0.0892960796, 0.1073262448, 0.0869566043, 0.0923811895, 2812.0426, 2699.2128, 759.4450, 16.9943
2025-12-02 00:48:17, 0.0754279757, 0.0698858356, 0.1446874176, 0.1373567489, 2957.2903, 2812.9516, 759.0450, 17.1258
2025-12-02 00:48:23, 0.0810836290, 0.1554662870, 0.0994537994, 0.0822342001, 2746.5319, 2628.6809, 762.1300, 18.8800
2025-12-02 00:48:29, 0.0616693799, 0.0794902515, 0.1888378150, 0.1715834721, 2744.6047, 2711.0930, 760.6500, 18.4455
2025-12-02 00:48:34, 0.0822014223, 0.1016568314, 0.1053192014, 0.1332342814, 3538.0682, 3583.8864, 760.3550, 19.5174
2025-12-02 00:48:40, 0.1316232035, 0.0972591362, 0.1231083159, 0.0932326829, 2657.2727, 2545.5455, 757.3100, 18.3102
2025-12-02 00:48:46, 0.0955483013, 0.0865172434, 0.1144647013, 0.0930715159, 2690.7857, 2695.9107, 759.2800, 18.7385
2025-12-02 00:48:52, 0.0709646060, 0.0696982425, 0.1081218738, 0.1284690988, 2879.4444, 2879.7333, 758.8850, 17.7424
2025-12-02 00:48:58, 0.1276066863, 0.1099604273, 0.1288933865, 0.1056773762, 2731.7895, 2660.5439, 759.6750, 18.1521
2025-12-02 00:49:03, 0.0754488656, 0.0605002678, 0.1179968057, 0.1189265397, 2690.0566, 2706.4528, 761.1850, 16.6184
2025-12-02 00:49:09, 0.0702860881, 0.0691618718, 0.1194502606, 0.1195214782, 2778.0000, 2822.1509, 762.4150, 18.7716
2025-12-02 00:49:15, 0.1403837321, 0.0990267358, 0.1083540384, 0.1318352056, 2701.6364, 2777.1818, 763.0050, 18.7285
2025-12-02 00:49:21, 0.0630299641, 0.0682424752, 0.1012944423, 0.1860773392, 2983.5556, 2934.9444, 763.8550, 20.1468
2025-12-02 00:49:27, 0.0972620354, 0.0887842653, 0.1217542868, 0.1035339523, 2525.2250, 2627.3000, 759.0200, 18.9644
2025-12-02 00:49:32, 0.0760550515, 0.0883479888, 0.0991976618, 0.1198878679, 2641.9038, 2630.7500, 762.3400, 17.4586
2025-12-02 00:49:38, 0.0588816245, 0.0524125228, 0.1021679758, 0.1135149550, 2871.2000, 2837.4400, 761.6300, 18.2659
2025-12-02 00:49:44, 0.0389745982, 0.0465314204, 0.0819772104, 0.1016544109, 2836.9863, 2786.6986, 761.1850, 17.9458
2025-12-02 00:49:50, 0.0541999060, 0.0533811503, 0.1059513882, 0.0870329581, 2920.1129, 2725.5968, 760.3200, 18.0723
2025-12-02 00:49:56, 0.0588390620, 0.0720038834, 0.0830523635, 0.1000550374, 2664.3231, 2720.3231, 762.5350, 17.3545
2025-12-02 00:50:02, 0.0642632877, 0.0690337102, 0.1062790599, 0.0799746356, 2721.7288, 2703.1695, 758.0400, 17.8986
2025-12-02 00:50:07, 0.1281588698, 0.0767667301, 0.0822100419, 0.0795470343, 2655.5600, 2663.1000, 768.4800, 18.2642
2025-12-02 00:50:13, 0.0599393908, 0.0467394061, 0.0919409066, 0.0822354804, 2926.6923, 2810.3846, 765.2000, 18.7307
2025-12-02 00:50:19, 0.0645279655, 0.0797469639, 0.0859881714, 0.0758498490, 3068.9524, 2991.2857, 761.3300, 17.8121
2025-12-02 00:50:25, 0.0491041809, 0.0528447647, 0.0869977226, 0.1039236048, 2591.3134, 2554.4925, 759.1150, 16.6668
2025-12-02 00:50:30, 0.0569421891, 0.0619964352, 0.1073005061, 0.0735214798, 2973.1607, 2810.2500, 765.7700, 19.0551
2025-12-02 00:50:36, 0.0935371028, 0.0851375205, 0.0966418415, 0.0771853625, 2803.8889, 2791.8222, 763.6550, 18.5372
2025-12-02 00:50:42, 0.0686719293, 0.0884066750, 0.1186979568, 0.1087182113, 3065.4773, 2980.6591, 762.5500, 16.3807
2025-12-02 00:50:48, 0.0835811869, 0.0748499940, 0.0802748512, 0.0851227310, 2559.5538, 2470.3538, 761.6000, 20.4135
2025-12-02 00:50:53, 0.0662883225, 0.0729030618, 0.0883254527, 0.0964866253, 2467.7037, 2471.1852, 764.5250, 20.6550
2025-12-02 00:50:59, 0.0629020313, 0.0564611790, 0.1091711208, 0.0944276803, 3074.7447, 2879.1915, 765.1050, 18.3530
2025-12-02 00:51:05, 0.0603114601, 0.0639324969, 0.1202230936, 0.1667873314, 2985.1957, 3059.9565, 764.4100, 18.8407
2025-12-02 00:51:11, 0.0619840404, 0.0618944073, 0.1177128310, 0.1147350118, 2920.4478, 2847.7164, 767.6650, 18.7372
2025-12-02 00:51:17, 0.1130242150, 0.1074261760, 0.1023628756, 0.0788797709, 3035.0339, 2872.3220, 763.7150, 17.8808
2025-12-02 00:51:22, 0.0715353973, 0.0869576282, 0.2229368692, 0.1870390050, 2915.3125, 2709.6250, 762.9450, 18.4310
2025-12-02 00:51:28, 0.0837001531, 0.0836891255, 0.0966452985, 0.1154174501, 2618.0833, 2669.8125, 761.7500, 18.6649
2025-12-02 00:51:34, 0.1448705059, 0.1021776010, 0.1584263335, 0.1344435084, 2927.1714, 2813.0000, 760.3650, 19.3060
2025-12-02 00:51:39, 0.1609376864, 0.1107694434, 0.0735465318, 0.0816353298, 2582.9322, 2592.9492, 758.6950, 18.8359
2025-12-02 00:51:45, 0.0959533192, 0.0712785336, 0.0827671768, 0.1032681733, 2711.2321, 2716.8036, 759.7500, 17.4427
2025-12-02 00:51:51, 0.0527297893, 0.0587096552, 0.0616667586, 0.0765593081, 2846.4921, 2666.9365, 759.6650, 18.7481
2025-12-02 00:51:57, 0.0662191750, 0.0747612880, 0.0808033832, 0.0803310774, 2852.4571, 2745.0857, 760.3950, 19.7286
2025-12-02 00:52:03, 0.0647887971, 0.0527294754, 0.0705836263, 0.0895831311, 2686.8214, 2704.8750, 760.5450, 17.6564
2025-12-02 00:52:08, 0.0719269369, 0.0749948395, 0.0431069820, 0.0446834094, 2615.2340, 2626.9149, 761.5750, 18.9772
2025-12-02 00:52:14, 0.0380627795, 0.0374243314, 0.1266244916, 0.0884371969, 2912.2537, 2774.1194, 763.9500, 18.7101
2025-12-02 00:52:20, 0.0836330234, 0.0851958341, 0.0836889708, 0.0704246138, 2905.7292, 2837.8958, 761.0850, 19.1465
2025-12-02 00:52:26, 0.0653066870, 0.0552953907, 0.1398003031, 0.0927116217, 2824.7619, 2719.7143, 760.2950, 17.5459
2025-12-02 00:52:31, 0.0515469375, 0.0607952824, 0.0659072622, 0.0690286768, 3026.5294, 2971.5735, 761.8800, 18.3343
2025-12-02 00:52:37, 0.0821020156, 0.0814297281, 0.0856695067, 0.0638947664, 2786.7119, 2679.4746, 762.1550, 18.6076
2025-12-02 00:52:43, 0.1278499074, 0.1028384795, 0.1104628917, 0.1114256194, 2855.8772, 2815.3509, 761.6450, 18.6408
2025-12-02 00:52:48, 0.0476500865, 0.0484783787, 0.1040606360, 0.1034371404, 2959.3559, 2944.5085, 760.3250, 18.2661
2025-12-02 00:52:54, 0.0560217956, 0.0511305334, 0.0770645905, 0.0790447409, 2962.9623, 2802.8679, 759.9300, 17.9562
2025-12-02 00:53:00, 0.0915499032, 0.0948306548, 0.0945253533, 0.0654348484, 2814.2586, 2767.2241, 758.5100, 16.6751
2025-12-02 00:53:06, 0.1118675571, 0.1300414827, 0.0916771529, 0.0981260214, 2666.1719, 2684.7969, 760.3700, 17.8939
2025-12-02 00:53:12, 0.0992833944, 0.0881152541, 0.0920399875, 0.1015084200, 2859.5254, 2870.1525, 765.4800, 21.5896
2025-12-02 00:53:17, 0.0601137094, 0.0673481982, 0.0813572411, 0.0698414533, 2802.1000, 2789.0833, 766.2900, 22.9104
2025-12-02 00:53:23, 0.0778603072, 0.0829532715, 0.0671207423, 0.0774044591, 2918.9649, 2975.7719, 768.6850, 22.4461
2025-12-02 00:53:29, 0.1023589288, 0.1034635088, 0.0982080158, 0.0602565956, 2857.7544, 2748.0351, 767.2300, 22.8962
2025-12-02 00:53:35, 0.1098290921, 0.1172962990, 0.0756293390, 0.1005165041, 2688.6140, 2736.6491, 766.4100, 23.0606
2025-12-02 00:53:41, 0.1004116353, 0.0962381339, 0.0692782629, 0.0648411784, 2833.2727, 2815.9273, 766.3250, 21.9283
2025-12-02 00:53:46, 0.0476975264, 0.0613427288, 0.1266087845, 0.1067339687, 2759.9841, 2743.0159, 770.0750, 22.7389
2025-12-02 00:53:52, 0.0640941235, 0.0541770751, 0.0973043561, 0.0754613653, 2772.8000, 2639.3818, 765.7550, 22.7571
2025-12-02 00:53:58, 0.0487842389, 0.0432549078, 0.1070716994, 0.1200359277, 2673.1467, 2597.9733, 761.8400, 19.3232
2025-12-02 00:54:03, 0.0936468370, 0.0882312390, 0.1198318977, 0.0973475816, 2798.4717, 2642.3208, 765.6900, 20.2814
2025-12-02 00:54:09, 0.1186673037, 0.0825646442, 0.1099698716, 0.0872617210, 2729.8276, 2746.6379, 758.5100, 17.9808
2025-12-02 00:54:15, 0.0896022588, 0.0791565223, 0.0612395169, 0.0677206977, 2584.6727, 2589.2727, 761.0150, 20.1597
2025-12-02 00:54:21, 0.1514362230, 0.1022564084, 0.1100447215, 0.1005484380, 2897.1429, 2760.1786, 760.2200, 17.8645
2025-12-02 00:54:27, 0.0948623030, 0.0919649429, 0.0956776263, 0.0866975022, 2805.4561, 2746.1053, 761.6300, 19.2388
2025-12-02 00:54:32, 0.0596703292, 0.0728167783, 0.0994063842, 0.0999242585, 2844.9556, 2739.4444, 758.0250, 21.8496
2025-12-02 00:54:38, 0.0663045232, 0.0637077819, 0.0614725404, 0.0706760082, 2681.1915, 2541.5745, 757.1150, 18.0984
2025-12-02 00:54:44, 0.0518669948, 0.0519793701, 0.0876193544, 0.1090879166, 2978.8750, 2885.8571, 755.9000, 20.9108
2025-12-02 00:54:50, 0.0749666141, 0.0918843195, 0.1072683251, 0.0897493554, 2942.5000, 2752.2400, 758.8200, 21.2018
2025-12-02 00:54:55, 0.0811603680, 0.0964805592, 0.1331798157, 0.0941583820, 2974.7843, 3009.2941, 758.5550, 19.2189
2025-12-02 00:55:01, 0.0855872171, 0.0904888973, 0.1007985035, 0.1095384219, 2805.7895, 2653.2895, 759.6550, 20.3842
2025-12-02 00:55:07, 0.1345036975, 0.1201313008, 0.0985254679, 0.0909600921, 2849.9851, 2844.8209, 758.0400, 17.5182
2025-12-02 00:55:13, 0.0429563905, 0.0414900375, 0.0835073204, 0.1153904570, 2799.2295, 2683.9836, 760.7600, 19.1959
2025-12-02 00:55:18, 0.0477292379, 0.0449647626, 0.0898092395, 0.0772711574, 2770.0678, 2568.6610, 759.6800, 18.7581
2025-12-02 00:55:24, 0.0604985657, 0.0609496605, 0.1250347179, 0.0838457399, 2801.7674, 2726.2093, 760.0250, 18.7698
2025-12-02 00:55:30, 0.0767122705, 0.0584544924, 0.1002160380, 0.1098382678, 2577.7667, 2605.5667, 759.2300, 19.3004
2025-12-02 00:55:36, 0.0435669108, 0.0466804124, 0.0964347315, 0.0918275441, 2784.0833, 2701.3167, 759.9250, 18.7798
2025-12-02 00:55:42, 0.0422689593, 0.0402074102, 0.1351312819, 0.0932815915, 3078.9344, 2822.5738, 756.0300, 19.3763
2025-12-02 00:55:48, 0.0652746435, 0.0746463179, 0.1022740817, 0.0954577714, 2957.0000, 2994.9818, 755.1800, 18.4339
2025-12-02 00:55:54, 0.0587829693, 0.0650103832, 0.0790971110, 0.0740320207, 2756.4762, 2696.1429, 754.9050, 20.7098
2025-12-02 00:55:59, 0.0499745385, 0.0519538871, 0.0748594071, 0.0675919777, 2711.3333, 2634.4500, 756.6350, 17.3805
2025-12-02 00:56:05, 0.0490357625, 0.0575362251, 0.1030308785, 0.0882892362, 2837.9839, 2732.8548, 755.0600, 18.3108
2025-12-02 00:56:11, 0.0797488926, 0.0493340929, 0.0660556024, 0.0947646594, 2669.3651, 2654.8889, 757.1500, 20.3688
2025-12-02 00:56:16, 0.0892776674, 0.0642907174, 0.1207696512, 0.1013812433, 3009.3621, 2897.4828, 752.6300, 19.2778
2025-12-02 00:56:22, 0.0557704297, 0.0693247918, 0.1235594853, 0.1106552806, 2835.3433, 2797.4478, 754.8650, 18.9633
2025-12-02 00:56:28, 0.0776341916, 0.0682404071, 0.1380692821, 0.0893375038, 2780.7288, 2748.4915, 757.4250, 19.6294
2025-12-02 00:56:34, 0.0610105752, 0.0482983155, 0.1458312014, 0.1257988501, 2844.5200, 2924.8600, 759.7400, 17.7756
2025-12-02 00:56:39, 0.0563524524, 0.0616707092, 0.1009677822, 0.1290154837, 2586.5946, 2578.4865, 759.3850, 17.7498
2025-12-02 00:56:45, 0.0663335937, 0.0761698302, 0.1214267414, 0.1242775728, 2894.0488, 2900.5610, 761.2650, 19.7204
2025-12-02 00:56:51, 0.1057407629, 0.0886807730, 0.0906124066, 0.0833624026, 2571.4286, 2607.9286, 760.7600, 18.1616
2025-12-02 00:56:56, 0.0842765581, 0.0885989908, 0.0925797747, 0.0743322811, 2646.9062, 2553.8750, 761.9350, 18.7974
2025-12-02 00:57:02, 0.0971280877, 0.0912152256, 0.0721370565, 0.0736151611, 2795.3962, 2775.8868, 760.2100, 18.1153
2025-12-02 00:57:08, 0.1191583651, 0.0926289625, 0.0955077198, 0.1041154415, 2829.6327, 2878.4898, 760.9700, 18.0975
2025-12-02 00:57:13, 0.0782806658, 0.0715101736, 0.1114273944, 0.1073224351, 2617.9808, 2581.1731, 758.6650, 19.0006
2025-12-02 00:57:19, 0.0741131919, 0.0738555786, 0.1116776810, 0.0674238312, 2756.4828, 2716.3448, 760.7850, 17.9259
2025-12-02 00:57:25, 0.0890944811, 0.0967680521, 0.0908894492, 0.0863766093, 3028.7200, 2999.3800, 763.6700, 17.9767
2025-12-02 00:57:31, 0.0982638982, 0.0932923663, 0.0852038813, 0.0700557972, 2758.4167, 2764.0208, 766.0900, 19.2110
2025-12-02 00:57:36, 0.0970232514, 0.1130358062, 0.0593742327, 0.0810705943, 2787.0769, 2689.9615, 760.7600, 18.6379
2025-12-02 00:57:42, 0.1156979072, 0.1506473197, 0.0975777720, 0.0677894832, 2696.0175, 2668.6667, 761.4200, 18.5077
2025-12-02 00:57:48, 0.1078510317, 0.0992010816, 0.1263277631, 0.1070112700, 2463.0000, 2454.4565, 767.0400, 18.6794
2025-12-02 00:57:54, 0.0693814561, 0.0862459556, 0.1241397378, 0.1100265885, 2766.5614, 2798.0000, 762.3550, 17.8757
2025-12-02 00:57:59, 0.0906070119, 0.0856759207, 0.1075650111, 0.0769432915, 2764.8750, 2769.5625, 761.5500, 17.6416
2025-12-02 00:58:05, 0.0890330721, 0.1178749517, 0.0780723421, 0.0777123586, 2739.2982, 2746.5614, 761.2450, 18.1242
2025-12-02 00:58:11, 0.0719126400, 0.0877978999, 0.1457354770, 0.1309361611, 2908.6316, 2786.1228, 760.7500, 19.3214
2025-12-02 00:58:16, 0.0758394423, 0.0625438798, 0.0675112028, 0.0683395856, 2739.4035, 2786.4386, 761.0750, 19.4345
2025-12-02 00:58:22, 0.0688060966, 0.0615197775, 0.0803273699, 0.0802049081, 2921.2222, 2803.8519, 760.4950, 19.2723
2025-12-02 00:58:28, 0.0532282162, 0.0561765238, 0.0857167611, 0.0824479437, 2645.0294, 2566.0294, 758.3650, 18.2897
2025-12-02 00:58:33, 0.1045482620, 0.0877686063, 0.0967673663, 0.0978042873, 2775.3871, 2789.6774, 759.2850, 19.9721
2025-12-02 00:58:39, 0.1074845716, 0.1178723373, 0.0765361693, 0.0583509990, 2731.1042, 2676.1042, 760.2500, 18.4051
2025-12-02 00:58:45, 0.0792592589, 0.0881851160, 0.1414077817, 0.1423822106, 2695.7018, 2769.7368, 757.5700, 18.0609
2025-12-02 00:58:51, 0.1134437074, 0.0875929997, 0.0827596649, 0.0817980306, 2649.2500, 2650.9091, 759.3450, 20.0066
2025-12-02 00:58:57, 0.0804313144, 0.0935371419, 0.1226296269, 0.1050746159, 2984.3333, 2981.7451, 758.2950, 18.3245
2025-12-02 00:59:02, 0.0705233605, 0.0728160344, 0.0810814229, 0.0802844832, 2814.1207, 2730.5690, 757.9850, 18.4102
2025-12-02 00:59:08, 0.0777015794, 0.0847465344, 0.0921927136, 0.1048709386, 2532.9655, 2550.3276, 756.8400, 16.9498
2025-12-02 00:59:14, 0.0857617473, 0.0859011544, 0.1392797330, 0.1664630973, 2562.3462, 2624.1731, 755.6500, 19.2400
2025-12-02 00:59:19, 0.1085790299, 0.1053870648, 0.1565709572, 0.1669156341, 2708.0556, 2618.6389, 756.4250, 18.9698
2025-12-02 00:59:25, 0.1029453857, 0.0809821628, 0.1281255047, 0.1004937816, 2900.3696, 2834.4130, 757.8100, 17.9076
2025-12-02 00:59:31, 0.0525435054, 0.0496020588, 0.1047469331, 0.1127180950, 2487.9630, 2538.2778, 758.2600, 19.3998
2025-12-02 00:59:37, 0.0402739441, 0.0459142323, 0.0890001682, 0.0656629606, 2730.1346, 2712.4038, 759.9350, 19.0208
2025-12-02 00:59:43, 0.0857771099, 0.0932339229, 0.0832296106, 0.0925100184, 2774.6379, 2795.0517, 756.0550, 18.3557
2025-12-02 00:59:49, 0.0876703280, 0.1265946354, 0.1210306407, 0.0860406056, 2817.5362, 2744.8841, 756.8950, 17.2894
2025-12-02 00:59:54, 0.0881858032, 0.1040122977, 0.1425126496, 0.1493811616, 2813.5224, 2827.3582, 756.2850, 16.2805
2025-12-02 01:00:00, 0.1143439831, 0.0966079349, 0.0883892553, 0.0892345419, 2911.0000, 2945.0333, 751.6700, 19.8202
2025-12-02 01:00:06, 0.1115073336, 0.0862099474, 0.0865950523, 0.0802974880, 2625.1803, 2661.5738, 753.9450, 18.3606
2025-12-02 01:00:12, 0.1075085101, 0.1034550989, 0.1311982639, 0.1149669822, 2698.7500, 2670.2727, 753.5650, 18.5560
2025-12-02 01:00:18, 0.1299587138, 0.0812723487, 0.0815801655, 0.0921828044, 2853.5556, 2815.5370, 760.1150, 17.3943
2025-12-02 01:00:23, 0.0892448274, 0.0785113302, 0.1029511426, 0.0851550608, 2732.0385, 2755.9231, 759.9050, 17.4165
2025-12-02 01:00:29, 0.0896665556, 0.0818277047, 0.0950844334, 0.0797739077, 2684.3750, 2671.4792, 756.4950, 18.8831
2025-12-02 01:00:35, 0.1021268005, 0.1088856435, 0.0800653861, 0.0860555201, 2815.8000, 2892.4200, 757.0700, 17.0682
2025-12-02 01:00:40, 0.0825618837, 0.0631939181, 0.1381004259, 0.1349112494, 2812.0794, 2719.0635, 757.9250, 18.2491
2025-12-02 01:00:46, 0.0398102093, 0.0416833129, 0.0737637752, 0.0635929914, 2800.6667, 2673.9298, 758.3300, 18.5562
2025-12-02 01:00:52, 0.0950498419, 0.0933894751, 0.0700072379, 0.0576981199, 2743.6538, 2737.7115, 757.9400, 18.8331
2025-12-02 01:00:58, 0.0563122843, 0.0632222589, 0.1309890236, 0.0908455654, 2927.2500, 2780.4792, 757.7750, 17.5310
2025-12-02 01:01:03, 0.0380912181, 0.0304351825, 0.0926904640, 0.1033797377, 2802.3000, 2762.8571, 757.4700, 16.4237
2025-12-02 01:01:09, 0.0380754430, 0.0433729939, 0.0876347871, 0.0843628932, 3006.6212, 2828.6061, 753.5000, 18.6748
2025-12-02 01:01:15, 0.0488779297, 0.0597341623, 0.0874271349, 0.0779354891, 2895.9000, 2777.0667, 755.4550, 17.2165
2025-12-02 01:01:21, 0.0636808644, 0.0798986345, 0.0955658390, 0.0999389187, 2948.7083, 2922.9792, 755.8750, 17.5727
2025-12-02 01:01:26, 0.0466361473, 0.0330230161, 0.0807757575, 0.0471964867, 3014.7414, 2771.9138, 756.5350, 18.7056
2025-12-02 01:01:33, 0.0715057908, 0.0539043556, 0.0979580394, 0.0834237240, 2656.4426, 2619.0000, 753.3350, 17.8718
2025-12-02 01:01:39, 0.0408281299, 0.0417405876, 0.0687607411, 0.0612723685, 2828.8462, 2737.1077, 755.6100, 18.6649
2025-12-02 01:01:45, 0.0328666114, 0.0430951943, 0.1052636514, 0.0812072243, 2646.1395, 2507.1163, 761.3000, 19.9336
2025-12-02 01:01:51, 0.0712532282, 0.0832101602, 0.0571882714, 0.0702969672, 2808.4203, 2820.0145, 760.5750, 17.8206
2025-12-02 01:01:57, 0.0737253317, 0.0942214286, 0.1165232717, 0.0963307480, 2805.2105, 2705.1228, 759.2550, 16.7162
2025-12-02 01:02:02, 0.0950715723, 0.1141332981, 0.0945955758, 0.1009433974, 2926.5091, 3017.3091, 761.8700, 18.1440
2025-12-02 01:02:08, 0.0975058554, 0.0961877183, 0.0935692067, 0.1261582658, 2827.7949, 2790.9744, 760.5700, 18.5439
2025-12-02 01:02:14, 0.1352851248, 0.1544385422, 0.0604319180, 0.0701490707, 2778.2955, 2661.0455, 762.6600, 19.1503
2025-12-02 01:02:20, 0.1152489072, 0.1318744427, 0.0996055403, 0.0962895923, 2835.3667, 2764.3667, 760.2650, 18.1905
2025-12-02 01:02:25, 0.1249288676, 0.1012532010, 0.1063146791, 0.1011590774, 2783.2273, 2814.4091, 761.8650, 18.8339
2025-12-02 01:02:31, 0.0868909318, 0.0729593143, 0.0610003915, 0.0731497218, 2860.2258, 2752.3548, 759.1200, 18.5891
2025-12-02 01:02:37, 0.0837007949, 0.0991907974, 0.1094915092, 0.0937501358, 2860.6167, 2762.6167, 759.0650, 17.5428
2025-12-02 01:02:43, 0.0629988683, 0.0646150465, 0.0531310186, 0.0555023576, 2904.9143, 2886.6857, 763.3800, 17.4401
2025-12-02 01:02:49, 0.0894108541, 0.0899595626, 0.1085895904, 0.1015965233, 2882.0260, 2861.4805, 762.2750, 18.9259
2025-12-02 01:03:00, 0.0645442468, 0.0545181871, 0.1501593103, 0.0966469905, 2769.4861, 2655.4722, 762.7550, 18.4183
2025-12-02 01:03:06, 0.0673141879, 0.0522234260, 0.1239840132, 0.0873718384, 2865.1538, 2759.5192, 762.7400, 19.2055
2025-12-02 01:03:11, 0.0673293215, 0.0713642537, 0.1066231688, 0.1050660542, 2771.0545, 2836.4545, 767.3400, 17.9907
2025-12-02 01:03:17, 0.0974662673, 0.0935169696, 0.0640237423, 0.0622803459, 2927.5179, 2813.1071, 762.6650, 18.9909
2025-12-02 01:03:23, 0.0860402174, 0.0786009412, 0.0711747596, 0.0667437863, 2911.1525, 2762.9492, 764.4200, 18.5899
2025-12-02 01:03:29, 0.0992689520, 0.0940832784, 0.0795776768, 0.1062175937, 2841.2549, 2790.3333, 763.8750, 17.7885
2025-12-02 01:03:34, 0.1270675543, 0.1025783536, 0.1112982901, 0.0964893427, 2766.0185, 2789.9815, 771.0450, 20.6977
2025-12-02 01:03:40, 0.0897166941, 0.0773951202, 0.0914121143, 0.0752722411, 2948.6500, 2898.1667, 771.3650, 22.2644
2025-12-02 01:03:46, 0.0658704397, 0.0684520750, 0.0848345230, 0.0877824717, 2950.8909, 2993.2727, 768.7200, 20.5592
2025-12-02 01:03:52, 0.0913304712, 0.0981962346, 0.0841865847, 0.0854485806, 2728.6000, 2726.5333, 764.0750, 17.4897
2025-12-02 01:03:57, 0.0870770428, 0.0835692932, 0.1122963001, 0.1153809737, 2742.8750, 2794.8000, 768.5500, 21.6969
2025-12-02 01:04:03, 0.0769035227, 0.0911867246, 0.1676291010, 0.1137587179, 2896.0303, 2808.9545, 762.9650, 18.1238
2025-12-02 01:04:09, 0.1002176716, 0.0932036694, 0.0924097352, 0.0912007610, 2968.0612, 2950.6531, 760.2000, 17.0760
2025-12-02 01:04:15, 0.0808651359, 0.0880042764, 0.0858337458, 0.0822143380, 2882.8730, 2901.3175, 762.0150, 20.5855
2025-12-02 01:04:21, 0.1452830123, 0.1344174349, 0.1190832914, 0.1139954941, 2948.8431, 2769.0588, 761.2100, 17.8638
2025-12-02 01:04:26, 0.1004351733, 0.1052739995, 0.0771561699, 0.0660988137, 2574.8167, 2549.9500, 762.1250, 18.8857
2025-12-02 01:04:32, 0.1048806712, 0.1288618594, 0.1177095988, 0.1102301085, 2929.6739, 2798.1304, 761.5450, 18.7808
2025-12-02 01:04:38, 0.1457336802, 0.0997940218, 0.1705273005, 0.1709173615, 2717.6452, 2786.6935, 760.4250, 17.6795
2025-12-02 01:04:44, 0.0372465429, 0.0461100202, 0.1360556482, 0.1456450195, 2830.0526, 2718.2105, 761.8950, 19.2347
2025-12-02 01:04:49, 0.0422516245, 0.0397281143, 0.0914910341, 0.0787578333, 2529.2500, 2395.8462, 765.4100, 19.4970
2025-12-02 01:04:55, 0.0442647299, 0.0553240399, 0.1154059990, 0.1252073474, 2863.0345, 2928.6897, 763.0500, 17.7485
2025-12-02 01:05:01, 0.0599500283, 0.0644303332, 0.0674996261, 0.0735544149, 2776.4545, 2653.5818, 763.1250, 18.4654
2025-12-02 01:05:07, 0.0633212622, 0.0671531553, 0.1221461730, 0.1343052807, 2815.9667, 2730.8167, 761.4850, 17.9955
2025-12-02 01:05:12, 0.0564286632, 0.0677631252, 0.0955340544, 0.0713749597, 2770.8525, 2581.0492, 762.2400, 18.5098
2025-12-02 01:05:18, 0.1114489583, 0.0998174156, 0.1566655689, 0.1066065681, 2830.3333, 2882.9298, 763.6000, 19.1914
2025-12-02 01:05:24, 0.0378705261, 0.0324317317, 0.1340109532, 0.1122551333, 2776.3636, 2813.1364, 763.0700, 18.7799
2025-12-02 01:05:29, 0.0766825133, 0.0651299896, 0.0944546355, 0.0732799091, 2550.4902, 2460.8039, 761.4300, 17.4461
2025-12-02 01:05:35, 0.0645052735, 0.0983208974, 0.0967577605, 0.1124628558, 2660.0000, 2705.3947, 766.5100, 18.0361
2025-12-02 01:05:41, 0.0909311796, 0.0835320946, 0.1080761375, 0.0891756670, 2726.6833, 2692.9667, 765.4950, 17.1924
2025-12-02 01:05:46, 0.0722499373, 0.0627547743, 0.1162251123, 0.1191949190, 2876.7460, 2858.4127, 762.1750, 19.1174
2025-12-02 01:05:52, 0.0887030615, 0.0951386010, 0.1466326915, 0.1835231577, 2771.7846, 2866.6308, 762.9750, 19.3392
2025-12-02 01:05:58, 0.0947709852, 0.1063204331, 0.1301972855, 0.0928039491, 2688.7222, 2702.2407, 764.5300, 16.8443
2025-12-02 01:06:04, 0.1376372585, 0.1006938602, 0.2130912604, 0.1919407306, 3030.4038, 2887.2885, 765.0450, 17.8903
2025-12-02 01:06:10, 0.1092836598, 0.1215994106, 0.0833610411, 0.0886245829, 2828.0000, 2823.6786, 764.5500, 18.4176
2025-12-02 01:06:16, 0.1050975003, 0.0802242216, 0.1071826860, 0.1032409185, 2796.1930, 2825.3158, 766.6450, 20.0429
2025-12-02 01:06:22, 0.1326492926, 0.1626495896, 0.0875979967, 0.0600051595, 2850.0204, 2838.7551, 768.5100, 20.5256
2025-12-02 01:06:27, 0.1095485902, 0.1337327378, 0.1393880920, 0.0915317352, 3160.7317, 3001.7561, 768.5400, 19.5012
2025-12-02 01:06:33, 0.1324898913, 0.0968636222, 0.1276859719, 0.1161087828, 2622.3182, 2680.0682, 766.5500, 18.4504
2025-12-02 01:06:39, 0.1033783221, 0.1074384584, 0.1264510999, 0.0761769182, 3054.5111, 2960.0667, 763.6800, 16.8169
2025-12-02 01:06:45, 0.0869667380, 0.0748350240, 0.0729803078, 0.0566496057, 2691.8333, 2636.3148, 766.8950, 18.0539
2025-12-02 01:06:50, 0.1119797111, 0.1061958055, 0.1034709187, 0.1087048137, 3004.0000, 2852.3548, 769.0200, 19.1044
2025-12-02 01:06:56, 0.0761999231, 0.0851862711, 0.0896938807, 0.0656926452, 3209.9767, 2989.8140, 766.7100, 18.2424
2025-12-02 01:07:02, 0.0917408898, 0.0826655259, 0.1970750581, 0.1593441983, 2960.1489, 2836.0426, 766.5900, 19.1769
2025-12-02 01:07:08, 0.0761676349, 0.0589936182, 0.2007540916, 0.1694415242, 3080.4423, 3156.4615, 766.9600, 19.1755
2025-12-02 01:07:14, 0.1257405754, 0.1003978477, 0.1142185509, 0.0824545309, 2782.9024, 2684.1220, 767.2150, 18.6630
2025-12-02 01:07:20, 0.1128126046, 0.1371807840, 0.1432387586, 0.1214429598, 2832.4098, 2823.9180, 767.5000, 16.8849
2025-12-02 01:07:25, 0.1162193155, 0.1495769943, 0.0788614414, 0.1033637998, 2803.4340, 2831.5849, 769.8100, 19.1187
2025-12-02 01:07:31, 0.0954943378, 0.1032711489, 0.1553713766, 0.1547048928, 2710.5778, 2829.5778, 770.8550, 18.9930
2025-12-02 01:07:37, 0.1051798781, 0.0883900622, 0.1618868471, 0.1489705379, 2652.6939, 2644.7755, 765.4600, 18.5334
2025-12-02 01:07:43, 0.1140366143, 0.1130664874, 0.1109371280, 0.1044861944, 2647.6042, 2710.2500, 764.7750, 19.7065
2025-12-02 01:07:49, 0.1091726545, 0.0848698777, 0.0781721970, 0.0960350152, 2719.8103, 2770.3621, 766.3400, 18.4427
2025-12-02 01:07:54, 0.0920220775, 0.0857769494, 0.1744652463, 0.1132081321, 2751.1800, 2658.6600, 766.5000, 18.3584
2025-12-02 01:08:00, 0.1506422816, 0.1067970679, 0.1146351636, 0.1007998593, 2874.8511, 2900.7021, 765.7100, 19.5943
2025-12-02 01:08:06, 0.0967686836, 0.0962611540, 0.0877071825, 0.0772090671, 2864.7826, 2815.1957, 767.8850, 17.1100
2025-12-02 01:08:12, 0.1698264959, 0.1264567435, 0.1039100894, 0.1016852468, 2983.6279, 2843.6512, 766.1100, 20.0037
2025-12-02 01:08:18, 0.1256505020, 0.1018037376, 0.1056609815, 0.0790991287, 2979.8462, 2941.9423, 764.9200, 16.5678
2025-12-02 01:08:24, 0.1529440335, 0.1301930276, 0.1423981006, 0.1458548758, 2740.4318, 2669.8636, 767.5100, 17.7339
2025-12-02 01:08:29, 0.1204288701, 0.1146909121, 0.1672396201, 0.1598389878, 2727.9535, 2704.5116, 769.6800, 20.2091
2025-12-02 01:08:35, 0.1239963667, 0.1132559911, 0.0875647905, 0.1064084802, 2827.1633, 2871.1837, 766.9600, 18.6745
2025-12-02 01:08:41, 0.1280625415, 0.1238889872, 0.1075559484, 0.1193215893, 2992.7963, 2977.8148, 769.0300, 20.3148
2025-12-02 01:08:47, 0.1379102309, 0.1183551994, 0.1027728503, 0.1407044462, 2621.4706, 2672.9804, 766.5450, 17.9735
2025-12-02 01:08:52, 0.0926119822, 0.1178187062, 0.0747837564, 0.0984774636, 2751.1321, 2839.4151, 768.5300, 18.2808
2025-12-02 01:08:58, 0.1454251407, 0.1658049546, 0.0970774713, 0.0738318198, 2940.9167, 2896.7083, 768.9350, 16.5789
2025-12-02 01:09:04, 0.1396492425, 0.1331447035, 0.1407803067, 0.1194769307, 2723.3200, 2638.4600, 761.0250, 16.8486
2025-12-02 01:09:10, 0.1427183945, 0.1158650141, 0.0954163168, 0.1090327441, 2830.2727, 2899.7818, 771.3900, 17.2264
2025-12-02 01:09:16, 0.1412935066, 0.1360137817, 0.0743447561, 0.0752370402, 2842.2424, 2863.1667, 767.6850, 16.8112
2025-12-02 01:09:23, 0.1514739964, 0.1330528684, 0.0699015353, 0.0639975379, 2837.6226, 2765.9623, 769.1100, 21.3665
2025-12-02 01:09:29, 0.1413606143, 0.1361583265, 0.1193841284, 0.0696259019, 2828.1136, 2881.4545, 760.7750, 17.4727
2025-12-02 01:09:34, 0.1466389463, 0.1531987287, 0.1234260573, 0.1129884914, 2869.1967, 2853.7541, 766.2050, 18.8548
2025-12-02 01:09:40, 0.1315046710, 0.0994170898, 0.1107755357, 0.1074598646, 2821.0943, 2820.7736, 768.5250, 17.2119
2025-12-02 01:09:46, 0.1072551566, 0.1147397296, 0.2232804814, 0.1198235161, 2953.1837, 2775.7755, 763.2450, 18.2355
2025-12-02 01:09:51, 0.1425907435, 0.1027017506, 0.1192794481, 0.1162860309, 2873.5763, 2889.4746, 764.3800, 18.0756
2025-12-02 01:09:57, 0.1013646873, 0.1276761488, 0.0720812705, 0.0806048270, 2954.9825, 2864.8596, 760.8000, 19.0644
2025-12-02 01:10:03, 0.1541347534, 0.1371872951, 0.2195558961, 0.1689818928, 2870.6122, 2765.0408, 764.6900, 18.6331
2025-12-02 01:10:08, 0.1820852047, 0.1279754985, 0.1205270909, 0.1185222298, 2714.3830, 2721.0213, 764.0350, 20.6362
2025-12-02 01:10:14, 0.1542911073, 0.1082535333, 0.0856278874, 0.0686772793, 2870.0566, 2794.1321, 761.9300, 16.2919
2025-12-02 01:10:20, 0.1489008406, 0.1464150219, 0.0837485263, 0.0836870594, 2786.4182, 2831.0909, 761.9200, 18.3189
2025-12-02 01:10:26, 0.1008102354, 0.1009188505, 0.1265980116, 0.1091073439, 2768.1795, 2650.5513, 760.3900, 18.6646
2025-12-02 01:10:31, 0.0835557774, 0.0813387844, 0.1272329724, 0.1242783389, 2690.7463, 2634.6866, 762.5400, 16.7361
2025-12-02 01:10:37, 0.1074863228, 0.0768191334, 0.0915305558, 0.1032432113, 2776.7907, 2661.4419, 759.2400, 19.0736
2025-12-02 01:10:43, 0.1116022349, 0.1075271929, 0.1720741572, 0.1651058332, 2527.9792, 2512.8958, 762.0650, 18.1276
2025-12-02 01:10:49, 0.1684212036, 0.1242597479, 0.1214613516, 0.1303159068, 2707.1364, 2658.0455, 764.6050, 17.3796
2025-12-02 01:10:54, 0.1176732249, 0.0884823700, 0.1181519227, 0.0779411927, 2574.8444, 2475.3778, 766.4950, 19.9148
2025-12-02 01:11:00, 0.1964106982, 0.0958604212, 0.2380045050, 0.1514605726, 2973.6735, 2848.5918, 762.7600, 17.8180
2025-12-02 01:11:06, 0.0841071152, 0.0597106854, 0.0983377265, 0.0761206686, 2974.1111, 2832.0123, 763.8200, 17.7659
2025-12-02 01:11:11, 0.0852132783, 0.0694364730, 0.1205052992, 0.1309081245, 2784.0200, 2772.9800, 764.0800, 17.5691
2025-12-02 01:11:17, 0.1052835312, 0.0991935030, 0.1000690792, 0.0875317784, 2881.5185, 2793.9259, 761.4200, 18.5422
2025-12-02 01:11:23, 0.1244818630, 0.1238823418, 0.0886516970, 0.1083082829, 2815.0392, 2850.2157, 762.8900, 17.6456
2025-12-02 01:11:29, 0.0769087974, 0.0680900500, 0.1247376654, 0.1114200576, 2923.2449, 2701.9184, 764.5800, 16.7682
2025-12-02 01:11:35, 0.0761748215, 0.0595037158, 0.1171929552, 0.1001616904, 2795.0377, 2827.3962, 763.3100, 16.9288
2025-12-02 01:11:41, 0.1034580823, 0.1130483838, 0.0886627247, 0.1040074348, 3020.6230, 2967.6230, 762.3750, 18.5063
2025-12-02 01:11:47, 0.0733391534, 0.0653787198, 0.1308220906, 0.1152724794, 2814.9153, 2755.7797, 760.8800, 17.0228
2025-12-02 01:11:52, 0.0698312193, 0.0822370264, 0.1005557812, 0.0934274001, 2816.9492, 2804.2034, 761.8900, 19.5135
2025-12-02 01:11:58, 0.0802673314, 0.1250003290, 0.0577247682, 0.0564100493, 3059.3590, 2974.3077, 762.1800, 17.1347
2025-12-02 01:12:04, 0.0795316178, 0.0711407969, 0.0851058647, 0.1193379649, 3046.1406, 2988.9844, 759.0250, 17.4755
2025-12-02 01:12:10, 0.0745111498, 0.0659581213, 0.1160039753, 0.0832913562, 2816.1228, 2759.8421, 757.8000, 17.0332
2025-12-02 01:12:15, 0.1244562913, 0.1098358663, 0.0740799048, 0.0688495147, 2563.3250, 2549.3000, 759.6500, 19.2249
2025-12-02 01:12:21, 0.0649155001, 0.0708773647, 0.0808849643, 0.0858734466, 2635.5385, 2629.8462, 763.9400, 17.0800
2025-12-02 01:12:27, 0.0802394471, 0.0865377991, 0.1491819765, 0.0959005323, 2871.4151, 2774.2075, 762.9300, 17.9094
2025-12-02 01:12:34, 0.1019396674, 0.1085902327, 0.0931305893, 0.0910400376, 3050.9259, 3030.9815, 763.3200, 17.6736
2025-12-02 01:12:40, 0.0890647335, 0.1071051740, 0.1058390432, 0.0623901409, 2763.4091, 2785.6364, 766.0900, 16.7643
2025-12-02 01:12:46, 0.1019838200, 0.0896086478, 0.0860600169, 0.0848537089, 2858.7778, 2861.5370, 764.0250, 18.5783
2025-12-02 01:12:52, 0.1814269843, 0.0942217710, 0.0920483446, 0.0868005716, 2741.1707, 2734.7805, 763.9050, 20.3238
2025-12-02 01:12:57, 0.1521773297, 0.1268698906, 0.1055782534, 0.0910158063, 2737.9661, 2721.1186, 765.4050, 18.8680
2025-12-02 01:13:03, 0.1283160432, 0.1120836910, 0.0892130949, 0.0894514103, 2824.8571, 2974.4762, 763.6800, 17.3069
2025-12-02 01:13:09, 0.1376163293, 0.1140742593, 0.1119621845, 0.0928876053, 2844.3684, 2805.2105, 762.4850, 17.9332
2025-12-02 01:13:14, 0.0827915576, 0.0926073789, 0.0792823003, 0.0687238364, 2605.0000, 2659.8060, 766.3000, 18.3063
2025-12-02 01:13:20, 0.0645705353, 0.0671986826, 0.0991845027, 0.1053553504, 2803.6066, 2681.3443, 761.8850, 18.2305
2025-12-02 01:13:26, 0.1155826685, 0.1072122343, 0.0783483767, 0.1033356302, 2802.3115, 2839.3279, 760.5800, 18.0445
2025-12-02 01:13:32, 0.1163207761, 0.0933148851, 0.1552661937, 0.1509860513, 2675.2759, 2685.8276, 762.2900, 19.4388
2025-12-02 01:13:37, 0.0431143207, 0.0414389726, 0.1318248568, 0.1174579093, 2831.5172, 2705.1034, 760.9400, 17.3117
2025-12-02 01:13:43, 0.0517681955, 0.0475177986, 0.1224091486, 0.1084618677, 2625.2537, 2620.6716, 763.5150, 17.1181
2025-12-02 01:13:49, 0.0448029487, 0.0472322106, 0.2460816343, 0.2140010182, 3044.0735, 2874.8529, 763.5000, 17.2081
2025-12-02 01:13:55, 0.0598510260, 0.0611346975, 0.0781355653, 0.0686613867, 2859.2586, 2942.9483, 758.4900, 18.4959
2025-12-02 01:14:00, 0.0889848153, 0.0773951701, 0.1415833854, 0.1293412645, 2736.2683, 2647.9268, 760.8600, 17.5494
2025-12-02 01:14:06, 0.0966240252, 0.1059566001, 0.1018195807, 0.0913078889, 2992.8043, 2973.8913, 766.8650, 16.9554
2025-12-02 01:14:12, 0.1543279262, 0.1401703018, 0.0869080416, 0.1099008261, 2548.9111, 2551.5333, 760.1200, 18.1534
2025-12-02 01:14:18, 0.0986507971, 0.1036782732, 0.0950039582, 0.0619180443, 2580.4286, 2598.9107, 762.6050, 18.8002
2025-12-02 01:14:23, 0.0968440088, 0.0978710816, 0.1377635831, 0.1440311358, 2802.7609, 2787.7391, 762.6100, 18.4631
2025-12-02 01:14:29, 0.1166226761, 0.1025573004, 0.1062043069, 0.1007681653, 2966.9592, 2883.8163, 764.4950, 18.5078
2025-12-02 01:14:35, 0.1241578345, 0.1186962548, 0.0715879600, 0.0809456957, 2695.9194, 2713.8710, 766.9700, 17.2302
2025-12-02 01:14:41, 0.1169142018, 0.1250452604, 0.0856556465, 0.1039976670, 2889.0600, 2931.6400, 764.6000, 17.4983
2025-12-02 01:14:47, 0.1284518170, 0.1118152459, 0.1139926854, 0.1377024210, 2676.2174, 2718.6522, 765.5250, 16.4942
2025-12-02 01:14:53, 0.1053386295, 0.1003703580, 0.1736195695, 0.1528017249, 2874.6154, 2883.7115, 770.4750, 18.1728
2025-12-02 01:14:58, 0.1354489988, 0.1032859851, 0.1567387172, 0.1662996737, 2629.3721, 2581.5814, 769.6800, 19.2158
2025-12-02 01:15:04, 0.0859700598, 0.0904003999, 0.1691943858, 0.1467368096, 2663.8542, 2625.7500, 770.0350, 19.0928
2025-12-02 01:15:10, 0.1038341157, 0.0971892866, 0.1450048936, 0.1547092813, 2871.1406, 2837.9531, 767.9400, 16.7238
2025-12-02 01:15:16, 0.1184833594, 0.1311081868, 0.1243475118, 0.1231617960, 2622.5538, 2641.9846, 764.3100, 18.0489
2025-12-02 01:15:22, 0.1175295239, 0.0868616508, 0.1100957982, 0.1068431133, 2796.0930, 2814.0930, 767.0450, 16.2432
2025-12-02 01:15:27, 0.1036613802, 0.1141468531, 0.0573078532, 0.0673369549, 2874.0000, 2924.9254, 762.1650, 18.4972
2025-12-02 01:15:33, 0.1214417278, 0.1224358674, 0.0705868004, 0.0889585946, 2647.3966, 2591.5345, 762.9800, 17.2456
2025-12-02 01:15:39, 0.1124482857, 0.1142062127, 0.1251620977, 0.1129726987, 2965.5135, 2946.4865, 765.4950, 18.4293
2025-12-02 01:15:45, 0.1995542787, 0.1548296806, 0.1326464462, 0.0910131325, 2857.9600, 2829.1000, 761.9700, 19.3742
2025-12-02 01:15:51, 0.1518656664, 0.1310191590, 0.1298481733, 0.0970334866, 2629.2093, 2544.9535, 763.9000, 18.7792
2025-12-02 01:15:56, 0.1112859500, 0.0885291690, 0.0877096710, 0.0744951934, 2785.3333, 2731.7556, 763.6800, 18.7456
2025-12-02 01:16:02, 0.1084980043, 0.1230541959, 0.1626904877, 0.1674548653, 2756.8182, 2886.5000, 764.1550, 17.8337
2025-12-02 01:16:08, 0.1108072461, 0.1142723392, 0.1214835348, 0.1558417325, 2945.7969, 2919.7656, 764.6250, 18.0159
2025-12-02 01:16:14, 0.2004239582, 0.1485205150, 0.1167807909, 0.0891421701, 2750.8704, 2816.1667, 764.5150, 17.0640
2025-12-02 01:16:19, 0.1550453821, 0.1483957654, 0.1545110326, 0.1252086062, 2974.2745, 2953.7255, 765.9300, 17.7253
2025-12-02 01:16:25, 0.1043234859, 0.0983582596, 0.1063343687, 0.1054110714, 2809.8966, 2845.5862, 762.9950, 18.1570
2025-12-02 01:16:31, 0.0965871769, 0.0972063212, 0.1420674884, 0.1145529619, 2799.0000, 2827.8367, 765.2850, 16.4217
2025-12-02 01:16:37, 0.0890281639, 0.0777350677, 0.1479439792, 0.1165332604, 2843.6957, 2789.5652, 763.1550, 18.8714
2025-12-02 01:16:42, 0.1054930329, 0.0999852593, 0.1106791478, 0.1058622309, 2689.6000, 2604.5333, 761.8400, 17.4357
2025-12-02 01:16:48, 0.0615307207, 0.0690154112, 0.0791326986, 0.1002283242, 2505.7174, 2621.8696, 758.2650, 18.0282
2025-12-02 01:16:54, 0.0791577351, 0.0588201334, 0.0855962051, 0.0752299893, 2781.0806, 2811.7419, 760.0150, 17.8909
2025-12-02 01:17:00, 0.0965987700, 0.0763309058, 0.1369021393, 0.0934588027, 2742.9184, 2665.6531, 762.5650, 19.1234
2025-12-02 01:17:05, 0.1018096886, 0.1024210037, 0.1265698808, 0.1052798525, 3211.9302, 3110.0930, 759.4950, 17.5957
2025-12-02 01:17:11, 0.1199254397, 0.1028302199, 0.0860634443, 0.0661405791, 2644.6522, 2667.8913, 763.6300, 18.5106
2025-12-02 01:17:17, 0.1134389787, 0.1027747691, 0.1042668236, 0.1127701993, 2718.9649, 2697.7895, 762.2700, 19.2400
2025-12-02 01:17:23, 0.0977299192, 0.1294253693, 0.0965053291, 0.1031701306, 3004.6066, 2948.7049, 763.1450, 16.9801
2025-12-02 01:17:28, 0.1209638418, 0.1048613336, 0.0793400389, 0.0976952845, 2849.6604, 2889.5094, 762.2400, 17.2297
2025-12-02 01:17:34, 0.0861508766, 0.0808441871, 0.1956223644, 0.1271177139, 2849.0909, 2849.0364, 764.5400, 18.6727
2025-12-02 01:17:40, 0.1149811867, 0.0782514985, 0.1069723829, 0.0964539443, 2853.6000, 2737.2800, 759.8750, 17.8762
2025-12-02 01:17:46, 0.0956478207, 0.1124006285, 0.0883923738, 0.1072519627, 2729.3621, 2683.0517, 759.4700, 18.2803
2025-12-02 01:17:52, 0.1308754467, 0.1102236479, 0.0904357781, 0.0928687089, 2900.1277, 2894.4043, 763.9450, 18.9302
2025-12-02 01:17:58, 0.0684107661, 0.0790368376, 0.1194973811, 0.0923281894, 2934.9020, 2906.9412, 765.4000, 18.4619
2025-12-02 01:18:04, 0.1422063864, 0.1092615012, 0.1066249321, 0.0822131192, 2736.4167, 2686.4792, 765.1150, 16.7201
2025-12-02 01:18:09, 0.1038232716, 0.0961598691, 0.0948788837, 0.0970298473, 3162.9697, 3153.9697, 764.6750, 19.1956
2025-12-02 01:18:15, 0.1160310193, 0.0827107979, 0.0996792754, 0.1113803612, 2789.4884, 2964.0698, 765.8500, 16.8993
2025-12-02 01:18:21, 0.1185337514, 0.1109897099, 0.0500995041, 0.0488004647, 2760.5273, 2698.4000, 764.3850, 17.5900
2025-12-02 01:18:26, 0.2020200473, 0.1367761123, 0.0871173263, 0.0675045285, 2946.8000, 2906.0889, 765.4900, 16.7932
2025-12-02 01:18:32, 0.1051675381, 0.1367082055, 0.0570143243, 0.0660628245, 2806.3958, 2869.8333, 765.6350, 19.5433
2025-12-02 01:18:38, 0.0439102445, 0.0409386328, 0.0795468302, 0.0830772018, 2680.9216, 2572.6863, 768.4100, 19.1027
2025-12-02 01:18:44, 0.0740407429, 0.0468659057, 0.0950008445, 0.0981595208, 2901.9508, 2834.1967, 764.9450, 17.8469
2025-12-02 01:18:50, 0.0930329027, 0.0955144296, 0.0892927283, 0.0714050081, 3001.9333, 2899.3556, 765.9450, 18.6462
2025-12-02 01:18:56, 0.0779423163, 0.0614928361, 0.0766996001, 0.0712123884, 2855.9074, 2825.6111, 764.8600, 18.0003
2025-12-02 01:19:02, 0.1399334565, 0.1034671027, 0.1367332319, 0.1338682119, 2708.8824, 2676.9020, 766.5150, 19.2627
2025-12-02 01:19:07, 0.0788518089, 0.0821702725, 0.0829289772, 0.0777331988, 2841.9423, 2765.3269, 768.4900, 18.5847
2025-12-02 01:19:13, 0.0877390915, 0.0610844262, 0.0727822971, 0.0841878154, 2919.0392, 2807.2941, 766.1700, 17.5431
2025-12-02 01:19:19, 0.1195591758, 0.0716711129, 0.1092865908, 0.1043556357, 2942.4211, 2980.5088, 767.2050, 17.1690
2025-12-02 01:19:25, 0.0887628805, 0.0886395986, 0.1173269348, 0.0829229619, 3027.6000, 3020.0889, 764.1400, 18.9473
2025-12-02 01:19:30, 0.0855841594, 0.0766861346, 0.1011029310, 0.1053688286, 3069.1356, 3013.2712, 764.4150, 15.4435
2025-12-02 01:19:36, 0.1073733760, 0.1047378328, 0.0942864687, 0.0891278118, 2878.1967, 2921.2787, 765.5150, 18.8658
2025-12-02 01:19:42, 0.0860670112, 0.0838633119, 0.0905398852, 0.0928399915, 2761.0385, 2775.8269, 764.3600, 17.5180
2025-12-02 01:19:47, 0.0861775428, 0.0677333300, 0.0599812757, 0.0583476307, 2655.5769, 2551.1538, 763.4900, 17.3764
2025-12-02 01:19:53, 0.0686830165, 0.0768395650, 0.0925774163, 0.0844902317, 2984.5283, 2997.6038, 763.9700, 18.9026
2025-12-02 01:19:59, 0.0539749321, 0.0528381568, 0.0830465849, 0.0960175106, 2726.9846, 2711.2154, 763.3950, 19.5264
2025-12-02 01:20:05, 0.0663785802, 0.0512143525, 0.0831726773, 0.0844420018, 2800.9062, 2705.9531, 758.7750, 17.7385
2025-12-02 01:20:11, 0.0856780790, 0.1020165214, 0.0933371446, 0.1156040910, 3029.7619, 3127.8571, 762.0500, 18.8700
2025-12-02 01:20:16, 0.0808777660, 0.0806855484, 0.1000888941, 0.0945507973, 2633.4706, 2646.3529, 758.9450, 17.6480
2025-12-02 01:20:22, 0.0726583722, 0.0620923213, 0.1575880836, 0.1241789704, 3062.5660, 3072.6415, 759.9350, 17.1430
2025-12-02 01:20:28, 0.0918865875, 0.0824710497, 0.1014405092, 0.0735597768, 2795.7627, 2803.9492, 760.8500, 19.0157
2025-12-02 01:20:33, 0.0793741376, 0.0692799820, 0.1201654049, 0.0844427133, 2959.1538, 2732.8077, 757.8550, 18.3838
2025-12-02 01:20:39, 0.0655580496, 0.0808677530, 0.1473684379, 0.0889981885, 2796.2353, 2708.8676, 758.9600, 18.3970
2025-12-02 01:20:45, 0.0852375139, 0.0915666124, 0.0837377259, 0.0989914197, 2661.4151, 2785.6792, 759.7600, 17.2036
2025-12-02 01:20:50, 0.0745969468, 0.0526295919, 0.0891335837, 0.0661097184, 2687.3830, 2542.8936, 760.0550, 19.2617
2025-12-02 01:20:56, 0.0665024706, 0.0478253654, 0.1070117220, 0.0963880523, 3009.2830, 2937.6792, 756.3700, 20.1570
2025-12-02 01:21:02, 0.0856110419, 0.1086883079, 0.0814166705, 0.0736164018, 2804.6949, 2762.4576, 761.1750, 17.8951
2025-12-02 01:21:08, 0.0648192200, 0.0860971561, 0.0998598490, 0.0868063034, 2841.2857, 2808.5893, 759.0950, 17.2964
2025-12-02 01:21:14, 0.0533931533, 0.0572795245, 0.0820777282, 0.0847304436, 3013.6981, 2995.8491, 761.0500, 16.8035
2025-12-02 01:21:19, 0.0674448557, 0.0644637605, 0.0858620935, 0.0839444365, 2696.9464, 2636.7500, 760.4950, 18.6215
2025-12-02 01:21:25, 0.0770932260, 0.0674367894, 0.1207334029, 0.1329491966, 2893.9167, 2920.6500, 760.6550, 19.0758
2025-12-02 01:21:31, 0.1016850945, 0.1092997107, 0.0871446691, 0.0972071854, 2728.2333, 2720.5167, 760.3000, 16.6138
2025-12-02 01:21:37, 0.0838619917, 0.0814354987, 0.1193150946, 0.1057516145, 2874.4677, 2882.7903, 760.3450, 17.5147
2025-12-02 01:21:42, 0.0874534626, 0.0885090049, 0.1723399731, 0.1347424143, 2751.8667, 2756.6222, 760.0650, 18.4630
2025-12-02 01:21:48, 0.0805397454, 0.0765839005, 0.1205231372, 0.1243699459, 2839.3958, 2750.6875, 760.2700, 18.6399
2025-12-02 01:21:54, 0.0867919698, 0.0814151071, 0.1300920375, 0.1399002174, 2901.2154, 2955.4462, 762.6850, 21.1666
2025-12-02 01:21:59, 0.0994901654, 0.1031866808, 0.1321248899, 0.1056314314, 3139.6222, 3093.9778, 763.3200, 20.3622
2025-12-02 01:22:05, 0.1196063572, 0.1111954122, 0.1320801233, 0.1030852661, 3020.6981, 2976.7547, 763.8200, 18.3586
2025-12-02 01:22:11, 0.1181996600, 0.1257964114, 0.1047609976, 0.0894234524, 2889.8772, 2850.3333, 762.1350, 20.9329
2025-12-02 01:22:17, 0.0747036364, 0.1043124783, 0.1235564170, 0.1335139287, 2640.7273, 2615.6909, 762.5550, 20.9351
2025-12-02 01:22:22, 0.0797706675, 0.0909125906, 0.0811494207, 0.0761122650, 2899.6780, 2888.0000, 762.7500, 21.8151
2025-12-02 01:22:28, 0.0926723602, 0.0777054799, 0.1063370850, 0.0990849691, 2718.5179, 2708.3571, 762.2950, 21.2179
2025-12-02 01:22:34, 0.1563882411, 0.1163428525, 0.0809741122, 0.0813509615, 2923.4400, 2804.9400, 764.0950, 19.3842
2025-12-02 01:22:40, 0.1145489930, 0.0886862880, 0.0929915573, 0.0870996969, 2867.4516, 2959.7097, 760.8650, 18.8161
2025-12-02 01:22:46, 0.2425383251, 0.1396163642, 0.0987135853, 0.0995369145, 2849.7619, 2816.8889, 760.3600, 19.6926
2025-12-02 01:22:51, 0.1294708256, 0.0939267134, 0.0800947904, 0.0925189318, 2783.8039, 2890.3333, 761.4800, 18.9399
2025-12-02 01:22:57, 0.1277233969, 0.1155456862, 0.1285342615, 0.1079319112, 2834.7586, 2947.5345, 761.7300, 19.8315
2025-12-02 01:23:03, 0.1118626780, 0.1088121237, 0.1084587459, 0.0872042832, 2874.3256, 2906.5814, 762.5800, 19.6516
2025-12-02 01:23:09, 0.1317533579, 0.1200158598, 0.0810551433, 0.0542449768, 2910.8868, 2688.5094, 761.8700, 16.7324
2025-12-02 01:23:15, 0.1227682796, 0.1093765671, 0.1127207684, 0.1033709780, 2787.6053, 2784.9474, 759.7700, 17.0548
2025-12-02 01:23:20, 0.1764531075, 0.1179017522, 0.0805459272, 0.1113989891, 2918.3333, 2873.8148, 760.7700, 18.3406
2025-12-02 01:23:26, 0.0986208833, 0.0791097858, 0.1125389169, 0.0887007101, 2879.8431, 2730.3333, 762.3700, 17.1789
2025-12-02 01:23:32, 0.1017849967, 0.1074123047, 0.0862939673, 0.0837361513, 2994.3692, 2864.0000, 764.5400, 17.9156
2025-12-02 01:23:38, 0.0839826439, 0.0983870709, 0.0648626861, 0.0762411040, 2959.6207, 2850.6207, 766.4200, 17.9456
2025-12-02 01:23:43, 0.1049532154, 0.1144043983, 0.0901392852, 0.0801307760, 2879.5283, 2832.1321, 768.3800, 19.6801
2025-12-02 01:23:49, 0.0923456643, 0.1070144254, 0.0715252831, 0.0614316926, 2841.1404, 2859.6491, 770.6350, 18.3886
2025-12-02 01:23:55, 0.1222591854, 0.0817282771, 0.0671619680, 0.0688807061, 2747.0408, 2769.6327, 764.7950, 17.1144
2025-12-02 01:24:00, 0.1042519654, 0.1060321903, 0.1713167142, 0.1627310630, 2748.5088, 2774.5965, 767.0950, 17.7785
2025-12-02 01:24:06, 0.1293051683, 0.1050386977, 0.0508324108, 0.0568880046, 2761.5652, 2689.6304, 766.5050, 21.4569
2025-12-02 01:24:12, 0.1031348457, 0.0766149294, 0.1031552883, 0.0659314875, 2879.1463, 2712.3415, 767.8350, 21.7225
2025-12-02 01:24:18, 0.0656061838, 0.0642134712, 0.0675097185, 0.0779038443, 2719.8182, 2642.1273, 767.1600, 21.8736
2025-12-02 01:24:24, 0.0558598415, 0.0618518606, 0.1065609678, 0.1344552858, 2751.2553, 2698.5745, 767.2400, 19.7599
2025-12-02 01:24:30, 0.1233568294, 0.1188509081, 0.1107516212, 0.0913585625, 2889.6491, 2773.2982, 767.8300, 19.4165
2025-12-02 01:24:35, 0.1080994906, 0.0946752306, 0.1259602207, 0.1193926250, 2921.4237, 3015.3390, 771.0400, 21.4366
2025-12-02 01:24:41, 0.1312690479, 0.1107190513, 0.0935433579, 0.0892572804, 3107.1837, 3031.4286, 768.9000, 22.6802
2025-12-02 01:24:47, 0.1186350865, 0.1104084936, 0.0850020861, 0.0931734113, 2846.4318, 2819.8182, 770.3450, 20.7149
2025-12-02 01:24:53, 0.1100255722, 0.1006749748, 0.0802830762, 0.0829698016, 3015.7755, 2927.2857, 767.0150, 19.5618
2025-12-02 01:24:59, 0.1163479141, 0.1190922183, 0.0668552250, 0.0584140347, 2711.8750, 2825.0893, 770.0500, 20.4885
2025-12-02 01:25:05, 0.1016141385, 0.1591485533, 0.1271242552, 0.1014575363, 2653.5814, 2598.4651, 771.0950, 21.4599
2025-12-02 01:25:11, 0.0886570203, 0.1022464430, 0.0672366302, 0.0613064401, 2850.1786, 2800.2143, 766.0550, 18.3606
2025-12-02 01:25:17, 0.1498536900, 0.1079078067, 0.0901618376, 0.0872706710, 2879.3148, 2751.1852, 772.3850, 20.9379
2025-12-02 01:25:23, 0.1330864473, 0.1283533465, 0.1252029557, 0.1056713341, 2911.1250, 2901.8571, 769.4250, 20.1991
2025-12-02 01:25:28, 0.1015462927, 0.1076281784, 0.0784760473, 0.1001896147, 2674.8704, 2725.4074, 771.0550, 21.6044
2025-12-02 01:25:34, 0.1319787778, 0.1439285817, 0.1231645188, 0.0997002041, 2916.3953, 2794.5581, 770.9750, 20.0453
2025-12-02 01:25:40, 0.0768690882, 0.0724993437, 0.0927236443, 0.0834794414, 2910.2800, 2916.3400, 763.4400, 19.9213
2025-12-02 01:25:45, 0.0741243636, 0.0802230040, 0.0814297745, 0.0673381881, 2896.2182, 2788.4000, 765.9650, 19.7817
2025-12-02 01:25:51, 0.0677948404, 0.0639144411, 0.1015718717, 0.0981517775, 3058.1607, 3053.5179, 762.9750, 18.6776
2025-12-02 01:25:57, 0.1374775962, 0.0990726024, 0.1070883453, 0.0865950374, 2849.2105, 2870.0351, 764.1450, 19.6131
2025-12-02 01:26:03, 0.0691923905, 0.0799622341, 0.1061692991, 0.0875793038, 2812.6500, 2799.1500, 761.4850, 18.7563
2025-12-02 01:26:08, 0.1167164037, 0.1071421808, 0.0839769507, 0.0807156880, 2915.4808, 2771.7885, 763.7900, 17.6677
2025-12-02 01:26:14, 0.1079648198, 0.1383524471, 0.0800524591, 0.0787388155, 2692.4364, 2717.8000, 762.6900, 18.2594
2025-12-02 01:26:20, 0.0921757036, 0.1194084303, 0.0937910966, 0.0994305445, 2743.0423, 2796.1127, 763.0500, 19.5854
2025-12-02 01:26:26, 0.0780650272, 0.0758467026, 0.0766113631, 0.0709060997, 2780.2045, 2714.0909, 763.7950, 17.7390
2025-12-02 01:26:32, 0.2526365721, 0.1084331051, 0.0955904588, 0.0821798964, 2797.5455, 2690.3864, 763.0650, 17.5608
2025-12-02 01:26:37, 0.1449100809, 0.1388635120, 0.0718513026, 0.0495399466, 2572.8000, 2587.4667, 763.0950, 17.9002
2025-12-02 01:26:43, 0.1195021754, 0.1342992390, 0.0856392838, 0.0659801562, 2780.0656, 2730.9344, 759.0250, 17.2889
2025-12-02 01:26:49, 0.1020205171, 0.0941127719, 0.1170374997, 0.1213908832, 2738.9074, 2727.4444, 760.7100, 17.6041
2025-12-02 01:26:54, 0.1321342441, 0.1156796903, 0.0763142963, 0.0467581443, 2868.8727, 2733.4364, 765.2300, 17.0999
2025-12-02 01:27:00, 0.1273670112, 0.0793660283, 0.0746836146, 0.0645657183, 2853.7500, 2831.7885, 759.7700, 17.6345
2025-12-02 01:27:06, 0.0658809590, 0.0699722711, 0.0507608491, 0.0789830511, 2854.2167, 2680.1833, 761.4850, 17.5511
2025-12-02 01:27:12, 0.0602196105, 0.0551023481, 0.0748577505, 0.0593109301, 2737.5818, 2611.5091, 763.7750, 17.1734
2025-12-02 01:27:18, 0.0980845330, 0.0869162603, 0.0559605845, 0.0487946486, 2839.9796, 2758.3469, 755.5750, 17.2932
2025-12-02 01:27:24, 0.0785165909, 0.0912712389, 0.0493817196, 0.0504577992, 3006.9344, 2929.6721, 760.8250, 16.7939
2025-12-02 01:27:30, 0.0478359633, 0.0507574109, 0.1065103600, 0.0777830355, 2903.4386, 2775.9474, 761.1950, 17.5991
2025-12-02 01:27:36, 0.0868212195, 0.0809385122, 0.0717536428, 0.0675668438, 2847.2000, 2854.7111, 760.1450, 16.7438
2025-12-02 01:27:41, 0.1051925985, 0.0966893493, 0.0559766284, 0.0707349828, 2849.2500, 2817.2500, 759.3550, 17.4556
2025-12-02 01:27:47, 0.0519046082, 0.0404907610, 0.0661815583, 0.0882675283, 2849.9394, 2841.5606, 760.9250, 18.9852
2025-12-02 01:27:53, 0.0788566226, 0.0883081720, 0.0706839265, 0.0848742400, 2691.6923, 2710.5385, 759.1800, 17.8316
2025-12-02 01:27:59, 0.1247398179, 0.1100235720, 0.0594180667, 0.0539005023, 2768.6724, 2805.3621, 757.8950, 18.0763
2025-12-02 01:28:04, 0.1474697238, 0.0882601814, 0.0722675094, 0.0725143080, 2904.7500, 2893.0500, 758.2900, 16.9640
2025-12-02 01:28:10, 0.1547358785, 0.1265831932, 0.0533876680, 0.0571547848, 2888.6207, 2901.3621, 759.9200, 18.0032
2025-12-02 01:28:16, 0.1000534996, 0.0849176032, 0.0903832889, 0.0914967657, 2967.9796, 2916.0000, 758.9650, 17.6220
2025-12-02 01:28:21, 0.1611569499, 0.1287508090, 0.1532127334, 0.1026460678, 2895.3934, 2795.1311, 766.8600, 19.4541
2025-12-02 01:28:27, 0.0525588079, 0.0679614367, 0.0753082555, 0.0648135972, 2987.6429, 2893.5536, 757.5400, 18.8279
2025-12-02 01:28:33, 0.0919266322, 0.0830707927, 0.0543734490, 0.0482672486, 2904.1579, 2850.8070, 758.9950, 19.8122
2025-12-02 01:28:39, 0.0986840703, 0.0836798729, 0.0785060519, 0.1041419552, 2965.8696, 2974.3043, 760.4600, 17.1277
2025-12-02 01:28:45, 0.0844719794, 0.0758174889, 0.1009908691, 0.1057000124, 3043.5082, 2924.1148, 764.5950, 17.2230
2025-12-02 01:28:50, 0.0579678506, 0.0484671644, 0.0902691167, 0.0892844508, 2805.7391, 2698.3913, 759.5400, 17.3971
2025-12-02 01:28:56, 0.0290875939, 0.0318470902, 0.0801517861, 0.0760706376, 2805.4268, 2682.5976, 760.0250, 19.7090
2025-12-02 01:29:02, 0.0387984315, 0.0435502136, 0.0622008962, 0.0470897190, 2837.3571, 2530.3714, 758.8200, 16.9743
2025-12-02 01:29:08, 0.0547351574, 0.0671737098, 0.0542092277, 0.0479157586, 2686.9103, 2678.3077, 762.8600, 19.7573
2025-12-02 01:29:14, 0.0409617546, 0.0392335783, 0.0618797279, 0.0817040863, 2930.7424, 2727.6667, 759.3350, 17.9076
2025-12-02 01:29:19, 0.0460002807, 0.0448730709, 0.0342323873, 0.0505298887, 2894.5467, 2676.9867, 762.9900, 17.9424
2025-12-02 01:29:25, 0.0475667953, 0.0498719745, 0.1048668536, 0.0731807241, 2778.0312, 2619.7031, 760.1850, 18.4030
2025-12-02 01:29:31, 0.0867675715, 0.0878364889, 0.0899123299, 0.0722263066, 2841.8113, 2756.2453, 757.4300, 19.1861
2025-12-02 01:29:37, 0.0813297987, 0.0955509783, 0.0625242828, 0.0630479917, 2899.6111, 2777.1481, 757.1200, 17.2507
2025-12-02 01:29:43, 0.0512895411, 0.0515113246, 0.1364449626, 0.1091814473, 2774.2857, 2687.7551, 760.4150, 19.6721
2025-12-02 01:29:48, 0.0767361554, 0.0764738003, 0.0457446277, 0.0691212873, 2970.7857, 2975.2321, 759.7200, 16.5016
2025-12-02 01:29:54, 0.0564509361, 0.0494221690, 0.0870880715, 0.0761680048, 2931.7333, 2716.4167, 762.3950, 18.5448
2025-12-02 01:30:00, 0.0477295645, 0.0648327883, 0.1034652799, 0.0849226578, 2929.9062, 2799.9062, 757.1350, 17.6629
2025-12-02 01:30:06, 0.0464254806, 0.0607844201, 0.0784249383, 0.0986943500, 2795.7321, 2668.4286, 764.5600, 19.5746
2025-12-02 01:30:12, 0.0840987038, 0.0866393253, 0.0925482263, 0.1146007733, 3039.3559, 3064.2542, 761.6250, 18.4812
2025-12-02 01:30:18, 0.0671823413, 0.0788454461, 0.0817294780, 0.0618044522, 2659.1346, 2680.3269, 759.5850, 17.7125
2025-12-02 01:30:23, 0.0602128338, 0.0705900222, 0.0732221835, 0.0759854808, 2665.8136, 2604.4237, 759.8350, 18.2200
2025-12-02 01:30:29, 0.0672094328, 0.0657816060, 0.0766587146, 0.0945860863, 2600.8000, 2492.9500, 766.2750, 18.8595
2025-12-02 01:30:35, 0.0533171615, 0.0592433902, 0.1146940676, 0.0910890782, 3021.8462, 2918.0385, 767.5200, 19.8197
2025-12-02 01:30:41, 0.0738460918, 0.0735480306, 0.1135715395, 0.1214361553, 2959.8750, 2946.1429, 766.2150, 19.5369
2025-12-02 01:30:46, 0.0956824266, 0.0949395158, 0.1145308564, 0.0709038066, 2775.8491, 2736.9811, 766.6950, 19.3614
2025-12-02 01:30:52, 0.1998071118, 0.1172732744, 0.1705110629, 0.1596493760, 2817.3421, 2758.8947, 771.1450, 20.1416
2025-12-02 01:30:58, 0.0929963695, 0.0817446307, 0.0980956922, 0.1018086457, 2754.2143, 2806.4821, 766.2450, 20.2770
2025-12-02 01:31:03, 0.0839471444, 0.0699887741, 0.1117071995, 0.1241301972, 2872.7857, 2821.3571, 764.8450, 18.2395
2025-12-02 01:31:09, 0.1290418533, 0.1026508970, 0.0736051689, 0.0458425371, 2869.4615, 2873.9615, 766.4800, 19.2369
2025-12-02 01:31:15, 0.1177358736, 0.1048858579, 0.1224234720, 0.1070768805, 2883.4444, 2915.3556, 763.0750, 19.2567
2025-12-02 01:31:21, 0.0516125132, 0.0482520156, 0.0863931172, 0.0830458356, 3004.7119, 2972.6610, 764.5800, 19.8968
2025-12-02 01:31:27, 0.0416425286, 0.0380544496, 0.0830941702, 0.1032149608, 3000.4576, 2939.2712, 767.6400, 21.2955
2025-12-02 01:31:33, 0.0779578058, 0.0631459288, 0.1076381263, 0.1028154796, 3106.9074, 2980.3889, 763.1600, 20.8414
2025-12-02 01:31:39, 0.0497046243, 0.0552138823, 0.0837473990, 0.0663512986, 2883.3235, 2867.2647, 765.9900, 19.7368
2025-12-02 01:31:45, 0.0699917350, 0.0731555344, 0.0886739235, 0.0701416826, 2741.0196, 2703.6667, 763.8000, 19.1591
2025-12-02 01:31:50, 0.0581433917, 0.0566453494, 0.1100816399, 0.0797915231, 2684.3944, 2521.7042, 763.1650, 19.6491
2025-12-02 01:31:56, 0.0925705479, 0.0834793989, 0.0655345345, 0.0580392481, 2858.0800, 2741.5600, 756.6400, 17.0106
2025-12-02 01:32:02, 0.0593424035, 0.0539075269, 0.0729292042, 0.0874468351, 2785.1346, 2769.1154, 756.3200, 17.3602
2025-12-02 01:32:07, 0.0765699006, 0.0777412732, 0.1630218502, 0.1542945653, 3233.0000, 3051.6032, 758.6600, 17.4830
2025-12-02 01:32:13, 0.0815694575, 0.0835453514, 0.0864620976, 0.0895282353, 2840.4286, 2894.4694, 756.5650, 15.7818
2025-12-02 01:32:19, 0.1349751079, 0.1261614376, 0.0869902861, 0.1059529271, 2874.5806, 2750.4194, 756.6350, 15.3812
2025-12-02 01:32:25, 0.1301752104, 0.1198925376, 0.0644949744, 0.0554042636, 2601.6140, 2489.9474, 756.0550, 16.6268
2025-12-02 01:32:31, 0.1144270967, 0.1017952923, 0.1021672397, 0.1145278440, 2681.4746, 2687.5424, 757.7300, 18.4997
2025-12-02 01:32:36, 0.0369412076, 0.0409296591, 0.0984558937, 0.0930024595, 2764.9143, 2590.6857, 755.7550, 17.2776
2025-12-02 01:32:42, 0.0787041783, 0.0622015204, 0.1350038444, 0.1237816003, 2936.2373, 2885.8305, 756.8300, 17.1488
2025-12-02 01:32:48, 0.0452392658, 0.0540130999, 0.0582369575, 0.0461692371, 2890.8095, 2780.0635, 759.9150, 19.0997
2025-12-02 01:32:54, 0.0750267716, 0.0720088102, 0.1199851605, 0.0782734357, 2928.5556, 2728.6481, 758.9800, 17.2627
2025-12-02 01:32:59, 0.0612490355, 0.0496111900, 0.0894668420, 0.0947506978, 2773.4627, 2754.1642, 759.1650, 18.3002
2025-12-02 01:33:05, 0.0468947472, 0.0350474570, 0.1145691489, 0.1210500734, 2761.0339, 2712.3729, 760.7750, 19.5024
2025-12-02 01:33:11, 0.0764228803, 0.0721132267, 0.0569586607, 0.0626551096, 2831.5738, 2842.1639, 760.3300, 17.6867
2025-12-02 01:33:17, 0.0576564137, 0.0500075558, 0.1010848059, 0.0871936887, 2627.7941, 2602.6324, 760.9550, 19.4073
2025-12-02 01:33:22, 0.1109978512, 0.1142458076, 0.0887389790, 0.0762591875, 2750.7966, 2737.2881, 763.9150, 17.8776
2025-12-02 01:33:28, 0.0626468097, 0.0704227166, 0.0776326435, 0.0679941205, 2460.2727, 2451.2500, 756.9450, 17.4649
2025-12-02 01:33:34, 0.1561357142, 0.1166315738, 0.0562614071, 0.0602327598, 2860.0400, 2885.6000, 763.7500, 17.9206
2025-12-02 01:33:40, 0.1469647838, 0.1356981220, 0.1295101530, 0.1007544028, 3009.9038, 2830.0192, 760.3200, 19.5281
2025-12-02 01:33:45, 0.1296166339, 0.1256316049, 0.1182943982, 0.1220775803, 2722.8723, 2683.3191, 758.7100, 17.2655
2025-12-02 01:33:51, 0.1386564048, 0.0866519485, 0.0557686968, 0.0514389112, 2861.7083, 2856.6250, 757.7250, 17.7724
2025-12-02 01:33:57, 0.1159138248, 0.1088807449, 0.0802285442, 0.0740127614, 2554.0172, 2606.3448, 760.4450, 17.6399
2025-12-02 01:34:03, 0.0501245780, 0.0402112011, 0.0835493901, 0.0702177768, 3023.9231, 2894.5577, 759.1450, 18.8916
2025-12-02 01:34:09, 0.1246948680, 0.0894270575, 0.0951254554, 0.0934652069, 2687.9074, 2602.5741, 761.0450, 18.2451
2025-12-02 01:34:14, 0.0695557856, 0.0779907961, 0.1063276643, 0.1041586824, 2789.6349, 2784.6508, 758.5350, 18.4173
2025-12-02 01:34:20, 0.0887148179, 0.0765468984, 0.1174905770, 0.1120373916, 2761.2807, 2670.5439, 759.3500, 18.9670
2025-12-02 01:34:26, 0.0755640541, 0.0667976900, 0.1201694404, 0.1158393801, 2848.7538, 2795.8308, 760.6600, 16.9117
2025-12-02 01:34:32, 0.1043109619, 0.1107281159, 0.0979484436, 0.1064331533, 2760.1875, 2823.2708, 760.9800, 18.4233
2025-12-02 01:34:38, 0.1108008024, 0.0833332827, 0.1797576993, 0.1697831979, 2767.5854, 2794.9512, 761.3400, 19.9470
2025-12-02 01:34:43, 0.0716643505, 0.0991717592, 0.1926667817, 0.1927173815, 3011.2712, 2897.3220, 760.5950, 17.2847
2025-12-02 01:34:49, 0.0959356583, 0.0935909779, 0.1885649409, 0.1309573782, 2758.0769, 2612.3333, 761.4950, 18.5551
2025-12-02 01:34:55, 0.0858453796, 0.0946101713, 0.0858794214, 0.1044203570, 2789.9762, 2874.8571, 770.4800, 19.5289
2025-12-02 01:35:01, 0.0548171157, 0.0468297811, 0.1496734414, 0.0696487391, 2632.8421, 2542.5614, 763.3800, 18.9606
2025-12-02 01:35:06, 0.0944992478, 0.0691713442, 0.1262258280, 0.1182524578, 2444.2593, 2419.7222, 765.2900, 17.1297
2025-12-02 01:35:12, 0.0656575157, 0.0556018111, 0.1925808632, 0.1377836531, 2991.6852, 2976.8519, 767.9800, 19.4427
2025-12-02 01:35:18, 0.0505328150, 0.0597620748, 0.1423072464, 0.1132642813, 2875.0000, 2822.2333, 770.4250, 20.3424
2025-12-02 01:35:23, 0.0675955818, 0.0695271527, 0.1291003372, 0.1181032880, 2736.9000, 2700.1286, 766.3450, 19.1519
2025-12-02 01:35:29, 0.0697728419, 0.0648163738, 0.1404541652, 0.1096567824, 2786.4677, 2793.5645, 770.1950, 20.6878
2025-12-02 01:35:35, 0.0449413877, 0.0536360747, 0.0994017734, 0.1026180015, 2777.2364, 2799.2000, 770.3700, 18.3563
2025-12-02 01:35:41, 0.0896376557, 0.0910106819, 0.0966894265, 0.0985409711, 2890.3721, 2831.4186, 768.4900, 19.5862
2025-12-02 01:35:46, 0.1252282306, 0.0632841211, 0.1151416682, 0.1133216985, 2724.5385, 2683.0000, 768.8950, 19.0954
2025-12-02 01:35:52, 0.0648128845, 0.0563537359, 0.1054745891, 0.0880982121, 3058.3000, 2873.4000, 770.8550, 19.7440
2025-12-02 01:35:58, 0.0644874425, 0.0548723290, 0.1146868696, 0.1590415902, 2848.6981, 2844.6226, 769.9700, 19.4509
2025-12-02 01:36:04, 0.1413641873, 0.0959522803, 0.1441384334, 0.1350352482, 2881.3125, 2870.1458, 765.3700, 18.0935
2025-12-02 01:36:10, 0.1292493592, 0.0901583018, 0.1091210864, 0.0898840806, 2935.4219, 2964.6406, 767.8550, 17.6123
2025-12-02 01:36:16, 0.0973726211, 0.0980952174, 0.1130751083, 0.1245587103, 2872.7241, 2848.3793, 768.8250, 18.3803
2025-12-02 01:36:21, 0.0957382610, 0.0878351232, 0.1158722082, 0.0844541053, 2834.7593, 2826.5185, 766.1700, 17.9120
2025-12-02 01:36:27, 0.0758615918, 0.0743929458, 0.0897942727, 0.0748688805, 2802.1333, 2767.2222, 766.3800, 21.4994
2025-12-02 01:36:33, 0.1265396540, 0.1032581218, 0.0947639034, 0.0602927829, 2722.7073, 2603.3902, 766.8350, 19.3713
2025-12-02 01:36:38, 0.1519744732, 0.1335952760, 0.1043071126, 0.1123667985, 2962.5435, 2983.9130, 761.1850, 17.5383
2025-12-02 01:36:44, 0.0553003703, 0.0541077682, 0.0845096911, 0.0664890025, 2781.4630, 2597.2963, 769.1900, 20.1212
2025-12-02 01:36:50, 0.0582563807, 0.0844271270, 0.0637680767, 0.0649282828, 2827.1964, 2708.3571, 766.4150, 18.3225
2025-12-02 01:36:56, 0.0513378502, 0.0512900049, 0.1005691553, 0.1119524273, 2775.6066, 2685.2131, 761.4250, 18.8697
2025-12-02 01:37:01, 0.0580022251, 0.0653133539, 0.0532440411, 0.0608083511, 2904.2037, 2692.4630, 760.2900, 18.7554
2025-12-02 01:37:07, 0.0942026792, 0.0691476704, 0.0928449223, 0.1094158275, 2817.0923, 2804.1077, 758.6900, 17.4185
2025-12-02 01:37:13, 0.0637807909, 0.0587780536, 0.0931700052, 0.0972465920, 2700.6515, 2625.7121, 761.7750, 18.3596
2025-12-02 01:37:19, 0.0789516851, 0.0828358825, 0.1045822564, 0.0851632927, 2716.9808, 2687.0192, 761.1300, 18.2462
2025-12-02 01:37:24, 0.0491701165, 0.0583543663, 0.0975887963, 0.0691815993, 2638.8400, 2566.6800, 760.8050, 18.7039
2025-12-02 01:37:30, 0.0684175225, 0.0624026439, 0.0871636767, 0.0717719274, 2781.8000, 2658.4154, 764.0550, 18.6958
2025-12-02 01:37:36, 0.0843936061, 0.0611734107, 0.0902489304, 0.0702948830, 2717.8043, 2684.9565, 761.6200, 18.1567
2025-12-02 01:37:42, 0.1221377334, 0.1034197710, 0.0952334640, 0.0887994806, 2658.0175, 2619.1930, 761.9900, 19.2855
2025-12-02 01:37:48, 0.0865081997, 0.0834009965, 0.0939421223, 0.0985414169, 3055.2321, 3014.4286, 761.1700, 19.4690
2025-12-02 01:37:53, 0.0777846977, 0.0987875864, 0.0966579687, 0.0805646700, 2831.0192, 2639.7308, 760.8300, 19.3062
2025-12-02 01:37:59, 0.1435254181, 0.1018394535, 0.0854196239, 0.0855923993, 3123.0889, 3044.1556, 762.2250, 19.4315
2025-12-02 01:38:05, 0.1267958724, 0.1156655937, 0.0979811629, 0.1103628124, 3232.8542, 3126.5625, 762.0850, 17.4418
2025-12-02 01:38:11, 0.1512848077, 0.1232653383, 0.0668374160, 0.0509859878, 2808.5400, 2732.1600, 757.4000, 18.6507
2025-12-02 01:38:17, 0.1594524244, 0.1458816154, 0.0679289596, 0.0783034683, 3226.0465, 3206.2558, 761.6850, 16.9300
2025-12-02 01:38:22, 0.1519945168, 0.1143810545, 0.0631570249, 0.0855611497, 2771.6981, 2759.3962, 758.9450, 20.5930
2025-12-02 01:38:28, 0.1441098749, 0.1305850976, 0.0881720826, 0.0678932207, 2712.0755, 2679.5849, 761.6850, 17.8027
2025-12-02 01:38:34, 0.1614174654, 0.1234095355, 0.0637021425, 0.0733778356, 2958.6935, 3049.0968, 763.9000, 18.1196
2025-12-02 01:38:39, 0.1457859826, 0.1147585274, 0.0997217791, 0.0863125587, 2878.1452, 2833.4194, 762.6100, 16.9044
2025-12-02 01:38:45, 0.1171235066, 0.1196843842, 0.0965160505, 0.0853862370, 2769.6269, 2756.1791, 761.6500, 20.1283
2025-12-02 01:38:51, 0.1532756984, 0.1088212123, 0.0587566105, 0.0599786284, 2909.2203, 2879.0847, 767.2100, 19.9142
2025-12-02 01:38:57, 0.1205740079, 0.1326051260, 0.0626553083, 0.0562020521, 2980.0000, 2923.3600, 765.8250, 20.4652
2025-12-02 01:39:03, 0.0869190986, 0.0573373266, 0.1566701489, 0.1267360863, 2933.9400, 2901.9800, 765.9700, 19.5719
2025-12-02 01:39:08, 0.1020849470, 0.1013755548, 0.0996274029, 0.1067733278, 2957.9310, 2917.9138, 767.7150, 19.5121
2025-12-02 01:39:14, 0.1383923170, 0.1194943924, 0.0744215067, 0.0727953989, 2945.0213, 2807.9574, 765.0200, 21.5520
2025-12-02 01:39:20, 0.1101716854, 0.1143660804, 0.0887186870, 0.0814756602, 2970.2745, 2798.8627, 766.3650, 19.9247
2025-12-02 01:39:26, 0.1062565592, 0.1091589236, 0.0980978334, 0.0891210162, 2867.2656, 2864.2188, 770.4700, 19.5300
2025-12-02 01:39:32, 0.0924552100, 0.1158080943, 0.0685600036, 0.0579966488, 2756.9821, 2704.0357, 766.2100, 20.2592
2025-12-02 01:39:37, 0.0769736652, 0.0644483745, 0.0782305298, 0.0589867561, 2577.8644, 2574.6441, 768.3650, 20.4458
2025-12-02 01:39:43, 0.1339152233, 0.1232940903, 0.1130322546, 0.0957230682, 2871.7447, 2832.7234, 765.9000, 20.7444
2025-12-02 01:39:49, 0.0771865329, 0.0858818378, 0.1004739304, 0.0829833435, 2967.5385, 2842.2308, 767.3100, 19.5109
2025-12-02 01:39:55, 0.0842814039, 0.0897956002, 0.0946669375, 0.0800082596, 2795.4035, 2757.0000, 762.9900, 20.9423
2025-12-02 01:40:01, 0.0522722201, 0.0433723057, 0.0823214189, 0.0722387970, 2787.7313, 2711.6418, 767.4300, 19.8611
2025-12-02 01:40:07, 0.0494122213, 0.0504437643, 0.0998453607, 0.1012649237, 2887.1754, 2757.8070, 761.4750, 18.7470
2025-12-02 01:40:12, 0.1139206411, 0.0975201589, 0.1278080135, 0.0894934640, 2926.8824, 2857.3333, 765.6650, 17.3788
2025-12-02 01:40:18, 0.0619200637, 0.0458497990, 0.1107604434, 0.0893119160, 2940.7313, 2699.7463, 764.6150, 19.4378
2025-12-02 01:40:24, 0.0627114170, 0.0627943469, 0.1095733156, 0.0828167136, 3016.7872, 2752.2128, 762.8700, 17.9692
2025-12-02 01:40:30, 0.1233994331, 0.1190386639, 0.1072124518, 0.0848831272, 3131.5254, 3151.4068, 765.4150, 17.6185
2025-12-02 01:40:35, 0.0911266200, 0.0966132264, 0.0875295341, 0.0934816538, 3285.4912, 3202.4211, 766.8200, 19.4758
2025-12-02 01:40:41, 0.0653450474, 0.0628537202, 0.0827057297, 0.0690324676, 3074.2857, 2970.0952, 772.6550, 19.2472
2025-12-02 01:40:47, 0.0908770737, 0.1014888551, 0.1091341918, 0.1115772436, 3080.0526, 3025.2807, 765.5200, 17.6890
2025-12-02 01:40:53, 0.0564967487, 0.0572290177, 0.0768150013, 0.0864647654, 2802.9104, 2673.3731, 772.2200, 17.4262
2025-12-02 01:40:59, 0.1412753991, 0.1049910129, 0.0978111391, 0.0925528074, 2752.2708, 2808.5208, 768.1000, 18.3840
2025-12-02 01:41:05, 0.0862208565, 0.0894588630, 0.1325227298, 0.1231605379, 2732.5000, 2731.1167, 772.0250, 17.4308
2025-12-02 01:41:10, 0.0435402958, 0.0550186112, 0.0751172083, 0.0773316374, 2745.5556, 2771.0185, 770.2700, 18.6373
2025-12-02 01:41:16, 0.0785884108, 0.0714612568, 0.0747811815, 0.0642355645, 2878.4098, 2784.6066, 773.0600, 17.9629
2025-12-02 01:41:22, 0.1326290024, 0.1005415028, 0.0961910191, 0.0857791071, 2788.4655, 2741.8793, 768.4250, 16.5467
2025-12-02 01:41:27, 0.0727426703, 0.0681750187, 0.1214642755, 0.1196343910, 2903.2034, 3007.3559, 764.9150, 18.1925
2025-12-02 01:41:33, 0.0772225361, 0.0850043432, 0.0542816628, 0.0551099800, 2694.6545, 2653.3818, 770.8200, 18.1661
2025-12-02 01:41:39, 0.0778425374, 0.0676667829, 0.0812236130, 0.0661747274, 2924.2623, 2835.1803, 766.5050, 19.2608
2025-12-02 01:41:45, 0.1455869628, 0.1304962968, 0.1115198480, 0.0800451084, 2674.4167, 2642.2778, 767.8850, 19.0221
2025-12-02 01:41:51, 0.1195323303, 0.1094465758, 0.0624417305, 0.0749441357, 2719.7460, 2729.8571, 763.3450, 18.9612
2025-12-02 01:41:56, 0.0983879445, 0.0946987236, 0.0779964617, 0.0703210269, 2617.3582, 2565.4627, 763.9750, 18.1181
2025-12-02 01:42:02, 0.0855188492, 0.0663600143, 0.1181746346, 0.1224767619, 2813.4127, 2774.6349, 765.9900, 16.9832
2025-12-02 01:42:08, 0.1419987783, 0.1342895484, 0.0823442114, 0.0902593175, 2818.4815, 2859.4815, 765.8300, 18.2620
2025-12-02 01:42:13, 0.1315319126, 0.1060509605, 0.1467527739, 0.1541574628, 2916.5763, 2874.5763, 768.0800, 19.6210
2025-12-02 01:42:19, 0.1293578194, 0.1130994379, 0.0748760039, 0.0613036336, 2868.1091, 2890.6182, 763.1550, 18.4315
2025-12-02 01:42:25, 0.0685139849, 0.0606439149, 0.1063590852, 0.0828064055, 2835.6613, 2742.5484, 766.7450, 19.6461
2025-12-02 01:42:30, 0.0553825752, 0.0693893196, 0.1002386754, 0.0790410005, 2837.9310, 2742.6552, 766.2700, 18.5213
2025-12-02 01:42:36, 0.0839686684, 0.0824515442, 0.0833060977, 0.0817121283, 3029.5849, 2995.6981, 767.5600, 18.4623
2025-12-02 01:42:42, 0.1138607164, 0.0964030187, 0.1194628255, 0.1305550195, 2796.9643, 2864.0893, 768.0250, 18.9221
2025-12-02 01:42:48, 0.1104852757, 0.1069610470, 0.0994655552, 0.0917663145, 2974.9825, 2855.3684, 763.6550, 18.7111
2025-12-02 01:42:53, 0.0677648430, 0.0907413503, 0.1670197574, 0.1453491874, 2718.5370, 2732.2222, 759.1650, 18.4105
2025-12-02 01:42:59, 0.1402162792, 0.1067183025, 0.1007087486, 0.1038822882, 2839.3273, 2820.7636, 765.1000, 19.4959
2025-12-02 01:43:05, 0.1284515928, 0.1127274514, 0.0850753363, 0.0975924156, 2792.6000, 2736.1500, 761.3850, 19.4321
2025-12-02 01:43:11, 0.0860698992, 0.0854156494, 0.1108573231, 0.0881182297, 2901.0556, 2868.5000, 763.6450, 18.3270
2025-12-02 01:43:16, 0.1316669200, 0.0920453985, 0.1123890735, 0.1024575337, 2923.2245, 2980.5714, 762.1650, 19.1141
2025-12-02 01:43:22, 0.0944300121, 0.1064123046, 0.1115611810, 0.1314405888, 2898.9500, 2976.3000, 759.9400, 19.2828
2025-12-02 01:43:28, 0.0872440732, 0.1133028628, 0.0988526843, 0.1054236500, 2704.0286, 2697.2857, 761.8200, 16.6751
2025-12-02 01:43:34, 0.0761208033, 0.1200713320, 0.1118836217, 0.0944466890, 2831.2241, 2688.7241, 762.5950, 17.9508
2025-12-02 01:43:39, 0.1212174890, 0.1010975617, 0.1058039408, 0.1077404340, 2837.6182, 2778.0000, 761.3400, 17.8394
2025-12-02 01:43:46, 0.0870669630, 0.1256436578, 0.1940905887, 0.1633655223, 2969.3111, 2943.0000, 758.5850, 18.5238
2025-12-02 01:43:52, 0.0886727280, 0.0915096586, 0.0917806654, 0.1016739985, 2797.5088, 2719.2807, 759.2100, 17.2851
2025-12-02 01:43:57, 0.1371596585, 0.0976128010, 0.1010575651, 0.1064466100, 2790.2264, 2877.6415, 762.4000, 17.7879
2025-12-02 01:44:03, 0.0629360310, 0.0598021044, 0.1495340088, 0.1170506949, 2761.3148, 2706.0000, 760.0750, 18.2192
2025-12-02 01:44:09, 0.1141785619, 0.0974695235, 0.1065544056, 0.1111513204, 2817.2037, 2781.0741, 762.3900, 18.4040
2025-12-02 01:44:15, 0.1410144664, 0.1242521787, 0.1417108465, 0.1182856939, 2583.4694, 2690.9388, 761.5450, 15.8341
2025-12-02 01:44:21, 0.0715401675, 0.0677982110, 0.1317325507, 0.1149707327, 2988.7000, 2815.7000, 762.2550, 18.8322
2025-12-02 01:44:27, 0.0817457598, 0.0839314859, 0.1480361987, 0.1413591299, 2839.0769, 2835.0385, 764.0600, 18.0714
2025-12-02 01:44:33, 0.0663000968, 0.0465787582, 0.2102496449, 0.1463839549, 2720.4118, 2789.6275, 763.1450, 18.3645
2025-12-02 01:44:38, 0.0537429200, 0.0539755596, 0.1897876570, 0.2265437027, 2995.8889, 2904.2593, 762.4450, 18.2893
2025-12-02 01:44:44, 0.0821709541, 0.0903484434, 0.1185843412, 0.1213824127, 2685.0541, 2757.0270, 761.0800, 19.4073
2025-12-02 01:44:50, 0.0680113829, 0.0705020322, 0.1041111125, 0.1069251834, 2901.8163, 2899.4082, 761.1700, 19.4469
2025-12-02 01:44:56, 0.0645917427, 0.0651976053, 0.1890819451, 0.1467575444, 3100.1458, 3000.3333, 760.5500, 18.8469
2025-12-02 01:45:01, 0.0818217982, 0.0731436968, 0.1024551240, 0.1161925603, 2619.3019, 2705.6792, 761.3200, 20.1952
2025-12-02 01:45:07, 0.1036852172, 0.0931141301, 0.1468822422, 0.1455095606, 2954.2727, 2882.3273, 761.1800, 17.7383
2025-12-02 01:45:13, 0.0684615027, 0.0782427239, 0.2003012741, 0.2018341670, 2639.6604, 2750.3396, 763.2600, 20.4818
2025-12-02 01:45:19, 0.0690460808, 0.0753796233, 0.2388204054, 0.1733253559, 2836.5435, 2842.8043, 762.8100, 18.5312
2025-12-02 01:45:25, 0.0745966227, 0.0684059693, 0.1339656554, 0.1202693487, 3270.5000, 3219.0833, 767.2200, 18.9447
2025-12-02 01:45:30, 0.1015439513, 0.0661045349, 0.1110644720, 0.1234491806, 2937.7333, 2967.4222, 764.3050, 17.5642
2025-12-02 01:45:36, 0.0780782290, 0.0689201883, 0.1508210783, 0.1304361174, 2855.4242, 2881.3333, 764.2200, 19.8268
2025-12-02 01:45:42, 0.0971750026, 0.0931079140, 0.1432880315, 0.1475239388, 3048.2157, 3027.0588, 764.6350, 19.1800
2025-12-02 01:45:47, 0.1052925626, 0.0764334040, 0.1273423038, 0.1687232843, 2766.3556, 2938.2000, 764.2800, 19.1076
2025-12-02 01:45:53, 0.1416118227, 0.1043187256, 0.1482426517, 0.1256139157, 2703.6600, 2662.2800, 766.9250, 18.6384
2025-12-02 01:45:59, 0.0805263795, 0.0855887536, 0.2367477972, 0.1815225459, 2803.3415, 2581.8537, 765.8000, 18.8815
2025-12-02 01:46:05, 0.0922798641, 0.0689824236, 0.1849359835, 0.1885937574, 2709.2708, 2687.5208, 765.6850, 17.3772
2025-12-02 01:46:10, 0.0532220895, 0.0662089634, 0.1708361403, 0.1536976284, 2770.4528, 2866.3962, 767.7400, 17.3217
2025-12-02 01:46:16, 0.0496419740, 0.0499075811, 0.1788011596, 0.2753748872, 2651.8036, 2633.5536, 765.0050, 17.2254
2025-12-02 01:46:22, 0.0489716426, 0.0428247181, 0.1754437317, 0.1748077118, 2570.1579, 2537.1053, 764.5850, 18.2971
2025-12-02 01:46:28, 0.0649902681, 0.0912515182, 0.2008924986, 0.1558448104, 3095.3415, 2971.0488, 763.3450, 17.4882
2025-12-02 01:46:34, 0.0645537246, 0.1067271305, 0.3884429529, 0.4924316120, 2951.3514, 3037.4324, 766.5300, 20.6939
2025-12-02 01:46:40, 0.1467858107, 0.0851405074, 0.1928422980, 0.1622989471, 2869.2340, 2756.4255, 765.7300, 18.9628
2025-12-02 01:46:45, 0.0797254861, 0.0708961502, 0.2628657105, 0.2397011262, 2876.3404, 2917.1702, 765.1200, 17.7154
2025-12-02 01:46:51, 0.0811050864, 0.0580994636, 0.1838266511, 0.1885628613, 2843.4667, 2935.9333, 763.8200, 19.0585
2025-12-02 01:46:57, 0.0873628752, 0.0955444438, 0.1821194041, 0.1337787067, 2919.7551, 3077.1224, 765.7450, 17.2598
2025-12-02 01:47:03, 0.1121617326, 0.0829658851, 0.1817548151, 0.2167877588, 2448.0244, 2454.3415, 763.6250, 18.4167
2025-12-02 01:47:08, 0.0857982810, 0.0897186862, 0.2076682554, 0.1972266418, 2922.8718, 2835.6410, 766.6900, 17.5967
2025-12-02 01:47:14, 0.1027215115, 0.0865739426, 0.4415922880, 0.3328396725, 2615.5238, 2566.4048, 769.8300, 17.7632
2025-12-02 01:47:20, 0.1065619578, 0.1098018674, 0.1031949872, 0.0935216490, 2729.9778, 2734.2222, 757.7400, 19.1938
2025-12-02 01:47:26, 0.1088400211, 0.1189665679, 0.1750217611, 0.1418666732, 2730.9600, 2596.8400, 761.1600, 18.1192
2025-12-02 01:47:32, 0.0903382747, 0.0842136421, 0.1344360537, 0.1259882264, 2828.2500, 2894.2727, 759.6850, 17.7227
2025-12-02 01:47:37, 0.0790051141, 0.0865533783, 0.1905778469, 0.1741231930, 2903.2273, 2884.3409, 761.4200, 20.1073
2025-12-02 01:47:43, 0.1090785620, 0.1179372516, 0.1515212282, 0.1532537894, 3044.0926, 3078.7037, 759.9750, 18.8864
2025-12-02 01:47:49, 0.0756586249, 0.0664191735, 0.1553759087, 0.1866944137, 2353.6852, 2358.9074, 764.0100, 19.2073
2025-12-02 01:47:55, 0.0561981320, 0.0637100812, 0.1905740722, 0.1467350014, 2535.6857, 2544.3714, 759.8550, 20.4288
2025-12-02 01:48:00, 0.0728346321, 0.0577315521, 0.1884541231, 0.1771615936, 2848.6429, 2745.7619, 763.3350, 18.2615
2025-12-02 01:48:06, 0.0542008943, 0.0471774002, 0.1269055908, 0.2265545425, 2527.7955, 2698.1591, 760.0100, 17.7034
2025-12-02 01:48:12, 0.0727162296, 0.0653672219, 0.2221150995, 0.2964038213, 2933.7759, 2981.4483, 760.1000, 18.9578
2025-12-02 01:48:18, 0.1208309485, 0.0939084309, 0.2171045743, 0.2019860459, 2875.1800, 2878.8600, 763.1150, 19.0720
2025-12-02 01:48:23, 0.0866448758, 0.0880064252, 0.2774023471, 0.2614447942, 2480.8182, 2412.5682, 759.4350, 18.3830
2025-12-02 01:48:29, 0.0527764652, 0.0764621595, 0.1500856817, 0.1619956501, 2408.0233, 2453.5116, 761.1900, 21.3228
2025-12-02 01:48:35, 0.0806965301, 0.0813954036, 0.1706337956, 0.1389612371, 2521.2683, 2533.2927, 760.8600, 19.3727
2025-12-02 01:48:41, 0.1161836106, 0.0968331520, 0.1615660915, 0.1630094583, 2593.8222, 2672.3556, 762.4100, 17.3946
2025-12-02 01:48:47, 0.0915803943, 0.0699965321, 0.4579804770, 0.4404527343, 2435.2821, 2414.2051, 763.7250, 19.1630
2025-12-02 01:48:52, 0.1352794713, 0.1099485561, 0.2936080540, 0.2246004185, 3114.0976, 3039.8537, 762.1700, 17.8233
2025-12-02 01:48:59, 0.1000391331, 0.0847103881, 0.2976441716, 0.2929800674, 2547.7778, 2594.9722, 760.4900, 19.5220
2025-12-02 01:49:05, 0.0885972782, 0.0807521420, 0.2516383725, 0.1953548782, 2790.1351, 2743.0000, 759.9050, 17.4976
2025-12-02 01:49:10, 0.0962154288, 0.0935165370, 0.1525264245, 0.1374346590, 2653.0392, 2709.3725, 760.5050, 20.0457
2025-12-02 01:49:16, 0.1456684337, 0.0856551562, 0.1516667057, 0.1614476842, 2630.3571, 2538.7857, 764.1800, 18.5437
2025-12-02 01:49:22, 0.0744784879, 0.0833301722, 0.1528316201, 0.1715965314, 2592.6296, 2529.2037, 761.8800, 17.6959
2025-12-02 01:49:28, 0.0841236942, 0.0616508951, 0.2635255779, 0.2029393339, 2823.5625, 2640.8333, 759.5700, 17.2895
2025-12-02 01:49:33, 0.1207463162, 0.1133980030, 0.1770371324, 0.1681090432, 2644.5849, 2639.1887, 759.7650, 19.0394
2025-12-02 01:49:39, 0.1099629810, 0.1197982506, 0.3076718382, 0.1742132802, 3046.0465, 2834.0930, 757.0400, 19.9479
2025-12-02 01:49:45, 0.1070896965, 0.0631842569, 0.2243307955, 0.2138026627, 2676.8958, 2624.0625, 756.6750, 16.9965
2025-12-02 01:49:51, 0.0731096164, 0.0702630043, 0.1669143304, 0.1543088203, 2470.8600, 2493.3200, 761.1200, 17.3703
2025-12-02 01:49:56, 0.0758877755, 0.0986572612, 0.1230312933, 0.1487839082, 2592.8036, 2622.0536, 761.0350, 19.3980
2025-12-02 01:50:03, 0.1135230647, 0.1010556812, 0.2343738833, 0.1846096018, 3074.3043, 2938.7826, 763.9450, 21.3732
2025-12-02 01:50:09, 0.0464570320, 0.0417033889, 0.1886993238, 0.2060143584, 2841.4750, 2787.2250, 762.9150, 20.3518
2025-12-02 01:50:14, 0.0682635705, 0.0781902725, 0.3862714399, 0.3722428734, 2952.0196, 2890.7059, 762.4800, 19.3910
2025-12-02 01:50:20, 0.0618992331, 0.0557311693, 0.2054150295, 0.2061657330, 2922.6170, 2814.5106, 762.2350, 20.9507
2025-12-02 01:50:26, 0.0860514816, 0.0597634198, 0.2219943099, 0.2740356464, 2510.8649, 2722.5135, 762.6250, 21.1701
2025-12-02 01:50:31, 0.0654592550, 0.0610197955, 0.1490690535, 0.1492998498, 2770.3400, 2846.4600, 764.6650, 20.1386
2025-12-02 01:50:37, 0.0832762937, 0.0707245517, 0.3094353485, 0.2634486780, 2457.8605, 2339.2558, 763.1200, 19.3183
2025-12-02 01:50:43, 0.1033781872, 0.1216484682, 0.1979495739, 0.1767056844, 2803.2667, 2788.4889, 763.4800, 19.4936
2025-12-02 01:50:49, 0.0992092496, 0.0789706645, 0.2481256928, 0.2717551041, 2761.4167, 2763.3958, 765.7150, 20.1612
2025-12-02 01:50:55, 0.1162900759, 0.0958988777, 0.1559603254, 0.1419129395, 3124.4286, 2950.7143, 763.5100, 18.2060
2025-12-02 01:51:00, 0.0949533427, 0.1096641876, 0.2406231629, 0.2281799589, 3050.1471, 2974.1765, 765.6100, 21.7979
2025-12-02 01:51:06, 0.0874033022, 0.0699853132, 0.2566664591, 0.2132880607, 2850.8980, 2763.5510, 762.5650, 20.6687
2025-12-02 01:51:12, 0.0733533254, 0.0710001614, 0.2062316857, 0.1908406668, 2731.4255, 2781.2553, 765.2850, 21.6232
2025-12-02 01:51:18, 0.1038982253, 0.1155839635, 0.2282166995, 0.2872551712, 2696.2941, 2565.4706, 765.3750, 20.0074
2025-12-02 01:51:24, 0.0792346677, 0.1052766749, 0.1604062458, 0.1421800813, 2824.6800, 2628.9200, 760.8750, 18.8669
2025-12-02 01:51:29, 0.1172286254, 0.0881071629, 0.1324708622, 0.1670294655, 2552.5641, 2664.3590, 764.1500, 18.1661
2025-12-02 01:51:35, 0.0893637539, 0.1003117575, 0.2308427672, 0.2294177309, 2574.5000, 2459.2105, 762.9550, 16.9692
2025-12-02 01:51:41, 0.0942732350, 0.0895738445, 0.1537543647, 0.1751143870, 2569.0638, 2506.2128, 762.6950, 19.0864
2025-12-02 01:51:47, 0.0990556703, 0.1068216633, 0.1240197365, 0.1101721491, 2634.3208, 2596.7170, 763.2150, 18.1347
2025-12-02 01:51:53, 0.1064846417, 0.0958112941, 0.1505107862, 0.1240855258, 2428.4103, 2505.8974, 765.0800, 18.4259
2025-12-02 01:51:58, 0.0886126606, 0.0582725952, 0.1565155728, 0.2120945071, 2790.8627, 2806.1569, 766.2200, 19.4289
2025-12-02 01:52:04, 0.1002283101, 0.1203592423, 0.1507742164, 0.1458370090, 2548.2667, 2589.1556, 765.8250, 17.8529
2025-12-02 01:52:10, 0.1083624245, 0.1087173424, 0.1937895902, 0.2088673780, 2980.2174, 2956.1522, 766.9050, 19.9049
2025-12-02 01:52:16, 0.0915850484, 0.0804917552, 0.1624320315, 0.1626067684, 2727.3256, 2796.7442, 766.8100, 18.7242
2025-12-02 01:52:22, 0.0551158691, 0.0632586875, 0.1661371129, 0.1444964284, 3045.3333, 2906.5370, 765.9600, 19.7033
2025-12-02 01:52:28, 0.0707517334, 0.0852748291, 0.2131888856, 0.2035391258, 2802.2000, 2706.0000, 763.7100, 19.2407
2025-12-02 01:52:33, 0.0670868136, 0.0697859476, 0.1921524287, 0.2619192062, 2791.4038, 2789.4615, 765.3350, 18.2544
2025-12-02 01:52:39, 0.0874189770, 0.0727630978, 0.1704223714, 0.2085768700, 2691.3256, 2650.9535, 765.5800, 19.5319
2025-12-02 01:52:45, 0.0846655093, 0.1085712824, 0.1721467756, 0.1590434445, 2459.6154, 2519.1154, 763.2700, 17.2440
2025-12-02 01:52:51, 0.0953645004, 0.1097023498, 0.1379750033, 0.1278328559, 2797.1132, 2701.7358, 761.8600, 19.2055
2025-12-02 01:52:57, 0.0914986025, 0.0773732269, 0.2069158684, 0.1730809211, 3064.0377, 3007.8113, 765.4750, 18.8838
2025-12-02 01:53:03, 0.0938392654, 0.0893494814, 0.2054882615, 0.2087522543, 2967.0000, 2895.2727, 765.3550, 17.6388
2025-12-02 01:53:08, 0.1005352390, 0.1232372748, 0.1799697169, 0.1290003109, 3046.6471, 3059.1176, 765.7650, 17.2395
2025-12-02 01:53:14, 0.0953887418, 0.1018318550, 0.1789090430, 0.1470715407, 2738.9423, 2715.1346, 764.4750, 18.5424
2025-12-02 01:53:20, 0.1206869719, 0.1234690464, 0.1649994969, 0.1356948654, 2900.7600, 2821.4000, 761.8250, 20.0667
2025-12-02 01:53:25, 0.0995209482, 0.1018147651, 0.2210276766, 0.1763369756, 2593.6596, 2631.3830, 763.1850, 19.1758
2025-12-02 01:53:31, 0.1074085769, 0.0972012583, 0.2552066991, 0.2416576932, 2924.9487, 3015.5128, 763.3550, 20.5083
2025-12-02 01:53:37, 0.1036210572, 0.1023682985, 0.1781387994, 0.1916582620, 2824.6939, 2754.5918, 764.6650, 20.4082
2025-12-02 01:53:43, 0.1562451006, 0.1499609834, 0.2330595629, 0.2306415769, 2944.9778, 3098.9333, 763.1950, 17.3158
2025-12-02 01:53:48, 0.1166156824, 0.1353450901, 0.1429679170, 0.1498163915, 2739.1538, 2687.3077, 764.2750, 18.8838
2025-12-02 01:53:54, 0.0654408237, 0.0732391560, 0.1954387868, 0.1624960049, 2910.4151, 2863.2453, 764.6650, 18.1602
2025-12-02 01:54:00, 0.1011492392, 0.1047901686, 0.1642794013, 0.1520279327, 2723.5400, 2777.4400, 762.3650, 18.6920
2025-12-02 01:54:06, 0.0948177911, 0.1114678149, 0.2087539545, 0.1847695611, 2523.1250, 2408.0208, 761.3100, 19.7186
2025-12-02 01:54:11, 0.0876401576, 0.0929858603, 0.1580983888, 0.1556754622, 2868.7714, 2874.5143, 759.3700, 18.2377
2025-12-02 01:54:17, 0.1057128899, 0.0829509752, 0.1241211512, 0.1050624571, 2932.2727, 2917.2045, 761.6350, 18.9871
2025-12-02 01:54:23, 0.1017940931, 0.1148791362, 0.1166934077, 0.1221002059, 3031.3846, 2953.4872, 761.9700, 19.3884
2025-12-02 01:54:28, 0.1405653413, 0.1245771829, 0.2798315876, 0.1975265838, 2950.8077, 2789.9038, 764.1950, 17.8946
2025-12-02 01:54:34, 0.1028873750, 0.1199863337, 0.1229805300, 0.1479459412, 2763.3542, 2864.8750, 760.3700, 20.7134
2025-12-02 01:54:40, 0.1533841289, 0.1795713749, 0.1300850049, 0.1180967970, 2864.0638, 2911.3617, 760.7350, 18.8225
2025-12-02 01:54:46, 0.1161318209, 0.1205354842, 0.1701207832, 0.1620287144, 2652.6333, 2684.7667, 765.3850, 19.6065
2025-12-02 01:54:51, 0.0979433300, 0.0858958963, 0.1736329123, 0.1365211970, 2531.7818, 2530.3818, 763.6200, 18.7202
2025-12-02 01:54:57, 0.0831378578, 0.1034475654, 0.1684299046, 0.1392894055, 2709.5957, 2678.2128, 766.0700, 18.8376
2025-12-02 01:55:03, 0.0937364636, 0.0950095549, 0.2243979807, 0.1629379987, 3327.9667, 3293.0667, 766.1150, 16.1908
2025-12-02 01:55:09, 0.0642091018, 0.0925511161, 0.1636726704, 0.1509706592, 2630.9796, 2612.0204, 768.7000, 19.6507
2025-12-02 01:55:14, 0.1175692649, 0.1083589541, 0.1839308426, 0.1440923590, 3134.8167, 3105.1500, 765.8300, 19.0576
2025-12-02 01:55:20, 0.1108329054, 0.1084402494, 0.1009381968, 0.1118077153, 2475.3333, 2533.3333, 762.8100, 18.6589
2025-12-02 01:55:26, 0.0860275498, 0.0685750733, 0.1825134264, 0.1897836385, 2548.2653, 2558.8776, 764.1750, 18.8739
2025-12-02 01:55:32, 0.0864268632, 0.0860020324, 0.2665445064, 0.3303379066, 3022.0000, 3076.5200, 766.6250, 18.8834
2025-12-02 01:55:37, 0.0971363188, 0.0890552872, 0.1619714598, 0.1315062971, 2494.4857, 2440.7714, 765.8000, 19.7297
2025-12-02 01:55:43, 0.1199426118, 0.0904576271, 0.1477433271, 0.1292280767, 2731.0465, 2789.0698, 765.9600, 19.5440
2025-12-02 01:55:49, 0.0998274371, 0.0784889392, 0.2041159703, 0.1604546217, 3078.7083, 3043.6875, 762.2100, 17.9877
2025-12-02 01:55:55, 0.1148314922, 0.1126801744, 0.1623929464, 0.1804917475, 2691.0000, 2612.9487, 765.1750, 19.0301
2025-12-02 01:56:01, 0.0609334959, 0.0570079899, 0.2383751270, 0.2015418990, 2649.9184, 2654.9184, 762.7050, 18.8557
2025-12-02 01:56:07, 0.0297105449, 0.0388377075, 0.2166813741, 0.1885292546, 2807.7812, 2686.8594, 762.9900, 17.7505
2025-12-02 01:56:12, 0.0747252977, 0.0744883687, 0.1321220014, 0.1286056414, 2562.6557, 2573.9508, 764.9050, 20.0466
2025-12-02 01:56:18, 0.0945561283, 0.0791952592, 0.3121612878, 0.2375042787, 2836.2500, 2777.9792, 763.5700, 18.8206
2025-12-02 01:56:24, 0.0512745067, 0.0520332011, 0.2307853415, 0.1711976370, 2914.3922, 2740.7059, 764.3350, 17.9826
2025-12-02 01:56:29, 0.0513602240, 0.0478935149, 0.3013690122, 0.2505819142, 2928.3958, 2828.7708, 763.6400, 18.7203
2025-12-02 01:56:35, 0.0964833180, 0.1133917489, 0.1692625439, 0.2016503852, 2655.8929, 2749.1786, 765.0100, 19.8572
2025-12-02 01:56:41, 0.1157526444, 0.0694611326, 0.2346830265, 0.2350742498, 2754.6939, 2771.1633, 760.6900, 19.2737
2025-12-02 01:56:47, 0.0867778696, 0.0668081708, 0.2062661677, 0.2561855109, 2917.6829, 2990.7073, 760.1350, 17.7769
2025-12-02 01:56:52, 0.1086727449, 0.1031270229, 0.2073947200, 0.1826726832, 2592.1351, 2579.1622, 762.1300, 18.3503
2025-12-02 01:56:58, 0.0690451461, 0.1281091041, 0.2037262105, 0.1641766564, 2720.3143, 2659.6571, 763.4800, 21.1476
2025-12-02 01:57:04, 0.0817858979, 0.0918847834, 0.1632808078, 0.2254690244, 2624.0000, 2622.2245, 758.9950, 17.4010
2025-12-02 01:57:10, 0.0559775311, 0.0693918741, 0.2824117188, 0.2593863259, 3138.4524, 2946.8333, 761.3950, 18.9512
2025-12-02 01:57:15, 0.1023975501, 0.0966957516, 0.1629929380, 0.2022785800, 2905.4783, 3047.8261, 757.2000, 19.4933
2025-12-02 01:57:21, 0.0720843225, 0.0737255788, 0.1476685645, 0.1356713963, 2580.7451, 2650.0784, 758.2700, 18.3806
2025-12-02 01:57:27, 0.0997780211, 0.0718507704, 0.1026896568, 0.1099356076, 2721.5893, 2788.1786, 760.5150, 18.2198
2025-12-02 01:57:32, 0.0589128000, 0.0365017041, 0.1974428234, 0.2122123158, 2695.7759, 2608.7931, 757.4650, 18.7643
2025-12-02 01:57:38, 0.1027263749, 0.1128512527, 0.2987622846, 0.2497512191, 2682.5238, 2656.1905, 760.3100, 16.4953
2025-12-02 01:57:44, 0.0403637188, 0.0456405812, 0.2215859481, 0.1651331475, 3184.9487, 3037.2821, 756.7150, 19.0673
2025-12-02 01:57:50, 0.0783856289, 0.0663865526, 0.1797099871, 0.2442510851, 2683.5641, 2931.5385, 758.1500, 18.6373
2025-12-02 01:57:55, 0.0756117979, 0.0774703160, 0.1756097954, 0.1989075995, 2571.0714, 2640.9524, 761.7550, 19.1004
2025-12-02 01:58:01, 0.1334385452, 0.0851305068, 0.1678992206, 0.2213826352, 2701.7250, 2786.0750, 760.4250, 16.7061
2025-12-02 01:58:07, 0.1180928608, 0.0942112402, 0.2022976491, 0.2498377069, 2780.6176, 2886.9706, 757.9900, 17.3263
2025-12-02 01:58:13, 0.1050189181, 0.1022752776, 0.3002272529, 0.3119860732, 2751.1591, 2679.6591, 761.9950, 18.3811
2025-12-02 01:58:19, 0.0616571322, 0.0705504606, 0.1239307997, 0.1139638302, 2409.2889, 2249.6444, 760.4300, 18.9551
2025-12-02 01:58:24, 0.1098069766, 0.1001628197, 0.1760816562, 0.1459052370, 3026.5714, 3116.7959, 760.4900, 17.9566
2025-12-02 01:58:30, 0.1347743435, 0.0838197983, 0.3792250775, 0.4211620768, 2905.7500, 3004.5227, 760.3150, 17.1914
2025-12-02 01:58:36, 0.0773255904, 0.0816328687, 0.1575320208, 0.1682996675, 2589.5581, 2655.5814, 762.7650, 18.8722
2025-12-02 01:58:41, 0.0906261538, 0.0724683013, 0.1055963734, 0.1090088380, 2999.8696, 3065.5870, 759.8950, 19.8687
2025-12-02 01:58:47, 0.0734189680, 0.0728377417, 0.1931335238, 0.1652582925, 2820.7925, 2730.3774, 760.9100, 20.4103
2025-12-02 01:58:53, 0.0792223002, 0.0758232508, 0.1760948939, 0.2024816706, 2640.2727, 2660.4727, 761.8700, 18.4519
2025-12-02 01:58:58, 0.0584099299, 0.0456011128, 0.1411849565, 0.1462541179, 2685.7447, 2754.8298, 760.4650, 17.9719
2025-12-02 01:59:04, 0.0514641734, 0.0517617517, 0.1242510781, 0.1122186732, 3002.3571, 2885.6905, 760.8300, 19.6558
2025-12-02 01:59:10, 0.0516111430, 0.0609472594, 0.1213460491, 0.1207937602, 2384.5000, 2408.7381, 766.3300, 18.2412
2025-12-02 01:59:16, 0.0639218208, 0.0535253729, 0.0962825040, 0.1401873469, 2451.4167, 2594.0000, 765.7800, 19.3768
2025-12-02 01:59:22, 0.0797056463, 0.0575296235, 0.2538152241, 0.1847600211, 2686.5556, 2676.0185, 763.1750, 18.0957
2025-12-02 01:59:28, 0.0798937515, 0.0741514089, 0.1696095325, 0.1751785430, 2444.7551, 2456.3265, 763.2600, 18.1475
2025-12-02 01:59:33, 0.0857158573, 0.0565302402, 0.1915820363, 0.1813289164, 2974.4884, 3068.1163, 763.6100, 18.2304
2025-12-02 01:59:39, 0.1067784764, 0.1216251523, 0.1573866129, 0.1699188431, 2662.9796, 2852.6327, 762.5800, 18.6020
2025-12-02 01:59:45, 0.0773356965, 0.0775344352, 0.1475351847, 0.1168498224, 2587.7234, 2655.0000, 764.6550, 18.6437
2025-12-02 01:59:51, 0.1411106028, 0.0873383189, 0.1370904474, 0.1343827167, 2972.8537, 2848.3902, 767.4250, 19.2511
2025-12-02 01:59:56, 0.1040285146, 0.1255863674, 0.2238652774, 0.2001101353, 2849.1250, 2771.2708, 764.9900, 18.0768
2025-12-02 02:00:02, 0.0736154887, 0.0597081025, 0.1226234149, 0.1383605635, 2745.8936, 2643.7872, 761.9000, 19.1418
2025-12-02 02:00:08, 0.0790839773, 0.0913712537, 0.2846120914, 0.2334252088, 3300.2500, 3057.3654, 762.2850, 17.5833
2025-12-02 02:00:14, 0.0760155793, 0.0684470097, 0.1971200045, 0.2115255110, 2482.1957, 2474.6522, 761.0850, 19.8612
2025-12-02 02:00:20, 0.0596572315, 0.0548118730, 0.1705241488, 0.1779659918, 2542.9302, 2584.1860, 764.0300, 20.4269
2025-12-02 02:00:26, 0.0903736946, 0.1030094588, 0.1413112306, 0.1842056161, 2756.5385, 2886.9487, 764.2900, 18.9930
2025-12-02 02:00:31, 0.0716875354, 0.0767060582, 0.1661330427, 0.1528751323, 2898.8868, 2836.0189, 763.4050, 20.0457
2025-12-02 02:00:37, 0.0742548044, 0.0779616900, 0.2052921520, 0.2099446644, 2779.1176, 2805.3137, 762.7900, 19.5710
2025-12-02 02:00:43, 0.0827136335, 0.0847996432, 0.1727588698, 0.2042699628, 3058.3607, 3089.6066, 759.8150, 17.9591
2025-12-02 02:00:49, 0.0470868821, 0.0501362328, 0.1360129649, 0.1499507134, 2845.8333, 2800.7778, 764.0600, 20.1580
2025-12-02 02:00:55, 0.0590542502, 0.0569430461, 0.1400765496, 0.1212158885, 2831.0877, 2795.9474, 762.0050, 18.4522
2025-12-02 02:01:00, 0.0726835377, 0.0865668714, 0.2459431378, 0.1872741710, 2919.1628, 2916.0930, 762.5800, 17.8026
2025-12-02 02:01:06, 0.0700016980, 0.0665549580, 0.1765526373, 0.1648262297, 3009.1930, 3001.9123, 762.6550, 17.5777
2025-12-02 02:01:12, 0.0715447836, 0.0982686994, 0.1254909290, 0.1089309393, 2652.1600, 2655.2800, 760.9150, 18.4040
2025-12-02 02:01:18, 0.1172509259, 0.1022572159, 0.1136145344, 0.1006420454, 3064.1404, 3132.7018, 762.1850, 16.6298
2025-12-02 02:01:24, 0.0754777848, 0.0780321628, 0.1949340215, 0.1313041284, 2778.4107, 2766.6607, 760.1400, 17.9847
2025-12-02 02:01:29, 0.0857278232, 0.0645863582, 0.1176148737, 0.0866964260, 2948.0820, 2836.8689, 758.6750, 18.5491
2025-12-02 02:01:35, 0.0965714291, 0.0814603446, 0.1520363816, 0.1462422430, 3036.6604, 3014.8491, 759.7100, 18.9187
2025-12-02 02:01:41, 0.0642798228, 0.0699913571, 0.1001870944, 0.1077298979, 2638.1020, 2725.4286, 763.8200, 17.4390
2025-12-02 02:01:46, 0.1030351324, 0.0519500278, 0.1435557913, 0.1399233170, 2676.9808, 2671.7115, 760.3150, 18.9453
2025-12-02 02:01:52, 0.0743827242, 0.0569098927, 0.1601585184, 0.1000465135, 2763.5577, 2657.0000, 759.2650, 17.3022
2025-12-02 02:01:58, 0.0751695838, 0.0614794095, 0.1473517168, 0.1431938993, 2779.1228, 2826.1404, 760.0100, 20.2168
2025-12-02 02:02:04, 0.0443846010, 0.0545996699, 0.1302982455, 0.1762551474, 2830.4894, 2753.0638, 763.3450, 17.4521
2025-12-02 02:02:09, 0.0633209100, 0.0612422464, 0.1566952668, 0.1453585618, 2851.7556, 2812.3333, 760.6050, 18.1818
2025-12-02 02:02:15, 0.0771214854, 0.0838233108, 0.2347331357, 0.2633442710, 2677.1321, 2823.0377, 759.4000, 18.6427
2025-12-02 02:02:21, 0.0904284930, 0.0755718702, 0.0963800774, 0.0902931223, 3238.0179, 3146.3393, 764.3750, 17.5836
2025-12-02 02:02:27, 0.0808958408, 0.0580318715, 0.1457617530, 0.1551556097, 2822.2683, 2829.9512, 762.6700, 19.2948
2025-12-02 02:02:33, 0.0862770403, 0.0810893405, 0.1665013997, 0.1422623668, 2662.6071, 2531.8393, 762.7800, 18.6119
2025-12-02 02:02:38, 0.1013361316, 0.0769065472, 0.1362153712, 0.0970406711, 2764.0877, 2792.1053, 760.1900, 20.2003
2025-12-02 02:02:44, 0.1021025196, 0.0829793737, 0.1173215534, 0.1290179501, 2758.5319, 2843.5106, 764.9400, 17.6410
2025-12-02 02:02:50, 0.1420006380, 0.1048802504, 0.1158105180, 0.1263852302, 2790.4667, 2867.8667, 763.2450, 19.3648
2025-12-02 02:02:56, 0.1164956327, 0.0768580569, 0.1267728567, 0.1193645938, 2748.2222, 2765.5778, 762.0850, 17.7684
2025-12-02 02:03:01, 0.1267714849, 0.0832419290, 0.0898032131, 0.0832904813, 2726.3571, 2611.4524, 760.3000, 16.9656
2025-12-02 02:03:07, 0.0928319479, 0.0880865539, 0.2134831691, 0.2145060314, 2678.2000, 2729.8400, 760.8250, 18.3258
2025-12-02 02:03:13, 0.0931075645, 0.0755566395, 0.1301786949, 0.1044388798, 2580.7660, 2500.1702, 769.2350, 19.0260
2025-12-02 02:03:18, 0.0785555265, 0.0834491391, 0.1594672593, 0.1370731307, 3053.2500, 2975.7692, 765.0450, 17.5543
2025-12-02 02:03:24, 0.0666328164, 0.0733808870, 0.1176144042, 0.1306319942, 2722.8889, 2656.0926, 761.7450, 18.3161
2025-12-02 02:03:30, 0.0788098585, 0.0936374769, 0.1534260796, 0.1571792274, 2877.3333, 2899.3148, 759.6500, 18.6416
2025-12-02 02:03:36, 0.0603338838, 0.0808016323, 0.1568750554, 0.1149803340, 2905.4717, 2731.1509, 763.4000, 17.2702
2025-12-02 02:03:42, 0.1212617415, 0.0980144094, 0.1565873287, 0.1190454745, 2865.7872, 2813.0000, 761.5250, 17.8460
2025-12-02 02:03:48, 0.0977391262, 0.0637197563, 0.1686161582, 0.1574045814, 3027.8636, 2985.3864, 761.6750, 17.9752
2025-12-02 02:03:54, 0.1014625608, 0.0911266626, 0.1814349784, 0.1224430514, 2686.4423, 2666.7308, 765.0150, 17.3578
2025-12-02 02:03:59, 0.0996992251, 0.1056058466, 0.2387165949, 0.2043067326, 2990.8113, 3053.2453, 766.4300, 18.9358
2025-12-02 02:04:05, 0.0684303886, 0.0719619888, 0.0976141750, 0.1007390276, 2557.9574, 2632.0000, 762.4500, 20.0047
2025-12-02 02:04:11, 0.0595448107, 0.0739464373, 0.2449532261, 0.1734578146, 2805.1818, 2722.2545, 762.2000, 18.4293
2025-12-02 02:04:16, 0.0975140150, 0.0879104890, 0.1415188426, 0.1462221206, 2692.5714, 2716.8214, 764.0400, 20.0035
2025-12-02 02:04:22, 0.0745814859, 0.0736586478, 0.1311370878, 0.1281610552, 2943.2273, 2952.5909, 763.0750, 19.1744
2025-12-02 02:04:28, 0.1172017352, 0.1117128554, 0.1319975145, 0.1000207216, 2693.6957, 2774.3043, 757.8350, 19.3672
2025-12-02 02:04:34, 0.0855947684, 0.0665784539, 0.2327771344, 0.1851996533, 2696.2162, 2498.0541, 761.3000, 21.0499
2025-12-02 02:04:40, 0.1002735712, 0.0877222671, 0.1289032394, 0.1369482492, 2862.2653, 2809.6735, 760.5600, 18.6710
2025-12-02 02:04:46, 0.0759248967, 0.0992573340, 0.1991342186, 0.1792180418, 2916.8537, 3035.6585, 768.1300, 19.5032
2025-12-02 02:04:51, 0.0608700025, 0.0589623979, 0.1027067043, 0.1156653764, 2781.7115, 2718.0962, 767.3250, 19.1314
2025-12-02 02:04:57, 0.0716892385, 0.0786740164, 0.1222278414, 0.1452920191, 2758.4048, 2798.6667, 766.1150, 17.8236
2025-12-02 02:05:03, 0.0760862018, 0.0656017263, 0.0949046831, 0.1173489610, 2690.7736, 2716.2075, 767.9150, 20.0843
2025-12-02 02:05:09, 0.0877398048, 0.0890362605, 0.1322959391, 0.1577329534, 2851.5227, 2878.2727, 767.5350, 20.1821
2025-12-02 02:05:14, 0.1358820697, 0.0960477959, 0.1255586374, 0.1537753076, 2944.3256, 3044.0930, 763.6550, 17.8403
2025-12-02 02:05:20, 0.0657290380, 0.0701096855, 0.1183404402, 0.0883733477, 2772.7083, 2703.2917, 766.4150, 19.7799
2025-12-02 02:05:26, 0.1037161757, 0.0750038677, 0.1146628164, 0.1082058966, 2654.0833, 2604.8542, 768.8650, 19.5076
2025-12-02 02:05:32, 0.1415308032, 0.0923332317, 0.1235846757, 0.1066073573, 2886.3725, 2865.4902, 765.9150, 18.0961
2025-12-02 02:05:38, 0.1028164324, 0.0665579356, 0.1268905232, 0.1720436920, 3017.0652, 3010.8261, 763.6400, 18.7971
2025-12-02 02:05:44, 0.1004181579, 0.1028672767, 0.0838608621, 0.0869362090, 2659.4468, 2735.6596, 765.2100, 19.5312
2025-12-02 02:05:49, 0.1087909432, 0.1057956733, 0.1741770067, 0.1207856214, 2941.1282, 2848.4103, 764.8300, 18.0538
2025-12-02 02:05:55, 0.0943890155, 0.0852852957, 0.1071158717, 0.1329596098, 2673.7917, 2792.7292, 766.9250, 18.0239
2025-12-02 02:06:01, 0.1349654045, 0.1190914917, 0.1358623911, 0.1646198019, 2679.0889, 2671.2000, 761.7800, 19.2598
2025-12-02 02:06:06, 0.1003721108, 0.1089308565, 0.1526903297, 0.1602785026, 2767.0208, 2727.1667, 760.0400, 18.1934
2025-12-02 02:06:12, 0.0877296372, 0.0948668225, 0.1193734744, 0.1534156519, 3243.3721, 3230.2326, 762.5850, 18.2730
2025-12-02 02:06:18, 0.0675624050, 0.0578272029, 0.0938406668, 0.0892993797, 2370.8936, 2417.0000, 765.6900, 17.4575
2025-12-02 02:06:24, 0.1074362192, 0.0820647007, 0.1014689703, 0.1040258375, 2616.5789, 2611.0000, 764.0850, 16.8534
2025-12-02 02:06:29, 0.0680631440, 0.1005957912, 0.1759346200, 0.1657070215, 2986.7955, 2917.4545, 763.2900, 18.6611
2025-12-02 02:06:35, 0.0767305377, 0.0955737920, 0.1426316110, 0.1137666593, 2671.6167, 2676.8000, 765.3800, 16.9592
2025-12-02 02:06:41, 0.0861505107, 0.0740588978, 0.1925820805, 0.2115695214, 2896.1395, 2848.2093, 762.8550, 16.8969
2025-12-02 02:06:47, 0.0874921993, 0.0772093109, 0.0974007442, 0.0801223247, 2759.0714, 2786.3214, 761.3800, 18.7514
2025-12-02 02:06:53, 0.1050142671, 0.0815168375, 0.1302433484, 0.1721364667, 2808.2667, 2899.1778, 761.5750, 17.1311
2025-12-02 02:06:59, 0.0905896528, 0.0945452252, 0.1391193283, 0.1338176493, 2620.2642, 2651.2075, 761.6000, 18.7835
2025-12-02 02:07:04, 0.1044103474, 0.0900043623, 0.1405679279, 0.1292272701, 2619.9024, 2629.1951, 761.0350, 17.2080
2025-12-02 02:07:10, 0.0551509181, 0.0615957381, 0.2057213555, 0.1361289195, 2872.5714, 2753.8571, 760.7550, 18.0021
2025-12-02 02:07:16, 0.0725559976, 0.0522908216, 0.1810520502, 0.1638873467, 2907.4182, 2956.7818, 763.9700, 17.5584
2025-12-02 02:07:22, 0.0767784043, 0.0704083505, 0.1610459440, 0.1350353055, 2560.9167, 2568.6833, 759.1450, 19.1482
2025-12-02 02:07:27, 0.0770172052, 0.0411559826, 0.1518070638, 0.1413556658, 2797.9545, 2775.5909, 760.8000, 17.5402
2025-12-02 02:07:33, 0.0692061921, 0.0719601153, 0.1144413128, 0.1114627830, 2834.5238, 2795.5397, 760.9200, 19.6151
2025-12-02 02:07:39, 0.0776081202, 0.0771528630, 0.1911693459, 0.2538465756, 3014.4510, 3042.9020, 762.8750, 18.9868
2025-12-02 02:07:45, 0.0929679595, 0.0951072420, 0.1989847319, 0.1581893042, 3065.0189, 2885.2075, 768.7500, 19.4344
2025-12-02 02:07:50, 0.0905499661, 0.0911750915, 0.1066881694, 0.0966476247, 2999.6585, 2989.9268, 758.1100, 18.4669
2025-12-02 02:07:56, 0.0845456931, 0.0950248025, 0.1837266562, 0.1499917974, 2875.6341, 2898.1707, 769.1350, 20.3904
2025-12-02 02:08:02, 0.1077383045, 0.0927508287, 0.1344702729, 0.1449429945, 2718.6207, 2783.1207, 759.6650, 17.9179
2025-12-02 02:08:08, 0.0964587605, 0.1107016700, 0.1595979414, 0.1405471283, 2952.4167, 2925.9167, 761.9550, 21.0274
2025-12-02 02:08:13, 0.1078292006, 0.0862696746, 0.0914270186, 0.0920310740, 2685.8864, 2738.4318, 759.6150, 18.2939
2025-12-02 02:08:19, 0.1143031489, 0.0900159669, 0.1757682894, 0.2109067525, 2899.6981, 3087.4151, 759.8550, 19.9212
2025-12-02 02:08:25, 0.1025813254, 0.0873066586, 0.1146686878, 0.1125783966, 2583.0196, 2503.8039, 755.3800, 19.0125
2025-12-02 02:08:31, 0.1167718359, 0.1209410088, 0.1079288694, 0.0940582420, 2904.6000, 2837.0222, 756.2350, 20.3288
2025-12-02 02:08:36, 0.0803974266, 0.1017219148, 0.1246062227, 0.1145019450, 2826.3137, 2877.7255, 753.6700, 19.4219
2025-12-02 02:08:42, 0.0535937104, 0.0402427921, 0.1074869320, 0.0924349573, 3028.0192, 2872.5000, 756.2850, 18.6211
2025-12-02 02:08:48, 0.0622324095, 0.0670628463, 0.1731318418, 0.1715913853, 2776.5200, 2691.6600, 755.3600, 17.3940
2025-12-02 02:08:54, 0.0537482647, 0.0658005274, 0.1405059138, 0.1088420150, 2762.5179, 2565.7143, 752.8250, 18.6867
2025-12-02 02:09:00, 0.0590724162, 0.0556617632, 0.1878791135, 0.1417523753, 2728.0189, 2610.0755, 754.4600, 18.9298
2025-12-02 02:09:05, 0.0805519839, 0.1239547287, 0.0915077914, 0.1061677548, 2742.4634, 2671.5610, 757.3000, 20.2126
2025-12-02 02:09:11, 0.0722167337, 0.0678725570, 0.1105539008, 0.1632924922, 2652.0179, 2796.8214, 760.7950, 19.1074
2025-12-02 02:09:17, 0.0704762902, 0.0731177068, 0.0970157473, 0.1032387541, 2712.4630, 2721.7778, 760.3950, 18.5954
2025-12-02 02:09:23, 0.0687051895, 0.0752172188, 0.0941879178, 0.1160994415, 2723.3488, 2725.2791, 763.4150, 17.9865
2025-12-02 02:09:29, 0.1326767316, 0.1503479778, 0.1218078434, 0.1130588624, 2696.7500, 2753.8000, 761.8250, 19.5590
2025-12-02 02:09:34, 0.0625478137, 0.0738732392, 0.1517912160, 0.1149799568, 2672.5660, 2561.5660, 760.9300, 17.6038
2025-12-02 02:09:40, 0.0556670501, 0.0580212209, 0.1395850632, 0.1277689175, 2575.5870, 2490.3696, 759.4850, 18.0981
2025-12-02 02:09:46, 0.0562612113, 0.0537331960, 0.1536597064, 0.1588235199, 2778.6071, 2692.2321, 754.3550, 17.7059
2025-12-02 02:09:52, 0.1168765097, 0.1330533031, 0.1615120048, 0.1281494150, 2829.7619, 2799.1667, 762.1500, 18.9250
2025-12-02 02:09:57, 0.1300503464, 0.0947178239, 0.1151761011, 0.1396138263, 2936.6538, 3137.9038, 758.4050, 18.2080
2025-12-02 02:10:03, 0.1238999107, 0.0984270353, 0.1687354966, 0.1447968329, 2778.6491, 2731.9298, 758.9800, 16.6688
2025-12-02 02:10:09, 0.1440190107, 0.0923710645, 0.0922307533, 0.0998273350, 2693.1042, 2755.8542, 760.0550, 18.5748
2025-12-02 02:10:15, 0.0976850450, 0.0907210427, 0.1487083745, 0.1440908989, 2674.8235, 2699.0000, 757.7850, 17.8633
2025-12-02 02:10:20, 0.1367224737, 0.1388354692, 0.1398367015, 0.1466581258, 3130.2500, 3037.6923, 759.5800, 18.6498
2025-12-02 02:10:27, 0.0551245462, 0.0526515299, 0.1270880721, 0.1533554433, 2727.9783, 2752.9130, 759.3550, 18.8473
2025-12-02 02:10:32, 0.1055032445, 0.0730459512, 0.1168162257, 0.1080852890, 2966.0870, 2936.5652, 759.6550, 19.7014
2025-12-02 02:10:38, 0.1182876669, 0.0846418500, 0.0889333184, 0.0753624585, 2704.5806, 2635.0484, 758.9500, 18.7432
2025-12-02 02:10:44, 0.0762109729, 0.0865829494, 0.1039008589, 0.0937691472, 2690.5758, 2649.3788, 760.6050, 18.6413
2025-12-02 02:10:50, 0.0531064463, 0.0527516007, 0.1032624084, 0.0931216866, 2703.0746, 2604.5522, 759.2100, 17.4007
2025-12-02 02:10:55, 0.0622953164, 0.0616646518, 0.0804539149, 0.0836533590, 2796.5714, 2686.2143, 761.0150, 15.9278
2025-12-02 02:11:01, 0.0478002968, 0.0584301919, 0.1912156872, 0.1090573759, 2769.6905, 2621.1905, 760.9050, 19.5677
2025-12-02 02:11:07, 0.0541214871, 0.0450932108, 0.1253441616, 0.1011439384, 2795.8136, 2786.3220, 763.2400, 17.8643
2025-12-02 02:11:13, 0.0438895598, 0.0415626712, 0.0794467242, 0.0922378431, 2794.8133, 2745.4533, 760.5350, 18.8361
2025-12-02 02:11:18, 0.0611427504, 0.0542860369, 0.1412631557, 0.1205177696, 2727.1053, 2724.3509, 762.0600, 19.3403
2025-12-02 02:11:24, 0.0461825820, 0.0539861906, 0.0876179178, 0.0787171056, 2699.0179, 2646.3750, 758.5250, 19.8975
2025-12-02 02:11:30, 0.0656851046, 0.0665996179, 0.0494630906, 0.0818300078, 2857.6122, 2878.9388, 757.2800, 19.2328
2025-12-02 02:11:36, 0.0643935545, 0.0509831371, 0.1193606314, 0.0877288710, 2884.4259, 2836.0556, 760.6350, 20.4869
2025-12-02 02:11:42, 0.0792450966, 0.0736654538, 0.0967977626, 0.1052984020, 2831.4828, 2779.1207, 759.6900, 19.5615
2025-12-02 02:11:47, 0.0612397211, 0.0676311460, 0.0584427199, 0.0951124877, 2691.8627, 2775.1569, 758.8100, 19.4945
2025-12-02 02:11:53, 0.0888310110, 0.0801672345, 0.0939806541, 0.0808956446, 2880.5370, 2908.4815, 759.9350, 19.0599
2025-12-02 02:11:59, 0.0660567961, 0.0509295988, 0.0993859486, 0.1036089740, 2999.9636, 2895.0182, 753.6850, 18.5309
2025-12-02 02:12:05, 0.0599704193, 0.0566712365, 0.0834543938, 0.0887479176, 2757.0943, 2779.6226, 754.0450, 19.4672
2025-12-02 02:12:11, 0.0877499022, 0.0915434642, 0.0774615189, 0.0595227385, 2806.3774, 2894.4528, 750.9200, 17.3719
2025-12-02 02:12:16, 0.1311824061, 0.0967259744, 0.1046283668, 0.0750209412, 3003.8824, 2832.6667, 753.5600, 22.8313
2025-12-02 02:12:22, 0.0791422080, 0.0875047663, 0.0986708432, 0.0610837962, 3093.6316, 2998.0526, 752.8300, 18.7209
2025-12-02 02:12:28, 0.1101502618, 0.0931421148, 0.0805819703, 0.0712265094, 2884.1148, 2795.0328, 752.4700, 20.1499
2025-12-02 02:12:34, 0.0675570335, 0.0744348469, 0.0843031066, 0.1142608993, 2955.7692, 2976.3462, 754.0950, 18.3771
2025-12-02 02:12:39, 0.0775360335, 0.0737716725, 0.0816044244, 0.0768169085, 2885.4688, 2796.9844, 752.5650, 17.4306
2025-12-02 02:12:45, 0.0710563031, 0.0986206161, 0.0609656703, 0.0629710974, 2969.4444, 2934.4000, 756.8550, 19.5797
2025-12-02 02:12:51, 0.0677555313, 0.0656606215, 0.0611414575, 0.0699476748, 2974.2535, 2879.1690, 755.3300, 18.9484
2025-12-02 02:12:57, 0.0562536107, 0.0718572547, 0.0691419874, 0.0792358335, 2940.2182, 2919.0182, 759.5200, 18.8066
2025-12-02 02:13:03, 0.0662769143, 0.0491394414, 0.0757443910, 0.0740797825, 2691.2344, 2648.3438, 759.9650, 19.2066
2025-12-02 02:13:08, 0.0501819602, 0.0418288344, 0.1211167793, 0.1089374395, 2660.9231, 2483.3077, 760.3400, 19.3846
2025-12-02 02:13:14, 0.0873787894, 0.0842226074, 0.1066277888, 0.0732697736, 2763.2857, 2734.7679, 755.1550, 18.4158
2025-12-02 02:13:20, 0.0779813591, 0.0680467780, 0.0487986956, 0.0512399358, 2842.2615, 2809.6462, 757.0100, 19.8645
2025-12-02 02:13:26, 0.1150605126, 0.0898705749, 0.0779926749, 0.0841583261, 2880.6364, 2911.8030, 758.7500, 17.9100
2025-12-02 02:13:32, 0.0884835194, 0.0622471569, 0.0836091768, 0.0803069387, 2758.7833, 2652.3000, 758.7500, 19.7921
2025-12-02 02:13:38, 0.0762245094, 0.0965319233, 0.1205775070, 0.0727839584, 2674.5536, 2516.8036, 763.2650, 19.3296
2025-12-02 02:13:43, 0.0626700821, 0.0672472636, 0.0562967007, 0.0658519661, 2847.1277, 2743.9149, 758.4500, 19.2735
2025-12-02 02:13:49, 0.0680004183, 0.0610006839, 0.0993318520, 0.0765385703, 3043.7500, 2949.0625, 762.8550, 18.7330
2025-12-02 02:13:55, 0.0799013252, 0.0714632087, 0.0713948832, 0.0698229794, 2920.9783, 2879.8478, 760.5600, 20.1253
2025-12-02 02:14:01, 0.0874258563, 0.0795248458, 0.1005958565, 0.0686266122, 2858.8070, 2816.0702, 769.5200, 19.6125
2025-12-02 02:14:06, 0.0708498449, 0.0628904025, 0.1058378016, 0.0835617005, 2822.7381, 2765.6190, 761.2550, 18.5373
2025-12-02 02:14:12, 0.0978198422, 0.0890731824, 0.0789347046, 0.0590074331, 2768.5893, 2752.6071, 763.8850, 19.4977
2025-12-02 02:14:18, 0.1303470732, 0.1136265690, 0.0473543853, 0.0717599659, 3160.5532, 3041.0851, 766.8400, 20.0503
2025-12-02 02:14:24, 0.0804085298, 0.0957064573, 0.0882532334, 0.0764612865, 2989.0192, 2981.7500, 771.5900, 17.7243
2025-12-02 02:14:29, 0.0890214785, 0.0604999227, 0.0980279510, 0.0786391161, 2851.0851, 2800.1702, 764.6550, 19.4604
2025-12-02 02:14:35, 0.0645445904, 0.0588232725, 0.0726443835, 0.0677403738, 2812.2083, 2683.6806, 766.6050, 19.1684
2025-12-02 02:14:41, 0.0697803336, 0.0489358703, 0.1173679926, 0.1261262615, 2949.4717, 2845.5472, 766.9050, 16.9522
2025-12-02 02:14:47, 0.1042232733, 0.0935421040, 0.0866519037, 0.0947908823, 2808.1207, 2775.6897, 766.8650, 19.1634
2025-12-02 02:14:53, 0.0763386169, 0.0752106166, 0.0659090749, 0.0807260287, 2896.2206, 2791.7206, 764.3750, 17.3647
2025-12-02 02:14:58, 0.0584197392, 0.0489556690, 0.1238829588, 0.0960654392, 2885.8636, 2708.0000, 764.0600, 19.4275
2025-12-02 02:15:04, 0.0815666164, 0.0823589109, 0.1195385868, 0.1130732098, 2849.2449, 2845.6122, 762.4500, 20.9506
2025-12-02 02:15:10, 0.0628789869, 0.0613315334, 0.0732950299, 0.0814128418, 2755.1481, 2760.6111, 760.4000, 19.0533
2025-12-02 02:15:16, 0.0754603919, 0.0695339451, 0.0563010132, 0.0397971281, 2760.9310, 2809.0000, 760.5600, 18.1911
2025-12-02 02:15:22, 0.0591854487, 0.0662853921, 0.0941488097, 0.0903495000, 2823.5476, 2774.3333, 761.2200, 15.9694
2025-12-02 02:15:28, 0.0618353201, 0.0676169957, 0.1198271001, 0.0992751231, 3037.5294, 2936.4118, 763.2550, 19.9148
2025-12-02 02:15:34, 0.0715207212, 0.0823476685, 0.1462809666, 0.1098689084, 2897.0943, 2833.3208, 763.6650, 18.4153
2025-12-02 02:15:39, 0.0800384343, 0.0688443583, 0.0978138684, 0.0843039076, 2694.7377, 2810.4098, 764.6800, 19.0837
2025-12-02 02:15:45, 0.0581176847, 0.0484064718, 0.0764218001, 0.0854913850, 2843.6471, 2785.8676, 763.9550, 18.0417
2025-12-02 02:15:51, 0.0574098659, 0.0542174715, 0.0760727411, 0.0741537118, 2637.1000, 2614.8500, 765.9450, 17.4703
2025-12-02 02:15:57, 0.0520630034, 0.0670387434, 0.0529662779, 0.0616643429, 2809.6800, 2744.7000, 764.3200, 18.8626
2025-12-02 02:16:03, 0.0732907408, 0.0546931035, 0.0743863436, 0.0903267168, 2830.1228, 2838.5088, 764.5450, 17.3680
2025-12-02 02:16:08, 0.0662828309, 0.0534783112, 0.0896008139, 0.0735675121, 3002.3051, 2948.4915, 762.2850, 16.9043
2025-12-02 02:16:14, 0.1136050833, 0.0830322205, 0.1149644280, 0.0831241440, 2806.6538, 2775.0577, 764.1400, 18.6443
2025-12-02 02:16:20, 0.0531115842, 0.0589128888, 0.0579093426, 0.0669262727, 2676.1692, 2721.7692, 764.6350, 19.3944
2025-12-02 02:16:26, 0.0400227572, 0.0384689188, 0.0972381975, 0.0888966947, 2679.0204, 2712.6939, 764.1650, 17.8949
2025-12-02 02:16:32, 0.1256084423, 0.0890801736, 0.0889066919, 0.0855101040, 2673.0862, 2724.0517, 765.1650, 19.8949
2025-12-02 02:16:37, 0.0592070025, 0.0738227334, 0.1047638275, 0.0889898697, 3129.9818, 3065.5636, 766.3200, 19.2025
2025-12-02 02:16:43, 0.0972129226, 0.0714399306, 0.1528824349, 0.1466771919, 3030.0408, 2945.9592, 762.4850, 18.8968
2025-12-02 02:16:49, 0.0635955152, 0.0564559423, 0.0933066932, 0.1204048674, 2597.8000, 2570.4182, 763.0200, 19.7145
2025-12-02 02:16:55, 0.0640793183, 0.0676247103, 0.1621212321, 0.1582040974, 2853.5600, 2872.8800, 761.4700, 16.2957
2025-12-02 02:17:00, 0.0934024954, 0.1083186328, 0.1431911175, 0.1253557554, 2831.2308, 2825.6667, 759.1250, 17.2282
2025-12-02 02:17:06, 0.0619922147, 0.0809003108, 0.1559481659, 0.1244463091, 2796.8478, 2682.5652, 759.1550, 17.6664
2025-12-02 02:17:12, 0.0625600871, 0.0923738183, 0.1066672872, 0.0811977698, 2843.3750, 2795.6607, 757.8550, 18.0456
2025-12-02 02:17:18, 0.0982009406, 0.0776174547, 0.0996978419, 0.1161986802, 2683.3208, 2812.9623, 756.0350, 17.6608
2025-12-02 02:17:23, 0.0570183227, 0.0718456565, 0.1147428563, 0.1200710804, 2816.5000, 2756.7407, 756.5800, 17.1541
2025-12-02 02:17:29, 0.0592181106, 0.0629298742, 0.1538514770, 0.1220057999, 3243.7273, 3185.7955, 758.5400, 16.4347
2025-12-02 02:17:35, 0.0444218737, 0.0435733759, 0.1040108276, 0.0962664092, 3099.0794, 2875.4127, 757.0950, 19.2893
2025-12-02 02:17:41, 0.0736589554, 0.0967506043, 0.1230637683, 0.1047910353, 2885.4590, 2896.2951, 757.4450, 19.1994
2025-12-02 02:17:46, 0.0779292844, 0.0713802873, 0.0821482455, 0.0952022002, 2712.3256, 2740.9070, 765.4250, 17.4913
2025-12-02 02:17:52, 0.0655760083, 0.0713949597, 0.0992054119, 0.0939290095, 2824.6545, 2810.1273, 766.7000, 18.4835
2025-12-02 02:17:58, 0.0715259450, 0.0634232514, 0.1556414654, 0.1948896889, 2615.0000, 2781.5000, 766.6650, 19.1037
2025-12-02 02:18:04, 0.0560745800, 0.0639682963, 0.1519569876, 0.1474323784, 2748.3958, 2712.0417, 763.2900, 16.9781
2025-12-02 02:18:10, 0.0498312397, 0.0443067772, 0.1118131512, 0.1231269467, 2810.0968, 2764.2258, 765.6700, 16.6530
2025-12-02 02:18:15, 0.0613018774, 0.0452470611, 0.1814403996, 0.1464415014, 2771.8148, 2639.7593, 763.2700, 18.5326
2025-12-02 02:18:21, 0.0416182953, 0.0290644460, 0.1637341685, 0.1782423625, 2760.9107, 2674.4464, 764.1200, 17.7202
2025-12-02 02:18:27, 0.0487938369, 0.0510721285, 0.1963562100, 0.1455268946, 2843.5116, 2780.5116, 763.4800, 18.2685
2025-12-02 02:18:33, 0.0737311267, 0.0796901705, 0.1467438791, 0.1696736439, 3007.3429, 2899.5714, 765.3600, 17.7429
2025-12-02 02:18:39, 0.0761321395, 0.0655564207, 0.1509668089, 0.1447669460, 2724.1400, 2677.4200, 765.6150, 18.1639
2025-12-02 02:18:45, 0.0751834065, 0.0881795408, 0.2278794760, 0.2565899852, 2653.0000, 2709.6818, 765.7250, 18.4035
2025-12-02 02:18:50, 0.0549298144, 0.0611902906, 0.1522071774, 0.1211000210, 2916.9783, 2881.7609, 764.8600, 19.0379
2025-12-02 02:18:56, 0.0716537355, 0.0513535516, 0.1587698371, 0.1745492849, 2872.5873, 2885.4444, 763.8550, 17.4254
2025-12-02 02:19:02, 0.0613015752, 0.0534899642, 0.0769229021, 0.0621965811, 2686.0862, 2695.0690, 766.6250, 19.2350
2025-12-02 02:19:08, 0.0870821749, 0.0794074324, 0.0817875960, 0.0721189068, 2709.0000, 2704.1731, 760.3750, 19.3400
2025-12-02 02:19:13, 0.0549625851, 0.0411490468, 0.1153050103, 0.0993918636, 2919.2464, 2791.6232, 764.3200, 17.6292
2025-12-02 02:19:20, 0.0721811942, 0.0649794266, 0.0838997543, 0.0743601364, 2722.9000, 2701.4600, 763.6300, 19.1508
2025-12-02 02:19:26, 0.0746380253, 0.0764622508, 0.1094955477, 0.0920367821, 2955.0980, 2924.6667, 766.0250, 21.6149
2025-12-02 02:19:32, 0.0523256146, 0.0671842874, 0.1037251549, 0.0943293523, 2873.3922, 2867.7255, 765.1350, 20.7255
2025-12-02 02:19:37, 0.0755543847, 0.0557096782, 0.1028452237, 0.0957591633, 2791.7800, 2734.5000, 762.3700, 21.2679
2025-12-02 02:19:43, 0.0414604296, 0.0399197298, 0.0963462906, 0.0777713137, 2812.2941, 2706.7255, 761.9950, 21.9956
2025-12-02 02:19:49, 0.0562515370, 0.0510610089, 0.1449796396, 0.0979949762, 2570.8800, 2475.9600, 760.2600, 21.1429
2025-12-02 02:19:55, 0.0421514782, 0.0444654567, 0.0916881406, 0.0766293361, 2774.6786, 2683.5179, 762.1850, 21.4849
2025-12-02 02:20:00, 0.0872993211, 0.0694863568, 0.0995815022, 0.0904182514, 2906.8654, 2954.3654, 766.1050, 20.2461
2025-12-02 02:20:06, 0.0575268666, 0.0728358496, 0.0648551929, 0.0991559368, 2599.7755, 2754.1020, 762.3050, 19.9405
2025-12-02 02:20:12, 0.0444308730, 0.0693135576, 0.1288385682, 0.0971646068, 2912.9615, 2981.8462, 766.0300, 23.7655
2025-12-02 02:20:17, 0.0748311406, 0.0634966316, 0.1195578398, 0.1193088895, 2746.4792, 2750.3542, 765.2400, 20.5794
2025-12-02 02:20:24, 0.0406821216, 0.0587706808, 0.1442059329, 0.1475503723, 2981.0667, 2890.8167, 760.4400, 18.5630
2025-12-02 02:20:29, 0.0309463770, 0.0533690956, 0.1376969045, 0.1311999578, 2637.2917, 2599.4583, 767.4100, 21.3113
2025-12-02 02:20:35, 0.0750682344, 0.0767215730, 0.1278211467, 0.0983862916, 2898.2593, 2813.5926, 764.1950, 22.2485
2025-12-02 02:20:41, 0.0888524878, 0.0815482067, 0.1399046067, 0.1429442947, 2990.6471, 2980.3235, 760.6000, 18.4079
2025-12-02 02:20:47, 0.0688472327, 0.0739049343, 0.2243012950, 0.1688293675, 2692.4783, 2676.2826, 762.8200, 17.8793
2025-12-02 02:20:52, 0.0558842627, 0.0505978351, 0.1349416279, 0.1240691443, 2478.9091, 2377.5000, 762.5450, 18.3790
2025-12-02 02:20:58, 0.0657680375, 0.0648014961, 0.0996174843, 0.0904785316, 2717.4792, 2666.0417, 761.5750, 19.7427
2025-12-02 02:21:04, 0.0823411957, 0.0644156236, 0.1543377974, 0.1167530278, 3204.2456, 3173.0526, 762.4800, 17.7930
2025-12-02 02:21:09, 0.0607623736, 0.0630227602, 0.1175718982, 0.1053181732, 2945.6415, 2847.0943, 764.7500, 19.5920
2025-12-02 02:21:15, 0.0620169862, 0.0495457420, 0.1042494472, 0.1100863118, 3033.7101, 3018.1739, 762.3650, 18.0508
2025-12-02 02:21:21, 0.0596286122, 0.0396118145, 0.1210807400, 0.1173430092, 2621.0233, 2484.6047, 760.6550, 18.8922
2025-12-02 02:21:27, 0.0489158015, 0.0403315611, 0.1055740933, 0.1054598525, 2897.3621, 2754.2241, 763.5050, 17.3617
2025-12-02 02:21:33, 0.0915201601, 0.0709197363, 0.1573911863, 0.1334818624, 3206.6038, 3121.5283, 765.0750, 17.7378
2025-12-02 02:21:38, 0.0416841822, 0.0401699835, 0.1574809779, 0.1330195957, 2947.0000, 2959.6429, 762.4700, 18.2568
2025-12-02 02:21:44, 0.0479032209, 0.0467674790, 0.2060103794, 0.1721854066, 2798.6250, 2694.4286, 761.4550, 19.1809
2025-12-02 02:21:50, 0.0637837268, 0.0660256827, 0.1828988551, 0.1526113566, 2656.8537, 2634.0488, 761.0000, 17.6077
2025-12-02 02:21:56, 0.0664406196, 0.0617880042, 0.0996360894, 0.0992986753, 2941.3056, 2838.0278, 759.7700, 18.1245
2025-12-02 02:22:02, 0.1126560764, 0.0738941867, 0.1371968609, 0.0963004324, 2723.7407, 2715.3519, 759.4750, 18.0900
2025-12-02 02:22:08, 0.0522348205, 0.0503485235, 0.1171209456, 0.1691593317, 2619.2857, 2606.3175, 761.1150, 19.3456
2025-12-02 02:22:13, 0.0646161727, 0.0705185477, 0.1569164037, 0.1305900314, 2728.1132, 2671.9434, 759.5500, 16.8839
2025-12-02 02:22:19, 0.0948471246, 0.0734392257, 0.0924746407, 0.0875834362, 2833.4773, 2820.2727, 754.8800, 20.2239
2025-12-02 02:22:25, 0.0775756656, 0.0632012572, 0.2585566063, 0.1888479420, 2877.2245, 2705.3061, 753.2100, 19.5232
2025-12-02 02:22:31, 0.0736098814, 0.0587538768, 0.1781824184, 0.1541418687, 2550.6190, 2555.6032, 751.5150, 17.7451
2025-12-02 02:22:37, 0.0727663588, 0.0809027745, 0.1669321661, 0.1595512858, 2955.3333, 2949.9722, 751.1750, 19.7209
2025-12-02 02:22:43, 0.0751327643, 0.0698801305, 0.1345915705, 0.1035333794, 2756.7500, 2629.7273, 752.0650, 18.0522
2025-12-02 02:22:48, 0.0624295434, 0.0732415342, 0.1307998087, 0.1363662444, 2563.1176, 2557.6863, 752.3350, 17.3422
2025-12-02 02:22:54, 0.0704365212, 0.0725304273, 0.1905759340, 0.1214801425, 2624.7241, 2669.4828, 751.2400, 18.5654
2025-12-02 02:23:00, 0.0564655677, 0.0526032822, 0.1506352025, 0.1236043418, 2700.1636, 2702.2727, 754.0600, 17.1871
2025-12-02 02:23:05, 0.0757601331, 0.0698216746, 0.1094259233, 0.1347995312, 3083.4032, 3167.1774, 755.0450, 18.6808
2025-12-02 02:23:11, 0.0756532585, 0.0710588127, 0.1437701030, 0.1297486956, 2745.8500, 2876.2250, 755.4250, 17.8615
2025-12-02 02:23:17, 0.0919514514, 0.0609514376, 0.2260257918, 0.1855578977, 2786.1837, 2769.0000, 754.8850, 17.1307
2025-12-02 02:23:23, 0.0564095828, 0.0425367138, 0.1400803313, 0.1580702897, 2746.9538, 2756.9692, 753.4100, 19.0416
2025-12-02 02:23:29, 0.0674756580, 0.0597244296, 0.1714216651, 0.1397238268, 2731.1905, 2659.1746, 753.5900, 18.5168
2025-12-02 02:23:35, 0.0634206731, 0.0604626026, 0.1284045423, 0.1432800338, 2863.2222, 2769.2407, 756.5050, 18.0017
2025-12-02 02:23:40, 0.0445829606, 0.0511315935, 0.2033679029, 0.1457869566, 2883.6721, 2765.2131, 755.9500, 17.3216
2025-12-02 02:23:46, 0.0608817739, 0.0586850162, 0.1335644759, 0.1091773453, 2654.4138, 2670.9310, 753.9700, 17.7099
2025-12-02 02:23:52, 0.0588340874, 0.0769989167, 0.1736543099, 0.1678597092, 2938.5738, 2899.5410, 756.7800, 18.6331
2025-12-02 02:23:57, 0.0442839258, 0.0476758709, 0.1070508191, 0.0980694451, 2739.5862, 2755.2586, 754.3550, 16.8677
2025-12-02 02:24:03, 0.0910540968, 0.0717163112, 0.1155268442, 0.1018480901, 2890.2414, 2941.5690, 754.5950, 18.4250
2025-12-02 02:24:09, 0.0542569882, 0.0422710389, 0.1141773191, 0.1133556512, 2587.7843, 2488.0000, 757.6250, 18.5886
2025-12-02 02:24:15, 0.0470004374, 0.0461896807, 0.1826594435, 0.1205800482, 2779.0377, 2722.0189, 755.8200, 17.9630
2025-12-02 02:24:20, 0.0434405374, 0.0513078243, 0.1624825970, 0.1858817179, 2676.8500, 2664.4167, 759.1450, 17.0371
2025-12-02 02:24:26, 0.0361650286, 0.0326562452, 0.1408699543, 0.0915890338, 2875.6094, 2758.7031, 756.9350, 19.0192
2025-12-02 02:24:32, 0.0516724609, 0.0476780174, 0.1326895181, 0.1217370753, 2497.5000, 2579.2759, 758.5150, 18.8844
2025-12-02 02:24:38, 0.0452158826, 0.0473498567, 0.1776393622, 0.1700718790, 2719.6774, 2702.6935, 756.3850, 17.1285
2025-12-02 02:24:44, 0.0502440503, 0.0566801174, 0.1237653192, 0.1407415797, 2891.4630, 2914.9630, 756.3400, 18.5039
2025-12-02 02:24:50, 0.0557147315, 0.0586731024, 0.0986391040, 0.0984522287, 3050.1633, 2962.7347, 757.6400, 17.9237
2025-12-02 02:24:55, 0.0507423689, 0.0528556492, 0.1118176727, 0.1157753934, 2574.2667, 2588.1333, 758.6750, 17.4891
2025-12-02 02:25:01, 0.0678737917, 0.0637138674, 0.2143464099, 0.2230171106, 2685.0357, 2667.9643, 758.2950, 17.2629
2025-12-02 02:25:07, 0.0268820465, 0.0340041817, 0.1085240498, 0.1294629195, 2869.3571, 2848.4643, 756.7550, 19.7153
2025-12-02 02:25:13, 0.0843533229, 0.0832310299, 0.2553443097, 0.1737746354, 2999.4000, 3030.4750, 761.6250, 18.9128
2025-12-02 02:25:18, 0.0585341713, 0.0587054050, 0.1132130046, 0.1130127972, 2578.1463, 2541.9512, 761.8150, 18.1833
2025-12-02 02:25:24, 0.0601506715, 0.0691452358, 0.1434785542, 0.1293103919, 2689.1951, 2778.0976, 759.3450, 16.1844
2025-12-02 02:25:30, 0.0612410356, 0.0585524684, 0.1809315142, 0.1626132689, 2564.3256, 2532.6279, 761.5250, 18.1653
2025-12-02 02:25:36, 0.1247195798, 0.1158584451, 0.1563047342, 0.1348679295, 2526.7059, 2666.0588, 761.1800, 19.0850
2025-12-02 02:25:42, 0.1081868558, 0.1252552676, 0.1043091237, 0.1358612170, 3128.7222, 3149.1111, 764.5550, 18.1052
2025-12-02 02:25:48, 0.0439766571, 0.0501015230, 0.1808257610, 0.1331225801, 2616.8980, 2547.0000, 765.6550, 17.0724
2025-12-02 02:25:53, 0.0517988526, 0.0460293716, 0.1192587195, 0.1585541956, 2832.7647, 2997.1765, 759.4700, 19.1191
2025-12-02 02:25:59, 0.0245093127, 0.0316015523, 0.1939633575, 0.1905690640, 2629.7692, 2611.6462, 761.7500, 18.7397
2025-12-02 02:26:05, 0.0440731402, 0.0669943224, 0.1236998996, 0.1181880982, 2902.1633, 2828.5714, 764.4000, 18.0782
2025-12-02 02:26:11, 0.0516757704, 0.0469994062, 0.3145762160, 0.3100259142, 3124.2000, 3112.1000, 763.9350, 17.9875
2025-12-02 02:26:16, 0.0618031700, 0.0614080507, 0.1188809171, 0.1217935537, 2884.9811, 2869.5472, 763.5500, 19.4138
2025-12-02 02:26:22, 0.0386896468, 0.0370464044, 0.1457341814, 0.1471647398, 2667.4667, 2634.7833, 766.4650, 19.9584
2025-12-02 02:26:28, 0.0638737742, 0.0541562430, 0.1186709834, 0.1131397019, 2646.0000, 2668.8545, 768.3600, 17.9246
2025-12-02 02:26:33, 0.0384059765, 0.0507945386, 0.1531130716, 0.2082656433, 2550.8571, 2600.0816, 764.5400, 17.8084
2025-12-02 02:26:39, 0.0646993062, 0.0685536391, 0.1536807369, 0.1419847392, 2954.0213, 3019.3191, 764.6350, 17.3185
2025-12-02 02:26:45, 0.0726937527, 0.0614960232, 0.2620917922, 0.2137206290, 3039.7073, 3011.5122, 762.6050, 17.6411
2025-12-02 02:26:51, 0.0769845055, 0.0779296508, 0.1237121267, 0.1247019271, 2716.8367, 2682.4082, 763.1850, 17.5986
2025-12-02 02:26:57, 0.0397493005, 0.0386171028, 0.1479255407, 0.1324613644, 2508.7059, 2490.3529, 762.2450, 18.3165
2025-12-02 02:27:02, 0.0466153086, 0.0392117522, 0.1829128418, 0.1682017592, 2711.7742, 2576.1290, 762.9350, 19.2998
2025-12-02 02:27:08, 0.0520979605, 0.0634416529, 0.1370422159, 0.1293218974, 2830.2609, 2806.3261, 765.2350, 19.1864
2025-12-02 02:27:14, 0.0802674799, 0.0831649255, 0.1985650648, 0.1712126310, 2716.3878, 2705.6327, 764.3800, 17.9080
2025-12-02 02:27:20, 0.0504203779, 0.0601488824, 0.1153555118, 0.1491977949, 2792.3137, 2846.8627, 761.4150, 17.6698
2025-12-02 02:27:26, 0.0619196831, 0.0696510631, 0.1297514601, 0.1131472539, 2839.2407, 2740.1852, 762.1200, 18.6039
2025-12-02 02:27:31, 0.0308353997, 0.0351473410, 0.1741754874, 0.1327238630, 2930.8772, 2803.5439, 760.6800, 19.4969
2025-12-02 02:27:37, 0.0644506867, 0.0547730011, 0.1518682648, 0.1320926271, 2867.2083, 2769.2708, 760.9650, 19.4104
2025-12-02 02:27:43, 0.0572665322, 0.0593423100, 0.0793637583, 0.0713515180, 2650.1765, 2586.3529, 762.3000, 18.9539
2025-12-02 02:27:49, 0.1005441342, 0.1054214851, 0.1632175770, 0.1199725451, 2965.2979, 2904.0213, 759.6900, 18.0971
2025-12-02 02:27:55, 0.1047683788, 0.0833534492, 0.1019914158, 0.1009093830, 2678.3125, 2650.8542, 757.5450, 18.8674
2025-12-02 02:28:00, 0.0554113460, 0.0526436870, 0.1303782573, 0.1024775997, 2676.3600, 2674.3800, 756.4000, 18.7409
2025-12-02 02:28:06, 0.0601514404, 0.0659864922, 0.1370936162, 0.1009714515, 2730.4286, 2600.7755, 757.9600, 20.3840
2025-12-02 02:28:12, 0.0624075809, 0.0589728686, 0.1069489059, 0.1258163993, 2858.6190, 2891.3968, 758.6250, 16.7733
2025-12-02 02:28:17, 0.0761243134, 0.0731286865, 0.0917975468, 0.1011650261, 2621.2549, 2659.8431, 756.5500, 19.2122
2025-12-02 02:28:23, 0.0621663032, 0.0609263885, 0.1202509780, 0.1012168599, 2790.7222, 2721.7593, 758.2950, 17.6527
2025-12-02 02:28:29, 0.1193096858, 0.0892990454, 0.1195608934, 0.1041124914, 2840.2653, 2872.4490, 756.6950, 18.9112
2025-12-02 02:28:35, 0.0959156985, 0.0677044129, 0.0962809185, 0.1232052500, 2923.4615, 2815.4808, 758.0050, 17.1410
2025-12-02 02:28:41, 0.0756041694, 0.0725102502, 0.1240875099, 0.1127227726, 2895.6667, 2833.3750, 759.4350, 18.8962
2025-12-02 02:28:46, 0.0483629881, 0.0594243550, 0.0597903807, 0.0535264031, 2584.7321, 2571.2679, 757.2950, 18.6276
2025-12-02 02:28:52, 0.0792464149, 0.0689733691, 0.1367170409, 0.1228864739, 2936.8594, 2904.9375, 755.9900, 17.6867
2025-12-02 02:28:59, 0.0856952215, 0.1073819064, 0.1511538447, 0.1430718579, 3162.3019, 3179.3396, 757.2150, 18.1681
2025-12-02 02:29:05, 0.1065725508, 0.1020981558, 0.1057758943, 0.1101260597, 2682.9322, 2737.9661, 756.8350, 17.1219
2025-12-02 02:29:10, 0.0578835603, 0.0529267963, 0.1254641844, 0.1084538510, 2899.6471, 2746.0588, 756.1250, 18.8454
2025-12-02 02:29:16, 0.0514634404, 0.0496838251, 0.0963607860, 0.1050555704, 2775.7115, 2704.9038, 755.1400, 19.9349
2025-12-02 02:29:22, 0.0584388356, 0.0664780845, 0.1272565292, 0.1090179102, 2822.0000, 2792.7679, 755.8050, 18.9794
2025-12-02 02:29:28, 0.0772855205, 0.0795974650, 0.1409834495, 0.1021198695, 3033.6786, 2872.1786, 756.5300, 18.8226
2025-12-02 02:29:34, 0.0922410111, 0.0689812484, 0.0608587918, 0.0644067058, 2893.6038, 2927.6038, 756.0250, 17.6953
2025-12-02 02:29:39, 0.0581578458, 0.0554701519, 0.0915742144, 0.0827934888, 2680.6000, 2773.3333, 757.3900, 18.6177
2025-12-02 02:29:45, 0.0692455969, 0.0607798899, 0.1134591710, 0.0997341332, 2943.7143, 2969.5357, 758.8600, 18.1736
2025-12-02 02:29:51, 0.0533165602, 0.0421186391, 0.1080931069, 0.0845777504, 2778.6000, 2695.3429, 759.3100, 17.1430
2025-12-02 02:29:57, 0.0839232194, 0.0820714336, 0.1621215848, 0.1178692825, 2835.7451, 2800.4314, 760.4150, 17.3064
2025-12-02 02:30:03, 0.1030069118, 0.0863333933, 0.1403291346, 0.1022992782, 2975.8980, 2813.6531, 757.2600, 17.2436
2025-12-02 02:30:08, 0.0852718062, 0.0968804563, 0.1186731307, 0.1085532668, 2887.2766, 3002.7660, 754.7050, 18.1788
2025-12-02 02:30:14, 0.0392403268, 0.0538907906, 0.0871433455, 0.1218949317, 2857.6786, 2906.2857, 756.0750, 17.5639
2025-12-02 02:30:20, 0.0530419582, 0.0510412823, 0.1680832408, 0.1546050975, 2943.6304, 2764.4130, 760.1150, 18.0012
2025-12-02 02:30:25, 0.0826708352, 0.0849563782, 0.1166746790, 0.1253972808, 2887.6863, 2907.2157, 756.0950, 20.0463
2025-12-02 02:30:31, 0.0580840711, 0.0719525719, 0.1174605418, 0.1463101894, 2760.3673, 2802.0408, 757.0950, 18.0814
2025-12-02 02:30:37, 0.0825259328, 0.0815486342, 0.0910902666, 0.1149278183, 2735.8333, 2808.2708, 762.2250, 17.9018
2025-12-02 02:30:43, 0.0591695321, 0.0619429101, 0.0961255641, 0.1230213371, 3110.3846, 3124.5385, 762.4950, 18.6952
2025-12-02 02:30:48, 0.0636227943, 0.0861071099, 0.1532453597, 0.1293756080, 2830.9385, 2754.5692, 765.0750, 19.3204
2025-12-02 02:30:54, 0.0474432061, 0.0482613758, 0.1491454087, 0.1267873093, 2920.1724, 2825.1552, 763.5550, 17.0443
2025-12-02 02:31:00, 0.0794114973, 0.0887143155, 0.1159441332, 0.1207028860, 3227.7797, 3199.6780, 763.1600, 17.4131
2025-12-02 02:31:06, 0.0621292271, 0.0564394798, 0.1040097213, 0.0888739110, 2849.2745, 2901.0392, 763.6050, 16.9201
2025-12-02 02:31:12, 0.0563084395, 0.0562000122, 0.1348641015, 0.1619953031, 3120.0536, 3019.1429, 763.9500, 18.6042
2025-12-02 02:31:17, 0.0425907448, 0.0353994775, 0.1021233633, 0.0825802946, 2674.9565, 2623.5362, 762.3700, 18.6455
2025-12-02 02:31:23, 0.0823982242, 0.0678056943, 0.1225477102, 0.0829108720, 2780.0702, 2753.6140, 761.4700, 18.5302
2025-12-02 02:31:29, 0.1166647677, 0.0907863434, 0.0834815142, 0.0868335211, 2721.3750, 2702.7143, 764.8000, 20.5876
2025-12-02 02:31:34, 0.0489491916, 0.0494787330, 0.1656947688, 0.1588496432, 2706.5455, 2576.5000, 761.1050, 17.1086
2025-12-02 02:31:40, 0.0329541271, 0.0327114609, 0.1468510756, 0.1453893455, 2775.5690, 2646.5862, 760.7350, 18.7081
2025-12-02 02:31:46, 0.0331627806, 0.0352922298, 0.1799062257, 0.1386791067, 2708.4912, 2521.4912, 759.3050, 18.5155
2025-12-02 02:31:52, 0.0402675628, 0.0348344699, 0.1794261571, 0.1489892230, 2917.2857, 2764.6190, 757.6450, 17.6626
2025-12-02 02:31:57, 0.0399695432, 0.0390961495, 0.1314099773, 0.1250114829, 2898.2807, 2807.9123, 763.3000, 19.1706
2025-12-02 02:32:06, 0.0497213279, 0.0579969182, 0.1156039948, 0.0771658084, 2598.3488, 2556.4419, 759.2750, 18.6973
2025-12-02 02:32:12, 0.0515252392, 0.0504747479, 0.1930266811, 0.2518878392, 3067.7143, 3073.5714, 758.1100, 18.1537
2025-12-02 02:32:18, 0.0305147935, 0.0350505067, 0.1573389162, 0.1640829390, 2889.0000, 2889.7000, 759.1000, 18.2244
2025-12-02 02:32:23, 0.0831509490, 0.0685805483, 0.2480784398, 0.1683588063, 2738.9259, 2677.1296, 758.0000, 16.9935
2025-12-02 02:32:29, 0.0303399378, 0.0301447157, 0.1943951680, 0.1865899643, 2912.9841, 2771.0000, 760.5400, 18.0715
2025-12-02 02:32:35, 0.0678304126, 0.0713050028, 0.1505937137, 0.1706958583, 3083.9024, 3107.0244, 759.4700, 19.1149
2025-12-02 02:32:41, 0.0701271693, 0.0542085003, 0.1465425218, 0.1008092482, 2598.0192, 2582.8846, 760.1400, 16.6463
2025-12-02 02:32:46, 0.0806241392, 0.0642592070, 0.1356771788, 0.1198463650, 2785.0377, 2746.5283, 758.7450, 17.9449
2025-12-02 02:32:52, 0.0618965178, 0.0800547648, 0.1150140194, 0.1316552540, 2789.5682, 2910.3182, 756.0200, 18.6352
2025-12-02 02:32:58, 0.0661976058, 0.0494216837, 0.1407392108, 0.1396960409, 2852.8298, 2927.5532, 759.1050, 17.0995
2025-12-02 02:33:04, 0.0557488964, 0.0444854675, 0.1074127715, 0.1129185101, 2555.4375, 2635.1667, 759.1050, 18.2188
2025-12-02 02:33:09, 0.0612333855, 0.0473584777, 0.2971705369, 0.1738280876, 2874.6863, 2704.3922, 757.3300, 18.8558
2025-12-02 02:33:15, 0.0493580859, 0.0590939168, 0.2101364820, 0.1629298870, 2762.4035, 2748.5789, 760.1600, 17.7602
2025-12-02 02:33:21, 0.0473692408, 0.0471807121, 0.1467175427, 0.1644477450, 2358.3333, 2464.8500, 764.1700, 18.5995
2025-12-02 02:33:27, 0.0499892830, 0.0363081923, 0.1964392964, 0.1257336802, 2831.0000, 2715.3191, 758.1300, 19.6284
2025-12-02 02:33:32, 0.0625834649, 0.0468234563, 0.1975926828, 0.1375056274, 2532.1600, 2582.7800, 764.7350, 18.4384
2025-12-02 02:33:38, 0.0515333973, 0.0482631016, 0.2189764962, 0.2407057034, 3028.8250, 3013.4000, 758.3050, 18.5608
2025-12-02 02:33:44, 0.0638106326, 0.0700091856, 0.1464846796, 0.2105825254, 2717.1778, 2678.8889, 761.6900, 19.9157
2025-12-02 02:33:50, 0.0413574216, 0.0502340021, 0.1570016440, 0.1693236751, 2781.7547, 2719.2830, 761.1150, 19.3879
2025-12-02 02:33:55, 0.0531009583, 0.0513430729, 0.1243077097, 0.1372691838, 2737.2927, 2835.8537, 765.1850, 19.8515
2025-12-02 02:34:01, 0.0356192766, 0.0368954722, 0.2746478098, 0.2625217795, 2658.0000, 2596.9333, 762.5700, 20.3653
2025-12-02 02:34:07, 0.0644198388, 0.0740433549, 0.1320737189, 0.1149658549, 2746.4035, 2709.5088, 765.9850, 19.1171
2025-12-02 02:34:13, 0.0513886986, 0.0547658048, 0.1890573241, 0.1930399580, 2813.5968, 2724.7097, 768.2250, 20.9744
2025-12-02 02:34:19, 0.0907671561, 0.0915617966, 0.1376272883, 0.1085760859, 2732.1250, 2614.6458, 766.8000, 19.9040
2025-12-02 02:34:24, 0.0624668041, 0.0508723590, 0.1085272399, 0.0925340928, 2874.3415, 2783.3415, 767.1950, 19.6598
2025-12-02 02:34:30, 0.0503549674, 0.0548600193, 0.1204538763, 0.0944762677, 2875.6909, 2998.7273, 769.5050, 20.9096
2025-12-02 02:34:36, 0.0537325463, 0.0502126415, 0.1095947112, 0.0729495120, 2909.9032, 2651.3548, 770.5250, 18.3837
2025-12-02 02:34:41, 0.1038376742, 0.1104157067, 0.1179388207, 0.1388148170, 2725.0196, 2789.8431, 768.5050, 18.5753
2025-12-02 02:34:47, 0.0949211801, 0.1007525966, 0.1350237477, 0.1141192365, 2856.4468, 2931.1489, 767.5900, 19.7082
2025-12-02 02:34:53, 0.0970891170, 0.1110618218, 0.1515482675, 0.1101228956, 2851.1400, 2937.0400, 764.9650, 18.2481
2025-12-02 02:34:59, 0.0909176158, 0.0711711131, 0.1537057766, 0.1917533366, 2853.3542, 2929.1250, 765.9200, 19.3988
2025-12-02 02:35:05, 0.0605275251, 0.0557707125, 0.1558107533, 0.1688210996, 2792.9091, 2736.3864, 764.4800, 20.6703
2025-12-02 02:35:10, 0.0808307614, 0.0578995811, 0.1269143451, 0.1367868085, 2686.7170, 2692.5849, 766.7350, 18.4514
2025-12-02 02:35:16, 0.0522727695, 0.0621501402, 0.1197256315, 0.1493536510, 2718.5690, 2790.4310, 764.7750, 19.4194
2025-12-02 02:35:22, 0.0411846180, 0.0381820453, 0.1547638776, 0.1449525342, 2785.1569, 2684.4902, 765.1550, 17.3188
2025-12-02 02:35:28, 0.0492485515, 0.0484931072, 0.1940360937, 0.1859761821, 3021.4615, 2983.0000, 768.7150, 21.1522
2025-12-02 02:35:33, 0.0606479691, 0.0487075486, 0.1050731689, 0.1146650059, 2589.7193, 2420.0000, 766.8850, 17.8693
2025-12-02 02:35:39, 0.0671887617, 0.0489449534, 0.1216202812, 0.1084328942, 2530.7959, 2487.8980, 768.5250, 17.7637
2025-12-02 02:35:45, 0.0792862932, 0.0679901724, 0.1389879827, 0.1289704086, 2842.8298, 2709.6596, 765.9200, 20.4957
2025-12-02 02:35:50, 0.0653784176, 0.0681519277, 0.1160014820, 0.1104042106, 2529.6949, 2541.1695, 767.1900, 17.8318
2025-12-02 02:35:57, 0.0722054448, 0.0642552631, 0.1542227090, 0.1048798464, 2872.3810, 2777.3095, 763.2050, 19.2682
2025-12-02 02:36:03, 0.0778802618, 0.0908163778, 0.1332600962, 0.1273457712, 2713.6471, 2743.0588, 766.0800, 19.3073
2025-12-02 02:36:08, 0.0643678458, 0.0692034224, 0.1417901308, 0.1114294287, 2660.3250, 2589.4750, 764.7250, 20.1968
2025-12-02 02:36:14, 0.0629617121, 0.0600994045, 0.1563269323, 0.1526352090, 2874.2222, 2842.8333, 766.8650, 16.8317
2025-12-02 02:36:20, 0.0511065337, 0.0564116725, 0.1922087169, 0.1918860337, 2994.7115, 2929.6923, 763.5050, 18.9971
2025-12-02 02:36:26, 0.0714165188, 0.0885898799, 0.1472734731, 0.1229184624, 2705.0200, 2654.3200, 762.7350, 17.6702
2025-12-02 02:36:32, 0.0817673666, 0.0794349646, 0.1001084025, 0.0750659220, 2755.7778, 2679.7222, 764.5500, 18.8321
2025-12-02 02:36:38, 0.0869652688, 0.0794422377, 0.1165101771, 0.1088924642, 2787.9348, 2907.6739, 763.7100, 18.9875
2025-12-02 02:36:44, 0.0675765894, 0.0827409285, 0.2047928507, 0.1992387722, 2808.6458, 2733.2292, 764.9050, 18.1289
2025-12-02 02:36:49, 0.0533405714, 0.0550342838, 0.1213439312, 0.1441653821, 2673.2500, 2615.7885, 762.3450, 16.8079
2025-12-02 02:36:55, 0.0145264348, 0.0269483306, 0.1119797684, 0.1002312445, 2753.8966, 2570.2759, 766.8900, 17.9343
2025-12-02 02:37:01, 0.0605967732, 0.0521443832, 0.1484745958, 0.1127327318, 2538.7451, 2543.5686, 767.8000, 19.3305
2025-12-02 02:37:07, 0.0646928975, 0.0509741785, 0.1594095010, 0.1637644757, 2843.2188, 2826.0625, 769.5350, 16.5924
2025-12-02 02:37:12, 0.0519883171, 0.0554743218, 0.1187822996, 0.1393676252, 3216.5208, 3101.6042, 764.2300, 18.4929
2025-12-02 02:37:18, 0.0448751162, 0.0450925488, 0.0957853386, 0.1219638414, 2807.0000, 2790.3833, 766.4000, 18.2844
2025-12-02 02:37:24, 0.0639639708, 0.0618655812, 0.1315960260, 0.1077897281, 2488.7705, 2471.8852, 764.5250, 19.1810
2025-12-02 02:37:30, 0.0431610508, 0.0544492974, 0.1016781030, 0.1042918185, 3061.7500, 3144.3182, 764.3400, 18.6484
2025-12-02 02:37:35, 0.0654123146, 0.0556357143, 0.1244051121, 0.1337263729, 2638.3438, 2738.2344, 761.5750, 19.4418
2025-12-02 02:37:41, 0.0665758426, 0.0556424586, 0.1604617486, 0.1348384683, 2529.3455, 2426.5818, 763.2750, 18.8159
2025-12-02 02:37:47, 0.0768718315, 0.0710286913, 0.2066190364, 0.1431414324, 2510.8293, 2556.5610, 762.1500, 18.2983
2025-12-02 02:37:53, 0.0684284155, 0.0660369909, 0.1415953264, 0.1181161099, 2826.1636, 2852.0364, 762.0850, 19.5849
2025-12-02 02:37:58, 0.0529278692, 0.0558726429, 0.2958024025, 0.1971586488, 2784.0196, 2627.3529, 761.0200, 19.8597
2025-12-02 02:38:04, 0.0724838638, 0.0671549583, 0.1201225597, 0.1323500140, 2725.6444, 2780.9778, 758.2150, 19.3783
2025-12-02 02:38:10, 0.0483439643, 0.0491925906, 0.0958591318, 0.1403478156, 2473.5714, 2489.1633, 762.6250, 19.7090
2025-12-02 02:38:15, 0.0756377949, 0.0611554814, 0.1737743522, 0.1630266465, 2648.3673, 2723.5714, 764.9300, 18.0029
2025-12-02 02:38:21, 0.0538318908, 0.0646212434, 0.2183082152, 0.1732084930, 2947.8065, 2761.5000, 761.9750, 19.4140
2025-12-02 02:38:27, 0.0487302011, 0.0460760240, 0.1795575511, 0.1990119879, 2728.7000, 2866.0667, 763.2650, 19.6973
2025-12-02 02:38:33, 0.0546379296, 0.0480316336, 0.1002536404, 0.1015534980, 2788.2982, 2779.0175, 761.4450, 18.4377
2025-12-02 02:38:39, 0.0740078023, 0.0888142224, 0.1776718224, 0.1444564583, 2964.0000, 3116.5306, 762.0950, 18.6300
2025-12-02 02:38:45, 0.0649830527, 0.0746229645, 0.1626815376, 0.1634911550, 2696.4717, 2705.6792, 762.3100, 18.0744
2025-12-02 02:38:51, 0.0607261578, 0.0712872906, 0.0753791559, 0.0802807222, 2695.8333, 2593.7222, 760.0050, 17.4936
2025-12-02 02:38:56, 0.0519166086, 0.0484352045, 0.1390541578, 0.1476301407, 2562.7551, 2511.8980, 758.2400, 18.7833
2025-12-02 02:39:02, 0.0693513661, 0.0685025327, 0.1603309590, 0.1305798903, 2494.9231, 2520.5192, 759.6050, 16.3581
2025-12-02 02:39:08, 0.0310925158, 0.0310727374, 0.1530564128, 0.1226665492, 2625.1509, 2616.0000, 757.6100, 17.3135
2025-12-02 02:39:13, 0.0755934207, 0.0555145633, 0.1163974135, 0.1289188140, 2794.8889, 2737.6667, 760.5900, 19.4577
2025-12-02 02:39:19, 0.0806684650, 0.0641646623, 0.1324142444, 0.1270322460, 2966.0847, 2979.1017, 756.5650, 18.7410
2025-12-02 02:39:25, 0.0615502993, 0.0541955889, 0.1016458630, 0.1097427187, 2659.1111, 2581.5741, 761.0000, 18.0150
2025-12-02 02:39:31, 0.0515777236, 0.0581764553, 0.1219865599, 0.1340406052, 2841.3659, 2884.2927, 759.0750, 18.1593
2025-12-02 02:39:36, 0.0778896621, 0.0804832239, 0.1291133188, 0.1138891383, 2719.2941, 2646.5294, 759.9800, 17.6122
2025-12-02 02:39:42, 0.0699846830, 0.0587777320, 0.1469859992, 0.1158553233, 2814.9630, 2703.6852, 762.3400, 17.7754
2025-12-02 02:39:48, 0.0898269040, 0.1068340807, 0.1226166685, 0.1174070341, 2939.7872, 2950.6383, 762.0300, 19.5767
2025-12-02 02:39:53, 0.0414824980, 0.0407546717, 0.1195717040, 0.1806893814, 2490.8800, 2604.9400, 762.7900, 17.7591
2025-12-02 02:39:59, 0.0393736713, 0.0366930545, 0.1593585645, 0.1592387239, 2698.7018, 2672.0351, 760.3200, 19.4440
2025-12-02 02:40:05, 0.0330094056, 0.0525098895, 0.1444933032, 0.1393460761, 2735.6296, 2641.8889, 760.4000, 18.5542
2025-12-02 02:40:11, 0.0306694251, 0.0399706602, 0.1294905174, 0.1499123209, 2691.6818, 2704.0227, 761.2650, 19.2113
2025-12-02 02:40:16, 0.0481207989, 0.0484529036, 0.1592469768, 0.1094936351, 2869.7344, 2777.7188, 761.9750, 18.2246
2025-12-02 02:40:22, 0.0604990265, 0.0499217332, 0.1333822303, 0.1474987619, 2573.0169, 2532.0169, 760.3100, 16.6992
2025-12-02 02:40:28, 0.0452022592, 0.0463120857, 0.1562857511, 0.1048920264, 2967.1774, 2969.6452, 756.1800, 18.1193
2025-12-02 02:40:34, 0.0396830823, 0.0455862076, 0.1406585291, 0.1164501216, 2624.9831, 2616.0169, 757.8750, 17.7930
2025-12-02 02:40:39, 0.0592053016, 0.0518974266, 0.1135928934, 0.1095026967, 2665.3729, 2628.5085, 757.0150, 17.6450
2025-12-02 02:40:45, 0.0504308376, 0.0441637738, 0.1766521157, 0.1242793959, 2866.1970, 2753.8636, 760.1850, 17.7345
2025-12-02 02:40:51, 0.0754871645, 0.0617077517, 0.1070582081, 0.0986092261, 2920.5571, 2955.8286, 760.0200, 17.4499
2025-12-02 02:40:56, 0.0523413788, 0.0744013578, 0.1135534785, 0.1026552796, 2684.9298, 2556.9123, 764.8450, 17.2752
2025-12-02 02:41:02, 0.0412886003, 0.0499834436, 0.1110161929, 0.0848997531, 2745.8308, 2756.5538, 761.1350, 19.4524
2025-12-02 02:41:08, 0.0530874070, 0.0631137463, 0.0952634322, 0.0942770331, 2883.7288, 2710.2712, 763.4050, 18.0627
2025-12-02 02:41:14, 0.0835633041, 0.0828336807, 0.1494060682, 0.1382993695, 2787.3922, 2798.3137, 762.6950, 17.6989
2025-12-02 02:41:20, 0.0899625457, 0.0812279565, 0.1365380081, 0.1483890315, 2765.2241, 2822.5000, 765.5100, 17.7637
2025-12-02 02:41:25, 0.0620469646, 0.0628371524, 0.1318269663, 0.1568959198, 2930.6792, 2859.2453, 763.3400, 17.9846
2025-12-02 02:41:31, 0.0424522523, 0.0392989198, 0.0754602683, 0.0882117868, 2493.7121, 2455.9848, 763.4750, 18.3834
2025-12-02 02:41:37, 0.0533373268, 0.0592402811, 0.1159989045, 0.1022571795, 2804.8667, 2576.8167, 762.5750, 19.8195
2025-12-02 02:41:43, 0.0583269610, 0.0696148580, 0.0902344551, 0.0703199419, 2746.3276, 2642.9655, 763.7150, 17.2729
2025-12-02 02:41:49, 0.0640381726, 0.0668308158, 0.1404621716, 0.1691194701, 2665.4091, 2653.8864, 765.1800, 18.7379
2025-12-02 02:41:54, 0.0945882740, 0.0723489056, 0.1336170231, 0.1488151403, 2737.3265, 2769.6122, 761.9800, 18.4488
2025-12-02 02:42:00, 0.0947299385, 0.0832320064, 0.0915198353, 0.0960837097, 2726.7759, 2766.8966, 763.4900, 18.5254
2025-12-02 02:42:06, 0.0830262076, 0.0701368407, 0.0706516995, 0.0765543947, 2691.1132, 2647.5094, 762.3050, 18.8887
2025-12-02 02:42:11, 0.0673706655, 0.0890930998, 0.1058049351, 0.0945170752, 2929.5833, 2765.6944, 761.7550, 17.9018
2025-12-02 02:42:17, 0.0861412796, 0.0931007935, 0.1058319703, 0.1117403710, 2513.6066, 2561.4262, 760.6500, 17.4189
2025-12-02 02:42:23, 0.0498608254, 0.0574922460, 0.1037951107, 0.0985407360, 2917.3077, 2754.5192, 762.8000, 17.6675
2025-12-02 02:42:29, 0.0895336569, 0.0850387036, 0.1593377549, 0.1511886068, 2858.3200, 2842.8200, 764.6400, 20.4539
2025-12-02 02:42:35, 0.0489981252, 0.0472152017, 0.1586758126, 0.1349159705, 2498.0769, 2449.1154, 762.3500, 19.2410
2025-12-02 02:42:40, 0.0738776590, 0.0636693417, 0.1492814462, 0.1368774475, 2593.0167, 2480.8500, 762.5850, 17.1214
2025-12-02 02:42:46, 0.0800491091, 0.0720375433, 0.2131132852, 0.1770302356, 2788.0833, 2745.8542, 760.0550, 18.9394
2025-12-02 02:42:52, 0.0532469684, 0.0570575427, 0.0907507502, 0.1161679898, 2762.3019, 2863.8113, 762.5650, 19.3503
2025-12-02 02:42:58, 0.0618923392, 0.0653804090, 0.0995163720, 0.1267676023, 2628.8889, 2785.4444, 754.6000, 16.8757
2025-12-02 02:43:03, 0.0632850520, 0.0598561821, 0.1099943801, 0.1070171861, 3042.0984, 2946.4918, 756.8700, 16.6326
2025-12-02 02:43:09, 0.0620896398, 0.0495512424, 0.1558972508, 0.1072896191, 2586.3830, 2634.9787, 761.2700, 18.3226
2025-12-02 02:43:15, 0.0797460660, 0.0794593088, 0.0920822872, 0.0932953193, 2609.0784, 2536.3333, 760.9250, 18.4176
2025-12-02 02:43:21, 0.0545783527, 0.0485338072, 0.1365199884, 0.1524433514, 2744.6250, 2638.4107, 760.0100, 18.3262
2025-12-02 02:43:26, 0.0625861896, 0.0533428886, 0.0842359248, 0.1063765820, 2860.6444, 2884.5778, 759.9400, 19.0640
2025-12-02 02:43:32, 0.0604548924, 0.0623114355, 0.1087816858, 0.0844798308, 2583.0392, 2588.3137, 758.4600, 18.9008
2025-12-02 02:43:38, 0.0897267282, 0.1032687602, 0.1781849487, 0.1457233574, 3010.1957, 2889.4348, 756.5250, 17.7169
2025-12-02 02:43:44, 0.0727308588, 0.0679209028, 0.1812751034, 0.1868333278, 2752.3485, 2869.2727, 758.4200, 17.0770
2025-12-02 02:43:50, 0.0771588908, 0.0949309347, 0.1327843054, 0.0929067477, 2940.1552, 2851.2931, 759.4800, 19.8328
2025-12-02 02:43:56, 0.0668755985, 0.0782519145, 0.1438304052, 0.1489236335, 2760.1429, 2748.8980, 761.1050, 17.7934
2025-12-02 02:44:01, 0.0998129643, 0.0718466619, 0.1636124704, 0.1132191019, 2909.8293, 2816.4878, 757.5950, 17.8765
2025-12-02 02:44:07, 0.0822496882, 0.0831176666, 0.1189589243, 0.1076773795, 2585.3061, 2596.1224, 756.2900, 18.0002
2025-12-02 02:44:13, 0.0888253799, 0.0788684605, 0.2027172308, 0.1508297238, 2737.7255, 2774.5882, 757.5300, 18.1986
2025-12-02 02:44:18, 0.0853913529, 0.0689940294, 0.2147991075, 0.2145285159, 2747.6875, 2835.7500, 758.6650, 17.8489
2025-12-02 02:44:24, 0.0838394369, 0.0885076527, 0.0988039116, 0.0743837792, 2612.7292, 2599.5417, 753.8450, 18.2267
2025-12-02 02:44:30, 0.0514352168, 0.0659316955, 0.1349437069, 0.1329156420, 2894.4510, 2873.9412, 754.1800, 18.4742
2025-12-02 02:44:36, 0.0534728947, 0.0557059802, 0.1116995366, 0.0925125913, 2740.2353, 2762.9020, 757.8800, 17.4317
2025-12-02 02:44:42, 0.0713436768, 0.0626206087, 0.1151399010, 0.1259721487, 2918.2174, 2902.4348, 754.2050, 19.7079
2025-12-02 02:44:47, 0.0873821579, 0.0749631603, 0.1490028574, 0.1367764597, 2782.5625, 2762.6250, 755.3400, 19.3637
2025-12-02 02:44:53, 0.0596039238, 0.0782692776, 0.1427617903, 0.1786980050, 2635.8039, 2706.4706, 756.4050, 16.4012
2025-12-02 02:45:00, 0.1096543635, 0.1101765411, 0.1221772080, 0.1034985567, 2679.1778, 2784.6222, 755.7300, 17.1670
2025-12-02 02:45:05, 0.1075746257, 0.0917961833, 0.1718812663, 0.2276778146, 2902.1852, 3044.1296, 759.4750, 19.7818
2025-12-02 02:45:11, 0.1269784073, 0.0867011676, 0.0844139934, 0.0860620801, 3002.8049, 3020.6829, 756.6400, 18.6451
2025-12-02 02:45:17, 0.1093482799, 0.0816123489, 0.1197530471, 0.1329185796, 2745.9200, 2715.8000, 756.0800, 19.6169
2025-12-02 02:45:22, 0.0607716263, 0.0719165007, 0.1294762705, 0.1290025446, 2563.4130, 2625.3913, 756.2250, 16.5561
2025-12-02 02:45:28, 0.0673098351, 0.0540200843, 0.1015861400, 0.0937868679, 2826.5000, 2912.7619, 758.3600, 18.9333
2025-12-02 02:45:34, 0.0840317093, 0.0855848010, 0.1378049552, 0.1023770230, 2792.4231, 2714.5769, 759.0400, 18.0720
2025-12-02 02:45:39, 0.0841645981, 0.0810389247, 0.1098932916, 0.1494219031, 2667.2800, 2816.3600, 757.6400, 18.1582
2025-12-02 02:45:45, 0.0640999709, 0.0493074583, 0.1798116668, 0.1280460527, 2606.0690, 2610.7069, 759.8900, 17.5091
2025-12-02 02:45:51, 0.0634815931, 0.0661061979, 0.1272589807, 0.1157796177, 2794.8077, 2595.1346, 758.0200, 18.8836
2025-12-02 02:45:57, 0.0596912521, 0.0587173908, 0.1578934441, 0.1422539741, 2892.8846, 2818.2692, 763.9250, 19.0625
2025-12-02 02:46:02, 0.0516499856, 0.0529117018, 0.1236895525, 0.1345840520, 2636.3019, 2601.7736, 760.7650, 18.3311
2025-12-02 02:46:09, 0.0582428679, 0.0471836731, 0.1175569807, 0.0986099489, 2556.7843, 2627.9216, 761.2800, 18.7278
2025-12-02 02:46:14, 0.0555602548, 0.0576038560, 0.1225924192, 0.0785296501, 2826.5593, 2753.8814, 759.7400, 19.5699
2025-12-02 02:46:20, 0.0872112824, 0.0930828549, 0.1272869932, 0.1659353315, 3089.2826, 3073.3913, 760.1400, 19.2219
2025-12-02 02:46:26, 0.0554393775, 0.0432821561, 0.1912740191, 0.1733832651, 2767.5484, 2774.4032, 756.7300, 18.2293
2025-12-02 02:46:32, 0.0677847605, 0.0628818891, 0.1331948618, 0.0887591099, 2832.4561, 2670.0877, 754.3100, 17.5418
2025-12-02 02:46:37, 0.0712563939, 0.0737670148, 0.1053450307, 0.0892183107, 2639.6038, 2635.6226, 758.6950, 19.0166
2025-12-02 02:46:43, 0.0475125767, 0.0417460485, 0.1129913882, 0.1015504435, 2818.7647, 2873.7451, 756.8950, 19.4827
2025-12-02 02:46:49, 0.0860157618, 0.0870395372, 0.1391497023, 0.1570378532, 2625.2542, 2732.1017, 759.6850, 18.8312
2025-12-02 02:46:55, 0.0930432173, 0.0921809852, 0.1533555325, 0.1596212497, 2718.5957, 2659.7872, 754.1700, 18.5890
2025-12-02 02:47:01, 0.1285460288, 0.1338507248, 0.1037615982, 0.0784188521, 2745.3036, 2705.3929, 761.6100, 17.9200
2025-12-02 02:47:06, 0.1161284375, 0.0838264180, 0.1173146497, 0.1062488580, 2810.1633, 2724.4082, 754.0350, 18.8532
2025-12-02 02:47:12, 0.0754026191, 0.0855806459, 0.1104569715, 0.1160145212, 2894.9815, 2823.0185, 759.6050, 16.9935
2025-12-02 02:47:18, 0.1045757235, 0.0930184930, 0.1163203738, 0.0941820572, 2745.0566, 2747.0566, 758.9200, 19.1263
2025-12-02 02:47:24, 0.0845287582, 0.0663051082, 0.1477334907, 0.1103134892, 2888.2692, 2874.7692, 758.4100, 17.4695
2025-12-02 02:47:29, 0.0709218796, 0.0637509249, 0.0985964859, 0.1115888631, 2682.1509, 2664.9057, 757.6300, 17.5107
2025-12-02 02:47:35, 0.0768460677, 0.0711101263, 0.1148106691, 0.1057853921, 2619.3478, 2593.7174, 758.5000, 18.7973
2025-12-02 02:47:41, 0.1365753685, 0.0871173053, 0.0864411771, 0.1070600470, 2895.0816, 2890.7755, 761.4050, 18.0774
2025-12-02 02:47:46, 0.1100102179, 0.1174299087, 0.1181787910, 0.0904111503, 3025.4318, 2988.4773, 757.8700, 19.0185
2025-12-02 02:47:52, 0.0829241848, 0.0931000560, 0.1004027791, 0.1278152489, 2607.9184, 2720.2041, 758.1250, 19.8378
2025-12-02 02:47:58, 0.0843584103, 0.0861711494, 0.0871908422, 0.1128267474, 2785.1695, 2831.8814, 756.4450, 18.4672
2025-12-02 02:48:04, 0.0650086755, 0.0527252022, 0.1067031790, 0.1162734826, 2729.2955, 2822.0000, 755.5550, 18.4187
2025-12-02 02:48:10, 0.1088394510, 0.0988873972, 0.1065560856, 0.1370363555, 2857.6415, 2937.4340, 755.5300, 19.7595
2025-12-02 02:48:16, 0.1066248112, 0.1141653381, 0.1901574666, 0.1386099818, 2977.5000, 2809.3333, 753.4050, 20.8507
2025-12-02 02:48:21, 0.0814253178, 0.0838032478, 0.0779426185, 0.0868013197, 2470.0204, 2513.2041, 757.4300, 18.2514
2025-12-02 02:48:27, 0.0472626891, 0.0538085275, 0.1899830555, 0.1678526946, 2750.2453, 2730.5283, 754.1950, 22.1413
2025-12-02 02:48:33, 0.0862715736, 0.0625144927, 0.1186841799, 0.1218590299, 2648.4318, 2504.2500, 756.9500, 19.4108
2025-12-02 02:48:38, 0.0672835909, 0.0671281645, 0.1168462173, 0.0752621656, 2854.0455, 2705.5000, 760.6800, 17.7315
2025-12-02 02:48:44, 0.0929996850, 0.0963595445, 0.1295711188, 0.1337394591, 2536.2273, 2515.8409, 760.7850, 18.7718
2025-12-02 02:48:50, 0.0652425124, 0.0776502240, 0.1218223709, 0.1010784176, 2692.3191, 2670.8298, 761.9550, 18.1638
2025-12-02 02:48:55, 0.0440341940, 0.0380377854, 0.1419892908, 0.1420782967, 2697.1852, 2729.0185, 762.5750, 18.7444
2025-12-02 02:49:01, 0.0521123647, 0.0413933966, 0.0957787788, 0.1053761075, 2824.2419, 2840.2097, 763.0250, 19.5175
2025-12-02 02:49:07, 0.1040186016, 0.0885556290, 0.1276767974, 0.1268879730, 2803.9412, 2812.8824, 761.9250, 19.6316
2025-12-02 02:49:13, 0.0595751945, 0.0561106806, 0.1188790681, 0.1226033656, 2763.5082, 2761.2951, 762.3100, 18.6417
2025-12-02 02:49:19, 0.0795882270, 0.1031983280, 0.1008532991, 0.0999076337, 2873.1395, 2757.8837, 760.2350, 19.4959
2025-12-02 02:49:24, 0.0694079415, 0.0760997843, 0.1411585841, 0.1109676489, 2526.9592, 2553.7959, 761.7800, 20.4116
2025-12-02 02:49:30, 0.0571171774, 0.0479090182, 0.1663134831, 0.1452013439, 2943.7288, 2866.5763, 760.5600, 20.1570
2025-12-02 02:49:36, 0.0629711791, 0.0481154208, 0.1708404125, 0.1397308336, 2607.5614, 2587.2632, 761.4400, 17.8965
2025-12-02 02:49:41, 0.1470463329, 0.1041220070, 0.1231465843, 0.1279837137, 2874.4915, 2863.2881, 761.9600, 21.0452
2025-12-02 02:49:47, 0.1202124950, 0.1021532517, 0.0696745553, 0.0676259795, 2780.0536, 2830.3393, 760.8750, 19.8111
2025-12-02 02:49:53, 0.0604063808, 0.0614169848, 0.1536075382, 0.2052017886, 2892.5385, 2815.1154, 765.1250, 20.2884
2025-12-02 02:49:59, 0.0989151049, 0.0857797582, 0.0917128724, 0.0867270046, 3108.5135, 3031.5946, 763.4900, 21.1766
2025-12-02 02:50:05, 0.0790948044, 0.0848243778, 0.0818601836, 0.0606275735, 2797.3654, 2795.3077, 759.7300, 17.9727
2025-12-02 02:50:11, 0.0732081074, 0.0769058548, 0.0887168357, 0.0988469197, 2905.4643, 2985.5536, 761.0500, 17.5934
2025-12-02 02:50:17, 0.0365073227, 0.0507007856, 0.1133445111, 0.0959258253, 2594.9310, 2476.6207, 760.5400, 18.4862
2025-12-02 02:50:22, 0.0305858839, 0.0271044300, 0.0739562222, 0.1376834224, 2646.6129, 2575.2419, 763.9250, 21.3813
2025-12-02 02:50:28, 0.0450247276, 0.0491411778, 0.1104516682, 0.0860163076, 2547.9138, 2486.6897, 763.0450, 18.6060
2025-12-02 02:50:34, 0.0514819267, 0.0488829947, 0.1205948002, 0.1065005996, 2887.1538, 2815.5538, 765.7000, 19.2982
2025-12-02 02:50:39, 0.0484089871, 0.0456122313, 0.1315399717, 0.1069283774, 2827.8491, 2765.4906, 766.5250, 17.7778
2025-12-02 02:50:45, 0.0537036964, 0.0592210043, 0.1394299504, 0.1375738156, 2861.0851, 2947.3191, 766.4450, 19.2955
2025-12-02 02:50:51, 0.0838594209, 0.0970903508, 0.1850608836, 0.1456238944, 3090.4130, 3238.6522, 765.9000, 19.4802
2025-12-02 02:50:57, 0.0580914879, 0.0637430951, 0.1104531255, 0.0975954305, 2811.7231, 2820.5231, 763.7050, 19.6280
2025-12-02 02:51:03, 0.0748864811, 0.0696973807, 0.1156271316, 0.1500271005, 2692.9778, 2805.0000, 765.0750, 16.7827
2025-12-02 02:51:09, 0.0465164970, 0.0482430074, 0.1000301887, 0.0913337809, 2831.0943, 2727.7358, 763.1750, 19.5037
2025-12-02 02:51:14, 0.0720024049, 0.0615583367, 0.1535152387, 0.1346406167, 2657.1930, 2688.0000, 768.9400, 18.1485
2025-12-02 02:51:20, 0.0601593454, 0.0590200616, 0.1084751259, 0.0864793194, 2725.4259, 2637.2963, 763.1350, 18.0460
2025-12-02 02:51:26, 0.0741024721, 0.0857414468, 0.0836579976, 0.0995598145, 2653.2766, 2617.0426, 763.5400, 18.7427
2025-12-02 02:51:31, 0.1143373784, 0.1095525927, 0.2009055700, 0.1875153619, 2744.9333, 2749.4500, 763.3700, 19.1678
2025-12-02 02:51:37, 0.0713541515, 0.0566094948, 0.1320100936, 0.1135042037, 2789.9333, 2841.4667, 763.7750, 18.1790
2025-12-02 02:51:43, 0.0540574036, 0.0509182741, 0.2346839591, 0.2534860418, 2823.3830, 2963.4043, 762.2800, 18.0505
2025-12-02 02:51:49, 0.0737045324, 0.0633583953, 0.1334417001, 0.1458147552, 2798.6078, 2800.9804, 766.9700, 19.9972
2025-12-02 02:51:54, 0.0500069535, 0.0472597548, 0.1438140069, 0.1462203221, 2345.6596, 2411.9362, 760.4900, 18.7011
2025-12-02 02:52:00, 0.0503979205, 0.0501158745, 0.1419745582, 0.1530025544, 2671.5690, 2662.5862, 763.1300, 17.9748
2025-12-02 02:52:06, 0.0707947874, 0.0527276306, 0.1452717387, 0.1574823246, 2660.7344, 2621.6406, 765.0150, 20.1971
2025-12-02 02:52:12, 0.0555117397, 0.0553344964, 0.2229702521, 0.2138664732, 2926.0526, 2943.0351, 763.3250, 19.9715
2025-12-02 02:52:17, 0.1030715998, 0.0919258413, 0.1131630548, 0.1343454492, 2605.2653, 2686.9796, 763.7200, 20.8087
2025-12-02 02:52:23, 0.1084371274, 0.0900048857, 0.1470272587, 0.1314979885, 2863.5625, 2869.9583, 763.5550, 19.2473
2025-12-02 02:52:29, 0.0570407759, 0.0669932666, 0.1037615683, 0.1025161959, 2924.0000, 3010.0625, 764.1950, 19.4989
2025-12-02 02:52:35, 0.0669851204, 0.0633740909, 0.1297507721, 0.1151326540, 2779.7872, 2706.2340, 764.3950, 18.4461
2025-12-02 02:52:40, 0.0649501527, 0.0558233472, 0.2393087498, 0.1547667369, 2577.0833, 2576.5833, 764.2300, 16.1151
2025-12-02 02:52:47, 0.0973452298, 0.0741071413, 0.0844906975, 0.0945110225, 2473.3684, 2538.1842, 764.8950, 18.7298
2025-12-02 02:52:52, 0.0522805459, 0.0499587231, 0.1543373405, 0.1251344362, 2697.5645, 2763.3226, 763.6750, 17.6946
2025-12-02 02:52:58, 0.0336261707, 0.0339392606, 0.1058972031, 0.0986128778, 2703.1311, 2665.4918, 764.6000, 17.9703
2025-12-02 02:53:04, 0.0853885466, 0.0725632335, 0.0823154853, 0.0464129599, 2872.6957, 2795.2609, 759.4500, 18.0529
2025-12-02 02:53:09, 0.0361977877, 0.0380514321, 0.1133565893, 0.1450239116, 2618.7736, 2590.2830, 762.3900, 18.5792
2025-12-02 02:53:15, 0.0458296641, 0.0337052345, 0.1279221405, 0.1321104193, 2666.7170, 2680.5660, 760.5850, 17.9751
2025-12-02 02:53:21, 0.0500213953, 0.0534766327, 0.1145866242, 0.1145590283, 2723.3214, 2692.2500, 760.3300, 18.1585
2025-12-02 02:53:27, 0.0501701847, 0.0477921180, 0.1109838596, 0.1027544186, 2629.6094, 2601.2812, 759.4700, 18.5951
2025-12-02 02:53:33, 0.0672037579, 0.0721786331, 0.0933707969, 0.0736064311, 2969.3478, 2964.8696, 759.5400, 18.7712
2025-12-02 02:53:38, 0.0570549667, 0.0494538064, 0.0818526036, 0.0759306332, 2727.1754, 2661.8246, 761.7500, 18.8960
2025-12-02 02:53:44, 0.0459533489, 0.0496160727, 0.0851778349, 0.0704413172, 3278.5472, 3133.2075, 760.7250, 19.6033
2025-12-02 02:53:50, 0.0462430540, 0.0468386435, 0.1048489659, 0.1281519507, 3202.4912, 3089.2456, 759.5550, 18.3043
2025-12-02 02:53:56, 0.0455362149, 0.0379447061, 0.0813080561, 0.1148283088, 2969.4328, 2911.9254, 760.9100, 20.5585
2025-12-02 02:54:01, 0.0547760375, 0.0516391861, 0.0581385870, 0.0608663698, 2645.7414, 2608.2931, 760.7150, 21.2512
2025-12-02 02:54:07, 0.0449246850, 0.0484626256, 0.0760414618, 0.0672479381, 2788.0556, 2678.7083, 760.0550, 19.8948
2025-12-02 02:54:13, 0.0607973722, 0.0644503138, 0.0738680425, 0.0683271479, 2556.9800, 2523.2000, 761.4400, 18.2501
2025-12-02 02:54:19, 0.0647547645, 0.0639642359, 0.1157981147, 0.0883331140, 2637.7800, 2650.8400, 759.8050, 19.8100
2025-12-02 02:54:24, 0.0793067538, 0.0894518281, 0.1308234110, 0.0958260738, 3211.8462, 2996.5769, 760.7450, 17.0470
2025-12-02 02:54:30, 0.1080788268, 0.0733139087, 0.0562611186, 0.0540225792, 2678.8077, 2706.0577, 760.8300, 18.5041
2025-12-02 02:54:36, 0.0560141035, 0.0492909361, 0.0901097290, 0.1025221988, 2746.2812, 2706.1875, 759.8550, 17.7675
2025-12-02 02:54:41, 0.0710374440, 0.0803910030, 0.0709768425, 0.0690202773, 3035.3617, 2919.3830, 761.6650, 17.6373
2025-12-02 02:54:47, 0.1011687863, 0.0822217808, 0.0997948824, 0.0874030887, 2909.7660, 2885.9574, 762.2900, 18.2309
2025-12-02 02:54:53, 0.0810364700, 0.0640888612, 0.0812208102, 0.0926406440, 3013.7679, 3051.9107, 762.5100, 19.1997
2025-12-02 02:54:59, 0.0967587217, 0.0757630310, 0.0944350625, 0.0926574405, 2847.4630, 2902.7222, 758.8700, 18.5748
2025-12-02 02:55:04, 0.0660849508, 0.0565265708, 0.0948337824, 0.1172451173, 2687.3636, 2676.8909, 761.2850, 18.5128
2025-12-02 02:55:10, 0.0849385955, 0.0673147745, 0.0816861032, 0.0788974081, 2656.5088, 2620.9474, 759.5100, 18.1066
2025-12-02 02:55:16, 0.0439979100, 0.0457131758, 0.1533410928, 0.1116733940, 2580.5789, 2427.5088, 761.6900, 16.7721
2025-12-02 02:55:22, 0.0457953451, 0.0509797066, 0.0712562962, 0.0689329938, 3004.0000, 2959.9149, 758.8250, 18.0664
2025-12-02 02:55:27, 0.0890821250, 0.0631803647, 0.1047717552, 0.0884779493, 2812.6667, 2713.3542, 762.3050, 18.2075
2025-12-02 02:55:34, 0.0717852436, 0.0488292253, 0.0880801387, 0.0822831962, 2777.2982, 2820.3333, 760.6500, 20.3462
2025-12-02 02:55:39, 0.0787738853, 0.0750784574, 0.1083868150, 0.1103764207, 2470.0476, 2422.9286, 758.4650, 17.4204
2025-12-02 02:55:45, 0.0845437443, 0.0764196651, 0.1157249069, 0.1273807269, 2584.0000, 2759.9211, 762.1200, 16.5863
2025-12-02 02:55:51, 0.0743231447, 0.0766112627, 0.0835120774, 0.0847010009, 2918.3860, 2945.5263, 756.8500, 18.8634
2025-12-02 02:55:57, 0.0685081979, 0.0518842632, 0.1628963841, 0.1526057240, 2857.0909, 2862.8727, 755.9900, 17.1257
2025-12-02 02:56:02, 0.0462928380, 0.0399991425, 0.1137020713, 0.1021953192, 2796.7627, 2677.8814, 760.4650, 18.3114
2025-12-02 02:56:08, 0.0686305803, 0.0584409071, 0.1645253355, 0.1357710885, 2854.4630, 2879.9074, 761.0500, 18.1504
2025-12-02 02:56:14, 0.0717547105, 0.0513667861, 0.1654382277, 0.1524239711, 3108.3137, 3058.1176, 757.1450, 18.7735
2025-12-02 02:56:20, 0.0576000252, 0.0649784298, 0.1882588351, 0.1540887387, 2676.5306, 2767.7551, 758.0100, 19.0830
2025-12-02 02:56:25, 0.0767229222, 0.0536062551, 0.1332137480, 0.1097826127, 2995.7500, 3101.9500, 761.9250, 18.3820
2025-12-02 02:56:31, 0.0456769215, 0.0655763559, 0.1957578775, 0.1320092013, 2771.3667, 2743.2667, 756.9700, 17.0845
2025-12-02 02:56:37, 0.0385685911, 0.0472286903, 0.1268934995, 0.1131091842, 2642.6111, 2613.4259, 760.5100, 18.0710
2025-12-02 02:56:43, 0.0889452954, 0.0451278734, 0.1513210566, 0.1501275022, 2590.1667, 2669.4048, 759.7250, 18.7387
2025-12-02 02:56:48, 0.0412100493, 0.0629685886, 0.1640041823, 0.1766784889, 2758.5200, 2734.5400, 759.8200, 17.9796
2025-12-02 02:56:54, 0.0626397374, 0.0639426071, 0.1403107717, 0.1570113877, 2975.3182, 2885.8864, 757.5350, 17.3991
2025-12-02 02:57:00, 0.0733788602, 0.0415647242, 0.1186218307, 0.1364712955, 2566.5349, 2633.1395, 759.4200, 17.6557
2025-12-02 02:57:06, 0.1098426138, 0.0862693410, 0.1961922239, 0.1486225908, 2891.8596, 2896.0702, 756.6800, 17.0240
2025-12-02 02:57:12, 0.0915242558, 0.0860393454, 0.0951412849, 0.1108484956, 2871.9583, 2922.3125, 756.2800, 18.0785
2025-12-02 02:57:17, 0.0780398416, 0.0641487074, 0.1147743479, 0.1162385700, 2775.2683, 2857.4878, 757.4450, 17.8097
2025-12-02 02:57:23, 0.1125162326, 0.1083093309, 0.1262344633, 0.1099749436, 2991.0513, 3000.2821, 756.9750, 18.0960
2025-12-02 02:57:29, 0.0682404790, 0.0656802914, 0.1175206994, 0.1172025469, 2731.5500, 2639.2833, 757.6900, 16.6191
2025-12-02 02:57:35, 0.1043876584, 0.0771085172, 0.1327614476, 0.0979875888, 2756.1628, 2662.9070, 757.6950, 19.7206
2025-12-02 02:57:41, 0.1022831134, 0.1122309530, 0.1217677303, 0.1060278973, 2464.5738, 2531.0984, 761.6000, 20.9055
2025-12-02 02:57:46, 0.0831108547, 0.0682196113, 0.0858043473, 0.0748833458, 2921.0000, 2886.0185, 758.7850, 18.0460
2025-12-02 02:57:52, 0.0922023063, 0.0666658549, 0.0673349899, 0.0777746977, 2915.5294, 2997.2353, 762.2850, 18.1189
2025-12-02 02:57:58, 0.0643450745, 0.0522331509, 0.1335043279, 0.1042672947, 2801.8000, 2656.4000, 761.9850, 19.8616
2025-12-02 02:58:03, 0.0651174472, 0.0574492840, 0.0728180727, 0.0890237340, 2490.0455, 2564.0682, 760.8750, 20.5151
2025-12-02 02:58:09, 0.1097408628, 0.1121475470, 0.1298314885, 0.1614436793, 2920.1395, 2963.6977, 762.5950, 19.6878
2025-12-02 02:58:15, 0.0723358102, 0.0895583804, 0.1630660974, 0.1155046072, 2815.4103, 2841.1795, 760.9050, 17.8134
2025-12-02 02:58:21, 0.0964572951, 0.1078601192, 0.1289394120, 0.1108183948, 3013.2642, 2915.6038, 761.9600, 19.9579
2025-12-02 02:58:27, 0.1099624384, 0.1091855596, 0.1195230963, 0.0976351413, 2877.6222, 2863.2000, 763.8800, 18.1264
2025-12-02 02:58:33, 0.0635634097, 0.0728375783, 0.1548881404, 0.1073003865, 2781.7679, 2761.0179, 764.9000, 17.6343
2025-12-02 02:58:38, 0.0912580148, 0.0724841256, 0.0870334613, 0.0863797477, 2871.6078, 2765.0784, 763.3400, 19.2238
2025-12-02 02:58:44, 0.0759091395, 0.0605206983, 0.1406756836, 0.0831720874, 2782.8136, 2684.8475, 765.7450, 18.6802
2025-12-02 02:58:50, 0.0834162791, 0.0529776968, 0.0874308512, 0.0846314381, 2751.7000, 2810.1667, 762.9600, 18.2682
2025-12-02 02:58:56, 0.0498095211, 0.0634169338, 0.1112103570, 0.1154993640, 3037.0357, 2996.1964, 764.5600, 18.0241
2025-12-02 02:59:01, 0.0661421860, 0.0525450937, 0.1004274155, 0.1284532545, 2994.9167, 3054.5833, 767.2850, 18.6822
2025-12-02 02:59:07, 0.0818182414, 0.0844862197, 0.1267561858, 0.1106049577, 3034.3111, 2948.7111, 767.0900, 19.4407
2025-12-02 02:59:13, 0.0942619483, 0.0657482129, 0.0997198329, 0.1036343790, 2987.2105, 2975.3158, 767.0200, 18.8542
2025-12-02 02:59:19, 0.0555833446, 0.0585852749, 0.1543257524, 0.1570192829, 2824.3559, 2800.2034, 763.1650, 20.5613
2025-12-02 02:59:25, 0.0845562823, 0.0647446361, 0.1277982298, 0.1057153272, 2674.4634, 2872.4390, 765.9750, 19.5500
2025-12-02 02:59:30, 0.0450818461, 0.0394348106, 0.0815320213, 0.0769952915, 2710.6866, 2692.2388, 764.1650, 19.4102
2025-12-02 02:59:36, 0.0347086834, 0.0480962786, 0.1049659054, 0.0942877900, 2575.4355, 2581.8548, 763.5750, 19.8175
2025-12-02 02:59:42, 0.0748366837, 0.0602033548, 0.1143552642, 0.0948395630, 2914.4462, 2869.1846, 763.1600, 17.7410
2025-12-02 02:59:48, 0.0560676664, 0.0577421357, 0.0727628323, 0.0627757076, 2933.3488, 2844.4884, 762.9150, 19.6461
2025-12-02 02:59:54, 0.0807906671, 0.0750394494, 0.1107959645, 0.0809358533, 3108.7727, 3046.2500, 763.3650, 19.0815
2025-12-02 03:00:00, 0.0730925368, 0.0597116821, 0.0784979483, 0.0720577040, 2864.1923, 2872.8077, 760.3400, 17.5725
2025-12-02 03:00:05, 0.0579059692, 0.0528880426, 0.0713543694, 0.0653994174, 2759.2933, 2698.6267, 760.8100, 18.0037
2025-12-02 03:00:11, 0.0704755811, 0.0683370250, 0.0821852451, 0.0821631366, 2855.0400, 2789.4800, 759.5850, 17.9062
2025-12-02 03:00:17, 0.0507803031, 0.0646465352, 0.1004011291, 0.1297819356, 2881.4677, 2769.5323, 759.5000, 16.4688
2025-12-02 03:00:23, 0.0486301023, 0.0536931697, 0.0694982929, 0.0644441283, 2865.4364, 2735.5818, 758.3300, 18.1398
2025-12-02 03:00:29, 0.0498509756, 0.0497754539, 0.0965496632, 0.0831694816, 2703.5385, 2678.4423, 760.9300, 20.4293
2025-12-02 03:00:35, 0.0657586158, 0.0544167239, 0.1000543849, 0.0885713430, 2833.3968, 2753.5714, 761.9650, 19.1210
2025-12-02 03:00:40, 0.0523023964, 0.0509476019, 0.0725548121, 0.0722953434, 2809.7705, 2739.4262, 760.5650, 17.7768
2025-12-02 03:00:46, 0.0623022752, 0.0613361759, 0.0871266124, 0.0714974633, 2862.9231, 2847.8846, 760.9200, 17.3593
2025-12-02 03:00:52, 0.0358333575, 0.0359244930, 0.0594659191, 0.0626739728, 2585.9400, 2451.9400, 761.6050, 17.5128
2025-12-02 03:00:58, 0.0535472512, 0.0478858375, 0.1060407741, 0.0947808804, 2980.0000, 2917.3019, 759.7650, 17.7429
2025-12-02 03:01:03, 0.0516850740, 0.0374650757, 0.0795079634, 0.0807897320, 2871.6071, 2799.5357, 759.7750, 18.8038
2025-12-02 03:01:09, 0.0532488808, 0.0667397917, 0.0506253123, 0.0499424671, 2839.5556, 2834.4815, 758.4450, 18.8438
2025-12-02 03:01:15, 0.0402181751, 0.0299633868, 0.0950529956, 0.0778249625, 2815.1129, 2678.0968, 759.5600, 17.7123
2025-12-02 03:01:21, 0.0608730949, 0.0506671435, 0.0481817559, 0.0436530915, 2930.7742, 2967.7581, 758.4100, 18.0383
2025-12-02 03:01:27, 0.0730148186, 0.0733386018, 0.0720615974, 0.0655594554, 2831.0000, 2750.3220, 759.8000, 17.8592
2025-12-02 03:01:33, 0.0649120475, 0.0544711410, 0.0820180633, 0.0709532136, 2952.2632, 2859.9649, 759.9750, 18.0506
2025-12-02 03:01:39, 0.0930342266, 0.0576085939, 0.0774136157, 0.0813489728, 2782.0377, 2758.0943, 755.2350, 18.3600
2025-12-02 03:01:45, 0.0909135304, 0.0644634256, 0.0926654390, 0.0894691107, 2729.1132, 2680.3019, 756.6500, 18.1267
2025-12-02 03:01:50, 0.0435861713, 0.0465311488, 0.0838883771, 0.1041855896, 2868.5625, 2910.4167, 758.9750, 18.4213
2025-12-02 03:01:56, 0.0530126139, 0.0537198189, 0.0930603160, 0.0872103972, 2822.1875, 2702.6094, 757.8150, 16.6499
2025-12-02 03:02:02, 0.0745116058, 0.0606868091, 0.0729365215, 0.0606074749, 2637.5085, 2656.7288, 756.9200, 18.9529
2025-12-02 03:02:08, 0.0554413852, 0.0510843001, 0.0523882367, 0.0430057370, 2758.8000, 2700.8545, 757.0150, 18.9466
2025-12-02 03:02:13, 0.0916314835, 0.0733151007, 0.0764108060, 0.0709786441, 2818.6964, 2832.9643, 757.2200, 18.0622
2025-12-02 03:02:19, 0.0896211129, 0.0910993660, 0.0617031823, 0.0838579398, 3033.5098, 2922.1176, 755.0150, 17.5415
2025-12-02 03:02:25, 0.0716679497, 0.0731758768, 0.0639039023, 0.0584988069, 2920.0526, 2752.6667, 759.7300, 18.7400
2025-12-02 03:02:31, 0.0670460189, 0.0772780566, 0.0738156842, 0.0805992595, 2805.6875, 2755.4167, 757.2050, 19.8228
2025-12-02 03:02:37, 0.1178646157, 0.0948936202, 0.0701922427, 0.0554156332, 2961.0000, 2871.1887, 760.8650, 18.0714
2025-12-02 03:02:42, 0.1223478186, 0.0851809255, 0.1063813189, 0.0877424733, 2921.6071, 2889.7857, 761.6100, 18.3834
2025-12-02 03:02:48, 0.0638933033, 0.0565615315, 0.0906290752, 0.0658969769, 2833.2456, 2734.2632, 762.6100, 17.4828
2025-12-02 03:02:54, 0.0858884813, 0.0901753059, 0.0664763106, 0.0752884138, 2885.0820, 2830.0000, 764.1300, 17.4758
2025-12-02 03:02:59, 0.0746943327, 0.0824363353, 0.0802507117, 0.0909845906, 2918.3158, 2844.8596, 764.0450, 17.0685
2025-12-02 03:03:05, 0.0839546840, 0.0533035779, 0.0954452144, 0.1092095751, 2857.7692, 2858.8769, 764.7950, 18.2711
2025-12-02 03:03:11, 0.0629223825, 0.0783410614, 0.0784079771, 0.0818987996, 2966.6250, 2897.5250, 764.3450, 18.8771
2025-12-02 03:03:17, 0.0768288178, 0.1179975154, 0.0664402925, 0.0510361362, 2973.5862, 2842.5862, 766.0750, 19.5486
2025-12-02 03:03:22, 0.0662113600, 0.0503713206, 0.0802944220, 0.0579280252, 2728.8113, 2571.7736, 766.8550, 18.4925
2025-12-02 03:03:28, 0.0862694554, 0.1076045369, 0.1019064598, 0.0959229822, 2956.6182, 2901.9636, 765.6100, 18.2074
2025-12-02 03:03:35, 0.0635167919, 0.0591354948, 0.0454900266, 0.0604479123, 2733.6562, 2822.8906, 766.1350, 17.9665
2025-12-02 03:03:40, 0.0827329237, 0.0806275743, 0.0818230944, 0.0716402050, 3111.3051, 3090.0508, 765.9100, 16.1444
2025-12-02 03:03:46, 0.0955471845, 0.0880982207, 0.0841064424, 0.0934136337, 2866.7778, 2867.8254, 766.3350, 17.8338
2025-12-02 03:03:52, 0.0869850549, 0.0985169820, 0.0586777097, 0.0662468831, 3013.6981, 2944.8491, 767.5650, 19.0881
2025-12-02 03:03:58, 0.0875105511, 0.0809699213, 0.0539916882, 0.0717389095, 2876.2453, 2793.3774, 764.3450, 17.3195
2025-12-02 03:04:03, 0.0987991330, 0.0898663785, 0.0638288468, 0.0659373953, 2880.2000, 2839.5000, 765.5900, 18.2574
2025-12-02 03:04:09, 0.1118414208, 0.1052078169, 0.0738394863, 0.0901531527, 2913.0769, 2944.6346, 765.6300, 18.8476
2025-12-02 03:04:15, 0.0817678718, 0.0782951862, 0.0933695628, 0.0915565165, 3051.8400, 3141.1800, 765.6200, 17.7030
2025-12-02 03:04:21, 0.1009716943, 0.1041709120, 0.0875887223, 0.0680867770, 2860.3462, 2738.4808, 758.9650, 17.3437
2025-12-02 03:04:26, 0.1058127132, 0.1006991404, 0.0928855442, 0.0931666490, 2636.9730, 2695.7297, 763.9200, 17.3831
2025-12-02 03:04:32, 0.0610624249, 0.0663330996, 0.0715168751, 0.0579792083, 2922.4167, 2877.9792, 760.1250, 18.3594
2025-12-02 03:04:38, 0.1084839375, 0.1259420367, 0.0851586581, 0.0761987955, 2824.4366, 2848.3803, 762.1650, 18.8334
2025-12-02 03:04:43, 0.0697257541, 0.0599864249, 0.0729613017, 0.0740985105, 2860.9815, 2902.4074, 762.2750, 15.4935
2025-12-02 03:04:49, 0.0962691617, 0.0939417342, 0.0954932536, 0.0737006463, 2876.8730, 2726.7619, 762.8950, 17.8629
2025-12-02 03:04:55, 0.0757750088, 0.0877434272, 0.0969736584, 0.0947786559, 2958.7727, 2962.1212, 763.2850, 16.8465
2025-12-02 03:05:01, 0.0715791248, 0.0672161609, 0.0826623258, 0.0666529957, 2841.5000, 2755.9474, 762.8650, 19.8083
2025-12-02 03:05:06, 0.1085091043, 0.1374394840, 0.0538383483, 0.0546198208, 2647.7600, 2672.3000, 758.2600, 17.5352
2025-12-02 03:05:12, 0.1046840236, 0.0803001192, 0.0620576247, 0.0448935376, 2908.3571, 2881.2321, 758.4100, 18.8311
2025-12-02 03:05:18, 0.0872653557, 0.1060868699, 0.0873368429, 0.0982238430, 2981.1739, 2918.0000, 758.7400, 17.6171
2025-12-02 03:05:24, 0.1161936346, 0.1051105321, 0.1135669245, 0.1111270636, 3132.6429, 3110.1071, 759.3550, 19.0326
2025-12-02 03:05:29, 0.0835897901, 0.0780184467, 0.0947339977, 0.1001708424, 2924.5614, 2992.6842, 758.3000, 18.6242
2025-12-02 03:05:35, 0.0753937790, 0.0656915897, 0.0921459283, 0.0678088982, 2735.0185, 2694.7778, 759.4250, 18.2692
2025-12-02 03:05:41, 0.0696658728, 0.0691405810, 0.1000441990, 0.0959757978, 2840.0000, 2801.9672, 759.0500, 20.0571
2025-12-02 03:05:46, 0.1070397745, 0.0888458526, 0.0906749686, 0.0894344145, 2666.0943, 2675.0000, 758.0650, 18.5729
2025-12-02 03:05:52, 0.1316770277, 0.1132201097, 0.0891697142, 0.0896658705, 2966.8929, 2992.9286, 758.9150, 18.4945
2025-12-02 03:05:58, 0.1107553253, 0.0976005976, 0.1083339034, 0.0916647668, 2721.3091, 2649.0727, 758.2300, 18.8583
2025-12-02 03:06:04, 0.1040388562, 0.0947944361, 0.0781866712, 0.0960610302, 2958.2683, 2959.6341, 757.3050, 18.5003
2025-12-02 03:06:09, 0.1176124291, 0.1202666891, 0.0683051986, 0.0767822109, 2881.7727, 2863.9318, 757.2550, 20.1606
2025-12-02 03:06:16, 0.1108086885, 0.0948281495, 0.1566004335, 0.1226014222, 2940.6863, 2921.7059, 758.7650, 17.0120
2025-12-02 03:06:22, 0.1154152776, 0.0856667210, 0.0944944052, 0.0680083772, 2811.0690, 2859.0345, 758.5800, 19.6172
2025-12-02 03:06:27, 0.1184437859, 0.1322869095, 0.1850850798, 0.1466033410, 3249.8909, 3166.1273, 759.4150, 19.5277
2025-12-02 03:06:33, 0.1123075283, 0.1010604324, 0.0786100461, 0.0680948708, 2728.3958, 2788.2292, 760.9300, 17.1019
2025-12-02 03:06:39, 0.1106678383, 0.1226934954, 0.1060033561, 0.0607147656, 2776.0000, 2712.8519, 759.4150, 17.1655
2025-12-02 03:06:44, 0.0748815700, 0.0902109708, 0.0898941242, 0.1146379807, 2865.8727, 2848.9818, 760.5900, 17.5651
2025-12-02 03:06:50, 0.1643138201, 0.0990610232, 0.0952879798, 0.0838988265, 2949.8400, 2940.4000, 759.5300, 18.0044
2025-12-02 03:06:56, 0.0818526420, 0.0698888625, 0.1172238300, 0.0972608603, 2677.4898, 2703.3673, 759.9900, 17.5960
2025-12-02 03:07:02, 0.1113224970, 0.0981496092, 0.0805090552, 0.0859622217, 2926.8571, 3045.3429, 763.2550, 19.7912
2025-12-02 03:07:07, 0.1216482287, 0.1078791719, 0.0683420309, 0.0663888342, 2879.3171, 2888.2927, 761.2250, 19.0088
2025-12-02 03:07:13, 0.1141148264, 0.1225279565, 0.1010711029, 0.0760231370, 2908.2609, 2886.2826, 762.3300, 17.5246
2025-12-02 03:07:19, 0.1217288468, 0.0951532109, 0.0924582667, 0.0860065525, 2763.1224, 2702.4490, 763.1600, 19.4973
2025-12-02 03:07:25, 0.1277771902, 0.1308310565, 0.1411959254, 0.1275362726, 2841.9811, 2847.5472, 764.5050, 19.7030
2025-12-02 03:07:31, 0.1433838733, 0.1174290062, 0.1428090694, 0.1041252039, 2690.6200, 2767.3800, 762.9800, 18.0541
2025-12-02 03:07:36, 0.1190682368, 0.1206511319, 0.0729613731, 0.0686715372, 3146.5385, 2995.9808, 760.9550, 18.5411
2025-12-02 03:07:42, 0.0869658388, 0.0861628794, 0.0994359551, 0.0845955463, 2937.4255, 2918.7447, 762.9500, 18.1124
2025-12-02 03:07:48, 0.1203608065, 0.1752677227, 0.0821301536, 0.0799539887, 2909.1304, 3043.5870, 761.6100, 19.2955
2025-12-02 03:07:53, 0.1339731030, 0.1025849847, 0.0678620813, 0.0651488731, 3043.4792, 3001.5625, 762.7800, 18.8471
2025-12-02 03:07:59, 0.1557826084, 0.1476512793, 0.0867009941, 0.0822539169, 2783.1875, 2764.7083, 760.0000, 20.1331
2025-12-02 03:08:05, 0.1100985690, 0.1231980191, 0.1112127925, 0.0640950188, 2833.3774, 2866.4906, 763.4850, 18.2135
2025-12-02 03:08:11, 0.1066324553, 0.0953066191, 0.0985098164, 0.0746761911, 2605.7292, 2694.1458, 765.0950, 17.8156
2025-12-02 03:08:17, 0.0933441708, 0.1074381674, 0.0742202108, 0.0565133733, 2864.2750, 2779.7250, 763.2300, 18.2013
2025-12-02 03:08:23, 0.1159589756, 0.1513857169, 0.0640829782, 0.0700412023, 2806.6957, 2850.1739, 762.1800, 19.2699
2025-12-02 03:08:28, 0.0930961813, 0.1107993733, 0.0751295633, 0.0746415268, 3028.8974, 3030.1795, 763.0450, 18.5462
2025-12-02 03:08:34, 0.0973251904, 0.0788781021, 0.0796885946, 0.0653602832, 2764.4048, 2863.0000, 764.7700, 18.5045
2025-12-02 03:08:40, 0.0522627842, 0.0586875384, 0.0683063696, 0.0690382714, 2773.1698, 2683.9811, 764.2150, 16.8786
2025-12-02 03:08:45, 0.0725101800, 0.0780897295, 0.0581987494, 0.0364769164, 2614.3913, 2648.0652, 763.5100, 18.1130
2025-12-02 03:08:51, 0.1210616689, 0.1255347789, 0.0859904681, 0.0572210984, 2810.4490, 2912.0612, 764.3450, 18.6750
2025-12-02 03:08:57, 0.1271494249, 0.0876846114, 0.0662020880, 0.0632103127, 2980.1509, 2935.1509, 759.9750, 17.4085
2025-12-02 03:09:03, 0.1494418030, 0.1126470610, 0.0464443935, 0.0489445454, 3006.8333, 2988.6250, 756.8250, 17.0884
2025-12-02 03:09:09, 0.1485959972, 0.1465523434, 0.1149841861, 0.0917579413, 2862.9783, 2768.4348, 757.1600, 17.6560
2025-12-02 03:09:14, 0.1328813192, 0.1221391488, 0.0583072610, 0.0472483704, 3065.4444, 2984.1667, 758.0450, 17.7494
2025-12-02 03:09:20, 0.1406852102, 0.1505936215, 0.1345136489, 0.1211347599, 2900.8600, 2880.7600, 757.8100, 17.1891
2025-12-02 03:09:26, 0.1388422291, 0.1178744475, 0.1012107908, 0.0915032393, 3048.5217, 2972.1957, 758.3950, 17.4636
2025-12-02 03:09:32, 0.1107462532, 0.1124391401, 0.0972264826, 0.0901900996, 2683.8333, 2736.6458, 754.5300, 19.4617
2025-12-02 03:09:37, 0.1103258786, 0.1140925592, 0.0712616659, 0.0907511728, 2750.1186, 2746.1356, 758.0650, 17.7415
2025-12-02 03:09:43, 0.0726262065, 0.0718111994, 0.1143886413, 0.1320782171, 2993.2045, 3001.0455, 758.0950, 17.0510
2025-12-02 03:09:49, 0.0967564117, 0.0657910543, 0.0795032719, 0.0641789570, 2852.5714, 2820.1429, 758.5250, 17.8446
2025-12-02 03:09:55, 0.1242981241, 0.1309243453, 0.0636936291, 0.0717674947, 2806.6981, 2731.3585, 754.9900, 18.7011
2025-12-02 03:10:01, 0.1367432671, 0.1007511667, 0.0975726675, 0.1156294891, 2657.6818, 2827.1591, 754.4900, 18.3959
2025-12-02 03:10:07, 0.1261337949, 0.0818056029, 0.0802022243, 0.1100048863, 2858.7111, 2818.7556, 754.5400, 19.3455
2025-12-02 03:10:13, 0.0973485862, 0.0951733579, 0.1359222922, 0.1146254998, 2976.6071, 2915.5714, 758.4650, 15.9022
2025-12-02 03:10:19, 0.0948644983, 0.0666193874, 0.0731067014, 0.0831684962, 2697.7692, 2794.5641, 754.3150, 18.6943
2025-12-02 03:10:24, 0.0798364840, 0.0962374136, 0.1106685048, 0.1115777272, 2730.3696, 2736.3043, 759.3950, 19.9208
2025-12-02 03:10:30, 0.1819786760, 0.1191657170, 0.1184967868, 0.1025708533, 3043.8571, 2980.5000, 758.1500, 18.3809
2025-12-02 03:10:36, 0.1252947009, 0.1433190254, 0.1739119707, 0.0903662260, 2976.4255, 2885.3617, 762.7350, 18.3977
2025-12-02 03:10:42, 0.1124023471, 0.0836891955, 0.2256634786, 0.1803629089, 2498.1579, 2462.6316, 758.1200, 18.4931
2025-12-02 03:10:47, 0.1020988994, 0.0875529949, 0.1369098388, 0.1090426636, 2949.1860, 2807.0233, 760.5100, 17.9886
2025-12-02 03:10:53, 0.0912328793, 0.0893892048, 0.1885978301, 0.1816752477, 2771.4286, 2785.4286, 752.8200, 16.1139
2025-12-02 03:10:58, 0.0933471370, 0.0864934131, 0.1920675069, 0.1716506819, 2811.6818, 2823.4773, 759.0900, 19.6314
2025-12-02 03:11:04, 0.1532158007, 0.1372128780, 0.1374204928, 0.1288880709, 2992.4706, 3024.6078, 755.0000, 18.3600
2025-12-02 03:11:10, 0.1019881289, 0.1201437073, 0.1073078985, 0.1352444408, 2861.1915, 3017.0851, 760.7850, 16.7851
2025-12-02 03:11:16, 0.0671763122, 0.0758819595, 0.0653819601, 0.0590879019, 2560.1250, 2658.0000, 753.9550, 17.0568
2025-12-02 03:11:21, 0.1197437844, 0.1235663997, 0.1458132898, 0.1303707419, 2688.4286, 2800.6857, 755.4350, 18.2944
2025-12-02 03:11:27, 0.1136688145, 0.1151788678, 0.1189229008, 0.1252624389, 2738.7778, 2892.7500, 755.7250, 17.2618
2025-12-02 03:11:33, 0.0872380050, 0.0808211102, 0.1390184822, 0.1542672644, 2662.7455, 2777.9091, 755.7500, 16.5245
2025-12-02 03:11:38, 0.1174583012, 0.1236392447, 0.1426930277, 0.1115808038, 2996.9167, 2879.2708, 760.7700, 20.8805
2025-12-02 03:11:44, 0.1001360640, 0.0771241176, 0.1085754820, 0.1286830663, 2469.3091, 2636.3636, 753.2500, 18.2507
2025-12-02 03:11:50, 0.0839414238, 0.0940478151, 0.1650330007, 0.1253923648, 2436.9535, 2382.3953, 756.8950, 18.9701
2025-12-02 03:11:56, 0.0780793654, 0.0754757942, 0.1488099840, 0.1361296845, 2935.1111, 2869.5333, 756.9000, 17.9156
2025-12-02 03:12:01, 0.0957329991, 0.0789795515, 0.1524978474, 0.1437836736, 3084.2830, 2923.9057, 755.7950, 17.7128
2025-12-02 03:12:07, 0.0847793356, 0.0913708887, 0.1595214780, 0.1365511589, 2757.1282, 2866.7179, 755.4150, 17.7798
2025-12-02 03:12:13, 0.0969280830, 0.0867926970, 0.1509438782, 0.1318440534, 2694.3810, 2705.3095, 755.4250, 18.0620
2025-12-02 03:12:19, 0.1035081728, 0.0925800255, 0.1407956477, 0.1268516007, 2929.3860, 2832.1053, 753.7950, 18.7006
2025-12-02 03:12:24, 0.1027956692, 0.1149779011, 0.0827288277, 0.0805474719, 2847.4200, 2888.0800, 757.0150, 18.8445
2025-12-02 03:12:30, 0.1015015841, 0.0768742416, 0.0945453873, 0.0948707573, 2715.3333, 2735.1190, 757.2150, 17.9482
2025-12-02 03:12:36, 0.0739878631, 0.0836920096, 0.0839596743, 0.0680929407, 2791.1273, 2878.5636, 753.9300, 19.6526
2025-12-02 03:12:41, 0.1430440456, 0.1216899903, 0.0590239261, 0.0733861389, 2875.2222, 2966.8611, 759.0300, 17.9610
2025-12-02 03:12:47, 0.1173618463, 0.0890247551, 0.1018803340, 0.1094295256, 2993.3922, 3031.8627, 754.9100, 18.4017
2025-12-02 03:12:53, 0.1154608147, 0.0970070801, 0.0740438274, 0.0991423938, 2797.4750, 2882.0250, 758.5300, 19.0386
2025-12-02 03:12:59, 0.0915660749, 0.0679251071, 0.0950102923, 0.1014455096, 2850.1224, 2774.7755, 755.4950, 18.7168
2025-12-02 03:13:04, 0.1083135108, 0.1097751805, 0.1255361212, 0.1096824240, 2717.7083, 2679.7083, 757.8150, 18.9779
2025-12-02 03:13:10, 0.1134331132, 0.1193025805, 0.0987447405, 0.0847153853, 2866.7674, 2875.9302, 758.7450, 18.8878
2025-12-02 03:13:16, 0.0838888116, 0.0967396908, 0.1425820903, 0.1573162298, 2958.1803, 2885.2951, 756.3550, 18.8597
2025-12-02 03:13:22, 0.0791724020, 0.1017523153, 0.0687789590, 0.0789066392, 2759.7500, 2673.7955, 757.5200, 17.5234
2025-12-02 03:13:27, 0.1267177384, 0.1119719758, 0.1187662103, 0.0923558968, 2954.5882, 2922.6471, 757.6650, 18.0101
2025-12-02 03:13:33, 0.1039473622, 0.1162317762, 0.0972377484, 0.0932255853, 2874.9683, 2824.8413, 759.0600, 20.4596
2025-12-02 03:13:39, 0.0865662328, 0.1009184294, 0.0920214327, 0.0784836720, 3051.0769, 3049.8462, 757.1600, 19.0818
2025-12-02 03:13:45, 0.0786147113, 0.0740091040, 0.0761443272, 0.0825857806, 2704.5926, 2685.4074, 760.7150, 18.3132
2025-12-02 03:13:50, 0.1055201826, 0.1144430342, 0.1180547030, 0.1184592977, 2885.0500, 2942.9667, 755.4450, 17.0932
2025-12-02 03:13:56, 0.1334707580, 0.1179346357, 0.1278520544, 0.0988567893, 2785.6897, 2733.7586, 753.2550, 17.8258
2025-12-02 03:14:02, 0.1006117802, 0.0879813092, 0.0933335469, 0.0812488578, 2962.3585, 2867.0755, 757.0200, 19.0995
2025-12-02 03:14:07, 0.1671182440, 0.1334736853, 0.1001088187, 0.0865528956, 2881.6607, 2822.2857, 761.9800, 18.9597
2025-12-02 03:14:13, 0.1115968222, 0.1231228877, 0.1244022604, 0.1120147970, 2818.2273, 2842.7045, 758.2600, 18.2607
2025-12-02 03:14:19, 0.1132598575, 0.0733189247, 0.1371778755, 0.1109515484, 2830.0455, 2824.7955, 756.3650, 18.2349
2025-12-02 03:14:25, 0.1342274815, 0.1307121595, 0.1458140558, 0.1342579324, 2802.6552, 2795.7759, 758.3550, 18.7446
2025-12-02 03:14:31, 0.1018097742, 0.1020470702, 0.1552698171, 0.1192682886, 3131.6957, 3171.9783, 759.4300, 19.3792
2025-12-02 03:14:37, 0.0878839037, 0.0915020308, 0.0667574827, 0.0559533922, 2921.0444, 2900.8222, 757.0850, 17.9315
2025-12-02 03:14:42, 0.0605001721, 0.0467787807, 0.1232442883, 0.1370578214, 2553.7255, 2640.3922, 760.3650, 19.5500
2025-12-02 03:14:48, 0.0533907494, 0.0711125240, 0.0903106892, 0.0770924731, 3009.5161, 2941.4839, 759.1150, 17.5747
2025-12-02 03:14:54, 0.0938065669, 0.1089049362, 0.1011471449, 0.0909934929, 2654.3200, 2734.7200, 757.0100, 18.8133
2025-12-02 03:15:00, 0.0620114204, 0.0768372851, 0.1025320957, 0.1204925628, 2591.9206, 2671.0476, 756.4600, 19.3393
2025-12-02 03:15:05, 0.0962949803, 0.0871391742, 0.1663130044, 0.1656401825, 2723.4255, 2808.0851, 756.2950, 17.3242
2025-12-02 03:15:11, 0.0686181572, 0.0958035028, 0.2334128607, 0.1750835407, 2728.2889, 2745.8222, 755.8200, 17.5105
2025-12-02 03:15:17, 0.0737307191, 0.0753662496, 0.1650504557, 0.1495565934, 3050.2955, 2872.3409, 755.9500, 18.5644
2025-12-02 03:15:23, 0.1473297785, 0.1190318482, 0.1549499889, 0.1193118357, 3051.7143, 3067.8810, 758.3150, 16.3127
2025-12-02 03:15:29, 0.0721558810, 0.0717185690, 0.1063231582, 0.0863892973, 2871.5208, 2808.8542, 762.1700, 19.6622
2025-12-02 03:15:34, 0.1001894518, 0.0964039853, 0.1089684037, 0.0930998761, 2848.5556, 2863.5185, 754.7250, 18.7491
2025-12-02 03:15:40, 0.0856390795, 0.0947832880, 0.0713203400, 0.0693136939, 2902.9348, 2895.3043, 756.6250, 19.3441
2025-12-02 03:15:46, 0.0959774510, 0.0780096644, 0.0964198364, 0.0849428338, 2819.4902, 2826.1176, 761.1400, 19.0132
2025-12-02 03:15:52, 0.0773752394, 0.0774224064, 0.1221467509, 0.1134818914, 3053.5577, 3046.5385, 762.5500, 17.5399
2025-12-02 03:15:57, 0.0632542810, 0.0656118426, 0.0937358422, 0.0968151950, 2998.0000, 3087.2500, 761.8100, 18.9569
2025-12-02 03:16:03, 0.0674991720, 0.0493739128, 0.2333656117, 0.1592940570, 2833.8980, 2762.1633, 760.1300, 20.8164
2025-12-02 03:16:09, 0.0662164716, 0.0686736041, 0.1348293534, 0.1099444116, 2846.5902, 2870.8852, 762.4950, 19.8013
2025-12-02 03:16:14, 0.0555476650, 0.0652304975, 0.0961513901, 0.0938349026, 2641.8800, 2698.1600, 763.4650, 19.6774
2025-12-02 03:16:20, 0.1272568959, 0.1131008660, 0.1681481425, 0.1427559289, 2808.9375, 2750.1250, 762.4150, 19.6036
2025-12-02 03:16:26, 0.0536998993, 0.0591274901, 0.0969864726, 0.0957958732, 2727.6038, 2785.9057, 761.0150, 18.7655
2025-12-02 03:16:32, 0.0653958212, 0.0634926112, 0.1676327452, 0.1113956181, 2633.3000, 2657.4400, 762.1650, 18.6579
2025-12-02 03:16:37, 0.1025959455, 0.1034564446, 0.0832876457, 0.0803660956, 2701.2368, 2679.5789, 764.0500, 17.1554
2025-12-02 03:16:43, 0.0408970039, 0.0415994877, 0.0744313566, 0.0991554111, 2657.3019, 2705.8868, 762.7800, 17.6418
2025-12-02 03:16:49, 0.0477818189, 0.0633332315, 0.1318197877, 0.1050682974, 2902.7736, 2854.8868, 762.8200, 17.4799
2025-12-02 03:16:54, 0.0881074725, 0.0836420037, 0.0580819581, 0.0592721149, 2852.4000, 2865.9000, 764.5550, 19.6150
2025-12-02 03:17:00, 0.0768001906, 0.0593448670, 0.0856942061, 0.0905723716, 2792.0377, 2762.1509, 764.4900, 19.7441
2025-12-02 03:17:06, 0.0867761908, 0.0996719597, 0.1385466965, 0.1274607775, 2637.2745, 2688.1765, 764.2100, 17.9373
2025-12-02 03:17:12, 0.1182652563, 0.1232537426, 0.1227003001, 0.0998946158, 2758.3714, 2855.2857, 763.6600, 16.9781
2025-12-02 03:17:17, 0.0635875729, 0.0431519228, 0.1398916134, 0.1177966969, 3029.0444, 3038.7333, 759.0450, 18.3775
2025-12-02 03:17:23, 0.0545021637, 0.0552631398, 0.1463194811, 0.1593907948, 2673.9130, 2733.3333, 762.6000, 17.3761
2025-12-02 03:17:30, 0.0764737130, 0.0955674449, 0.1937221419, 0.1625587305, 2719.1087, 2703.6957, 763.8500, 19.1747
2025-12-02 03:17:36, 0.0548743510, 0.0504296846, 0.1229968304, 0.1136551814, 2500.3261, 2462.9348, 760.8500, 19.5971
2025-12-02 03:17:41, 0.0914270968, 0.0547257152, 0.1313150337, 0.1161841014, 2889.5476, 2866.6667, 760.8650, 20.1719
2025-12-02 03:17:47, 0.0450109543, 0.0451087585, 0.0709277274, 0.0893031212, 2891.9636, 2758.3273, 758.1400, 17.6173
2025-12-02 03:17:53, 0.0500659201, 0.0548670927, 0.1082678118, 0.0922610507, 2636.7778, 2545.3519, 762.9750, 17.8296
2025-12-02 03:17:59, 0.0680748013, 0.0755178796, 0.1182332907, 0.1088420777, 2968.5000, 3100.0227, 761.0250, 19.8407
2025-12-02 03:18:04, 0.0665662731, 0.0534325523, 0.1329606501, 0.1357618893, 2739.9038, 2775.3077, 768.0500, 18.7667
2025-12-02 03:18:10, 0.0876220744, 0.0744189479, 0.1168256233, 0.0966470513, 2858.9167, 2914.4375, 764.6500, 18.2367
2025-12-02 03:18:16, 0.0720996505, 0.0812589682, 0.1798736587, 0.1827150963, 2742.5435, 2758.9783, 765.3150, 19.8478
2025-12-02 03:18:22, 0.0705787819, 0.0645658321, 0.1182380784, 0.1042831301, 2771.6176, 2758.4412, 763.8600, 20.3551
2025-12-02 03:18:27, 0.0973930309, 0.0751812315, 0.1172982401, 0.1240350276, 2741.3269, 2773.0962, 764.0600, 20.8920
2025-12-02 03:18:33, 0.1147240703, 0.1033297410, 0.1625077235, 0.1207161459, 3124.9643, 3092.3036, 763.3400, 19.1589
2025-12-02 03:18:40, 0.1297907928, 0.1515393781, 0.0764783328, 0.0613150336, 2749.8491, 2674.7736, 761.0300, 21.4897
2025-12-02 03:18:46, 0.0771058927, 0.1004965575, 0.0839795038, 0.0944839346, 2894.0750, 2796.4500, 760.5300, 20.1358
2025-12-02 03:18:51, 0.0973713337, 0.0667333175, 0.1513066871, 0.1451862420, 2895.1739, 2969.6957, 761.1250, 20.9909
2025-12-02 03:18:57, 0.1048145592, 0.0755954229, 0.1084856507, 0.1235095639, 2843.7059, 2838.3922, 756.5050, 17.8253
2025-12-02 03:19:03, 0.0870677261, 0.0726989429, 0.1815519394, 0.1696819448, 3173.4865, 3213.5676, 757.7400, 19.5029
2025-12-02 03:19:09, 0.0539852517, 0.0595747614, 0.0984298049, 0.1187604373, 2570.8837, 2628.8372, 759.4400, 18.5717
2025-12-02 03:19:14, 0.0812586638, 0.0906034970, 0.1294654259, 0.1259760507, 2948.9623, 3009.0566, 758.5000, 20.4370
2025-12-02 03:19:20, 0.0909118314, 0.1065886940, 0.1384269187, 0.1808324125, 2838.7674, 2991.0930, 760.5400, 19.1739
2025-12-02 03:19:25, 0.1229489672, 0.0981283746, 0.0708049974, 0.0905015610, 2575.4340, 2615.2075, 758.7500, 17.6881
2025-12-02 03:19:31, 0.0852936427, 0.0556962627, 0.1199846365, 0.0861654805, 2552.5490, 2523.5294, 762.7900, 18.9456
2025-12-02 03:19:37, 0.0790819414, 0.0818113248, 0.1286394778, 0.1184067026, 3163.1042, 3131.8125, 760.8300, 18.3856
2025-12-02 03:19:43, 0.1094181063, 0.0996821331, 0.1324259378, 0.1345015891, 2842.8824, 2823.1373, 762.6250, 19.7814
2025-12-02 03:19:49, 0.0877099220, 0.0667701629, 0.1788678064, 0.1262067701, 2813.5294, 2837.4902, 757.1300, 17.8637
2025-12-02 03:19:54, 0.0511509087, 0.0584517389, 0.1510101656, 0.1382840071, 2896.2264, 2827.8868, 755.8800, 16.9581
2025-12-02 03:20:00, 0.0705633661, 0.0781165944, 0.1820507339, 0.1574391446, 2892.4762, 2844.0238, 758.8050, 17.3132
2025-12-02 03:20:06, 0.0463528748, 0.0484162082, 0.1536932108, 0.1447671858, 2919.4000, 2931.9778, 758.9100, 19.3900
2025-12-02 03:20:12, 0.0785037297, 0.0953168951, 0.1547794416, 0.1600477350, 2812.2941, 2922.1765, 758.4750, 16.7493
2025-12-02 03:20:17, 0.0939879052, 0.0851968073, 0.0807272903, 0.0779387850, 2382.8148, 2497.8148, 758.1450, 17.4265
2025-12-02 03:20:23, 0.0541923054, 0.0497501164, 0.1679125791, 0.1791269767, 2856.5660, 2890.6604, 759.0950, 16.2172
2025-12-02 03:20:29, 0.0637646821, 0.0543398784, 0.2104383696, 0.1510007402, 2957.5106, 2904.1064, 759.9100, 17.2798
2025-12-02 03:20:34, 0.0472951978, 0.0603385923, 0.1052971620, 0.1215615330, 2782.6829, 2931.2683, 759.8000, 16.9115
2025-12-02 03:20:41, 0.0724494809, 0.0797953783, 0.0782611956, 0.0905289559, 2778.9153, 2842.9322, 757.8200, 18.4301
2025-12-02 03:20:47, 0.0773737436, 0.0674325169, 0.0937980412, 0.0924636677, 2764.3958, 2849.2083, 758.1100, 18.5919
2025-12-02 03:20:52, 0.0634542600, 0.0626641289, 0.0872386558, 0.0598222048, 2830.7091, 2782.8545, 760.5700, 17.8817
2025-12-02 03:20:58, 0.0920442471, 0.1212995665, 0.0802205443, 0.0873790740, 2862.3214, 2899.3929, 759.3650, 16.9803
2025-12-02 03:21:04, 0.0699159670, 0.0535135665, 0.1259368543, 0.1190314941, 2612.7222, 2632.9815, 759.4800, 18.8505
2025-12-02 03:21:09, 0.0857763390, 0.0777660918, 0.0950987652, 0.1157588325, 2948.7213, 2950.1967, 758.8600, 16.1929
2025-12-02 03:21:15, 0.0572587900, 0.0723991507, 0.1500078314, 0.1396770767, 2609.4746, 2714.1017, 764.1600, 18.1065
2025-12-02 03:21:21, 0.0722914104, 0.0676591537, 0.1682300986, 0.1506230633, 3189.4706, 3285.6765, 758.5900, 17.9405
2025-12-02 03:21:27, 0.1076164125, 0.1183476721, 0.1396936771, 0.1696270186, 2689.4200, 2674.2000, 762.4550, 16.6922
2025-12-02 03:21:32, 0.0796047748, 0.0805066900, 0.1943510339, 0.2166148522, 2924.9111, 2997.3556, 763.6600, 17.6914
2025-12-02 03:21:38, 0.1087776908, 0.1109099061, 0.1904747791, 0.1465036751, 2676.1091, 2600.0727, 764.7400, 17.5765
2025-12-02 03:21:44, 0.1101220917, 0.1050726718, 0.0890827228, 0.1078191907, 2833.7500, 2888.2500, 762.9100, 18.3538
2025-12-02 03:21:50, 0.0778615657, 0.0792312541, 0.1285842278, 0.1480903879, 2770.6735, 2820.6122, 762.7050, 19.0260
2025-12-02 03:21:55, 0.1105876429, 0.0934212806, 0.1201006560, 0.1057310580, 2934.0577, 3038.3269, 758.2100, 18.5401
2025-12-02 03:22:01, 0.0586326636, 0.0739889382, 0.1223704757, 0.1022420741, 2685.1273, 2615.1455, 759.3550, 17.4393
2025-12-02 03:22:07, 0.1113537612, 0.1078853335, 0.0564574397, 0.0455766005, 2656.1860, 2666.1860, 761.0350, 17.4890
2025-12-02 03:22:12, 0.0816822505, 0.0792018808, 0.1378545623, 0.1153872167, 2531.0000, 2514.7750, 758.8300, 19.0662
2025-12-02 03:22:18, 0.1112663791, 0.0777668345, 0.1778380753, 0.1688212516, 2706.9592, 2789.0816, 758.9500, 18.6734
2025-12-02 03:22:24, 0.0744216826, 0.0796903190, 0.0959299089, 0.1004473824, 2768.3273, 2895.8000, 758.0550, 17.2642
2025-12-02 03:22:30, 0.0488802453, 0.0508156053, 0.1168128702, 0.1464854084, 2755.3175, 2757.9683, 760.5350, 17.1473
2025-12-02 03:22:35, 0.1573291471, 0.1109175451, 0.0740793406, 0.1037467122, 2685.0000, 2867.6098, 762.3700, 17.5975
2025-12-02 03:22:41, 0.0745340387, 0.0848718059, 0.1223241447, 0.1108239966, 2636.8500, 2584.5250, 762.4300, 18.3143
2025-12-02 03:22:47, 0.1294466062, 0.0967834774, 0.0840044016, 0.0968185647, 2783.4222, 2887.2444, 761.8050, 18.5795
2025-12-02 03:22:53, 0.0980947223, 0.1093776352, 0.1224963710, 0.1044851226, 2835.3208, 2736.2453, 762.9900, 17.6678
2025-12-02 03:22:59, 0.0943030026, 0.0703138734, 0.0828768013, 0.0904451653, 2699.0370, 2610.8519, 763.3800, 16.4683
2025-12-02 03:23:05, 0.0496230760, 0.0442190312, 0.0988411605, 0.0856296262, 2601.8800, 2618.8600, 762.2600, 16.7905
2025-12-02 03:23:10, 0.0930275930, 0.0831958045, 0.1780564279, 0.1609380838, 2849.3333, 2813.7778, 762.3700, 18.3236
2025-12-02 03:23:16, 0.0547535024, 0.0571934717, 0.1953199983, 0.2069115312, 2534.1395, 2623.8372, 761.8900, 19.3090
2025-12-02 03:23:22, 0.0653383857, 0.0520532155, 0.1465697674, 0.1309868152, 2657.1957, 2650.7826, 761.5650, 18.1220
2025-12-02 03:23:28, 0.0671527919, 0.0678629947, 0.2508574854, 0.2349847579, 2672.9231, 2612.3462, 764.0700, 17.3518
2025-12-02 03:23:34, 0.0448213096, 0.0557243632, 0.2512567931, 0.3071371654, 2793.8704, 2828.9815, 762.0050, 15.8759
2025-12-02 03:23:39, 0.0486523176, 0.0665913969, 0.1450485925, 0.1572803442, 2361.6957, 2424.5870, 762.6250, 17.7768
2025-12-02 03:23:45, 0.0691700182, 0.0654107136, 0.1744843147, 0.2227947296, 2495.4423, 2597.5577, 761.9900, 19.9316
2025-12-02 03:23:51, 0.0817481641, 0.0937881729, 0.1929094486, 0.1416363546, 3005.9400, 2975.7600, 762.7050, 16.9245
2025-12-02 03:23:57, 0.0488664180, 0.0662922137, 0.2709793934, 0.2056143957, 2642.9167, 2599.7708, 759.0350, 17.0867
2025-12-02 03:24:03, 0.0543183965, 0.0558587618, 0.2181991235, 0.1955953281, 3037.4872, 2995.9744, 758.5750, 17.9160
2025-12-02 03:24:09, 0.0666612289, 0.0808283894, 0.1802170518, 0.1284403156, 2946.5952, 2987.8333, 761.1250, 16.9425
2025-12-02 03:24:14, 0.0752519066, 0.0762788675, 0.1807944642, 0.1724468964, 2710.0833, 2781.9583, 761.6600, 19.6948
2025-12-02 03:24:20, 0.0896386708, 0.1352956446, 0.2149890123, 0.1989134564, 2995.6977, 2906.9767, 750.7600, 16.7682
2025-12-02 03:24:26, 0.0868872389, 0.0532068851, 0.2714765847, 0.2245796946, 2885.8864, 2856.7500, 760.9600, 17.9293
2025-12-02 03:24:31, 0.0881418217, 0.0737579652, 0.2045476937, 0.2097418649, 2645.6596, 2806.7021, 762.3150, 19.6531
2025-12-02 03:24:37, 0.0839945051, 0.0834521999, 0.1156893243, 0.1291948230, 2261.7551, 2325.7551, 751.4950, 18.4591
2025-12-02 03:24:43, 0.0462916984, 0.0300676607, 0.2480591955, 0.2026079171, 2562.7321, 2554.2857, 750.0050, 18.0692
2025-12-02 03:24:48, 0.0541536199, 0.0618313107, 0.1174434025, 0.1040475352, 2676.3415, 2695.7561, 751.4450, 17.1883
2025-12-02 03:24:54, 0.0994080892, 0.0872028342, 0.1979001078, 0.1761856836, 2826.0000, 2839.2542, 750.1500, 18.1460
2025-12-02 03:25:00, 0.0600913096, 0.0647954569, 0.3030067778, 0.3092314064, 3252.6923, 3178.4231, 752.2650, 16.9158
2025-12-02 03:25:06, 0.0487898660, 0.0498968037, 0.1356260523, 0.1040233861, 2701.1034, 2667.3103, 751.7150, 17.5802
2025-12-02 03:25:11, 0.0434003907, 0.0568529225, 0.1565667808, 0.2045310025, 2758.8140, 2833.4419, 752.2500, 17.2116
2025-12-02 03:25:17, 0.0855599536, 0.0626240755, 0.1629100550, 0.1709097992, 2658.7500, 2616.8000, 750.9400, 17.9108
2025-12-02 03:25:23, 0.0726729115, 0.0626947266, 0.2529301269, 0.2079206326, 2532.8864, 2538.5909, 751.3300, 17.6017
2025-12-02 03:25:28, 0.1611399378, 0.1078982863, 0.1373251891, 0.1157337035, 2888.5349, 2914.2558, 749.7250, 17.7389
2025-12-02 03:25:34, 0.0726788007, 0.0913784845, 0.1435619926, 0.1926641821, 2748.4318, 2871.4091, 753.6900, 18.4427
2025-12-02 03:25:40, 0.0543670516, 0.0567654644, 0.2095051742, 0.1749003783, 2728.9130, 2717.8913, 748.0200, 17.8754
2025-12-02 03:25:46, 0.0603459189, 0.0966397841, 0.1111262906, 0.1477745198, 2942.3125, 2851.5417, 753.4250, 16.8334
2025-12-02 03:25:52, 0.1074505599, 0.0651107325, 0.2622835300, 0.2744403332, 2856.4651, 2841.3256, 760.7800, 20.1314
2025-12-02 03:25:57, 0.1113744701, 0.1026730252, 0.1134339041, 0.1539680396, 2360.1163, 2518.0930, 761.4950, 18.9212
2025-12-02 03:26:03, 0.0615732944, 0.0598463414, 0.1342883542, 0.1755175389, 2330.3111, 2343.0889, 761.0850, 18.5542
2025-12-02 03:26:09, 0.0692565804, 0.0762172185, 0.2210504093, 0.1683070321, 2308.8462, 2284.1154, 758.4150, 19.5224
2025-12-02 03:26:15, 0.0599830956, 0.0658247311, 0.1546251401, 0.2080041574, 2726.9459, 2838.3784, 759.1200, 18.8692
2025-12-02 03:26:21, 0.0724107115, 0.0993642968, 0.1976938417, 0.2115533051, 2647.2500, 2663.1346, 763.2500, 21.0641
2025-12-02 03:26:26, 0.0726734629, 0.0551359063, 0.2221938315, 0.1491070585, 2657.0612, 2618.3469, 762.8500, 17.1691
2025-12-02 03:26:32, 0.0745671749, 0.0830844113, 0.2102880192, 0.1942124650, 2680.5000, 2697.2609, 762.5150, 16.6520
2025-12-02 03:26:38, 0.0858144356, 0.1121057505, 0.2658894340, 0.2781924348, 2651.8611, 2569.8611, 762.5000, 19.1277
2025-12-02 03:26:43, 0.0853268627, 0.1082232869, 0.1513335507, 0.1486879996, 2963.8696, 3112.5652, 760.7200, 19.1429
2025-12-02 03:26:49, 0.0532658921, 0.0592990183, 0.1254729229, 0.1271255399, 2815.2000, 2762.3200, 762.3100, 18.0802
2025-12-02 03:26:55, 0.0642532502, 0.0658168699, 0.1137479521, 0.1452113810, 2645.1071, 2770.1250, 761.0450, 17.9801
2025-12-02 03:27:00, 0.0695474448, 0.0690104953, 0.1020628478, 0.0771090453, 2679.9250, 2736.8500, 762.1850, 18.5694
2025-12-02 03:27:06, 0.1031703392, 0.1194774141, 0.2079072894, 0.2232559066, 2779.9216, 2880.4510, 762.4100, 17.0992
2025-12-02 03:27:12, 0.0720704066, 0.1172299956, 0.1103826542, 0.1102145007, 2615.3636, 2679.7955, 761.0700, 19.4799
2025-12-02 03:27:18, 0.1071686696, 0.1278503777, 0.0839722109, 0.0793173195, 2909.2500, 2918.3000, 760.9300, 19.2150
2025-12-02 03:27:23, 0.1063784107, 0.0801885317, 0.1546794499, 0.1419258518, 2611.5581, 2637.5581, 762.2100, 16.7056
2025-12-02 03:27:29, 0.0904170281, 0.0731011215, 0.1939685601, 0.1634840062, 2840.7317, 2897.1707, 763.0200, 19.1476
2025-12-02 03:27:35, 0.0888012656, 0.0824717169, 0.2477139822, 0.2627667308, 2785.1915, 2794.5106, 762.2050, 18.9911
2025-12-02 03:27:40, 0.0775803036, 0.0752342595, 0.1436865804, 0.1077607509, 2828.6250, 2897.1250, 759.7450, 18.7894
2025-12-02 03:27:46, 0.1016447628, 0.0948939800, 0.1096951414, 0.1267914667, 2545.2128, 2631.7447, 760.6650, 17.3290
2025-12-02 03:27:52, 0.1134341286, 0.1039441587, 0.1345309010, 0.1389118033, 2438.3846, 2480.3654, 763.0600, 19.0246
2025-12-02 03:27:58, 0.0856098756, 0.1146845098, 0.1373220787, 0.1014749171, 2935.0545, 2919.1273, 759.7400, 20.0951
2025-12-02 03:28:03, 0.0887865607, 0.1044231711, 0.1198473105, 0.1242443757, 2973.9130, 2919.3913, 759.7150, 18.0498
2025-12-02 03:28:09, 0.0609135396, 0.0655363950, 0.0976431072, 0.0838288246, 2711.8519, 2702.4444, 760.4500, 18.0903
2025-12-02 03:28:15, 0.0803882395, 0.0692532722, 0.1515307054, 0.1236244147, 2786.8846, 2790.7115, 759.5800, 19.9174
2025-12-02 03:28:21, 0.0818045740, 0.0814905111, 0.0984711052, 0.0860877016, 2797.4255, 2713.6809, 758.0250, 19.1767
2025-12-02 03:28:27, 0.0715534615, 0.0743665116, 0.0684314856, 0.0682893241, 2695.2712, 2778.9322, 756.7000, 18.9396
2025-12-02 03:28:32, 0.0772697893, 0.0795451032, 0.1022185312, 0.0804005658, 2959.6078, 2843.3333, 755.9950, 19.7865
2025-12-02 03:28:38, 0.0463216354, 0.0484768682, 0.1243603742, 0.1041429347, 2634.0161, 2659.8871, 759.1650, 17.3490
2025-12-02 03:28:44, 0.0867193564, 0.0710646159, 0.0871985276, 0.0970984059, 2819.9500, 2785.2167, 757.0950, 19.3338
2025-12-02 03:28:50, 0.0895530837, 0.1080924782, 0.1132207044, 0.0921784042, 2933.0426, 2970.0426, 756.2400, 20.4871
2025-12-02 03:28:55, 0.0798785179, 0.0928426098, 0.1058935044, 0.1153933876, 2739.1875, 2710.6406, 760.2550, 19.1661
2025-12-02 03:29:01, 0.1172639310, 0.0855451748, 0.0799352354, 0.1141636421, 2838.1702, 2847.7660, 757.4100, 18.5807
2025-12-02 03:29:07, 0.0872268728, 0.0926498067, 0.1118497685, 0.1134502753, 2763.0000, 2771.7544, 755.5100, 19.6443
2025-12-02 03:29:13, 0.0791454062, 0.0706351585, 0.1064661646, 0.1036337033, 2677.5323, 2766.9194, 760.3650, 20.8291
2025-12-02 03:29:19, 0.0815213144, 0.0800677943, 0.0763975138, 0.0652617367, 2777.7368, 2649.1316, 760.3900, 19.6420
2025-12-02 03:29:24, 0.0919748558, 0.0749337399, 0.1025187626, 0.0964085813, 2830.5106, 2781.8085, 754.8950, 17.0113
2025-12-02 03:29:30, 0.0911981106, 0.0904920592, 0.0917431438, 0.0786577699, 2893.9630, 2789.0185, 759.9100, 17.7579
2025-12-02 03:29:36, 0.0530067308, 0.0546484949, 0.0970148957, 0.0901759307, 2773.0758, 2736.5152, 758.4100, 18.5195
2025-12-02 03:29:42, 0.0792343461, 0.0772826940, 0.0496087088, 0.0543208678, 2704.8298, 2788.3404, 758.5350, 18.0236
2025-12-02 03:29:48, 0.1205031656, 0.0936018987, 0.0652736221, 0.0611875885, 2862.0862, 2862.2586, 759.2700, 18.5846
2025-12-02 03:29:54, 0.1139651554, 0.1204722046, 0.0727124942, 0.0840388916, 2651.5246, 2720.3279, 755.0350, 20.6054
2025-12-02 03:29:59, 0.1081307746, 0.1201623066, 0.1090638639, 0.1030178254, 2671.9242, 2697.8636, 761.4650, 17.8101
2025-12-02 03:30:05, 0.1126487586, 0.1025775155, 0.1584025122, 0.1208015052, 3054.8605, 2948.6279, 761.0350, 18.8230
2025-12-02 03:30:11, 0.1105005259, 0.1340152115, 0.1245255655, 0.1049041037, 2763.4318, 2774.9773, 762.1200, 20.8640
2025-12-02 03:30:17, 0.1205927624, 0.1100902415, 0.1332248135, 0.0893939687, 2799.5000, 2827.9583, 764.0000, 17.1939
2025-12-02 03:30:23, 0.1023865883, 0.0980880822, 0.1111779744, 0.1061546921, 2934.9444, 2985.4444, 762.2850, 17.1908
2025-12-02 03:30:29, 0.1080163495, 0.1208839408, 0.1361445465, 0.0867995143, 2854.3800, 2770.5000, 764.4600, 16.9183
2025-12-02 03:30:34, 0.1138715898, 0.1111220951, 0.0980064700, 0.0695186614, 2788.2571, 2737.4571, 765.2400, 17.3136
2025-12-02 03:30:40, 0.1519459591, 0.1790868287, 0.0647599721, 0.0639963623, 2857.3902, 2819.7073, 764.1650, 20.1094
2025-12-02 03:30:46, 0.1243519553, 0.1456289638, 0.0807639915, 0.0767825629, 2871.3621, 2855.2069, 759.6800, 17.5182
2025-12-02 03:30:51, 0.0715097524, 0.0871042917, 0.1054584871, 0.0944436025, 2877.1607, 2779.3571, 765.8800, 18.4078
2025-12-02 03:30:57, 0.1221054539, 0.1231203911, 0.0911558542, 0.0824820955, 3001.1111, 3043.8889, 760.8950, 17.9528
2025-12-02 03:31:03, 0.1031751939, 0.1534145188, 0.1027085956, 0.1012293540, 2838.0455, 2962.6818, 761.9000, 19.9407
2025-12-02 03:31:08, 0.1172741959, 0.1422268598, 0.1146830039, 0.0747912142, 2961.2923, 2939.6308, 760.5200, 17.8704
2025-12-02 03:31:14, 0.1311369324, 0.1358075780, 0.0897503391, 0.1246750553, 2848.8889, 2841.3472, 762.1950, 18.1325
2025-12-02 03:31:20, 0.0940982151, 0.0734907458, 0.1041109914, 0.1100438183, 2696.5246, 2693.7049, 760.0400, 17.6584
2025-12-02 03:31:26, 0.0698427713, 0.0620249985, 0.0946224212, 0.0868410634, 2963.7500, 2850.1667, 758.3700, 18.1260
2025-12-02 03:31:32, 0.0809614058, 0.0705562981, 0.1118990352, 0.1182422040, 2839.4655, 2821.3448, 754.8500, 19.0170
2025-12-02 03:31:37, 0.0717053822, 0.0735602997, 0.0970828288, 0.1045376668, 2934.8793, 2966.6724, 759.4550, 19.2143
2025-12-02 03:31:43, 0.0993393556, 0.0723598628, 0.0719693711, 0.0796006128, 2741.8525, 2803.7541, 755.1450, 19.2814
2025-12-02 03:31:49, 0.1026236376, 0.0942106517, 0.1588418097, 0.1227210529, 2860.4630, 2723.3704, 756.2850, 18.5635
2025-12-02 03:31:55, 0.0526929592, 0.0666264671, 0.0984240707, 0.0873186025, 2765.5660, 2806.3962, 755.2550, 18.7486
2025-12-02 03:32:01, 0.1549230026, 0.1240276133, 0.0773096217, 0.0861897097, 2938.0000, 2831.8108, 754.2450, 17.7914
2025-12-02 03:32:06, 0.1193222162, 0.0973393892, 0.1214817419, 0.0815872902, 2761.7317, 2844.4878, 747.7400, 17.5600
2025-12-02 03:32:12, 0.0824071179, 0.1098117774, 0.0995542309, 0.1044640687, 2770.0893, 2893.7857, 748.6800, 18.5725
2025-12-02 03:32:18, 0.0780516517, 0.0621251453, 0.0850565004, 0.0815361418, 2854.8387, 2828.4032, 749.3350, 16.8699
2025-12-02 03:32:24, 0.0980844653, 0.1004847196, 0.1044354163, 0.1333976888, 2672.5745, 2802.0000, 750.0600, 18.9100
2025-12-02 03:32:30, 0.0833920138, 0.0674809646, 0.1113865977, 0.1155895249, 2802.8615, 2826.8923, 747.1900, 18.6803
2025-12-02 03:32:35, 0.0738958699, 0.0752365696, 0.0895266011, 0.0985896911, 2856.3962, 3022.1887, 747.4300, 18.8639
2025-12-02 03:32:41, 0.1627633001, 0.1456615636, 0.0801243093, 0.0776422476, 2826.7368, 2915.8070, 748.8600, 17.7406
2025-12-02 03:32:47, 0.1495731530, 0.1292494496, 0.1446685519, 0.1183016835, 3020.0192, 2839.3269, 746.8200, 19.2345
2025-12-02 03:32:53, 0.1463113103, 0.1273409501, 0.1038934340, 0.0787582118, 2735.5161, 2723.3548, 748.7300, 18.7272
2025-12-02 03:32:58, 0.1278404973, 0.1032685074, 0.1591601172, 0.1695860504, 2857.4314, 2871.2353, 748.9650, 18.8126
2025-12-02 03:33:04, 0.1125680892, 0.1070843720, 0.1179960044, 0.0885593973, 2892.4706, 2858.8235, 749.4100, 18.6984
2025-12-02 03:33:10, 0.1022328017, 0.1069906645, 0.0925211516, 0.0752555633, 2748.5200, 2783.7600, 751.2450, 18.3468
2025-12-02 03:33:16, 0.1538652929, 0.1298741963, 0.1235110164, 0.1061183430, 2777.9583, 2825.7500, 747.2900, 18.4607
2025-12-02 03:33:21, 0.0987931540, 0.1131519803, 0.0928709521, 0.0869603047, 2708.3889, 2844.9630, 753.4850, 19.8829
2025-12-02 03:33:27, 0.1105534648, 0.1196632614, 0.1178266180, 0.1058309217, 2526.4561, 2686.7544, 759.3650, 17.7283
2025-12-02 03:33:33, 0.1457158336, 0.1088151592, 0.0656575882, 0.0739092827, 2789.2340, 2879.8298, 755.4650, 18.9597
2025-12-02 03:33:39, 0.1365063739, 0.1295350751, 0.1067030987, 0.0858468467, 2760.2600, 2804.0400, 757.3150, 18.1140
2025-12-02 03:33:45, 0.1280905516, 0.0932921770, 0.0955638911, 0.0879478698, 2799.5349, 2936.8605, 756.6300, 19.5313
2025-12-02 03:33:50, 0.1132049969, 0.0762365019, 0.0874468751, 0.0856354060, 2933.7805, 2961.4390, 757.4900, 19.4064
2025-12-02 03:33:56, 0.0840734502, 0.0722215441, 0.0580776044, 0.0711891096, 2813.4000, 2875.6750, 760.5400, 16.6832
2025-12-02 03:34:02, 0.1018753023, 0.1123134191, 0.0941591995, 0.1046283268, 2621.5273, 2683.6545, 755.8550, 19.3998
2025-12-02 03:34:08, 0.1266009900, 0.1332475419, 0.0817902188, 0.0771206721, 2758.9388, 2751.2245, 757.9600, 19.0391
2025-12-02 03:34:13, 0.1009868475, 0.0836577814, 0.0809915665, 0.0752057593, 2776.9057, 2777.2830, 757.4050, 19.4785
2025-12-02 03:34:19, 0.1043335291, 0.0941400563, 0.1036203168, 0.0920528871, 2718.6481, 2732.0926, 756.4000, 20.3774
2025-12-02 03:34:25, 0.1114257384, 0.0987004413, 0.1256888935, 0.1326949235, 2642.7609, 2603.6739, 756.3050, 20.5244
2025-12-02 03:34:31, 0.1260882393, 0.1310612740, 0.0872823687, 0.0860029714, 2522.2128, 2528.8298, 758.4500, 18.9783
2025-12-02 03:34:37, 0.0719985284, 0.0879873381, 0.0864794359, 0.0704160275, 2717.8400, 2627.4600, 755.7400, 19.8513
2025-12-02 03:34:43, 0.1260647498, 0.1558580312, 0.1046865138, 0.0802401589, 2760.8409, 2845.2955, 755.6350, 18.8404
2025-12-02 03:34:49, 0.1280591768, 0.1059074455, 0.1044519170, 0.0695323734, 2614.6042, 2622.6042, 752.6900, 17.4300
2025-12-02 03:34:54, 0.1070425609, 0.0851046907, 0.0670326095, 0.0640476892, 2918.1000, 3044.9750, 756.2700, 17.7490
2025-12-02 03:35:00, 0.0866120695, 0.0961225389, 0.1406755998, 0.1244109690, 2965.8125, 2942.5833, 757.0050, 17.9467
2025-12-02 03:35:06, 0.1064810133, 0.0772101434, 0.1286581129, 0.0940876747, 2828.3077, 2856.2885, 756.4000, 20.0547
2025-12-02 03:35:12, 0.1261753359, 0.0992929155, 0.1053956188, 0.1057902759, 2837.8333, 2835.4286, 753.5150, 18.4049
2025-12-02 03:35:17, 0.1036627970, 0.0744117791, 0.0836396974, 0.0790054000, 3122.3617, 3139.0851, 752.9400, 17.1028
2025-12-02 03:35:23, 0.1018633146, 0.1300440837, 0.1234959691, 0.1102380779, 3014.7895, 3126.7895, 752.9800, 17.0429
2025-12-02 03:35:29, 0.1083220685, 0.1242049211, 0.1254255017, 0.1250111604, 2963.5208, 2993.1042, 750.5150, 18.2455
2025-12-02 03:35:35, 0.1406212577, 0.0935068203, 0.1428489798, 0.1233805845, 2942.2917, 2897.0417, 751.4700, 17.3280
2025-12-02 03:35:41, 0.1290845044, 0.1157230933, 0.1096034685, 0.0975935441, 2691.4186, 2648.0930, 750.0050, 19.7293
2025-12-02 03:35:46, 0.1464964483, 0.1403884214, 0.1267273189, 0.1248759282, 2906.1455, 3068.0182, 752.9550, 18.4253
2025-12-02 03:35:52, 0.1457376032, 0.1582106769, 0.1494690156, 0.1028889184, 2604.7234, 2707.2766, 750.9400, 16.9102
2025-12-02 03:35:58, 0.1136232477, 0.1215301243, 0.0954205676, 0.1285221175, 2648.4348, 2731.7391, 752.9750, 19.2462
2025-12-02 03:36:03, 0.1216078220, 0.1196373871, 0.0841812781, 0.1016202507, 2867.0930, 2990.2093, 755.5000, 20.0467
2025-12-02 03:36:09, 0.1542608457, 0.0905220243, 0.0895022523, 0.0786460565, 2732.3659, 2830.7561, 755.0450, 19.8457
2025-12-02 03:36:15, 0.1285699972, 0.1410057272, 0.0791807882, 0.0742643371, 2758.4474, 2826.8684, 751.6400, 20.0744
2025-12-02 03:36:21, 0.0934592126, 0.0943250094, 0.1045737652, 0.0798437728, 3008.6909, 2936.1091, 754.4250, 19.2456
2025-12-02 03:36:27, 0.0922333068, 0.1009847407, 0.0789624857, 0.0915950606, 2973.6538, 2948.6154, 753.0750, 19.1768
2025-12-02 03:36:32, 0.0883742940, 0.1183443457, 0.0622540913, 0.0907877661, 2819.1250, 2878.7250, 756.9850, 16.9521
2025-12-02 03:36:38, 0.0889183290, 0.1182946849, 0.1366531623, 0.1823666239, 2673.7292, 2650.2917, 758.3550, 18.2266
2025-12-02 03:36:44, 0.0927031463, 0.0934589145, 0.0780476072, 0.0765435396, 2773.6078, 2895.0588, 761.4950, 19.2304
2025-12-02 03:36:50, 0.1316248732, 0.1397929089, 0.0695901419, 0.0777859280, 2854.6889, 2935.3111, 760.1050, 17.6908
2025-12-02 03:36:56, 0.0929906761, 0.0826737150, 0.0910175784, 0.1195743601, 2893.0870, 2956.4565, 761.4650, 19.6941
2025-12-02 03:37:02, 0.0613162262, 0.0475565787, 0.1621336014, 0.1036160252, 2867.4615, 2722.3846, 761.7600, 19.0143
2025-12-02 03:37:07, 0.0766015906, 0.0880603300, 0.0679715432, 0.0842636020, 2852.7885, 2803.7308, 761.8350, 18.0773
2025-12-02 03:37:13, 0.1218621360, 0.0898595403, 0.1235381181, 0.1037247252, 3018.5455, 2991.7273, 760.8600, 17.9173
2025-12-02 03:37:19, 0.0965175230, 0.0944655173, 0.0715568016, 0.0708117382, 3070.2708, 3073.1250, 763.2750, 19.3899
2025-12-02 03:37:24, 0.0720254686, 0.0725885279, 0.1051964350, 0.0833217845, 2939.5385, 2852.0769, 762.5550, 18.3449
2025-12-02 03:37:30, 0.1284149802, 0.1280359667, 0.0886745425, 0.0794647217, 2941.4561, 2982.4386, 763.7250, 18.5585
2025-12-02 03:37:36, 0.0865326056, 0.0648366693, 0.0609277249, 0.0609410048, 2777.9615, 2645.7500, 762.2250, 17.8077
2025-12-02 03:37:42, 0.0607924219, 0.0588103043, 0.0750947304, 0.0714682595, 2736.5439, 2746.5088, 762.0400, 18.2307
2025-12-02 03:37:47, 0.0512018155, 0.0396208315, 0.0960858428, 0.0977513679, 3033.9483, 2996.2586, 763.6200, 17.3852
2025-12-02 03:37:53, 0.0440542107, 0.0414919735, 0.0765268292, 0.0496881169, 2954.3810, 2887.6825, 758.2600, 19.6907
2025-12-02 03:37:59, 0.0350045168, 0.0390859292, 0.0825817492, 0.1004110970, 2935.3239, 2954.0704, 756.3200, 19.2610
2025-12-02 03:38:05, 0.0494188793, 0.0456485050, 0.0995574507, 0.0951023665, 2822.1429, 2737.5429, 755.0900, 18.8754
2025-12-02 03:38:10, 0.0368202490, 0.0623862772, 0.0838725870, 0.0553953154, 2912.9697, 2781.2273, 755.7450, 18.1298
2025-12-02 03:38:16, 0.0380176473, 0.0387549185, 0.0888500389, 0.0673409271, 3007.5246, 2927.1803, 758.3500, 17.3210
2025-12-02 03:38:22, 0.0433184905, 0.0464184555, 0.0757109758, 0.0787244970, 2892.4082, 2918.5918, 755.6650, 18.3107
2025-12-02 03:38:28, 0.0578211979, 0.0586457856, 0.0780681742, 0.0728013943, 2933.2951, 2872.2951, 755.7750, 18.5271
2025-12-02 03:38:33, 0.0452911640, 0.0367691266, 0.0739544672, 0.1190307384, 2755.4000, 2841.2222, 756.3750, 17.5634
2025-12-02 03:38:39, 0.0467660106, 0.0648871563, 0.1186871408, 0.1284878783, 2717.7460, 2664.9206, 755.0150, 17.4498
2025-12-02 03:38:45, 0.0543475743, 0.0467352875, 0.0882252571, 0.1094336333, 2829.4314, 2845.2353, 755.0400, 17.1808
2025-12-02 03:38:50, 0.1141457596, 0.1029228972, 0.0653506930, 0.0674160492, 2794.7000, 2845.2000, 755.9350, 18.8659
2025-12-02 03:38:56, 0.0859923186, 0.0884578456, 0.0723585740, 0.0763484733, 2598.9787, 2546.6809, 756.8850, 17.4703
2025-12-02 03:39:02, 0.0958451482, 0.0759257344, 0.1597733378, 0.1036117222, 3130.3846, 2945.7308, 754.6800, 18.8859
2025-12-02 03:39:08, 0.0742610787, 0.0809444039, 0.1136758962, 0.1145127313, 2684.1538, 2781.5962, 757.0250, 17.2167
2025-12-02 03:39:14, 0.0552687623, 0.0606532846, 0.1677492069, 0.1272782168, 2760.2364, 2588.1636, 757.3050, 18.2867
2025-12-02 03:39:19, 0.0723194910, 0.0664505677, 0.2040131246, 0.1861529389, 2967.7556, 2931.5333, 760.2000, 18.2973
2025-12-02 03:39:25, 0.0663494128, 0.0741387979, 0.1254028852, 0.1269543879, 2631.0833, 2731.2917, 759.5200, 17.0605
2025-12-02 03:39:32, 0.0795812054, 0.0857847498, 0.1159180107, 0.1058750717, 2926.7021, 2857.5319, 756.4950, 16.4873
2025-12-02 03:39:38, 0.0760646933, 0.0836805351, 0.1258083959, 0.1166657177, 2845.6800, 2805.4000, 758.2800, 18.7438
2025-12-02 03:39:44, 0.1046725494, 0.1347346281, 0.0999425984, 0.0805189664, 2754.1395, 2768.9070, 763.7250, 18.4193
2025-12-02 03:39:50, 0.1418660465, 0.1374876280, 0.2263491395, 0.1769488493, 2767.9756, 2696.1220, 761.3250, 18.9752
2025-12-02 03:39:56, 0.1361871355, 0.1240947562, 0.0732960717, 0.0814038480, 2877.8727, 2912.0545, 763.1800, 17.6830
2025-12-02 03:40:01, 0.0910814441, 0.0729879776, 0.1191147179, 0.1380607234, 2707.0000, 2693.4722, 765.5150, 18.1711
2025-12-02 03:40:07, 0.0873117834, 0.0721885302, 0.1173800361, 0.1064957781, 2738.7647, 2772.5098, 760.5100, 17.9310
2025-12-02 03:40:13, 0.0592461503, 0.0587719085, 0.1045618471, 0.1341796208, 2667.3200, 2668.9000, 763.2650, 18.4316
2025-12-02 03:40:19, 0.0611870359, 0.0557302316, 0.1224609836, 0.1398331843, 2828.9545, 2798.7500, 762.1000, 18.8873
2025-12-02 03:40:25, 0.0746168881, 0.0586386406, 0.1119210208, 0.1038507329, 2719.5349, 2825.8372, 758.9400, 18.4872
2025-12-02 03:40:30, 0.0417968070, 0.0382476499, 0.1358922616, 0.1417584844, 2803.9811, 2600.2075, 763.5900, 17.4408
2025-12-02 03:40:36, 0.0686365044, 0.0614912744, 0.0939667332, 0.0924276604, 2774.8906, 2795.7969, 761.1450, 17.7247
2025-12-02 03:40:42, 0.0779594208, 0.0872408871, 0.1292311505, 0.1264104985, 2878.0893, 2905.0000, 764.9100, 19.3104
2025-12-02 03:40:48, 0.0817740357, 0.0754296930, 0.1484953284, 0.1990434704, 2677.2222, 2764.0185, 762.6700, 18.3995
2025-12-02 03:40:54, 0.0981065329, 0.0938026694, 0.1991495769, 0.1472161480, 2907.0213, 2960.8936, 760.0000, 18.3341
2025-12-02 03:40:59, 0.0725701053, 0.0774090664, 0.1127044535, 0.1327704009, 2721.0175, 2736.3860, 760.1200, 19.1926
2025-12-02 03:41:05, 0.0617022096, 0.0533323119, 0.1529240525, 0.1202970412, 2732.7885, 2639.6346, 759.3750, 18.1652
2025-12-02 03:41:11, 0.0765913157, 0.0650518611, 0.1053268461, 0.1089625199, 3007.1190, 2995.5238, 759.3650, 19.4078
2025-12-02 03:41:17, 0.0641456148, 0.0565850161, 0.1483830620, 0.1081463154, 2798.8727, 2816.9818, 752.8900, 19.5969
2025-12-02 03:41:22, 0.0420153250, 0.0491065349, 0.0864725471, 0.0892997995, 2777.2692, 2809.9615, 760.4600, 18.4697
2025-12-02 03:41:28, 0.0634695906, 0.0522239810, 0.0897628179, 0.1077908472, 2978.1458, 3066.3958, 761.4650, 18.1901
2025-12-02 03:41:34, 0.0685578765, 0.0692826271, 0.1668023972, 0.1165369367, 2737.4118, 2679.9804, 761.1800, 18.0302
2025-12-02 03:41:39, 0.1066839897, 0.1149904550, 0.1853765929, 0.2004180643, 2710.9600, 2708.2800, 753.6750, 19.3923
2025-12-02 03:41:45, 0.1103013620, 0.0870766062, 0.1272521566, 0.1444737247, 3008.1273, 3115.2182, 754.3450, 17.0779
2025-12-02 03:41:51, 0.0803084448, 0.0978747030, 0.1109412379, 0.1051559685, 3000.0980, 2934.7451, 755.0400, 16.9847
2025-12-02 03:41:57, 0.1087954542, 0.1234286933, 0.1037318548, 0.1255045785, 2864.6304, 2818.3261, 753.9900, 18.0945
2025-12-02 03:42:03, 0.1046077252, 0.0990824974, 0.0750099953, 0.0770707770, 2749.4615, 2781.1795, 751.5250, 16.8861
2025-12-02 03:42:08, 0.0718383778, 0.0819085813, 0.0892027157, 0.0956568517, 2736.4510, 2697.7059, 754.0950, 17.4773
2025-12-02 03:42:14, 0.0666587547, 0.0717658613, 0.1104240571, 0.0910453787, 3216.5510, 3367.0000, 754.5250, 18.8122
2025-12-02 03:42:20, 0.0634517685, 0.0513531532, 0.1135005430, 0.1262663463, 2465.8491, 2401.3585, 752.0950, 18.1490
2025-12-02 03:42:26, 0.0591737553, 0.0592831511, 0.0859321714, 0.1267630517, 2674.3750, 2776.2679, 754.0750, 18.1314
2025-12-02 03:42:31, 0.0585817574, 0.0543450651, 0.1550433281, 0.0964866315, 3071.8542, 2793.6458, 753.9150, 17.1262
2025-12-02 03:42:37, 0.0656355450, 0.0552910479, 0.1597311164, 0.1242755996, 3068.2812, 2929.3750, 754.1750, 18.9680
2025-12-02 03:42:43, 0.0942615908, 0.0882605795, 0.1442791247, 0.1426211646, 2714.3036, 2667.0714, 752.3250, 17.8398
2025-12-02 03:42:49, 0.0897578952, 0.0704978527, 0.1205041365, 0.1107441564, 2732.3571, 2771.4107, 755.3500, 16.8317
2025-12-02 03:42:55, 0.0458868623, 0.0489545655, 0.1182094101, 0.0884349820, 2784.4375, 2840.3542, 758.4200, 18.2725
2025-12-02 03:43:00, 0.0603836529, 0.0464163230, 0.0876480846, 0.0808255806, 2821.7049, 2742.0820, 759.5550, 18.5067
2025-12-02 03:43:06, 0.0445262576, 0.0478327523, 0.0959257763, 0.0945696894, 2872.5614, 2783.0526, 756.9800, 19.0971
2025-12-02 03:43:12, 0.0739328639, 0.0927298708, 0.1194638527, 0.1483368334, 2783.8000, 2924.0545, 759.7700, 18.5285
2025-12-02 03:43:17, 0.0807016265, 0.0967611236, 0.0816587931, 0.0695781536, 3022.8864, 3035.0455, 757.2300, 18.6702
2025-12-02 03:43:23, 0.0655131789, 0.0772935510, 0.0838073454, 0.0885622627, 2839.6604, 2777.6038, 762.2000, 19.6919
2025-12-02 03:43:29, 0.0343985448, 0.0414290384, 0.1407206337, 0.1470004678, 2817.7941, 2770.7647, 758.0950, 17.3025
2025-12-02 03:43:35, 0.0375111875, 0.0321128194, 0.1480646586, 0.1268377779, 2664.7213, 2639.8361, 757.7450, 17.3566
2025-12-02 03:43:40, 0.0415941105, 0.0433816556, 0.1506703026, 0.1442730304, 2809.2353, 2746.4118, 754.4600, 19.0454
2025-12-02 03:43:46, 0.0536444089, 0.0624923085, 0.0837935936, 0.0930552912, 2485.1667, 2533.6333, 758.9050, 19.3250
2025-12-02 03:43:52, 0.0661888949, 0.0677321479, 0.0986835180, 0.1204960645, 2831.6279, 2770.8140, 755.2400, 17.9867
2025-12-02 03:43:58, 0.0817591374, 0.0670427260, 0.1519299189, 0.1333350153, 2951.6957, 3000.1739, 753.7900, 18.6943
2025-12-02 03:44:04, 0.0632909556, 0.0667731122, 0.1397416074, 0.1233447887, 2462.6275, 2489.5490, 757.9950, 18.1979
2025-12-02 03:44:09, 0.0633732076, 0.0892069456, 0.1292931883, 0.0951749497, 2850.4048, 2884.6190, 756.8300, 18.0975
2025-12-02 03:44:15, 0.0662798433, 0.0879598811, 0.1454636357, 0.1280950072, 2978.7292, 2972.1042, 758.6350, 18.3846
2025-12-02 03:44:21, 0.0589916350, 0.0670913512, 0.3221438227, 0.2788347367, 2737.6531, 2926.1633, 756.3700, 20.5050
2025-12-02 03:44:27, 0.1001528433, 0.0774273882, 0.1852176348, 0.1549573299, 2819.5577, 2751.6346, 758.5000, 20.3529
2025-12-02 03:44:33, 0.0639032035, 0.0640723520, 0.1504242148, 0.1405843944, 2493.4894, 2488.5532, 757.7000, 19.6987
2025-12-02 03:44:38, 0.0890483451, 0.1019710587, 0.1503886457, 0.1776520428, 2748.4773, 2784.2045, 758.1950, 17.8549
2025-12-02 03:44:44, 0.0786377892, 0.0777826679, 0.1994950641, 0.1752154210, 2900.5957, 2760.8298, 759.2250, 19.3645
2025-12-02 03:44:50, 0.1045065423, 0.1334080880, 0.1759886919, 0.1998534716, 2970.5556, 3140.9722, 756.9800, 19.9672
2025-12-02 03:44:56, 0.1451344826, 0.1027735212, 0.1640397799, 0.1682050946, 2851.9259, 2875.3889, 758.0900, 19.5919
2025-12-02 03:45:02, 0.0922174088, 0.0719825655, 0.1424110986, 0.1326108454, 2979.7556, 2914.2667, 758.2000, 17.1053
2025-12-02 03:45:08, 0.0789124195, 0.0698243194, 0.1179558385, 0.1082009251, 2566.5814, 2562.4419, 759.1100, 19.6509
2025-12-02 03:45:14, 0.0806002572, 0.0617767643, 0.1855007685, 0.1390633152, 2533.1429, 2517.8810, 758.2150, 18.9963
2025-12-02 03:45:19, 0.0721664815, 0.0742247313, 0.1609895229, 0.1374149373, 3157.6154, 3125.7500, 758.3600, 18.6928
2025-12-02 03:45:25, 0.0916931346, 0.0927457238, 0.1339047830, 0.1156194766, 3081.6923, 3045.3077, 760.1000, 22.3967
2025-12-02 03:45:31, 0.1241792759, 0.1529197014, 0.1468224670, 0.1175486510, 2653.5625, 2751.6875, 762.8250, 20.5758
2025-12-02 03:45:37, 0.1072181260, 0.0861334974, 0.1637950760, 0.1258704240, 2827.7955, 2799.5909, 760.8450, 19.0589
2025-12-02 03:45:42, 0.1061922974, 0.0875648576, 0.1281662296, 0.1130146612, 2933.8148, 3022.4630, 761.1400, 17.8746
2025-12-02 03:45:48, 0.0761868704, 0.0730649252, 0.1383921631, 0.1529565276, 2619.6852, 2676.8148, 763.6550, 17.5501
2025-12-02 03:45:54, 0.0551569255, 0.0590071307, 0.1606033940, 0.1247192777, 2847.7857, 2826.9464, 767.6350, 21.0913
2025-12-02 03:46:00, 0.0935538649, 0.0771874668, 0.1478711328, 0.1097083147, 2595.3261, 2598.3696, 763.3950, 19.1982
2025-12-02 03:46:05, 0.0777787167, 0.0657699318, 0.1371779228, 0.1160431288, 3206.1667, 3070.8148, 765.3150, 19.3157
2025-12-02 03:46:11, 0.0627413734, 0.0690400118, 0.1159081031, 0.0877362124, 3027.6964, 2939.8929, 763.9550, 17.6633
2025-12-02 03:46:17, 0.0603489092, 0.0675079636, 0.1187857737, 0.1238743044, 2939.2653, 3058.7551, 760.8950, 19.0232
2025-12-02 03:46:23, 0.0810805707, 0.0683455051, 0.1377031639, 0.1470199884, 2715.6047, 2698.5581, 762.8550, 18.5403
2025-12-02 03:46:28, 0.0631076121, 0.0921753636, 0.1039089985, 0.0954655988, 2730.4146, 2688.0488, 760.2850, 19.0033
2025-12-02 03:46:34, 0.0686169589, 0.0544637455, 0.1127238694, 0.1027077140, 2704.9070, 2658.8372, 762.4950, 18.6995
2025-12-02 03:46:40, 0.0830269694, 0.0992153318, 0.1085871673, 0.0961841774, 2879.8475, 2949.3898, 761.7900, 18.7322
2025-12-02 03:46:46, 0.0944976350, 0.0705332630, 0.1090053369, 0.0923957508, 2922.0545, 2871.7818, 763.1550, 19.6634
2025-12-02 03:46:51, 0.1076984785, 0.0979095063, 0.1039444359, 0.1084947726, 2699.1163, 2873.8605, 762.9850, 18.1707
2025-12-02 03:46:57, 0.1011130038, 0.0823413534, 0.2039395850, 0.2403802663, 2809.2308, 2819.6346, 764.0900, 19.5988
2025-12-02 03:47:03, 0.0785732649, 0.0735050258, 0.1394064409, 0.0978518184, 2819.9000, 2706.0833, 761.4150, 18.5435
2025-12-02 03:47:08, 0.0921305804, 0.0635076595, 0.0947713547, 0.0970329154, 2795.3333, 2822.4921, 763.7000, 18.7622
2025-12-02 03:47:14, 0.0807613532, 0.1039751554, 0.1282282298, 0.1338111065, 2658.8235, 2786.6667, 763.2950, 18.8342
2025-12-02 03:47:20, 0.0776518697, 0.0823392182, 0.1479598818, 0.1288375205, 2967.4255, 2931.5106, 765.4900, 18.8772
2025-12-02 03:47:26, 0.0821718971, 0.0815788993, 0.1099941024, 0.1191461008, 2873.6522, 2912.9783, 762.0400, 18.0554
2025-12-02 03:47:31, 0.1339700157, 0.0761902084, 0.1525565778, 0.1505744558, 2803.5938, 2814.6875, 761.9350, 17.6190
2025-12-02 03:47:37, 0.0985740013, 0.0880080990, 0.1514692644, 0.1410530224, 2719.8431, 2757.9412, 761.4800, 20.5297
2025-12-02 03:47:43, 0.0992160844, 0.0956409507, 0.1471927140, 0.0829849420, 2867.6458, 2962.1250, 762.4050, 19.2777
2025-12-02 03:47:49, 0.0961532970, 0.0841269632, 0.0959247199, 0.0945022994, 2628.5000, 2620.0370, 762.0500, 17.4172
2025-12-02 03:47:54, 0.0851314589, 0.0967974024, 0.1087580740, 0.0974287481, 3003.3542, 3112.6667, 761.6400, 19.7644
2025-12-02 03:48:00, 0.0855560891, 0.1045412774, 0.1132956299, 0.1370616717, 2647.9730, 2755.5676, 763.4250, 19.8430
2025-12-02 03:48:06, 0.0852205591, 0.1274022635, 0.0801931044, 0.0716653626, 2707.3500, 2835.2250, 759.2700, 18.3988
2025-12-02 03:48:11, 0.0735318011, 0.1029552569, 0.0984341559, 0.0851559216, 2782.6491, 2742.4035, 762.8950, 18.6873
2025-12-02 03:48:17, 0.0851463979, 0.0779448386, 0.1075908561, 0.1361069902, 2652.4091, 2791.8182, 762.6500, 18.9467
2025-12-02 03:48:23, 0.0586967692, 0.0927076547, 0.0973405498, 0.0917916802, 2787.7021, 2847.4681, 760.9400, 18.7242
2025-12-02 03:48:28, 0.1357973607, 0.0858212841, 0.1407660433, 0.1274767640, 2951.8302, 2932.9057, 763.3200, 20.8897
2025-12-02 03:48:34, 0.0734650114, 0.0590265948, 0.1188428015, 0.1316982398, 2894.1731, 2968.8077, 762.1100, 18.3507
2025-12-02 03:48:40, 0.0798835208, 0.1035748972, 0.1825856774, 0.1292667812, 2808.0465, 2734.4651, 763.6300, 19.6729
2025-12-02 03:48:46, 0.0969028521, 0.1115278260, 0.0812593776, 0.0896991547, 2905.1875, 2942.8958, 762.1250, 20.7913
2025-12-02 03:48:52, 0.1083466072, 0.1012765906, 0.1092208644, 0.0871634237, 2852.7308, 2752.6923, 763.2900, 19.2342
2025-12-02 03:48:57, 0.0732486046, 0.0943923285, 0.1534519260, 0.1688730068, 2676.9250, 2662.4000, 758.4350, 19.3346
2025-12-02 03:49:03, 0.0744030007, 0.0825886889, 0.1130603152, 0.0996398719, 2890.2222, 2924.4444, 760.3100, 19.4590
2025-12-02 03:49:09, 0.0694383963, 0.0668030588, 0.0681448308, 0.0751565686, 2642.1915, 2739.9362, 763.7200, 21.1672
2025-12-02 03:49:15, 0.0887918043, 0.0969439118, 0.0974114324, 0.1102192230, 2987.0238, 3138.1429, 763.4600, 20.9282
2025-12-02 03:49:21, 0.0844621067, 0.0852286930, 0.0914099750, 0.0979878565, 2581.9434, 2697.6604, 760.6200, 19.8607
2025-12-02 03:49:26, 0.0873962247, 0.0579060446, 0.2472766340, 0.2005885063, 2747.6111, 2823.0556, 760.5700, 17.8644
2025-12-02 03:49:32, 0.0721749296, 0.1007990256, 0.1410463813, 0.1804224774, 2931.2308, 3082.1154, 762.9350, 19.0919
2025-12-02 03:49:38, 0.0881351764, 0.0906288804, 0.2102947254, 0.1823427824, 2862.3929, 2767.9464, 761.1800, 19.7719
2025-12-02 03:49:43, 0.0675252958, 0.0611720706, 0.1499609979, 0.1457067317, 2655.3036, 2694.8214, 761.9600, 19.0538
2025-12-02 03:49:49, 0.0780752859, 0.0674759428, 0.0882873439, 0.0795026747, 2856.5952, 2869.2143, 758.6400, 19.6548
2025-12-02 03:49:55, 0.0566220509, 0.0494368716, 0.1457853935, 0.1277382600, 2824.7885, 2850.0192, 760.7050, 20.3781
2025-12-02 03:50:00, 0.0594091198, 0.0552869623, 0.0845973615, 0.1032900626, 2724.2833, 2628.0667, 762.7850, 18.2526
2025-12-02 03:50:06, 0.0588028695, 0.0494035859, 0.1595842508, 0.1365139701, 2586.9583, 2635.5000, 760.5300, 17.0684
2025-12-02 03:50:12, 0.0799574643, 0.1009252618, 0.1084870223, 0.1081975201, 2744.5918, 2853.3673, 761.9300, 17.7038
2025-12-02 03:50:17, 0.0779689624, 0.0828394465, 0.1209501045, 0.0965965573, 2602.6038, 2605.0755, 764.0950, 17.3976
2025-12-02 03:50:23, 0.1102351653, 0.0836281090, 0.0802015529, 0.0927801288, 2869.9483, 2990.9310, 756.7150, 18.7636
2025-12-02 03:50:29, 0.0536144955, 0.0439274894, 0.0588231346, 0.0849651501, 2870.2115, 2899.0192, 763.0150, 19.7559
2025-12-02 03:50:35, 0.0666975396, 0.0742850249, 0.0861334986, 0.0984951862, 2700.0588, 2802.2549, 764.8400, 18.1710
2025-12-02 03:50:40, 0.0489914152, 0.0445138763, 0.1065812133, 0.1057546486, 2620.1000, 2670.7400, 757.1150, 17.6692
2025-12-02 03:50:46, 0.0514438941, 0.0462828428, 0.1385539565, 0.1679387448, 2467.2195, 2551.5366, 760.3700, 18.0863
2025-12-02 03:50:52, 0.0600599983, 0.0517876479, 0.1176364653, 0.1831463397, 2778.0308, 2866.8615, 757.7800, 19.7360
2025-12-02 03:50:58, 0.1167068825, 0.1021065405, 0.1011870392, 0.1148300109, 2768.2653, 2904.2245, 758.7450, 18.3638
2025-12-02 03:51:03, 0.0697105436, 0.0659407103, 0.1078921456, 0.1118934663, 2914.9216, 2962.8627, 755.4250, 20.4969
2025-12-02 03:51:09, 0.0511716553, 0.0642646856, 0.1283442960, 0.1030379460, 2773.7368, 2740.5088, 754.7000, 18.9921
2025-12-02 03:51:15, 0.0788609133, 0.0574700848, 0.1474850208, 0.1275328432, 2987.5156, 2929.2656, 759.2100, 19.8815
2025-12-02 03:51:20, 0.0602252052, 0.0554881452, 0.1043100271, 0.1232853136, 2753.8864, 2768.0227, 757.1200, 18.5886
2025-12-02 03:51:26, 0.0839221331, 0.0865542292, 0.1326301484, 0.1363083582, 2806.5833, 2853.4583, 757.1050, 18.3394
2025-12-02 03:51:32, 0.0729880482, 0.0925511614, 0.1228850597, 0.1122256213, 2710.4118, 2716.6863, 756.9300, 19.0606
2025-12-02 03:51:38, 0.0706303138, 0.0751997334, 0.1298197855, 0.1238856937, 2869.8966, 2878.3103, 755.2000, 21.7389
2025-12-02 03:51:43, 0.0660336077, 0.0760808095, 0.1204655041, 0.0942907255, 2693.2558, 2792.0698, 753.5050, 18.9106
2025-12-02 03:51:49, 0.0522330308, 0.0385383822, 0.0700420036, 0.0679747415, 2701.7288, 2693.1186, 756.1350, 20.0910
2025-12-02 03:51:55, 0.1027572353, 0.1096306251, 0.1075754752, 0.0759522596, 2789.1951, 2734.8780, 754.4100, 19.1037
2025-12-02 03:52:01, 0.0795412789, 0.0715000729, 0.0931784102, 0.0957623220, 2647.4590, 2688.7705, 755.6400, 21.0480
2025-12-02 03:52:06, 0.0677063200, 0.0788106205, 0.0597227275, 0.0865425303, 2647.5319, 2613.6383, 754.3800, 18.4460
2025-12-02 03:52:12, 0.0522528345, 0.0520438994, 0.1221624420, 0.1098538841, 2996.8906, 2965.2344, 753.0950, 19.9511
2025-12-02 03:52:18, 0.0561077723, 0.0650698744, 0.1221209112, 0.1267211217, 3029.2750, 3085.4250, 757.1950, 18.3498
2025-12-02 03:52:23, 0.0464996553, 0.0580296596, 0.0645331156, 0.0564179788, 2839.7273, 2812.5909, 755.9700, 18.9905
2025-12-02 03:52:29, 0.1196207328, 0.0803096937, 0.0648811778, 0.0697666072, 2804.4510, 2891.5686, 754.7350, 18.6455
2025-12-02 03:52:36, 0.0686593379, 0.0694785131, 0.0848294381, 0.0798422899, 2941.9245, 2927.5660, 753.9750, 17.7151
2025-12-02 03:52:41, 0.0661500130, 0.0718825367, 0.0752155597, 0.0810553310, 2686.8824, 2806.6471, 755.7500, 18.2447
2025-12-02 03:52:47, 0.0773461261, 0.0629942144, 0.0809994736, 0.0714147701, 2806.0357, 2796.1429, 753.2150, 18.5531
2025-12-02 03:52:53, 0.0697437069, 0.0907173137, 0.1115566495, 0.1353339572, 3008.1304, 3048.0652, 756.6200, 18.4357
2025-12-02 03:52:58, 0.0426156781, 0.0572833758, 0.0748847491, 0.0678581705, 2628.2787, 2672.9180, 759.1350, 17.4036
2025-12-02 03:53:04, 0.0647355123, 0.0517236307, 0.0889244298, 0.0750012623, 2920.2586, 2837.9138, 758.9800, 16.4857
2025-12-02 03:53:10, 0.0721190555, 0.0616393445, 0.0912033789, 0.0958045885, 2994.7959, 3003.1020, 758.4550, 18.2041
2025-12-02 03:53:16, 0.1049938556, 0.0850854569, 0.0665058983, 0.0801068023, 2756.1667, 2764.1667, 757.7200, 17.0766
2025-12-02 03:53:21, 0.0932143268, 0.1044867418, 0.0677453452, 0.0748849345, 2836.2800, 2925.0200, 755.0450, 18.3674
2025-12-02 03:53:27, 0.0861033850, 0.0856573446, 0.0566786861, 0.0653687571, 2893.3750, 2864.5833, 757.3100, 18.2204
2025-12-02 03:53:33, 0.1052257038, 0.0732432970, 0.0607437587, 0.0645251605, 2977.5439, 2938.0175, 757.4550, 18.2057
2025-12-02 03:53:39, 0.0614856881, 0.0532703702, 0.1307470032, 0.0851412112, 2872.2381, 2735.7778, 756.1600, 18.9387
2025-12-02 03:53:45, 0.1163283950, 0.0935048634, 0.0697391467, 0.0637981462, 2926.2449, 2905.3469, 757.2300, 19.7999
2025-12-02 03:53:51, 0.1579837038, 0.0852937813, 0.0896706969, 0.1103365273, 2815.0204, 2863.7347, 756.5800, 19.8832
2025-12-02 03:53:56, 0.0747662844, 0.0737800412, 0.0560696023, 0.0679328831, 2782.8958, 2769.7083, 753.9750, 19.6462
2025-12-02 03:54:02, 0.0623403685, 0.0765498978, 0.0716540495, 0.0747152760, 2796.2653, 2717.3061, 756.5400, 18.6724
2025-12-02 03:54:08, 0.0977745792, 0.1022881755, 0.0677656205, 0.0788983275, 2853.4667, 2974.8444, 758.7750, 19.6360
2025-12-02 03:54:13, 0.0593677902, 0.0565306035, 0.0957532086, 0.0951647071, 2956.2759, 2872.6897, 755.6900, 17.9748
2025-12-02 03:54:19, 0.0773546634, 0.0668050348, 0.0920120251, 0.0950694974, 2858.9756, 2721.0488, 757.3800, 19.3493
2025-12-02 03:54:24, 0.0802982771, 0.0596559927, 0.0972586711, 0.0852884756, 2845.8704, 2837.5926, 756.0700, 18.1490
2025-12-02 03:54:30, 0.0656101183, 0.0628099181, 0.1035162471, 0.0789962765, 2674.8478, 2610.7826, 758.0800, 18.5508
2025-12-02 03:54:36, 0.0933430444, 0.1066484671, 0.1429715453, 0.1077866003, 2681.7619, 2747.0476, 759.5400, 16.9773
2025-12-02 03:54:42, 0.0947958548, 0.0944083827, 0.0880107727, 0.0716052956, 2634.4524, 2633.8571, 758.4200, 17.3742
2025-12-02 03:54:48, 0.0952390046, 0.0966824979, 0.1175246553, 0.1246173488, 2655.4643, 2662.8929, 758.0600, 17.0569
2025-12-02 03:54:54, 0.0858018329, 0.0727619832, 0.1730542492, 0.1596562812, 2934.7073, 2878.7073, 757.9050, 19.0580
2025-12-02 03:54:59, 0.0948727775, 0.0751840969, 0.1413374385, 0.1226618656, 2906.9375, 2848.9583, 757.4750, 17.7189
2025-12-02 03:55:05, 0.0754657665, 0.0868977912, 0.0870024096, 0.0866494015, 2853.2857, 2852.5000, 754.0100, 18.5092
2025-12-02 03:55:11, 0.0747627103, 0.0915050152, 0.1023700182, 0.0851512950, 2942.3061, 2883.7959, 757.6350, 18.0375
2025-12-02 03:55:17, 0.0683993928, 0.0773513903, 0.1181801929, 0.0885488526, 2729.2500, 2718.3636, 758.6050, 17.4831
2025-12-02 03:55:22, 0.1045101821, 0.0748994631, 0.1280197015, 0.1336874011, 3048.0377, 3015.5283, 756.6650, 18.3756
2025-12-02 03:55:28, 0.0936665372, 0.1028546439, 0.0943148697, 0.0975435448, 2717.8333, 2770.6852, 759.7100, 18.6399
2025-12-02 03:55:34, 0.0686524695, 0.0650452693, 0.0768777555, 0.0593716592, 2841.4255, 2776.1277, 752.5300, 19.1841
2025-12-02 03:55:40, 0.0800946090, 0.0959090577, 0.1660311513, 0.1807980655, 2873.8393, 2866.6964, 757.7450, 17.6731
2025-12-02 03:55:46, 0.0815164206, 0.0828282885, 0.1399098744, 0.1361559001, 2897.1579, 3056.7018, 763.1600, 17.9629
2025-12-02 03:55:52, 0.0739862137, 0.0967859829, 0.1018666646, 0.0747961683, 2810.5652, 2845.3478, 757.8450, 20.6061
2025-12-02 03:55:58, 0.0870740045, 0.0788773243, 0.1182258615, 0.0953053727, 2860.6429, 2863.6905, 760.9650, 20.1391
2025-12-02 03:56:03, 0.0628372830, 0.0549520574, 0.1373707343, 0.1688601161, 2777.8600, 2836.3200, 760.5900, 18.5368
2025-12-02 03:56:09, 0.0722003377, 0.0725593764, 0.0809980165, 0.1059960686, 2831.0800, 2908.3000, 757.5300, 18.1950
2025-12-02 03:56:15, 0.0657533217, 0.0550649742, 0.1031876151, 0.1179220564, 2848.3659, 2831.6098, 758.1950, 17.3063
2025-12-02 03:56:21, 0.0708309409, 0.0747322674, 0.1420934251, 0.1114160926, 2745.5682, 2704.6591, 759.7150, 18.6031
2025-12-02 03:56:27, 0.0696625743, 0.0626804875, 0.1284343042, 0.1194648398, 2827.0000, 2833.1800, 758.8700, 20.0545
2025-12-02 03:56:32, 0.0620113342, 0.0628208395, 0.0998999745, 0.1196595918, 2985.6078, 2908.2745, 757.4300, 19.2407
2025-12-02 03:56:38, 0.0847034082, 0.0773092634, 0.0968733601, 0.0923925708, 2987.1695, 3015.4407, 758.0100, 20.1239
2025-12-02 03:56:44, 0.1111536107, 0.0989238056, 0.1376262297, 0.1046467278, 2770.4815, 2872.7222, 759.8700, 18.0951
2025-12-02 03:56:49, 0.1189875078, 0.1121631701, 0.0591681758, 0.0663006084, 2787.7955, 2867.4773, 757.4300, 18.1399
2025-12-02 03:56:55, 0.1080569995, 0.1236237503, 0.0790003402, 0.1054270638, 2429.0476, 2645.2857, 758.5800, 20.1619
2025-12-02 03:57:01, 0.1075508429, 0.0870016264, 0.1257100490, 0.1136383120, 2685.3077, 2717.9615, 761.2550, 17.4542
2025-12-02 03:57:06, 0.0839654527, 0.0953250711, 0.0772036142, 0.0624629753, 2635.0909, 2691.2727, 760.1000, 18.4296
2025-12-02 03:57:12, 0.1476835452, 0.0971615812, 0.1172148231, 0.1210780663, 2820.4103, 2878.7179, 761.4800, 19.0097
2025-12-02 03:57:18, 0.0617066977, 0.0523500217, 0.0861707919, 0.1097405564, 3063.2273, 3157.5682, 762.6950, 17.4368
2025-12-02 03:57:23, 0.0990189336, 0.0703465957, 0.0730522345, 0.0754516307, 2692.8958, 2717.6458, 756.3250, 19.2603
2025-12-02 03:57:29, 0.0799538226, 0.0906296504, 0.1189128053, 0.0927901985, 2853.2444, 2820.4889, 759.9500, 18.7667
2025-12-02 03:57:35, 0.0978463504, 0.0964498500, 0.1250574848, 0.1083318224, 2809.5806, 2809.4355, 759.5550, 17.6195
2025-12-02 03:57:40, 0.0743906764, 0.0679458865, 0.1370034176, 0.0998830217, 2812.2979, 2883.1064, 762.0200, 20.1462
2025-12-02 03:57:46, 0.0699518916, 0.0580778906, 0.0512802441, 0.0641969480, 2885.6170, 2902.3830, 762.7300, 19.5230
2025-12-02 03:57:52, 0.0819448348, 0.0743933375, 0.1105531034, 0.0978414698, 2507.8431, 2515.0196, 762.2600, 19.9673
2025-12-02 03:57:58, 0.0642220023, 0.0637740560, 0.0554098690, 0.0686602957, 2789.4815, 2850.7037, 765.4250, 16.7587
2025-12-02 03:58:03, 0.0697278459, 0.0582539139, 0.1006857023, 0.0907973719, 2702.9149, 2767.8936, 761.7600, 19.7847
2025-12-02 03:58:09, 0.0764222682, 0.0651445468, 0.1144644295, 0.1220637237, 2988.0435, 2958.4348, 754.6150, 17.2886
2025-12-02 03:58:15, 0.1243873021, 0.1087663181, 0.1067918631, 0.0890858690, 2879.1607, 2903.9464, 759.1250, 19.4589
2025-12-02 03:58:21, 0.1090724299, 0.1123011930, 0.0777831846, 0.0751730339, 2775.2609, 2766.7826, 757.1750, 19.8984
2025-12-02 03:58:26, 0.0948894749, 0.1285942227, 0.0784005052, 0.0925784626, 3111.5610, 3132.5122, 758.9250, 19.2795
2025-12-02 03:58:32, 0.1126582705, 0.1017353187, 0.0745329536, 0.0875202061, 2756.0784, 2784.4510, 760.0500, 19.6603
2025-12-02 03:58:38, 0.1134548350, 0.0894691471, 0.1407707284, 0.1356312060, 2793.1600, 2918.7800, 758.2900, 18.6991
2025-12-02 03:58:44, 0.0691243058, 0.0773312866, 0.0731492063, 0.0773144655, 2856.5556, 2902.2593, 756.9650, 19.2480
2025-12-02 03:58:49, 0.1015275335, 0.0837052348, 0.0764554837, 0.0714039190, 3010.9245, 3120.2264, 757.5800, 19.3900
2025-12-02 03:58:55, 0.0976685046, 0.1073527763, 0.1610286041, 0.1185870122, 2767.0806, 2833.5323, 759.3250, 19.7350
2025-12-02 03:59:01, 0.0773437957, 0.0823620329, 0.1619921747, 0.1595574796, 2839.3500, 2896.5250, 756.3050, 20.1778
2025-12-02 03:59:07, 0.1044317562, 0.1286764191, 0.1584323997, 0.1719083090, 2920.4545, 2991.1364, 755.7950, 19.2718
2025-12-02 03:59:13, 0.0444989909, 0.0433013326, 0.2183440490, 0.1311695659, 2491.4468, 2459.4255, 755.9050, 18.5479
2025-12-02 03:59:18, 0.0389419590, 0.0473138482, 0.1643127523, 0.1743600330, 2720.2051, 2654.3077, 752.8600, 17.6414
2025-12-02 03:59:24, 0.0959925647, 0.0933518891, 0.0790530085, 0.0907304840, 2848.0930, 2941.2326, 753.8550, 19.1787
2025-12-02 03:59:30, 0.0742093417, 0.0908340548, 0.1718090398, 0.1682135516, 2874.0435, 3002.8696, 753.4050, 21.0452
2025-12-02 03:59:36, 0.0843044743, 0.0570604909, 0.1220631049, 0.1212058787, 2803.2549, 2929.5294, 753.5750, 18.1098
2025-12-02 03:59:41, 0.0777957013, 0.0815350006, 0.1298357781, 0.1297954715, 2730.6607, 2853.4821, 754.1000, 21.0696
2025-12-02 03:59:47, 0.0797689918, 0.0916659079, 0.1324182300, 0.1300491407, 2686.8333, 2667.1944, 755.3700, 17.6642
2025-12-02 03:59:53, 0.0950641672, 0.0798666776, 0.0953291427, 0.0891347386, 2821.6383, 2908.7660, 755.7500, 16.6198
2025-12-02 03:59:59, 0.1040291431, 0.0885159666, 0.0867046209, 0.0921278747, 2823.2222, 2865.7111, 753.7400, 18.1266
2025-12-02 04:00:05, 0.0598490566, 0.0458721390, 0.2245472890, 0.1642902976, 3025.6415, 2874.4717, 757.8200, 18.0199
2025-12-02 04:00:10, 0.0783228805, 0.0880250798, 0.1545536682, 0.2262928723, 3275.4878, 3294.9756, 755.2800, 16.9962
2025-12-02 04:00:16, 0.0949574335, 0.0947405388, 0.1281672341, 0.1279212467, 2477.2340, 2636.1277, 757.5900, 17.6046
2025-12-02 04:00:22, 0.0738213587, 0.1070892066, 0.1046490007, 0.1155555837, 3128.0294, 3197.4412, 754.2350, 19.7355
2025-12-02 04:00:27, 0.0786021213, 0.0736601371, 0.1125208760, 0.1050135622, 2818.0000, 2732.1714, 755.9300, 18.1377
2025-12-02 04:00:33, 0.0483791156, 0.0740988067, 0.1448676006, 0.1617952271, 2536.5000, 2588.3182, 753.4900, 18.5286
2025-12-02 04:00:39, 0.0942950224, 0.0956200716, 0.1388177343, 0.1581647679, 2635.9394, 2854.7273, 752.6000, 18.5761
2025-12-02 04:00:45, 0.0664107929, 0.0557720841, 0.2146638670, 0.2412117616, 2884.3478, 2970.4130, 754.7850, 19.0895
2025-12-02 04:00:50, 0.0547827934, 0.0685975493, 0.1347056190, 0.1236553625, 2646.9778, 2684.4222, 755.7300, 17.6232
2025-12-02 04:00:57, 0.0941373039, 0.0570901803, 0.1052331834, 0.1086345014, 2685.6275, 2732.0392, 755.1800, 18.5110
2025-12-02 04:01:02, 0.0650545004, 0.0775172417, 0.1688434475, 0.1507108721, 2537.8605, 2567.3256, 756.5100, 18.5545
2025-12-02 04:01:08, 0.0878763724, 0.1035362728, 0.1598696219, 0.1470263015, 2692.2128, 2802.0851, 755.9500, 18.3640
2025-12-02 04:01:14, 0.0801745359, 0.0962374894, 0.1803883071, 0.1817003192, 3084.7838, 3024.0000, 754.1000, 18.2518
2025-12-02 04:01:20, 0.1065575802, 0.0745961452, 0.1178039880, 0.1165998973, 3090.3902, 3013.2927, 760.4350, 18.1757
2025-12-02 04:01:25, 0.0803726583, 0.0601751994, 0.0968335565, 0.0786868798, 2798.5818, 2819.4909, 761.7550, 17.6874
2025-12-02 04:01:31, 0.0662621842, 0.0758654706, 0.1394989158, 0.1390383406, 2934.8431, 3037.8627, 759.2300, 18.0457
2025-12-02 04:01:37, 0.0905891687, 0.0695622055, 0.1346767065, 0.1332824903, 2813.6136, 2828.6364, 759.2850, 18.1288
2025-12-02 04:01:43, 0.0777618668, 0.0754229816, 0.0797323156, 0.0787450898, 2828.3333, 2788.1458, 756.3450, 18.1897
2025-12-02 04:01:49, 0.0822472741, 0.1233507187, 0.0616781485, 0.0816647834, 2749.6441, 2857.4407, 756.4550, 17.8815
2025-12-02 04:01:54, 0.0862838718, 0.0783669792, 0.0752498152, 0.0772153726, 2769.8182, 2836.2955, 758.4550, 17.6997
2025-12-02 04:02:00, 0.0901921201, 0.0813827625, 0.1158079410, 0.1234649127, 2872.5745, 3013.1277, 756.6700, 18.4247
2025-12-02 04:02:06, 0.1233374241, 0.1093240529, 0.1305353651, 0.1317339207, 3005.4889, 3047.3778, 756.6350, 17.6718
2025-12-02 04:02:12, 0.0730545500, 0.0662768646, 0.1193156812, 0.1180550030, 2706.3333, 2753.7381, 754.3200, 19.0853
2025-12-02 04:02:18, 0.1139013402, 0.0984072398, 0.1444477825, 0.1457915176, 2874.1228, 2999.7544, 752.1300, 19.4528
2025-12-02 04:02:23, 0.0765835307, 0.1049111190, 0.1163332716, 0.1023937262, 2971.1600, 2953.6600, 758.4850, 16.2080
2025-12-02 04:02:29, 0.0850189798, 0.0932306667, 0.1168560403, 0.1007807358, 2750.8431, 2717.7451, 753.3400, 17.5150
2025-12-02 04:02:35, 0.1190010848, 0.0947919794, 0.0797933902, 0.0738659874, 2734.8077, 2812.9231, 754.2000, 18.0574
2025-12-02 04:02:41, 0.0882455753, 0.0900662934, 0.0810101435, 0.0898399781, 2651.4130, 2767.7174, 747.9450, 18.4112
2025-12-02 04:02:47, 0.0888782953, 0.0850607132, 0.1541657051, 0.1265450264, 2845.7674, 2920.4651, 754.1500, 19.0984
2025-12-02 04:02:52, 0.0740534063, 0.0734431256, 0.1395809249, 0.1957386958, 2913.3333, 3084.5238, 752.3300, 17.8242
2025-12-02 04:02:58, 0.0870457445, 0.0998938677, 0.1575737035, 0.1655329679, 2852.2321, 3021.3036, 753.3450, 19.7468
2025-12-02 04:03:04, 0.0860463231, 0.0889472259, 0.0968758465, 0.0970827152, 2670.7500, 2692.2692, 748.7500, 18.9065
2025-12-02 04:03:09, 0.0938924069, 0.0953607978, 0.0788641249, 0.0861553900, 2842.8302, 2869.2642, 746.9900, 17.9942
2025-12-02 04:03:15, 0.1178128897, 0.0721181375, 0.0940643578, 0.0892915504, 2941.0732, 2977.1951, 745.7450, 17.9154
2025-12-02 04:03:21, 0.0942611196, 0.1227639368, 0.0813271360, 0.0688737225, 2820.4000, 2898.8545, 748.1050, 21.0747
2025-12-02 04:03:26, 0.0814860091, 0.0813849269, 0.1759898084, 0.1089387378, 2839.0208, 2744.3750, 746.6050, 18.5040
2025-12-02 04:03:32, 0.0762168340, 0.0697781459, 0.1031038980, 0.1138760047, 2952.0196, 3011.0588, 750.9300, 17.2048
2025-12-02 04:03:37, 0.0590992141, 0.0693661196, 0.1219124420, 0.1011947262, 2943.3333, 2897.6458, 750.1650, 17.9175
2025-12-02 04:03:43, 0.1295521409, 0.0942310941, 0.0888009533, 0.1089861776, 2683.2407, 2804.1852, 750.9100, 19.2167
2025-12-02 04:03:49, 0.0978191583, 0.1048653995, 0.0912023236, 0.0813201536, 2765.6170, 2876.2553, 750.9400, 17.6464
2025-12-02 04:03:54, 0.1034109209, 0.0720707819, 0.0899613514, 0.0809560925, 2670.5745, 2730.7447, 749.7750, 18.3863
2025-12-02 04:04:00, 0.1465038450, 0.1518277437, 0.1059729206, 0.1105465581, 2738.8298, 2808.6170, 749.3500, 19.3847
2025-12-02 04:04:06, 0.1728791064, 0.1311727925, 0.0965325658, 0.0731588770, 2801.7805, 2969.0244, 751.2500, 18.6343
2025-12-02 04:04:12, 0.0947255926, 0.1099677941, 0.1052875809, 0.0875319700, 2746.9636, 2819.4364, 754.2400, 18.4267
2025-12-02 04:04:17, 0.1573548529, 0.1115980420, 0.1504209420, 0.1078108646, 2605.6190, 2625.7857, 749.1700, 18.3041
2025-12-02 04:04:23, 0.1403386922, 0.1361550148, 0.0718902388, 0.0825143775, 2826.9400, 2877.7800, 748.2100, 17.2394
2025-12-02 04:04:29, 0.1235490943, 0.1526312393, 0.0994549840, 0.0999512713, 2862.4576, 2846.9831, 749.0400, 20.1186
2025-12-02 04:04:35, 0.1866044597, 0.1882345238, 0.1503945773, 0.1361917146, 2805.3208, 2850.3585, 748.0300, 17.8647
2025-12-02 04:04:40, 0.1369559109, 0.1248960038, 0.1354383652, 0.1184044517, 2837.1395, 2858.1628, 753.0350, 17.8486
2025-12-02 04:04:46, 0.1273928480, 0.1175699976, 0.0899781630, 0.0928167148, 2852.6875, 3047.3750, 751.5500, 19.5248
2025-12-02 04:04:52, 0.1300324827, 0.1273856668, 0.0990303013, 0.0834989654, 2634.1481, 2653.7963, 754.3750, 18.6766
2025-12-02 04:04:58, 0.1841105090, 0.1527298726, 0.0861563339, 0.1174787883, 2824.0426, 2983.3404, 755.1600, 17.8265
2025-12-02 04:05:03, 0.0946192419, 0.1133831680, 0.0883671245, 0.1050643650, 2770.1556, 2834.3333, 754.5300, 18.7043
2025-12-02 04:05:09, 0.1788399976, 0.1539721133, 0.0687163292, 0.0660770297, 2814.6190, 2916.5714, 754.9850, 20.6314
2025-12-02 04:05:15, 0.1644460387, 0.1212995678, 0.0758244841, 0.0709438415, 2770.9804, 2814.0784, 752.9300, 18.8514
2025-12-02 04:05:21, 0.1077868862, 0.0912380314, 0.2016698891, 0.1511448700, 2985.3617, 2996.6170, 752.6950, 17.9567
2025-12-02 04:05:27, 0.1158144773, 0.1301069615, 0.0908272580, 0.0857944428, 2642.0444, 2827.0889, 752.9100, 20.7562
2025-12-02 04:05:33, 0.0701998614, 0.0688793910, 0.0863507215, 0.0635554521, 2960.1316, 2945.1579, 757.6300, 18.8083
2025-12-02 04:05:39, 0.0687805469, 0.0748851141, 0.0531128294, 0.0536743473, 2746.6226, 2720.7925, 753.7800, 20.0378
2025-12-02 04:05:44, 0.0880461249, 0.1100781272, 0.0855136926, 0.0556340940, 2718.1458, 2717.0000, 760.4200, 20.8642
2025-12-02 04:05:50, 0.1067728574, 0.1087120618, 0.1670328814, 0.1262690517, 2641.6275, 2698.2157, 761.8300, 19.0961
2025-12-02 04:05:56, 0.0904037565, 0.1197262545, 0.1130602658, 0.1159518197, 2538.9250, 2686.1750, 756.5500, 19.5291
2025-12-02 04:06:02, 0.1144469746, 0.1133115454, 0.1027053262, 0.0872000507, 2849.4894, 2946.5745, 756.3100, 19.3586
2025-12-02 04:06:07, 0.1144074277, 0.0736896415, 0.1465054977, 0.1513589218, 2883.1200, 3009.9200, 758.8000, 20.0387
2025-12-02 04:06:13, 0.1030360213, 0.0937812595, 0.1732014449, 0.1692818297, 2778.0444, 2877.0889, 754.7350, 19.2220
2025-12-02 04:06:19, 0.0691524106, 0.0903211124, 0.1260856732, 0.1171178827, 2808.7069, 2815.1724, 757.8400, 19.6775
2025-12-02 04:06:25, 0.0767136342, 0.0877509283, 0.1991546295, 0.2302814290, 2737.5946, 2856.9459, 761.9050, 17.9337
2025-12-02 04:06:30, 0.1468162017, 0.1140554897, 0.1011155537, 0.0877272100, 2690.5946, 2695.1351, 759.8250, 19.0658
2025-12-02 04:06:36, 0.0949314942, 0.0924013706, 0.2753529819, 0.2023648907, 3070.3171, 3099.7805, 759.4850, 19.2681
2025-12-02 04:06:42, 0.0990433705, 0.1024957845, 0.2132669597, 0.2222720187, 2606.6444, 2721.2667, 757.3950, 18.0820
2025-12-02 04:06:47, 0.0923102216, 0.0725932898, 0.1600191696, 0.2050170525, 2666.4634, 2785.8293, 764.4750, 21.3171
2025-12-02 04:06:53, 0.0864764388, 0.1175763801, 0.1298818485, 0.1407970438, 2838.0263, 2921.2105, 760.2200, 17.1733
2025-12-02 04:06:59, 0.0938007849, 0.1055438727, 0.1427388667, 0.1965220398, 2659.2000, 2758.7400, 760.0650, 16.7213
2025-12-02 04:07:04, 0.1781351874, 0.1284514402, 0.1268791809, 0.1372441245, 2978.6341, 3009.9756, 758.1700, 18.7091
2025-12-02 04:07:10, 0.1121637197, 0.0969798887, 0.1062675109, 0.1059004495, 2577.6154, 2592.6154, 758.6800, 16.8949
2025-12-02 04:07:17, 0.0871402183, 0.0918052914, 0.0932595587, 0.0896862755, 2985.4727, 2969.1273, 760.0100, 18.5532
2025-12-02 04:07:22, 0.0753910647, 0.0825939212, 0.1706017055, 0.1328018796, 2877.4500, 3035.1250, 759.5350, 18.0266
2025-12-02 04:07:28, 0.0875121092, 0.0750971146, 0.1636603571, 0.1718966115, 2477.0714, 2630.0714, 762.1000, 19.8615
2025-12-02 04:07:34, 0.0833085141, 0.0994577547, 0.1254873648, 0.1334972415, 2775.1458, 2911.6042, 755.6600, 19.9192
2025-12-02 04:07:40, 0.1248485976, 0.1129903560, 0.1441114208, 0.1499949427, 2862.6275, 2969.8235, 755.8350, 17.5499
2025-12-02 04:07:46, 0.1539005171, 0.1282536390, 0.1319176078, 0.1266119837, 2769.3158, 2821.2632, 757.4000, 18.2628
2025-12-02 04:07:51, 0.0731808620, 0.1023078696, 0.1238088529, 0.1154144495, 2870.8627, 2836.7647, 758.0600, 18.1903
2025-12-02 04:07:57, 0.0791190312, 0.0834156512, 0.1432517882, 0.1452264531, 2825.4200, 2875.2400, 756.3850, 18.3801
2025-12-02 04:08:03, 0.0970180219, 0.1068277191, 0.1192045637, 0.0906853259, 2816.8438, 2819.7500, 750.4900, 17.8656
2025-12-02 04:08:08, 0.0950572757, 0.0976725304, 0.2000472026, 0.2287096263, 3031.3400, 3193.0800, 749.8650, 17.1066
2025-12-02 04:08:14, 0.0795118128, 0.0890418159, 0.2129338866, 0.1841883805, 2932.0976, 3052.3902, 751.5250, 17.2725
2025-12-02 04:08:20, 0.0955968757, 0.1091282989, 0.1807274061, 0.1800523836, 2477.7826, 2575.8478, 749.3900, 17.4754
2025-12-02 04:08:26, 0.0820545098, 0.0978744020, 0.1923042826, 0.1650383048, 2600.7797, 2622.9831, 749.4650, 17.4525
2025-12-02 04:08:32, 0.1098095128, 0.1146646710, 0.1957164397, 0.1526209199, 2956.9487, 3028.5641, 748.6800, 17.7828
2025-12-02 04:08:38, 0.1079276552, 0.0776265514, 0.1544416560, 0.1233785122, 2787.5741, 2821.0926, 747.6150, 17.9250
2025-12-02 04:08:44, 0.0801105990, 0.0850675412, 0.1212691279, 0.1228186317, 3006.8750, 3127.1562, 748.4200, 18.1803
2025-12-02 04:08:49, 0.0807367476, 0.0845668062, 0.1265646928, 0.1192368832, 2446.4655, 2577.0517, 749.0100, 19.3494
2025-12-02 04:08:55, 0.1424300562, 0.1564779805, 0.1412221984, 0.1853521557, 2629.0851, 2747.0213, 747.5300, 17.4086
2025-12-02 04:09:01, 0.0856117157, 0.0821284490, 0.1499222379, 0.1360805299, 2674.2927, 2667.1463, 748.7800, 19.5740
2025-12-02 04:09:07, 0.1101714288, 0.0812969281, 0.1278470587, 0.1220977382, 2779.0800, 2784.8600, 747.3250, 19.3739
2025-12-02 04:09:12, 0.1005735856, 0.0972841679, 0.1142819520, 0.1066847889, 2738.3889, 2866.6296, 748.7350, 19.0786
2025-12-02 04:09:18, 0.1141949593, 0.1311488935, 0.0725339732, 0.0918869338, 2861.6571, 3019.0000, 747.3250, 19.0659
2025-12-02 04:09:24, 0.0653677725, 0.0715604554, 0.1456829945, 0.1533158306, 2649.5000, 2672.5741, 754.5550, 19.3188
2025-12-02 04:09:29, 0.0978547364, 0.1135755592, 0.0832279452, 0.1079236566, 2682.8302, 2769.6415, 752.6850, 19.1368
2025-12-02 04:09:35, 0.0573790582, 0.0489943201, 0.1081496170, 0.0820087926, 2782.2642, 2844.2453, 752.7250, 19.6865
2025-12-02 04:09:42, 0.0456942876, 0.0511419165, 0.1288003526, 0.1074992810, 2862.1228, 2776.8772, 753.8800, 18.1032
2025-12-02 04:09:47, 0.0827647916, 0.0666015631, 0.1045115073, 0.0837556542, 2595.6538, 2606.9808, 751.1300, 19.3345
2025-12-02 04:09:53, 0.0672811143, 0.0667620874, 0.1690241511, 0.1299922891, 2869.4681, 2872.0851, 757.3200, 20.9121
2025-12-02 04:09:59, 0.0954039089, 0.1040084041, 0.2407140989, 0.2588474672, 2717.1795, 2942.1282, 758.8850, 20.1827
2025-12-02 04:10:04, 0.0830737790, 0.0766282869, 0.1115667674, 0.1329090822, 2815.2000, 2752.4909, 756.4400, 19.0603
2025-12-02 04:10:10, 0.0951867836, 0.0819386244, 0.1215572173, 0.1032560329, 2773.1852, 2932.0741, 757.1200, 20.7638
2025-12-02 04:10:16, 0.0808162007, 0.0695473066, 0.1573268661, 0.1273747277, 2998.2157, 3022.4706, 759.1250, 22.2520
2025-12-02 04:10:22, 0.0923578978, 0.1122324557, 0.0973457113, 0.0857280193, 2845.8667, 2873.5333, 759.6150, 19.5091
2025-12-02 04:10:28, 0.1056458131, 0.1080712800, 0.1789543186, 0.1821692261, 2644.8000, 2708.7750, 760.6950, 20.3116
2025-12-02 04:10:34, 0.1076031730, 0.1046818860, 0.1499693207, 0.1358089610, 2639.0000, 2724.5306, 757.2750, 20.9296
2025-12-02 04:10:39, 0.1068548251, 0.0821890553, 0.1243930327, 0.1516845331, 2724.9302, 2819.6512, 761.3250, 19.6929
2025-12-02 04:10:45, 0.0730363216, 0.0634449417, 0.1400517885, 0.1437731624, 2822.1875, 2824.1250, 758.1650, 21.2602
2025-12-02 04:10:51, 0.1058181251, 0.1032365063, 0.1826338934, 0.1519383276, 2858.2679, 2800.3393, 759.4250, 19.6684
2025-12-02 04:10:56, 0.0996677745, 0.0943108609, 0.1092998655, 0.1264398561, 2784.5476, 2826.7143, 760.8000, 19.7864
2025-12-02 04:11:02, 0.0823917747, 0.0871440200, 0.1501531058, 0.1649310676, 2770.9600, 2832.6200, 761.3350, 20.5636
2025-12-02 04:11:08, 0.1253543196, 0.1404030501, 0.2307842891, 0.2056200906, 2793.7843, 2787.8235, 759.1050, 21.1219
2025-12-02 04:11:13, 0.0872490445, 0.0823040046, 0.1185878965, 0.1178536141, 2587.9487, 2774.0513, 763.1850, 20.7466
2025-12-02 04:11:19, 0.0765123379, 0.0724509398, 0.1452454359, 0.1647231724, 2830.7222, 2900.6111, 762.8250, 17.7824
2025-12-02 04:11:25, 0.1045283126, 0.0976651471, 0.1249077004, 0.1128100047, 2643.6774, 2769.6129, 762.9400, 19.9734
2025-12-02 04:11:31, 0.0847014930, 0.0804535064, 0.1854203238, 0.1787298432, 2564.7963, 2598.2778, 760.0500, 19.7575
2025-12-02 04:11:36, 0.0995401897, 0.0960974822, 0.1177201365, 0.0987072093, 2928.5263, 3016.6316, 762.7400, 20.5651
2025-12-02 04:11:42, 0.1095817341, 0.0953345048, 0.3226983154, 0.2795504412, 2966.4048, 3023.5000, 760.0550, 20.6826
2025-12-02 04:11:48, 0.0836542512, 0.0837849429, 0.1727169905, 0.1237334234, 2869.5098, 2924.8431, 758.3350, 19.7282
2025-12-02 04:11:54, 0.0658618188, 0.0961124848, 0.0753298331, 0.0834177879, 2623.1622, 2792.3243, 760.3200, 18.7307
2025-12-02 04:11:59, 0.0672199019, 0.0878081128, 0.1241657548, 0.1060895913, 2852.6591, 2816.4545, 757.2650, 19.8324
2025-12-02 04:12:05, 0.0834855837, 0.0697080825, 0.1233236592, 0.1153312953, 2831.8491, 2810.3774, 759.3200, 19.6656
2025-12-02 04:12:10, 0.0949816671, 0.0958954079, 0.1070312819, 0.1012887629, 2464.6486, 2663.2973, 757.8750, 18.8186
2025-12-02 04:12:16, 0.1101196167, 0.1061626956, 0.1164135176, 0.1122057537, 2656.7561, 2695.9512, 759.9150, 20.4799
2025-12-02 04:12:22, 0.0966164055, 0.0951127190, 0.0918852838, 0.1100171016, 2683.8043, 2742.1522, 752.3050, 18.3943
2025-12-02 04:12:27, 0.1114776657, 0.1087269362, 0.0884332102, 0.0977005589, 2767.8800, 2866.2400, 756.2500, 18.0637
2025-12-02 04:12:33, 0.1336336632, 0.1051127166, 0.1140991297, 0.1285385369, 2620.5833, 2830.8958, 755.9500, 21.0083
2025-12-02 04:12:39, 0.1239920736, 0.1135384759, 0.1394608443, 0.1172713328, 2956.7500, 3080.7308, 752.8900, 19.4118
2025-12-02 04:12:45, 0.0771220312, 0.1010078738, 0.1098332275, 0.0936278712, 2807.7021, 3039.8723, 752.7550, 19.8067
2025-12-02 04:12:50, 0.0619292917, 0.0608828658, 0.1274342401, 0.1961449259, 2639.8909, 2618.7455, 756.1950, 19.0012
2025-12-02 04:12:56, 0.0660258392, 0.1020718686, 0.1205760608, 0.1017407298, 2765.5476, 2715.3810, 753.3650, 18.6984
2025-12-02 04:13:02, 0.0933077152, 0.0656626111, 0.0873653306, 0.1163662165, 2493.5556, 2610.8519, 755.9600, 18.9483
2025-12-02 04:13:07, 0.1003684684, 0.0792280115, 0.0919396556, 0.1191413965, 2750.2727, 2833.2045, 752.5700, 19.2347
2025-12-02 04:13:13, 0.0849650230, 0.0924187146, 0.1028263248, 0.1152027859, 3161.0370, 3304.6111, 754.0950, 18.6967
2025-12-02 04:13:19, 0.0721305723, 0.0632110818, 0.1796128542, 0.1562353547, 3033.0189, 2996.4717, 753.0200, 18.4903
2025-12-02 04:13:24, 0.0773249565, 0.0733464967, 0.1274287768, 0.0937725076, 2800.8667, 2774.3556, 754.7950, 18.5974
2025-12-02 04:13:30, 0.1212440621, 0.1102297296, 0.1082682535, 0.1162530284, 3025.4054, 3252.8108, 754.8950, 19.0261
2025-12-02 04:13:36, 0.0802183975, 0.0753775874, 0.1981897143, 0.2104938066, 2752.0588, 2825.8824, 754.3050, 16.7455
2025-12-02 04:13:42, 0.0641293193, 0.0448505632, 0.1029555818, 0.1024951911, 2813.3462, 2772.5192, 754.9550, 18.0592
2025-12-02 04:13:48, 0.0675240266, 0.0649817448, 0.1185479274, 0.1259038181, 2459.5000, 2622.1579, 755.0100, 19.4088
2025-12-02 04:13:53, 0.0905373385, 0.1036326360, 0.1775956012, 0.1903692727, 2627.3953, 2714.0698, 753.1350, 16.7856
2025-12-02 04:13:59, 0.1079446848, 0.1246852877, 0.1690270213, 0.1779602920, 2773.8696, 2867.4130, 754.4100, 17.0828
2025-12-02 04:14:05, 0.0964577054, 0.0838743322, 0.0747038409, 0.1194159640, 2632.8837, 2664.2558, 752.5300, 18.7206
2025-12-02 04:14:11, 0.0952366889, 0.0899200878, 0.1225825484, 0.1105591303, 2569.7059, 2552.7843, 753.5000, 17.4301
2025-12-02 04:14:17, 0.1129849704, 0.0752300869, 0.1039953371, 0.0973140550, 2638.3500, 2793.4250, 754.6350, 19.0447
2025-12-02 04:14:22, 0.0780323568, 0.0789465194, 0.1851104112, 0.1969419446, 2685.8800, 2782.1400, 755.3850, 19.4668
2025-12-02 04:14:28, 0.0885352668, 0.0936947483, 0.1329925937, 0.0983656007, 2713.7115, 2725.1346, 757.0250, 19.5623
2025-12-02 04:14:34, 0.0772858710, 0.0721694309, 0.1699202749, 0.1615444305, 2740.7959, 2818.7551, 756.6600, 18.7599
2025-12-02 04:14:40, 0.1143996434, 0.0847518780, 0.1217455276, 0.1141993739, 3165.7667, 2976.6333, 758.2450, 20.1640
2025-12-02 04:14:45, 0.1054948593, 0.0888583936, 0.1196745733, 0.1290811410, 2798.4583, 3055.6875, 756.2750, 19.7476
2025-12-02 04:14:51, 0.0943640071, 0.1103806617, 0.1221866512, 0.1197437310, 2647.5854, 2705.3171, 755.6400, 18.8743
2025-12-02 04:14:57, 0.0866322482, 0.0615849127, 0.1846404433, 0.1626518206, 2779.0500, 2850.4500, 756.2400, 20.3687
2025-12-02 04:15:03, 0.0798844117, 0.0675353207, 0.0787521606, 0.0815060260, 2774.9286, 2854.8095, 756.4750, 17.7053
2025-12-02 04:15:08, 0.0944187710, 0.1000549140, 0.1210344773, 0.1414111051, 2972.1538, 2966.7949, 757.9700, 19.1379
2025-12-02 04:15:14, 0.0906824403, 0.1046905245, 0.1579575069, 0.1133089212, 2916.6136, 2977.2955, 758.9500, 19.6295
2025-12-02 04:15:20, 0.0913877043, 0.0894603698, 0.1068259938, 0.0696475068, 2563.3469, 2624.5510, 757.3100, 19.0786
2025-12-02 04:15:25, 0.1113156298, 0.1037103407, 0.0783027191, 0.0658620399, 2853.0000, 2891.2241, 756.3350, 18.7687
2025-12-02 04:15:31, 0.1020959163, 0.1044097378, 0.1160791653, 0.0847591453, 2742.4444, 2824.0889, 756.0000, 18.5405
2025-12-02 04:15:37, 0.0732071607, 0.0779276823, 0.1727773619, 0.1479354005, 2600.3929, 2662.6786, 761.4200, 20.8752
2025-12-02 04:15:43, 0.0874981333, 0.0766293889, 0.0972170710, 0.0859468665, 2964.8182, 3073.7636, 760.5150, 19.7846
2025-12-02 04:15:49, 0.1152893273, 0.0732433310, 0.1012007889, 0.0879201641, 2716.6400, 2701.3400, 762.1850, 19.5645
2025-12-02 04:15:54, 0.0966574488, 0.0977497857, 0.1268165877, 0.1113154002, 2855.9286, 2818.0714, 760.9300, 20.4811
2025-12-02 04:16:00, 0.1232465210, 0.1189724739, 0.1307385907, 0.1282665348, 2507.1778, 2717.0444, 757.3050, 20.6192
2025-12-02 04:16:06, 0.1305561906, 0.0977701607, 0.1244195602, 0.1366517002, 2537.0000, 2678.4500, 759.4450, 20.3078
2025-12-02 04:16:12, 0.0840861065, 0.0955232607, 0.1720349189, 0.1431232199, 2599.0930, 2635.3953, 757.2650, 20.7879
2025-12-02 04:16:18, 0.0550370765, 0.0632556215, 0.1582796608, 0.1122689788, 2841.1163, 2868.6744, 758.0150, 21.2362
2025-12-02 04:16:23, 0.0455867069, 0.0580063959, 0.1642153957, 0.1117208825, 2920.7447, 2942.5532, 757.8300, 20.5239
2025-12-02 04:16:29, 0.0496025868, 0.0415717099, 0.1273133039, 0.1091144148, 2856.9787, 2818.9574, 756.4300, 20.4557
2025-12-02 04:16:35, 0.0504118131, 0.0544710952, 0.1405022979, 0.1460518631, 2597.7755, 2637.5306, 757.9350, 21.3136
2025-12-02 04:16:41, 0.0954172433, 0.0922782293, 0.0979219695, 0.1252076962, 2634.0889, 2707.9778, 756.7200, 20.2186
2025-12-02 04:16:47, 0.0828383274, 0.1217120425, 0.1316996936, 0.1282151857, 2672.6389, 2816.8333, 753.2400, 20.1983
2025-12-02 04:16:52, 0.1325971342, 0.1323261092, 0.1194471275, 0.1306851095, 2805.1837, 3058.4082, 755.2550, 22.3584
2025-12-02 04:16:58, 0.0599564744, 0.0633120988, 0.1242451537, 0.0956734945, 2835.8929, 2808.4821, 753.5350, 21.3983
2025-12-02 04:17:03, 0.0982463856, 0.0827793539, 0.1133358482, 0.1542793293, 3014.9804, 3150.8431, 753.8800, 18.7050
2025-12-02 04:17:09, 0.0606253618, 0.0881949428, 0.0908693172, 0.1062570535, 2853.1250, 2919.6667, 753.2300, 19.9541
2025-12-02 04:17:15, 0.1052573154, 0.1032700508, 0.1052089720, 0.0996679118, 2844.7021, 2902.4255, 755.4300, 17.0345
2025-12-02 04:17:21, 0.0796128158, 0.0729791981, 0.1640550471, 0.1286518587, 2907.9362, 2923.3404, 754.3600, 18.3625
2025-12-02 04:17:26, 0.1121729061, 0.1009361610, 0.1596003538, 0.1856479745, 2599.6042, 2697.4583, 753.5400, 20.9568
2025-12-02 04:17:32, 0.1035588524, 0.0910409655, 0.2288123137, 0.1837592535, 2658.6486, 2718.6757, 753.8850, 17.0775
2025-12-02 04:17:37, 0.0991645370, 0.0964386213, 0.1357252788, 0.1401435303, 2607.5849, 2796.1321, 752.1600, 19.4526
2025-12-02 04:17:43, 0.1006018077, 0.0761500167, 0.1340766030, 0.1446008682, 2940.6863, 3144.2353, 755.1650, 17.5339
2025-12-02 04:17:49, 0.0583200809, 0.0491654169, 0.1709853643, 0.1147981480, 2629.2642, 2632.1698, 753.1450, 18.3192
2025-12-02 04:17:55, 0.0673549532, 0.0671503509, 0.1748710024, 0.1574752709, 2692.3396, 2728.7547, 752.2950, 19.3253
2025-12-02 04:18:00, 0.0990138248, 0.1289489877, 0.1258437007, 0.1668511879, 2705.3000, 2860.8500, 756.5850, 17.6293
2025-12-02 04:18:06, 0.0980539875, 0.1242363046, 0.1549482231, 0.1690182830, 3022.4464, 3087.8929, 754.4050, 16.7747
2025-12-02 04:18:12, 0.1104080015, 0.1086436928, 0.0681120491, 0.0937408656, 2825.1282, 2975.4103, 756.6650, 19.4281
2025-12-02 04:18:18, 0.0962531550, 0.0807215337, 0.1023815141, 0.1132877612, 2841.9211, 3048.7368, 756.5200, 17.7584
2025-12-02 04:18:24, 0.0842303369, 0.1170433171, 0.1148810957, 0.1544248209, 2895.5652, 3109.2174, 756.1800, 19.5657
2025-12-02 04:18:29, 0.0794028431, 0.0806392310, 0.1543187956, 0.1532775818, 2671.4167, 2855.3958, 756.4600, 16.8612
2025-12-02 04:18:35, 0.0838218626, 0.0763940224, 0.1067471941, 0.1219617433, 2670.1538, 2765.7436, 756.8800, 20.4916
2025-12-02 04:18:41, 0.1218716730, 0.1399838494, 0.0944625472, 0.1145329007, 2458.7879, 2516.2424, 757.3650, 17.3021
2025-12-02 04:18:46, 0.0837016204, 0.0836325206, 0.1411646528, 0.1398066526, 2793.8980, 2885.3265, 749.2450, 19.4650
2025-12-02 04:18:52, 0.1177899720, 0.0937268055, 0.1516179246, 0.1032796935, 2698.9750, 2759.2250, 751.3650, 17.7992
2025-12-02 04:18:58, 0.0935868371, 0.0845290738, 0.1151421488, 0.0909655539, 2932.1042, 2825.2292, 748.4950, 18.7174
2025-12-02 04:19:03, 0.1084708511, 0.0988500416, 0.0898777131, 0.0721815134, 2868.0465, 2989.6047, 750.4150, 17.8727
2025-12-02 04:19:09, 0.1218927769, 0.1412381611, 0.1072074016, 0.0842459661, 2818.8222, 2813.1333, 749.7350, 17.8817
2025-12-02 04:19:15, 0.1070436980, 0.0931690040, 0.1083800272, 0.1035049166, 2629.0233, 2815.0930, 749.6300, 19.7267
2025-12-02 04:19:21, 0.1575702268, 0.1294530960, 0.1155824486, 0.0893130661, 2817.6889, 2819.7333, 746.9050, 18.2739
2025-12-02 04:19:27, 0.1025234208, 0.1284579506, 0.0832381533, 0.0790738486, 2669.5102, 2783.8163, 744.6700, 19.3482
2025-12-02 04:19:33, 0.0850612439, 0.1020594921, 0.1711122459, 0.1399841905, 2671.0000, 2698.9815, 745.8700, 17.7306
2025-12-02 04:19:38, 0.1495907582, 0.1117372372, 0.1376412565, 0.1292553884, 2901.5238, 2865.5238, 747.2050, 18.3192
2025-12-02 04:19:44, 0.0924569983, 0.0777215693, 0.0987106044, 0.1002120918, 2708.2903, 2711.8065, 744.3450, 19.5135
2025-12-02 04:19:50, 0.0960557671, 0.0961887090, 0.1214844130, 0.1303328656, 2667.9535, 2781.6512, 753.2500, 17.6292
2025-12-02 04:19:56, 0.0941382349, 0.0719733009, 0.1116251645, 0.1025760536, 2782.2245, 2803.6939, 750.2450, 17.6223
2025-12-02 04:20:02, 0.0892924967, 0.0750713715, 0.1494129683, 0.1190895320, 2910.4792, 2857.4167, 751.9700, 17.9844
2025-12-02 04:20:07, 0.1053006870, 0.1079955230, 0.1430290039, 0.1341891447, 2893.7407, 2891.4444, 755.3550, 18.1499
2025-12-02 04:20:13, 0.0650597019, 0.0754486562, 0.1576134805, 0.1521767887, 2899.7826, 2868.0870, 752.3950, 18.3657
2025-12-02 04:20:19, 0.1084424698, 0.0883150246, 0.1151136796, 0.1067406765, 2771.7105, 2768.6053, 750.5400, 18.6534
2025-12-02 04:20:24, 0.1386774221, 0.1203914973, 0.0651259163, 0.0559752161, 2763.9167, 2790.0208, 755.1600, 17.0210
2025-12-02 04:20:30, 0.1385892386, 0.1007376803, 0.0791342197, 0.0674653717, 2823.7018, 2912.4912, 751.7800, 19.4654
2025-12-02 04:20:36, 0.0772797331, 0.0943362895, 0.1108890888, 0.0882787211, 2732.1111, 2769.2000, 753.7900, 17.6903
2025-12-02 04:20:41, 0.1074382227, 0.1381369148, 0.1055612752, 0.0981542958, 3062.8810, 3208.4762, 754.3850, 17.3642
2025-12-02 04:20:47, 0.1112360799, 0.1486666515, 0.1103317634, 0.0629893108, 2779.2000, 2804.6667, 757.3000, 19.7641
2025-12-02 04:20:53, 0.1492454776, 0.1505157095, 0.0740344402, 0.0623593296, 2751.5484, 2875.7419, 752.6550, 18.5234
2025-12-02 04:20:59, 0.1373938640, 0.1411037567, 0.1423569979, 0.1329241214, 2993.8649, 2921.2432, 757.1450, 18.9360
2025-12-02 04:21:05, 0.1046274743, 0.1445582888, 0.1170104590, 0.1154394316, 2829.0667, 2764.5778, 758.2350, 17.8617
2025-12-02 04:21:10, 0.1132010193, 0.1106600988, 0.1274164251, 0.1295073728, 2677.8519, 2803.4815, 755.3250, 19.3052
2025-12-02 04:21:16, 0.0874553767, 0.0748874122, 0.1094973437, 0.0993793636, 2989.2174, 3036.8696, 759.4550, 19.5719
2025-12-02 04:21:22, 0.0748222362, 0.0804859392, 0.0879113566, 0.0722058117, 2952.4419, 2907.7442, 757.8150, 19.0397
2025-12-02 04:21:27, 0.0526049070, 0.0806731999, 0.0825524685, 0.1224960634, 2837.7826, 2923.7174, 756.5250, 18.1744
2025-12-02 04:21:33, 0.0964660781, 0.1103063390, 0.0857580117, 0.0860961265, 2698.8095, 2785.9286, 756.8550, 18.1255
2025-12-02 04:21:39, 0.1669589347, 0.0876562711, 0.0806177170, 0.0883805660, 2791.9048, 2782.1667, 756.9800, 18.9874
2025-12-02 04:21:44, 0.0911534499, 0.0912622243, 0.1214423174, 0.0992224627, 2803.5000, 2877.5172, 759.0200, 18.5283
2025-12-02 04:21:50, 0.0738823078, 0.0759592175, 0.1815699694, 0.1569430542, 2796.8966, 2869.6379, 753.3850, 17.8465
2025-12-02 04:21:56, 0.0837429816, 0.1118047697, 0.0905999850, 0.1178278201, 2675.4151, 2804.8302, 753.9100, 19.1058
2025-12-02 04:22:02, 0.1146284847, 0.0982695947, 0.1365516512, 0.1255752862, 2646.7391, 2700.0652, 756.4600, 18.8199
2025-12-02 04:22:08, 0.0994384853, 0.1194880141, 0.1594022526, 0.1644801458, 2774.7455, 2813.0727, 753.7550, 18.8980
2025-12-02 04:22:14, 0.0816609855, 0.0836451901, 0.1031779320, 0.1136304567, 2636.0612, 2740.7143, 756.7200, 18.2732
2025-12-02 04:22:19, 0.1293948457, 0.1061197486, 0.0896630658, 0.1006580845, 2746.7800, 2951.2600, 758.7200, 17.4485
2025-12-02 04:22:25, 0.0991949849, 0.0912116236, 0.1125124095, 0.1216598007, 2880.7407, 2992.5185, 751.6200, 19.8481
2025-12-02 04:22:31, 0.1333876990, 0.1212379169, 0.0722675988, 0.0842683305, 2566.2162, 2699.2162, 757.2000, 18.2395
2025-12-02 04:22:37, 0.1271787688, 0.0786834864, 0.1323866350, 0.1010372177, 2845.8125, 3046.1458, 760.8300, 18.8425
2025-12-02 04:22:42, 0.1146683810, 0.1275293926, 0.0947794221, 0.1167846194, 2773.3111, 2899.8222, 757.9950, 19.0931
2025-12-02 04:22:48, 0.0709774389, 0.0943222185, 0.0959128347, 0.0948896541, 2724.9074, 2809.9444, 758.9350, 19.8676
2025-12-02 04:22:54, 0.1446122426, 0.1269105851, 0.1281069278, 0.1355427688, 2894.7500, 3060.8214, 761.4150, 17.4236
2025-12-02 04:22:59, 0.0941136941, 0.0836518835, 0.1127293644, 0.1124817458, 2661.7273, 2900.3636, 760.1550, 18.5527
2025-12-02 04:23:05, 0.0840630493, 0.0732920333, 0.1273870434, 0.1124792947, 2437.5000, 2592.3889, 757.2700, 18.4143
2025-12-02 04:23:11, 0.0550115612, 0.0585954802, 0.0993722515, 0.1016635789, 2803.9091, 2883.8000, 757.8550, 18.1910
2025-12-02 04:23:17, 0.0761551088, 0.0878539271, 0.0870501869, 0.0846534962, 2922.7818, 2836.5455, 759.8500, 17.0211
2025-12-02 04:23:23, 0.0883101512, 0.1068290341, 0.1175707199, 0.0919742791, 2511.0698, 2576.6047, 760.0000, 18.5884
2025-12-02 04:23:28, 0.0785063746, 0.1124154659, 0.0822901283, 0.0728238181, 2751.0000, 2873.0377, 758.8300, 16.2736
2025-12-02 04:23:34, 0.1194370464, 0.0690791279, 0.1149610330, 0.0992173923, 2937.7000, 2942.7250, 758.2950, 19.8640
2025-12-02 04:23:40, 0.1068660036, 0.1173499472, 0.1067555800, 0.1234633202, 2618.6744, 2729.8372, 758.9850, 17.2770
2025-12-02 04:23:45, 0.1275615097, 0.1192985890, 0.0802302369, 0.0799676930, 2624.6800, 2823.3800, 757.6750, 19.4874
2025-12-02 04:23:51, 0.0710246968, 0.0629251966, 0.1034155822, 0.1226150385, 2515.0769, 2619.7436, 759.2100, 18.0792
2025-12-02 04:23:57, 0.0740589644, 0.0644523477, 0.1225669997, 0.0985048196, 2739.0750, 2759.5500, 757.9050, 18.5587
2025-12-02 04:24:02, 0.0805408714, 0.0764287650, 0.0912123890, 0.1084873266, 2678.3824, 2669.9706, 759.5050, 18.5933
2025-12-02 04:24:08, 0.0824132474, 0.0806903674, 0.1054736837, 0.1260728549, 2694.6176, 2750.8235, 759.3750, 18.6004
2025-12-02 04:24:14, 0.0829438011, 0.0792182504, 0.1043385773, 0.1247140600, 2699.4894, 2728.9149, 750.9900, 19.4954
2025-12-02 04:24:20, 0.0836134438, 0.1034141562, 0.1205524213, 0.1426380263, 2676.5102, 2799.3878, 752.5900, 18.0403
2025-12-02 04:24:25, 0.1248496450, 0.1635984277, 0.1431163048, 0.0944065171, 2890.6905, 2999.5714, 751.8500, 17.4785
2025-12-02 04:24:31, 0.0979782803, 0.1176123405, 0.0959891904, 0.0813138323, 2773.6364, 2671.8485, 752.9100, 17.2839
2025-12-02 04:24:37, 0.0931913498, 0.0829292620, 0.1361840574, 0.1291195816, 3080.8333, 3118.4286, 749.5250, 17.9947
2025-12-02 04:24:43, 0.1421495760, 0.1000760185, 0.1285187758, 0.1349449327, 2648.7800, 2879.5400, 753.4350, 18.9670
2025-12-02 04:24:49, 0.1234471613, 0.1299708362, 0.1483486301, 0.1426485107, 2627.1277, 2627.9574, 753.0900, 19.9830
2025-12-02 04:24:54, 0.1057663805, 0.0838297612, 0.0809838769, 0.0865092012, 2812.4167, 2861.9375, 754.9250, 18.7736
2025-12-02 04:25:00, 0.0854249313, 0.0811912580, 0.1006866767, 0.1168432129, 2982.8800, 3030.2800, 757.7350, 17.5947
2025-12-02 04:25:06, 0.0956699412, 0.0834467188, 0.0928960155, 0.0977097251, 2682.2273, 2741.8636, 758.7500, 17.8384
2025-12-02 04:25:12, 0.1288775539, 0.1058824310, 0.1110516910, 0.1315363698, 2821.3235, 2940.9412, 758.3500, 18.3130
2025-12-02 04:25:17, 0.1569050535, 0.1310459324, 0.0853141587, 0.0884716375, 2793.7500, 2885.5962, 755.5350, 16.4800
2025-12-02 04:25:23, 0.1291608815, 0.1270645650, 0.0736874170, 0.0573861420, 2762.1951, 2738.7561, 757.3900, 19.8050
2025-12-02 04:25:29, 0.0984827716, 0.1222764870, 0.1412877779, 0.1455030659, 2767.3659, 2861.8780, 760.7050, 19.8506
2025-12-02 04:25:35, 0.1006148931, 0.0920463137, 0.1149410459, 0.1267467904, 2705.0652, 2782.5000, 759.6650, 18.2891
2025-12-02 04:25:40, 0.1265589140, 0.0843358631, 0.1198698039, 0.1032542643, 2580.7609, 2727.3043, 760.9450, 18.3995
2025-12-02 04:25:46, 0.1318176758, 0.0982586766, 0.1584903425, 0.1225846215, 3013.1500, 3208.2750, 757.2650, 18.9038
2025-12-02 04:25:52, 0.0811400660, 0.0744684781, 0.1398298274, 0.1129092365, 3038.2444, 3006.4222, 761.1000, 19.0423
2025-12-02 04:25:58, 0.0728185780, 0.0598823406, 0.1195942629, 0.1136919755, 2480.8214, 2634.9821, 757.6250, 17.2567
2025-12-02 04:26:04, 0.0913147211, 0.0766202895, 0.1271307578, 0.0918448128, 2828.3488, 2857.3256, 761.3900, 18.3874
2025-12-02 04:26:09, 0.0632505627, 0.0641084477, 0.1796291734, 0.1280982260, 2820.5306, 2915.8367, 759.4700, 19.1679
2025-12-02 04:26:15, 0.0588487628, 0.0609668510, 0.1520677820, 0.1501173080, 2626.6200, 2735.0000, 759.7150, 17.6103
2025-12-02 04:26:21, 0.0915913565, 0.0988389460, 0.1578001668, 0.1091507776, 2541.6000, 2681.2000, 761.1150, 17.7756
2025-12-02 04:26:27, 0.0817344136, 0.1001154707, 0.1634478228, 0.1637354641, 2957.2791, 2926.7674, 761.6850, 18.2931
2025-12-02 04:26:33, 0.0840285333, 0.1091101824, 0.1495871137, 0.1785451650, 2999.7679, 3070.2679, 762.5250, 17.9195
2025-12-02 04:26:38, 0.0868208273, 0.0574771337, 0.1687122371, 0.1318686186, 2837.0000, 2765.7551, 760.5900, 17.3736
2025-12-02 04:26:44, 0.0773078537, 0.0704056910, 0.1198348219, 0.1309945036, 2801.5385, 2891.6154, 758.5750, 17.7021
2025-12-02 04:26:50, 0.0688040174, 0.0636045975, 0.1284514186, 0.1257461842, 2840.5000, 3050.2500, 761.0150, 17.6339
2025-12-02 04:26:56, 0.0784971199, 0.0828726313, 0.1367985539, 0.1796829115, 2743.6667, 2943.1026, 758.0450, 19.4636
2025-12-02 04:27:02, 0.1257645457, 0.0939540348, 0.1442159027, 0.1367519678, 2721.6957, 2747.7174, 758.8550, 18.3440
2025-12-02 04:27:07, 0.0779049737, 0.0602484462, 0.1203962888, 0.1810140116, 2586.6111, 2872.3611, 756.0250, 18.2648
2025-12-02 04:27:13, 0.0886072517, 0.1059035360, 0.1191551944, 0.0968484567, 2644.9070, 2699.9302, 759.2550, 16.5363
2025-12-02 04:27:19, 0.1086183680, 0.1253059785, 0.1240873117, 0.1329579509, 2877.0816, 2886.1429, 756.4000, 19.8151
2025-12-02 04:27:25, 0.0917299682, 0.0827324174, 0.2400646296, 0.1863679920, 2887.6829, 3020.3902, 755.6850, 17.4590
2025-12-02 04:27:30, 0.1589936237, 0.0985214015, 0.1747368415, 0.1647144382, 2695.8235, 2594.8824, 760.5950, 18.2478
2025-12-02 04:27:36, 0.1189991470, 0.0994096071, 0.1875851365, 0.1674308697, 2855.2174, 2980.8043, 756.4900, 17.4471
2025-12-02 04:27:42, 0.1181637257, 0.0989452901, 0.1613440189, 0.1394223051, 2738.1778, 2832.0222, 761.6500, 17.4931
2025-12-02 04:27:47, 0.1197371706, 0.1260649701, 0.2072014412, 0.2420333560, 2799.5294, 2856.3824, 760.2150, 18.6241
2025-12-02 04:27:54, 0.0897801103, 0.0835931076, 0.1421520277, 0.1037453471, 2730.1190, 2924.2619, 760.9350, 18.3987
2025-12-02 04:28:00, 0.1089624855, 0.0902957702, 0.1097234970, 0.0972488046, 2925.4318, 2970.1818, 760.7200, 18.6952
2025-12-02 04:28:05, 0.0917792532, 0.0638458500, 0.1002307060, 0.1129833014, 2580.8571, 2573.0357, 758.6400, 19.8328
2025-12-02 04:28:11, 0.0719799740, 0.0830906050, 0.3705344765, 0.2161267613, 2648.6571, 2829.3143, 764.0200, 19.0539
2025-12-02 04:28:17, 0.1222533112, 0.0690968947, 0.1142538367, 0.1176574805, 2774.7368, 2892.7368, 761.4700, 19.3111
2025-12-02 04:28:23, 0.0767312063, 0.0638257487, 0.0913582751, 0.1051597812, 2712.1964, 2781.4464, 763.0500, 19.3064
2025-12-02 04:28:29, 0.0593783760, 0.0632790021, 0.1178008710, 0.1179517425, 2667.6531, 2886.7755, 759.9900, 18.4583
2025-12-02 04:28:35, 0.0922716096, 0.1195966399, 0.1280458331, 0.1426086610, 2686.2692, 2785.0962, 762.6850, 17.0524
2025-12-02 04:28:40, 0.0755217818, 0.1215212451, 0.1435599810, 0.1305505035, 2746.0000, 2917.1905, 760.7350, 18.9498
2025-12-02 04:28:46, 0.0640480750, 0.0750441011, 0.0860777695, 0.0840786551, 2669.3333, 2702.9762, 763.1450, 18.6889
2025-12-02 04:28:52, 0.0989450984, 0.1193286401, 0.1213781960, 0.1068535841, 2702.5882, 2777.1765, 764.2600, 17.4712
2025-12-02 04:28:57, 0.0988400285, 0.1093139921, 0.1099702312, 0.1026725120, 2708.6809, 2869.7872, 764.0100, 18.9278
2025-12-02 04:29:03, 0.0927079944, 0.0979479500, 0.1348279039, 0.1198945340, 2699.2368, 2806.8684, 764.3000, 18.1516
2025-12-02 04:29:09, 0.1288736783, 0.1200954558, 0.1285075029, 0.1191985173, 2723.0536, 2852.6786, 759.1900, 18.5673
2025-12-02 04:29:14, 0.1180021465, 0.1048894351, 0.1275767633, 0.1235335030, 2691.3043, 2963.8478, 756.4350, 19.0151
2025-12-02 04:29:20, 0.0918100671, 0.0794346762, 0.1348005042, 0.1303496542, 2679.4146, 2729.2683, 762.5000, 17.4628
2025-12-02 04:29:26, 0.0745042859, 0.0882089760, 0.0704301082, 0.1019865161, 2678.4839, 2905.5484, 762.4350, 17.3944
2025-12-02 04:29:32, 0.0985638197, 0.1031273807, 0.1417321358, 0.1498959964, 2330.5135, 2484.6216, 761.2200, 18.7457
2025-12-02 04:29:37, 0.1017984534, 0.0946421213, 0.1025145960, 0.1188257833, 2815.8958, 2903.6875, 759.5650, 16.6993
2025-12-02 04:29:43, 0.0816109554, 0.0801657428, 0.1405129155, 0.1410070835, 2647.4565, 2729.8913, 759.2100, 17.4587
2025-12-02 04:29:49, 0.0620598524, 0.0606543066, 0.1911261578, 0.1897960904, 2893.3333, 2972.1667, 758.0900, 19.3280
2025-12-02 04:29:54, 0.0950369357, 0.0931144733, 0.0994321286, 0.0959400283, 2726.4130, 2798.3696, 754.7500, 19.4609
2025-12-02 04:30:00, 0.1037678887, 0.0900932241, 0.1485194708, 0.1295352447, 2840.2449, 2912.0816, 754.8250, 19.4922
2025-12-02 04:30:06, 0.1187088464, 0.0887740082, 0.2199427177, 0.1559324940, 2782.8649, 2713.5405, 753.7950, 18.0215
2025-12-02 04:30:12, 0.0858507561, 0.1038862960, 0.1097532882, 0.1067288371, 2745.8974, 2823.2051, 754.2500, 18.3098
2025-12-02 04:30:17, 0.0472776579, 0.0440395597, 0.1131190039, 0.0711696425, 2757.9636, 2735.4364, 756.2850, 18.1084
2025-12-02 04:30:23, 0.0549454858, 0.0620498087, 0.0765705663, 0.0803880070, 2808.3750, 2773.7500, 751.6050, 17.3585
2025-12-02 04:30:29, 0.0974511704, 0.0729554822, 0.0883235716, 0.0886535904, 2566.6327, 2647.7143, 757.6750, 18.7342
2025-12-02 04:30:35, 0.1036881137, 0.0755599373, 0.0784694104, 0.0575543730, 3026.1351, 3058.0000, 755.0500, 20.1915
2025-12-02 04:30:40, 0.0896817179, 0.0959625839, 0.1079519319, 0.0899556899, 2881.8824, 2952.7647, 754.5350, 16.7194
2025-12-02 04:30:46, 0.0725948733, 0.0784471699, 0.0906731672, 0.1189937082, 3001.6744, 3223.5814, 753.4200, 20.2315
2025-12-02 04:30:52, 0.1030059144, 0.0894693791, 0.1006553536, 0.0990705129, 2922.5349, 3034.1628, 754.7250, 18.1218
2025-12-02 04:30:57, 0.0577875105, 0.0694676095, 0.1300681626, 0.1124683708, 2919.7347, 2970.7347, 755.5700, 18.2001
2025-12-02 04:31:03, 0.1006702548, 0.1005784039, 0.1151126087, 0.1087159206, 2933.8824, 2995.7647, 753.6500, 18.6437
2025-12-02 04:31:09, 0.0597443573, 0.0668321148, 0.0766501141, 0.0933137535, 2876.4167, 2848.6944, 754.0300, 18.5863
2025-12-02 04:31:15, 0.1056291939, 0.0911951515, 0.1067521108, 0.0938704971, 2724.0889, 2847.4222, 756.6850, 17.7934
2025-12-02 04:31:21, 0.0650012797, 0.0501709984, 0.1016980135, 0.0862265453, 2623.5909, 2671.0000, 755.1750, 18.3582
2025-12-02 04:31:26, 0.0659634200, 0.0800091364, 0.1016743634, 0.1071450846, 2566.5208, 2722.0417, 754.3250, 17.8916
2025-12-02 04:31:32, 0.0801910617, 0.0699873280, 0.1268596353, 0.1286050538, 2853.7333, 2976.3333, 756.9700, 17.0648
2025-12-02 04:31:38, 0.1017006073, 0.0978761952, 0.1375971978, 0.1222330197, 2643.0370, 2774.6481, 757.0100, 17.9089
2025-12-02 04:31:45, 0.1032761169, 0.1045239600, 0.0994038746, 0.1302068388, 2793.4000, 2979.8750, 757.5200, 18.2948
2025-12-02 04:31:50, 0.1303624940, 0.1259890872, 0.1137987907, 0.1060717760, 2939.3143, 3029.3143, 757.6250, 18.6262
2025-12-02 04:31:56, 0.1070158643, 0.0770693551, 0.0862189364, 0.0708854798, 2807.8600, 2933.6400, 757.0900, 19.0995
2025-12-02 04:32:01, 0.0843989448, 0.1068661756, 0.0892090007, 0.0920198593, 2838.7949, 2885.4615, 751.4650, 18.4767
2025-12-02 04:32:07, 0.1209262223, 0.1216469270, 0.0698880324, 0.0616604290, 2749.0833, 2807.7917, 757.8700, 18.7945
2025-12-02 04:32:13, 0.0654032492, 0.0659885998, 0.0963327217, 0.1150705515, 2904.5306, 3022.5714, 750.8700, 17.4887
2025-12-02 04:32:19, 0.1293834987, 0.1121569781, 0.0861885476, 0.0943824959, 2695.2340, 2770.5745, 757.9200, 19.9347
2025-12-02 04:32:25, 0.0777979340, 0.0879376332, 0.0967759055, 0.1143743060, 2887.0476, 3061.7143, 751.0550, 17.7978
2025-12-02 04:32:30, 0.0595680668, 0.0497984020, 0.0951771352, 0.0981163127, 2760.5490, 2709.3529, 759.7950, 19.2765
2025-12-02 04:32:36, 0.0994338204, 0.1031769793, 0.1167324945, 0.1018360631, 3030.3023, 2970.5814, 752.2900, 18.6691
2025-12-02 04:32:42, 0.0717455241, 0.0747330509, 0.1056805124, 0.1030389588, 2981.0732, 3014.0000, 750.4650, 18.0225
2025-12-02 04:32:47, 0.1063693663, 0.0858079948, 0.0696840908, 0.0782559136, 2879.1034, 2962.6379, 747.5150, 16.5363
2025-12-02 04:32:53, 0.0846747672, 0.1108446334, 0.0992628406, 0.0810005004, 2641.3043, 2598.1304, 750.3650, 17.5089
2025-12-02 04:32:59, 0.0608777668, 0.0630062241, 0.0983290049, 0.1001867660, 2889.2174, 3026.1087, 753.1000, 18.0106
2025-12-02 04:33:04, 0.0897642942, 0.0697243415, 0.0858643362, 0.0682888765, 2690.8158, 2647.7368, 757.9950, 18.9614
2025-12-02 04:33:10, 0.0976348383, 0.1233846135, 0.0683525664, 0.0731182319, 3053.1458, 3134.4375, 748.9750, 17.6489
2025-12-02 04:33:16, 0.1592068219, 0.1015459019, 0.0899598307, 0.0824416648, 2812.3800, 2864.6800, 755.6900, 17.7886
2025-12-02 04:33:21, 0.1080019658, 0.0991941394, 0.0929959630, 0.0813482790, 2896.1429, 2852.8095, 758.9700, 19.6046
2025-12-02 04:33:27, 0.1528115191, 0.1002066701, 0.1464028831, 0.1153506506, 2690.3000, 2749.9600, 756.7200, 18.4375
2025-12-02 04:33:33, 0.1041968820, 0.0909874316, 0.1421939465, 0.1242227435, 2918.3421, 2872.7368, 757.2000, 16.9210
2025-12-02 04:33:39, 0.1036291383, 0.0973174630, 0.0751988608, 0.0559925492, 2722.4259, 2757.9259, 763.8800, 16.7811
2025-12-02 04:33:45, 0.1154756202, 0.1008350079, 0.1232059488, 0.0809422677, 2760.4242, 2777.1818, 760.7600, 17.9313
2025-12-02 04:33:50, 0.0821127234, 0.0841985555, 0.1463321359, 0.1007654467, 2611.6667, 2748.2292, 763.3100, 18.8967
2025-12-02 04:33:56, 0.0924465630, 0.0713453935, 0.1194773532, 0.1087574640, 2677.7619, 2670.3571, 761.5250, 19.4015
2025-12-02 04:34:02, 0.0982536008, 0.1335535598, 0.0784737235, 0.0918207167, 2916.3774, 2986.1509, 763.7550, 18.5409
2025-12-02 04:34:08, 0.1016724475, 0.0989603111, 0.0769326972, 0.0707021384, 2911.6250, 2954.1250, 759.9750, 18.2207
2025-12-02 04:34:14, 0.0714072647, 0.0623232203, 0.1104831556, 0.1069778880, 2859.8776, 2942.5714, 761.5000, 17.6915
2025-12-02 04:34:19, 0.1087620744, 0.1046309144, 0.0734511029, 0.0656098597, 2849.5455, 2821.5455, 761.0350, 17.9595
2025-12-02 04:34:25, 0.1082650516, 0.1146235323, 0.1282794796, 0.1299277666, 3057.1220, 3004.8537, 757.5500, 17.3907
2025-12-02 04:34:31, 0.0746321211, 0.0788306995, 0.1057483402, 0.0968015442, 2824.5439, 2940.1754, 758.7950, 19.3885
2025-12-02 04:34:37, 0.0899648184, 0.1160577442, 0.1492765273, 0.1822373027, 3392.0750, 3488.7750, 759.1850, 18.5038
2025-12-02 04:34:43, 0.0846290009, 0.0759488941, 0.1447420682, 0.1612917047, 2713.1600, 2870.3800, 757.0700, 18.2435
2025-12-02 04:34:49, 0.1184418674, 0.1030838563, 0.1137058265, 0.1388889272, 2855.0500, 3024.9250, 761.1000, 16.7150
2025-12-02 04:34:54, 0.0717046096, 0.0712565669, 0.0710608970, 0.0643682732, 2629.3091, 2746.0727, 751.9950, 19.2649
2025-12-02 04:35:00, 0.0873155137, 0.0684890163, 0.0838106652, 0.0908216318, 2684.3542, 2822.0833, 752.8950, 18.3397
2025-12-02 04:35:06, 0.0866824469, 0.0669395586, 0.0872145792, 0.0738258317, 2720.2500, 2781.3182, 761.6300, 18.1453
2025-12-02 04:35:11, 0.0812379889, 0.1053293618, 0.0941226794, 0.0601328152, 2781.2308, 2791.9231, 753.8100, 19.0361
2025-12-02 04:35:17, 0.0947692798, 0.0953394879, 0.1112768310, 0.1221333397, 2716.9024, 2835.9756, 753.7250, 17.9705
2025-12-02 04:35:23, 0.0954511081, 0.0929082866, 0.0802864912, 0.0814427794, 2754.4375, 2756.4583, 752.0850, 17.2507
2025-12-02 04:35:28, 0.0940967127, 0.0760837435, 0.0948370969, 0.1037531382, 2728.3958, 2851.0208, 754.5200, 19.7616
2025-12-02 04:35:34, 0.0864484856, 0.1094455801, 0.1374181459, 0.1166966023, 2908.0244, 2968.9756, 759.2700, 19.0304
2025-12-02 04:35:40, 0.0937026486, 0.1034275479, 0.0612376565, 0.0837978740, 2821.5682, 3001.9318, 756.2850, 18.9864
2025-12-02 04:35:46, 0.0908780980, 0.0765633731, 0.0675566143, 0.0690647267, 2918.2045, 3032.0682, 755.8550, 18.5614
2025-12-02 04:35:51, 0.0890607307, 0.1018529082, 0.0950445961, 0.1351623946, 2972.2979, 3033.7021, 755.0100, 18.8921
2025-12-02 04:35:57, 0.0777698718, 0.0877964804, 0.1365521137, 0.1192960452, 2710.2500, 2766.7500, 758.7550, 19.1699
2025-12-02 04:36:03, 0.1099357647, 0.1117710569, 0.0920657408, 0.0731506858, 2904.1522, 2904.8913, 755.8700, 18.2618
2025-12-02 04:36:08, 0.1444972700, 0.1088990789, 0.1134592503, 0.1442307156, 2908.9811, 3154.2642, 756.8050, 19.9749
2025-12-02 04:36:14, 0.0944825360, 0.1451062571, 0.0924894033, 0.0642671719, 2796.5185, 2771.2222, 752.2300, 17.3077
2025-12-02 04:36:20, 0.0988451423, 0.1171321114, 0.0910862646, 0.0927487291, 2727.8372, 2738.6744, 754.7800, 18.6685
2025-12-02 04:36:25, 0.0891731032, 0.1335502401, 0.0828018721, 0.0533598912, 2705.6944, 2785.6389, 753.5100, 18.8868
2025-12-02 04:36:31, 0.1154097221, 0.1190693376, 0.0802529574, 0.1027365978, 3030.5897, 3092.5128, 751.7850, 18.2937
2025-12-02 04:36:37, 0.1008196296, 0.1193211187, 0.0970217958, 0.0775197061, 3026.7400, 3046.8800, 755.1600, 18.0678
2025-12-02 04:36:43, 0.1020300245, 0.0881176659, 0.0875043309, 0.0660521426, 2707.5208, 2702.0833, 749.9050, 17.4816
2025-12-02 04:36:49, 0.0939372136, 0.0926299787, 0.1146205604, 0.1184011360, 2577.6000, 2624.4571, 753.5050, 18.9423
2025-12-02 04:36:54, 0.1383239256, 0.1050571641, 0.1168603459, 0.1263504004, 2882.2917, 2937.1458, 758.1350, 19.2179
2025-12-02 04:37:00, 0.1621032511, 0.1567516975, 0.0924537768, 0.0948257555, 2890.1463, 2907.8537, 757.5600, 19.1678
2025-12-02 04:37:06, 0.1456665670, 0.1274496268, 0.1270056341, 0.1074682311, 2884.8125, 2916.6250, 756.0050, 19.5789
2025-12-02 04:37:11, 0.1250081979, 0.1346392052, 0.1125873366, 0.1249623460, 2912.6444, 3141.2889, 756.4550, 16.4088
2025-12-02 04:37:17, 0.1098492569, 0.1354668033, 0.1046916285, 0.1148190739, 2772.2600, 2735.5200, 760.4000, 18.3535
2025-12-02 04:37:23, 0.1006666487, 0.0951766124, 0.0948276854, 0.0835405881, 2846.6667, 2869.3725, 756.5100, 17.9714
2025-12-02 04:37:28, 0.0603326371, 0.0600845172, 0.1606495275, 0.1563183270, 2795.0000, 2892.1250, 751.9000, 17.7539
2025-12-02 04:37:34, 0.1134634958, 0.1138318733, 0.1893158520, 0.1403141169, 2672.7727, 2728.6364, 753.6750, 18.1356
2025-12-02 04:37:40, 0.0946121807, 0.1110907895, 0.1721856574, 0.1250891716, 3037.9375, 3012.1250, 750.7750, 18.4189
2025-12-02 04:37:46, 0.0806326706, 0.0849775400, 0.0912953586, 0.0840327391, 2672.8824, 2763.3137, 751.4500, 17.4304
2025-12-02 04:37:51, 0.1044423135, 0.0777182484, 0.1641382319, 0.1296336993, 2852.3636, 2882.4318, 752.4650, 17.9772
2025-12-02 04:37:57, 0.1191617460, 0.1335271136, 0.1470362612, 0.1144303696, 2690.0750, 2735.6750, 752.0750, 17.7070
2025-12-02 04:38:03, 0.1324570026, 0.1275876078, 0.1513959000, 0.1749820619, 2940.3111, 3053.2444, 757.0550, 21.1268
2025-12-02 04:38:08, 0.1326602342, 0.1057326921, 0.1868039887, 0.1332887944, 2925.4750, 2997.0500, 756.7500, 18.2666
2025-12-02 04:38:14, 0.1235660315, 0.0894337336, 0.1625560238, 0.1784301827, 2910.5227, 3147.9091, 751.6250, 19.3351
2025-12-02 04:38:20, 0.0981661370, 0.1005341138, 0.1479250516, 0.1294420789, 2699.0000, 2763.6170, 754.9050, 18.5347
2025-12-02 04:38:26, 0.1223531935, 0.1021209014, 0.2115205720, 0.2105657037, 2750.6818, 2815.9091, 757.0100, 19.5435
2025-12-02 04:38:31, 0.0752827313, 0.0829099455, 0.1292022949, 0.0822516575, 2990.4286, 2894.7714, 758.5500, 18.7874
2025-12-02 04:38:37, 0.0861292538, 0.0695851691, 0.1300205071, 0.1112806492, 3003.9623, 2934.3585, 757.5850, 16.9677
2025-12-02 04:38:43, 0.0941066725, 0.0741745457, 0.1017505325, 0.1571928369, 2715.5484, 2813.9677, 757.4000, 19.1945
2025-12-02 04:38:49, 0.1098829169, 0.1146358587, 0.1917077958, 0.1816410642, 3162.6486, 3203.0541, 756.5900, 21.1691
2025-12-02 04:38:55, 0.1591278119, 0.1301654117, 0.1825409481, 0.1624175593, 2922.5116, 2904.4186, 758.4750, 18.4372
2025-12-02 04:39:01, 0.1175318765, 0.1053578348, 0.1654148926, 0.1543470934, 3049.3571, 3166.2143, 756.1600, 18.1346
2025-12-02 04:39:07, 0.1025993806, 0.1249638220, 0.1187133029, 0.1367378402, 2617.1136, 2785.5455, 757.8250, 19.2394
2025-12-02 04:39:12, 0.1390784339, 0.1346105476, 0.0850717387, 0.0908359419, 2736.7333, 2781.0444, 756.5100, 19.4841
2025-12-02 04:39:18, 0.1514501604, 0.1234278451, 0.0628102939, 0.0780054346, 2593.1176, 2782.9706, 758.1000, 19.4815
2025-12-02 04:39:24, 0.1444016274, 0.1568754467, 0.1163867663, 0.1155301322, 2776.9400, 2813.5000, 757.4700, 18.9750
2025-12-02 04:39:29, 0.0900125026, 0.0826347310, 0.1445701887, 0.1032016013, 2520.7255, 2588.4902, 755.9400, 18.3297
2025-12-02 04:39:35, 0.0995960825, 0.1063072719, 0.1709102132, 0.2117774179, 2822.7381, 2971.3333, 760.6650, 18.7953
2025-12-02 04:39:41, 0.1321043800, 0.0826665028, 0.1295228134, 0.1502765941, 2833.4722, 3013.1667, 760.2500, 18.1955
2025-12-02 04:39:46, 0.1449713014, 0.1227437689, 0.1411719987, 0.1934747017, 2820.5122, 2930.3415, 758.7950, 18.3432
2025-12-02 04:39:52, 0.1120880607, 0.1799388291, 0.1446289018, 0.1314809219, 2726.1778, 2796.6000, 758.0250, 20.4109
2025-12-02 04:39:58, 0.0874896488, 0.1217004831, 0.1062982480, 0.1115052272, 2806.5143, 2807.9429, 762.6300, 16.7423
2025-12-02 04:40:04, 0.2009640834, 0.1242296193, 0.1583001647, 0.1118394540, 2988.2895, 2944.8947, 753.4200, 18.3590
2025-12-02 04:40:09, 0.0967561951, 0.0683122263, 0.1826502939, 0.1635851114, 2815.8222, 2829.8000, 756.3350, 20.6367
2025-12-02 04:40:15, 0.0662025623, 0.0780247307, 0.2274572809, 0.1626637161, 2875.4167, 2996.2500, 755.1800, 19.0871
2025-12-02 04:40:21, 0.0817525689, 0.0848531795, 0.1510775226, 0.1738084691, 2799.0800, 2881.2200, 755.6400, 19.0250
2025-12-02 04:40:27, 0.1022134782, 0.1124189212, 0.2222984992, 0.2116061127, 2768.6591, 2903.1136, 754.6800, 18.9036
2025-12-02 04:40:32, 0.1171328196, 0.0972291818, 0.1535667873, 0.0865659804, 2849.5455, 2860.4318, 755.9450, 17.4592
2025-12-02 04:40:38, 0.1271105175, 0.0970746516, 0.1019200335, 0.1559626003, 2762.6061, 2914.6970, 755.1550, 18.9003
2025-12-02 04:40:44, 0.1177621387, 0.1228183942, 0.2237371849, 0.1731847725, 3060.6531, 3043.2857, 756.8250, 18.5096
2025-12-02 04:40:49, 0.1329256955, 0.0942794613, 0.1162200886, 0.1481684600, 2883.0833, 3025.3056, 752.0900, 18.1935
2025-12-02 04:40:56, 0.0871746998, 0.0721125930, 0.1476345595, 0.1498605842, 3055.6383, 3000.9574, 751.5000, 21.2866
2025-12-02 04:41:02, 0.0985703359, 0.0985490674, 0.1390129073, 0.1305004278, 2427.9722, 2543.2222, 752.6100, 18.5507
2025-12-02 04:41:07, 0.1215665265, 0.0955716310, 0.2409290015, 0.1838552116, 2647.8158, 2688.8684, 754.8750, 19.3636
2025-12-02 04:41:13, 0.0935162382, 0.1151010060, 0.2821611324, 0.2685231250, 3080.9024, 3112.4390, 757.3350, 16.3292
2025-12-02 04:41:19, 0.0647164254, 0.0516680678, 0.1796788511, 0.1548211308, 2344.8108, 2449.8919, 757.1750, 17.4612
2025-12-02 04:41:25, 0.0809807415, 0.0842898784, 0.1583876545, 0.1963212248, 2947.9412, 3106.3529, 757.9550, 19.5001
2025-12-02 04:41:31, 0.1022182826, 0.1382504720, 0.2020972178, 0.1970281289, 2696.5217, 2754.8043, 756.7350, 19.6366
2025-12-02 04:41:36, 0.1179591179, 0.1090764150, 0.1755094548, 0.1587934095, 2702.7727, 2764.9318, 758.9100, 20.4285
2025-12-02 04:41:42, 0.1333300924, 0.1136119257, 0.1602702260, 0.1770458341, 2506.6000, 2577.4000, 759.0650, 18.1422
2025-12-02 04:41:48, 0.1704264885, 0.1233643356, 0.1687532984, 0.1523824055, 2808.7714, 3060.6571, 757.7100, 18.4319
2025-12-02 04:41:53, 0.1069213357, 0.1418295150, 0.1989367764, 0.2027542897, 3013.2308, 3001.9744, 754.7600, 18.2097
2025-12-02 04:41:59, 0.0578054802, 0.0557107003, 0.1234884224, 0.1873694953, 2652.3846, 2813.8654, 757.5950, 18.1516
2025-12-02 04:42:05, 0.1213360335, 0.1085743728, 0.1684187192, 0.1892328885, 2967.9245, 3070.4906, 757.7450, 17.3124
2025-12-02 04:42:11, 0.1453870924, 0.0908409037, 0.0847591607, 0.0838997095, 2632.9024, 2816.0732, 757.1400, 16.9432
2025-12-02 04:42:16, 0.1116376662, 0.0747081984, 0.2108830495, 0.2413033347, 2450.8788, 2513.9697, 757.2900, 17.5307
2025-12-02 04:42:22, 0.1118720960, 0.0897724044, 0.2669487150, 0.1881791477, 2733.1500, 2657.6000, 757.6250, 18.0913
2025-12-02 04:42:28, 0.1025369762, 0.1133787911, 0.1531242344, 0.1404744696, 2934.8936, 3086.5745, 758.2400, 17.5169
2025-12-02 04:42:34, 0.0966637560, 0.0981567651, 0.1162339541, 0.1223140088, 2750.1842, 2746.3947, 753.3200, 19.1827
2025-12-02 04:42:39, 0.0798002083, 0.1393030641, 0.2758616438, 0.2059224967, 3037.7500, 3037.5278, 752.1900, 17.1748
2025-12-02 04:42:45, 0.1294447409, 0.1464394305, 0.1314614283, 0.1127671431, 2586.1556, 2658.6000, 750.7650, 18.0447
2025-12-02 04:42:51, 0.1090463529, 0.1043453167, 0.1475805167, 0.1793702066, 2626.4615, 2679.0513, 754.3150, 16.8465
2025-12-02 04:42:57, 0.0990803710, 0.1156845191, 0.1744960984, 0.1743680338, 2963.6042, 3044.0000, 754.4200, 19.8702
2025-12-02 04:43:03, 0.1258108034, 0.1050823571, 0.1975768512, 0.1621707528, 2687.7297, 2794.7027, 753.6050, 16.8395
2025-12-02 04:43:09, 0.1114367599, 0.0872375604, 0.1008600503, 0.1156169953, 2389.2143, 2443.5357, 754.9100, 18.8261
2025-12-02 04:43:14, 0.1206445293, 0.1517222306, 0.1791797364, 0.1432564304, 2882.6889, 2895.8667, 756.1500, 18.1038
2025-12-02 04:43:20, 0.0928843563, 0.0880614927, 0.1841561690, 0.1829516098, 2583.0294, 2634.6765, 755.9600, 19.6494
2025-12-02 04:43:26, 0.0768020873, 0.1003630470, 0.2617550258, 0.2742658806, 2688.6585, 2696.6341, 753.9900, 17.1301
2025-12-02 04:43:31, 0.1364068105, 0.1243115962, 0.1813935691, 0.1711468291, 2907.7593, 2947.3148, 755.0600, 18.8358
2025-12-02 04:43:37, 0.1269209280, 0.1334313986, 0.1134606174, 0.1110336968, 2541.8611, 2724.8056, 758.2850, 17.2576
2025-12-02 04:43:43, 0.1237423254, 0.1179280782, 0.1569755368, 0.1537410209, 2865.8043, 3129.5435, 758.0400, 18.1460
2025-12-02 04:43:48, 0.1053880796, 0.1245151704, 0.2504604035, 0.2076937738, 2592.6316, 2789.8158, 758.0200, 18.5165
2025-12-02 04:43:54, 0.1236969800, 0.1618131460, 0.1542444783, 0.0935444440, 3112.6750, 2975.8250, 758.6600, 17.2303
2025-12-02 04:44:00, 0.1511847264, 0.1367374813, 0.1651164206, 0.1536085493, 3030.6809, 3093.5106, 755.3350, 17.3820
2025-12-02 04:44:06, 0.1452693106, 0.1752539951, 0.1769528758, 0.1420822399, 2633.0625, 2741.0625, 761.4900, 19.5745
2025-12-02 04:44:12, 0.1387100106, 0.1373680511, 0.1915108086, 0.1730036726, 2670.8605, 2781.8837, 753.2800, 18.6537
2025-12-02 04:44:17, 0.1131558388, 0.1324501904, 0.1673524844, 0.1341222523, 2907.8810, 2938.6190, 753.7400, 18.9650
2025-12-02 04:44:23, 0.1153984258, 0.1042932987, 0.1700956359, 0.1393983404, 2939.6136, 3021.5000, 752.8250, 19.2319
2025-12-02 04:44:29, 0.1645705959, 0.1926832628, 0.1337206835, 0.0848392000, 2690.5098, 2705.9608, 757.0000, 18.9391
2025-12-02 04:44:35, 0.1080377228, 0.1200958824, 0.2026788827, 0.2537357681, 2819.4348, 2990.7826, 755.4650, 16.5169
2025-12-02 04:44:40, 0.1283752813, 0.1145388591, 0.1248972036, 0.1403896791, 2677.0625, 2763.9688, 754.5350, 16.5381
2025-12-02 04:44:46, 0.1484433849, 0.1344045458, 0.2579659915, 0.2578708057, 2684.4468, 2752.6170, 754.9000, 18.0358
2025-12-02 04:44:52, 0.1112504067, 0.1129458964, 0.4281898717, 0.4333338143, 2677.1250, 2777.3125, 758.0500, 18.1790
2025-12-02 04:44:58, 0.1664353391, 0.1649249673, 0.1137274406, 0.1819850960, 2806.7551, 3097.7143, 755.1400, 20.0532
2025-12-02 04:45:03, 0.1449549240, 0.1978803250, 0.1177348311, 0.1014842139, 2363.9677, 2353.8387, 754.5850, 16.1695
2025-12-02 04:45:09, 0.1309285228, 0.1434508383, 0.2601517474, 0.1542606349, 3128.1500, 3160.7250, 753.8800, 17.8728
2025-12-02 04:45:15, 0.1121359245, 0.1252232641, 0.2523971898, 0.2459513701, 2609.3333, 2706.0000, 753.9600, 16.7179
2025-12-02 04:45:21, 0.1067668110, 0.1512215505, 0.3017549125, 0.2723780858, 3153.0789, 3247.7895, 754.2900, 19.2095
2025-12-02 04:45:26, 0.1270485218, 0.1431457521, 0.2150150626, 0.2088138442, 2705.0000, 2816.9412, 752.9950, 16.9963
2025-12-02 04:45:32, 0.1147393548, 0.1644090265, 0.2231863031, 0.1926462174, 3169.7188, 3266.3750, 751.9900, 18.3448
2025-12-02 04:45:38, 0.1283063486, 0.1175882020, 0.2340161234, 0.1595943575, 2528.9412, 2559.2647, 751.8250, 17.3665
2025-12-02 04:45:44, 0.1861047461, 0.1459960264, 0.2455023725, 0.3002433483, 2676.7826, 2907.5217, 749.2050, 18.4514
2025-12-02 04:45:49, 0.1127778959, 0.1380152905, 0.2069326972, 0.1743432703, 2739.7719, 2904.3509, 749.9850, 18.9988
2025-12-02 04:45:55, 0.1314191520, 0.1524599060, 0.2456378033, 0.2762944049, 2905.5333, 3225.0333, 749.2400, 18.6242
2025-12-02 04:46:01, 0.1538716482, 0.1518384851, 0.1600375037, 0.2018967248, 2465.9796, 2651.6122, 754.8300, 19.1622
2025-12-02 04:46:06, 0.1452816752, 0.1200734698, 0.0870191384, 0.0929159841, 2207.0000, 2335.8333, 750.6000, 19.5997
2025-12-02 04:46:12, 0.1525601235, 0.1658295614, 0.1413702911, 0.1313994531, 2524.6757, 2648.6486, 752.5800, 17.4311
2025-12-02 04:46:18, 0.1332173112, 0.1183451084, 0.1975565147, 0.2145326025, 2787.2245, 3020.2857, 750.2200, 17.8724
2025-12-02 04:46:24, 0.1452902413, 0.1451954312, 0.1203498362, 0.1243430712, 2699.9038, 2841.4615, 753.1800, 17.8527
2025-12-02 04:46:29, 0.1587109043, 0.1651741321, 0.1245893661, 0.1487965457, 2787.6545, 2954.7818, 756.3250, 17.8014
2025-12-02 04:46:35, 0.1514842776, 0.1483879236, 0.1090720539, 0.0998723492, 2430.7097, 2607.5161, 755.2600, 21.8598
2025-12-02 04:46:41, 0.1295515324, 0.1367594150, 0.1728492847, 0.1263745307, 2783.5490, 2869.6078, 755.6700, 20.0487
2025-12-02 04:46:47, 0.1095798754, 0.1288387785, 0.1022294528, 0.1354334624, 2471.4634, 2574.5122, 753.9600, 18.9739
2025-12-02 04:46:53, 0.2056958129, 0.1955793052, 0.1125091555, 0.1025511837, 2705.5909, 2799.4773, 751.8350, 20.5021
2025-12-02 04:46:58, 0.1633131918, 0.1224809512, 0.1349684155, 0.1261471147, 2750.4359, 2932.0256, 753.3550, 19.5550
2025-12-02 04:47:04, 0.1624647073, 0.1593696088, 0.1446696162, 0.1521998221, 2726.7843, 2930.7647, 752.9350, 20.4091
2025-12-02 04:47:10, 0.1690753930, 0.1524293536, 0.1677856729, 0.2370972972, 2455.9792, 2644.6458, 754.2600, 20.7589
2025-12-02 04:47:15, 0.1122173510, 0.1528586386, 0.1001176504, 0.1151964434, 2669.4857, 2819.2571, 756.0850, 18.4138
2025-12-02 04:47:21, 0.1230270638, 0.1089433431, 0.2085552245, 0.1856899572, 2983.8696, 3071.3261, 760.0500, 20.1139
2025-12-02 04:47:27, 0.1404120921, 0.1731566101, 0.1956779296, 0.1711069435, 2991.5472, 3062.2264, 757.3250, 20.0107
2025-12-02 04:47:33, 0.1925580063, 0.1582024276, 0.1247970089, 0.1153995427, 2474.4444, 2531.5278, 754.1750, 19.7584
2025-12-02 04:47:38, 0.1841386787, 0.1713100428, 0.1244575809, 0.1403286407, 2689.9565, 2746.8478, 759.3950, 20.6966
2025-12-02 04:47:44, 0.1347005635, 0.1531480143, 0.1615983831, 0.1641865486, 2789.4211, 2947.4474, 757.5450, 20.4058
2025-12-02 04:47:50, 0.1319007685, 0.1376219223, 0.1443527598, 0.1324791284, 2843.2250, 2962.5500, 756.2700, 19.3030
2025-12-02 04:47:56, 0.1814169791, 0.1688662841, 0.1888455215, 0.1512033789, 2909.4222, 2976.0889, 757.1700, 19.3652
2025-12-02 04:48:01, 0.1152270726, 0.1547391007, 0.1935763197, 0.1512390381, 2704.9524, 2838.9524, 756.8550, 20.3856
2025-12-02 04:48:07, 0.1194362065, 0.1274176549, 0.1524635042, 0.1870345522, 2722.0976, 2722.5610, 755.3950, 19.5668
2025-12-02 04:48:13, 0.1418679499, 0.1139039776, 0.2474848236, 0.2339718598, 2949.3409, 3027.6818, 759.1450, 20.1255
2025-12-02 04:48:18, 0.1483689258, 0.1155374980, 0.1989661453, 0.1808783130, 2622.2647, 2801.3824, 755.5350, 19.2637
2025-12-02 04:48:24, 0.1351397381, 0.1713686378, 0.0995984329, 0.1274533634, 2686.3061, 2881.4490, 753.7900, 18.6879
2025-12-02 04:48:30, 0.1227677379, 0.0990262195, 0.2369650893, 0.2268822034, 2796.2642, 2915.9057, 754.4050, 18.6553
2025-12-02 04:48:36, 0.1242631329, 0.1559318018, 0.1441375651, 0.1442259826, 2333.1702, 2431.3617, 753.6200, 22.9326
2025-12-02 04:48:41, 0.1338206331, 0.1159609288, 0.2329497860, 0.1692085458, 2784.5682, 2863.8864, 754.0450, 18.8282
2025-12-02 04:48:47, 0.1088888029, 0.1716603708, 0.1834815281, 0.1464985884, 2490.3000, 2604.3500, 755.4300, 17.6095
2025-12-02 04:48:53, 0.1182951071, 0.1132860506, 0.2200393347, 0.2482125616, 2525.9375, 2603.5625, 755.2300, 18.3242
2025-12-02 04:48:59, 0.1443716040, 0.1199765263, 0.1804704000, 0.1463604683, 2536.3056, 2566.5833, 753.3700, 20.8634
2025-12-02 04:49:05, 0.1797882448, 0.1395860961, 0.1406028280, 0.0933906360, 2576.0000, 2619.3333, 751.6800, 19.8196
2025-12-02 04:49:10, 0.1008805976, 0.1316693880, 0.1484069276, 0.1800610745, 2646.3333, 2858.3571, 750.9550, 20.5318
2025-12-02 04:49:16, 0.1550468803, 0.0817879333, 0.3747006671, 0.2693496079, 2861.6571, 2937.8286, 753.3850, 19.2514
2025-12-02 04:49:22, 0.1099577807, 0.1182226908, 0.1979741325, 0.1911454735, 2851.4231, 2954.6731, 750.0550, 21.2038
2025-12-02 04:49:27, 0.1422288652, 0.1318893534, 0.1178655438, 0.1099279227, 2915.2407, 2953.9259, 753.2300, 19.7633
2025-12-02 04:49:33, 0.1763907457, 0.1279498488, 0.1809464527, 0.1095638407, 2961.4894, 3021.7447, 753.2750, 20.1462
2025-12-02 04:49:39, 0.1644276732, 0.1628360656, 0.1539065895, 0.1146706136, 3142.9091, 3222.7879, 754.0200, 21.2850
2025-12-02 04:49:45, 0.1539772875, 0.1286165031, 0.2041442875, 0.1884805929, 2641.0882, 2738.2353, 751.3300, 22.3960
2025-12-02 04:49:50, 0.1429002857, 0.1544570588, 0.1431189222, 0.1603176608, 2458.5897, 2505.5897, 756.7350, 18.6503
2025-12-02 04:49:56, 0.1376778381, 0.1646127027, 0.1258438336, 0.1483513226, 2701.1111, 2795.7333, 758.0150, 18.2949
2025-12-02 04:50:02, 0.1533179109, 0.1268613078, 0.1630161592, 0.1248115291, 3241.0222, 3266.0222, 753.3700, 19.8691
2025-12-02 04:50:07, 0.1339954235, 0.1430100573, 0.1482934423, 0.2181343075, 2758.9362, 2946.0851, 751.4850, 19.9772
2025-12-02 04:50:13, 0.1212731303, 0.1350273225, 0.1551612003, 0.1279645598, 2679.0833, 2659.9444, 756.7350, 17.6569
2025-12-02 04:50:19, 0.1340402205, 0.1540213505, 0.2189912766, 0.1790241503, 2700.2558, 2672.3488, 750.8500, 20.0459
2025-12-02 04:50:24, 0.1126218583, 0.1427404431, 0.2010765939, 0.1698435985, 2630.4138, 2741.0690, 752.0400, 19.4198
2025-12-02 04:50:31, 0.1463511465, 0.1228538945, 0.2052275655, 0.1691848623, 2789.7455, 2948.5818, 753.6500, 19.8481
2025-12-02 04:50:37, 0.1250043254, 0.1145127962, 0.1538087310, 0.1557761281, 2961.6512, 3002.9767, 752.9350, 19.0021
2025-12-02 04:50:42, 0.1334019159, 0.1191907019, 0.1716023641, 0.1443322322, 2575.9783, 2605.9348, 750.3050, 18.8441
2025-12-02 04:50:48, 0.1401427645, 0.1132678638, 0.1630574517, 0.1465815525, 2873.6250, 2863.1500, 749.6150, 18.1650
2025-12-02 04:50:54, 0.1061244481, 0.1141193925, 0.1695828749, 0.1380952720, 2492.9512, 2498.0244, 752.5750, 18.1589
2025-12-02 04:50:59, 0.1020963736, 0.1508793499, 0.1741286049, 0.1486350152, 2941.7778, 2913.2222, 752.5300, 21.4107
2025-12-02 04:51:05, 0.0899477280, 0.0932681488, 0.1376942253, 0.1850459841, 2755.8205, 2907.1538, 750.1350, 18.4842
2025-12-02 04:51:11, 0.1064905925, 0.1013515734, 0.1550580984, 0.1323189323, 2879.4773, 2913.2045, 751.1950, 19.1981
2025-12-02 04:51:17, 0.1017851911, 0.1246267824, 0.2008449515, 0.2274238562, 2934.2500, 3031.4038, 749.7800, 18.5122
2025-12-02 04:51:22, 0.1153430950, 0.0907037499, 0.2065095273, 0.2047024543, 2835.8049, 3017.0976, 750.3000, 19.1147
2025-12-02 04:51:28, 0.1117627485, 0.0846987620, 0.0955192776, 0.0874640575, 2491.8889, 2510.3889, 754.2100, 18.0415
2025-12-02 04:51:34, 0.1016135993, 0.0775352928, 0.1932843133, 0.2722851915, 2352.2000, 2577.1556, 751.3900, 18.0715
2025-12-02 04:51:39, 0.1286007177, 0.1342582069, 0.1750951751, 0.1207102945, 2894.7273, 2858.1364, 751.5500, 16.7233
2025-12-02 04:51:45, 0.0903604318, 0.0688780909, 0.1406646443, 0.1362332176, 2704.8571, 2674.0571, 751.7000, 19.6604
2025-12-02 04:51:51, 0.0851337485, 0.0976350021, 0.2133877255, 0.1579044267, 2768.6000, 2846.2222, 751.6500, 18.7866
2025-12-02 04:51:56, 0.1421479032, 0.0929967093, 0.1838585971, 0.1518760991, 2697.9362, 2800.4681, 749.1050, 17.0858
2025-12-02 04:52:02, 0.0827088922, 0.1139142457, 0.2357001274, 0.1773135383, 2775.2368, 2919.4737, 751.9900, 18.2102
2025-12-02 04:52:08, 0.1263199229, 0.1841831536, 0.2017166059, 0.1954002652, 2677.5227, 2858.8182, 753.2350, 19.3236
2025-12-02 04:52:14, 0.1116547574, 0.0973941861, 0.1557515361, 0.1679587207, 2550.9565, 2626.3261, 749.4100, 18.5570
2025-12-02 04:52:20, 0.1464830719, 0.1472055043, 0.2345701069, 0.2117495742, 3044.1667, 3161.1905, 750.6200, 17.7414
2025-12-02 04:52:25, 0.1267303177, 0.1456870416, 0.1569154798, 0.1625295127, 2727.9744, 2889.9231, 750.4750, 18.5421
2025-12-02 04:52:31, 0.1201540440, 0.1028636167, 0.1933212220, 0.2097382646, 2716.8043, 2949.9130, 747.5500, 17.7459
2025-12-02 04:52:37, 0.1920302984, 0.1405958993, 0.1448440277, 0.1344462432, 2652.8431, 2731.8039, 752.7850, 18.5464
2025-12-02 04:52:43, 0.1153106623, 0.1416420182, 0.1104001899, 0.0979412487, 2843.0204, 2927.6735, 748.8350, 19.0942
2025-12-02 04:52:48, 0.0996258057, 0.1195931094, 0.1737687567, 0.1596951065, 2658.6829, 2710.3171, 749.9600, 19.2403
2025-12-02 04:52:54, 0.1266416380, 0.1326976996, 0.1274168891, 0.1536877014, 2413.8718, 2540.9744, 754.4250, 16.9193
2025-12-02 04:53:00, 0.1167815618, 0.1595656854, 0.2158865465, 0.1775808217, 3061.3250, 3155.2750, 755.1050, 18.4460
2025-12-02 04:53:05, 0.1597534126, 0.1577503978, 0.1770953617, 0.1829829082, 2807.1316, 3009.1053, 755.5400, 18.2022
2025-12-02 04:53:11, 0.1276917690, 0.1319273446, 0.1435020347, 0.1391619318, 2683.9318, 2697.5455, 753.9800, 19.5571
2025-12-02 04:53:18, 0.1097419916, 0.1401029326, 0.3339142163, 0.2557325884, 2406.8636, 2497.3864, 754.9700, 20.6143
2025-12-02 04:53:23, 0.1061939783, 0.1047748455, 0.2454103165, 0.2220931580, 2654.3636, 2822.6970, 753.0850, 18.8427
2025-12-02 04:53:29, 0.1047921638, 0.1022549558, 0.1858842143, 0.1949818017, 2445.8085, 2615.5106, 755.0850, 19.9997
2025-12-02 04:53:34, 0.1222837498, 0.1398703697, 0.1537464455, 0.1295118094, 2345.4545, 2406.0455, 756.2200, 19.6352
2025-12-02 04:53:40, 0.0888610681, 0.0739600302, 0.4525449937, 0.4121830188, 2927.0244, 2830.5122, 752.8800, 19.8186
2025-12-02 04:53:46, 0.1364726267, 0.1326305904, 0.1962169571, 0.1819728435, 2683.5455, 2707.2955, 760.5150, 21.4986
2025-12-02 04:53:52, 0.0706452378, 0.0698033669, 0.1856579877, 0.1538525144, 2332.4474, 2426.5000, 756.5100, 18.4263
2025-12-02 04:53:58, 0.0938664701, 0.0979583548, 0.2162665738, 0.1349397297, 2809.6667, 2934.8667, 756.1050, 20.3513
2025-12-02 04:54:04, 0.0708935741, 0.1110636320, 0.1319674099, 0.1317540937, 2798.5102, 2903.5510, 760.2350, 20.6698
2025-12-02 04:54:09, 0.0798382078, 0.0796734482, 0.2666879646, 0.2742225363, 2771.7917, 2867.6250, 758.9850, 18.9390
2025-12-02 04:54:15, 0.0973108918, 0.0673155159, 0.2991510289, 0.2472566204, 2885.2927, 3010.4146, 759.0300, 21.0416
2025-12-02 04:54:21, 0.1044769353, 0.0877503197, 0.3344751041, 0.2857610680, 2807.2308, 2903.7692, 756.8550, 19.6841
2025-12-02 04:54:26, 0.0831597737, 0.0944613000, 0.2142066484, 0.2286329043, 2598.7838, 2676.8649, 755.6200, 20.2024
2025-12-02 04:54:32, 0.0932445332, 0.1242155445, 0.2088848568, 0.2058977636, 2825.0732, 2928.3415, 754.1600, 20.1587
2025-12-02 04:54:38, 0.1045531931, 0.1038274270, 0.1727329065, 0.1912896668, 2719.5000, 2910.7619, 756.1450, 19.8916
2025-12-02 04:54:44, 0.0981591465, 0.1517441888, 0.2359430098, 0.1597586549, 2746.4500, 2720.9000, 754.7150, 20.9402
2025-12-02 04:54:49, 0.0873278028, 0.1093171753, 0.2127689128, 0.2064555099, 2403.9268, 2461.1220, 753.7750, 20.2708
2025-12-02 04:54:55, 0.1229509688, 0.1042381447, 0.1694499208, 0.1822983934, 2623.6512, 2647.4651, 757.7650, 21.3213
2025-12-02 04:55:01, 0.0890445697, 0.1171181498, 0.1367820293, 0.1696784556, 2595.3913, 2833.5870, 749.9550, 20.8524
2025-12-02 04:55:07, 0.0879817377, 0.1017868818, 0.2480195133, 0.2482953076, 2833.9706, 2869.2059, 757.2800, 20.2779
2025-12-02 04:55:12, 0.0928663015, 0.1166263488, 0.1830578462, 0.1715630263, 2718.7381, 2826.3095, 751.5950, 22.7185
2025-12-02 04:55:18, 0.0894550201, 0.1025088044, 0.1871564745, 0.2247252025, 2642.9730, 2873.5946, 752.9300, 19.6562
2025-12-02 04:55:24, 0.1100755449, 0.1114113438, 0.1785113780, 0.1562991230, 2496.7561, 2579.6829, 751.7100, 21.1333
2025-12-02 04:55:29, 0.0916102349, 0.0969797828, 0.3677594356, 0.3448358109, 2832.3784, 2861.3784, 754.3250, 19.6341
2025-12-02 04:55:35, 0.1267717918, 0.0937405923, 0.1748239694, 0.1830627889, 2824.3261, 3044.5652, 752.5850, 19.2874
2025-12-02 04:55:41, 0.0837865439, 0.0825613332, 0.1748077193, 0.1808337085, 2816.2889, 2860.6222, 752.5150, 21.3028
2025-12-02 04:55:47, 0.0738906586, 0.0836676882, 0.1470235685, 0.1828345854, 2680.6667, 2779.0714, 751.3700, 18.8932
2025-12-02 04:55:52, 0.0699176150, 0.1001657501, 0.2336335712, 0.2078100391, 2613.3864, 2713.8409, 754.4700, 20.9198
2025-12-02 04:55:58, 0.0716974609, 0.0918992963, 0.4964002414, 0.3488981331, 2804.3243, 2934.3514, 753.3450, 19.3348
2025-12-02 04:56:04, 0.0744535377, 0.0804882984, 0.1413071389, 0.1316044055, 2671.0000, 2746.8776, 753.1300, 18.9107
2025-12-02 04:56:10, 0.0632220156, 0.0799083959, 0.3024645072, 0.3353445692, 2622.5833, 2707.9583, 755.7750, 21.0096
2025-12-02 04:56:15, 0.0700458317, 0.0746715578, 0.1392485290, 0.1778499740, 2303.1250, 2411.4375, 752.0800, 19.9565
2025-12-02 04:56:21, 0.0843172453, 0.0870418773, 0.2303870401, 0.2464059172, 2545.4694, 2669.7551, 751.4050, 16.2601
2025-12-02 04:56:27, 0.0775856760, 0.0823497800, 0.2740881335, 0.2575306681, 2878.3922, 2843.1569, 751.2600, 19.5428
2025-12-02 04:56:33, 0.1036624409, 0.0978330260, 0.2267227287, 0.1637220933, 2665.4872, 2694.6410, 751.4900, 18.8862
2025-12-02 04:56:38, 0.0783573937, 0.0810573238, 0.1758136529, 0.1745359413, 2359.4000, 2543.0800, 752.5300, 18.7480
2025-12-02 04:56:44, 0.0609150474, 0.0522778496, 0.1710254567, 0.1773373051, 2563.4545, 2559.9818, 750.3650, 18.5457
2025-12-02 04:56:50, 0.0745958949, 0.0762007484, 0.1923890416, 0.1853566406, 2527.3269, 2576.0962, 752.5000, 17.9410
2025-12-02 04:56:56, 0.0716867397, 0.0610844621, 0.1910237789, 0.2131107610, 2701.9796, 2708.3878, 750.0250, 16.9211
2025-12-02 04:57:01, 0.0759518127, 0.0970652464, 0.1388593202, 0.1503221671, 2729.0000, 2867.3243, 751.5650, 19.3170
2025-12-02 04:57:08, 0.0715224498, 0.0698404530, 0.2613231738, 0.2424210707, 2710.5814, 2719.8837, 754.8000, 17.9552
2025-12-02 04:57:13, 0.0854435066, 0.0851392633, 0.1930834690, 0.2197549633, 2703.6735, 2810.8571, 752.8650, 18.1702
2025-12-02 04:57:19, 0.0618519881, 0.0507814596, 0.1935394585, 0.1789614603, 2628.4286, 2698.6667, 752.3050, 19.4271
2025-12-02 04:57:25, 0.0472325557, 0.0412325757, 0.3371207071, 0.3319370369, 2634.3571, 2736.5000, 753.5050, 18.7227
2025-12-02 04:57:31, 0.0518352411, 0.0478338595, 0.3358840336, 0.2094018303, 2771.0682, 2741.4091, 754.2450, 18.3803
2025-12-02 04:57:37, 0.0452922583, 0.0363830371, 0.3868022364, 0.4276762863, 2459.1250, 2678.7500, 746.6150, 19.7486
2025-12-02 04:57:42, 0.0668202097, 0.0713849207, 0.1273815595, 0.1146408381, 2671.2195, 2689.6098, 746.8600, 16.9670
2025-12-02 04:57:48, 0.0898517827, 0.0794930636, 0.2394361261, 0.1962709794, 3169.5952, 2945.6667, 747.3800, 19.2204
2025-12-02 04:57:54, 0.0730218560, 0.0621037959, 0.2210860897, 0.1899496123, 2944.7222, 2849.5000, 745.5800, 17.4486
2025-12-02 04:58:00, 0.0534715052, 0.0482851192, 0.1787154285, 0.1863013809, 2705.3500, 2831.7000, 744.3950, 17.7082
2025-12-02 04:58:06, 0.0764560458, 0.0614122237, 0.2405739539, 0.2747116349, 2738.1364, 2898.9318, 749.8700, 19.4878
2025-12-02 04:58:11, 0.0956438069, 0.1011977545, 0.1428289498, 0.2019518167, 2494.5000, 2683.2368, 751.0800, 18.5850
2025-12-02 04:58:17, 0.0995088335, 0.0828761898, 0.1452131497, 0.1836233616, 2466.3721, 2509.1163, 745.3100, 17.7010
2025-12-02 04:58:23, 0.0965631412, 0.1030614720, 0.1574337548, 0.1637335070, 3015.2889, 3052.6667, 751.1000, 18.6328
2025-12-02 04:58:28, 0.0878096991, 0.1002398493, 0.1493430556, 0.1522469606, 2551.5122, 2596.9024, 746.4950, 18.6973
2025-12-02 04:58:35, 0.1040423528, 0.1058251548, 0.1728535760, 0.1375770068, 2655.0000, 2747.7500, 751.4700, 17.8247
2025-12-02 04:58:40, 0.0880306794, 0.1247587848, 0.2615392070, 0.2446712061, 2793.2353, 2822.4902, 749.8750, 19.2655
2025-12-02 04:58:46, 0.0874381953, 0.0841846315, 0.4279837127, 0.3738314312, 2469.1702, 2601.5957, 752.6600, 18.4262
2025-12-02 04:58:52, 0.0590262269, 0.0568291541, 0.1250479835, 0.1700558724, 2687.3333, 2781.2308, 751.7000, 17.5451
2025-12-02 04:58:57, 0.0351515454, 0.0373247472, 0.1568829642, 0.1461273694, 2596.6316, 2673.2807, 748.4350, 18.3435
2025-12-02 04:59:03, 0.0567278088, 0.0496590575, 0.1302778252, 0.1405723671, 2559.0741, 2625.1111, 754.8000, 18.0936
2025-12-02 04:59:09, 0.0473123958, 0.0487218880, 0.3175392989, 0.1929292603, 2373.4857, 2320.6857, 758.0350, 19.2334
2025-12-02 04:59:15, 0.0860463786, 0.0881723827, 0.2096938198, 0.1405585734, 2915.8605, 2994.5814, 757.9350, 18.0727
2025-12-02 04:59:20, 0.0831245914, 0.0771319117, 0.1771242197, 0.1472810146, 2686.7037, 2782.1852, 752.1400, 17.6848
2025-12-02 04:59:26, 0.0882611727, 0.0903674392, 0.1191262704, 0.1316223454, 2870.2821, 2940.5641, 760.0850, 19.0753
2025-12-02 04:59:31, 0.1274765245, 0.1026969018, 0.1368197205, 0.1881474411, 2650.5833, 2983.2083, 755.0450, 20.1765
2025-12-02 04:59:37, 0.0653534147, 0.0837538831, 0.1332243301, 0.1485281026, 2767.8636, 2807.6591, 760.6100, 18.1091
2025-12-02 04:59:43, 0.0712500944, 0.0542715281, 0.1585861203, 0.1882385823, 2798.5000, 2739.2083, 756.5950, 18.0975
2025-12-02 04:59:49, 0.0697101869, 0.0560191235, 0.1535170740, 0.1873616002, 2572.3265, 2693.1429, 760.8500, 19.3979
2025-12-02 04:59:54, 0.0784675204, 0.0779148030, 0.2187015845, 0.1532516984, 2749.3721, 2668.5814, 759.1250, 19.8073
2025-12-02 05:00:00, 0.1211726094, 0.1007153327, 0.2139820939, 0.2380662937, 2687.9623, 2755.9245, 761.4450, 18.3354
2025-12-02 05:00:06, 0.0782775458, 0.0817645422, 0.1764970765, 0.1793491906, 2988.1395, 3072.3953, 760.5600, 19.6257
2025-12-02 05:00:12, 0.0990908064, 0.0836951075, 0.1737267542, 0.1548673468, 2699.6304, 2828.6087, 758.1900, 19.2331
2025-12-02 05:00:18, 0.0982085982, 0.1108416426, 0.1835524698, 0.1321014182, 2895.5179, 2952.1964, 755.1600, 19.1939
2025-12-02 05:00:23, 0.1454293287, 0.1189363948, 0.1222743097, 0.1472340632, 2730.3333, 2928.3111, 754.9100, 18.4592
2025-12-02 05:00:29, 0.1145270354, 0.1179743922, 0.2295194380, 0.1738340320, 2710.7368, 2764.5789, 754.7950, 18.7673
2025-12-02 05:00:35, 0.0536924402, 0.0526032074, 0.1682039519, 0.1308456472, 2793.7500, 2893.5909, 755.8850, 18.0694
2025-12-02 05:00:40, 0.0406818286, 0.0526098957, 0.2121409332, 0.1565547958, 2684.0192, 2695.7885, 754.8800, 19.0503
2025-12-02 05:00:46, 0.0932487831, 0.1100473332, 0.1405779850, 0.1248907198, 2829.2745, 2934.3137, 755.3000, 18.1890
2025-12-02 05:00:52, 0.1018573971, 0.0806953831, 0.0863401893, 0.1191422492, 2422.7714, 2611.3714, 755.6500, 19.9454
2025-12-02 05:00:58, 0.0658486034, 0.0550499194, 0.1845691836, 0.1560158685, 3154.2708, 3146.5833, 754.6700, 19.3691
2025-12-02 05:01:03, 0.0854891602, 0.0887862843, 0.1177635367, 0.1257910248, 2638.4468, 2757.0638, 758.1150, 19.3766
2025-12-02 05:01:09, 0.0832013600, 0.0852296929, 0.1817618308, 0.1625168977, 2596.5849, 2716.2830, 755.1200, 18.6402
2025-12-02 05:01:16, 0.0988860412, 0.0678913038, 0.1372999400, 0.1274515780, 2291.8200, 2355.0600, 754.5750, 17.7188
2025-12-02 05:01:22, 0.1324195211, 0.1323529230, 0.1333392529, 0.1254735251, 2515.7222, 2664.6667, 757.9850, 18.2643
2025-12-02 05:01:27, 0.1257935544, 0.1332587763, 0.1058482150, 0.1312195665, 2930.0204, 2984.0000, 755.0200, 19.1254
2025-12-02 05:01:33, 0.1279196396, 0.0919563971, 0.1690418671, 0.1276739291, 2541.9512, 2585.5610, 753.6500, 19.3574
2025-12-02 05:01:39, 0.0897254349, 0.0909302353, 0.1036890727, 0.1118399716, 2925.8667, 2962.9333, 755.3800, 18.5458
2025-12-02 05:01:44, 0.0855024826, 0.0827291822, 0.0986908714, 0.1065149511, 2698.2745, 2858.4314, 754.0500, 18.6357
2025-12-02 05:01:50, 0.0798768974, 0.0813351562, 0.1381252159, 0.0978595104, 2862.3061, 2807.3469, 752.8700, 18.6414
2025-12-02 05:01:56, 0.1131286210, 0.0906171008, 0.0939971567, 0.1066280253, 3035.3958, 3104.7708, 752.8550, 17.8822
2025-12-02 05:02:02, 0.0892571275, 0.0797455594, 0.0932880969, 0.1230964345, 3063.5349, 3264.2326, 753.2550, 18.2453
2025-12-02 05:02:08, 0.1019083486, 0.1025541988, 0.0827969917, 0.0926522386, 2701.9545, 2909.9091, 753.2350, 17.9220
2025-12-02 05:02:13, 0.0989309361, 0.1048670416, 0.0966197753, 0.0652596346, 2598.6667, 2653.1556, 750.5350, 17.4825
2025-12-02 05:02:19, 0.0690477704, 0.0736703768, 0.1078274266, 0.0928363762, 2728.3800, 2772.6800, 750.1250, 17.4040
2025-12-02 05:02:25, 0.1001173603, 0.0643605586, 0.1011893994, 0.0900482758, 2672.5577, 2774.7692, 751.4100, 17.7057
2025-12-02 05:02:31, 0.0614532172, 0.0711322407, 0.1465059571, 0.1310631166, 2934.3878, 3020.5510, 750.8150, 18.8133
2025-12-02 05:02:36, 0.0955193337, 0.0927244889, 0.1763107010, 0.1644214188, 2946.4898, 3070.6735, 754.6150, 17.3691
2025-12-02 05:02:42, 0.0879406147, 0.0758928158, 0.1515685465, 0.1487125429, 2878.6949, 2956.2203, 754.4950, 18.2642
2025-12-02 05:02:48, 0.1056587028, 0.0721714649, 0.1612061000, 0.1298028056, 2740.0000, 2848.7083, 755.1550, 17.6514
2025-12-02 05:02:53, 0.0935717780, 0.0972929840, 0.1265354884, 0.1369926783, 2709.2759, 2930.4655, 751.8850, 19.2567
2025-12-02 05:02:59, 0.0711378487, 0.0953245628, 0.1258393999, 0.1456724773, 2606.9400, 2773.6800, 754.2200, 18.7260
2025-12-02 05:03:05, 0.1159727274, 0.1329442597, 0.1826861630, 0.1351798739, 2998.0000, 2989.5455, 751.1000, 18.2077
2025-12-02 05:03:11, 0.0910398504, 0.1486662392, 0.1824536615, 0.2672691170, 2772.1389, 3085.9444, 755.5400, 19.2963
2025-12-02 05:03:17, 0.1100564328, 0.1390709866, 0.1145925485, 0.1053636875, 2726.0545, 2824.1273, 753.4900, 18.5437
2025-12-02 05:03:23, 0.1418661385, 0.1239181490, 0.1132258527, 0.0896174070, 2819.2432, 2898.0000, 753.7950, 18.1594
2025-12-02 05:03:28, 0.1482823944, 0.1044430564, 0.1408095192, 0.1420688734, 2544.7436, 2608.9231, 754.0050, 19.2991
2025-12-02 05:03:34, 0.1015496520, 0.1164104961, 0.2158525332, 0.1967035985, 2638.4419, 2757.9767, 752.7500, 19.5412
2025-12-02 05:03:40, 0.1072796429, 0.1376518816, 0.1896613552, 0.1729034243, 3135.6078, 3162.3333, 757.4750, 19.5113
2025-12-02 05:03:45, 0.1415350901, 0.1227894219, 0.1240674445, 0.1310964037, 2709.6222, 2845.5778, 756.5150, 17.0567
2025-12-02 05:03:51, 0.1078794034, 0.1635402087, 0.1754167259, 0.1295552069, 2559.7714, 2674.5143, 754.2200, 18.0397
2025-12-02 05:03:57, 0.0982761187, 0.1142315240, 0.1186066166, 0.1010253870, 2865.6863, 2993.0784, 753.9000, 17.7882
2025-12-02 05:04:03, 0.1218557164, 0.0965451082, 0.1282694749, 0.1394697157, 2956.0339, 3064.7627, 757.6900, 17.8940
2025-12-02 05:04:08, 0.1260180301, 0.0984861485, 0.1613159960, 0.1777212077, 2735.3333, 2777.0000, 758.1600, 17.3198
2025-12-02 05:04:14, 0.1382401524, 0.1505220722, 0.0986304953, 0.1242191450, 2593.5918, 2754.2653, 756.8550, 18.6873
2025-12-02 05:04:20, 0.1161408379, 0.1320858199, 0.1586324274, 0.1488274496, 2738.4318, 2892.2727, 756.3350, 19.1268
2025-12-02 05:04:25, 0.1049368694, 0.1031638264, 0.1417336691, 0.1405784144, 2754.3800, 2797.4600, 751.6100, 17.9924
2025-12-02 05:04:31, 0.1031992956, 0.0687106174, 0.1526040742, 0.1986087194, 2514.3421, 2665.6053, 753.5800, 20.1733
2025-12-02 05:04:37, 0.0994761874, 0.1142821742, 0.1223691237, 0.1234597881, 2762.0192, 2842.1346, 751.8100, 19.4708
2025-12-02 05:04:43, 0.1105335927, 0.1099503034, 0.1365954181, 0.1229008184, 2883.2368, 2922.0526, 753.8550, 18.0714
2025-12-02 05:04:48, 0.1300662577, 0.1184073441, 0.2013331267, 0.2486998794, 2742.6757, 2944.5946, 753.3650, 16.9464
2025-12-02 05:04:54, 0.1623015754, 0.1226840495, 0.1216712459, 0.1501057293, 2445.3171, 2568.2927, 754.5550, 18.3705
2025-12-02 05:05:00, 0.1351939291, 0.1317685429, 0.1450989031, 0.1146378818, 2666.1556, 2738.9333, 752.0100, 17.9114
2025-12-02 05:05:05, 0.0799897216, 0.0934100922, 0.1040708852, 0.1027864103, 2818.1818, 3020.2727, 752.5000, 19.5407
2025-12-02 05:05:11, 0.0919929522, 0.0751599718, 0.1627658216, 0.1582923746, 2932.9600, 3033.4600, 748.1550, 19.2242
2025-12-02 05:05:17, 0.1305011897, 0.1001096855, 0.1550539795, 0.1380520612, 2566.0455, 2693.1136, 748.5550, 17.7197
2025-12-02 05:05:23, 0.1078963049, 0.1052719117, 0.0669301880, 0.0805038375, 2571.4872, 2720.1795, 747.9450, 18.2965
2025-12-02 05:05:28, 0.1829615803, 0.1479531159, 0.1803748815, 0.1268618738, 2876.6444, 3006.6667, 747.7400, 17.1474
2025-12-02 05:05:34, 0.1239009161, 0.1426608949, 0.1786853122, 0.1861955717, 2652.6939, 2907.2857, 749.5350, 17.1639
2025-12-02 05:05:40, 0.1224027534, 0.1023061617, 0.2220482834, 0.2414299643, 3103.9737, 3254.6053, 751.5350, 18.2019
2025-12-02 05:05:46, 0.1023389043, 0.0846094346, 0.0961580439, 0.1159332433, 2707.2800, 2932.7200, 756.2400, 16.6440
2025-12-02 05:05:52, 0.0897069647, 0.0975320194, 0.1679786616, 0.1530628492, 2528.4000, 2555.3500, 748.4650, 16.8208
2025-12-02 05:05:57, 0.1032313060, 0.0968169444, 0.1470633830, 0.2011147082, 2263.3617, 2378.4043, 756.4000, 17.0417
2025-12-02 05:06:03, 0.0989072886, 0.1146594330, 0.2765522601, 0.2559930221, 2522.0857, 2746.1143, 758.0700, 17.2970
2025-12-02 05:06:09, 0.1110910921, 0.0955182508, 0.1827453673, 0.1900581546, 2571.1000, 2550.3500, 756.1350, 18.7536
2025-12-02 05:06:15, 0.0751922952, 0.0886673028, 0.1064204333, 0.1103665256, 2411.2432, 2435.3514, 757.6650, 18.2281
2025-12-02 05:06:21, 0.1044151652, 0.0872328719, 0.1588256487, 0.1698077796, 2665.1500, 2812.2500, 758.2950, 18.4401
2025-12-02 05:06:26, 0.1153118115, 0.1238533012, 0.1555469132, 0.1103578638, 3117.8974, 3113.4872, 757.9800, 16.8704
2025-12-02 05:06:32, 0.0886541852, 0.0725803959, 0.1919099016, 0.2111570221, 3118.1633, 3330.9592, 758.8100, 18.8386
2025-12-02 05:06:38, 0.0866881253, 0.0887708587, 0.1608621360, 0.1262472787, 2429.0233, 2449.0233, 758.1800, 18.1452
2025-12-02 05:06:44, 0.1060342938, 0.0881157808, 0.2264861639, 0.1469257732, 2798.4038, 2892.1923, 756.1150, 16.9202
2025-12-02 05:06:50, 0.1084615010, 0.1236140493, 0.2215462229, 0.1713071212, 2899.6304, 2975.3261, 756.4750, 17.0382
2025-12-02 05:06:55, 0.0794266056, 0.1141524192, 0.1732390219, 0.2368732957, 2667.4255, 2754.7872, 757.4800, 17.9883
2025-12-02 05:07:01, 0.0902083810, 0.1111818945, 0.1249879826, 0.1385772853, 2318.2326, 2564.4884, 757.5450, 18.9886
2025-12-02 05:07:07, 0.0829860756, 0.0892505010, 0.2024047911, 0.2037633482, 2946.8095, 3001.3333, 755.4500, 18.0424
2025-12-02 05:07:13, 0.0816549607, 0.1042354192, 0.0640175741, 0.0878458908, 2895.7143, 2970.0952, 757.6400, 17.8017
2025-12-02 05:07:18, 0.0907389734, 0.0833482150, 0.1541353901, 0.1263470803, 2629.6809, 2691.1277, 758.3050, 17.2977
2025-12-02 05:07:24, 0.1093013964, 0.1115332416, 0.2093309850, 0.2243322956, 2928.0952, 3089.6429, 757.0450, 18.6551
2025-12-02 05:07:30, 0.1004970757, 0.1051818747, 0.2301283066, 0.1711394643, 2644.4286, 2672.0238, 757.4850, 17.5878
2025-12-02 05:07:36, 0.0854005685, 0.0910527315, 0.1785593862, 0.1879170336, 2805.1132, 2868.7736, 757.5350, 19.9747
2025-12-02 05:07:42, 0.0714324640, 0.1140367674, 0.0984331136, 0.1259847108, 2381.3250, 2560.8500, 760.2250, 17.5879
2025-12-02 05:07:48, 0.0964563969, 0.0982873043, 0.2298145501, 0.2714477739, 2597.1081, 2570.2162, 761.2650, 18.4408
2025-12-02 05:07:53, 0.0931396138, 0.0804854849, 0.1261416868, 0.1419886107, 2808.8710, 2996.2581, 757.2350, 17.7806
2025-12-02 05:07:59, 0.0871194767, 0.0853289115, 0.1883019115, 0.1820850753, 2910.1250, 3040.8000, 756.5200, 17.7837
2025-12-02 05:08:05, 0.0808259966, 0.0620284288, 0.3079819663, 0.2406176522, 2659.2045, 2587.7273, 755.7450, 19.4974
2025-12-02 05:08:11, 0.0842787997, 0.0689395291, 0.1084310652, 0.1377034270, 2419.6304, 2615.0217, 757.6600, 18.5813
2025-12-02 05:08:17, 0.0906831553, 0.0784135760, 0.1709889198, 0.1702661204, 2785.4912, 2801.4561, 756.7750, 16.5362
2025-12-02 05:08:22, 0.0946048392, 0.0916850309, 0.1358120633, 0.1504544550, 2752.8571, 2930.1905, 755.1450, 18.6589
2025-12-02 05:08:28, 0.1071946105, 0.0940138826, 0.1523260379, 0.1285352732, 2895.1818, 2990.9697, 755.5850, 18.9822
2025-12-02 05:08:34, 0.1019566344, 0.0854079303, 0.2072888384, 0.2041881716, 2979.0000, 3017.8679, 755.0750, 18.1648
2025-12-02 05:08:40, 0.0999304436, 0.1049444540, 0.2822034644, 0.1922723584, 2760.4688, 2840.9688, 756.6150, 18.1741
2025-12-02 05:08:45, 0.1214948795, 0.1193105027, 0.1108720712, 0.1542206740, 2802.6071, 2968.9286, 756.9200, 16.9609
2025-12-02 05:08:51, 0.1106023127, 0.1295413486, 0.2002599556, 0.2052267289, 2628.5882, 2746.5686, 760.0600, 20.8841
2025-12-02 05:08:57, 0.1046346549, 0.1263501633, 0.2333752682, 0.2450427046, 2820.8222, 2937.3556, 754.6150, 17.2524
2025-12-02 05:09:03, 0.0837284065, 0.1201490258, 0.2289661369, 0.2459055502, 2446.1579, 2623.5263, 755.6100, 18.2532
2025-12-02 05:09:08, 0.1131468509, 0.1017457773, 0.2679448059, 0.2854337905, 2786.6410, 2941.6667, 756.3900, 18.6273
2025-12-02 05:09:14, 0.0949849196, 0.0965143034, 0.4139943844, 0.3277065513, 2972.9800, 2966.2400, 758.0850, 19.9170
2025-12-02 05:09:19, 0.0952640959, 0.1032186073, 0.2110688038, 0.2529568844, 2571.0000, 2823.9362, 757.2300, 18.6991
2025-12-02 05:09:25, 0.1429546472, 0.1515720453, 0.1617280996, 0.1647776156, 2627.2766, 2742.4255, 756.1650, 19.5793
2025-12-02 05:09:31, 0.1142945223, 0.0947227208, 0.1692100034, 0.1679698864, 2454.0714, 2686.9762, 755.4150, 18.2001
2025-12-02 05:09:37, 0.1155597239, 0.1442457685, 0.1785453802, 0.1268331500, 2592.0408, 2652.2449, 754.7250, 19.5008
2025-12-02 05:09:42, 0.0798400125, 0.0924927862, 0.3010803582, 0.4546523011, 2643.0968, 2783.0645, 756.2000, 18.0233
2025-12-02 05:09:48, 0.0766129841, 0.1007585131, 0.2774969530, 0.2473834442, 2814.8140, 2949.6744, 754.2600, 18.2196
2025-12-02 05:09:54, 0.0761658348, 0.0872649566, 0.2857775056, 0.3872814566, 2998.4000, 3232.2222, 752.6800, 17.7439
2025-12-02 05:10:00, 0.0892173292, 0.0969580963, 0.2077087414, 0.1845896507, 2767.1081, 2746.9189, 755.9900, 16.8553
2025-12-02 05:10:06, 0.1030540941, 0.1213151583, 0.2485920236, 0.2623090258, 2450.5116, 2592.6047, 755.2100, 19.7227
2025-12-02 05:10:11, 0.0839884397, 0.0657389374, 0.1959071199, 0.2029479150, 2603.7400, 2537.2400, 755.6400, 18.1962
2025-12-02 05:10:17, 0.0799958365, 0.0908478382, 0.2087650482, 0.2218475720, 2504.9130, 2587.5435, 753.8900, 18.7651
2025-12-02 05:10:23, 0.0888521810, 0.0893229238, 0.2155592478, 0.1982608667, 2480.7826, 2598.5870, 751.1800, 17.4123
2025-12-02 05:10:29, 0.0717093766, 0.0709943968, 0.2976803662, 0.3443547103, 2751.8636, 2963.5000, 749.6300, 18.8460
2025-12-02 05:10:34, 0.1045697299, 0.0860299588, 0.2089648062, 0.2386192153, 2755.5385, 2945.9744, 748.0850, 17.4034
2025-12-02 05:10:40, 0.1585551070, 0.1422921716, 0.1974307492, 0.1955198123, 2693.5641, 2795.5897, 747.4050, 18.6175
2025-12-02 05:10:46, 0.0863140109, 0.1129224843, 0.2331861807, 0.2206790277, 2587.2558, 2688.1860, 749.8000, 19.3830
2025-12-02 05:10:51, 0.1178524482, 0.1251064683, 0.1953656238, 0.1937889657, 2530.7170, 2693.2642, 751.3250, 19.8560
2025-12-02 05:10:57, 0.0966701654, 0.0743112666, 0.2404058855, 0.2810980642, 2716.9048, 2865.0714, 747.8800, 18.4479
2025-12-02 05:11:03, 0.0863798739, 0.0973134153, 0.2902682199, 0.3937620581, 2400.6486, 2509.1892, 751.5900, 18.0428
2025-12-02 05:11:09, 0.1225312937, 0.0991983882, 0.2696923355, 0.3110392629, 2705.6226, 2805.7170, 754.6900, 19.0605
2025-12-02 05:11:14, 0.0813704666, 0.1026061154, 0.1611662972, 0.1793673764, 2943.0488, 3103.5854, 750.5400, 19.0294
2025-12-02 05:11:20, 0.1145753327, 0.1003556177, 0.3810726832, 0.3552184477, 2648.1429, 2796.0612, 751.5250, 18.7104
2025-12-02 05:11:26, 0.1286385520, 0.0866997360, 0.1787681006, 0.1592997803, 2962.5833, 3007.8056, 751.4950, 19.4610
2025-12-02 05:11:31, 0.0642600909, 0.0674389662, 0.2117833673, 0.2574920611, 2584.4894, 2763.5957, 749.2800, 17.9143
2025-12-02 05:11:37, 0.0638730403, 0.0634252318, 0.2652851504, 0.1860785753, 2387.6364, 2442.1364, 750.0700, 18.2468
2025-12-02 05:11:43, 0.0875519124, 0.0852037453, 0.1354814144, 0.1407249438, 2632.8529, 2664.7059, 750.1950, 17.7166
2025-12-02 05:11:49, 0.1154229273, 0.0763470667, 0.2654146767, 0.2140878295, 2685.4390, 2733.6341, 751.0350, 19.7064
2025-12-02 05:11:54, 0.0807518653, 0.0655636104, 0.2883258514, 0.2391819566, 2482.5882, 2594.0392, 750.0500, 17.6036
2025-12-02 05:12:00, 0.0646014693, 0.0604814476, 0.1706048878, 0.1519661350, 2216.7381, 2216.4048, 749.6200, 18.5776
2025-12-02 05:12:06, 0.0812817776, 0.1052870542, 0.4730154653, 0.5620457256, 2790.4545, 2838.3636, 750.1950, 18.1363
2025-12-02 05:12:11, 0.1111088908, 0.0677720127, 0.2472846585, 0.2728157435, 2401.6047, 2539.1628, 747.3300, 17.6579
2025-12-02 05:12:17, 0.0836073683, 0.0950233160, 0.3903055206, 0.3236805277, 2721.5366, 2734.8049, 751.6100, 17.2139
2025-12-02 05:12:23, 0.0848157109, 0.1086038424, 0.2090167331, 0.2265694603, 2635.2979, 2855.0851, 752.4250, 16.4382
2025-12-02 05:12:28, 0.1063767326, 0.1317106326, 0.1928009802, 0.2302279388, 2637.3636, 2763.7273, 753.7850, 16.4265
2025-12-02 05:12:34, 0.0766356388, 0.1030526666, 0.3134898171, 0.3532171144, 2494.5472, 2674.5472, 754.0250, 17.1544
2025-12-02 05:12:40, 0.0610669922, 0.0569802477, 0.1632515275, 0.1922874063, 2430.0227, 2468.9318, 752.8750, 16.8469
2025-12-02 05:12:46, 0.1167104310, 0.0784268123, 0.1400841093, 0.1262117072, 2464.7907, 2471.4419, 753.4200, 18.5770
2025-12-02 05:12:51, 0.0741104067, 0.0828355729, 0.1741395371, 0.1547621063, 2498.0652, 2427.1522, 752.4150, 16.7786
2025-12-02 05:12:57, 0.0767272700, 0.0892823736, 0.3251688433, 0.2837924926, 2919.5500, 2979.2000, 753.6250, 19.0112
2025-12-02 05:13:03, 0.0717930292, 0.0834454956, 0.2941529190, 0.2313913029, 2824.5849, 2824.6415, 750.8400, 16.5301
2025-12-02 05:13:09, 0.1126940689, 0.1356774222, 0.1908074257, 0.1774733470, 2924.1389, 3179.4722, 753.0850, 18.4390
2025-12-02 05:13:15, 0.0972146508, 0.1097164732, 0.1382160247, 0.1343628145, 2604.5217, 2636.2391, 754.9800, 18.3123
2025-12-02 05:13:20, 0.1213686578, 0.1144057406, 0.1416453524, 0.1121600289, 2956.4286, 2965.3265, 753.9750, 17.3826
2025-12-02 05:13:26, 0.0822422212, 0.0989371316, 0.1157481644, 0.1180108545, 2667.6970, 2781.6970, 754.3500, 19.8365
2025-12-02 05:13:32, 0.0820551283, 0.0866806361, 0.2350988699, 0.2051940944, 2996.0000, 3123.8261, 755.1350, 17.3795
2025-12-02 05:13:38, 0.1001280058, 0.1135274349, 0.2118338843, 0.1855761948, 2703.6591, 2902.7500, 754.7300, 18.7531
2025-12-02 05:13:44, 0.0868310167, 0.1132173660, 0.1232627488, 0.1533666576, 2736.6863, 3008.0000, 755.3600, 17.5277
2025-12-02 05:13:50, 0.1032919712, 0.0813226191, 0.1862070416, 0.1465497739, 2884.0000, 2969.2500, 751.9450, 18.0743
2025-12-02 05:13:56, 0.0938745430, 0.0886869904, 0.1885633833, 0.1765695666, 2778.2571, 3035.3714, 753.4350, 17.9974
2025-12-02 05:14:01, 0.0999939719, 0.0746944704, 0.1672072803, 0.1664547249, 2625.8889, 2596.2778, 754.9750, 19.3180
2025-12-02 05:14:07, 0.0865388778, 0.0834988210, 0.1411420284, 0.1060124497, 2536.9268, 2599.9268, 755.6700, 18.0109
2025-12-02 05:14:13, 0.0822721245, 0.0963340081, 0.2443424941, 0.1946181977, 2723.7561, 2784.8293, 753.1300, 18.0031
2025-12-02 05:14:19, 0.1075007058, 0.1097808979, 0.2900604727, 0.2056983480, 2836.0714, 2840.8333, 754.3800, 17.4761
2025-12-02 05:14:24, 0.1185507014, 0.1451306525, 0.1496400511, 0.1883570771, 2747.2558, 2916.3488, 754.8950, 16.9577
2025-12-02 05:14:30, 0.0976770157, 0.0905593332, 0.2769382655, 0.2712259640, 2624.4324, 2610.5135, 751.8350, 20.1288
2025-12-02 05:14:36, 0.1144480283, 0.1174997454, 0.1520103156, 0.1817632028, 2661.7000, 2920.0500, 754.6100, 18.1559
2025-12-02 05:14:41, 0.1045441096, 0.1613627958, 0.2764596397, 0.2138696758, 2737.5814, 2768.8372, 756.2050, 17.9862
2025-12-02 05:14:47, 0.0637444102, 0.0692384929, 0.2818474704, 0.3037225332, 2547.3830, 2613.8723, 753.5600, 18.2605
2025-12-02 05:14:53, 0.0972269283, 0.1204877031, 0.1297443677, 0.1631140063, 2404.2683, 2549.0244, 755.7650, 18.1769
2025-12-02 05:14:59, 0.1038487559, 0.0949707541, 0.5383650537, 0.3009520408, 2436.4444, 2301.0444, 755.6000, 16.7786
2025-12-02 05:15:04, 0.1064786074, 0.1183211837, 0.1621620805, 0.1621426210, 2700.7660, 2877.2340, 755.4050, 17.6332
2025-12-02 05:15:10, 0.0941600820, 0.0803624684, 0.2532880004, 0.2101162274, 2442.3143, 2516.4857, 754.5000, 16.6646
2025-12-02 05:15:16, 0.0907073916, 0.1004452256, 0.2486188562, 0.2532940886, 2567.6346, 2660.7885, 757.3150, 19.5096
2025-12-02 05:15:21, 0.1021359136, 0.0722620380, 0.1680632432, 0.1696962284, 3022.1304, 3134.2174, 757.0500, 17.9696
2025-12-02 05:15:27, 0.0868633739, 0.0803542121, 0.2906908626, 0.2833343664, 2898.0250, 3151.6250, 759.1800, 18.9530
2025-12-02 05:15:33, 0.1288398934, 0.1727489719, 0.2340596117, 0.2447778753, 2810.7872, 3011.5745, 754.4300, 18.8832
2025-12-02 05:15:39, 0.1065094503, 0.0800176356, 0.2281027646, 0.2067749826, 2930.6389, 2812.1944, 761.3450, 18.9345
2025-12-02 05:15:45, 0.1056645948, 0.0963190769, 0.3244173294, 0.2733484167, 2403.6596, 2479.9149, 762.0450, 19.5469
2025-12-02 05:15:50, 0.1226895922, 0.1490383536, 0.2047985871, 0.1431632089, 3059.5349, 3059.8605, 760.0000, 19.0940
2025-12-02 05:15:56, 0.0989304869, 0.0981068309, 0.4818931371, 0.2311957488, 2473.3000, 2493.1750, 761.4050, 18.8027
2025-12-02 05:16:02, 0.1241923138, 0.1149093872, 0.1749821870, 0.2116135798, 2353.0000, 2528.4634, 761.2450, 19.3146
2025-12-02 05:16:07, 0.1232850284, 0.1213954822, 0.2468012683, 0.2365212072, 2862.6000, 2975.3778, 764.3400, 19.4750
2025-12-02 05:16:13, 0.1114521339, 0.1459012081, 0.1574654223, 0.1646308241, 2574.4359, 2668.7436, 763.8500, 19.3747
2025-12-02 05:16:20, 0.0935106970, 0.1380153444, 0.3572460804, 0.3523768998, 2858.9394, 2887.0000, 762.2300, 20.0922
2025-12-02 05:16:25, 0.1249031216, 0.1365371310, 0.3647238294, 0.3969080377, 2596.1765, 2682.5588, 764.3750, 21.5959
2025-12-02 05:16:31, 0.1250359985, 0.1106670316, 0.1794247199, 0.1453445478, 2440.7222, 2608.3333, 760.3000, 20.4856
2025-12-02 05:16:37, 0.0741523627, 0.0807430317, 0.2889953735, 0.2949694982, 2637.8605, 2714.0698, 760.5100, 19.1238
2025-12-02 05:16:42, 0.0776213342, 0.1017965173, 0.3447933704, 0.3418609370, 2704.3043, 2732.4130, 764.5000, 18.9629
2025-12-02 05:16:48, 0.0675771650, 0.0805995363, 0.3067770590, 0.3185924929, 2779.6122, 2746.1429, 762.9000, 19.7588
2025-12-02 05:16:54, 0.0697890083, 0.0896821276, 0.2790431124, 0.3046033367, 2630.1176, 2800.1569, 759.4100, 18.1915
2025-12-02 05:17:00, 0.0626982076, 0.0690112695, 0.1636897363, 0.1733566078, 2746.9474, 2742.2105, 766.8150, 20.5436
2025-12-02 05:17:05, 0.0784695898, 0.0890815773, 0.1786355131, 0.2136855486, 2248.6316, 2358.5000, 766.4700, 21.9952
2025-12-02 05:17:11, 0.1038813749, 0.1009404549, 0.2284350234, 0.2732120182, 2529.6250, 2686.5417, 765.4350, 19.3553
2025-12-02 05:17:17, 0.1153048888, 0.1301547302, 0.2149354731, 0.2080299917, 2547.0222, 2618.4000, 764.3650, 21.9352
2025-12-02 05:17:23, 0.1271557664, 0.1422356604, 0.2112427784, 0.2303643397, 2590.1724, 2670.2414, 766.8400, 19.1534
2025-12-02 05:17:28, 0.1029123662, 0.0961183216, 0.4930986857, 0.4797275963, 2622.2750, 2654.8500, 765.7950, 21.0055
2025-12-02 05:17:34, 0.1009926354, 0.0700879866, 0.3466551411, 0.3989961325, 2682.5106, 2742.8298, 760.2000, 21.5065
2025-12-02 05:17:40, 0.1044473272, 0.0919535728, 0.1887013785, 0.2002004410, 2244.6222, 2253.9778, 762.0400, 20.7026
2025-12-02 05:17:46, 0.0878763827, 0.0834475402, 0.2375734763, 0.2740490660, 2567.1163, 2555.6977, 762.6800, 20.1258
2025-12-02 05:17:51, 0.0886725359, 0.1099678203, 0.1884400135, 0.1840282125, 2424.4500, 2577.3250, 759.3000, 18.9974
2025-12-02 05:17:58, 0.0874099367, 0.0922994435, 0.2055757471, 0.2116982829, 2461.4000, 2472.6200, 757.9550, 18.9474
2025-12-02 05:18:03, 0.1008005455, 0.0865570759, 0.2112600070, 0.2518569903, 2668.5946, 2839.6486, 761.3950, 21.3527
2025-12-02 05:18:09, 0.0936155558, 0.1085243283, 0.1456651289, 0.1260739536, 2352.7619, 2481.9048, 760.0100, 19.7773
2025-12-02 05:18:15, 0.1020476692, 0.0902497722, 0.2411145445, 0.2832257473, 2684.7778, 2906.0667, 758.6250, 20.7069
2025-12-02 05:18:20, 0.1492773876, 0.1085508413, 0.0576936723, 0.0820646783, 2296.8824, 2518.5000, 754.5800, 19.7647
2025-12-02 05:18:26, 0.1157772384, 0.0921672784, 0.3378640151, 0.3271120741, 2831.0400, 2927.0800, 759.4750, 19.9840
2025-12-02 05:18:32, 0.1662921339, 0.1486130217, 0.2220326545, 0.1948276966, 2755.4783, 2740.1739, 759.5300, 20.0863
2025-12-02 05:18:38, 0.1438760604, 0.1224533716, 0.1389134558, 0.1563562881, 2715.7059, 2864.5588, 758.0200, 19.3311
2025-12-02 05:18:44, 0.0980652996, 0.1256701454, 0.2455162617, 0.2586443684, 2651.5532, 2723.0851, 760.9050, 19.9120
2025-12-02 05:18:49, 0.1196509580, 0.2234896246, 0.2065465437, 0.3259895968, 2552.1471, 2807.1176, 754.3400, 17.1448
2025-12-02 05:18:55, 0.1292494008, 0.1517782010, 0.2400879245, 0.2205474356, 2808.6585, 2876.1951, 752.2000, 18.3038
2025-12-02 05:19:01, 0.1044203833, 0.1504863773, 0.1353252899, 0.1446669266, 2312.6286, 2405.6571, 755.2250, 16.9016
2025-12-02 05:19:07, 0.1339154200, 0.1568493038, 0.1211512728, 0.1315108755, 2851.9412, 3088.5294, 753.6750, 19.2101
2025-12-02 05:19:12, 0.0952272017, 0.1257189710, 0.2059626254, 0.1870396578, 2492.2308, 2590.9038, 753.8100, 18.2580
2025-12-02 05:19:18, 0.1215572301, 0.1172236282, 0.2062925991, 0.1789133155, 2792.0270, 2930.7297, 752.5950, 17.9092
2025-12-02 05:19:24, 0.0911284501, 0.1172545279, 0.2886543591, 0.2426356050, 2858.5366, 2757.4878, 756.3150, 17.1632
2025-12-02 05:19:29, 0.1514012719, 0.1089239725, 0.1745589534, 0.1786875686, 2713.9268, 2898.9512, 755.0500, 18.6357
2025-12-02 05:19:35, 0.1301525037, 0.1120779744, 0.2100194744, 0.2076606589, 2804.2857, 2797.9143, 753.5300, 17.8168
2025-12-02 05:19:41, 0.1232927774, 0.1194938139, 0.1497042255, 0.2004940049, 2617.6591, 2822.7045, 755.4350, 18.4069
2025-12-02 05:19:47, 0.1005237576, 0.0968032286, 0.3907732890, 0.3252737422, 2477.5161, 2531.4516, 755.7000, 18.3546
2025-12-02 05:19:52, 0.0834822972, 0.0895870222, 0.4953686634, 0.3678362909, 2800.8049, 2807.2927, 755.8100, 18.8341
2025-12-02 05:19:58, 0.1598926145, 0.1902998703, 0.2128773295, 0.1680406623, 2837.8936, 2934.3404, 755.3500, 18.6209
2025-12-02 05:20:04, 0.1382702967, 0.1806898291, 0.1391885337, 0.1414953208, 2876.2143, 3059.2381, 754.4150, 17.6899
2025-12-02 05:20:10, 0.1317749050, 0.1096172394, 0.1675450127, 0.1944154518, 2830.2105, 3022.4474, 754.7800, 19.2170
2025-12-02 05:20:15, 0.1169309580, 0.1153026193, 0.2082714884, 0.2174132201, 2760.3590, 2995.7692, 758.3250, 17.7491
2025-12-02 05:20:21, 0.1226887282, 0.1097488536, 0.2030025326, 0.1601948013, 2709.2059, 2654.5294, 762.5700, 19.9275
2025-12-02 05:20:27, 0.1465039353, 0.1124757626, 0.1188187406, 0.1126357839, 3006.6596, 3101.2340, 762.8700, 18.7551
2025-12-02 05:20:33, 0.1294547613, 0.1226306744, 0.1272369008, 0.1038654008, 2641.3902, 2818.0488, 763.5500, 16.8931
2025-12-02 05:20:39, 0.1170549787, 0.0846903233, 0.1789718284, 0.2344522152, 2522.1026, 2857.6410, 759.0900, 19.0395
2025-12-02 05:20:45, 0.0847404430, 0.0936623709, 0.2147957059, 0.2268861933, 2783.7895, 2943.0526, 761.1300, 17.8164
2025-12-02 05:20:50, 0.1141792884, 0.1005663046, 0.1409146218, 0.1568294126, 2573.4194, 2690.7742, 763.4500, 20.0531
2025-12-02 05:20:56, 0.0941630057, 0.1127156629, 0.1791314425, 0.2106246071, 2557.0227, 2779.5227, 753.5700, 17.3535
2025-12-02 05:21:02, 0.1229784926, 0.1279732847, 0.2305485286, 0.2000551543, 2902.0857, 2882.7429, 756.2300, 19.3434
2025-12-02 05:21:08, 0.0798524630, 0.0869385788, 0.1701023392, 0.1658396029, 2566.2619, 2705.1429, 757.2100, 18.6624
2025-12-02 05:21:13, 0.0953617219, 0.1111064391, 0.2139304415, 0.1939646372, 2696.8421, 2741.5263, 756.5300, 18.8926
2025-12-02 05:21:19, 0.1086779055, 0.0847231956, 0.1894439400, 0.1402908617, 2806.2558, 2807.4419, 758.7250, 18.2145
2025-12-02 05:21:25, 0.0726789453, 0.0684958388, 0.1419158870, 0.2124646229, 2325.1667, 2441.1042, 754.8550, 17.4973
2025-12-02 05:21:30, 0.0776447200, 0.0791703685, 0.2040269783, 0.2276833771, 2561.5897, 2639.7436, 749.8800, 17.8386
2025-12-02 05:21:36, 0.0931232085, 0.0811555111, 0.1781811048, 0.1761548514, 2644.5652, 2804.7174, 752.4650, 18.8433
2025-12-02 05:21:42, 0.0898049318, 0.0827665658, 0.1957338129, 0.1831120938, 2520.2326, 2528.2326, 750.3150, 20.5673
2025-12-02 05:21:48, 0.0041745462, 0.0013935914, 0.0699016908, 0.1159034718, 622.4000, 611.0000, 752.1200, 19.6702
2025-12-02 05:38:45, 0.0022858975, 0.0005813157, 0.0076988011, 0.0001166218, 702.0000, 757.3333, 736.8550, 17.5472
2025-12-02 06:13:21, 0.0027603617, 0.0007242163, 0.0237636315, 0.0243704097, 711.5000, 694.0000, 743.4350, 18.0348
