timestamp_UT, r0_L, r0_T, scint_L, scint_R, mean_counts_L, mean_counts_R, bg_flux_mean, bg_flux_std
2025-12-03 17:42:19, 0.0447418383, 0.0382659940, 0.1101972298, 0.1096866798, 2852.5652, 2684.0145, 817.8600, 18.7641
2025-12-03 17:42:25, 0.0385859482, 0.0345998495, 0.1554206451, 0.1309412821, 2950.3387, 2738.1935, 817.2550, 19.3768
2025-12-03 17:42:31, 0.0438836028, 0.0342271376, 0.1098562753, 0.1037766793, 2792.2687, 2803.8209, 815.3250, 19.5699
2025-12-03 17:42:37, 0.0396378660, 0.0354621516, 0.0930627606, 0.1148270284, 2954.8873, 2870.5352, 817.4550, 20.0780
2025-12-03 17:42:43, 0.0345592020, 0.0357764088, 0.1144543403, 0.1058797621, 2891.9242, 2737.8485, 812.2300, 19.3064
2025-12-03 17:42:49, 0.0715067839, 0.0646754610, 0.0849971454, 0.0833375626, 2782.0154, 2728.7385, 810.8050, 19.7951
2025-12-03 17:42:56, 0.0605931878, 0.0642213082, 0.1345114071, 0.1185053281, 3278.7222, 3160.2963, 809.8500, 21.0736
2025-12-03 17:43:02, 0.0729667015, 0.0684959089, 0.1537142543, 0.1244190447, 2679.5946, 2594.6622, 807.4350, 19.3635
2025-12-03 17:43:08, 0.0968963297, 0.0947901860, 0.0916637581, 0.0712255326, 2793.7692, 2763.8846, 808.5250, 19.2974
2025-12-03 17:43:14, 0.0646093722, 0.0824475784, 0.1381512652, 0.1454076069, 3056.7612, 3039.9254, 804.9600, 19.9489
2025-12-03 17:43:20, 0.0808032703, 0.0674164652, 0.0822661698, 0.0837850782, 2980.6964, 2882.5179, 805.8950, 17.3978
2025-12-03 17:43:26, 0.0522989076, 0.0718528608, 0.1149619209, 0.0992856387, 3110.9636, 2960.9455, 801.9300, 19.0191
2025-12-03 17:43:32, 0.0708547806, 0.0700044653, 0.1349237356, 0.1071870959, 3237.9333, 3076.1778, 806.8000, 20.5482
2025-12-03 17:43:38, 0.0466538307, 0.0759440114, 0.0834257726, 0.0657180554, 2805.1250, 2677.2292, 808.2400, 18.3495
2025-12-03 17:43:44, 0.0833924946, 0.0805853745, 0.1239811980, 0.1060223159, 2909.9636, 2786.7818, 808.1700, 19.7649
2025-12-03 17:43:50, 0.0669533446, 0.0615073102, 0.1160935253, 0.1244950063, 2995.2239, 2898.2836, 806.9000, 20.8024
2025-12-03 17:43:57, 0.0599483169, 0.0503481676, 0.1111070048, 0.0953261511, 2851.0196, 2686.5098, 805.8650, 20.4538
2025-12-03 17:44:03, 0.0455398783, 0.0359313814, 0.0818083492, 0.0747043391, 2803.1356, 2551.3390, 802.5000, 20.0250
2025-12-03 17:44:09, 0.0635445356, 0.0583915103, 0.1142263796, 0.1282467225, 2589.0169, 2475.6271, 803.3700, 18.1349
2025-12-03 17:44:15, 0.0610307855, 0.0481474882, 0.0686688636, 0.0802486959, 3058.2222, 3007.0159, 804.5900, 19.2687
2025-12-03 17:44:21, 0.0531134950, 0.0488405292, 0.0796687561, 0.0836080023, 2773.3548, 2783.5000, 803.9250, 19.3623
2025-12-03 17:44:27, 0.0604758626, 0.0552761995, 0.1276871609, 0.1173395243, 2857.6000, 2799.5385, 805.4500, 20.1905
2025-12-03 17:44:33, 0.0595771235, 0.0447157525, 0.1016453434, 0.1002478116, 3089.6176, 2941.1618, 801.7150, 20.5566
2025-12-03 17:44:40, 0.0567899528, 0.0408169140, 0.1083897251, 0.1091429964, 2999.7045, 2898.0682, 800.7850, 19.3251
2025-12-03 17:44:45, 0.0298511263, 0.0329205704, 0.1715147332, 0.1038882485, 3414.9138, 2947.8621, 798.9700, 19.2647
2025-12-03 17:44:51, 0.0389055269, 0.0406762058, 0.1718811324, 0.2216753074, 2984.0484, 2958.9355, 802.1000, 20.1695
2025-12-03 17:44:58, 0.0506921326, 0.0603415077, 0.0966927475, 0.0867361315, 2968.8400, 2930.1800, 801.8250, 18.7578
2025-12-03 17:45:04, 0.0436889015, 0.0351459601, 0.1133714999, 0.1105065859, 3029.9259, 2969.4815, 801.6300, 20.1867
2025-12-03 17:45:10, 0.0387048412, 0.0466425608, 0.1257667706, 0.0870336419, 2903.5000, 2641.2586, 797.5850, 20.3608
2025-12-03 17:45:16, 0.0648749938, 0.0539362284, 0.1490713272, 0.1111786444, 3066.9841, 3115.9841, 800.5050, 19.2473
2025-12-03 17:45:22, 0.0544594179, 0.0467952263, 0.0863065958, 0.1085207467, 2930.2075, 2959.3774, 799.6200, 19.8511
2025-12-03 17:45:28, 0.0570186851, 0.0422434651, 0.1070048611, 0.1222078814, 2834.9107, 2846.7321, 800.8650, 17.7864
2025-12-03 17:45:34, 0.0388566045, 0.0440397486, 0.0992235270, 0.1013083752, 3037.4030, 2893.4776, 795.1050, 20.5622
2025-12-03 17:45:40, 0.0285871884, 0.0298182272, 0.1112096771, 0.1088252294, 2637.6957, 2525.1739, 799.9200, 19.0550
2025-12-03 17:45:46, 0.0710284155, 0.0580280424, 0.1777140982, 0.2290556526, 2994.5660, 2904.6415, 792.4300, 20.1672
2025-12-03 17:45:52, 0.0452455054, 0.0556432215, 0.1063109359, 0.0755372059, 2770.6806, 2670.8750, 793.8550, 19.0403
2025-12-03 17:45:58, 0.0640844339, 0.0519362388, 0.1108626319, 0.1200426354, 3048.0377, 2972.4717, 792.3450, 20.7641
2025-12-03 17:46:04, 0.0615904511, 0.0593113568, 0.1174742025, 0.1502224281, 3104.7167, 3055.8000, 791.7450, 20.9124
2025-12-03 17:46:10, 0.0617797661, 0.0558572177, 0.0931405818, 0.0916785707, 2667.5075, 2603.3284, 792.1850, 19.9111
2025-12-03 17:46:16, 0.0611870105, 0.0505216579, 0.1307139559, 0.1758661545, 2854.7083, 2744.0000, 793.4450, 20.0406
2025-12-03 17:46:23, 0.0448688728, 0.0508534818, 0.1662970414, 0.1141868115, 3056.3968, 2837.0476, 794.9050, 20.9811
2025-12-03 17:46:29, 0.0547388754, 0.0639012806, 0.1847032994, 0.1788116957, 3192.8148, 3121.0185, 790.2750, 17.8597
2025-12-03 17:46:35, 0.0699284864, 0.0706040672, 0.1622858193, 0.2155070244, 3148.0448, 3087.7313, 793.5650, 20.6878
2025-12-03 17:46:41, 0.0767782395, 0.0704537232, 0.1171750974, 0.0974309888, 2986.5797, 2919.3043, 790.1650, 18.0648
2025-12-03 17:46:47, 0.0770083353, 0.0724918890, 0.1168492684, 0.1138898605, 2818.2449, 2711.7347, 791.9200, 20.6868
2025-12-03 17:46:53, 0.0684306267, 0.0591163949, 0.1349054162, 0.1474199632, 3064.4681, 2906.1064, 790.4400, 20.0194
2025-12-03 17:46:59, 0.0566188096, 0.0655056322, 0.0878192552, 0.0938346919, 2745.8507, 2689.9552, 786.6000, 19.0997
2025-12-03 17:47:05, 0.0464524464, 0.0530390076, 0.1531178307, 0.1173485442, 3084.7143, 2993.4762, 790.6250, 20.6578
2025-12-03 17:47:11, 0.0507703706, 0.0475737152, 0.1260504562, 0.1467184911, 2978.6912, 2898.8971, 788.8000, 21.2002
2025-12-03 17:47:17, 0.0753217522, 0.0715430410, 0.1236998612, 0.1372060723, 2836.3571, 2862.8143, 783.0750, 17.9153
2025-12-03 17:47:23, 0.0490018316, 0.0613887167, 0.1117519029, 0.0970393226, 3009.6078, 2943.7647, 782.1500, 20.6395
2025-12-03 17:47:29, 0.0463832733, 0.0471992684, 0.1272803560, 0.1376631957, 2842.8667, 2783.7833, 784.0000, 17.8874
2025-12-03 17:47:35, 0.0454827972, 0.0413816997, 0.1092248574, 0.1346118496, 2993.3594, 2922.9375, 777.7250, 16.4960
2025-12-03 17:47:41, 0.0500141959, 0.0511139336, 0.1112990939, 0.0853101263, 2931.0156, 2883.3125, 779.4950, 16.9617
2025-12-03 17:47:47, 0.0388583435, 0.0345326569, 0.1147363943, 0.1156791579, 2740.0000, 2822.1846, 777.4050, 17.5793
2025-12-03 17:47:53, 0.0393268762, 0.0331942300, 0.1519937590, 0.1437398988, 3091.7000, 2897.8857, 779.7050, 18.3272
2025-12-03 17:47:59, 0.0386350176, 0.0359311882, 0.0918020000, 0.1106149972, 2664.0571, 2703.4286, 778.0600, 19.1208
2025-12-03 17:48:05, 0.0375890735, 0.0340692524, 0.0839136479, 0.1057593634, 2917.1231, 2800.9692, 778.5500, 19.0947
2025-12-03 17:48:11, 0.0422817680, 0.0305547260, 0.1302687535, 0.1205684875, 2763.2917, 2602.7778, 782.7500, 21.2743
2025-12-03 17:48:18, 0.0305296706, 0.0278622761, 0.0945588816, 0.0648745827, 3011.0833, 2862.7500, 780.8900, 20.0671
2025-12-03 17:48:24, 0.0481763891, 0.0442945275, 0.1078997568, 0.0884350520, 2906.9206, 2830.4286, 778.7750, 18.0415
2025-12-03 17:48:30, 0.0615042437, 0.0669518366, 0.1388673389, 0.1114465738, 3032.3571, 2849.6857, 778.6800, 19.1211
2025-12-03 17:48:36, 0.0469899288, 0.0468925990, 0.1053004716, 0.1133848933, 2712.9649, 2658.8421, 777.3750, 17.2761
2025-12-03 17:48:42, 0.0772383307, 0.0629343975, 0.1918965741, 0.1749525263, 3080.3016, 2986.6984, 777.5750, 18.4387
2025-12-03 17:48:48, 0.0458855692, 0.0664020717, 0.1355329815, 0.0972126105, 3080.6970, 2962.9242, 776.3650, 18.5729
2025-12-03 17:48:54, 0.0464847375, 0.0548073483, 0.1306257942, 0.0971917764, 2917.9245, 2637.8868, 780.2850, 19.8377
2025-12-03 17:49:00, 0.0566018549, 0.0573026067, 0.0898140059, 0.0718751959, 2847.0294, 2626.7794, 780.8300, 18.2168
2025-12-03 17:49:06, 0.0581036658, 0.0454848373, 0.1448503533, 0.0887722581, 2679.2615, 2529.5385, 780.1700, 17.9025
2025-12-03 17:49:12, 0.0386011523, 0.0508718410, 0.1073936806, 0.0843333263, 2901.6078, 2873.4706, 780.3900, 19.7504
2025-12-03 17:49:18, 0.0810715610, 0.0812910597, 0.1370718043, 0.1348412367, 2961.5000, 3103.0577, 778.3650, 18.8075
2025-12-03 17:49:24, 0.0582797718, 0.0624700720, 0.1703949269, 0.3379971206, 2796.5692, 2832.4308, 777.8600, 17.9697
2025-12-03 17:49:30, 0.0525423112, 0.0483265877, 0.1450780328, 0.1076657316, 3087.5873, 2892.4286, 777.0200, 18.7510
2025-12-03 17:49:36, 0.0723712212, 0.0633374383, 0.1077030319, 0.1288976303, 2957.2593, 2981.6296, 777.3350, 18.5576
2025-12-03 17:49:42, 0.0747925145, 0.0719430607, 0.0913856171, 0.1111070969, 2665.9524, 2706.2222, 772.6850, 18.0706
2025-12-03 17:49:48, 0.0843339912, 0.0779837266, 0.1382092543, 0.1298835205, 2798.0294, 2749.2647, 775.6950, 19.1628
2025-12-03 17:49:54, 0.0394995988, 0.0514907843, 0.1156267477, 0.1374073245, 2979.5455, 2791.1212, 772.2900, 18.5727
2025-12-03 17:50:01, 0.0591712325, 0.0559227894, 0.1172243527, 0.0997534815, 2622.1860, 2579.8140, 773.5900, 20.0093
2025-12-03 17:50:07, 0.0661396683, 0.0608157023, 0.0999174367, 0.0949320276, 2986.0185, 2945.3519, 775.4150, 18.5336
2025-12-03 17:50:13, 0.0481204042, 0.0548501850, 0.1171728059, 0.1091343784, 2865.5342, 2962.0685, 773.6850, 20.6285
2025-12-03 17:50:18, 0.0625575924, 0.0563411812, 0.0819439930, 0.0707474095, 2711.4429, 2707.2857, 771.7900, 16.9525
2025-12-03 17:50:25, 0.0731383044, 0.0611105921, 0.1481082369, 0.0969816631, 3088.9104, 3032.5672, 771.1450, 18.3353
2025-12-03 17:50:31, 0.0525240388, 0.0542993949, 0.1104466847, 0.1105583455, 2760.5254, 2695.4407, 772.5400, 16.5921
2025-12-03 17:50:37, 0.0732409181, 0.0630902766, 0.1163088831, 0.1234668760, 2834.1639, 2758.3934, 771.9250, 19.4064
2025-12-03 17:50:43, 0.0504278294, 0.0733407128, 0.0844944767, 0.0875926599, 2876.2258, 2743.8387, 770.8000, 18.9982
2025-12-03 17:50:49, 0.0475831798, 0.0340227834, 0.0866450976, 0.0897679718, 2837.1571, 2845.9286, 772.1300, 18.6073
2025-12-03 17:50:54, 0.0499633493, 0.0573755160, 0.1292501575, 0.1434929173, 2748.8906, 2698.4375, 771.7150, 22.7871
2025-12-03 17:51:01, 0.1123000761, 0.0710197655, 0.0913954836, 0.0777962175, 2652.0702, 2608.3509, 771.5150, 18.0950
2025-12-03 17:51:07, 0.0589674300, 0.0545102485, 0.1200571998, 0.1132293905, 2937.1864, 2826.2373, 771.9950, 18.1197
2025-12-03 17:51:13, 0.0670702217, 0.0775956996, 0.1488489115, 0.1335244649, 2782.7857, 2874.8286, 772.5150, 18.3229
2025-12-03 17:51:19, 0.0575467617, 0.0664991990, 0.1448674778, 0.1530620058, 2816.5072, 2767.4058, 771.3700, 17.9776
2025-12-03 17:51:25, 0.0400274237, 0.0482173452, 0.1854141320, 0.1972076172, 2964.0714, 2797.7381, 773.1750, 20.2969
2025-12-03 17:51:31, 0.0526795156, 0.0387229164, 0.1331633480, 0.1340562212, 2687.9825, 2720.0877, 771.5750, 18.5931
2025-12-03 17:51:37, 0.0433544447, 0.0522413215, 0.1760073981, 0.1719231036, 2713.1273, 2641.4364, 771.0350, 17.3503
2025-12-03 17:51:43, 0.0537856165, 0.0526196421, 0.2147390520, 0.2135777920, 2934.2167, 3000.9500, 771.3350, 19.1390
2025-12-03 17:51:49, 0.0543729978, 0.0539795610, 0.2141102276, 0.2272439046, 2750.6964, 2676.5893, 773.0200, 19.5558
2025-12-03 17:51:55, 0.0613595283, 0.0565822843, 0.1340833982, 0.1584932134, 3083.8367, 2988.6939, 774.3600, 18.0264
2025-12-03 17:52:01, 0.0387204554, 0.0384429674, 0.3617924136, 0.3111273153, 2894.9194, 2759.0161, 774.7050, 18.8872
2025-12-03 17:52:07, 0.0512051670, 0.0509886972, 0.3484684563, 0.2758789710, 3001.2909, 2863.9273, 775.2600, 19.1552
2025-12-03 17:52:13, 0.0466316534, 0.0531043605, 0.1799318601, 0.1520956781, 2565.2264, 2457.3962, 771.5850, 18.5314
2025-12-03 17:52:19, 0.0727266328, 0.0711990903, 0.1632702013, 0.1599571221, 3133.6471, 3203.0784, 773.6500, 17.8109
2025-12-03 17:52:24, 0.0354526157, 0.0374001151, 0.2357367502, 0.2212644729, 2865.2586, 2764.6552, 773.4200, 18.6894
2025-12-03 17:52:30, 0.0482332779, 0.0473075142, 0.1020445571, 0.1167422888, 3000.2500, 2954.0167, 776.0400, 21.1163
2025-12-03 17:52:37, 0.0467523566, 0.0530634444, 0.1645944836, 0.1194695782, 2357.2727, 2312.4318, 775.6450, 18.6459
2025-12-03 17:52:43, 0.0624075757, 0.0613197943, 0.1396660610, 0.1575183337, 2937.0862, 2908.0172, 775.3300, 19.3443
2025-12-03 17:52:49, 0.0474641953, 0.0467235012, 0.1926425465, 0.1928575947, 2868.4912, 2874.8421, 776.4250, 19.7546
2025-12-03 17:52:55, 0.0713217224, 0.0589449956, 0.0965563489, 0.1347925032, 2952.0500, 2962.1333, 777.7150, 18.2407
2025-12-03 17:53:01, 0.0406176029, 0.0441754951, 0.1336944464, 0.1205792919, 2739.3810, 2814.1746, 776.9250, 19.0895
2025-12-03 17:53:06, 0.0628401266, 0.0601187834, 0.1092151849, 0.1092000384, 3093.5263, 3059.1754, 775.8450, 19.8409
2025-12-03 17:53:13, 0.0697529834, 0.0807389580, 0.1343021964, 0.1811764455, 3035.5211, 3059.7183, 771.5650, 17.4249
2025-12-03 17:53:19, 0.0582162902, 0.0533155798, 0.1784074280, 0.1722990381, 2877.6042, 2748.3958, 774.1150, 18.2305
2025-12-03 17:53:25, 0.0583567714, 0.0707662918, 0.1423545190, 0.1152047609, 2587.3833, 2590.2500, 775.1200, 18.7066
2025-12-03 17:53:30, 0.0678339045, 0.0653337399, 0.1632756866, 0.1414533104, 2605.9000, 2541.7000, 770.2850, 19.0773
2025-12-03 17:53:36, 0.0454044930, 0.0497694667, 0.1377126247, 0.1155394069, 2742.3492, 2718.1429, 768.5750, 17.7151
2025-12-03 17:53:43, 0.0408648394, 0.0337329717, 0.1725824935, 0.1631030268, 2584.7576, 2616.4091, 768.7750, 18.5436
2025-12-03 17:53:49, 0.0536635651, 0.0457536602, 0.1984490684, 0.2246868536, 2759.0192, 2772.7692, 770.3450, 18.3043
2025-12-03 17:53:55, 0.0479605674, 0.0406953007, 0.1350399713, 0.1256988981, 3016.0000, 3078.0896, 765.8600, 18.7000
2025-12-03 17:54:01, 0.0468722593, 0.0373334936, 0.1244800627, 0.1315471722, 2770.3000, 2614.6800, 769.1000, 20.2524
2025-12-03 17:54:07, 0.0390101784, 0.0324454963, 0.1650706216, 0.1538621990, 2694.4531, 2680.4219, 770.0300, 19.1559
2025-12-03 17:54:12, 0.0613204797, 0.0459310000, 0.2128319405, 0.2878609050, 2839.9057, 2872.6038, 769.5300, 19.9482
2025-12-03 17:54:18, 0.0387555123, 0.0360809840, 0.2487210312, 0.2058075671, 2612.7018, 2555.9474, 764.8100, 19.0067
2025-12-03 17:54:24, 0.0377313032, 0.0402293398, 0.1332798868, 0.1055391741, 2532.7255, 2430.3137, 767.5850, 17.8682
2025-12-03 17:54:30, 0.0509133067, 0.0353653469, 0.1385151857, 0.1435638793, 2913.9016, 3044.4754, 767.7150, 18.8816
2025-12-03 17:54:36, 0.0454716897, 0.0443862635, 0.1430693367, 0.1595541086, 2734.3600, 2689.5200, 766.8450, 17.8432
2025-12-03 17:54:42, 0.0513210993, 0.0653555646, 0.3149355664, 0.2577551617, 2931.7692, 2902.7692, 768.3850, 18.3335
2025-12-03 17:54:48, 0.0517182398, 0.0458523835, 0.1932072792, 0.1760800207, 2925.9818, 2854.6364, 764.6100, 18.8432
2025-12-03 17:54:54, 0.0505501064, 0.0558498114, 0.3218433727, 0.4072294235, 2693.8542, 2701.7500, 766.9900, 16.6781
2025-12-03 17:55:00, 0.0535900584, 0.0546243917, 0.2415952747, 0.2498896807, 3094.1296, 3154.6667, 767.6550, 17.0999
2025-12-03 17:55:06, 0.0357161234, 0.0327847319, 0.2074393446, 0.1274773177, 2403.4510, 2378.3725, 764.5500, 18.1328
2025-12-03 17:55:12, 0.0355223756, 0.0345154895, 0.2218035056, 0.2450758465, 2477.2653, 2434.8980, 771.2600, 19.4795
2025-12-03 17:55:18, 0.0305506527, 0.0345392631, 0.1501208128, 0.1347797995, 2676.1864, 2677.1186, 769.4700, 17.7755
2025-12-03 17:55:24, 0.0523753369, 0.0524227460, 0.4223816454, 0.2645423112, 3013.7273, 2796.2500, 769.9850, 20.4153
2025-12-03 17:55:30, 0.0554351897, 0.0444779433, 0.1108458164, 0.1517733571, 2785.8269, 2798.3462, 771.6050, 18.2844
2025-12-03 17:55:36, 0.0399384856, 0.0429077875, 0.2316162639, 0.1916459401, 2672.0179, 2540.1250, 770.7000, 19.5944
2025-12-03 17:55:42, 0.0590429511, 0.0461941542, 0.1324298270, 0.1433412631, 2807.0204, 2725.2245, 771.0750, 20.6794
2025-12-03 17:55:48, 0.0500515751, 0.0466271697, 0.1677673728, 0.1439146257, 2584.2241, 2632.4828, 773.9450, 18.9098
2025-12-03 17:55:54, 0.0375406516, 0.0376923586, 0.1839311390, 0.2101620553, 2755.6557, 2770.7213, 773.2350, 19.1272
2025-12-03 17:56:00, 0.0371360007, 0.0366070333, 0.1912153507, 0.1442006576, 2602.7593, 2501.2963, 771.1250, 18.0748
2025-12-03 17:56:06, 0.0284848384, 0.0304492207, 0.1133858333, 0.1164272134, 2616.5897, 2531.4231, 770.2400, 19.0731
2025-12-03 17:56:12, 0.0376113514, 0.0375438370, 0.1521759334, 0.1506549629, 2671.1250, 2552.4375, 776.6000, 20.0449
2025-12-03 17:56:18, 0.0339578868, 0.0275911553, 0.1512000676, 0.1801481958, 2994.8627, 2782.6667, 777.2600, 21.5224
2025-12-03 17:56:24, 0.0426580151, 0.0374975295, 0.1824255870, 0.1326750189, 2663.4528, 2636.9434, 776.7050, 20.0479
2025-12-03 17:56:30, 0.0527665873, 0.0376457698, 0.1517715060, 0.1680165789, 2629.3077, 2658.0923, 778.2300, 20.3565
2025-12-03 17:56:36, 0.0412984921, 0.0400489267, 0.1456629691, 0.1544579120, 2669.5094, 2756.8302, 775.6000, 19.9239
2025-12-03 17:56:42, 0.0434975234, 0.0394939770, 0.1350736468, 0.1458817237, 2722.0154, 2730.5385, 777.4550, 20.6138
2025-12-03 17:56:48, 0.0537097509, 0.0436831351, 0.0914098854, 0.1157813535, 2963.0182, 2816.3818, 778.1900, 19.1727
2025-12-03 17:56:53, 0.0513253921, 0.0364289739, 0.1051160295, 0.1166733681, 2706.6271, 2587.5763, 775.4900, 21.4114
2025-12-03 17:56:59, 0.0481490667, 0.0562462215, 0.1494283801, 0.1551068436, 2974.6780, 2978.1525, 777.4200, 21.0534
2025-12-03 17:57:05, 0.0536825831, 0.0535926390, 0.1117635926, 0.1428256117, 2911.2642, 2795.8679, 778.2500, 20.6704
2025-12-03 17:57:11, 0.0400713968, 0.0353687855, 0.1073873660, 0.1633334270, 2906.5000, 2884.4231, 776.0350, 20.8812
2025-12-03 17:57:17, 0.0487712701, 0.0478141954, 0.1814852408, 0.1714487825, 3247.5741, 3213.7963, 775.5100, 21.3677
2025-12-03 17:57:23, 0.0911257942, 0.0783744562, 0.1511699396, 0.1531055264, 2898.8305, 2781.6102, 778.6100, 18.9401
2025-12-03 17:57:29, 0.0790538892, 0.0721806548, 0.1060707305, 0.1379308101, 2706.7818, 2718.0364, 775.0950, 16.8302
2025-12-03 17:57:35, 0.0634689601, 0.0593581445, 0.1544579682, 0.1434783451, 2927.6042, 2759.0625, 767.2250, 16.7769
2025-12-03 17:57:41, 0.0716471742, 0.0558025255, 0.1085556858, 0.1251703314, 2992.0462, 2872.5538, 766.0900, 17.7899
2025-12-03 17:57:47, 0.0660237144, 0.0408779211, 0.1608350404, 0.0867627472, 3017.4091, 2806.4318, 765.7400, 18.2489
2025-12-03 17:57:53, 0.0501862819, 0.0546896610, 0.1682902067, 0.2282888699, 2631.6452, 2656.9839, 766.7450, 18.0003
2025-12-03 17:57:58, 0.0670662269, 0.0687422847, 0.0804682727, 0.0909558993, 2912.5862, 2987.1207, 767.0350, 18.5352
2025-12-03 17:58:04, 0.0696295737, 0.0625440582, 0.0731450876, 0.0911189942, 3225.8077, 3141.9231, 768.6900, 17.4687
2025-12-03 17:58:10, 0.0389026626, 0.0553760604, 0.1402420588, 0.1211890851, 2693.3519, 2683.0000, 768.5200, 17.9855
2025-12-03 17:58:16, 0.0497950337, 0.0384202998, 0.1789531887, 0.1708964633, 2826.6479, 2789.8592, 771.4600, 19.3134
2025-12-03 17:58:22, 0.0733132447, 0.0592031203, 0.0737220095, 0.0950082689, 2791.2157, 2801.0392, 766.1850, 19.7487
2025-12-03 17:58:28, 0.0612920628, 0.0508318242, 0.1444654917, 0.0996456431, 2958.7321, 2906.4107, 763.8600, 20.0607
2025-12-03 17:58:34, 0.0716706961, 0.0530330938, 0.1293968286, 0.1165219522, 2899.1169, 2842.1558, 766.7750, 18.1690
2025-12-03 17:58:40, 0.0396556419, 0.0552510978, 0.1144060184, 0.1011574927, 2741.6500, 2665.5000, 763.1350, 18.9667
2025-12-03 17:58:46, 0.0600355135, 0.0500053816, 0.2250162451, 0.1947003479, 3057.9615, 2881.0769, 768.6150, 17.8940
2025-12-03 17:58:52, 0.0714075645, 0.0732507513, 0.0911675306, 0.0760152996, 3098.9265, 2955.0147, 765.2100, 18.9041
2025-12-03 17:58:58, 0.0573089936, 0.0735213797, 0.1442549438, 0.1382777149, 3158.9400, 3102.8200, 765.4700, 20.9833
2025-12-03 17:59:04, 0.0509620225, 0.0607609319, 0.0939727733, 0.0799956784, 3135.7273, 2969.1091, 766.6050, 18.7032
2025-12-03 17:59:10, 0.0552728866, 0.0572521207, 0.1313078733, 0.1023250325, 3080.4630, 3012.9444, 765.0700, 19.6371
2025-12-03 17:59:16, 0.0355243686, 0.0405361619, 0.1135998535, 0.0942062569, 2690.1884, 2678.5797, 770.5350, 20.6317
2025-12-03 17:59:21, 0.0581425571, 0.0496063233, 0.1426562630, 0.1529109358, 2996.2281, 2971.2632, 769.5600, 19.7918
2025-12-03 17:59:27, 0.0669799556, 0.0561913496, 0.1239744911, 0.1156272084, 2753.7627, 2720.1695, 769.1000, 19.3951
2025-12-03 17:59:33, 0.0478714186, 0.0421383545, 0.1267586714, 0.1075736328, 2747.4510, 2677.9804, 768.1250, 19.3313
2025-12-03 17:59:39, 0.0808194876, 0.0652052244, 0.1335529848, 0.0864436754, 2950.2623, 2905.6885, 768.4400, 18.9295
2025-12-03 17:59:45, 0.0672594475, 0.0725615366, 0.1654319234, 0.1324296297, 3418.5172, 3366.0862, 770.2150, 19.2567
2025-12-03 17:59:51, 0.0473988427, 0.0667058360, 0.1589818016, 0.1277560403, 3105.7209, 3112.6279, 769.7150, 19.6085
2025-12-03 17:59:57, 0.0732390918, 0.0701366396, 0.1091107036, 0.1163571159, 3027.3385, 3030.7077, 770.1250, 17.6711
2025-12-03 18:00:02, 0.0626737262, 0.0587817056, 0.1238258227, 0.1418490161, 2985.8305, 2854.6271, 766.3050, 18.9621
2025-12-03 18:00:08, 0.0442999945, 0.0583919219, 0.1788900730, 0.1209980354, 2990.5893, 2738.6429, 766.2000, 19.4196
2025-12-03 18:00:15, 0.0587117028, 0.0507287014, 0.1312256835, 0.0826035042, 3089.6970, 3004.7273, 766.1300, 19.7156
2025-12-03 18:00:21, 0.0486234196, 0.0353396462, 0.1046897970, 0.1139712643, 2748.4921, 2680.0794, 767.0900, 20.3554
2025-12-03 18:00:26, 0.0724981030, 0.0607444469, 0.0868993916, 0.0755201834, 2912.6885, 2803.1967, 761.5050, 17.9034
2025-12-03 18:00:32, 0.0347441505, 0.0347667422, 0.0727049956, 0.0809786661, 2744.1714, 2712.8143, 763.3600, 20.8075
2025-12-03 18:00:38, 0.0518620587, 0.0402993174, 0.1489563341, 0.1166191273, 2959.9836, 2801.5246, 762.4750, 18.2178
2025-12-03 18:00:44, 0.0626695221, 0.0511285859, 0.1162751159, 0.0867152183, 2699.8246, 2632.0702, 762.4500, 18.5097
2025-12-03 18:00:50, 0.0370310430, 0.0404526811, 0.0813461613, 0.0719128914, 2817.9706, 2695.0294, 760.9700, 18.6796
2025-12-03 18:00:56, 0.0540928263, 0.0374368275, 0.1015992721, 0.0767732554, 2795.0175, 2784.9123, 761.4550, 16.9121
2025-12-03 18:01:01, 0.0546593020, 0.0440429139, 0.0991000172, 0.0772755730, 2735.7460, 2697.2381, 761.9750, 18.7073
2025-12-03 18:01:07, 0.0534411690, 0.0471713049, 0.1067910646, 0.1016061303, 3061.7119, 2775.4576, 761.5450, 16.6655
2025-12-03 18:01:13, 0.0764591840, 0.0659033436, 0.1263835818, 0.1318324395, 2631.1111, 2670.0185, 767.4350, 18.6546
2025-12-03 18:01:19, 0.0534827600, 0.0518985923, 0.0636896721, 0.0898754147, 2829.8361, 2955.3115, 768.5900, 19.1774
2025-12-03 18:01:26, 0.0528791400, 0.0462508749, 0.1348200500, 0.1027807516, 3057.6522, 2973.5435, 768.4350, 18.1495
2025-12-03 18:01:31, 0.0492800614, 0.0533409189, 0.1788010199, 0.1315872281, 2858.6250, 2855.2031, 769.4100, 18.0630
2025-12-03 18:01:37, 0.0492381453, 0.0475458143, 0.1244243942, 0.1240311167, 2614.7692, 2623.0923, 769.1800, 19.6758
2025-12-03 18:01:43, 0.0617289854, 0.0637911450, 0.1444486726, 0.1364346960, 3040.3016, 2957.5873, 769.7600, 17.3589
2025-12-03 18:01:49, 0.0804842964, 0.0504072172, 0.2374564332, 0.1579538644, 2927.3939, 2682.6667, 769.5150, 17.0109
2025-12-03 18:01:55, 0.0643721189, 0.0728577088, 0.1208743796, 0.1188725591, 2779.2222, 2824.0926, 768.6100, 19.2218
2025-12-03 18:02:00, 0.0608286255, 0.0586661025, 0.0933840401, 0.1011021067, 2941.3182, 2932.8636, 770.1450, 17.2158
2025-12-03 18:02:06, 0.0685922967, 0.0564881180, 0.0857049983, 0.1189828139, 2702.9153, 2667.9153, 769.1000, 17.7113
2025-12-03 18:02:12, 0.0426576091, 0.0411713134, 0.1730902489, 0.1646309465, 2628.4444, 2688.4815, 767.9850, 18.1434
2025-12-03 18:02:18, 0.0405406352, 0.0457788246, 0.1145864076, 0.0965545311, 2949.7143, 2933.6190, 770.5650, 17.3391
2025-12-03 18:02:24, 0.0567464546, 0.0537051422, 0.1182973304, 0.1346335343, 2892.7593, 2846.3333, 767.3400, 18.4286
2025-12-03 18:02:30, 0.0499350991, 0.0437110283, 0.1374900941, 0.1410124427, 2704.0000, 2561.9825, 768.6100, 17.0005
2025-12-03 18:02:36, 0.0402649720, 0.0478466204, 0.1730253243, 0.1948276888, 2899.5932, 2781.5424, 769.3200, 16.6903
2025-12-03 18:02:41, 0.0441318773, 0.0413094802, 0.1100122613, 0.1381251521, 2559.2909, 2474.2182, 768.1650, 16.0040
2025-12-03 18:02:47, 0.0581355308, 0.0500172019, 0.1261490023, 0.1327056603, 2954.7164, 2987.3433, 769.5150, 18.1689
2025-12-03 18:02:53, 0.0351224189, 0.0327203842, 0.1123577522, 0.1200007639, 3072.7288, 2871.2881, 769.4850, 18.3918
2025-12-03 18:02:59, 0.0480230431, 0.0546899710, 0.1108716297, 0.1046310252, 2819.0526, 2663.6491, 771.4800, 18.0302
2025-12-03 18:03:05, 0.0467489138, 0.0544146039, 0.1613481493, 0.1421121418, 2882.3710, 2755.0161, 769.3850, 17.9813
2025-12-03 18:03:11, 0.0462404623, 0.0450570281, 0.1171023076, 0.0982480217, 2895.6852, 2745.7407, 768.8200, 17.3608
2025-12-03 18:03:17, 0.0448588694, 0.0425133090, 0.1186003672, 0.0974583061, 2881.2453, 2797.6038, 769.7400, 17.9965
2025-12-03 18:03:22, 0.0732088583, 0.0666467007, 0.1041491338, 0.0670244706, 2898.0645, 2811.9677, 764.9400, 17.7512
2025-12-03 18:03:28, 0.0623095117, 0.0691115194, 0.1144716743, 0.0991161719, 2873.7414, 2874.7931, 766.8200, 16.1746
2025-12-03 18:03:34, 0.0547408130, 0.0472841574, 0.1741543489, 0.1472947427, 2826.7931, 2791.8793, 765.4850, 17.3312
2025-12-03 18:03:40, 0.0896502074, 0.0588448082, 0.0965109629, 0.0708084022, 2884.0000, 2890.4688, 764.9700, 19.4576
2025-12-03 18:03:46, 0.0581115884, 0.0608349640, 0.1160066320, 0.0770143130, 2978.1698, 2815.3585, 765.9200, 17.6378
2025-12-03 18:03:52, 0.0587414229, 0.0444074554, 0.1379827077, 0.1131180589, 2720.8169, 2689.9577, 767.3250, 18.0884
2025-12-03 18:03:57, 0.0574607258, 0.0455972882, 0.1495683811, 0.1458284897, 3240.6167, 3237.2667, 763.1500, 20.1588
2025-12-03 18:04:03, 0.0454353163, 0.0404204593, 0.1198590545, 0.1318340284, 2669.5606, 2677.0758, 764.4900, 17.7716
2025-12-03 18:04:09, 0.0605976895, 0.0511327960, 0.1713568554, 0.2385358293, 2982.0000, 2971.3548, 763.2300, 17.2356
2025-12-03 18:04:15, 0.0478393123, 0.0445477229, 0.1505159447, 0.1596872729, 2797.8542, 2705.1042, 763.9350, 18.7675
2025-12-03 18:04:21, 0.0714954230, 0.0623922212, 0.1167108076, 0.1204224957, 2927.5469, 2863.7031, 763.2750, 19.9248
2025-12-03 18:04:27, 0.0678032767, 0.0569562716, 0.1695915175, 0.1701722083, 3038.2500, 2725.8846, 766.7800, 19.5187
2025-12-03 18:04:33, 0.0602518221, 0.0388929431, 0.2071118412, 0.1449895786, 2816.5849, 2674.3396, 762.6500, 18.0861
2025-12-03 18:04:39, 0.0464956318, 0.0446458275, 0.1312426500, 0.1338318850, 2952.5102, 2852.1020, 764.8450, 17.7449
2025-12-03 18:04:45, 0.0773277108, 0.0575502186, 0.1535189167, 0.1262135167, 2858.4058, 2838.2464, 765.4000, 20.2220
2025-12-03 18:04:50, 0.0551080148, 0.0522162878, 0.1178046645, 0.1783421027, 2861.7097, 2904.0484, 764.9200, 17.7593
2025-12-03 18:04:56, 0.0551372987, 0.0486933514, 0.1260261740, 0.1323670639, 2634.3966, 2763.1379, 765.4000, 18.5014
2025-12-03 18:05:02, 0.0431772208, 0.0456698940, 0.0911234841, 0.0835933830, 3114.1228, 2990.2105, 763.6000, 18.8117
2025-12-03 18:05:08, 0.0342573545, 0.0294748533, 0.2448783897, 0.1656579284, 3014.8667, 2960.8889, 761.7450, 16.8861
2025-12-03 18:05:14, 0.0455368358, 0.0475122528, 0.1149357363, 0.0966667715, 2840.5185, 2850.1852, 763.7500, 18.5480
2025-12-03 18:05:20, 0.0267620629, 0.0311208947, 0.1507370057, 0.1593686421, 2664.3065, 2528.8871, 761.7400, 15.9600
2025-12-03 18:05:25, 0.0482388502, 0.0551808471, 0.1288188955, 0.1320222505, 2913.6545, 2991.6545, 764.5900, 16.5934
2025-12-03 18:05:31, 0.0334539668, 0.0334955836, 0.0952364695, 0.0659584620, 2759.1268, 2772.4648, 763.6550, 17.0257
2025-12-03 18:05:37, 0.0423470946, 0.0390272107, 0.1372067793, 0.1187523444, 3048.9836, 2807.2459, 764.2150, 17.3493
2025-12-03 18:05:43, 0.0354175447, 0.0382916761, 0.1226280503, 0.0967247416, 2974.0000, 2803.2388, 764.7000, 17.5103
2025-12-03 18:05:49, 0.0318181773, 0.0395914973, 0.0930829524, 0.0749038740, 2839.5522, 2643.6418, 761.6700, 17.0009
2025-12-03 18:05:54, 0.0331808787, 0.0320018968, 0.0956250226, 0.0660074303, 2784.7872, 2624.8936, 763.3600, 18.6167
2025-12-03 18:06:00, 0.0419165376, 0.0378575036, 0.1200180793, 0.1338328782, 2928.1071, 2844.7321, 764.5100, 16.9068
2025-12-03 18:06:06, 0.0395439369, 0.0411968644, 0.1136434021, 0.1121965273, 2808.5672, 2742.5224, 766.5100, 17.3185
2025-12-03 18:06:12, 0.0460948823, 0.0386186119, 0.1769328334, 0.2029961507, 3133.1250, 3213.5714, 763.6700, 17.7370
2025-12-03 18:06:18, 0.0544858538, 0.0451818952, 0.1288745339, 0.1717673246, 2500.3922, 2561.3333, 764.2100, 17.6702
2025-12-03 18:06:24, 0.0845012590, 0.0514252380, 0.0963955004, 0.0607026029, 2599.3636, 2542.1136, 766.4300, 19.7642
2025-12-03 18:06:29, 0.0504966250, 0.0594808062, 0.1182099519, 0.0927818924, 3142.3182, 3069.4773, 767.4750, 19.2286
2025-12-03 18:06:35, 0.0398874412, 0.0435017610, 0.1502352261, 0.1548340413, 2815.2881, 2792.3729, 767.1950, 17.9588
2025-12-03 18:06:42, 0.0643544874, 0.0680059479, 0.1202267207, 0.1034900255, 2869.2121, 2759.1364, 771.2650, 17.0940
2025-12-03 18:06:48, 0.0423064963, 0.0369572604, 0.0940616532, 0.0963812901, 2778.5472, 2721.3019, 766.5250, 18.4434
2025-12-03 18:06:54, 0.0482681662, 0.0397139954, 0.1847827650, 0.2010381769, 2835.0645, 2835.5161, 765.4850, 18.5629
2025-12-03 18:07:00, 0.0431780472, 0.0365912945, 0.1410279717, 0.1251728883, 2841.5385, 2736.7231, 768.3850, 18.0066
2025-12-03 18:07:05, 0.0720214420, 0.0732497069, 0.1142555737, 0.1081360628, 2846.8929, 2755.6964, 769.5150, 18.1326
2025-12-03 18:07:11, 0.0646665581, 0.0466612793, 0.0976750414, 0.0662692577, 2942.3478, 2920.4348, 767.8950, 16.4995
2025-12-03 18:07:17, 0.0441098719, 0.0475114633, 0.1539345976, 0.1541338034, 2587.8077, 2592.0962, 764.8150, 18.8693
2025-12-03 18:07:23, 0.0402639499, 0.0401057571, 0.1486325973, 0.1379522765, 2679.8679, 2599.3019, 767.9000, 18.0701
2025-12-03 18:07:29, 0.0369139168, 0.0293484658, 0.1502825711, 0.1106779620, 2798.3400, 2728.0200, 767.2900, 17.9877
2025-12-03 18:07:35, 0.0504801707, 0.0513034290, 0.1126203948, 0.1225870077, 2652.6852, 2605.7222, 766.4900, 18.7883
2025-12-03 18:07:40, 0.0497833929, 0.0574541225, 0.1321204733, 0.1334627494, 3014.0189, 2800.3774, 767.1150, 17.4778
2025-12-03 18:07:46, 0.0595026912, 0.0559121406, 0.1173205502, 0.1074317194, 2821.6364, 2711.3485, 766.0900, 18.0450
2025-12-03 18:07:52, 0.0574939916, 0.0454660499, 0.1428365131, 0.1536975976, 2810.5846, 2874.8462, 763.7350, 17.4113
2025-12-03 18:07:58, 0.0661283342, 0.0386438161, 0.1793663118, 0.1009675331, 2935.1915, 2669.2979, 763.8200, 18.8645
2025-12-03 18:08:04, 0.0329645248, 0.0362486549, 0.1726997138, 0.1442397069, 2720.0179, 2556.9107, 764.7800, 17.8833
2025-12-03 18:08:10, 0.0278557183, 0.0314205217, 0.1658115294, 0.1730763826, 3090.7077, 2902.3538, 765.0650, 15.8884
2025-12-03 18:08:15, 0.0232817725, 0.0276864442, 0.1289294224, 0.1472966028, 2945.0357, 2840.1429, 763.4100, 17.6145
2025-12-03 18:08:21, 0.0430033906, 0.0434478124, 0.1232893045, 0.1265544072, 2964.7000, 2868.3143, 769.2400, 17.2682
2025-12-03 18:08:27, 0.0352422412, 0.0365558395, 0.1300872228, 0.1233492979, 2914.2941, 2819.7353, 768.1350, 19.5166
2025-12-03 18:08:33, 0.0267397074, 0.0240175114, 0.1339526208, 0.1144951476, 2947.3662, 2927.9437, 768.9350, 18.0034
2025-12-03 18:08:38, 0.0401134417, 0.0300768033, 0.1786073306, 0.1266907426, 2856.4483, 2629.5345, 768.3550, 17.5525
2025-12-03 18:08:44, 0.0279708543, 0.0230527923, 0.1508140300, 0.1123543989, 2727.6842, 2523.0526, 767.3250, 17.3118
2025-12-03 18:08:50, 0.0517284542, 0.0329392648, 0.1007741915, 0.0588784700, 2909.3636, 2695.5091, 769.8950, 16.9483
2025-12-03 18:08:56, 0.0256816474, 0.0214689399, 0.1220532063, 0.1217948824, 2853.7424, 2850.4697, 769.6350, 16.7971
2025-12-03 18:09:01, 0.0341463783, 0.0377973192, 0.1795643088, 0.1524027507, 2966.6140, 2830.5965, 769.0300, 17.9393
2025-12-03 18:09:07, 0.0435929182, 0.0442782099, 0.1147034976, 0.0895652230, 3131.7292, 2938.3542, 768.9700, 18.9905
2025-12-03 18:09:13, 0.0454904431, 0.0466938817, 0.0939799052, 0.0942956509, 2957.6842, 2873.3860, 767.5850, 19.1202
2025-12-03 18:09:19, 0.0308236311, 0.0305179332, 0.1794921249, 0.1094411499, 2642.1695, 2469.1695, 765.8850, 18.3720
2025-12-03 18:09:24, 0.0431283191, 0.0398688639, 0.1212887136, 0.1017642180, 2633.8889, 2688.0635, 765.2550, 17.2543
2025-12-03 18:09:30, 0.0362475985, 0.0308260310, 0.1314497881, 0.1243268955, 2821.4062, 2646.7500, 766.0900, 17.1182
2025-12-03 18:09:36, 0.0336462744, 0.0349003114, 0.1107177302, 0.1412091935, 2908.3818, 2861.3636, 763.8900, 17.7502
2025-12-03 18:09:42, 0.0380317476, 0.0351695857, 0.1203453297, 0.0985762952, 2877.7903, 2791.2581, 764.8250, 18.9369
2025-12-03 18:09:47, 0.0210163587, 0.0196534634, 0.1152034548, 0.0973922954, 2916.1754, 2689.5263, 763.8700, 17.4027
2025-12-03 18:09:53, 0.0152786327, 0.0204171054, 0.1396694364, 0.1634619746, 3001.7368, 2950.2500, 765.8250, 19.3723
2025-12-03 18:09:59, 0.0339441075, 0.0249917151, 0.1318056372, 0.1241632137, 2696.0625, 2472.1875, 767.8600, 18.2978
2025-12-03 18:10:05, 0.0529201467, 0.0463171164, 0.0966948376, 0.0794308561, 2778.7778, 2598.3333, 765.3700, 17.9358
2025-12-03 18:10:11, 0.0427308901, 0.0458296401, 0.1622223818, 0.1551091380, 2849.4200, 2949.0400, 760.1650, 16.3110
2025-12-03 18:10:17, 0.0516395058, 0.0430585337, 0.1213800307, 0.0838443843, 2776.1167, 2762.7000, 765.5500, 19.0357
2025-12-03 18:10:22, 0.0412387276, 0.0352997367, 0.1239904333, 0.1199671325, 2917.5385, 2978.1231, 764.3350, 18.5578
2025-12-03 18:10:28, 0.0369647431, 0.0371166975, 0.1630236086, 0.1213465252, 3031.0500, 2830.7167, 767.4150, 18.8921
2025-12-03 18:10:34, 0.0417172020, 0.0386030796, 0.1598954496, 0.1337325133, 2956.9552, 2816.1791, 765.1450, 19.3500
2025-12-03 18:10:40, 0.0302166644, 0.0239295738, 0.1229884616, 0.1299163562, 3107.2464, 2824.6812, 763.8100, 18.1156
2025-12-03 18:10:45, 0.0294615386, 0.0309017449, 0.1638694102, 0.1626263260, 2810.9524, 2760.1905, 765.2700, 18.3986
2025-12-03 18:10:51, 0.0279582413, 0.0283708803, 0.1308828567, 0.1255467919, 2791.8868, 2746.9811, 764.2900, 16.9557
2025-12-03 18:10:57, 0.0322437429, 0.0398703462, 0.0819795140, 0.0805343102, 2712.8714, 2579.8000, 764.2550, 18.3071
2025-12-03 18:11:03, 0.0448097878, 0.0441135364, 0.1078156307, 0.1107491605, 3099.8101, 2971.1139, 763.2300, 18.7234
2025-12-03 18:11:09, 0.0545872907, 0.0529117416, 0.0866941604, 0.0812083010, 3009.8929, 2837.5536, 759.8550, 18.4112
2025-12-03 18:11:14, 0.0527553656, 0.0447140454, 0.1473200990, 0.1443741329, 2862.4571, 2876.4429, 761.6150, 18.9047
2025-12-03 18:11:20, 0.0543044508, 0.0643887916, 0.1393119301, 0.1054768672, 3374.6304, 3228.7826, 764.1050, 19.0282
2025-12-03 18:11:26, 0.0714049148, 0.0671384857, 0.1250610032, 0.1112589838, 3027.1806, 2852.1667, 761.8350, 19.0115
2025-12-03 18:11:32, 0.0532825475, 0.0553000415, 0.1055077299, 0.1092155023, 2775.2923, 2670.9385, 766.9050, 17.5803
2025-12-03 18:11:38, 0.0444530753, 0.0399627033, 0.0927329429, 0.0899989735, 2823.7455, 2745.4000, 762.5500, 18.4450
2025-12-03 18:11:44, 0.0400522523, 0.0402950365, 0.1735332457, 0.1391556759, 2882.3559, 2814.2542, 762.1100, 18.8156
2025-12-03 18:11:49, 0.0472346493, 0.0422836458, 0.0865655608, 0.0770964172, 2780.9412, 2652.6324, 763.9750, 18.7844
2025-12-03 18:11:55, 0.0578344506, 0.0393137790, 0.0820754604, 0.0701127308, 2998.8421, 2803.7544, 760.8500, 15.9993
2025-12-03 18:12:01, 0.0342486951, 0.0260661720, 0.1099740481, 0.1087708518, 3060.7612, 3055.2388, 764.5600, 19.7858
2025-12-03 18:12:07, 0.0302284801, 0.0271067859, 0.1708126740, 0.1243545547, 2772.6889, 2585.6000, 763.0850, 17.5122
2025-12-03 18:12:12, 0.0210702687, 0.0173567875, 0.1513406626, 0.0980347238, 2771.1000, 2508.6500, 765.9250, 17.7406
2025-12-03 18:12:18, 0.0428062308, 0.0343357990, 0.1258170804, 0.1071022900, 2899.8475, 2828.5254, 766.5450, 18.6061
2025-12-03 18:12:24, 0.0512700140, 0.0415555676, 0.1715510744, 0.1174323818, 2774.0469, 2603.3438, 762.7650, 19.6779
2025-12-03 18:12:30, 0.0590853844, 0.0521167420, 0.1349862178, 0.1213048044, 2996.4110, 2827.1233, 765.3550, 18.9620
2025-12-03 18:12:36, 0.0415923100, 0.0430953544, 0.1209652033, 0.1188946046, 3015.3390, 2933.6610, 763.8050, 20.0217
2025-12-03 18:12:41, 0.0620749616, 0.0436229649, 0.1623235563, 0.1148588145, 2845.4375, 2745.6250, 763.8600, 16.7084
2025-12-03 18:12:47, 0.0358409685, 0.0327624861, 0.1250324523, 0.1306535365, 2801.4098, 2572.2787, 763.2600, 19.2120
2025-12-03 18:12:53, 0.0523778750, 0.0528866701, 0.0993104854, 0.0985194114, 2774.9167, 2676.8333, 764.1900, 19.5610
2025-12-03 18:12:59, 0.0563624284, 0.0497669466, 0.1691756443, 0.1049735229, 2928.2833, 2751.1833, 763.7000, 20.3855
2025-12-03 18:13:05, 0.0535448048, 0.0547913639, 0.1049448513, 0.0891640180, 2844.9538, 2722.0154, 764.2100, 17.0735
2025-12-03 18:13:10, 0.0461480016, 0.0377347249, 0.1714540387, 0.1389950285, 2966.8545, 2822.9455, 764.9500, 16.9885
2025-12-03 18:13:16, 0.0726651290, 0.0721203830, 0.0985465798, 0.0904751584, 2869.7500, 2914.7727, 763.7300, 20.6794
2025-12-03 18:13:22, 0.0600678788, 0.0471917579, 0.1068929930, 0.1095792035, 3025.8475, 2968.9153, 762.2250, 16.3262
2025-12-03 18:13:28, 0.0635999293, 0.0505771361, 0.1187296237, 0.0987276015, 2930.2241, 2864.1552, 762.0600, 19.3819
2025-12-03 18:13:33, 0.0599690743, 0.0444705653, 0.1083777262, 0.1046670882, 2970.8507, 2816.9701, 761.5700, 18.5209
2025-12-03 18:13:39, 0.0429724294, 0.0405904098, 0.1163732329, 0.1176566816, 2823.3774, 2844.3396, 763.6200, 18.0179
2025-12-03 18:13:45, 0.0539622028, 0.0542985628, 0.1414569157, 0.1325488756, 2895.7188, 2927.0781, 765.1550, 16.8324
2025-12-03 18:13:51, 0.0540629575, 0.0469009049, 0.2202587097, 0.1645716081, 3081.3600, 2928.7000, 762.2250, 17.1396
2025-12-03 18:13:56, 0.0498979838, 0.0486294362, 0.1057241111, 0.0790776103, 2982.3220, 3089.1186, 764.9600, 18.6740
2025-12-03 18:14:02, 0.0446010664, 0.0498036154, 0.1140842330, 0.1393806081, 2883.8800, 2901.1600, 764.8100, 17.3964
2025-12-03 18:14:08, 0.0505840233, 0.0423118331, 0.1042493249, 0.1291659270, 2967.2429, 3020.4429, 764.9500, 16.7176
2025-12-03 18:14:14, 0.0501659965, 0.0768865097, 0.1195234783, 0.0762633663, 2862.9778, 2838.2000, 764.4000, 18.2773
2025-12-03 18:14:20, 0.0559654206, 0.0452686117, 0.0766012206, 0.0958504140, 2952.7400, 2912.3200, 765.8200, 18.2947
2025-12-03 18:14:25, 0.0389432768, 0.0387986780, 0.0974082059, 0.1051965160, 2910.5161, 2738.5484, 765.5450, 17.8955
2025-12-03 18:14:31, 0.0492668189, 0.0575513412, 0.1012737278, 0.0746837973, 3017.2000, 2953.1636, 766.2650, 19.7700
2025-12-03 18:14:37, 0.0338393752, 0.0343808010, 0.1156565734, 0.0975397466, 2956.1184, 2803.4079, 766.2600, 17.2192
2025-12-03 18:14:43, 0.0826443770, 0.0536094516, 0.0878006571, 0.0687402249, 2903.9815, 2814.1481, 767.1150, 19.1487
2025-12-03 18:14:48, 0.0654976022, 0.0595443318, 0.0947466760, 0.1129466634, 2842.0714, 2742.7500, 764.8650, 17.0536
2025-12-03 18:14:54, 0.0603974311, 0.0671801336, 0.0906540458, 0.0875201838, 2767.7778, 2671.5079, 765.3100, 16.3519
2025-12-03 18:15:00, 0.0655823031, 0.0685216097, 0.0845728017, 0.0731887539, 2836.5952, 2736.6190, 765.8150, 17.4800
2025-12-03 18:15:06, 0.0529422746, 0.0432094931, 0.1394527899, 0.1275571506, 2769.5625, 2791.9688, 765.7650, 18.1989
2025-12-03 18:15:12, 0.0497182560, 0.0438961547, 0.0954747985, 0.0863048416, 2944.4853, 2816.5882, 767.7800, 18.3797
2025-12-03 18:15:17, 0.0488986583, 0.0432803484, 0.1075608179, 0.0802933681, 2718.1754, 2600.6491, 767.2900, 17.6563
2025-12-03 18:15:23, 0.0538278794, 0.0568480982, 0.0747567460, 0.0731340897, 2860.5833, 2787.1333, 766.9400, 19.6560
2025-12-03 18:15:29, 0.0523871599, 0.0480352704, 0.1113540292, 0.1037140940, 3091.0577, 3000.0000, 768.1300, 19.2936
2025-12-03 18:15:35, 0.0653436996, 0.0838509144, 0.0929293073, 0.1374480288, 3088.6415, 3094.1321, 767.4350, 17.9016
2025-12-03 18:15:40, 0.0997932234, 0.0750913174, 0.0746168459, 0.0831926492, 2879.7234, 2935.4681, 765.8300, 17.7347
2025-12-03 18:15:46, 0.0587175256, 0.0425177189, 0.0958272637, 0.0744074779, 2963.8679, 2772.9245, 768.1000, 18.8873
2025-12-03 18:15:52, 0.0412116778, 0.0380167076, 0.1095268591, 0.1218264965, 2857.5833, 2808.1333, 765.0800, 15.9205
2025-12-03 18:15:58, 0.0443940676, 0.0363473625, 0.1429931825, 0.1207648724, 2894.8356, 2826.8219, 767.0000, 17.3566
2025-12-03 18:16:03, 0.0387890827, 0.0430267274, 0.0961145873, 0.0841861228, 2919.3279, 2790.7705, 766.9350, 17.4554
2025-12-03 18:16:09, 0.0545887571, 0.0517347889, 0.1324628773, 0.1055540392, 2947.6792, 2891.6415, 765.6750, 16.4891
2025-12-03 18:16:15, 0.0505808575, 0.0361192305, 0.1232834583, 0.1656265028, 2891.2500, 2924.1731, 767.4200, 17.3174
2025-12-03 18:16:21, 0.0418517780, 0.0347542507, 0.1225669223, 0.1573607958, 2641.1077, 2611.0615, 764.7850, 17.2953
2025-12-03 18:16:26, 0.0372113445, 0.0353236158, 0.1247249597, 0.1382449304, 2804.9014, 2758.1268, 764.5450, 17.9905
2025-12-03 18:16:32, 0.0500568296, 0.0494089342, 0.0943725013, 0.1036725413, 2815.2969, 2732.0156, 766.0150, 18.7391
2025-12-03 18:16:38, 0.0556339218, 0.0422084440, 0.1205394604, 0.0929889185, 2882.2000, 2829.9333, 763.4850, 15.8051
2025-12-03 18:16:44, 0.0635573059, 0.0607625277, 0.1489750249, 0.1476967016, 2984.1731, 2911.5769, 768.6650, 19.8988
2025-12-03 18:16:50, 0.0595581315, 0.0458749430, 0.1241757237, 0.1378575833, 2784.9194, 2905.8226, 769.4600, 19.5716
2025-12-03 18:16:55, 0.0785714956, 0.0588006370, 0.1460352027, 0.1333758167, 2678.1509, 2685.2453, 765.5900, 17.1319
2025-12-03 18:17:01, 0.0534380513, 0.0505634703, 0.0933385329, 0.1062885447, 2631.0847, 2628.2712, 767.1200, 19.2968
2025-12-03 18:17:07, 0.0598356102, 0.0540834659, 0.1432474041, 0.1525592497, 3125.1207, 3079.5172, 766.1700, 18.2626
2025-12-03 18:17:13, 0.0802234039, 0.0747041875, 0.1635648648, 0.1061122519, 2832.5263, 2838.5789, 769.1600, 18.9704
2025-12-03 18:17:19, 0.0409223345, 0.0473139399, 0.1226562081, 0.1200965083, 2951.5185, 2903.5000, 766.3250, 18.1851
2025-12-03 18:17:25, 0.0382561326, 0.0329022756, 0.1330719487, 0.1275074271, 2940.9683, 2753.7619, 767.9000, 16.0558
2025-12-03 18:17:30, 0.0367428006, 0.0417633843, 0.1225415417, 0.0775975761, 3014.7568, 2949.9459, 768.6500, 17.8997
2025-12-03 18:17:36, 0.0554200544, 0.0415308993, 0.1091650984, 0.0960386202, 2936.5094, 2970.1132, 766.9800, 18.3347
2025-12-03 18:17:42, 0.0564080901, 0.0512760931, 0.1181735308, 0.1082881951, 2608.6400, 2500.4200, 769.7150, 17.9773
2025-12-03 18:17:48, 0.0396743026, 0.0473565944, 0.1351740539, 0.1201817307, 2731.0282, 2673.5211, 769.1300, 17.6095
2025-12-03 18:17:54, 0.0483337165, 0.0500047468, 0.0791526039, 0.0813904881, 3089.8302, 2889.6604, 769.5250, 16.8279
2025-12-03 18:18:00, 0.0596161163, 0.0533873703, 0.1527359238, 0.1172276191, 2944.3704, 2818.3148, 765.9800, 18.0840
2025-12-03 18:18:05, 0.0433761688, 0.0435303964, 0.1493068567, 0.1537428062, 2985.7069, 2938.8276, 766.3750, 18.9653
2025-12-03 18:18:11, 0.0363054791, 0.0355114110, 0.1252659540, 0.1196729302, 2846.7458, 2841.3559, 768.2600, 20.4005
2025-12-03 18:18:17, 0.0369923310, 0.0403101748, 0.2044034771, 0.1676677325, 2810.2500, 2754.7885, 767.0500, 19.5153
2025-12-03 18:18:23, 0.0710170296, 0.0502770939, 0.1164774708, 0.1224763489, 3083.6852, 2999.6852, 765.8550, 18.3909
2025-12-03 18:18:29, 0.0371800685, 0.0332291010, 0.1002732638, 0.1057693087, 2796.1714, 2686.2000, 768.0600, 17.3832
2025-12-03 18:18:34, 0.0672335124, 0.0585116277, 0.1419251307, 0.1133139752, 3023.0189, 2903.4717, 767.9450, 18.5268
2025-12-03 18:18:40, 0.0424896682, 0.0334794419, 0.1504006949, 0.1228782655, 3056.9444, 2935.4722, 767.3900, 17.5837
2025-12-03 18:18:46, 0.0383096019, 0.0561512216, 0.0952962578, 0.0945527561, 2756.3273, 2742.7091, 764.0950, 19.6200
2025-12-03 18:18:52, 0.0408178310, 0.0457971592, 0.1093560800, 0.1300654818, 2893.5224, 2939.3433, 766.2600, 17.3367
2025-12-03 18:18:58, 0.0582972468, 0.0333324916, 0.1206779149, 0.1473547013, 3001.9730, 2971.6216, 767.0450, 19.1322
2025-12-03 18:19:03, 0.0563900145, 0.0542623636, 0.2556905301, 0.2026666178, 2942.0769, 2775.0962, 765.4450, 19.6150
2025-12-03 18:19:09, 0.0411867496, 0.0539248315, 0.1210431426, 0.1256105067, 2748.0357, 2800.6429, 767.4700, 18.5432
2025-12-03 18:19:15, 0.0417192954, 0.0455511699, 0.0920976573, 0.0964786620, 2730.7736, 2646.3585, 763.5300, 18.8350
2025-12-03 18:19:21, 0.0643046471, 0.0566533307, 0.0863001635, 0.0690374223, 2831.9167, 2901.8958, 767.2350, 18.5704
2025-12-03 18:19:27, 0.0435427592, 0.0391802180, 0.1140840989, 0.1301528905, 2754.6364, 2706.6909, 764.7050, 18.2986
2025-12-03 18:19:32, 0.0403717971, 0.0357929933, 0.1134564786, 0.0811749675, 2689.9420, 2632.7971, 767.5500, 19.1094
2025-12-03 18:19:38, 0.0580013883, 0.0511718080, 0.1203741945, 0.1078633104, 2971.4333, 3119.8167, 766.6850, 18.4403
2025-12-03 18:19:44, 0.0640384475, 0.0651703130, 0.0930436575, 0.1378631011, 2796.7407, 2842.6852, 767.2500, 19.8098
2025-12-03 18:19:49, 0.0536479312, 0.0414601653, 0.1219387714, 0.1262181980, 2979.0192, 2815.8269, 767.6750, 17.9173
2025-12-03 18:19:55, 0.0769496011, 0.0712885691, 0.1060639359, 0.1777155892, 2895.3256, 2991.3488, 766.4750, 17.9480
2025-12-03 18:20:01, 0.0421390034, 0.0548913859, 0.0967698688, 0.0892950884, 2865.9464, 2705.1429, 766.3000, 19.1898
2025-12-03 18:20:07, 0.0297468550, 0.0282859514, 0.0874653730, 0.0782984724, 2820.9412, 2654.5441, 767.9550, 18.8699
2025-12-03 18:20:12, 0.0535752902, 0.0506934462, 0.1464484543, 0.1300458570, 2787.9434, 2753.8113, 769.5900, 17.7176
2025-12-03 18:20:18, 0.0360463483, 0.0337796577, 0.1249993663, 0.0721999620, 2991.0635, 2877.8254, 766.8300, 18.2267
2025-12-03 18:20:24, 0.0627455768, 0.0501123439, 0.1418258471, 0.1458030534, 3041.3654, 3036.0577, 771.8050, 18.8920
2025-12-03 18:20:30, 0.0394032251, 0.0346536919, 0.0752480567, 0.0912844740, 2974.9286, 2842.3571, 770.1850, 17.4983
2025-12-03 18:20:36, 0.0471198179, 0.0480626438, 0.0784911048, 0.0814954595, 2941.6731, 2821.7692, 769.6650, 17.7694
2025-12-03 18:20:41, 0.0565745407, 0.0435342739, 0.0898562171, 0.1059281549, 2830.9394, 2805.1818, 766.2600, 18.7484
2025-12-03 18:20:47, 0.0480239858, 0.0477794837, 0.0776999758, 0.0754252539, 2918.0968, 2820.7258, 766.2200, 17.3208
2025-12-03 18:20:53, 0.0373828431, 0.0512440172, 0.1189728935, 0.1196572337, 2942.8676, 2794.4706, 769.4250, 19.1148
2025-12-03 18:20:59, 0.0501520823, 0.0502755192, 0.0877804044, 0.0803035425, 2900.0274, 2853.6301, 766.5000, 17.8550
2025-12-03 18:21:05, 0.0583724816, 0.0403159125, 0.1302565677, 0.1302553680, 3054.1091, 2912.3636, 768.0450, 16.9833
2025-12-03 18:21:10, 0.0601753312, 0.0588203553, 0.1148642261, 0.1260421312, 2690.5636, 2692.5273, 766.1450, 16.3574
2025-12-03 18:21:16, 0.0607844863, 0.0656206820, 0.0816362329, 0.1009377397, 2786.3704, 2829.2963, 767.9500, 17.7817
2025-12-03 18:21:22, 0.0564875635, 0.0460645004, 0.0660220902, 0.0800474025, 2781.3043, 2836.0217, 765.2150, 18.1301
2025-12-03 18:21:27, 0.0469837245, 0.0421348570, 0.1074262581, 0.1000586935, 2760.8571, 2751.1250, 766.5400, 20.4541
2025-12-03 18:21:33, 0.0492991348, 0.0420444272, 0.1088290811, 0.0906675391, 3017.8772, 2782.7895, 763.2100, 18.0021
2025-12-03 18:21:39, 0.0344561904, 0.0332665954, 0.1014021557, 0.1072366348, 3024.5294, 2773.9559, 765.4200, 19.0542
2025-12-03 18:21:45, 0.0453937786, 0.0480095486, 0.0994824567, 0.1331714322, 3110.6604, 3031.3396, 766.0450, 19.3464
2025-12-03 18:21:50, 0.0433830084, 0.0349198384, 0.2000951018, 0.1240008998, 2938.1231, 2734.2308, 766.0350, 17.7925
2025-12-03 18:21:56, 0.0392900821, 0.0447480012, 0.1485080379, 0.1251248654, 2926.2222, 2889.2778, 766.8350, 16.2076
2025-12-03 18:22:02, 0.0408539228, 0.0345915928, 0.1271362289, 0.1863375514, 2689.0536, 2753.9464, 766.3100, 17.7531
2025-12-03 18:22:08, 0.0437472437, 0.0512137393, 0.0569160846, 0.0716884389, 2816.7794, 2753.0000, 770.0850, 17.5156
2025-12-03 18:22:13, 0.0433136515, 0.0457201263, 0.0661869237, 0.0688644361, 2695.4815, 2600.9259, 766.7650, 17.4227
2025-12-03 18:22:19, 0.0393037469, 0.0384097364, 0.1500731133, 0.1579690499, 3068.3276, 3109.7931, 767.2800, 18.7401
2025-12-03 18:22:25, 0.0446113352, 0.0475846827, 0.1253068521, 0.1328230775, 3140.8491, 2999.5094, 762.8000, 19.2959
2025-12-03 18:22:31, 0.0393222130, 0.0443787127, 0.1076939285, 0.1138239296, 2840.7292, 2743.5833, 766.7000, 18.0236
2025-12-03 18:22:37, 0.0490821092, 0.0401561363, 0.1614304061, 0.1425801723, 2931.9474, 2894.1053, 763.2050, 17.8340
2025-12-03 18:22:42, 0.0455746848, 0.0402181569, 0.2178412303, 0.2020627266, 2862.0612, 2821.6531, 766.7650, 17.1099
2025-12-03 18:22:48, 0.0600657852, 0.0622595705, 0.1215280784, 0.1208357799, 2612.3333, 2717.0000, 763.9100, 17.1646
2025-12-03 18:22:54, 0.0419089513, 0.0410180779, 0.1233338856, 0.0908979237, 2773.0909, 2810.0455, 765.5300, 17.5345
2025-12-03 18:22:59, 0.0598217131, 0.0416614291, 0.1373517640, 0.1425849323, 2645.4286, 2703.7347, 765.0650, 17.1435
2025-12-03 18:23:05, 0.0395054245, 0.0340056278, 0.1296541172, 0.1178421618, 2715.6250, 2504.5357, 767.7500, 18.4710
2025-12-03 18:23:11, 0.0394772530, 0.0479085970, 0.0974405305, 0.0806080271, 2948.1778, 2919.7111, 763.9300, 18.4999
2025-12-03 18:23:17, 0.0490928849, 0.0390367019, 0.1172278859, 0.1511732177, 2821.9783, 2846.7174, 765.9500, 17.0628
2025-12-03 18:23:23, 0.0424595357, 0.0426669460, 0.1099502960, 0.1103863365, 2739.6731, 2773.8654, 763.8450, 16.6955
2025-12-03 18:23:28, 0.0499492685, 0.0481429443, 0.1578937196, 0.1918359336, 2949.3509, 3056.1579, 765.3800, 16.5295
2025-12-03 18:23:34, 0.0644324075, 0.0494883720, 0.1540957148, 0.1839220077, 3072.3684, 2993.5000, 768.5800, 19.4962
2025-12-03 18:23:40, 0.0381898859, 0.0359357814, 0.1485710145, 0.1700035219, 2984.2000, 2886.4000, 766.6150, 19.2626
2025-12-03 18:23:46, 0.0444087057, 0.0557193338, 0.1636177287, 0.1265156838, 2995.4444, 2824.8000, 768.1050, 18.8331
2025-12-03 18:23:51, 0.0571313968, 0.0486364383, 0.1171808669, 0.1374564953, 2940.2037, 2954.2037, 767.7400, 18.1384
2025-12-03 18:23:57, 0.0467768545, 0.0372603173, 0.1194480289, 0.1403168797, 3028.7353, 2816.8529, 767.3850, 18.5145
2025-12-03 18:24:03, 0.0395104305, 0.0279822247, 0.1168919548, 0.1149976312, 2827.2833, 2809.6833, 769.9250, 16.6457
2025-12-03 18:24:09, 0.0443692768, 0.0396949155, 0.1552666435, 0.1326171849, 3046.5918, 2958.4490, 769.2650, 18.8676
2025-12-03 18:24:14, 0.0493935076, 0.0681931041, 0.1454165434, 0.1136245340, 2905.2679, 2916.1786, 770.0450, 18.8344
2025-12-03 18:24:20, 0.0511012314, 0.0460927721, 0.0863713421, 0.0908366226, 2931.7115, 2891.5385, 769.2350, 17.7291
2025-12-03 18:24:26, 0.0641361269, 0.0456430605, 0.1411706053, 0.0966966813, 2754.6667, 2671.6000, 771.9600, 19.7289
2025-12-03 18:24:31, 0.0499270806, 0.0536464741, 0.1266205176, 0.1071522069, 2902.8039, 2920.7451, 770.2600, 16.6905
2025-12-03 18:24:37, 0.0414915604, 0.0487281719, 0.1067723805, 0.0906855598, 2591.0217, 2625.3913, 768.2000, 18.5024
2025-12-03 18:24:43, 0.0377808237, 0.0364237205, 0.1190794373, 0.0940353002, 2691.7609, 2563.0652, 769.8650, 18.6815
2025-12-03 18:24:49, 0.0528424346, 0.0453370085, 0.1166681115, 0.1529384615, 2802.2750, 2863.4500, 773.3400, 19.9566
2025-12-03 18:24:54, 0.0377473984, 0.0355594855, 0.1552502054, 0.1411760265, 2889.6094, 2827.7656, 772.7050, 20.7460
2025-12-03 18:25:00, 0.0479602857, 0.0382443931, 0.1405776578, 0.1454202625, 2836.3214, 2766.1429, 773.3800, 20.5182
2025-12-03 18:25:06, 0.0584991842, 0.0511126491, 0.1088493247, 0.0980495268, 2992.9444, 2924.2593, 773.6800, 18.8196
2025-12-03 18:25:12, 0.0543637697, 0.0363138678, 0.0762429758, 0.0727463404, 3082.2857, 2944.2449, 774.5450, 19.3385
2025-12-03 18:25:17, 0.0573006560, 0.0537762996, 0.1671179784, 0.1421098307, 3072.3478, 2992.2391, 773.9400, 20.0089
2025-12-03 18:25:23, 0.0353387745, 0.0345521002, 0.1674120922, 0.1193654068, 3035.4211, 2801.1228, 774.9500, 20.7207
2025-12-03 18:25:29, 0.0732847521, 0.0633892446, 0.1632417371, 0.1857282562, 2953.0227, 3049.2727, 773.6750, 20.5197
2025-12-03 18:25:35, 0.0565794796, 0.0584661939, 0.1644492162, 0.1204303715, 2789.4103, 2732.1538, 774.2950, 19.5890
2025-12-03 18:25:40, 0.0503671404, 0.0496123395, 0.1005831360, 0.0977905386, 3176.4359, 3107.4872, 772.4550, 20.2160
2025-12-03 18:25:46, 0.0461888614, 0.0433242886, 0.1713713049, 0.1178558155, 2831.3061, 2855.2449, 775.0400, 19.6125
2025-12-03 18:25:52, 0.0455475836, 0.0400721063, 0.0966062831, 0.0969517680, 2824.3448, 2736.7241, 772.5500, 21.6182
2025-12-03 18:25:57, 0.0567315099, 0.0509272769, 0.1327863260, 0.1064988860, 2746.2182, 2644.8182, 770.1800, 21.9006
2025-12-03 18:26:03, 0.0389107361, 0.0314422740, 0.2098410501, 0.1369213787, 2997.7937, 2702.9841, 768.0750, 23.0965
2025-12-03 18:26:09, 0.0336128822, 0.0424140267, 0.2146612779, 0.1541575252, 2686.0690, 2589.1552, 768.0450, 20.6977
2025-12-03 18:26:15, 0.0405265629, 0.0375975423, 0.1211648724, 0.1349134456, 2750.9483, 2692.7414, 766.1750, 19.5771
2025-12-03 18:26:21, 0.0280645898, 0.0286454727, 0.1332998134, 0.0842562088, 2877.8906, 2693.7500, 767.5550, 21.1182
2025-12-03 18:26:26, 0.0393334637, 0.0371754988, 0.1095680744, 0.1183987078, 2677.9219, 2641.7188, 767.8850, 18.4489
2025-12-03 18:26:32, 0.0439640516, 0.0409776236, 0.1446255256, 0.1719407658, 2759.5965, 2670.7544, 765.8400, 21.7831
2025-12-03 18:26:38, 0.0460450044, 0.0394152641, 0.1330699375, 0.1313931918, 2960.7959, 3009.3673, 764.5000, 18.1571
2025-12-03 18:26:43, 0.0417881376, 0.0448711969, 0.1422416218, 0.1364024957, 2947.5410, 2985.1475, 764.3600, 19.2562
2025-12-03 18:26:49, 0.0314192005, 0.0371180503, 0.2395326299, 0.1781765656, 2615.2791, 2526.8140, 764.3350, 19.9217
2025-12-03 18:26:55, 0.0301969660, 0.0303581402, 0.1168697251, 0.0730364771, 2613.1475, 2395.1803, 766.4000, 16.4539
2025-12-03 18:27:00, 0.0312866471, 0.0269933134, 0.1787056273, 0.2022268597, 2932.7451, 2784.3137, 764.7300, 21.4331
2025-12-03 18:27:06, 0.0428871494, 0.0436743557, 0.1313764640, 0.1045743287, 2630.7419, 2471.5806, 766.4650, 16.6655
2025-12-03 18:27:12, 0.0314971859, 0.0299318832, 0.1382497044, 0.1346138767, 2786.3065, 2705.5968, 766.1350, 18.4942
2025-12-03 18:27:18, 0.0308055267, 0.0307851852, 0.1093707479, 0.1599183071, 2980.5385, 2876.0577, 765.5800, 17.6546
2025-12-03 18:27:24, 0.0386878021, 0.0554925009, 0.1229574217, 0.1177521834, 2581.2778, 2417.0000, 768.7050, 17.7625
2025-12-03 18:27:30, 0.0400009617, 0.0402099664, 0.2046852784, 0.1691794012, 2817.3871, 2693.1935, 766.7350, 18.9870
2025-12-03 18:27:35, 0.0515761790, 0.0445639730, 0.1167298100, 0.0778678443, 2500.7925, 2446.6415, 766.4650, 16.1313
2025-12-03 18:27:41, 0.0628592360, 0.0633516506, 0.1344500299, 0.1409551044, 3226.4255, 3095.4255, 769.2250, 17.8618
2025-12-03 18:27:47, 0.0648218233, 0.0456025491, 0.1222087052, 0.0885981185, 2709.6721, 2696.5738, 767.7550, 19.1529
2025-12-03 18:27:53, 0.0636444786, 0.0586957482, 0.1509372625, 0.1652783467, 2771.4583, 2790.6250, 766.9650, 17.4732
2025-12-03 18:27:58, 0.0491253341, 0.0466316786, 0.1954576612, 0.1776174626, 2775.6607, 2739.3750, 768.7200, 17.3517
2025-12-03 18:28:04, 0.0502010461, 0.0521936786, 0.1516236009, 0.1170297767, 2869.5370, 2755.0370, 769.1650, 16.7460
2025-12-03 18:28:10, 0.0573257206, 0.0458607579, 0.1272057018, 0.1681707439, 2943.3273, 2932.2727, 767.1200, 18.2287
2025-12-03 18:28:16, 0.0338884393, 0.0348678322, 0.1048843390, 0.1171963020, 2603.6875, 2629.5781, 765.0000, 20.3155
2025-12-03 18:28:21, 0.0657676872, 0.0392084300, 0.2289240441, 0.1691534145, 2908.7377, 2839.8525, 766.8100, 18.2347
2025-12-03 18:28:27, 0.0493019144, 0.0407900214, 0.0974158522, 0.1398117931, 2746.3333, 2770.2917, 766.6000, 17.3980
2025-12-03 18:28:33, 0.0602576093, 0.0680606916, 0.1898875634, 0.1706584803, 2701.0909, 2731.0682, 767.0850, 18.6635
2025-12-03 18:28:39, 0.0347768621, 0.0321958519, 0.1313667887, 0.1385264876, 2786.5750, 2852.6750, 767.1600, 18.4438
2025-12-03 18:28:44, 0.0502045282, 0.0522757537, 0.1572925757, 0.1358433100, 2754.1132, 2661.4151, 765.8050, 17.7861
2025-12-03 18:28:50, 0.0427047437, 0.0440956295, 0.2021166225, 0.1550639453, 2708.1509, 2763.4717, 766.9700, 19.2974
2025-12-03 18:28:56, 0.0530435749, 0.0463167937, 0.1206070285, 0.1467158480, 2605.8810, 2630.7143, 768.2150, 17.4897
2025-12-03 18:29:02, 0.0721776716, 0.0518250530, 0.3145953938, 0.2379682059, 2941.1463, 2869.9756, 762.1200, 17.6161
2025-12-03 18:29:08, 0.0669816432, 0.0634393384, 0.0689535139, 0.0797193105, 2408.6087, 2539.6304, 763.0350, 18.3023
2025-12-03 18:29:14, 0.0659926086, 0.0586824562, 0.1004001331, 0.1200590909, 3001.9231, 2897.8654, 764.1100, 17.4166
2025-12-03 18:29:19, 0.0583951733, 0.0666897732, 0.1455578854, 0.1279753283, 2834.8409, 2849.0000, 762.9700, 16.8997
2025-12-03 18:29:25, 0.0722754450, 0.0509752962, 0.2029131265, 0.1632321289, 2987.2281, 2880.1228, 764.2100, 17.5564
2025-12-03 18:29:31, 0.0527460351, 0.0655960016, 0.0973894232, 0.0798651563, 3023.4400, 2887.9600, 765.1850, 17.7251
2025-12-03 18:29:37, 0.0682958824, 0.0567721111, 0.1267703023, 0.1271714739, 3087.2093, 3128.6744, 766.6950, 17.8012
2025-12-03 18:29:43, 0.0428490972, 0.0614215497, 0.1459385804, 0.1879437803, 2917.2979, 2858.4255, 766.2200, 17.4219
2025-12-03 18:29:48, 0.0641219742, 0.0506744739, 0.1622732620, 0.1369643393, 2965.6346, 2991.6538, 766.8950, 19.2776
2025-12-03 18:29:54, 0.0509530691, 0.0533376649, 0.1401924767, 0.1500712429, 3070.1754, 2935.1754, 766.6750, 19.7636
2025-12-03 18:30:00, 0.0517947103, 0.0568229116, 0.2011136805, 0.2358835205, 2849.3542, 2761.2500, 766.6600, 17.2225
2025-12-03 18:30:06, 0.0519028156, 0.0483332134, 0.1908514024, 0.1519557878, 3060.1163, 2918.9070, 765.1250, 16.6388
2025-12-03 18:30:12, 0.0423565042, 0.0495731225, 0.2480094973, 0.1519040176, 2773.9667, 2652.7667, 765.7250, 16.1830
2025-12-03 18:30:17, 0.0669858515, 0.0521313753, 0.1025421339, 0.1119352430, 2966.9231, 2917.9615, 768.2550, 16.4015
2025-12-03 18:30:23, 0.0373442014, 0.0560081967, 0.2272724669, 0.2172029285, 2784.5349, 2883.7674, 766.8900, 17.7707
2025-12-03 18:30:29, 0.0434714786, 0.0444028630, 0.1335292929, 0.1408944694, 2917.2982, 2686.2105, 769.4050, 17.7325
2025-12-03 18:30:34, 0.0343149547, 0.0356453620, 0.1141958076, 0.1089879490, 2877.8636, 2785.8182, 771.5550, 17.2852
2025-12-03 18:30:40, 0.0463619118, 0.0433243185, 0.1187522221, 0.1318170565, 2774.6721, 2703.3934, 768.7050, 17.6974
2025-12-03 18:30:46, 0.0435264491, 0.0352790348, 0.1573823549, 0.1443555997, 2566.6491, 2632.4912, 766.4750, 18.1645
2025-12-03 18:30:52, 0.0572084368, 0.0503149406, 0.0970261579, 0.1234943990, 2685.0000, 2600.9123, 765.0700, 18.6611
2025-12-03 18:30:57, 0.0412536578, 0.0460328932, 0.1261082779, 0.1759103049, 2634.1277, 2644.9149, 765.0500, 17.4756
2025-12-03 18:31:03, 0.0396477055, 0.0272651565, 0.1434413021, 0.2065575171, 2723.1667, 2835.7778, 761.9900, 17.1172
2025-12-03 18:31:09, 0.0391374545, 0.0311207384, 0.1741428620, 0.1596375659, 2827.3269, 2776.9808, 763.7800, 18.6736
2025-12-03 18:31:15, 0.0367255870, 0.0359868039, 0.1441082272, 0.2322093240, 3121.6935, 3048.7258, 761.6350, 17.6077
2025-12-03 18:31:20, 0.0566623870, 0.0574518713, 0.1328492019, 0.1476035257, 2927.0820, 2932.1967, 765.5550, 16.6183
2025-12-03 18:31:26, 0.0383769557, 0.0375344688, 0.1543483100, 0.1311659525, 2803.0606, 2766.8485, 760.7400, 18.0785
2025-12-03 18:31:32, 0.0359457448, 0.0501763300, 0.1649920276, 0.1765176743, 2815.1136, 2917.4318, 760.6750, 17.8227
2025-12-03 18:31:37, 0.0424234896, 0.0402315388, 0.1573292037, 0.1716935520, 2892.5435, 2854.3261, 762.1450, 18.1833
2025-12-03 18:31:43, 0.0390629343, 0.0351512878, 0.1426104566, 0.1622977404, 2704.6500, 2740.1000, 761.8000, 18.4597
2025-12-03 18:31:49, 0.0414742888, 0.0481100249, 0.1985472024, 0.1914602859, 3063.8475, 2973.9661, 764.8900, 18.1060
2025-12-03 18:31:55, 0.0487663466, 0.0564297413, 0.1619311913, 0.1807914736, 2816.9423, 2820.7308, 765.7250, 19.7525
2025-12-03 18:32:01, 0.0504821367, 0.0544935961, 0.2204614925, 0.1798568331, 2989.1277, 2914.7021, 763.9600, 17.0440
2025-12-03 18:32:06, 0.0731860335, 0.0566019407, 0.1609119853, 0.1571024454, 3158.7021, 3078.9362, 765.7750, 17.3679
2025-12-03 18:32:12, 0.0792460264, 0.0611852504, 0.1567261344, 0.0803431858, 2805.6739, 2766.2391, 769.4650, 18.0779
2025-12-03 18:32:18, 0.0421361801, 0.0329490959, 0.1646784481, 0.1728376443, 2766.5116, 2704.8140, 768.5550, 18.1328
2025-12-03 18:32:24, 0.0518557459, 0.0475571229, 0.1449461952, 0.1277288588, 2786.9388, 2817.4286, 766.5800, 19.3784
2025-12-03 18:32:29, 0.0702963764, 0.0559989438, 0.1044549276, 0.1127372535, 2843.2500, 2872.8182, 766.6400, 18.5524
2025-12-03 18:32:35, 0.0402157400, 0.0382368507, 0.2073407563, 0.1662348060, 3022.7593, 2854.3333, 766.8700, 16.2927
2025-12-03 18:32:41, 0.0457181806, 0.0353929505, 0.1042648884, 0.0893479102, 2762.0652, 2720.8043, 769.1800, 18.9528
2025-12-03 18:32:46, 0.0361494708, 0.0324936659, 0.1528973523, 0.1228561554, 2662.2745, 2511.5490, 761.2200, 17.5565
2025-12-03 18:32:52, 0.0385833828, 0.0337235789, 0.2224450379, 0.1566365259, 2784.1552, 2541.8966, 763.8000, 17.2206
2025-12-03 18:32:58, 0.0716889698, 0.0555503156, 0.1620650385, 0.1435907250, 2926.6471, 2843.1569, 762.7650, 19.0468
2025-12-03 18:33:03, 0.0536407409, 0.0550581791, 0.1600506830, 0.2000387481, 2932.8298, 3066.8723, 762.2050, 18.3287
2025-12-03 18:33:09, 0.0466694902, 0.0588629783, 0.1128197730, 0.1046674395, 2667.1220, 2549.0244, 764.2850, 16.9385
2025-12-03 18:33:15, 0.0408702671, 0.0396005270, 0.2347668273, 0.2655195459, 2978.3878, 2932.1020, 765.9600, 18.9581
2025-12-03 18:33:21, 0.0440968737, 0.0423143866, 0.1420320766, 0.1582141558, 2942.6744, 2923.2326, 764.4300, 19.4107
2025-12-03 18:33:27, 0.0733329763, 0.0677809768, 0.1933290207, 0.1652804604, 2886.2766, 3013.5532, 761.1400, 18.9243
2025-12-03 18:33:32, 0.0445359209, 0.0544143807, 0.1089932153, 0.1285202780, 3018.3509, 3039.4912, 766.2550, 20.2909
2025-12-03 18:33:38, 0.0709450996, 0.0541882127, 0.1869333322, 0.1338946568, 2797.0943, 2816.8491, 763.8950, 21.1455
2025-12-03 18:33:44, 0.0659464167, 0.0504022428, 0.1437193159, 0.1470660209, 2911.1970, 2798.7576, 759.6400, 22.2416
2025-12-03 18:33:50, 0.0638167264, 0.0555345708, 0.1274951883, 0.1330459580, 2744.8966, 2822.0517, 758.1150, 20.6904
2025-12-03 18:33:55, 0.0754938712, 0.0570460142, 0.1336701480, 0.1241557418, 2768.9804, 2903.5294, 763.6700, 20.4500
2025-12-03 18:34:01, 0.0691864150, 0.0493491283, 0.1180618592, 0.1014406508, 2798.9545, 2772.5227, 763.5000, 20.0858
2025-12-03 18:34:07, 0.0459545810, 0.0411991653, 0.2132673669, 0.1829732052, 3048.9348, 3199.3043, 760.7200, 21.5275
2025-12-03 18:34:13, 0.0438465384, 0.0470198146, 0.2885852509, 0.2938574156, 3120.0000, 3196.6000, 761.4300, 19.6287
2025-12-03 18:34:18, 0.0755734979, 0.0596987244, 0.1304466821, 0.1152069723, 2872.8667, 2855.2889, 765.7700, 20.9171
2025-12-03 18:34:24, 0.0677789017, 0.0669131047, 0.2546637958, 0.1878482508, 2977.6042, 2922.1875, 762.7050, 19.4923
2025-12-03 18:34:30, 0.0581631358, 0.0484161775, 0.1862524809, 0.1250115247, 3070.2250, 2971.1500, 764.1200, 19.5393
2025-12-03 18:34:36, 0.0690102567, 0.0400983141, 0.1475050966, 0.1906224900, 2874.5686, 2880.3137, 763.7900, 20.9439
2025-12-03 18:34:42, 0.0578365954, 0.0556976134, 0.2240462671, 0.1900338814, 2915.1364, 3012.1364, 763.9350, 18.6505
2025-12-03 18:34:47, 0.0417295974, 0.0303708991, 0.1886398571, 0.1282094861, 2769.8197, 2629.1475, 761.7800, 20.5215
2025-12-03 18:34:53, 0.0791187199, 0.0687898990, 0.1617472904, 0.1987417718, 2994.6410, 3022.0000, 763.3500, 18.5340
2025-12-03 18:34:59, 0.0434657135, 0.0392180263, 0.2262198248, 0.1568049077, 2889.1163, 2847.0233, 764.4200, 17.5278
2025-12-03 18:35:05, 0.0613201556, 0.0573104158, 0.1538566301, 0.1674444474, 2786.4483, 2876.4138, 762.9450, 17.6763
2025-12-03 18:35:11, 0.0511984006, 0.0467431527, 0.1851683708, 0.1997982088, 2882.6087, 2857.2391, 763.7400, 19.9933
2025-12-03 18:35:16, 0.0573591711, 0.0503440460, 0.1611622478, 0.1483086362, 2958.5283, 2918.2264, 760.5300, 20.1673
2025-12-03 18:35:22, 0.0709673106, 0.0813171761, 0.2829956494, 0.2560383189, 2611.7391, 2602.0652, 761.7350, 19.1004
2025-12-03 18:35:28, 0.0962304814, 0.0722729559, 0.1050149931, 0.1609259178, 2878.4706, 2881.3824, 762.5650, 18.2331
2025-12-03 18:35:34, 0.0457396737, 0.0416332428, 0.1806437367, 0.1599612069, 2864.2000, 2801.3000, 762.1550, 18.0003
2025-12-03 18:35:39, 0.0655715758, 0.0498997941, 0.2109605558, 0.1516629634, 3222.5556, 3140.9167, 754.5900, 19.1063
2025-12-03 18:35:45, 0.0651130368, 0.0533914075, 0.1153693092, 0.1127988654, 2982.4200, 3012.0200, 755.3000, 19.1721
2025-12-03 18:35:51, 0.0960347363, 0.0671990349, 0.1524768164, 0.1743634846, 2802.8077, 2850.7692, 756.5400, 17.9786
2025-12-03 18:35:56, 0.0930655875, 0.0641420147, 0.2506017533, 0.1733036088, 2829.5405, 2756.4595, 756.7650, 16.6832
2025-12-03 18:36:02, 0.0666199662, 0.0668643920, 0.1433673406, 0.1078909998, 2786.2553, 2707.5532, 758.2650, 17.7650
2025-12-03 18:36:08, 0.0713003129, 0.0616103537, 0.1214594798, 0.1245148793, 2799.6667, 2797.9167, 756.3550, 18.4456
2025-12-03 18:36:13, 0.0745143111, 0.0842423919, 0.1115374340, 0.1178694368, 3223.2821, 3200.9487, 755.0650, 18.8576
2025-12-03 18:36:20, 0.0693568625, 0.0559345617, 0.1705486986, 0.1477902270, 3234.7949, 3203.4872, 760.0850, 17.3204
2025-12-03 18:36:26, 0.0644378833, 0.0574981092, 0.1670066759, 0.1331086293, 2754.4889, 2693.1333, 758.6050, 17.4528
2025-12-03 18:36:31, 0.0582245292, 0.0583445567, 0.2246466044, 0.1374680641, 3130.6721, 2969.4754, 758.9750, 17.8912
2025-12-03 18:36:37, 0.0550721002, 0.0528656404, 0.2260630267, 0.1704018938, 2646.6275, 2643.1373, 759.1800, 17.5982
2025-12-03 18:36:43, 0.0777825507, 0.0580816866, 0.1459134129, 0.1552233786, 2856.2750, 2868.4500, 760.6300, 17.8892
2025-12-03 18:36:55, 0.0707282766, 0.0583284333, 0.1440058189, 0.1543528012, 2826.0870, 2840.8043, 762.1800, 18.8499
2025-12-03 18:37:00, 0.0564121694, 0.0495786974, 0.2420718501, 0.1845637209, 2750.6226, 2585.7925, 759.5800, 17.0913
2025-12-03 18:37:06, 0.0709046767, 0.0572786845, 0.1575460872, 0.1494299275, 2796.9250, 2832.0750, 761.3500, 17.4539
2025-12-03 18:37:12, 0.0378674509, 0.0367216020, 0.0659951871, 0.0728397352, 2562.0909, 2465.2727, 761.8150, 17.1389
2025-12-03 18:37:17, 0.0410984484, 0.0349687940, 0.1275940496, 0.1386702021, 2787.5000, 2652.1613, 761.6300, 19.1003
2025-12-03 18:37:23, 0.0436425361, 0.0302649391, 0.1533947473, 0.1491215396, 2864.1509, 2843.3208, 760.3850, 18.0687
2025-12-03 18:37:29, 0.0442660961, 0.0390814183, 0.1696984590, 0.1261918501, 2834.2353, 2746.6667, 764.4950, 18.8130
2025-12-03 18:37:35, 0.0530210427, 0.0591837109, 0.0954610475, 0.1200834965, 2811.6441, 2888.2712, 763.9600, 18.5763
2025-12-03 18:37:40, 0.0319991466, 0.0265140328, 0.1037821360, 0.0923098876, 2854.8846, 2635.7500, 763.4950, 18.1080
2025-12-03 18:37:46, 0.0587230272, 0.0575590798, 0.0875536669, 0.0922903229, 3145.9091, 2956.8364, 764.9550, 16.7434
2025-12-03 18:37:52, 0.0784574199, 0.0727408354, 0.0985806537, 0.0957709461, 2443.9574, 2482.1277, 761.6800, 18.4501
2025-12-03 18:37:58, 0.0570859653, 0.0787440790, 0.1332565140, 0.1055103929, 3237.2333, 3065.9000, 759.7950, 16.5104
2025-12-03 18:38:03, 0.0570454354, 0.0547542182, 0.1038383588, 0.1060529426, 2934.6226, 2902.9811, 760.1750, 16.6101
2025-12-03 18:38:09, 0.0597510925, 0.0531541730, 0.1716814887, 0.1435623454, 3181.7083, 2991.3125, 764.0400, 19.6984
2025-12-03 18:38:15, 0.0439376442, 0.0456062221, 0.1216142404, 0.1203684671, 2846.9643, 2919.0357, 760.1700, 17.7927
2025-12-03 18:38:21, 0.0422279177, 0.0426367506, 0.1528417564, 0.1095268181, 3005.9808, 2915.8462, 768.2150, 19.0793
2025-12-03 18:38:27, 0.0509083637, 0.0479623021, 0.1373593298, 0.1504458795, 2997.4138, 2968.7241, 761.6000, 19.2398
2025-12-03 18:38:32, 0.0765756221, 0.0518335765, 0.1221785109, 0.1040072521, 3182.9583, 3100.7292, 769.3550, 21.2268
2025-12-03 18:38:38, 0.0634247625, 0.0460540115, 0.0896257970, 0.0860835450, 2883.9688, 2802.8438, 767.0600, 18.4777
2025-12-03 18:38:44, 0.0927689611, 0.0758355893, 0.0955292449, 0.0794913112, 2779.5200, 2692.9800, 763.2000, 18.1739
2025-12-03 18:38:50, 0.0940990153, 0.0696111113, 0.1351285307, 0.1348955000, 3092.4483, 3103.1379, 769.7400, 17.3751
2025-12-03 18:38:55, 0.0939933617, 0.0659840319, 0.1570534022, 0.1223930799, 2844.9643, 2807.0893, 766.0550, 17.5046
2025-12-03 18:39:01, 0.0722072562, 0.0645690636, 0.1222229391, 0.1306973357, 2988.2745, 3095.7451, 763.7150, 18.5444
2025-12-03 18:39:07, 0.0765296456, 0.0533618145, 0.1878360633, 0.1491078544, 2911.0000, 2947.0577, 765.2650, 19.7432
2025-12-03 18:39:13, 0.0499821558, 0.0707614488, 0.1296826382, 0.1119708327, 2652.0476, 2759.4286, 765.3450, 17.5678
2025-12-03 18:39:18, 0.0706381908, 0.0662925069, 0.1223372476, 0.1131930043, 2940.6875, 2966.9167, 761.7950, 18.6057
2025-12-03 18:39:24, 0.0561739075, 0.0648422465, 0.1108423581, 0.0997770857, 3329.0889, 3163.0667, 761.4650, 16.4329
2025-12-03 18:39:30, 0.0594512638, 0.0582626405, 0.1645371151, 0.1311419403, 2913.8723, 2964.9149, 767.9900, 19.7583
2025-12-03 18:39:36, 0.0446239930, 0.0371141333, 0.1581680158, 0.1257859773, 2728.7800, 2723.1400, 766.3050, 18.1981
2025-12-03 18:39:41, 0.0399945911, 0.0453965200, 0.1087998887, 0.1304807625, 2701.6346, 2626.2115, 764.2250, 18.3323
2025-12-03 18:39:47, 0.0466371477, 0.0505963816, 0.1428382536, 0.1357677292, 3076.9630, 3059.5370, 762.3200, 17.3876
2025-12-03 18:39:53, 0.0576746874, 0.0577847080, 0.1455688814, 0.1540061525, 2929.2500, 2957.5455, 763.6600, 18.0023
2025-12-03 18:39:58, 0.0745124489, 0.0655020011, 0.1075660764, 0.0894611207, 3024.5000, 2988.1087, 763.1650, 17.4533
2025-12-03 18:40:05, 0.1046635901, 0.0586888338, 0.0849819673, 0.0820211964, 2846.5789, 2701.2895, 763.8850, 17.1605
2025-12-03 18:40:11, 0.0843269613, 0.0632823642, 0.1058351799, 0.0748770639, 2729.6667, 2737.3333, 765.6100, 18.2797
2025-12-03 18:40:16, 0.0523344137, 0.0540512198, 0.1059728417, 0.1348234561, 3148.3636, 3093.0000, 763.7300, 19.4388
2025-12-03 18:40:22, 0.0515598088, 0.0462806482, 0.1695662114, 0.1110898753, 3009.8367, 2829.6939, 762.9400, 17.0275
2025-12-03 18:40:28, 0.0474183504, 0.0401068384, 0.1012916693, 0.0860188308, 2793.6897, 2810.9138, 764.1800, 19.9223
2025-12-03 18:40:34, 0.0731098263, 0.0617416339, 0.1628229082, 0.1260648015, 2825.9455, 2740.4000, 769.0450, 19.0432
2025-12-03 18:40:40, 0.0651319254, 0.0671058592, 0.1430978842, 0.1101901220, 2996.8261, 2875.1087, 767.2800, 17.6511
2025-12-03 18:40:45, 0.0556183864, 0.0491594663, 0.1095433233, 0.0700921452, 2966.1579, 2750.8947, 767.1450, 19.3410
2025-12-03 18:40:51, 0.0478312197, 0.0422445190, 0.1043005365, 0.0899753142, 2874.0286, 2879.3714, 768.5250, 17.0742
2025-12-03 18:40:57, 0.0517012110, 0.0479249746, 0.1170826690, 0.0837311386, 2536.0213, 2537.9149, 767.9000, 19.0628
2025-12-03 18:41:02, 0.1000665342, 0.0714639200, 0.1724798860, 0.1441534657, 2753.7333, 2771.5556, 769.0950, 17.1708
2025-12-03 18:41:08, 0.0454116100, 0.0417692981, 0.3513537129, 0.3571811005, 2476.6341, 2481.2927, 770.0700, 18.0791
2025-12-03 18:41:14, 0.0655366212, 0.0558746655, 0.1409531620, 0.2549264815, 2620.4390, 2645.6585, 768.3500, 15.9021
2025-12-03 18:41:20, 0.0672458655, 0.0640110734, 0.2547408953, 0.2227000257, 2777.4773, 2600.6136, 770.6900, 18.6862
2025-12-03 18:41:25, 0.0518920082, 0.0518479765, 0.1300949688, 0.1440772239, 2370.7647, 2422.1765, 766.3900, 16.5797
2025-12-03 18:41:32, 0.0391057339, 0.0428269186, 0.2153474940, 0.1913311221, 2857.7727, 2845.1591, 766.3050, 17.3690
2025-12-03 18:41:37, 0.0733997214, 0.0670823973, 0.1297792168, 0.1703307058, 2686.7222, 2779.4444, 766.6250, 17.2640
2025-12-03 18:41:43, 0.0482331359, 0.0450469377, 0.1343381406, 0.0951843264, 2883.5417, 2734.4167, 765.5400, 17.7033
2025-12-03 18:41:49, 0.0420489395, 0.0477009705, 0.1069269186, 0.1337916510, 2665.2857, 2623.3878, 767.1750, 17.6580
2025-12-03 18:41:55, 0.0397198213, 0.0345321978, 0.2013693342, 0.2006899507, 2834.6579, 2688.4737, 765.0000, 19.5599
2025-12-03 18:42:01, 0.0447547912, 0.0565628643, 0.1940559366, 0.1487770498, 2896.2857, 2746.2381, 765.4750, 18.1491
2025-12-03 18:42:06, 0.0577457807, 0.0421397937, 0.1409295371, 0.1595157641, 2675.0588, 2604.2549, 764.3500, 17.7313
2025-12-03 18:42:12, 0.0483214399, 0.0560392178, 0.1172874810, 0.1184523728, 2967.5000, 2881.9286, 765.2000, 15.3460
2025-12-03 18:42:18, 0.0534869249, 0.0475541119, 0.1649456196, 0.1541243758, 3049.4815, 2880.0000, 764.6700, 18.4808
2025-12-03 18:42:24, 0.0513428154, 0.0428363464, 0.1565662114, 0.1727789635, 3015.0000, 2947.9556, 762.1850, 18.5257
2025-12-03 18:42:29, 0.0568467241, 0.0577361405, 0.3827233378, 0.2706428265, 3047.7083, 2791.6667, 765.0650, 18.7358
2025-12-03 18:42:35, 0.0715258080, 0.0523219728, 0.2192120730, 0.2077990654, 2982.1429, 2967.0000, 764.5800, 20.0904
2025-12-03 18:42:41, 0.0526561020, 0.0413352056, 0.2447983351, 0.2642628140, 3313.9375, 3243.1667, 765.2350, 20.2104
2025-12-03 18:42:47, 0.0725256410, 0.0641482382, 0.3411132253, 0.2462259396, 2921.4286, 3009.7143, 765.7450, 17.6028
2025-12-03 18:42:52, 0.0601155923, 0.0607672746, 0.2140765974, 0.1448017994, 2915.0408, 2894.2245, 762.5450, 18.7999
2025-12-03 18:42:58, 0.0935414873, 0.0840083082, 0.1865666506, 0.1983567010, 2867.0227, 2916.0000, 764.7500, 20.7279
2025-12-03 18:43:04, 0.0923465108, 0.0724703496, 0.1202955662, 0.0971520475, 2347.6216, 2419.3784, 766.1500, 17.7296
2025-12-03 18:43:10, 0.0859650003, 0.0559888487, 0.1783890921, 0.1798910423, 2867.3023, 2944.7907, 763.9150, 18.8570
2025-12-03 18:43:15, 0.0486889609, 0.0565063870, 0.1938010355, 0.1567862719, 2659.8000, 2646.7000, 766.6850, 18.5210
2025-12-03 18:43:21, 0.0914694252, 0.0752793325, 0.2236782955, 0.1876937890, 2907.2353, 2891.0000, 766.3150, 18.8105
2025-12-03 18:43:27, 0.0533279012, 0.0584736641, 0.1411326455, 0.1329095208, 2708.2500, 2597.4318, 766.8500, 18.1446
2025-12-03 18:43:33, 0.0603047475, 0.0382125465, 0.1544387224, 0.2050321152, 2848.2045, 2819.2273, 769.6900, 20.2587
2025-12-03 18:43:38, 0.0529714773, 0.0552900840, 0.1352571357, 0.1307469378, 2863.0588, 2832.0588, 765.3750, 19.3906
2025-12-03 18:43:44, 0.0654613095, 0.0596091978, 0.1977011970, 0.1679777450, 2664.0339, 2463.8983, 764.5000, 19.2699
2025-12-03 18:43:50, 0.0573054522, 0.0509339409, 0.2018661970, 0.2632672648, 2784.8333, 2777.8333, 764.8100, 18.6819
2025-12-03 18:43:56, 0.0354024350, 0.0351980443, 0.2423683923, 0.2714881702, 3269.7391, 3178.1304, 765.5850, 17.1797
2025-12-03 18:44:02, 0.0594828103, 0.0562066092, 0.1805964769, 0.1423758674, 2837.7727, 2742.5227, 765.0250, 19.1855
2025-12-03 18:44:08, 0.0526103047, 0.0623299660, 0.2065354501, 0.1998476591, 2607.7955, 2611.1136, 763.4800, 18.7037
2025-12-03 18:44:13, 0.0758376439, 0.0608146681, 0.1745281532, 0.1390928773, 2687.5217, 2615.7174, 765.4700, 16.9142
2025-12-03 18:44:19, 0.0695066243, 0.0653900974, 0.1582132532, 0.1606833010, 2852.5714, 2880.0000, 763.4800, 17.2406
2025-12-03 18:44:25, 0.0393632568, 0.0439816476, 0.2245592572, 0.1817816647, 2839.2308, 2778.4103, 763.7200, 17.9475
2025-12-03 18:44:30, 0.0780467376, 0.0548757783, 0.1781226731, 0.1763129163, 2547.9318, 2508.3409, 758.9450, 19.1008
2025-12-03 18:44:36, 0.0737032620, 0.0662769893, 0.1412174959, 0.2238435657, 2809.7619, 2924.9048, 760.0850, 17.6036
2025-12-03 18:44:42, 0.0524786946, 0.0521309579, 0.2457939059, 0.2524668774, 2659.9783, 2667.9783, 757.5900, 18.9238
2025-12-03 18:44:48, 0.0477663646, 0.0427689539, 0.1345869105, 0.1750979683, 2727.9400, 2815.1800, 761.5150, 16.8633
2025-12-03 18:44:53, 0.0372574657, 0.0385973249, 0.0890929561, 0.1138046250, 2660.7451, 2742.1373, 761.0200, 17.1828
2025-12-03 18:44:59, 0.0489014047, 0.0440058791, 0.1470494998, 0.2044781209, 2654.7174, 2653.0870, 760.6300, 18.4023
2025-12-03 18:45:06, 0.0417253688, 0.0351343786, 0.2120736109, 0.1650829004, 2658.3617, 2652.2979, 757.3600, 19.0644
2025-12-03 18:45:11, 0.0377132806, 0.0448063509, 0.1762019795, 0.1127762600, 2699.5556, 2645.6889, 759.7800, 18.1904
2025-12-03 18:45:17, 0.0399547022, 0.0434868821, 0.1855751711, 0.2314770518, 2485.3714, 2490.1143, 758.3900, 17.7628
2025-12-03 18:45:23, 0.0337376715, 0.0322919725, 0.1305903107, 0.1151754989, 2740.7800, 2621.2600, 759.3400, 18.1175
2025-12-03 18:45:29, 0.0468509385, 0.0326399251, 0.2064018314, 0.2135244985, 2777.7581, 2759.9839, 764.9850, 17.1434
2025-12-03 18:45:34, 0.0517709897, 0.0548958287, 0.1365350624, 0.1242088506, 2737.8537, 2838.5854, 764.1100, 18.2726
2025-12-03 18:45:40, 0.0490582073, 0.0358073405, 0.1005670340, 0.1062066972, 2541.0185, 2525.0000, 762.2200, 18.0314
2025-12-03 18:45:46, 0.0526652669, 0.0482867389, 0.1813574149, 0.1032421003, 2811.4348, 2725.3261, 764.1500, 17.3147
2025-12-03 18:45:52, 0.0400054373, 0.0425109692, 0.1507779308, 0.1481488853, 2947.1132, 2986.0377, 767.9150, 19.0994
2025-12-03 18:45:57, 0.0555159863, 0.0554087725, 0.1730969255, 0.1258005570, 3051.9825, 2846.8246, 769.0300, 18.6287
2025-12-03 18:46:03, 0.0824503100, 0.0598042548, 0.1514691290, 0.1700171287, 2787.3721, 2848.7907, 766.8850, 17.4422
2025-12-03 18:46:09, 0.0629856025, 0.0625527451, 0.2007998417, 0.1806395406, 2767.1395, 2764.3256, 768.6650, 17.3771
2025-12-03 18:46:14, 0.0643024032, 0.0532089631, 0.1256365646, 0.1253994502, 2811.0222, 2854.3333, 765.8100, 16.8646
2025-12-03 18:46:20, 0.0548944755, 0.0493304200, 0.1787660714, 0.1526033571, 2863.6071, 2800.7143, 767.6050, 19.4074
2025-12-03 18:46:26, 0.0562506588, 0.0563964802, 0.1225944094, 0.0993891829, 2622.9070, 2581.2093, 765.6250, 17.5822
2025-12-03 18:46:32, 0.0419572739, 0.0761069011, 0.1724660426, 0.1447325222, 3250.1515, 3293.2727, 767.7850, 21.1955
2025-12-03 18:46:38, 0.0542088161, 0.0532288753, 0.1265556957, 0.0879828316, 2894.3846, 2779.8462, 764.6600, 20.7818
2025-12-03 18:46:44, 0.0578024869, 0.0606154330, 0.2114827653, 0.1421040225, 3215.5897, 3052.3846, 763.7500, 18.5542
2025-12-03 18:46:49, 0.0897737164, 0.0651555387, 0.1575324198, 0.1315247988, 3126.7778, 3103.1389, 765.2900, 18.2326
2025-12-03 18:46:55, 0.0661046564, 0.0531733575, 0.2364528684, 0.2099932736, 2804.8846, 2768.1346, 765.7800, 16.5596
2025-12-03 18:47:01, 0.0559316866, 0.0704091070, 0.1953814617, 0.1879081959, 2621.0000, 2589.3182, 765.1700, 18.7771
2025-12-03 18:47:07, 0.0434333440, 0.0605048555, 0.1094125706, 0.1449540565, 2698.7679, 2706.2857, 770.7200, 21.8376
2025-12-03 18:47:13, 0.0647700203, 0.0768940143, 0.1215894807, 0.1373089805, 2322.0250, 2431.1250, 769.5100, 22.6208
2025-12-03 18:47:18, 0.0604454170, 0.0446603450, 0.1215347636, 0.2094436842, 2800.7209, 2848.2558, 770.0550, 19.3001
2025-12-03 18:47:24, 0.0533315699, 0.0762728805, 0.1599477832, 0.1670009904, 2807.5455, 2798.3409, 765.3100, 18.6567
2025-12-03 18:47:30, 0.0471005724, 0.0394044488, 0.1274102105, 0.1818841506, 2716.8000, 2851.6000, 763.0000, 18.1700
2025-12-03 18:47:36, 0.0647823015, 0.0509705199, 0.2022899039, 0.2451222737, 2951.8837, 2941.9302, 763.9950, 18.2993
2025-12-03 18:47:41, 0.0455218284, 0.0438476558, 0.1685005489, 0.1428506816, 2967.4694, 2731.4082, 762.9150, 19.7951
2025-12-03 18:47:47, 0.0609610793, 0.0523992835, 0.1530952714, 0.1436880828, 2669.5660, 2605.7547, 766.6050, 17.2965
2025-12-03 18:47:53, 0.0377959425, 0.0347735171, 0.1198883103, 0.1131705761, 2450.6500, 2363.1000, 763.0750, 18.6121
2025-12-03 18:47:59, 0.0586004662, 0.0622429283, 0.1098593127, 0.1171144799, 2867.9111, 2933.1333, 762.8500, 18.4818
2025-12-03 18:48:05, 0.0427466231, 0.0442080798, 0.1302862779, 0.1741311242, 2654.5455, 2684.5682, 764.1900, 19.4862
2025-12-03 18:48:11, 0.0669371278, 0.0627683063, 0.1841778846, 0.1801818038, 3010.2105, 3033.2632, 763.2200, 19.6807
2025-12-03 18:48:16, 0.0667389495, 0.0634621272, 0.1810966504, 0.1411181707, 2937.4130, 3012.7174, 764.1200, 17.4701
2025-12-03 18:48:22, 0.0512882100, 0.0408524042, 0.2008142828, 0.1620031062, 2765.3478, 2806.1957, 766.0050, 19.0766
2025-12-03 18:48:28, 0.0473988960, 0.0430563201, 0.1451394312, 0.1485692596, 3251.5000, 3215.7619, 761.2150, 19.5637
2025-12-03 18:48:33, 0.0494933329, 0.0520702107, 0.1258473504, 0.1263606282, 2677.9318, 2751.8864, 766.8050, 19.2535
2025-12-03 18:48:39, 0.0530878029, 0.0565157361, 0.1670907158, 0.1609537229, 2853.7436, 2742.5385, 764.3250, 17.8137
2025-12-03 18:48:45, 0.0421518997, 0.0473998803, 0.2372775459, 0.1919651651, 2725.4259, 2743.4074, 766.1250, 19.1180
2025-12-03 18:48:51, 0.0648970201, 0.0512282868, 0.0723872204, 0.0984152461, 2868.9500, 2873.8500, 764.8500, 17.2255
2025-12-03 18:48:57, 0.0384803395, 0.0339418093, 0.2064073395, 0.1868415684, 3005.0000, 3049.7949, 767.3450, 19.9150
2025-12-03 18:49:02, 0.0550351728, 0.0639240558, 0.1410973209, 0.1288736445, 3152.4773, 2949.8636, 768.9600, 18.7954
2025-12-03 18:49:08, 0.0687604324, 0.0751780466, 0.1712047934, 0.1698050798, 2337.7045, 2361.4545, 765.2700, 18.0773
2025-12-03 18:49:14, 0.0822436603, 0.0570150105, 0.1753635606, 0.1569869469, 2799.1795, 2691.1282, 767.8500, 18.5585
2025-12-03 18:49:20, 0.0627414163, 0.0431144195, 0.1879853601, 0.2328015342, 2706.3784, 2691.6216, 766.0200, 18.0211
2025-12-03 18:49:25, 0.0656729398, 0.0645479451, 0.1257750188, 0.1869499803, 2455.7273, 2486.4545, 767.7000, 19.2034
2025-12-03 18:49:31, 0.0605990222, 0.0464737751, 0.1672980443, 0.1284983885, 2857.9153, 2858.8305, 767.5850, 18.8966
2025-12-03 18:49:37, 0.0429667016, 0.0477639828, 0.1230764621, 0.2085531591, 2602.5476, 2655.4762, 766.8600, 17.9059
2025-12-03 18:49:43, 0.0335911373, 0.0341790641, 0.1320800395, 0.1140822491, 2696.6818, 2647.9545, 767.3900, 18.3534
2025-12-03 18:49:48, 0.0470246636, 0.0470462051, 0.0826064060, 0.1199700210, 2318.6744, 2486.2326, 766.5650, 19.2095
2025-12-03 18:49:54, 0.0478241854, 0.0454816771, 0.1541048611, 0.1395319584, 2559.0392, 2640.4902, 769.0150, 18.9567
2025-12-03 18:50:00, 0.0691626919, 0.0558983921, 0.1532774609, 0.1960429118, 2550.2444, 2739.0444, 767.6400, 21.5975
2025-12-03 18:50:06, 0.0749731856, 0.0622453106, 0.1608667450, 0.1385528078, 2706.6176, 2765.7941, 767.8250, 18.2665
2025-12-03 18:50:12, 0.0502223078, 0.0584014270, 0.1100205320, 0.0907019354, 2788.9000, 2820.9400, 764.3950, 18.4494
2025-12-03 18:50:18, 0.0429902680, 0.0463519124, 0.2136875795, 0.1742712566, 2691.1400, 2677.3000, 769.0300, 21.5865
2025-12-03 18:50:23, 0.0623793915, 0.0822460190, 0.2246545877, 0.1557165087, 3255.2308, 3032.6538, 767.9550, 17.8424
2025-12-03 18:50:29, 0.0623858418, 0.0601981046, 0.1465108912, 0.0950485622, 2963.5208, 2708.6667, 768.1600, 18.2416
2025-12-03 18:50:35, 0.0446905356, 0.0450268036, 0.1186101839, 0.1444341811, 2778.5400, 2817.3400, 770.0550, 16.4828
2025-12-03 18:50:40, 0.0636772869, 0.0530187104, 0.1366702494, 0.1144340971, 3213.2917, 3110.0625, 768.0600, 17.5339
2025-12-03 18:50:46, 0.0710436049, 0.0730512182, 0.1517327320, 0.1378480223, 2874.1250, 2913.1071, 769.2650, 20.0807
2025-12-03 18:50:52, 0.0571921780, 0.0561656235, 0.1214039481, 0.1351461372, 2715.9130, 2685.4783, 766.9900, 17.2661
2025-12-03 18:50:58, 0.0674155069, 0.0587343611, 0.2029521910, 0.1749049395, 3023.6735, 3025.1224, 765.6350, 18.8086
2025-12-03 18:51:03, 0.0693230378, 0.0658099076, 0.1277571801, 0.1296659204, 2978.7111, 3001.3778, 766.5600, 18.6396
2025-12-03 18:51:09, 0.0602430523, 0.0518387900, 0.1824981804, 0.1286869618, 3020.2979, 3004.3617, 765.9900, 17.7876
2025-12-03 18:51:15, 0.0737083579, 0.0575765049, 0.1213274014, 0.1482789115, 2486.2549, 2621.5882, 766.4050, 18.2746
2025-12-03 18:51:21, 0.0928769676, 0.0594099564, 0.1029536385, 0.0756997848, 2972.3333, 2713.4615, 767.1000, 18.8483
2025-12-03 18:51:27, 0.0802214340, 0.0678853143, 0.1228296513, 0.1417707681, 2780.2143, 2777.4762, 766.4500, 17.6124
2025-12-03 18:51:33, 0.0470427117, 0.0413714726, 0.1436837387, 0.1386143057, 2914.7174, 2931.0652, 766.5950, 20.0510
2025-12-03 18:51:39, 0.0466199988, 0.0463731497, 0.1550126435, 0.1592378752, 3079.1964, 3078.2679, 767.8500, 17.6380
2025-12-03 18:51:44, 0.0474457687, 0.0422798188, 0.1849535463, 0.1832273948, 2545.1957, 2588.9130, 764.9400, 19.0039
2025-12-03 18:51:50, 0.0409808461, 0.0372884474, 0.2182486601, 0.1851791655, 2842.9737, 2686.3684, 767.4200, 18.6331
2025-12-03 18:51:56, 0.0624646090, 0.0538830268, 0.2026467671, 0.1866852705, 2631.0833, 2602.9167, 768.5300, 17.0059
2025-12-03 18:52:02, 0.0462164613, 0.0525534170, 0.1666820068, 0.1693166778, 3018.8302, 3206.4717, 765.0750, 16.0997
2025-12-03 18:52:08, 0.0388954752, 0.0231297749, 0.1501912787, 0.1413692177, 2687.2642, 2633.2264, 767.7200, 18.0347
2025-12-03 18:52:13, 0.0306382542, 0.0324600075, 0.1212061086, 0.1407893314, 2724.8923, 2696.1538, 763.6150, 18.5814
2025-12-03 18:52:19, 0.0303088064, 0.0285030295, 0.1143493781, 0.0919183229, 2725.3443, 2608.9344, 767.1700, 20.2344
2025-12-03 18:52:25, 0.0302902416, 0.0295583299, 0.1709784899, 0.1457387830, 2827.1940, 2703.2090, 761.5350, 17.4066
2025-12-03 18:52:36, 0.0458031600, 0.0537922790, 0.1717480452, 0.1303981651, 2998.1452, 2908.5806, 760.5500, 18.6306
2025-12-03 18:52:42, 0.0443207871, 0.0368746728, 0.1612890499, 0.1800172946, 2687.4872, 2606.4872, 761.5200, 18.9137
2025-12-03 18:52:48, 0.0368451275, 0.0336894183, 0.1323958587, 0.1378317785, 2942.4407, 2872.7797, 759.1700, 18.0693
2025-12-03 18:52:54, 0.0602396951, 0.0505925095, 0.1142517655, 0.1138758222, 2724.9038, 2773.4808, 758.3000, 18.3850
2025-12-03 18:52:59, 0.0488069389, 0.0442596100, 0.0951289287, 0.1122152163, 2581.5714, 2624.1020, 758.7050, 17.0237
2025-12-03 18:53:05, 0.0656806065, 0.0397391468, 0.1780740809, 0.1057863059, 3036.2800, 3033.7200, 761.0700, 19.4950
2025-12-03 18:53:11, 0.0713095257, 0.0570937861, 0.1544409468, 0.0978727682, 2789.1562, 2754.9688, 763.3300, 20.1100
2025-12-03 18:53:17, 0.1191395404, 0.1221209041, 0.1174482455, 0.1292482942, 2783.9200, 2898.1600, 760.8250, 19.3022
2025-12-03 18:53:22, 0.0920591893, 0.1159344374, 0.1450718265, 0.1265183782, 2514.4318, 2471.3409, 757.1800, 18.0695
2025-12-03 18:53:28, 0.0575500753, 0.0601990213, 0.1745861463, 0.1275551615, 2656.9796, 2677.2041, 769.3000, 18.3981
2025-12-03 18:53:34, 0.0494337203, 0.0650808122, 0.1173186605, 0.1070442859, 3003.9565, 2932.3261, 762.0200, 18.5094
2025-12-03 18:53:40, 0.0767266795, 0.0506379805, 0.0950903449, 0.0651700491, 2903.3250, 2902.8250, 764.8300, 19.2162
2025-12-03 18:53:45, 0.0828396178, 0.0776786125, 0.1840353959, 0.1831015576, 2753.7955, 2907.8409, 769.2350, 18.5235
2025-12-03 18:53:51, 0.0864172447, 0.0748188184, 0.0845828942, 0.0956029733, 2830.3824, 2854.8529, 768.7950, 17.8791
2025-12-03 18:53:57, 0.0972204005, 0.0724963354, 0.1800200200, 0.1570537872, 2920.3000, 3032.2750, 771.5450, 18.1402
2025-12-03 18:54:03, 0.0864719590, 0.0762863236, 0.0832144198, 0.0852401060, 2629.0577, 2663.0577, 772.4250, 18.1506
2025-12-03 18:54:09, 0.0949883848, 0.0751232185, 0.1276976843, 0.1109825208, 2942.1190, 3055.5238, 771.4300, 18.8164
2025-12-03 18:54:16, 0.0596066777, 0.0710059190, 0.0881762765, 0.0696436140, 2807.8049, 2834.3659, 771.7500, 19.9454
2025-12-03 18:54:21, 0.0568994844, 0.0452787670, 0.1102118208, 0.0810682036, 2601.9070, 2533.7674, 764.9850, 20.4417
2025-12-03 18:54:27, 0.1087466464, 0.0680858092, 0.0993881655, 0.0867703986, 2864.9032, 2820.8065, 764.9800, 18.1744
2025-12-03 18:54:33, 0.0721155560, 0.0562565853, 0.1954284647, 0.1478258666, 3081.9556, 2904.6667, 767.4450, 17.6931
2025-12-03 18:54:39, 0.0530453220, 0.0508389501, 0.3238562721, 0.1574102846, 3090.0476, 2785.5000, 769.6150, 21.6912
2025-12-03 18:54:45, 0.0596819269, 0.0655077881, 0.1726803719, 0.1524631173, 3026.9815, 2927.3704, 768.2300, 20.2952
2025-12-03 18:54:50, 0.0627111456, 0.0604209994, 0.1014213562, 0.1079272061, 2587.7759, 2700.3103, 767.3700, 20.9135
2025-12-03 18:54:56, 0.0754710255, 0.0703463696, 0.1297247427, 0.1313892224, 3127.5000, 3003.5500, 766.3300, 19.5461
2025-12-03 18:55:02, 0.0758849952, 0.0733537726, 0.1380186729, 0.1515416153, 2879.8750, 2830.3250, 766.9950, 18.6466
2025-12-03 18:55:07, 0.0672814003, 0.0652519235, 0.0762317651, 0.0570800674, 2878.0952, 2820.6667, 767.3700, 18.8863
2025-12-03 18:55:13, 0.0586365819, 0.0626116451, 0.1671191580, 0.1635272838, 2811.3878, 2692.2857, 767.9550, 21.3123
2025-12-03 18:55:19, 0.0629745877, 0.0634541044, 0.1413985155, 0.1366764457, 2814.5600, 2791.6600, 768.3750, 19.9350
2025-12-03 18:55:25, 0.0453192231, 0.0516122877, 0.1043003016, 0.1026413936, 2871.7143, 2749.0714, 767.5500, 23.2273
2025-12-03 18:55:31, 0.0616770954, 0.0602438274, 0.1235796321, 0.1405796486, 2588.5122, 2651.3415, 768.4050, 19.9527
2025-12-03 18:55:36, 0.0535321762, 0.0406804964, 0.1497104218, 0.1290877496, 2604.9630, 2520.1111, 771.1900, 20.8280
2025-12-03 18:55:42, 0.0919480625, 0.0676831488, 0.1374093385, 0.1069941403, 2861.5556, 2903.2222, 768.0000, 21.3883
2025-12-03 18:55:48, 0.0493027755, 0.0618660709, 0.2111241850, 0.2148779906, 2742.7568, 2666.0000, 767.6700, 20.5402
2025-12-03 18:55:54, 0.0674364709, 0.0589966881, 0.1208726614, 0.1214861544, 3156.0930, 3107.1860, 769.6300, 20.2431
2025-12-03 18:56:00, 0.0342446494, 0.0291407402, 0.1621402928, 0.1240638795, 2466.6750, 2550.4750, 763.6250, 18.0893
2025-12-03 18:56:05, 0.0525552965, 0.0548676085, 0.2689601180, 0.2348569042, 2816.0294, 2788.2353, 770.9650, 21.8702
2025-12-03 18:56:11, 0.0324276204, 0.0282878075, 0.1328218384, 0.1281656652, 2591.6949, 2525.4407, 762.1450, 17.8495
2025-12-03 18:56:17, 0.0433055618, 0.0306917101, 0.2296382493, 0.1721459965, 2764.6200, 2707.7800, 762.9700, 18.5709
2025-12-03 18:56:23, 0.0461180959, 0.0441446828, 0.0942074218, 0.0937318414, 2489.4444, 2476.2222, 765.0250, 19.9581
2025-12-03 18:56:29, 0.0386021336, 0.0362438724, 0.1961277459, 0.2289737681, 2921.5349, 2924.9535, 761.8950, 18.7940
2025-12-03 18:56:34, 0.0435409724, 0.0413932180, 0.0763312623, 0.0642341154, 2480.3902, 2519.9512, 761.4750, 16.4615
2025-12-03 18:56:40, 0.0566772933, 0.0652964309, 0.1172804209, 0.1369780795, 3046.2000, 3080.6000, 763.4500, 18.1275
2025-12-03 18:56:46, 0.0557274739, 0.0369592604, 0.1663237191, 0.1000624245, 2689.6800, 2534.0200, 764.6800, 16.2726
2025-12-03 18:56:52, 0.0705333761, 0.0587026560, 0.1483802452, 0.1935270776, 2885.0244, 2944.5854, 760.8850, 17.7849
2025-12-03 18:56:57, 0.0371929286, 0.0478014853, 0.1682844116, 0.1537533611, 2826.6522, 2795.7391, 761.6850, 19.2126
2025-12-03 18:57:03, 0.0382237469, 0.0342952247, 0.1768719598, 0.1603163061, 2640.1864, 2558.0169, 761.2800, 18.1973
2025-12-03 18:57:09, 0.0310659216, 0.0303326746, 0.1390488158, 0.1305418561, 2816.2759, 2779.5172, 765.0100, 17.9343
2025-12-03 18:57:14, 0.0641099299, 0.0469034489, 0.1145759861, 0.1005266995, 2748.7222, 2779.4722, 763.9800, 17.2896
2025-12-03 18:57:20, 0.0595339990, 0.0628628000, 0.1965206252, 0.1742422088, 3207.6667, 3192.5000, 765.2400, 18.8746
2025-12-03 18:57:26, 0.0524321455, 0.0397493999, 0.2133891039, 0.1353783982, 3042.4386, 2932.2982, 761.4950, 17.8281
2025-12-03 18:57:32, 0.0788493551, 0.0479201184, 0.1297082660, 0.1040970693, 2798.3333, 2741.3095, 759.4900, 18.6094
2025-12-03 18:57:38, 0.0597964881, 0.0400517098, 0.1235500187, 0.1037113400, 2694.2308, 2673.3590, 768.4650, 17.7124
2025-12-03 18:57:43, 0.0372562676, 0.0327268498, 0.1334367678, 0.1413716795, 2730.5000, 2702.3095, 766.5800, 17.2347
2025-12-03 18:57:49, 0.0412986692, 0.0352199256, 0.0956958429, 0.0907135214, 2671.3542, 2770.4375, 768.3700, 16.8663
2025-12-03 18:57:55, 0.0388507419, 0.0342335280, 0.0930535477, 0.0890594728, 2688.1875, 2806.3542, 765.1550, 19.9510
2025-12-03 18:58:01, 0.0460930971, 0.0416119665, 0.1011252135, 0.1054076995, 2563.5370, 2647.0185, 768.2700, 19.5731
2025-12-03 18:58:06, 0.0746577459, 0.0518743413, 0.1155932712, 0.0905003970, 2933.2963, 2928.0370, 768.7600, 17.1911
2025-12-03 18:58:12, 0.0430102388, 0.0365767177, 0.1187440799, 0.2020273076, 2418.7451, 2483.7843, 771.2600, 18.1359
2025-12-03 18:58:18, 0.0444702288, 0.0448936818, 0.1554907374, 0.1098432082, 2931.2157, 2746.1765, 769.9500, 17.5687
2025-12-03 18:58:23, 0.0325713210, 0.0272053226, 0.2252479715, 0.1636571351, 2799.2600, 2606.2200, 770.0950, 17.3034
2025-12-03 18:58:29, 0.0521552547, 0.0473938350, 0.1182837422, 0.1268671082, 2762.8200, 2769.6800, 773.2950, 17.2971
2025-12-03 18:58:36, 0.0368979408, 0.0358067961, 0.1270547880, 0.1552373296, 2742.2364, 2661.2727, 769.2150, 17.6184
2025-12-03 18:58:41, 0.0306793992, 0.0268249520, 0.1139691824, 0.1425159897, 2992.6667, 3011.8095, 771.0950, 17.2315
2025-12-03 18:58:47, 0.0606688052, 0.0541740781, 0.1376896610, 0.1867377475, 2764.0545, 2863.1636, 770.6850, 16.5156
2025-12-03 18:58:59, 0.0716392697, 0.0518023873, 0.1284935178, 0.0986064004, 2667.6897, 2565.0690, 770.1650, 16.9138
2025-12-03 18:59:04, 0.0498903176, 0.0655188838, 0.1468914699, 0.1260926900, 2680.4800, 2670.2800, 772.2150, 16.8621
2025-12-03 18:59:10, 0.0478340820, 0.0489463180, 0.1561463865, 0.2544983592, 2791.3333, 2917.4872, 771.1300, 15.4542
2025-12-03 18:59:16, 0.0553038135, 0.0528511928, 0.3849832367, 0.2733075652, 2894.6875, 2798.6042, 770.6500, 18.5002
2025-12-03 18:59:22, 0.0395237431, 0.0370918457, 0.1298318415, 0.1195293111, 2879.6923, 2824.2564, 767.6200, 16.8127
2025-12-03 18:59:27, 0.0483497381, 0.0456066344, 0.1460064717, 0.1188964204, 2694.9048, 2626.8333, 767.3050, 17.9536
2025-12-03 18:59:33, 0.0515759839, 0.0525622064, 0.1638047447, 0.1463754867, 2683.7059, 2523.1569, 766.8050, 17.1752
2025-12-03 18:59:39, 0.0565222312, 0.0383699505, 0.1842273529, 0.2013635104, 2788.4762, 2837.3571, 771.1300, 17.2039
2025-12-03 18:59:45, 0.0469389174, 0.0460451163, 0.1531765266, 0.1248225618, 2653.6190, 2549.2857, 765.0250, 17.3783
2025-12-03 18:59:51, 0.0396357732, 0.0403367324, 0.1632152602, 0.1909401400, 3151.4400, 3282.6400, 772.7650, 16.1512
2025-12-03 18:59:56, 0.0400149468, 0.0370966617, 0.1692623527, 0.1072773441, 2434.2045, 2427.4545, 771.2200, 18.0042
2025-12-03 19:00:02, 0.0443790825, 0.0330825513, 0.1657501179, 0.1416154740, 2535.7750, 2531.9750, 767.6650, 17.2642
2025-12-03 19:00:08, 0.0403608450, 0.0397917826, 0.0932403262, 0.1112790561, 2620.5000, 2501.0833, 768.6450, 18.4293
2025-12-03 19:00:14, 0.0406645991, 0.0530047565, 0.1658762757, 0.1352200802, 2615.0816, 2609.0408, 774.8750, 16.7140
2025-12-03 19:00:19, 0.0670149193, 0.0475830843, 0.1517371292, 0.1394295876, 2913.3400, 2728.2400, 768.6800, 18.8645
2025-12-03 19:00:25, 0.0558586017, 0.0498356988, 0.1824980381, 0.2537734191, 2915.9216, 2878.4510, 768.4050, 18.8995
2025-12-03 19:00:31, 0.0310376683, 0.0412382826, 0.1137276864, 0.0979433960, 2721.7059, 2581.6275, 767.6150, 19.2460
2025-12-03 19:00:37, 0.0571303287, 0.0802852868, 0.0919157261, 0.0887523557, 2597.2174, 2532.9783, 773.8350, 17.0249
2025-12-03 19:00:43, 0.0573888207, 0.0588107170, 0.2320540592, 0.2185109466, 2749.3191, 2796.1277, 766.7550, 18.3680
2025-12-03 19:00:48, 0.0781942277, 0.0578120793, 0.1853488891, 0.1554179525, 3035.2826, 2924.7609, 768.3550, 20.1556
2025-12-03 19:00:54, 0.0669574374, 0.0784383112, 0.1114600764, 0.1212903235, 2956.3256, 2956.5349, 769.0450, 19.6950
2025-12-03 19:01:00, 0.0576393600, 0.0574307161, 0.2300642788, 0.2276776274, 3042.0233, 2952.5581, 766.6550, 17.3322
2025-12-03 19:01:06, 0.0640288399, 0.0491976812, 0.1417223355, 0.1443945270, 3056.2051, 3112.6410, 767.7000, 18.3156
2025-12-03 19:01:12, 0.0804056058, 0.0648259921, 0.1044977672, 0.1111134745, 2901.9423, 2887.3077, 768.5600, 18.1438
2025-12-03 19:01:17, 0.0596849094, 0.0602491232, 0.2207939387, 0.1824518497, 2880.4182, 3023.7455, 767.3400, 17.8663
2025-12-03 19:01:23, 0.0374103516, 0.0342520379, 0.1374735647, 0.1088453659, 2666.2895, 2463.3421, 768.1500, 17.0534
2025-12-03 19:01:29, 0.0319646595, 0.0393287981, 0.1467923921, 0.1603438085, 2806.3922, 2712.7451, 766.4400, 18.5574
2025-12-03 19:01:35, 0.0377125620, 0.0417564759, 0.1410937589, 0.1669773786, 2638.8500, 2583.5250, 769.0500, 17.1769
2025-12-03 19:01:41, 0.0352468189, 0.0312508662, 0.1154447667, 0.1214530253, 2699.3636, 2638.9818, 767.0200, 17.3810
2025-12-03 19:01:47, 0.0411200405, 0.0496776352, 0.1330883778, 0.1133715571, 2945.3962, 2904.5472, 767.3600, 18.1772
2025-12-03 19:01:53, 0.0392584104, 0.0393712681, 0.1809933782, 0.1248241871, 2562.4878, 2633.2439, 766.3700, 17.3339
2025-12-03 19:01:58, 0.0479944873, 0.0413164003, 0.1437385166, 0.1787539271, 2540.9762, 2643.3810, 768.3700, 18.3402
2025-12-03 19:02:04, 0.0567208999, 0.0617694702, 0.2381081967, 0.1991498742, 2743.1250, 2766.4583, 769.9400, 17.7123
2025-12-03 19:02:10, 0.0512145014, 0.0498491264, 0.1490314835, 0.1435571833, 3183.1026, 3130.8718, 763.7500, 17.1396
2025-12-03 19:02:16, 0.0566026197, 0.0388292148, 0.1831160594, 0.1307700582, 2681.0000, 2605.5588, 767.6950, 18.2146
2025-12-03 19:02:21, 0.0377371715, 0.0259672697, 0.3554813298, 0.4604354880, 2840.4615, 3073.1026, 762.5250, 18.8825
2025-12-03 19:02:27, 0.0378639877, 0.0252698787, 1.0880408355, 0.5574927165, 2722.9111, 2455.1556, 764.1350, 19.4169
2025-12-03 19:02:33, 0.0331895829, 0.0316144980, 0.2841980626, 0.2999816232, 2709.9574, 2618.1702, 767.2100, 18.8342
2025-12-03 19:02:39, 0.0262526075, 0.0306330890, 0.2906272711, 0.4143722936, 2618.5000, 2786.5435, 766.6200, 19.0836
2025-12-03 19:02:45, 0.0348120787, 0.0356677458, 0.2724471270, 0.1765114734, 2513.1400, 2400.7600, 765.2400, 18.0862
2025-12-03 19:02:51, 0.0251778407, 0.0288537662, 0.2350842556, 0.1974514669, 2533.5102, 2349.5306, 764.8750, 18.3248
2025-12-03 19:02:57, 0.0299002823, 0.0256395570, 0.2368958645, 0.3061626221, 2545.2069, 2517.9828, 762.3600, 18.4201
2025-12-03 19:03:02, 0.0370237779, 0.0259158166, 0.3164555520, 0.4290765905, 2649.6863, 2554.1569, 763.1350, 19.2851
2025-12-03 19:03:08, 0.0405011333, 0.0370942126, 0.2949174601, 0.2625159625, 3183.0943, 2962.7547, 765.2300, 19.0396
2025-12-03 19:03:14, 0.0555538239, 0.0421240459, 0.1843526295, 0.2192882317, 2696.9038, 2749.7885, 765.0350, 17.2877
2025-12-03 19:03:19, 0.0379068732, 0.0325861152, 0.1463754295, 0.1575495062, 2398.4444, 2498.5111, 765.2800, 19.3601
2025-12-03 19:03:25, 0.0415015087, 0.0310962685, 0.2155587277, 0.1612882807, 2515.8000, 2439.4600, 765.9600, 18.7360
2025-12-03 19:03:31, 0.0452956409, 0.0214997045, 0.2668444526, 0.1603992461, 2441.9118, 2421.3235, 762.7350, 17.6268
2025-12-03 19:03:37, 0.0268641561, 0.0273632720, 0.1409572177, 0.1246970494, 2520.3469, 2354.0000, 764.6150, 18.1917
2025-12-03 19:03:42, 0.0336159382, 0.0340239490, 0.2875549674, 0.2097032507, 3060.8235, 2727.1765, 765.9050, 18.9390
2025-12-03 19:03:48, 0.0227933749, 0.0279735131, 0.2736368635, 0.2815558433, 3010.8833, 3055.3167, 767.5250, 19.1857
2025-12-03 19:03:55, 0.0615816835, 0.0414732941, 0.1427479632, 0.1307065425, 3069.7442, 3083.5116, 769.3350, 18.1508
2025-12-03 19:04:01, 0.0380967479, 0.0404075529, 0.3581659137, 0.1898048984, 2474.7179, 2332.3077, 767.1600, 18.6948
2025-12-03 19:04:07, 0.0359784773, 0.0395857440, 0.3731855503, 0.2635014498, 2477.9111, 2245.6889, 769.1400, 19.8179
2025-12-03 19:04:12, 0.0341940477, 0.0275624755, 0.3756239022, 0.2780044932, 2783.7000, 2644.8500, 771.0050, 18.2755
2025-12-03 19:04:18, 0.0304721400, 0.0360519504, 0.2478180630, 0.2119462159, 2631.7636, 2708.4000, 769.2000, 18.8266
2025-12-03 19:04:24, 0.0336220120, 0.0391876390, 0.2594947988, 0.2476995240, 2712.6341, 2677.9512, 767.1300, 16.5935
2025-12-03 19:04:30, 0.0531368175, 0.0387801126, 0.4066465896, 0.4116541427, 3058.9375, 3109.7500, 766.1350, 17.0425
2025-12-03 19:04:35, 0.0347069422, 0.0203641436, 0.2064444011, 0.1673372596, 2507.0000, 2425.5098, 769.8500, 17.8426
2025-12-03 19:04:41, 0.0339922697, 0.0317772445, 0.1843027285, 0.2773229523, 2754.8444, 2818.9556, 768.7200, 16.1487
2025-12-03 19:04:47, 0.0494452686, 0.0341471786, 0.2939173795, 0.6314615500, 2751.9535, 2889.4419, 765.9150, 16.7218
2025-12-03 19:04:53, 0.0520538983, 0.0628575541, 0.2361577217, 0.2985421806, 2601.1364, 2773.0227, 767.8200, 18.2222
2025-12-03 19:04:59, 0.0450331499, 0.0602759721, 0.4128409683, 0.4980715145, 2791.7105, 2731.7368, 767.8950, 17.6998
2025-12-03 19:05:04, 0.0804388562, 0.0558346234, 0.2300359012, 0.2288185814, 2859.2000, 2887.5500, 767.3750, 19.3472
2025-12-03 19:05:10, 0.0855659117, 0.0711019112, 0.1622975632, 0.1290866398, 2851.9783, 2853.2609, 764.6900, 17.6234
2025-12-03 19:05:16, 0.0666020919, 0.0409811759, 0.1697943398, 0.1672943013, 2812.8571, 2679.1190, 764.9150, 15.7597
2025-12-03 19:05:21, 0.0845509313, 0.0591940761, 0.1849539144, 0.2097354886, 2800.5111, 2773.9333, 765.1650, 18.2411
2025-12-03 19:05:27, 0.0348842385, 0.0296313026, 0.1531676771, 0.1875034763, 3031.0588, 3052.8824, 766.0050, 18.3029
2025-12-03 19:05:33, 0.0253919447, 0.0290305790, 0.2045846144, 0.2019783481, 2611.0702, 2506.4386, 767.8000, 17.2047
2025-12-03 19:05:39, 0.0369050225, 0.0362592111, 0.1543491518, 0.1929867085, 2506.9091, 2478.5682, 767.8050, 17.8201
2025-12-03 19:05:44, 0.0754536837, 0.0516006524, 0.1916054752, 0.1646207084, 2872.9778, 2874.0222, 767.1650, 18.2868
2025-12-03 19:05:50, 0.0589810955, 0.0449156602, 0.3159301129, 0.1546535167, 2850.5091, 2680.5273, 769.6800, 19.1556
2025-12-03 19:05:56, 0.0521760474, 0.0543208489, 0.0634403462, 0.1074827924, 2798.6098, 2813.9024, 767.3900, 17.8588
2025-12-03 19:06:02, 0.0456451251, 0.0300000917, 0.1159772968, 0.1084285185, 2751.0784, 2562.1569, 765.7000, 17.5699
2025-12-03 19:06:08, 0.0323803974, 0.0355088437, 0.1913982658, 0.1698659947, 2809.8361, 2778.9344, 766.4650, 20.2163
2025-12-03 19:06:13, 0.0330932878, 0.0310274573, 0.1376581208, 0.1477024138, 2811.2340, 2729.1064, 764.6600, 17.8243
2025-12-03 19:06:19, 0.0308554564, 0.0289491631, 0.1311208183, 0.1418060154, 2602.4407, 2630.7797, 766.9650, 18.7207
2025-12-03 19:06:25, 0.0261770645, 0.0309297689, 0.1649149540, 0.1418736088, 2830.6613, 2659.0484, 768.2250, 16.6902
2025-12-03 19:06:31, 0.0436788854, 0.0401232841, 0.2421533357, 0.1746977396, 2890.4902, 2923.8431, 765.5900, 18.8836
2025-12-03 19:06:37, 0.0606161000, 0.0513753136, 0.1551413974, 0.1275991886, 3238.5000, 3181.6250, 768.6900, 17.0230
2025-12-03 19:06:42, 0.0389115461, 0.0299052018, 0.1837204168, 0.1205690652, 2776.8868, 2612.7925, 769.4950, 18.0272
2025-12-03 19:06:48, 0.0441607795, 0.0311851055, 0.1456907897, 0.1955382855, 2673.5111, 2755.6000, 767.7050, 16.8911
2025-12-03 19:06:54, 0.0284981686, 0.0327470308, 0.0928926759, 0.0591762978, 2738.5556, 2581.5370, 762.7850, 17.2893
2025-12-03 19:07:00, 0.0461334618, 0.0471148384, 0.0916267193, 0.0984601091, 2965.8958, 2876.4167, 766.9800, 17.9780
2025-12-03 19:07:06, 0.0593483485, 0.0651062928, 0.0866659000, 0.1064918300, 2727.2083, 2744.3333, 762.6100, 18.1422
2025-12-03 19:07:11, 0.0662432415, 0.0650903825, 0.1056251743, 0.0825242873, 2710.1579, 2753.7105, 766.4300, 18.6988
2025-12-03 19:07:17, 0.0430875349, 0.0506688232, 0.1164628248, 0.0875888580, 2967.1852, 2773.7222, 764.7500, 16.6565
2025-12-03 19:07:23, 0.0344678770, 0.0327731472, 0.1085384174, 0.1031975616, 2704.8235, 2656.9608, 764.3250, 17.3260
2025-12-03 19:07:29, 0.0449568344, 0.0299016565, 0.1246921495, 0.0858934728, 2792.9508, 2658.7049, 765.0650, 17.9064
2025-12-03 19:07:34, 0.0364717704, 0.0295673267, 0.1864800138, 0.1687114829, 3068.8421, 2898.5263, 764.6400, 18.8931
2025-12-03 19:07:40, 0.0277508681, 0.0287731001, 0.1145016885, 0.1527692958, 2963.5625, 2792.0625, 763.9600, 18.6325
2025-12-03 19:07:46, 0.0272047320, 0.0266404112, 0.1963083326, 0.1614223671, 2625.8077, 2643.4808, 764.9350, 15.7322
2025-12-03 19:07:51, 0.0303772120, 0.0327636792, 0.1634704311, 0.1281874088, 2841.9804, 2696.1176, 764.8950, 18.1666
2025-12-03 19:07:57, 0.0200338773, 0.0220359891, 0.1203836446, 0.1177149145, 2644.0169, 2541.0339, 765.9050, 20.7915
2025-12-03 19:08:03, 0.0419562826, 0.0355046520, 0.1307180100, 0.1422829946, 2860.3750, 2709.5833, 770.7250, 18.0030
2025-12-03 19:08:09, 0.0501516656, 0.0315529008, 0.1350068263, 0.1320101270, 2688.9070, 2612.4419, 773.9900, 20.0005
2025-12-03 19:08:15, 0.0433223482, 0.0337922989, 0.1511223979, 0.1463066185, 2694.9038, 2665.7308, 770.3350, 21.2437
2025-12-03 19:08:20, 0.0284050290, 0.0358145874, 0.0835935648, 0.1312231986, 2623.2857, 2655.9286, 771.1250, 21.2941
2025-12-03 19:08:26, 0.0341233158, 0.0345214597, 0.1772201861, 0.1899196489, 2866.5400, 2904.2000, 771.9700, 22.1321
2025-12-03 19:08:32, 0.0412022260, 0.0393383487, 0.1328221510, 0.1741777968, 2598.1163, 2486.6744, 770.5850, 21.1677
2025-12-03 19:08:38, 0.0547573384, 0.0370004724, 0.1558608763, 0.1395915339, 3158.9767, 2935.1628, 770.5850, 19.4186
2025-12-03 19:08:43, 0.0477664422, 0.0350229454, 0.2039128401, 0.2341875585, 2698.3333, 2793.6667, 766.8400, 17.9367
2025-12-03 19:08:49, 0.0335693943, 0.0339909767, 0.1154293747, 0.1893570322, 2275.7826, 2360.5652, 765.2400, 17.6435
2025-12-03 19:08:55, 0.0369049729, 0.0466238374, 0.1012035539, 0.1044805658, 2925.0833, 2883.7500, 769.4950, 18.7886
2025-12-03 19:09:01, 0.0366710423, 0.0390725186, 0.2229130133, 0.1882780288, 2798.0600, 2833.0000, 766.7550, 18.0146
2025-12-03 19:09:06, 0.0460294945, 0.0387713661, 0.1077698464, 0.1182096588, 2562.1500, 2674.9333, 765.7900, 18.2542
2025-12-03 19:09:12, 0.0531374301, 0.0461412548, 0.1355478592, 0.1115698793, 2869.2766, 2817.4255, 767.1950, 19.3219
2025-12-03 19:09:18, 0.0356932766, 0.0381346044, 0.1085474637, 0.1109176660, 2942.0508, 2918.1017, 765.7850, 17.3003
2025-12-03 19:09:24, 0.0506284313, 0.0434207591, 0.2283658155, 0.1418856418, 3125.9792, 3070.5417, 767.0450, 18.4101
2025-12-03 19:09:29, 0.0487911276, 0.0408937540, 0.1061523693, 0.2281130339, 3002.3043, 3141.3696, 768.1850, 19.5832
2025-12-03 19:09:35, 0.0662056832, 0.0590690874, 0.0923976683, 0.0982999916, 2904.9286, 2817.6964, 768.1100, 18.6844
2025-12-03 19:09:41, 0.0657264393, 0.0516002598, 0.1007044627, 0.1109996698, 2902.7321, 2827.1250, 769.2350, 19.2213
2025-12-03 19:09:47, 0.0519502149, 0.0403927527, 0.0757154362, 0.0726435151, 2808.1406, 2847.9844, 770.4950, 18.0006
2025-12-03 19:09:52, 0.0469972916, 0.0477031633, 0.1602220748, 0.1209460521, 3008.2264, 2934.0566, 765.6200, 18.6149
2025-12-03 19:09:58, 0.0548113647, 0.0594672250, 0.0860825430, 0.1546772814, 2878.2045, 2930.5227, 768.5350, 19.4676
2025-12-03 19:10:04, 0.0497071171, 0.0482472651, 0.1439252072, 0.0969189605, 2751.7647, 2716.0588, 762.4000, 16.3783
2025-12-03 19:10:10, 0.0444464494, 0.0444897672, 0.1190858436, 0.1116600556, 2683.2615, 2724.8615, 763.8050, 16.6834
2025-12-03 19:10:15, 0.0500380796, 0.0396358020, 0.1057738045, 0.1458607236, 3134.1111, 3038.3704, 763.2950, 18.0149
2025-12-03 19:10:21, 0.0603997469, 0.0475715246, 0.0927933121, 0.1110484231, 2838.2000, 2842.5200, 761.6600, 19.4071
2025-12-03 19:10:27, 0.0533751264, 0.0347549017, 0.1320730917, 0.1448048781, 2666.4694, 2639.8571, 761.3350, 19.4842
2025-12-03 19:10:33, 0.0523387315, 0.0481165358, 0.1258903963, 0.1059020024, 2862.0612, 2883.9184, 757.5450, 18.7133
2025-12-03 19:10:38, 0.0483405359, 0.0569874200, 0.1067574438, 0.0790498547, 2705.7619, 2794.4286, 763.5100, 17.9377
2025-12-03 19:10:44, 0.0684635721, 0.0610547315, 0.1098013076, 0.1230926610, 2819.5263, 2727.2281, 758.4500, 20.5599
2025-12-03 19:10:50, 0.0588684627, 0.0395010603, 0.1282259677, 0.1453092175, 2767.7917, 2788.9375, 761.1200, 19.4058
2025-12-03 19:10:56, 0.0495078300, 0.0432295349, 0.2115972989, 0.1670234189, 2938.9792, 2989.1875, 759.3000, 18.9045
2025-12-03 19:11:01, 0.0374916327, 0.0430759979, 0.1503303799, 0.1271704552, 2724.5111, 2724.8222, 762.6200, 18.4826
2025-12-03 19:11:07, 0.0501441856, 0.0404970891, 0.1457632652, 0.1441427126, 2797.5435, 2623.1739, 763.0150, 17.8178
2025-12-03 19:11:13, 0.0429420837, 0.0438574639, 0.1225435322, 0.0742004814, 2513.3200, 2469.0800, 762.7800, 17.5591
2025-12-03 19:11:19, 0.0600569070, 0.0511941534, 0.1156230550, 0.1214350287, 2839.5000, 2907.6944, 760.0300, 19.6117
2025-12-03 19:11:25, 0.0461870614, 0.0412656296, 0.0800530281, 0.1043748899, 2941.3529, 3003.7941, 761.6250, 16.4498
2025-12-03 19:11:30, 0.0445043266, 0.0409205290, 0.1227979210, 0.1097133999, 2767.4314, 2753.6275, 767.6600, 16.3675
2025-12-03 19:11:36, 0.0502824015, 0.0390566697, 0.0662710962, 0.0664088187, 3052.0182, 2912.2182, 761.6900, 18.4408
2025-12-03 19:11:42, 0.0551169072, 0.0572866674, 0.2034543008, 0.1299656485, 2914.9062, 2785.5938, 768.9700, 18.4913
2025-12-03 19:11:48, 0.0440640130, 0.0476381451, 0.0925142360, 0.1437051628, 2649.2444, 2665.0444, 768.4850, 18.3303
2025-12-03 19:11:54, 0.0396483443, 0.0386156385, 0.1797769408, 0.2279193972, 3153.3939, 3265.9697, 769.2550, 17.7882
2025-12-03 19:11:59, 0.0333507737, 0.0386823281, 0.1493510522, 0.1612444916, 2652.0714, 2585.5952, 768.7550, 18.8745
2025-12-03 19:12:05, 0.0348622540, 0.0278364461, 0.1717455095, 0.1339369922, 3004.9322, 2828.1356, 767.3400, 17.8220
2025-12-03 19:12:11, 0.0640913166, 0.0598277333, 0.0774785002, 0.0745501955, 2475.1176, 2434.1961, 766.4700, 17.5163
2025-12-03 19:12:16, 0.0472219316, 0.0511617192, 0.0540192369, 0.0389595626, 2877.6053, 2806.7105, 766.3350, 17.3379
2025-12-03 19:12:22, 0.0469663945, 0.0479719542, 0.1048085573, 0.0901830919, 2337.5581, 2356.4651, 768.8650, 18.5288
2025-12-03 19:12:28, 0.0372685147, 0.0257462754, 0.1592650247, 0.1916306277, 2580.1957, 2546.8478, 767.4400, 17.7135
2025-12-03 19:12:34, 0.0429112194, 0.0315290898, 0.1152659775, 0.1011352679, 2795.9825, 2659.9649, 767.7450, 17.8776
2025-12-03 19:12:40, 0.0448463052, 0.0351124575, 0.1210153446, 0.1200914440, 2759.9787, 2704.5957, 766.7600, 17.9533
2025-12-03 19:12:45, 0.0326807951, 0.0326395215, 0.2177772935, 0.1605041728, 2696.0545, 2636.8364, 765.2700, 17.7270
2025-12-03 19:12:51, 0.0254292830, 0.0223110497, 0.1385570464, 0.1355809616, 2746.0923, 2679.3385, 766.5550, 18.7034
2025-12-03 19:12:57, 0.0267516285, 0.0215470008, 0.1882878899, 0.1437845354, 2552.2619, 2513.0952, 765.1650, 17.6578
2025-12-03 19:13:03, 0.0361246129, 0.0238531893, 0.1578516247, 0.2142955355, 2935.3333, 2884.0877, 767.0900, 17.9875
2025-12-03 19:13:08, 0.0292836314, 0.0298138758, 0.1124777557, 0.1178258044, 2400.0556, 2367.2407, 763.2900, 15.5649
2025-12-03 19:13:14, 0.0348482023, 0.0232494184, 0.2628168846, 0.1995685648, 2782.1463, 2761.0000, 769.9050, 18.6632
2025-12-03 19:13:20, 0.0353125149, 0.0258622467, 0.3430446650, 0.3126100872, 2527.0513, 2456.2051, 768.2950, 16.9596
2025-12-03 19:13:26, 0.0393295216, 0.0407054251, 0.1349121396, 0.1840795636, 2775.7381, 2743.8810, 771.7100, 18.9464
2025-12-03 19:13:32, 0.0630350719, 0.0561705003, 0.1357472466, 0.2373138367, 2624.2069, 2815.0345, 769.5400, 18.5235
2025-12-03 19:13:38, 0.0451504253, 0.0358469269, 0.2171068938, 0.2311127625, 2381.1636, 2359.8909, 770.9950, 19.9192
2025-12-03 19:13:43, 0.0362823889, 0.0419599148, 0.1619421010, 0.1519869882, 2780.2558, 2696.5581, 769.4250, 17.1827
2025-12-03 19:13:49, 0.0785714204, 0.0617359239, 0.2039720560, 0.1681442663, 2901.6889, 2832.6889, 772.4700, 19.0184
2025-12-03 19:13:55, 0.0554868816, 0.0499022377, 0.1012703312, 0.1260933324, 2910.6429, 2976.3333, 772.6000, 17.8477
2025-12-03 19:14:01, 0.0776743176, 0.0618916892, 0.0927733440, 0.1245783625, 2993.7660, 3026.0426, 774.5200, 19.6532
2025-12-03 19:14:07, 0.0488992493, 0.0479272640, 0.2337235422, 0.2907271379, 2984.9375, 2891.8542, 775.5350, 16.2720
2025-12-03 19:14:12, 0.0695300042, 0.0498169939, 0.1580565945, 0.1139390054, 2672.2703, 2623.2432, 766.4350, 18.5312
2025-12-03 19:14:18, 0.0644261856, 0.0757025139, 0.1482110298, 0.1572490813, 2474.0943, 2458.3585, 775.5700, 20.3982
2025-12-03 19:14:24, 0.0514956859, 0.0498801540, 0.1098723483, 0.1035436313, 2555.7021, 2561.3830, 775.0650, 20.3718
2025-12-03 19:14:30, 0.0874004073, 0.0493906477, 0.1276412439, 0.1067868998, 2517.6600, 2476.1400, 773.3450, 18.0301
2025-12-03 19:14:36, 0.0579771951, 0.0496082795, 0.1035869496, 0.0921491227, 2531.9730, 2601.1351, 769.1150, 18.0455
2025-12-03 19:14:41, 0.0454383895, 0.0373364716, 0.1226157649, 0.1494279622, 2921.1000, 2970.5000, 767.6850, 16.8987
2025-12-03 19:14:47, 0.0539612356, 0.0461053852, 0.0969644655, 0.0842644813, 2633.2424, 2670.0303, 766.8050, 17.6337
2025-12-03 19:14:53, 0.0612135166, 0.0655977440, 0.1577154779, 0.1392597284, 2990.9714, 2991.7143, 765.4150, 17.7300
2025-12-03 19:14:59, 0.0825929944, 0.1022319056, 0.1286844233, 0.1195213635, 2789.9400, 2765.0800, 767.0200, 17.5131
2025-12-03 19:15:04, 0.0922554179, 0.0885426284, 0.1122228065, 0.1272423479, 2779.1250, 2927.1786, 766.6900, 17.1972
2025-12-03 19:15:10, 0.0811103187, 0.0765618022, 0.2318732607, 0.1850567733, 2625.0909, 2525.7500, 766.0550, 17.1870
2025-12-03 19:15:16, 0.0975281147, 0.0784680336, 0.1375341851, 0.1287552708, 3140.2083, 3140.5000, 766.5700, 16.8501
2025-12-03 19:15:22, 0.0587513919, 0.0593007768, 0.0679207596, 0.0956304858, 2937.4082, 2929.3878, 766.8750, 18.0441
2025-12-03 19:15:27, 0.0609874654, 0.0691302851, 0.1186802245, 0.1783895315, 2833.3171, 2853.5366, 765.7150, 18.1255
2025-12-03 19:15:33, 0.0761379280, 0.0766414218, 0.1170297800, 0.1014278369, 3164.7105, 2954.7368, 768.0900, 18.8388
2025-12-03 19:15:40, 0.0798700605, 0.0670718462, 0.1316035641, 0.0932480230, 3001.5600, 3003.5600, 768.4350, 17.9899
2025-12-03 19:15:46, 0.0626696202, 0.0522065132, 0.1594869631, 0.1441989119, 2724.0417, 2865.8333, 767.5250, 18.2833
2025-12-03 19:15:52, 0.0680118275, 0.0642123926, 0.1685283435, 0.1653260667, 2891.9375, 2888.0000, 769.1150, 18.2549
2025-12-03 19:15:57, 0.0473860249, 0.0615980839, 0.1677060849, 0.1351759611, 2780.5135, 2720.4054, 763.8200, 17.8232
2025-12-03 19:16:03, 0.0717977286, 0.0468259758, 0.1827943301, 0.1800738217, 2656.4722, 2629.8889, 767.0350, 18.1902
2025-12-03 19:16:09, 0.0826998783, 0.0602821854, 0.1499441108, 0.1342634266, 3189.7059, 2968.2647, 768.3750, 17.8217
2025-12-03 19:16:15, 0.0686918599, 0.0519489547, 0.1017651932, 0.1308209629, 2917.3922, 2936.7647, 760.8450, 17.2363
2025-12-03 19:16:21, 0.0747923387, 0.0595989799, 0.1129665035, 0.1259358800, 2345.6098, 2366.5610, 764.2850, 17.6140
2025-12-03 19:16:26, 0.0551813252, 0.0757429540, 0.1637848337, 0.1526098836, 2952.2449, 2971.7959, 765.2950, 18.3959
2025-12-03 19:16:32, 0.0631641611, 0.0624312231, 0.1163120743, 0.1264105923, 2906.4286, 2909.7429, 765.8550, 18.3419
2025-12-03 19:16:38, 0.0766749840, 0.0605852001, 0.1633080768, 0.1131565761, 2532.0000, 2491.3125, 762.0350, 19.6648
2025-12-03 19:16:44, 0.0577136437, 0.0604659305, 0.1949396835, 0.2021758035, 2906.0000, 2890.5143, 765.1100, 19.4056
2025-12-03 19:16:50, 0.0493312828, 0.0539224223, 0.1435341792, 0.1319421109, 2766.4074, 2769.5000, 763.2300, 19.8120
2025-12-03 19:16:55, 0.0694038355, 0.0602378330, 0.0701175647, 0.0856528326, 2741.7647, 2893.1176, 763.1300, 18.9128
2025-12-03 19:17:01, 0.0634943341, 0.0493127889, 0.1456650989, 0.1175000726, 2919.3333, 2912.7619, 757.5200, 18.1728
2025-12-03 19:17:07, 0.0759664036, 0.0571092355, 0.1288402988, 0.1164750840, 2701.3651, 2684.3651, 759.5750, 18.8742
2025-12-03 19:17:12, 0.0640763552, 0.0581729261, 0.3154628703, 0.2297444770, 2873.3636, 2886.6061, 759.2300, 18.0811
2025-12-03 19:17:18, 0.0587610048, 0.0530129070, 0.1609715840, 0.1702051829, 2979.4528, 2921.2642, 758.3450, 18.1694
2025-12-03 19:17:24, 0.0397383609, 0.0464313547, 0.1358073151, 0.0671842800, 2934.0408, 2901.8163, 759.6850, 17.5509
2025-12-03 19:17:30, 0.0258278467, 0.0227907911, 0.1713021669, 0.2026286321, 2787.7424, 2818.5303, 759.7400, 19.2905
2025-12-03 19:17:35, 0.0499836610, 0.0398635332, 0.0838574829, 0.0725477219, 2731.4419, 2620.6977, 761.0400, 17.3600
2025-12-03 19:17:41, 0.0438174082, 0.0424915849, 0.1475055923, 0.1422875076, 2721.6000, 2849.8500, 759.2200, 19.4191
2025-12-03 19:17:47, 0.0465706535, 0.0444255842, 0.1491014892, 0.1477404740, 2959.8431, 2911.6863, 760.0900, 18.2842
2025-12-03 19:17:53, 0.0482835621, 0.0483781366, 0.0872399256, 0.0953990698, 2808.2927, 2878.9756, 761.2450, 20.0511
2025-12-03 19:17:59, 0.0661617009, 0.0491755898, 0.1993162257, 0.1743031376, 2785.9737, 2591.9211, 763.0200, 20.2546
2025-12-03 19:18:04, 0.0590952325, 0.0908687105, 0.1145611336, 0.1373917892, 2917.9211, 2986.8158, 761.7000, 18.0751
2025-12-03 19:18:10, 0.0941406241, 0.0643462892, 0.1195966019, 0.1082319694, 2942.6585, 2941.0732, 762.2150, 17.5934
2025-12-03 19:18:16, 0.0442917562, 0.0490898963, 0.1227552950, 0.1216584720, 2940.8113, 2734.1132, 763.3750, 19.0453
2025-12-03 19:18:22, 0.0486528465, 0.0585099715, 0.0795639627, 0.0977492824, 2631.8293, 2687.5366, 762.9900, 20.5188
2025-12-03 19:18:27, 0.0723415581, 0.0622035646, 0.0877113470, 0.0799779439, 2621.5625, 2575.1875, 763.8350, 17.4982
2025-12-03 19:18:33, 0.0629914530, 0.0608501974, 0.0895484698, 0.0712304992, 2805.0426, 2721.0426, 761.0550, 18.1288
2025-12-03 19:18:39, 0.0632323568, 0.0493715025, 0.1287653864, 0.1257219307, 2866.2000, 2791.7200, 763.0600, 17.8965
2025-12-03 19:18:45, 0.0515239647, 0.0486368903, 0.0993858752, 0.1619285376, 3144.8095, 3065.9524, 756.8050, 18.4059
2025-12-03 19:18:51, 0.0483158258, 0.0561988992, 0.1338513976, 0.1292453382, 3014.0364, 2929.3091, 755.1550, 18.1706
2025-12-03 19:18:57, 0.0679468972, 0.0650692239, 0.0809079244, 0.0761162808, 2726.8333, 2727.6667, 763.1400, 17.0912
2025-12-03 19:19:02, 0.0708190310, 0.0563013305, 0.1939833242, 0.1755266384, 2806.4138, 2694.6897, 762.5950, 18.1637
2025-12-03 19:19:08, 0.0527840882, 0.0444285004, 0.1372556541, 0.1452336621, 2658.9500, 2758.6500, 758.2500, 18.4553
2025-12-03 19:19:14, 0.0711370346, 0.0506688706, 0.1475029636, 0.1588932108, 3085.3333, 2985.7179, 757.6000, 17.9142
2025-12-03 19:19:21, 0.0425004462, 0.0327633050, 0.1198432860, 0.0931459894, 3074.6032, 3041.4762, 756.2250, 18.4752
2025-12-03 19:19:26, 0.0752627233, 0.0735686280, 0.1403160427, 0.1030987675, 2720.6098, 2619.1463, 759.2950, 18.7315
2025-12-03 19:19:32, 0.0543477646, 0.0346592427, 0.0957474147, 0.1089418577, 2932.1042, 2852.1042, 757.4700, 18.2847
2025-12-03 19:19:38, 0.0328371259, 0.0283422818, 0.0995286318, 0.1192801846, 2744.3448, 2730.8103, 758.8200, 18.7773
2025-12-03 19:19:43, 0.0392695692, 0.0525050267, 0.2252692964, 0.1187576777, 2983.7059, 2790.7353, 755.3150, 19.1798
2025-12-03 19:19:49, 0.0499361071, 0.0517581381, 0.1420632603, 0.0997801731, 2886.9762, 2764.9048, 758.0200, 19.0137
2025-12-03 19:19:55, 0.0444359233, 0.0411410053, 0.1873805006, 0.1940040456, 2981.4423, 2890.7115, 757.3400, 16.0858
2025-12-03 19:20:01, 0.0555263227, 0.0454355621, 0.1686579005, 0.1506317032, 2756.1489, 2708.3191, 759.3150, 17.1513
2025-12-03 19:20:06, 0.1013473236, 0.0717518086, 0.0983460220, 0.0877765504, 2936.6136, 2907.4091, 760.2900, 17.8898
2025-12-03 19:20:12, 0.0595478383, 0.0794524136, 0.1695820779, 0.1278813580, 2973.1842, 3053.5789, 761.8250, 17.7374
2025-12-03 19:20:18, 0.0332389258, 0.0335996879, 0.1253147891, 0.1147134959, 2567.4565, 2744.9130, 759.6900, 15.9814
2025-12-03 19:20:24, 0.0531709791, 0.0414367018, 0.1397193394, 0.2022976873, 2918.3636, 3129.4773, 760.1600, 18.1153
2025-12-03 19:20:30, 0.0405913954, 0.0435240380, 0.1037595222, 0.1260982172, 2394.1321, 2400.4151, 757.1400, 17.6896
2025-12-03 19:20:35, 0.0471327443, 0.0480281224, 0.1007276996, 0.0943362340, 2753.0222, 2772.2444, 760.2850, 17.2833
2025-12-03 19:20:41, 0.0531944692, 0.0412230303, 0.1967671292, 0.1595221070, 2980.6222, 2856.6667, 760.8350, 18.1986
2025-12-03 19:20:47, 0.0403006890, 0.0452923525, 0.1836021071, 0.0729079904, 2630.6500, 2390.8250, 764.9600, 17.0572
2025-12-03 19:20:53, 0.0929224620, 0.0768886205, 0.1299016157, 0.1080823361, 2812.1800, 2776.7600, 760.7150, 18.0126
2025-12-03 19:20:59, 0.0438188640, 0.0428835861, 0.1616809043, 0.1699382822, 2850.1522, 2822.1522, 762.5650, 18.7682
2025-12-03 19:21:05, 0.0563437892, 0.0604933702, 0.1846321164, 0.2190913223, 2540.1667, 2548.0208, 763.6100, 18.9198
2025-12-03 19:21:10, 0.0629289972, 0.0541686281, 0.1456166686, 0.1771920967, 2804.9333, 2868.4667, 763.2100, 18.4793
2025-12-03 19:21:16, 0.0825396235, 0.0530518250, 0.1678809895, 0.1032078128, 2725.5676, 2635.2432, 763.7050, 17.0718
2025-12-03 19:21:23, 0.0345085320, 0.0385801967, 0.0907016536, 0.1212066385, 2747.1190, 2658.8333, 765.0350, 17.3621
2025-12-03 19:21:28, 0.0413052350, 0.0487555628, 0.0896058626, 0.0922526221, 2896.7797, 2946.2034, 764.3350, 17.5397
2025-12-03 19:21:34, 0.0544429485, 0.0503965940, 0.1469577029, 0.1214310539, 2952.2264, 2865.9057, 763.8300, 17.9011
2025-12-03 19:21:40, 0.0587200593, 0.0662059102, 0.1530753186, 0.1067829567, 2913.2128, 2871.2766, 766.8550, 19.0062
2025-12-03 19:21:45, 0.0414520549, 0.0415924658, 0.0906056690, 0.0857213834, 2650.0769, 2639.0000, 763.8950, 17.5552
2025-12-03 19:21:51, 0.0524770117, 0.0522161206, 0.1817131708, 0.1542772925, 3061.0811, 2923.3243, 768.1250, 17.3332
2025-12-03 19:21:57, 0.0356386083, 0.0377008345, 0.0855032463, 0.0994143582, 2788.1333, 2749.5833, 766.4050, 17.8947
2025-12-03 19:22:03, 0.0629273940, 0.0438382873, 0.1212488897, 0.1241932840, 3180.9565, 3239.8478, 765.5800, 17.2024
2025-12-03 19:22:08, 0.0375701521, 0.0299879417, 0.0966639254, 0.1044235000, 2754.5532, 2705.2340, 766.7550, 17.0439
2025-12-03 19:22:14, 0.0533375842, 0.0403515647, 0.1772822269, 0.1218822220, 3153.6042, 2897.9583, 762.8950, 17.5247
2025-12-03 19:22:20, 0.0544454008, 0.0428451038, 0.1084204429, 0.0777087000, 2973.8627, 3014.5882, 765.8150, 17.8928
2025-12-03 19:22:26, 0.0577361255, 0.0407278329, 0.1326276510, 0.1094121049, 2931.5208, 2669.2708, 764.5850, 16.0391
2025-12-03 19:22:31, 0.0432875977, 0.0450085528, 0.1112375256, 0.1435535214, 2798.6458, 2848.6458, 766.5100, 18.3848
2025-12-03 19:22:37, 0.0512510396, 0.0340936016, 0.1229095940, 0.0899144411, 2900.6800, 2906.4800, 764.3750, 17.5862
2025-12-03 19:22:43, 0.0428400217, 0.0476360530, 0.1299783436, 0.1422485892, 2954.9796, 2868.3265, 766.7750, 19.1754
2025-12-03 19:22:49, 0.0531413942, 0.0468551101, 0.1287904576, 0.1190181098, 3165.0889, 2967.3333, 767.8650, 16.6360
2025-12-03 19:22:54, 0.0494026627, 0.0485937284, 0.1420112930, 0.1685236669, 2612.0417, 2614.0000, 768.7100, 16.9427
2025-12-03 19:23:01, 0.0453992568, 0.0464978276, 0.1001404464, 0.0921659440, 2367.2609, 2356.5000, 767.5400, 17.8165
2025-12-03 19:23:06, 0.0486602042, 0.0539004336, 0.1055886104, 0.1083385134, 2783.8947, 2692.4035, 769.5100, 18.8128
2025-12-03 19:23:12, 0.0321420744, 0.0295147555, 0.0925326311, 0.0961244622, 2984.4706, 2863.4314, 773.1850, 18.6754
2025-12-03 19:23:18, 0.0501809212, 0.0471979593, 0.1467208095, 0.1322785799, 2494.8780, 2683.0000, 773.1950, 19.3674
2025-12-03 19:23:23, 0.0370143475, 0.0415038290, 0.1134587089, 0.1330226256, 2892.6393, 2910.3115, 772.0350, 21.3456
2025-12-03 19:23:29, 0.0440577947, 0.0436973808, 0.0850084988, 0.1011168586, 2767.7143, 2677.3036, 775.3200, 17.6280
2025-12-03 19:23:35, 0.0369754272, 0.0465028254, 0.1386283733, 0.1462446213, 2603.2500, 2564.3500, 773.3350, 18.7655
2025-12-03 19:23:41, 0.0301346263, 0.0265541565, 0.1738363846, 0.1873859573, 2937.9298, 2647.6491, 769.7800, 18.9568
2025-12-03 19:23:47, 0.0419126584, 0.0296822095, 0.1505867331, 0.0931107957, 2943.2449, 2741.0204, 772.7700, 18.1705
2025-12-03 19:23:52, 0.0352808639, 0.0401668811, 0.1108122490, 0.1037095170, 2725.0833, 2524.7500, 768.4750, 19.5637
2025-12-03 19:23:58, 0.0555190589, 0.0527982534, 0.0856567338, 0.0737962331, 2610.0851, 2515.6383, 766.8050, 20.0087
2025-12-03 19:24:04, 0.0475664536, 0.0379326654, 0.0854495940, 0.0764800383, 2793.7143, 2865.1633, 770.2250, 19.8594
2025-12-03 19:24:10, 0.0370672055, 0.0521564261, 0.1180917885, 0.1051559327, 2746.5641, 2823.7949, 769.5450, 19.1986
2025-12-03 19:24:16, 0.0290178925, 0.0391543682, 0.1392401172, 0.1250858637, 3069.3968, 2940.4127, 767.1850, 19.2878
2025-12-03 19:24:22, 0.0312275996, 0.0334127557, 0.1260314261, 0.1510060470, 2692.4375, 2760.8958, 768.5500, 17.8490
2025-12-03 19:24:27, 0.0346623203, 0.0351048429, 0.1298217501, 0.1344010019, 2853.7636, 2742.1818, 767.9150, 18.7579
2025-12-03 19:24:33, 0.0418439848, 0.0416351331, 0.1611748824, 0.1178516061, 2650.5593, 2639.3898, 765.2950, 19.7289
2025-12-03 19:24:39, 0.0406089130, 0.0322106775, 0.2039630501, 0.2072341022, 2729.1395, 2647.7209, 767.3000, 19.6048
2025-12-03 19:24:44, 0.0420047653, 0.0406248971, 0.1547093811, 0.1246045410, 2745.9020, 2822.4118, 765.9850, 19.8085
2025-12-03 19:24:50, 0.0351589247, 0.0363592874, 0.1102083255, 0.0959818420, 2527.0000, 2466.6607, 763.3750, 18.6849
2025-12-03 19:24:56, 0.0402531706, 0.0378611708, 0.0907373243, 0.1792645665, 2520.9070, 2577.3721, 761.9850, 19.4727
2025-12-03 19:25:01, 0.0559494209, 0.0467984534, 0.1410320194, 0.1621804872, 2737.0408, 2675.3061, 764.6300, 18.1042
2025-12-03 19:25:08, 0.0728477036, 0.0620936666, 0.1266657643, 0.1052638413, 3126.1042, 3009.7917, 763.8950, 17.7869
2025-12-03 19:25:13, 0.0551070248, 0.0558759168, 0.1286599919, 0.1166512689, 3004.8333, 2919.4333, 765.0000, 20.9437
2025-12-03 19:25:19, 0.0572157966, 0.0461035030, 0.0926730633, 0.1169012236, 3107.1111, 3164.3556, 763.4750, 19.3600
2025-12-03 19:25:25, 0.0753175863, 0.0846205410, 0.0889486133, 0.0855951001, 2802.2667, 2768.9556, 763.9050, 19.0700
2025-12-03 19:25:31, 0.0707905575, 0.0671154989, 0.0896674021, 0.1224629882, 2843.3636, 2873.0227, 765.2800, 18.3900
2025-12-03 19:25:36, 0.0600876018, 0.0460317187, 0.1292420431, 0.1515504381, 2888.5870, 3014.1087, 763.4250, 19.8787
2025-12-03 19:25:42, 0.0548557726, 0.0447071178, 0.0865442250, 0.0908436975, 2644.6863, 2647.3137, 766.9850, 18.9922
2025-12-03 19:25:54, 0.0462883941, 0.0386615975, 0.1505498437, 0.1272741514, 2887.4783, 2898.7609, 766.9650, 20.0248
2025-12-03 19:26:00, 0.0672079346, 0.0547911936, 0.1097919220, 0.1043446230, 2845.5714, 2790.2619, 768.5800, 17.7875
2025-12-03 19:26:06, 0.0644271025, 0.0480038933, 0.0893542693, 0.0824686323, 3073.7727, 2933.7500, 767.4550, 19.0049
2025-12-03 19:26:11, 0.0370952052, 0.0329017707, 0.1485472167, 0.1964538791, 2846.4182, 2771.2364, 766.3900, 19.9572
2025-12-03 19:26:17, 0.0325893282, 0.0288692807, 0.1443774463, 0.1283890642, 2938.4583, 2851.0417, 766.8800, 18.1015
2025-12-03 19:26:23, 0.0374415027, 0.0419368041, 0.1311774416, 0.1111450252, 2898.1346, 2694.2115, 763.9050, 20.8182
2025-12-03 19:26:29, 0.0552463568, 0.0483612469, 0.1662533452, 0.1753857626, 2641.7826, 2653.8913, 765.6000, 16.9747
2025-12-03 19:26:35, 0.0912814976, 0.0907000599, 0.0873280958, 0.0963883162, 2761.7436, 2546.5385, 766.3950, 17.9719
2025-12-03 19:26:40, 0.1128206180, 0.0588104709, 0.1066197785, 0.1342563229, 2546.3214, 2743.3929, 767.0600, 17.1833
2025-12-03 19:26:46, 0.0576528208, 0.0569212614, 0.1588207010, 0.1487820041, 2835.8571, 2723.1905, 765.8200, 18.4211
2025-12-03 19:26:52, 0.0698787438, 0.0588940826, 0.1678294449, 0.1478884568, 2916.5556, 2855.0556, 764.9050, 18.2350
2025-12-03 19:26:57, 0.0351270254, 0.0379231254, 0.1702897210, 0.1825142334, 2961.6000, 2783.3000, 764.6600, 18.2476
2025-12-03 19:27:03, 0.0699292814, 0.0656996360, 0.1183699636, 0.0964566137, 3047.5750, 2948.5500, 764.5100, 17.2334
2025-12-03 19:27:09, 0.0830566960, 0.0560646353, 0.1168787723, 0.0946397664, 2712.1111, 2804.9444, 764.8050, 18.1237
2025-12-03 19:27:15, 0.0819912550, 0.0591660314, 0.0934055229, 0.1062271542, 2574.0000, 2532.1500, 763.8250, 18.2037
2025-12-03 19:27:21, 0.0678195051, 0.0724525235, 0.0738790709, 0.0737898429, 3217.5312, 3182.2812, 765.9100, 18.0084
2025-12-03 19:27:26, 0.0777538998, 0.0812206404, 0.1176170531, 0.0976333673, 3082.8286, 2973.8000, 767.8000, 21.3698
2025-12-03 19:27:32, 0.0601332574, 0.0537092949, 0.1451212061, 0.1114528185, 3019.3191, 2963.1702, 767.4450, 21.5747
2025-12-03 19:27:38, 0.0516931156, 0.0429338846, 0.1149814447, 0.0904279533, 2688.2683, 2622.8537, 769.1150, 21.8475
2025-12-03 19:27:44, 0.0668414498, 0.0593112812, 0.1188784338, 0.1456019647, 2857.6154, 2889.8205, 764.9650, 21.3001
2025-12-03 19:27:50, 0.0622189105, 0.0632923617, 0.1421943979, 0.1037370161, 3104.3265, 2986.1020, 762.6500, 20.2723
2025-12-03 19:27:55, 0.0779830170, 0.0534839691, 0.1256331299, 0.1520208880, 2933.7692, 2885.5641, 763.8350, 22.5377
2025-12-03 19:28:01, 0.0653299188, 0.0553644099, 0.1188868313, 0.1225882549, 2764.4000, 2798.4667, 765.0600, 21.5909
2025-12-03 19:28:07, 0.0450359659, 0.0360624755, 0.2088767107, 0.1534479261, 2482.6304, 2437.5000, 767.0150, 20.2174
2025-12-03 19:28:13, 0.0688030082, 0.0380998510, 0.1549519739, 0.1394428991, 3088.0000, 3044.0222, 766.6400, 21.0381
2025-12-03 19:28:19, 0.0389901479, 0.0421424625, 0.1392173695, 0.1233390035, 2893.9464, 2800.5893, 768.9100, 22.4576
2025-12-03 19:28:25, 0.0524557416, 0.0570786148, 0.1164675048, 0.1108954520, 2844.8000, 2706.0000, 768.2750, 19.9090
2025-12-03 19:28:31, 0.0549625515, 0.0543160475, 0.0936513978, 0.0750125033, 2826.0377, 2852.1698, 766.2300, 20.2118
2025-12-03 19:28:36, 0.0463034204, 0.0428263479, 0.1626451966, 0.1500417940, 2980.3889, 2923.3333, 764.4600, 19.8421
2025-12-03 19:28:42, 0.0575524686, 0.0539092659, 0.1299227810, 0.1239220531, 2619.0000, 2713.5455, 766.0800, 19.4880
2025-12-03 19:28:48, 0.0727039663, 0.0631027309, 0.0737397095, 0.0692668138, 3381.4000, 3296.7714, 766.8700, 19.1847
2025-12-03 19:28:54, 0.0708675367, 0.0755173798, 0.2723576589, 0.2317420422, 2783.5405, 2662.7297, 766.2050, 20.4273
2025-12-03 19:29:00, 0.0583322455, 0.0435123992, 0.1277069325, 0.1255453461, 2869.2553, 2817.8723, 766.1750, 19.4958
2025-12-03 19:29:06, 0.0912495936, 0.0727645492, 0.1553025354, 0.1446293390, 2732.0217, 2811.6087, 766.7150, 18.1145
2025-12-03 19:29:11, 0.0523000501, 0.0401312770, 0.1645024425, 0.1230118947, 2916.8431, 3016.5882, 769.5800, 18.0464
2025-12-03 19:29:17, 0.0731150806, 0.0489431120, 0.1409966411, 0.1612917314, 2598.4634, 2628.3415, 768.9800, 19.4969
2025-12-03 19:29:23, 0.0712434524, 0.0763081227, 0.1819458054, 0.1006176856, 2995.3235, 2723.1176, 765.8700, 19.2173
2025-12-03 19:29:29, 0.0679335181, 0.0726498043, 0.1230150833, 0.1518765941, 3054.1818, 3105.9697, 766.0450, 19.4251
2025-12-03 19:29:34, 0.0643528578, 0.0664200500, 0.1176095436, 0.1364579300, 2919.6667, 2979.2143, 768.5400, 19.1974
2025-12-03 19:29:40, 0.0743323180, 0.0575180689, 0.1266348250, 0.1251410841, 2922.3333, 2880.8333, 767.6950, 19.0208
2025-12-03 19:29:46, 0.0498578868, 0.0428304705, 0.1265441717, 0.1102958081, 2883.8444, 2859.3778, 767.8800, 18.7477
2025-12-03 19:29:52, 0.0619091902, 0.0496763956, 0.1451266008, 0.2107716043, 3109.0926, 2971.5556, 765.2700, 20.5914
2025-12-03 19:29:58, 0.0511875977, 0.0463555477, 0.0857249267, 0.1148388966, 2523.2326, 2415.4651, 768.1200, 18.6208
2025-12-03 19:30:03, 0.0851042533, 0.0541448542, 0.1200814744, 0.1401791773, 2875.8136, 2877.5085, 763.4500, 17.7095
2025-12-03 19:30:09, 0.0628798253, 0.0652748650, 0.1141015249, 0.1038268075, 2768.1778, 2701.8000, 763.4300, 18.5708
2025-12-03 19:30:15, 0.0607550637, 0.0619119234, 0.0887035608, 0.0895334709, 2755.1346, 2664.8654, 761.6200, 18.0071
2025-12-03 19:30:20, 0.0624262831, 0.0424316070, 0.1385544327, 0.1265120354, 2663.7308, 2635.7308, 759.9350, 18.4356
2025-12-03 19:30:26, 0.0498911732, 0.0510742177, 0.1425500417, 0.0985657870, 3022.7778, 2942.4815, 760.7850, 17.1694
2025-12-03 19:30:33, 0.0623692312, 0.0535808742, 0.2020102937, 0.1388081194, 2970.0930, 3007.1628, 761.6300, 17.0168
2025-12-03 19:30:38, 0.0606089470, 0.0433008211, 0.0996611059, 0.1058833190, 2744.3519, 2788.3519, 759.7850, 16.9956
2025-12-03 19:30:44, 0.0841400637, 0.0749967285, 0.0888551585, 0.0916311552, 2738.1212, 2649.6364, 760.8300, 17.7863
2025-12-03 19:30:50, 0.0788205366, 0.0591129144, 0.1113680893, 0.1175759340, 2779.4651, 2767.8837, 760.5750, 16.1964
2025-12-03 19:30:56, 0.0753182743, 0.0537587236, 0.1120398940, 0.0919511891, 2865.1795, 2790.6667, 760.6100, 15.1495
2025-12-03 19:31:01, 0.0528546483, 0.0563762897, 0.1078417819, 0.1242459631, 2767.0600, 2840.0000, 761.6550, 16.7889
2025-12-03 19:31:08, 0.0340039138, 0.0427210429, 0.1550911721, 0.1482233233, 2850.0962, 2836.9038, 763.0000, 16.6157
2025-12-03 19:31:13, 0.0500128699, 0.0500576699, 0.1263953458, 0.1161765490, 3024.7895, 2920.1053, 763.9050, 17.1314
2025-12-03 19:31:19, 0.0528356350, 0.0493811197, 0.2265197011, 0.2729668996, 2731.0682, 2975.2045, 763.5950, 18.2954
2025-12-03 19:31:25, 0.0537042541, 0.0486361958, 0.1066114936, 0.0919522771, 2798.6667, 2630.7111, 767.7700, 17.8960
2025-12-03 19:31:31, 0.0602281608, 0.0433248161, 0.1206942888, 0.0669737539, 2762.3500, 2662.3750, 765.3400, 18.0949
2025-12-03 19:31:37, 0.0830722910, 0.0839390911, 0.0904772469, 0.1255243807, 2663.6136, 2686.7955, 765.2150, 17.3300
2025-12-03 19:31:43, 0.0617706398, 0.0634612856, 0.2768245800, 0.2158235429, 2965.3333, 3005.9444, 765.6400, 18.9074
2025-12-03 19:31:49, 0.0816111714, 0.0968545891, 0.1011777356, 0.0884409260, 2637.5532, 2624.0638, 769.6150, 17.7569
2025-12-03 19:31:54, 0.0509965082, 0.0446493339, 0.0565472577, 0.0570799249, 2682.4000, 2718.2667, 768.6450, 16.3636
2025-12-03 19:32:06, 0.0595026810, 0.0480579245, 0.1008777159, 0.1121308233, 3114.1875, 3005.2083, 770.1000, 17.7310
2025-12-03 19:32:11, 0.0509325304, 0.0343904511, 0.1193226254, 0.1309192151, 2867.2927, 2928.3415, 768.7800, 18.7198
2025-12-03 19:32:17, 0.0611963549, 0.0861428477, 0.1715320704, 0.1874522567, 2688.5238, 2686.1667, 770.5950, 18.6137
2025-12-03 19:32:23, 0.0534910411, 0.0577792111, 0.1675393475, 0.1437177441, 2550.7400, 2523.7600, 768.1950, 17.4352
2025-12-03 19:32:29, 0.0611514078, 0.0626556393, 0.1215392394, 0.1334873791, 2563.3000, 2611.6250, 767.9700, 17.1747
2025-12-03 19:32:35, 0.0834104265, 0.0753826940, 0.1774557975, 0.1730338389, 2987.6744, 3062.1628, 770.0600, 19.5739
2025-12-03 19:32:40, 0.0704703841, 0.0717640133, 0.1941015854, 0.1939989611, 2908.4419, 2967.0698, 769.2050, 17.2161
2025-12-03 19:32:46, 0.0921583865, 0.0473242654, 0.1876445242, 0.1825888620, 2740.3333, 2841.6667, 769.5550, 17.6818
2025-12-03 19:32:52, 0.0751268805, 0.0722421880, 0.1134852968, 0.1290368182, 2708.6604, 2785.6226, 769.4050, 17.9193
2025-12-03 19:32:57, 0.0777261185, 0.0992930644, 0.1586515225, 0.1339487565, 2766.4314, 2841.8431, 767.2950, 17.9644
2025-12-03 19:33:03, 0.0780677493, 0.1002516444, 0.1159935376, 0.1388681167, 2968.6757, 2964.7297, 765.8550, 18.2853
2025-12-03 19:33:09, 0.0578928613, 0.0671412529, 0.1188205651, 0.1288174514, 2766.4118, 2728.7647, 762.9100, 17.5238
2025-12-03 19:33:15, 0.0420795724, 0.0356712155, 0.1499117257, 0.1255613487, 2809.4043, 2755.9149, 766.5850, 19.3539
2025-12-03 19:33:20, 0.0364613889, 0.0291921282, 0.1607797050, 0.1464214262, 2954.8679, 2859.9623, 765.7550, 19.5986
2025-12-03 19:33:26, 0.0425534340, 0.0521982454, 0.2032544452, 0.1439072468, 2746.0566, 2713.8302, 768.7000, 17.4605
2025-12-03 19:33:32, 0.0756857979, 0.0584903306, 0.1221689181, 0.1244279727, 2719.2955, 2691.7955, 769.0400, 19.3463
2025-12-03 19:33:38, 0.0577296097, 0.0619486906, 0.1526667163, 0.1106037309, 3045.0962, 3131.2692, 764.8700, 18.2853
2025-12-03 19:33:44, 0.0843800262, 0.0669745998, 0.1878060569, 0.1742919944, 2805.5833, 2796.6667, 766.2450, 18.5028
2025-12-03 19:33:49, 0.0544462058, 0.0505471221, 0.1035766602, 0.1270168960, 2757.6596, 2729.2553, 767.4600, 18.0671
2025-12-03 19:33:55, 0.0728980433, 0.0719108197, 0.1482770715, 0.1797802012, 3098.7400, 3228.5600, 768.5500, 19.1005
2025-12-03 19:34:01, 0.0794637323, 0.0729212033, 0.1220108384, 0.1669938626, 2870.9630, 3046.9444, 768.6850, 18.0238
2025-12-03 19:34:07, 0.0828233519, 0.0568659155, 0.1570522674, 0.1244261751, 2834.7925, 2754.5660, 769.1250, 16.4225
2025-12-03 19:34:13, 0.0684188524, 0.0667207225, 0.1228960732, 0.1119297558, 2682.0250, 2774.4000, 764.2700, 16.2726
2025-12-03 19:34:18, 0.0675195769, 0.0634143106, 0.1636758785, 0.1512701072, 2604.1667, 2546.8333, 764.2500, 18.9731
2025-12-03 19:34:24, 0.0478657796, 0.0503903928, 0.1264723030, 0.1126872235, 2976.0862, 2925.5862, 766.6600, 16.7924
2025-12-03 19:34:30, 0.0571095650, 0.0466976696, 0.1239410560, 0.1510989810, 2826.5686, 2870.6275, 764.8300, 16.9461
2025-12-03 19:34:36, 0.0542681231, 0.0436123241, 0.0927061716, 0.0721335204, 2624.5849, 2616.9811, 767.2600, 17.0374
2025-12-03 19:34:42, 0.0389181081, 0.0472114589, 0.1710840214, 0.1240829776, 2999.1818, 2915.5636, 767.9150, 19.2226
2025-12-03 19:34:47, 0.0585104518, 0.0482274646, 0.0933669538, 0.0878768942, 2914.9500, 2985.7250, 768.8600, 19.8892
2025-12-03 19:34:53, 0.0703412722, 0.0630642746, 0.1298590023, 0.1193184402, 2746.9808, 2927.9423, 770.8500, 19.0212
2025-12-03 19:34:59, 0.0500915355, 0.0376196342, 0.1288740344, 0.1034149350, 2788.3488, 2768.2558, 769.9900, 20.3723
2025-12-03 19:35:04, 0.0651372479, 0.0651345650, 0.0958774961, 0.0909461056, 2797.2653, 2874.9592, 771.3900, 20.9105
2025-12-03 19:35:10, 0.0895852813, 0.0625815358, 0.2543090577, 0.1624277586, 2737.9592, 2729.8776, 772.6450, 18.9446
2025-12-03 19:35:16, 0.0454606565, 0.0602763913, 0.0983665086, 0.0722293421, 2936.0200, 2818.5400, 773.5700, 19.5311
2025-12-03 19:35:22, 0.0554990192, 0.0581620454, 0.1912020486, 0.1601711525, 3052.4146, 3063.4146, 773.1500, 19.7959
2025-12-03 19:35:27, 0.0787037501, 0.0578885657, 0.1165201559, 0.0911169151, 2770.7347, 2712.2857, 771.8550, 24.5168
2025-12-03 19:35:33, 0.0333038362, 0.0353244568, 0.1162925648, 0.1016214269, 2840.1346, 2744.0000, 773.0950, 21.5997
2025-12-03 19:35:39, 0.0576521621, 0.0453807956, 0.1038235157, 0.0865125152, 2660.7333, 2743.7778, 772.5000, 21.6663
2025-12-03 19:35:45, 0.0541482900, 0.0531491916, 0.0806088780, 0.0600205702, 2988.7917, 2981.7083, 773.6150, 21.2174
2025-12-03 19:35:50, 0.0861113394, 0.0709167223, 0.1007050486, 0.1062025113, 2718.8125, 2674.6875, 769.7000, 22.4018
2025-12-03 19:35:56, 0.0552922378, 0.0384788060, 0.1784329480, 0.1697994342, 2833.4783, 2851.1739, 773.6350, 21.7456
2025-12-03 19:36:02, 0.0359648600, 0.0434324792, 0.1190894503, 0.0813016173, 2795.7458, 2642.8305, 771.9350, 20.9072
2025-12-03 19:36:07, 0.0501237576, 0.0515740193, 0.1058034689, 0.1067785065, 2892.9778, 2971.1556, 774.2800, 21.2246
2025-12-03 19:36:13, 0.0830110851, 0.0689113853, 0.1280248383, 0.1411272770, 2978.1591, 2966.9318, 774.6300, 20.4771
2025-12-03 19:36:19, 0.0931668221, 0.0840344804, 0.1200667897, 0.1598552729, 2749.7931, 2825.7586, 770.6250, 21.9585
2025-12-03 19:36:25, 0.0774425401, 0.0764757942, 0.1225574594, 0.1437529565, 2866.3256, 3005.1628, 771.6200, 22.9278
2025-12-03 19:36:30, 0.0597886840, 0.0818344914, 0.1068490858, 0.1014321074, 2814.3500, 2941.8750, 771.4200, 22.0865
2025-12-03 19:36:36, 0.0640735732, 0.0903997992, 0.1606647153, 0.1501506329, 2790.3261, 2750.7174, 766.1250, 17.6329
2025-12-03 19:36:42, 0.0643327141, 0.0555406038, 0.1486580137, 0.1207395722, 2450.0238, 2423.0952, 769.4200, 21.4698
2025-12-03 19:36:48, 0.0427745339, 0.0574175261, 0.1116262207, 0.0898499510, 2722.9245, 2736.8302, 763.9550, 18.8097
2025-12-03 19:36:53, 0.0539326040, 0.0492839513, 0.1146498686, 0.1262822012, 2824.7674, 2900.5581, 763.0700, 18.1891
2025-12-03 19:36:59, 0.0630041769, 0.0631998249, 0.1573146437, 0.1708581813, 3189.7000, 3086.5250, 766.6400, 17.3701
2025-12-03 19:37:05, 0.0474410881, 0.0584786075, 0.1240306249, 0.1550527745, 2876.6538, 2785.5962, 765.4550, 17.8916
2025-12-03 19:37:11, 0.0533830566, 0.0562336222, 0.2721003002, 0.1862196154, 2821.0789, 2633.7368, 765.5600, 18.8214
2025-12-03 19:37:16, 0.0551773924, 0.0491030014, 0.1203469504, 0.0850859480, 3073.8000, 2821.4571, 764.9300, 18.9493
2025-12-03 19:37:22, 0.0659744301, 0.0465633405, 0.1549708330, 0.1118879564, 3164.9143, 2961.4571, 764.8200, 18.5110
2025-12-03 19:37:28, 0.1138179602, 0.0666472364, 0.1017449706, 0.0976888036, 2701.8718, 2823.9744, 767.3800, 20.1808
2025-12-03 19:37:34, 0.0676152696, 0.0858177834, 0.0794042533, 0.0904245332, 2543.1600, 2535.8200, 766.4650, 16.6769
2025-12-03 19:37:39, 0.0559993048, 0.0616400153, 0.1041740544, 0.0860489176, 2710.7407, 2689.0926, 769.4450, 18.8151
2025-12-03 19:37:45, 0.0530974190, 0.0529643642, 0.1080595666, 0.1206729233, 2637.8800, 2623.7800, 767.3550, 17.2061
2025-12-03 19:37:51, 0.0398790967, 0.0362607075, 0.0926490350, 0.1053545461, 2778.4107, 2669.0000, 768.8650, 17.5387
2025-12-03 19:37:57, 0.0532771874, 0.0578688134, 0.1172709576, 0.1316233826, 2621.8182, 2731.1818, 767.2700, 18.2400
2025-12-03 19:38:03, 0.0951125781, 0.0731964718, 0.1309129338, 0.1201619281, 3098.1702, 3076.7872, 769.2550, 18.3461
2025-12-03 19:38:09, 0.0571629831, 0.0581821679, 0.1637198856, 0.1324372471, 2685.1176, 2521.3235, 769.1950, 18.5385
2025-12-03 19:38:14, 0.0508143827, 0.0448621201, 0.1916399672, 0.1849746201, 2896.4630, 2809.7037, 769.8700, 16.5379
2025-12-03 19:38:21, 0.0870060174, 0.0628516072, 0.1267849891, 0.1193618469, 2628.1429, 2609.7347, 771.7000, 17.8760
2025-12-03 19:38:26, 0.0909111419, 0.0902604301, 0.1311535116, 0.1500551550, 3048.8800, 3128.9000, 774.7500, 17.2438
2025-12-03 19:38:32, 0.0549438283, 0.0471666811, 0.1586536075, 0.1553397870, 2863.4151, 2903.6604, 770.8450, 18.5311
2025-12-03 19:38:38, 0.0920459260, 0.0790474408, 0.1290546153, 0.0822881833, 2753.1143, 2790.2286, 772.5550, 18.1999
2025-12-03 19:38:44, 0.0484371871, 0.0539340772, 0.1550617427, 0.1334060953, 2669.1875, 2649.1042, 774.2600, 17.5218
2025-12-03 19:38:49, 0.0432174161, 0.0476846876, 0.1107835746, 0.1432814621, 2717.6727, 2906.6727, 776.3650, 20.1644
2025-12-03 19:38:55, 0.0490867545, 0.0602476682, 0.1814594580, 0.2076728547, 2820.3043, 2864.7391, 773.0450, 18.6307
2025-12-03 19:39:01, 0.0655160532, 0.0539342132, 0.2242998390, 0.2139214425, 2852.2571, 2773.9429, 772.4450, 17.8521
2025-12-03 19:39:07, 0.0547305963, 0.0636258134, 0.1575959651, 0.1402571935, 2962.3556, 2884.6444, 774.4000, 18.5294
2025-12-03 19:39:13, 0.0471785654, 0.0358598020, 0.1053543726, 0.1454131671, 2897.3929, 2770.3750, 771.3200, 18.5921
2025-12-03 19:39:18, 0.0474368277, 0.0474887207, 0.0957850766, 0.0993511116, 2751.0600, 2745.6400, 771.3450, 17.2080
2025-12-03 19:39:24, 0.0385426037, 0.0320393401, 0.1441433279, 0.1601788212, 2609.1091, 2523.6545, 770.5500, 18.8634
2025-12-03 19:39:30, 0.0512229616, 0.0462994675, 0.2039909618, 0.1510328705, 3074.0488, 2968.0976, 768.8300, 18.0025
2025-12-03 19:39:36, 0.0633022746, 0.0596602078, 0.1167228125, 0.1224979592, 2719.1111, 2731.2778, 768.1600, 19.7597
2025-12-03 19:39:41, 0.0629586018, 0.0643084193, 0.1310865783, 0.1301536504, 3207.6818, 2987.2273, 770.7450, 17.8157
2025-12-03 19:39:47, 0.0316796902, 0.0308217913, 0.1961151404, 0.1352836409, 2723.2308, 2679.8462, 764.7650, 18.6550
2025-12-03 19:39:53, 0.0716322746, 0.0834523475, 0.1352664601, 0.1367387234, 3183.8636, 3045.7273, 766.9000, 17.9536
2025-12-03 19:39:59, 0.0700819792, 0.0711117738, 0.1478921878, 0.1003427314, 3106.7750, 3056.1750, 768.6350, 19.1536
2025-12-03 19:40:04, 0.0888306192, 0.0868982122, 0.1500381717, 0.1411376439, 2877.5366, 2848.6829, 765.0150, 19.2540
2025-12-03 19:40:10, 0.0433373949, 0.0389117249, 0.1178489723, 0.0618585818, 3295.3333, 3032.7143, 765.2900, 18.1784
2025-12-03 19:40:16, 0.0332555476, 0.0601678760, 0.0844084742, 0.0991354068, 2598.3400, 2552.8800, 768.6250, 18.7447
2025-12-03 19:40:22, 0.0444073595, 0.0473864723, 0.1940858301, 0.1609876763, 2965.8478, 2885.0870, 767.2350, 19.6815
2025-12-03 19:40:27, 0.0582327735, 0.0574458227, 0.1195905111, 0.0965298677, 2984.8594, 2857.4844, 769.7600, 17.6163
2025-12-03 19:40:33, 0.0639194412, 0.0581461466, 0.0761422695, 0.1223911481, 2575.7391, 2635.8478, 765.9100, 17.8483
2025-12-03 19:40:39, 0.0608149765, 0.0453011055, 0.1639273113, 0.1029289034, 2831.7500, 2730.8333, 766.8700, 18.5605
2025-12-03 19:40:45, 0.0447919175, 0.0536629147, 0.1065305321, 0.1046080518, 2785.6000, 2567.8000, 765.8250, 19.0734
2025-12-03 19:40:51, 0.0443665848, 0.0502406511, 0.1330529016, 0.1243016496, 2506.7500, 2603.9091, 768.2100, 18.3002
2025-12-03 19:40:56, 0.0564043192, 0.0467358568, 0.1274422865, 0.0982237804, 2887.1458, 2917.8125, 767.3700, 16.9627
2025-12-03 19:41:02, 0.0429922371, 0.0453381926, 0.0931894531, 0.0949239449, 2860.9792, 2885.1667, 766.2150, 16.6964
2025-12-03 19:41:08, 0.0453371390, 0.0438615549, 0.0826174905, 0.1158092638, 2664.7719, 2691.7018, 767.5200, 17.1802
2025-12-03 19:41:13, 0.0462737278, 0.0358319014, 0.1566734355, 0.1965474374, 2644.4286, 2778.2143, 766.6850, 17.7092
2025-12-03 19:41:19, 0.0409920624, 0.0399578876, 0.1973115889, 0.1727982620, 3097.7667, 3068.8667, 763.7250, 17.9602
2025-12-03 19:41:25, 0.0738221180, 0.0755751312, 0.2000876411, 0.2071596364, 2936.7368, 3143.4474, 767.5250, 18.4716
2025-12-03 19:41:31, 0.0606591786, 0.0555794636, 0.0592321370, 0.0703237840, 2366.8750, 2548.2917, 765.1250, 18.5097
2025-12-03 19:41:36, 0.0826788960, 0.0518232590, 0.0996367344, 0.0995216511, 2865.0816, 2972.6939, 764.2250, 17.6823
2025-12-03 19:41:42, 0.0779231929, 0.0775810780, 0.1014988505, 0.0893645111, 2489.7692, 2499.1026, 763.9850, 17.6132
2025-12-03 19:41:48, 0.0811895969, 0.0635823609, 0.0799792612, 0.0891156824, 2431.1053, 2366.2368, 767.0700, 19.9686
2025-12-03 19:41:54, 0.0337075871, 0.0349450011, 0.1128266422, 0.0845240970, 3175.4259, 3010.1852, 765.8500, 18.9420
2025-12-03 19:42:00, 0.0411166633, 0.0521693800, 0.1306944562, 0.1021402561, 2695.0980, 2648.8824, 768.9500, 17.2834
2025-12-03 19:42:06, 0.0562018624, 0.0688340387, 0.0955966446, 0.0831419918, 2787.2979, 2726.7447, 767.2150, 18.2406
2025-12-03 19:42:11, 0.1069720551, 0.0879225277, 0.0815202079, 0.1006998494, 2509.1795, 2569.7949, 766.0000, 17.9510
2025-12-03 19:42:17, 0.0350971351, 0.0468640559, 0.1643563245, 0.1662242840, 2792.8070, 2796.5965, 766.6400, 16.8962
2025-12-03 19:42:23, 0.0583673113, 0.0760371834, 0.1130929839, 0.1279644892, 2884.4490, 2841.6939, 766.0900, 19.3859
2025-12-03 19:42:29, 0.0639413121, 0.0711472532, 0.1187482901, 0.1114139024, 3094.5306, 3103.1837, 764.1900, 17.4921
2025-12-03 19:42:35, 0.1025468164, 0.0691511839, 0.1660244480, 0.1208939408, 2911.2698, 2889.1905, 759.4500, 17.6408
2025-12-03 19:42:40, 0.0569358333, 0.0493601538, 0.0909356150, 0.0862151166, 2836.5536, 2753.8750, 760.8150, 17.6879
2025-12-03 19:42:46, 0.0491617016, 0.0477916930, 0.1339865382, 0.1442696556, 3028.8235, 3040.6863, 759.7450, 18.7606
2025-12-03 19:42:52, 0.0638264566, 0.0751619890, 0.1497729552, 0.1299168282, 2972.6531, 3033.6939, 759.9650, 18.3718
2025-12-03 19:42:58, 0.0685760658, 0.0558965729, 0.0938078054, 0.1021135441, 2845.2250, 2756.0000, 760.6800, 18.0233
2025-12-03 19:43:03, 0.0696248761, 0.0649567565, 0.1564239368, 0.1615519551, 3184.9070, 3190.9070, 757.5850, 18.6487
2025-12-03 19:43:09, 0.1165145968, 0.0942508905, 0.0971290973, 0.1084679989, 2934.8387, 2868.5484, 758.6650, 19.8470
2025-12-03 19:43:15, 0.0710646825, 0.0588136836, 0.1406658209, 0.1230373393, 2938.5405, 2925.0811, 762.0000, 20.0220
2025-12-03 19:43:21, 0.0770757838, 0.0858493996, 0.1164031308, 0.1060345103, 2755.7778, 2736.5111, 762.7650, 16.9903
2025-12-03 19:43:26, 0.0842496083, 0.0716551250, 0.1230880720, 0.1037791789, 2950.3953, 2889.0465, 760.5250, 20.1856
2025-12-03 19:43:32, 0.0892936400, 0.0801990981, 0.0858141679, 0.0919248107, 2592.0233, 2678.4651, 764.8500, 19.0619
2025-12-03 19:43:38, 0.0595753059, 0.0553459899, 0.0835648625, 0.0662238379, 2897.0455, 2825.9773, 762.2000, 19.6071
2025-12-03 19:43:44, 0.0444292878, 0.0492299759, 0.0984067727, 0.1039362730, 2688.9302, 2687.7674, 767.4350, 20.9563
2025-12-03 19:43:49, 0.0580297227, 0.0445041854, 0.1201031519, 0.1142243006, 2895.8983, 2803.5254, 769.0750, 18.1631
2025-12-03 19:43:55, 0.0912266695, 0.0803330462, 0.1138767673, 0.1293341888, 2903.9189, 3059.2162, 766.2300, 18.0324
2025-12-03 19:44:01, 0.0931499140, 0.0661674902, 0.1484877694, 0.1453631391, 2588.0000, 2659.3556, 767.2250, 19.4801
2025-12-03 19:44:07, 0.0549632197, 0.0703467764, 0.1515943206, 0.1107622505, 3041.6857, 3014.8286, 764.5750, 16.3381
2025-12-03 19:44:13, 0.0671460576, 0.0844467124, 0.1149429724, 0.1067212725, 2940.2200, 2835.9400, 765.4000, 17.3557
2025-12-03 19:44:18, 0.0674660316, 0.0672064223, 0.0645957919, 0.0660398046, 2703.8200, 2844.2200, 765.0900, 19.3430
2025-12-03 19:44:24, 0.0991165101, 0.0782370676, 0.0847084347, 0.0764404551, 2784.6304, 2898.7826, 764.4800, 17.3704
2025-12-03 19:44:30, 0.0730088289, 0.0633301667, 0.0886094020, 0.0769562328, 2766.7500, 2776.2083, 763.2250, 16.7793
2025-12-03 19:44:36, 0.0633248301, 0.0571492658, 0.1080751847, 0.1039995753, 2932.6981, 3013.9811, 768.4700, 17.2624
2025-12-03 19:44:42, 0.0654070794, 0.0539057195, 0.1529549009, 0.1542839272, 2990.4318, 3087.5227, 762.4400, 17.1562
2025-12-03 19:44:47, 0.0645254061, 0.0494002075, 0.1142501899, 0.1406461994, 2735.5294, 2765.6667, 766.9050, 18.8901
2025-12-03 19:44:53, 0.0767506412, 0.0678727198, 0.1077071899, 0.1191871016, 3024.0000, 2885.8750, 766.3600, 17.1406
2025-12-03 19:44:59, 0.0878450178, 0.0972090648, 0.1169497892, 0.1215346643, 2603.5128, 2670.7692, 766.6250, 17.3414
2025-12-03 19:45:04, 0.1313299534, 0.0901128010, 0.1159026990, 0.1057908390, 2873.0244, 3014.6341, 769.2150, 18.6400
2025-12-03 19:45:10, 0.0783396843, 0.0692653452, 0.1045987549, 0.1086655550, 2851.1538, 2722.3590, 770.8450, 18.6867
2025-12-03 19:45:17, 0.0727773809, 0.0633643352, 0.1280925691, 0.1258547636, 2849.7692, 2837.7308, 771.5550, 15.4615
2025-12-03 19:45:22, 0.0790188841, 0.0672038167, 0.1160817255, 0.0943838274, 2888.0000, 2907.5435, 768.6250, 16.9995
2025-12-03 19:45:28, 0.0874275414, 0.1002385832, 0.0985314473, 0.0704214155, 2736.2121, 2635.9091, 769.1150, 18.2549
2025-12-03 19:45:34, 0.1119023257, 0.0894410209, 0.1260481324, 0.1355086506, 2936.6000, 3024.7000, 769.6850, 16.8534
2025-12-03 19:45:40, 0.1387214012, 0.0905324484, 0.0714844517, 0.0799584301, 2981.6279, 3041.0930, 767.7900, 18.2276
2025-12-03 19:45:46, 0.0541354561, 0.0556816893, 0.0900759996, 0.0885862069, 2745.4583, 2678.6250, 770.0100, 18.1262
2025-12-03 19:45:51, 0.0872853718, 0.0741426030, 0.0975081963, 0.0769693343, 2787.6200, 2688.3200, 768.6150, 16.8658
2025-12-03 19:45:57, 0.0878483252, 0.0596427861, 0.0891778225, 0.0786760146, 2951.0517, 2805.8276, 765.5900, 17.6964
2025-12-03 19:46:03, 0.0870204454, 0.0935237170, 0.0712930328, 0.0944929326, 3044.2326, 3140.3023, 766.0850, 18.5197
2025-12-03 19:46:09, 0.0515393090, 0.0554743791, 0.1083048916, 0.1138640812, 2793.0175, 2941.1053, 765.9700, 19.1617
2025-12-03 19:46:15, 0.0632349563, 0.0568280052, 0.1266321075, 0.1052303820, 2735.2200, 2747.5800, 768.7600, 19.6250
2025-12-03 19:46:21, 0.0686944782, 0.0669921793, 0.0608638409, 0.0672482487, 2783.5294, 2823.2745, 763.9550, 17.2929
2025-12-03 19:46:27, 0.0757333522, 0.0824491443, 0.1452177149, 0.0948805525, 2799.3077, 2746.8462, 761.1500, 16.8516
2025-12-03 19:46:33, 0.1072935094, 0.1000710958, 0.0880750876, 0.0708402593, 2959.8000, 2777.3750, 764.5550, 16.7095
2025-12-03 19:46:38, 0.0977746834, 0.0766596020, 0.1251817566, 0.1262486779, 2809.1778, 2791.2667, 764.3400, 16.8581
2025-12-03 19:46:44, 0.0955591559, 0.0568489797, 0.1428455819, 0.1441964785, 2776.1364, 2737.6364, 767.5550, 18.5094
2025-12-03 19:46:50, 0.0306641930, 0.0241568530, 0.1082213375, 0.1154029868, 2496.6182, 2517.0000, 764.2550, 18.0336
2025-12-03 19:46:56, 0.0356830795, 0.0229070432, 0.1605850043, 0.1088837733, 3036.0200, 2823.0800, 765.7100, 17.9640
2025-12-03 19:47:01, 0.0301254444, 0.0294367497, 0.1117473167, 0.0942243418, 2826.6029, 2708.4265, 765.0250, 18.4039
2025-12-03 19:47:07, 0.0489712754, 0.0614989241, 0.1220438126, 0.1310926519, 2910.3793, 2872.4138, 767.7200, 18.0622
2025-12-03 19:47:13, 0.0496930890, 0.0563797109, 0.1240262061, 0.1118513648, 2977.6842, 2806.5263, 767.1850, 18.1574
2025-12-03 19:47:18, 0.0392851735, 0.0501137302, 0.1609448930, 0.1046368479, 2810.3585, 2793.3962, 767.6900, 18.5028
2025-12-03 19:47:24, 0.0431055558, 0.0557323889, 0.1204623930, 0.1566291393, 2839.9592, 2833.9592, 769.5800, 16.7462
2025-12-03 19:47:30, 0.0604964008, 0.0622407887, 0.1479148283, 0.0987080464, 2929.1111, 2822.5556, 768.3150, 17.1028
2025-12-03 19:47:36, 0.0429677621, 0.0344060474, 0.1185150623, 0.1294390182, 2765.7541, 2732.0492, 769.2450, 17.8968
2025-12-03 19:47:42, 0.0828900427, 0.0766262313, 0.1431780557, 0.0950513657, 2937.7917, 2825.7292, 767.9150, 18.3199
2025-12-03 19:47:47, 0.0826469200, 0.0957726977, 0.1006228499, 0.1144853681, 2921.0800, 2804.0800, 767.8350, 19.0520
2025-12-03 19:47:53, 0.0646508903, 0.0521385425, 0.1531645805, 0.1182959768, 2700.8095, 2596.2857, 770.2650, 17.1133
2025-12-03 19:47:59, 0.0638066541, 0.0630744365, 0.2069247714, 0.2036127929, 2784.7963, 2868.1667, 774.0150, 19.0154
2025-12-03 19:48:05, 0.0753312824, 0.0762744101, 0.1299648664, 0.1220069630, 2836.0612, 2925.5510, 771.6950, 18.5273
2025-12-03 19:48:10, 0.0771930347, 0.0636087442, 0.0980874973, 0.0827971339, 2883.9623, 2848.1321, 772.7200, 19.3065
2025-12-03 19:48:16, 0.0751336629, 0.0624776125, 0.1097956760, 0.0823571214, 3050.8200, 2981.9400, 771.6350, 19.1296
2025-12-03 19:48:22, 0.0806385277, 0.0821180831, 0.1066330510, 0.1101827441, 2638.8500, 2727.6500, 769.5850, 17.5195
2025-12-03 19:48:28, 0.0741134143, 0.0646490174, 0.1289490563, 0.1014708178, 2526.2979, 2533.7447, 768.7600, 19.4711
2025-12-03 19:48:34, 0.0745091994, 0.0556065726, 0.1499139922, 0.1386097163, 2863.0196, 2941.1765, 772.3600, 18.1158
2025-12-03 19:48:39, 0.0453187393, 0.0506558722, 0.1888822544, 0.1479611287, 2986.5636, 2865.3455, 769.3900, 18.3629
2025-12-03 19:48:45, 0.0756228933, 0.0628524935, 0.1071598469, 0.1159756000, 2751.8909, 2798.1091, 769.9050, 18.7964
2025-12-03 19:48:51, 0.0721567843, 0.0688049664, 0.1182933625, 0.0876737128, 2985.4146, 2952.7805, 771.9600, 19.1491
2025-12-03 19:48:57, 0.0936274409, 0.0579431951, 0.1268875290, 0.1088473859, 2933.5294, 2698.7647, 770.0650, 18.3090
2025-12-03 19:49:02, 0.0412397182, 0.0553113249, 0.1407499997, 0.1112297622, 3116.1905, 2989.2143, 770.4750, 18.0834
2025-12-03 19:49:08, 0.0606024244, 0.0567291162, 0.1437539912, 0.1320376134, 2850.4255, 2763.7234, 771.7550, 19.3950
2025-12-03 19:49:14, 0.0545083713, 0.0520439005, 0.0933999594, 0.0935243181, 2642.2241, 2591.3448, 772.1300, 18.5471
2025-12-03 19:49:19, 0.0548992970, 0.0576272901, 0.1002401962, 0.1001989441, 3033.9697, 2826.8182, 768.1050, 17.6143
2025-12-03 19:49:25, 0.0479310269, 0.0479966568, 0.0709261814, 0.0667820938, 2748.7115, 2663.0769, 766.5650, 19.6407
2025-12-03 19:49:31, 0.1040498572, 0.0763238542, 0.1205323324, 0.1348403398, 2594.3714, 2532.7714, 767.1900, 16.5751
2025-12-03 19:49:37, 0.0661096308, 0.0607543793, 0.0799303000, 0.0671795786, 3035.2623, 3044.7869, 767.6950, 18.5146
2025-12-03 19:49:43, 0.0615989798, 0.0658582133, 0.1055708188, 0.1129956727, 2788.9074, 2791.2778, 764.3400, 17.9378
2025-12-03 19:49:48, 0.0738691786, 0.0600967041, 0.0825062753, 0.0940304948, 3030.5800, 3018.1000, 765.8500, 18.5590
2025-12-03 19:49:54, 0.0329078379, 0.0254612149, 0.0901634010, 0.0757601338, 2855.2000, 2613.1636, 767.0150, 18.3963
2025-12-03 19:50:00, 0.0510894960, 0.0495353356, 0.1002038234, 0.1207806628, 2794.8261, 2944.0217, 764.9550, 17.9266
2025-12-03 19:50:06, 0.0317849228, 0.0438832750, 0.1693009228, 0.1517124423, 3052.2059, 2986.9118, 767.0700, 17.8839
2025-12-03 19:50:11, 0.0788497616, 0.0557220280, 0.0986749491, 0.1130912240, 2783.5532, 2900.4681, 763.9500, 18.2068
2025-12-03 19:50:17, 0.0609771098, 0.0535792817, 0.0853476108, 0.0876348455, 2900.7000, 2809.1750, 762.6400, 18.5691
2025-12-03 19:50:23, 0.0664561350, 0.0576771760, 0.1879209951, 0.1874538023, 2968.5455, 3065.3864, 768.1950, 17.4332
2025-12-03 19:50:29, 0.0833747398, 0.0627612084, 0.0901658400, 0.0795401530, 3140.6279, 3016.3488, 764.8500, 18.8310
2025-12-03 19:50:35, 0.0854893626, 0.0765660498, 0.0781465378, 0.0818085516, 3002.9200, 3211.2600, 765.9250, 18.1835
2025-12-03 19:50:41, 0.0857321138, 0.0537612010, 0.1010552634, 0.0806201488, 2901.4528, 2929.5094, 766.0550, 20.2250
2025-12-03 19:50:46, 0.0587462589, 0.0493534913, 0.1066363329, 0.1481587187, 2870.0000, 2917.8919, 765.0850, 19.3119
2025-12-03 19:50:52, 0.0530662726, 0.0494093735, 0.1116673859, 0.1241848606, 2856.8772, 2859.6842, 764.9350, 17.6454
2025-12-03 19:50:58, 0.0723936883, 0.0550088012, 0.0927552337, 0.1035171962, 2750.1905, 2761.4524, 764.0350, 18.0990
2025-12-03 19:51:03, 0.0964656593, 0.0727147544, 0.1113015529, 0.1270356373, 2950.5814, 2947.0930, 763.8400, 18.5622
2025-12-03 19:51:09, 0.1065891029, 0.0706238179, 0.1074725539, 0.1003030523, 2762.0000, 2832.6341, 764.9600, 16.8620
2025-12-03 19:51:15, 0.0612361355, 0.0647827918, 0.1283140942, 0.1272467365, 3013.3265, 3045.3265, 765.7200, 17.0259
2025-12-03 19:51:20, 0.0597862157, 0.0440601220, 0.1095000548, 0.0834012168, 2778.5208, 2721.6875, 762.8250, 17.5244
2025-12-03 19:51:26, 0.0597263651, 0.0540499694, 0.1176818213, 0.1002124235, 2787.8800, 2776.4600, 764.4450, 17.1938
2025-12-03 19:51:32, 0.0704758701, 0.0513095278, 0.1486228721, 0.1337348728, 3115.9091, 3049.1818, 768.4200, 18.3971
2025-12-03 19:51:38, 0.0588681894, 0.0505140028, 0.1135099675, 0.1127763355, 2999.8113, 2865.1698, 771.3800, 20.7269
2025-12-03 19:51:44, 0.0527861031, 0.0570236349, 0.1468998579, 0.1303317512, 3014.3409, 2957.6591, 771.3000, 16.6517
2025-12-03 19:51:50, 0.0516568326, 0.0675231584, 0.1400549677, 0.1161360101, 2809.6522, 2776.6522, 772.7900, 17.9063
2025-12-03 19:51:56, 0.0381154699, 0.0395296015, 0.0968602307, 0.0960937950, 2733.8929, 2671.0714, 769.7350, 17.8450
2025-12-03 19:52:01, 0.0516895607, 0.0551078250, 0.1047493375, 0.1093971798, 2719.1509, 2725.1509, 772.6350, 17.5471
2025-12-03 19:52:07, 0.0586753108, 0.0623473597, 0.0747291969, 0.0834899953, 2705.0169, 2683.3729, 769.3750, 16.5495
2025-12-03 19:52:13, 0.0464890847, 0.0401812478, 0.0786152511, 0.0704701941, 2566.1356, 2426.3051, 771.4200, 17.4205
2025-12-03 19:52:19, 0.0354792946, 0.0346443598, 0.1090023919, 0.0884461944, 2842.8889, 2710.5185, 770.4400, 19.7085
2025-12-03 19:52:24, 0.0338936386, 0.0328061822, 0.1144742446, 0.0963923490, 2946.9500, 2768.3000, 767.2100, 19.5608
2025-12-03 19:52:30, 0.0293433565, 0.0361360106, 0.0642561815, 0.0790546846, 2659.9710, 2580.4928, 767.8850, 18.7161
2025-12-03 19:52:36, 0.0512431447, 0.0561765071, 0.1051868847, 0.0828561821, 2853.8600, 2754.6400, 767.4000, 18.3003
2025-12-03 19:52:42, 0.0408665337, 0.0461747953, 0.0789784593, 0.0730926334, 2544.6600, 2518.0200, 768.6750, 18.1350
2025-12-03 19:52:48, 0.0640252607, 0.0634684788, 0.1489588132, 0.1115546451, 2890.1837, 2759.4490, 766.8450, 18.3546
2025-12-03 19:52:53, 0.0622458183, 0.0500377720, 0.0572305221, 0.0617639485, 2779.7843, 2797.4118, 764.9400, 18.1137
2025-12-03 19:52:59, 0.0546481409, 0.0557398949, 0.0528631878, 0.0617931016, 2770.9783, 2831.1522, 764.4150, 18.1905
2025-12-03 19:53:05, 0.0459162231, 0.0379964069, 0.1325662957, 0.1155413978, 2850.4286, 2789.8571, 767.0950, 18.7218
2025-12-03 19:53:10, 0.0852801397, 0.0793759270, 0.1243172238, 0.1565214972, 2963.6585, 2856.3415, 766.3550, 17.3063
2025-12-03 19:53:16, 0.0606953764, 0.0391177672, 0.0898743079, 0.0767219500, 2978.9767, 3000.0233, 762.2400, 18.3233
2025-12-03 19:53:22, 0.0445383390, 0.0374165350, 0.1095502432, 0.1069932071, 2782.2414, 2826.2241, 763.2650, 17.3748
2025-12-03 19:53:28, 0.0567578555, 0.0375710677, 0.1536021940, 0.1178778049, 2951.4590, 2906.3279, 762.0850, 17.9122
2025-12-03 19:53:34, 0.0440469390, 0.0501383450, 0.0609911981, 0.0832865077, 2774.3750, 2787.0536, 763.6750, 18.4635
2025-12-03 19:53:39, 0.0421496948, 0.0323220871, 0.0474055881, 0.0565278461, 2612.1364, 2673.9091, 761.5950, 18.3219
2025-12-03 19:53:45, 0.0463179136, 0.0482306634, 0.1126349433, 0.0808394071, 2824.1077, 2727.6000, 761.8300, 17.3485
2025-12-03 19:53:51, 0.0560952940, 0.0478962183, 0.1191460195, 0.1073719441, 2820.5417, 2794.5833, 761.1250, 18.4060
2025-12-03 19:53:57, 0.0556838710, 0.0483358340, 0.1040042434, 0.0768220127, 2744.6875, 2645.0625, 760.5650, 17.6750
2025-12-03 19:54:03, 0.0531594577, 0.0449280022, 0.1353344336, 0.1092416071, 2769.8333, 2790.4259, 761.5050, 19.3047
2025-12-03 19:54:09, 0.0296147157, 0.0351227582, 0.1489099307, 0.0891991942, 3073.0000, 2980.7167, 761.9550, 18.7740
2025-12-03 19:54:15, 0.0679564697, 0.0545173038, 0.1006945815, 0.0741613134, 3199.2727, 3159.9545, 756.8700, 16.4792
2025-12-03 19:54:20, 0.0759060300, 0.0573352248, 0.0944933923, 0.1141001499, 2779.2000, 2870.2182, 761.9650, 17.3509
2025-12-03 19:54:26, 0.0368057750, 0.0389042149, 0.0903385369, 0.0630727392, 2842.0769, 2897.7115, 758.6600, 17.0969
2025-12-03 19:54:32, 0.0517505252, 0.0401765158, 0.0797211981, 0.0717459428, 2765.4167, 2701.5625, 759.4850, 18.4721
2025-12-03 19:54:37, 0.0658478935, 0.0530850600, 0.1040539131, 0.0991841942, 2847.5781, 2738.2812, 760.3850, 17.7400
2025-12-03 19:54:43, 0.0321957361, 0.0332519066, 0.0886177134, 0.0830069708, 2760.0784, 2715.8235, 760.0050, 17.2068
2025-12-03 19:54:50, 0.0401949076, 0.0340517248, 0.1085540921, 0.0842362054, 2871.6316, 2850.9123, 761.0200, 17.9638
2025-12-03 19:54:56, 0.0642884228, 0.0651434339, 0.1133512456, 0.1022298925, 2873.5660, 2949.7736, 760.3350, 17.8085
2025-12-03 19:55:02, 0.0484185427, 0.0497856442, 0.0955708293, 0.0978223363, 2744.0000, 2764.5625, 756.9700, 18.6000
2025-12-03 19:55:07, 0.0333778724, 0.0263107907, 0.1229027753, 0.1090493732, 2906.0000, 2755.3594, 759.0650, 18.0483
2025-12-03 19:55:13, 0.0428718164, 0.0526565711, 0.1092939731, 0.1011310669, 2895.8868, 2870.0755, 759.8100, 18.8731
2025-12-03 19:55:19, 0.0464668215, 0.0579641706, 0.0814941559, 0.0738619723, 2838.8269, 2889.7692, 760.3800, 17.5800
2025-12-03 19:55:25, 0.0410907097, 0.0348323278, 0.1017283966, 0.0895573098, 2758.9531, 2718.7188, 759.9500, 18.2386
2025-12-03 19:55:30, 0.0386972541, 0.0422841408, 0.1035207478, 0.1093129928, 2865.9559, 2901.6324, 757.9650, 19.1205
2025-12-03 19:55:36, 0.0370228871, 0.0312681711, 0.0993994139, 0.0977622712, 2727.6269, 2519.3284, 761.8650, 19.7037
2025-12-03 19:55:42, 0.0343135442, 0.0328162096, 0.1207752039, 0.0855328130, 3054.2727, 2699.6212, 759.8650, 18.3779
2025-12-03 19:55:48, 0.0431817469, 0.0423332831, 0.0983873112, 0.0782730682, 2834.9508, 2822.9672, 762.0250, 17.1384
2025-12-03 19:55:54, 0.0554107916, 0.0575344653, 0.1250183175, 0.0879673536, 3071.0893, 2989.8214, 767.7650, 20.5786
2025-12-03 19:55:59, 0.0419460164, 0.0433313120, 0.0941516967, 0.0618431567, 3069.7857, 2942.6250, 761.8700, 17.6469
2025-12-03 19:56:05, 0.0504714200, 0.0531617784, 0.1154197909, 0.0922968444, 2832.3125, 2770.8958, 767.0250, 20.2976
2025-12-03 19:56:11, 0.0964925250, 0.0838989448, 0.0775766137, 0.0572731614, 2777.1333, 2766.1111, 768.0850, 19.5099
2025-12-03 19:56:17, 0.0626579837, 0.0524033886, 0.1116105594, 0.0958934465, 2617.2609, 2546.4565, 768.9550, 21.4092
2025-12-03 19:56:22, 0.0514289215, 0.0473748651, 0.1195479621, 0.0942290748, 2992.8545, 2913.2545, 769.8300, 19.6112
2025-12-03 19:56:28, 0.0697892001, 0.0596183886, 0.1471190960, 0.1166729758, 2945.4286, 2863.6250, 767.7350, 20.7927
2025-12-03 19:56:34, 0.0476874253, 0.0414121953, 0.1194640398, 0.0958597133, 2882.9180, 2856.7377, 768.3100, 22.3541
2025-12-03 19:56:40, 0.0325430857, 0.0299941667, 0.1193941156, 0.1099958626, 2907.7258, 2716.3387, 763.4950, 16.7039
2025-12-03 19:56:46, 0.0434601642, 0.0445947883, 0.0955993612, 0.1116251434, 2691.3400, 2757.7000, 766.2050, 18.4215
2025-12-03 19:56:51, 0.0509506276, 0.0485765888, 0.0931262705, 0.0981390682, 2780.2679, 2798.8929, 769.3000, 21.6693
2025-12-03 19:56:57, 0.0397833191, 0.0371301563, 0.0725790868, 0.0776121604, 2938.5854, 2697.8049, 765.8200, 17.7135
2025-12-03 19:57:03, 0.0607520666, 0.0530245944, 0.0978089917, 0.0847661520, 3031.0652, 2939.2174, 764.0550, 19.1510
2025-12-03 19:57:09, 0.0629324359, 0.0660050188, 0.0692549101, 0.0811907803, 3002.1591, 2922.8182, 765.9600, 19.1710
2025-12-03 19:57:14, 0.0352041746, 0.0307082567, 0.0720787644, 0.0763687704, 2706.1379, 2651.2931, 766.0900, 16.7530
2025-12-03 19:57:20, 0.0577274297, 0.0610090937, 0.0737956356, 0.0667618098, 2761.7797, 2707.7627, 765.3350, 19.2193
2025-12-03 19:57:26, 0.0503658176, 0.0544518405, 0.0819623693, 0.0582143654, 2813.5532, 2772.2553, 763.3000, 18.1287
2025-12-03 19:57:32, 0.0470968294, 0.0443699488, 0.0860125020, 0.1050621665, 2756.3913, 2791.2609, 767.4600, 16.8232
2025-12-03 19:57:37, 0.0592997535, 0.0558997033, 0.1368563304, 0.1121023813, 2956.9464, 2907.5000, 763.5350, 16.1319
2025-12-03 19:57:43, 0.0384126423, 0.0472714866, 0.1110479323, 0.1098040082, 2956.2449, 3027.3265, 763.9200, 17.1829
2025-12-03 19:57:49, 0.0491225862, 0.0492450200, 0.0691261413, 0.1038747304, 2670.6316, 2783.7368, 763.2850, 18.7119
2025-12-03 19:57:54, 0.0374178825, 0.0341727454, 0.1218654137, 0.0751036656, 2916.4571, 2890.3429, 761.8450, 18.5152
2025-12-03 19:58:00, 0.0930730067, 0.0986606518, 0.0948913116, 0.0888045632, 2699.7143, 2630.0204, 763.7050, 17.1510
2025-12-03 19:58:06, 0.0940275394, 0.0661236069, 0.1166744061, 0.0831527542, 2823.0213, 2874.4468, 763.4950, 18.3093
2025-12-03 19:58:12, 0.0664735503, 0.0768525621, 0.0814494626, 0.1033498321, 2810.2414, 2889.8448, 762.5600, 19.4130
2025-12-03 19:58:17, 0.0772816300, 0.0455856166, 0.1254956860, 0.1067778231, 2470.7593, 2504.9259, 765.7400, 18.1370
2025-12-03 19:58:23, 0.0709693102, 0.0854482550, 0.0790430586, 0.0749669381, 2802.5667, 2777.0167, 769.9000, 18.4613
2025-12-03 19:58:29, 0.0819412509, 0.0778314644, 0.0918753622, 0.1125548392, 3041.3500, 2984.6750, 769.6950, 18.4703
2025-12-03 19:58:35, 0.0679137799, 0.0567478364, 0.1202161248, 0.1123559633, 2812.3750, 2754.1607, 766.9450, 18.0395
2025-12-03 19:58:40, 0.0421474096, 0.0497875662, 0.0952808645, 0.0872357111, 2946.6222, 2712.1556, 766.6450, 17.5525
2025-12-03 19:58:46, 0.0614507689, 0.0390630235, 0.0710982131, 0.0859052399, 2677.1800, 2681.5800, 769.1100, 18.4534
2025-12-03 19:58:52, 0.0587275211, 0.0492064779, 0.0587680167, 0.0574706130, 2956.1724, 3100.1379, 767.4050, 18.2225
2025-12-03 19:58:58, 0.0475187187, 0.0434238220, 0.0773297766, 0.0685373383, 2810.2456, 2834.0702, 771.6250, 18.3558
2025-12-03 19:59:04, 0.0644216108, 0.0529883324, 0.0711579781, 0.0611258443, 2668.6607, 2557.7500, 768.3800, 19.3633
2025-12-03 19:59:09, 0.0457727263, 0.0397319349, 0.0880667993, 0.0754797999, 2902.7778, 2758.6190, 767.3250, 17.6321
2025-12-03 19:59:15, 0.0629001299, 0.0541102155, 0.0745848270, 0.0708489389, 3108.7377, 3097.5082, 768.4000, 19.2062
2025-12-03 19:59:21, 0.0514137323, 0.0444833750, 0.0731167969, 0.0537857488, 2803.5606, 2715.1212, 767.5850, 17.8536
2025-12-03 19:59:27, 0.0635714286, 0.0896443457, 0.0892439062, 0.0753144879, 2835.4906, 2779.6415, 768.2350, 18.8000
2025-12-03 19:59:32, 0.0511258347, 0.0553927516, 0.0728697502, 0.0810080521, 2912.6885, 2815.6066, 769.8200, 17.5778
2025-12-03 19:59:38, 0.0837430764, 0.0602392779, 0.1358057127, 0.1754028739, 2870.0217, 2879.6957, 768.4400, 17.6725
2025-12-03 19:59:44, 0.0440839344, 0.0394750186, 0.0678970492, 0.0775262002, 2881.0000, 2780.8800, 769.8850, 17.5272
2025-12-03 19:59:50, 0.0608758572, 0.0714153259, 0.0748411490, 0.0766990250, 2933.4375, 2875.8906, 770.1950, 20.0526
2025-12-03 19:59:55, 0.0491730516, 0.0500421839, 0.0895951172, 0.1010795433, 2767.2576, 2810.8788, 769.5850, 16.7240
2025-12-03 20:00:01, 0.0420822729, 0.0364168034, 0.1207947049, 0.1201122872, 2630.3922, 2630.3529, 771.0150, 19.1801
2025-12-03 20:00:07, 0.0352909493, 0.0347442649, 0.1086022142, 0.1116131356, 2763.8036, 2706.5536, 770.0050, 18.0298
2025-12-03 20:00:13, 0.0556313093, 0.0489285945, 0.0865339537, 0.0776760787, 2829.0652, 2819.1087, 769.1100, 18.3335
2025-12-03 20:00:19, 0.0419207639, 0.0504455996, 0.1286681802, 0.0836133695, 2651.8421, 2576.1053, 772.3450, 15.9677
2025-12-03 20:00:25, 0.0836982314, 0.0639665611, 0.1013951812, 0.1136719775, 2818.6275, 2917.2549, 771.0300, 18.3254
2025-12-03 20:00:30, 0.0550254355, 0.0503506323, 0.1063530289, 0.0780487410, 2924.6034, 3038.3621, 768.4800, 17.9613
2025-12-03 20:00:36, 0.0549921544, 0.0485593012, 0.0745494230, 0.0630132900, 2997.0625, 3037.4375, 772.3150, 18.5724
2025-12-03 20:00:42, 0.0440996631, 0.0623917987, 0.0908293856, 0.0864164119, 2813.8333, 2795.5208, 770.4250, 19.9768
2025-12-03 20:00:48, 0.0687980893, 0.0556575161, 0.1129914633, 0.0959792509, 2772.1930, 2838.5614, 773.4950, 18.9470
2025-12-03 20:00:53, 0.0578314397, 0.0545665562, 0.0707596932, 0.0886280817, 2936.6863, 2839.2353, 771.6050, 20.1104
2025-12-03 20:00:59, 0.0404960868, 0.0391477348, 0.1030667308, 0.0770064122, 2869.4127, 2845.1111, 772.4500, 19.7288
2025-12-03 20:01:05, 0.0473795900, 0.0369140184, 0.0631489564, 0.0742695949, 2856.2533, 2875.4933, 770.1500, 18.4897
2025-12-03 20:01:11, 0.0818822607, 0.0974139180, 0.0934150676, 0.0796054495, 3033.0833, 3020.0000, 770.5750, 19.3081
2025-12-03 20:01:17, 0.0389133422, 0.0348982448, 0.0782145842, 0.0937316847, 2892.0588, 2809.1569, 770.5300, 20.4775
2025-12-03 20:01:22, 0.0732763166, 0.0602368177, 0.0811172680, 0.0844766211, 2992.4286, 2999.5102, 771.9750, 19.1263
2025-12-03 20:01:28, 0.0769697324, 0.0820037087, 0.1235536765, 0.1150936426, 2823.0222, 2933.2667, 768.1200, 20.4268
2025-12-03 20:01:34, 0.0637618791, 0.0617008464, 0.0490954590, 0.0648607607, 2609.4583, 2642.2708, 768.7900, 19.5769
2025-12-03 20:01:40, 0.0534764392, 0.0495714062, 0.0818721349, 0.0702965534, 2765.8406, 2775.9855, 770.3200, 21.2567
2025-12-03 20:01:46, 0.0601283859, 0.0649335257, 0.0819296431, 0.0902901211, 2761.6042, 2771.8750, 768.0400, 21.8517
2025-12-03 20:01:51, 0.0466751662, 0.0430855895, 0.0572943473, 0.0497803473, 2755.0370, 2794.6481, 765.0950, 19.5386
2025-12-03 20:01:57, 0.0305318801, 0.0329476923, 0.0891232442, 0.0883236929, 2948.1148, 2787.7213, 764.2950, 20.0756
2025-12-03 20:02:03, 0.0547837488, 0.0553866891, 0.1553912775, 0.1211402060, 2759.4043, 2712.8511, 766.0950, 18.3485
2025-12-03 20:02:08, 0.0404190642, 0.0328351406, 0.0913033175, 0.0787740308, 2847.7213, 2704.8197, 766.1050, 18.6246
2025-12-03 20:02:14, 0.0479818409, 0.0440345586, 0.1129500211, 0.1406570655, 2942.4375, 2964.8750, 764.2350, 18.3535
2025-12-03 20:02:20, 0.0531393831, 0.0453065080, 0.1053987085, 0.0720361644, 2749.5818, 2634.1273, 760.4800, 17.7155
2025-12-03 20:02:26, 0.0746368257, 0.0818633561, 0.1499078953, 0.1189908015, 2791.5455, 2776.7091, 764.4450, 17.8619
2025-12-03 20:02:31, 0.0608295429, 0.0672878146, 0.1197439155, 0.1493729967, 3221.0541, 3105.3784, 764.9000, 21.1480
2025-12-03 20:02:37, 0.0543733473, 0.0393718230, 0.1060503604, 0.0937930376, 3160.9615, 2998.2115, 764.7550, 19.7574
2025-12-03 20:02:43, 0.0532441998, 0.0428080306, 0.1250225758, 0.0948496704, 2763.3333, 2669.7593, 765.7000, 20.5066
2025-12-03 20:02:49, 0.0583173864, 0.0553388115, 0.1200232311, 0.1153548695, 2697.8361, 2737.7869, 762.5150, 17.1464
2025-12-03 20:02:55, 0.0495570792, 0.0450018407, 0.0818540264, 0.0592491794, 3000.7234, 2805.1489, 764.6800, 17.6920
2025-12-03 20:03:00, 0.0624502238, 0.0417169406, 0.1170275104, 0.1008701732, 2890.0000, 2831.0408, 766.7800, 20.2747
2025-12-03 20:03:06, 0.0595428213, 0.0613772024, 0.1143953169, 0.1313277592, 2900.1707, 2893.9024, 766.8300, 18.2220
2025-12-03 20:03:12, 0.0652849037, 0.0712105607, 0.1242016677, 0.1067164401, 2925.5714, 3039.3265, 767.3250, 18.8865
2025-12-03 20:03:18, 0.0785501909, 0.0829784989, 0.1075860834, 0.0875269862, 2800.0192, 2757.2500, 765.8950, 17.6012
2025-12-03 20:03:24, 0.0360779093, 0.0282715803, 0.1063815832, 0.0877235066, 2998.0923, 2723.2462, 764.3650, 19.4785
2025-12-03 20:03:29, 0.0537984584, 0.0581397382, 0.1199909389, 0.0918089445, 3144.4681, 2837.8085, 764.2950, 16.9387
2025-12-03 20:03:35, 0.0487433083, 0.0521157602, 0.0932978395, 0.1004739364, 3048.5862, 2998.5000, 767.0450, 18.4709
2025-12-03 20:03:41, 0.0337622261, 0.0396971092, 0.0701503939, 0.0768950202, 2757.7867, 2590.5600, 765.6200, 16.5014
2025-12-03 20:03:47, 0.0564376200, 0.0382030751, 0.0994514245, 0.1079150389, 2841.4531, 2718.5781, 765.0450, 16.9101
2025-12-03 20:03:53, 0.0494791239, 0.0448914608, 0.1079246450, 0.1174317820, 2580.5932, 2594.7458, 766.9000, 17.8533
2025-12-03 20:03:59, 0.0278651837, 0.0215650670, 0.0931646452, 0.1084879474, 2838.3194, 2755.9722, 763.1950, 18.0734
2025-12-03 20:04:04, 0.0443387912, 0.0463615616, 0.1019957846, 0.0993009211, 2898.4167, 2869.8500, 767.8400, 16.8441
2025-12-03 20:04:10, 0.0282927773, 0.0274739215, 0.1452407059, 0.1587293607, 2767.0968, 2848.1935, 769.8850, 19.1210
2025-12-03 20:04:16, 0.0578519563, 0.0548854640, 0.1102640203, 0.1149241294, 3065.0000, 2988.2857, 770.0950, 19.0724
2025-12-03 20:04:22, 0.0471857595, 0.0424091151, 0.0832860559, 0.0716358134, 2849.8906, 2828.8750, 769.3850, 16.4383
2025-12-03 20:04:28, 0.0483965587, 0.0415542595, 0.0815814537, 0.0620325649, 2865.1429, 2835.6508, 770.4700, 18.1381
2025-12-03 20:04:34, 0.0414243762, 0.0498147537, 0.0914597141, 0.0693718210, 2744.2364, 2623.2545, 767.2300, 19.7385
2025-12-03 20:04:39, 0.0535722570, 0.0460600975, 0.1093046962, 0.0933887577, 3053.9818, 2974.1273, 769.1800, 17.8675
2025-12-03 20:04:45, 0.0518273548, 0.0580186339, 0.1442423120, 0.1714217285, 2863.6500, 2811.8833, 766.9900, 18.9143
2025-12-03 20:04:52, 0.0279607015, 0.0268862752, 0.0993867050, 0.0755638060, 2780.9559, 2837.6471, 768.7750, 16.9728
2025-12-03 20:04:57, 0.0430229458, 0.0390626348, 0.0714417241, 0.0612014146, 2840.1200, 2675.8400, 767.4450, 18.2709
2025-12-03 20:05:03, 0.0382065623, 0.0430303200, 0.0971884113, 0.0889296948, 2695.6275, 2691.4510, 767.9000, 17.3078
2025-12-03 20:05:09, 0.0616679613, 0.0522186758, 0.1087615245, 0.0906706301, 2793.0976, 2726.2683, 765.3100, 17.5201
2025-12-03 20:05:14, 0.0868556657, 0.0759403782, 0.0930190788, 0.0822277769, 2717.0476, 2720.8095, 767.1100, 17.1274
2025-12-03 20:05:20, 0.0412785471, 0.0374540475, 0.1191555856, 0.0843446624, 2898.3438, 2820.8125, 766.8850, 16.8627
2025-12-03 20:05:26, 0.0740354288, 0.0552365477, 0.0694171535, 0.0670015914, 2806.8919, 2836.1622, 766.3450, 19.0036
2025-12-03 20:05:32, 0.0685485451, 0.0559165610, 0.1273364256, 0.0905045710, 2983.2321, 2906.1964, 767.0750, 17.6116
2025-12-03 20:05:37, 0.0656311760, 0.0562463901, 0.0810987850, 0.0880386812, 2731.4231, 2705.3077, 767.1400, 17.1893
2025-12-03 20:05:43, 0.0670361835, 0.0565581288, 0.0909647495, 0.0825650608, 2780.1600, 2875.4800, 767.1150, 18.1058
2025-12-03 20:05:49, 0.0716206504, 0.0643451637, 0.1079170044, 0.0980345326, 2894.7059, 2887.3922, 767.4850, 18.4258
2025-12-03 20:05:54, 0.0607706813, 0.0795889973, 0.1399100557, 0.1228270071, 2943.2600, 2917.9400, 766.6150, 17.2912
2025-12-03 20:06:00, 0.0372268248, 0.0341435580, 0.1092456857, 0.0905932571, 3019.4925, 2775.8507, 765.3050, 17.9444
2025-12-03 20:06:06, 0.0416760612, 0.0345584106, 0.1337739325, 0.1297307019, 2845.9556, 2806.5111, 764.5450, 18.3141
2025-12-03 20:06:12, 0.0486952682, 0.0549036993, 0.1044040132, 0.1128543511, 2747.3214, 2749.8393, 767.1150, 18.8131
2025-12-03 20:06:17, 0.0606744074, 0.0573942169, 0.1452019321, 0.1832256516, 2669.2245, 2773.3673, 765.4300, 18.0902
2025-12-03 20:06:23, 0.0917848272, 0.0754276966, 0.1087249729, 0.1035313169, 3083.5577, 3086.7500, 764.9900, 17.8510
2025-12-03 20:06:29, 0.0394386076, 0.0301108902, 0.1056051528, 0.0826162025, 3012.1897, 2787.4310, 763.2200, 18.4459
2025-12-03 20:06:35, 0.0401673661, 0.0423697988, 0.0789351538, 0.1132898152, 2875.0755, 2831.3396, 763.8200, 18.3335
2025-12-03 20:06:41, 0.0691692434, 0.0496526207, 0.0861519834, 0.0901151851, 2900.1228, 2775.6667, 762.7600, 17.7139
2025-12-03 20:06:47, 0.0602157143, 0.0437463603, 0.1378875800, 0.1141249315, 2833.4561, 2771.8070, 761.7000, 17.7935
2025-12-03 20:06:52, 0.0384713264, 0.0380192187, 0.1123012716, 0.1017126769, 2935.6615, 2835.2308, 761.5300, 20.3691
2025-12-03 20:06:58, 0.0430726607, 0.0406220359, 0.1243527420, 0.1119965218, 3042.7869, 2922.8033, 760.0350, 18.2771
2025-12-03 20:07:04, 0.0419440958, 0.0316824809, 0.0914906065, 0.0968184667, 2852.7451, 2825.5294, 765.2250, 17.8136
2025-12-03 20:07:10, 0.0464826657, 0.0400055818, 0.1089716801, 0.1063353889, 3070.4237, 2999.5932, 765.5350, 19.0252
2025-12-03 20:07:15, 0.0295293951, 0.0294042760, 0.1553019996, 0.1214743233, 2970.1695, 2848.4407, 769.0700, 17.1168
2025-12-03 20:07:21, 0.0389396965, 0.0467089344, 0.1030956784, 0.1473667097, 2865.0345, 2820.9828, 762.1150, 18.4706
2025-12-03 20:07:27, 0.0358904589, 0.0323911055, 0.1317932268, 0.0866637199, 2844.6833, 2717.1167, 769.0500, 18.3540
2025-12-03 20:07:33, 0.0631453590, 0.0562322131, 0.0948275818, 0.0996974724, 2722.1224, 2715.3265, 769.4750, 17.6187
2025-12-03 20:07:39, 0.0403353425, 0.0393577105, 0.1214131502, 0.1917207001, 2743.3269, 2870.5962, 771.5350, 18.1678
2025-12-03 20:07:44, 0.0885385376, 0.0790932568, 0.1256120417, 0.0990552077, 2884.7368, 2908.1579, 769.8650, 16.7047
2025-12-03 20:07:50, 0.0441133233, 0.0440564409, 0.0950262481, 0.1013641195, 2699.0377, 2707.9811, 773.5700, 19.0125
2025-12-03 20:07:56, 0.0477734740, 0.0428382553, 0.0662338946, 0.0808676640, 2858.8095, 2725.8254, 769.5300, 19.4784
2025-12-03 20:08:01, 0.0293434157, 0.0291343177, 0.1001284805, 0.0698950325, 2832.4933, 2770.3333, 775.0350, 17.5660
2025-12-03 20:08:07, 0.0289597096, 0.0214876799, 0.0854795857, 0.0807516926, 2708.7595, 2610.6962, 770.8400, 18.0653
2025-12-03 20:08:13, 0.0485606880, 0.0756731656, 0.1035559059, 0.0805529057, 3205.8182, 3054.1515, 774.2900, 18.8845
2025-12-03 20:08:19, 0.0420596309, 0.0313294819, 0.1803624178, 0.1126876373, 2903.7292, 2738.5000, 773.1850, 21.0462
2025-12-03 20:08:25, 0.0660849909, 0.0704047432, 0.1449663384, 0.1398594090, 3068.0345, 3088.9828, 779.0700, 19.8644
2025-12-03 20:08:30, 0.0650681616, 0.0694902055, 0.1111377393, 0.0738369413, 3056.2609, 2775.6087, 774.2050, 19.9350
2025-12-03 20:08:36, 0.0940580768, 0.0686634498, 0.1713884037, 0.1409697315, 2859.7759, 2727.9310, 774.1450, 18.4313
2025-12-03 20:08:42, 0.0635908652, 0.0605508411, 0.1597218202, 0.1707687687, 2956.5588, 2871.5147, 776.1600, 20.4317
2025-12-03 20:08:48, 0.0772770269, 0.0597976579, 0.0661436894, 0.0705239383, 3047.3077, 2954.1538, 774.9100, 19.3215
2025-12-03 20:08:54, 0.0471679929, 0.0435509535, 0.0847521038, 0.0724586029, 2989.0909, 2856.2364, 776.4850, 21.8096
2025-12-03 20:08:59, 0.0521742128, 0.0604935264, 0.1076806197, 0.0944062589, 2730.8169, 2693.5634, 773.1750, 18.5778
2025-12-03 20:09:05, 0.0740174789, 0.0557405048, 0.0806188495, 0.0689806991, 2566.2222, 2462.8222, 772.0200, 16.7347
2025-12-03 20:09:11, 0.0754842822, 0.0488298252, 0.1633149610, 0.1649042311, 2790.2459, 2797.0820, 772.9050, 18.3059
2025-12-03 20:09:17, 0.0497302870, 0.0360226067, 0.0945320399, 0.1152168425, 2771.1395, 2738.8372, 772.5000, 18.6333
2025-12-03 20:09:23, 0.0487709784, 0.0378262374, 0.1415409774, 0.1776820218, 2892.6863, 2772.2157, 771.1000, 17.2406
2025-12-03 20:09:29, 0.0450769923, 0.0365983799, 0.1109247202, 0.1332396803, 2826.7143, 2825.4694, 767.1150, 16.7470
2025-12-03 20:09:34, 0.0618954436, 0.0456408520, 0.0957763747, 0.1019861503, 2762.5397, 2812.4762, 769.5900, 16.8170
2025-12-03 20:09:40, 0.0409571836, 0.0381072267, 0.0773813048, 0.0823071064, 2801.3256, 2620.1628, 767.4650, 18.3924
2025-12-03 20:09:46, 0.0608413756, 0.0386387459, 0.1286402296, 0.0880970844, 2669.6316, 2577.2456, 769.8450, 18.3055
2025-12-03 20:09:52, 0.0912094772, 0.0642301408, 0.1376315479, 0.1485105142, 3025.6383, 3036.9149, 768.6000, 16.3123
2025-12-03 20:09:57, 0.0443924742, 0.0374242103, 0.0958681919, 0.0855693999, 2780.0147, 2711.4412, 767.6000, 16.1778
2025-12-03 20:10:03, 0.0494909050, 0.0317841475, 0.1461062789, 0.1511115151, 2968.9400, 3043.3600, 770.7650, 18.3066
2025-12-03 20:10:09, 0.0520897615, 0.0393504423, 0.0994928999, 0.0913551127, 3059.7059, 2899.1569, 769.2300, 17.5045
2025-12-03 20:10:14, 0.0359810543, 0.0294602768, 0.1731700748, 0.1416014678, 2612.9808, 2474.2692, 772.8650, 17.5302
2025-12-03 20:10:20, 0.0452569594, 0.0380519561, 0.1422375619, 0.1313029227, 2757.8393, 2613.4643, 771.2450, 16.9937
2025-12-03 20:10:26, 0.0506980436, 0.0545094911, 0.0910941800, 0.0520862776, 2707.5714, 2576.9048, 774.0550, 17.7046
2025-12-03 20:10:31, 0.0480418388, 0.0372625003, 0.0752388198, 0.0807403345, 2685.6964, 2647.5357, 772.4600, 17.6428
2025-12-03 20:10:37, 0.0352605448, 0.0267837905, 0.1241188387, 0.0913939177, 2871.9545, 2633.6970, 771.7950, 18.5055
2025-12-03 20:10:43, 0.0440638219, 0.0361990831, 0.1142450060, 0.1220983939, 2770.1754, 2863.0877, 770.8700, 17.5708
2025-12-03 20:10:49, 0.0415256627, 0.0382530060, 0.0952352551, 0.0834094822, 2729.4727, 2744.7273, 771.5500, 16.3593
2025-12-03 20:10:55, 0.0458650479, 0.0505432669, 0.1247804741, 0.0867120205, 2738.9123, 2704.6140, 771.6250, 18.4297
2025-12-03 20:11:00, 0.0484884656, 0.0407233267, 0.1388564236, 0.1330158973, 3030.7451, 2953.9608, 772.1000, 17.9274
2025-12-03 20:11:06, 0.0657077713, 0.0567587144, 0.1087807865, 0.0939441662, 2789.6842, 2834.5789, 772.1350, 17.6118
2025-12-03 20:11:12, 0.0552217973, 0.0655935781, 0.1128145600, 0.0912750181, 2866.7091, 2757.4909, 770.4400, 16.6131
2025-12-03 20:11:17, 0.0765064895, 0.0508350474, 0.0891684930, 0.0805155678, 2856.5652, 2857.7609, 767.4350, 18.1622
2025-12-03 20:11:23, 0.0447361744, 0.0385914331, 0.0996339926, 0.1078409498, 2825.7500, 2877.8667, 763.7650, 18.4486
2025-12-03 20:11:29, 0.0662349970, 0.0662373862, 0.1335768920, 0.0763737276, 2919.8939, 2777.3788, 764.3150, 18.2441
2025-12-03 20:11:35, 0.0406734245, 0.0371575515, 0.1342947568, 0.1116908723, 2862.0769, 2848.0462, 769.8750, 18.0543
2025-12-03 20:11:40, 0.0655044359, 0.0500355531, 0.0913532110, 0.0872721852, 2616.7600, 2576.1600, 769.1150, 17.3615
2025-12-03 20:11:46, 0.0741691351, 0.0527261482, 0.0942234014, 0.0960157301, 2824.5192, 2905.5000, 764.0550, 17.8559
2025-12-03 20:11:52, 0.0525488850, 0.0438440554, 0.0635547874, 0.0822709210, 2630.4098, 2702.3770, 765.2150, 17.1312
2025-12-03 20:11:58, 0.0394898999, 0.0349660414, 0.1481764275, 0.0982624984, 3119.5763, 3125.6949, 765.3700, 17.0092
2025-12-03 20:12:03, 0.0672429875, 0.0654621621, 0.0762666142, 0.0757410948, 2820.7931, 2853.6034, 764.7700, 17.4613
2025-12-03 20:12:09, 0.0767887221, 0.0614501606, 0.1262882246, 0.1193678754, 3186.5738, 3157.7869, 766.3450, 19.9601
2025-12-03 20:12:15, 0.0716996167, 0.0762683498, 0.1030993259, 0.1565663955, 2652.0517, 2711.1897, 765.0200, 16.9390
2025-12-03 20:12:21, 0.0633387793, 0.0570806824, 0.0925837573, 0.0815623306, 2767.8421, 2683.6842, 761.3700, 17.0650
2025-12-03 20:12:26, 0.0557100393, 0.0568436983, 0.0791038563, 0.0741541221, 3084.9200, 2986.2600, 760.6000, 18.7051
2025-12-03 20:12:32, 0.0513149640, 0.0488104557, 0.1611488501, 0.1393340414, 3180.1746, 3086.0476, 760.1600, 18.1856
2025-12-03 20:12:38, 0.0649997027, 0.0671250039, 0.2404881746, 0.1372230494, 3169.8039, 3042.4902, 762.2700, 18.3749
2025-12-03 20:12:44, 0.0417908586, 0.0469142075, 0.0667773788, 0.0579253520, 2794.5532, 2772.1702, 762.4500, 16.7194
2025-12-03 20:12:50, 0.0417184029, 0.0386251458, 0.1211183905, 0.1253125965, 3129.4521, 3029.7945, 760.3900, 17.2591
2025-12-03 20:12:55, 0.0651649260, 0.0607009613, 0.1357118487, 0.1104082251, 2899.6727, 2859.7818, 764.6000, 18.1964
2025-12-03 20:13:01, 0.0469690491, 0.0496963843, 0.1228629381, 0.1593632496, 2878.3390, 2849.3559, 764.0100, 18.1251
2025-12-03 20:13:07, 0.0725688976, 0.0585027839, 0.0783826549, 0.0834135264, 2778.6829, 2917.3415, 763.4150, 16.6815
2025-12-03 20:13:13, 0.0572757805, 0.0483745919, 0.0997800116, 0.0795956055, 3051.5294, 2860.2941, 763.6600, 18.3838
2025-12-03 20:13:18, 0.0671655614, 0.0487852722, 0.1268488565, 0.1151237790, 2949.8929, 2938.5357, 763.6900, 18.0462
2025-12-03 20:13:24, 0.0393012590, 0.0493934004, 0.0986481619, 0.0764947858, 2817.1587, 2717.4127, 761.1950, 17.6510
2025-12-03 20:13:30, 0.0521153335, 0.0442259786, 0.0884359619, 0.0661550423, 2686.6364, 2508.4773, 759.5000, 17.2832
2025-12-03 20:13:36, 0.0413701384, 0.0593557225, 0.1055604070, 0.1002043943, 2878.4412, 2852.2353, 761.5150, 18.7158
2025-12-03 20:13:41, 0.0590753041, 0.0677875686, 0.0623908202, 0.0521264335, 2871.3333, 2843.1111, 764.0850, 16.7304
2025-12-03 20:13:47, 0.0521160079, 0.0506048664, 0.1165520196, 0.1064946165, 2984.9298, 2818.1930, 763.9550, 18.1654
2025-12-03 20:13:53, 0.0698211928, 0.0638534580, 0.0848795563, 0.0736236808, 2914.0000, 2742.3774, 769.7600, 18.0126
2025-12-03 20:13:59, 0.0741494322, 0.0578164565, 0.0818406668, 0.0780023403, 2692.0000, 2796.2182, 772.0100, 19.2377
2025-12-03 20:14:05, 0.0638377992, 0.0667101904, 0.0731955985, 0.0772592774, 3039.9014, 2981.0986, 770.4250, 17.7100
2025-12-03 20:14:10, 0.0513783727, 0.0546625087, 0.1263734098, 0.1126593412, 3307.7692, 3259.2692, 762.3050, 17.2038
2025-12-03 20:14:16, 0.0610193851, 0.0369579771, 0.0672758185, 0.0588170022, 2952.1731, 2933.0192, 763.2550, 15.9421
2025-12-03 20:14:22, 0.0751079091, 0.0545100230, 0.0681280515, 0.0714106834, 2676.2241, 2730.6207, 764.8950, 16.2756
2025-12-03 20:14:28, 0.0750461482, 0.0536274211, 0.0847142071, 0.0543333062, 3098.7407, 3045.5185, 770.8450, 17.4224
2025-12-03 20:14:33, 0.0816394795, 0.0801481941, 0.1284210053, 0.0878607235, 2997.4250, 3025.1000, 769.9200, 18.6905
2025-12-03 20:14:39, 0.0960069148, 0.0630209187, 0.0747078123, 0.0662182946, 2754.2692, 2655.1154, 767.2600, 19.2648
2025-12-03 20:14:45, 0.0526735656, 0.0416462468, 0.0669770819, 0.1191232101, 2866.9038, 3032.9423, 767.1000, 16.9876
2025-12-03 20:14:51, 0.0568577672, 0.0428984724, 0.0799275916, 0.0812679854, 2854.5172, 2975.5172, 765.3850, 19.2150
2025-12-03 20:14:57, 0.0566661746, 0.0628499966, 0.1041438356, 0.0798084839, 2927.9821, 2807.9643, 768.8200, 16.4626
2025-12-03 20:15:02, 0.0659425054, 0.0733003813, 0.0727289087, 0.0660882612, 3035.3750, 2990.3125, 767.3050, 17.8783
2025-12-03 20:15:08, 0.0784226021, 0.0748175066, 0.1001229152, 0.0763818357, 2870.1579, 2964.3684, 766.0800, 16.8678
2025-12-03 20:15:14, 0.0821810590, 0.0747093032, 0.1174173635, 0.0812834507, 2886.1579, 3015.3947, 769.2500, 16.4617
2025-12-03 20:15:20, 0.0867779466, 0.0874764407, 0.0960755590, 0.0890529468, 2829.8644, 2774.9492, 767.2450, 18.3329
2025-12-03 20:15:26, 0.0569693922, 0.0680705270, 0.0878581794, 0.0943188702, 3070.9643, 3058.9821, 768.0050, 15.8153
2025-12-03 20:15:31, 0.0725212303, 0.0436827948, 0.0769703677, 0.0555611844, 2794.0600, 2675.1800, 766.9800, 17.9739
2025-12-03 20:15:37, 0.0791746222, 0.0651478568, 0.0692365298, 0.0728031506, 3053.8261, 3084.3043, 767.0600, 17.1775
2025-12-03 20:15:43, 0.0488040431, 0.0481398189, 0.1073500577, 0.0998812383, 2942.5610, 2946.3171, 766.6450, 16.3814
2025-12-03 20:15:49, 0.0608569847, 0.0667512042, 0.0888689829, 0.0815057190, 2816.5641, 2933.8205, 768.7500, 18.2737
2025-12-03 20:15:55, 0.0748294462, 0.0849246235, 0.0946234587, 0.0698156333, 2648.0000, 2681.1957, 764.2900, 18.5083
2025-12-03 20:16:01, 0.0629707518, 0.0464509608, 0.1012006046, 0.0988851972, 2657.6207, 2686.1897, 763.2800, 17.4371
2025-12-03 20:16:06, 0.0420915155, 0.0353411063, 0.0904891905, 0.1251555175, 2851.1429, 2919.8571, 764.9200, 18.0181
2025-12-03 20:16:12, 0.0941555435, 0.0765261452, 0.0690125426, 0.0909409646, 2831.5091, 2953.0000, 765.6650, 18.2861
2025-12-03 20:16:18, 0.0503453617, 0.0490144835, 0.0974451506, 0.1032610312, 2942.7358, 2988.6038, 763.1850, 15.8997
2025-12-03 20:16:23, 0.0577794207, 0.0502924469, 0.1057623402, 0.1302122369, 2876.0862, 2931.0000, 764.5500, 16.1350
2025-12-03 20:16:29, 0.0398238414, 0.0415977569, 0.1017206946, 0.1006613620, 2879.4444, 2862.5185, 762.5800, 18.0226
2025-12-03 20:16:35, 0.0381956325, 0.0366236937, 0.0988754277, 0.1253312245, 2809.6327, 2896.8776, 760.7950, 18.7942
2025-12-03 20:16:41, 0.0483891927, 0.0504365566, 0.0932772750, 0.1114786219, 2955.0408, 2800.2449, 761.9900, 16.7481
2025-12-03 20:16:46, 0.0368317467, 0.0324813482, 0.0901151801, 0.0979900566, 2960.8704, 2890.2407, 760.4050, 16.0213
2025-12-03 20:16:52, 0.0478083780, 0.0478498158, 0.1938221745, 0.1545056507, 2731.6552, 2639.0345, 762.9650, 18.2407
2025-12-03 20:16:58, 0.0569695042, 0.0546860010, 0.1930064638, 0.1268955692, 3111.1837, 2913.5102, 762.6950, 17.4898
2025-12-03 20:17:04, 0.0418121186, 0.0323693596, 0.1336311495, 0.1176866367, 2719.2941, 2746.4118, 761.6950, 18.1210
2025-12-03 20:17:09, 0.0513256561, 0.0388474511, 0.1049652214, 0.0935025644, 2961.7143, 2945.1587, 762.1400, 17.5183
2025-12-03 20:17:15, 0.0365745589, 0.0355206597, 0.1348069577, 0.1600261311, 2869.5273, 2783.0364, 761.4100, 18.8216
2025-12-03 20:17:21, 0.0607897214, 0.0508752892, 0.1060300249, 0.1138615623, 2615.4576, 2675.9492, 761.0400, 16.7812
2025-12-03 20:17:26, 0.0706906044, 0.0652364909, 0.0908320436, 0.0850241370, 2765.7500, 2728.1364, 761.3300, 16.7482
2025-12-03 20:17:32, 0.0706954445, 0.0594989303, 0.1257217667, 0.1023824771, 2608.8511, 2558.4681, 765.6350, 17.7195
2025-12-03 20:17:38, 0.0673735148, 0.0588815168, 0.1207137322, 0.1272194966, 3164.3256, 3231.2558, 766.5050, 16.2515
2025-12-03 20:17:44, 0.0862157638, 0.0642849008, 0.1061148457, 0.1201383778, 2634.5106, 2608.7447, 765.9500, 17.7346
2025-12-03 20:17:50, 0.0401437829, 0.0455240316, 0.0912006141, 0.1218395206, 2875.4655, 2816.4655, 766.4400, 18.6825
2025-12-03 20:17:56, 0.0415219013, 0.0345203481, 0.0686182130, 0.0789610877, 2621.4286, 2674.8254, 765.4100, 17.0708
2025-12-03 20:18:01, 0.0505167007, 0.0411218853, 0.1015512307, 0.0978548882, 2622.9259, 2544.9630, 766.8850, 17.8057
2025-12-03 20:18:07, 0.0383430005, 0.0388029919, 0.1282563897, 0.1408958526, 2814.1800, 2771.4800, 767.1350, 16.4483
2025-12-03 20:18:13, 0.0648762100, 0.0661553019, 0.0572677441, 0.0643331888, 2504.6897, 2603.5000, 761.9500, 18.3362
2025-12-03 20:18:19, 0.0744759163, 0.0625051057, 0.0757686890, 0.0740139261, 2859.7833, 2758.5833, 758.3750, 17.5158
2025-12-03 20:18:24, 0.0793267102, 0.0622860465, 0.0768527307, 0.0615423793, 2465.6136, 2517.0682, 761.0950, 16.6810
2025-12-03 20:18:30, 0.0634719738, 0.0373308521, 0.0947500939, 0.0702763685, 2721.9811, 2523.7736, 758.7450, 17.4534
2025-12-03 20:18:36, 0.0830797292, 0.0607918333, 0.1151243976, 0.0839526166, 2904.5094, 2780.9811, 761.1450, 17.4475
2025-12-03 20:18:42, 0.0422898648, 0.0339665558, 0.0647166198, 0.0783499562, 2648.2414, 2591.3103, 761.6550, 18.3561
2025-12-03 20:18:48, 0.0315596529, 0.0273267042, 0.1020197874, 0.0621127032, 2687.3860, 2633.0877, 760.2450, 17.5410
2025-12-03 20:18:53, 0.0465232805, 0.0412170930, 0.1084198109, 0.1013911402, 3309.6170, 3109.1489, 762.9700, 17.7997
2025-12-03 20:18:59, 0.0321672925, 0.0322294263, 0.1224586514, 0.2096988214, 2778.4262, 2859.9508, 759.5650, 17.6047
2025-12-03 20:19:05, 0.0364863429, 0.0436595376, 0.1240500945, 0.1351172297, 2858.5606, 2813.6061, 764.6700, 17.6834
2025-12-03 20:19:11, 0.0601892923, 0.0554543774, 0.0854396711, 0.0846085693, 2806.6552, 2858.7241, 762.1050, 18.5605
2025-12-03 20:19:17, 0.0507025484, 0.0502896931, 0.1487604690, 0.1074612267, 3067.8182, 2907.3455, 760.9300, 18.4219
2025-12-03 20:19:22, 0.0494956330, 0.0495617052, 0.1139757849, 0.0843209627, 2919.9130, 2888.1739, 765.3350, 16.7402
2025-12-03 20:19:28, 0.0562869170, 0.0482795395, 0.0869129498, 0.0905075094, 2658.7347, 2621.8163, 763.0000, 17.7006
2025-12-03 20:19:34, 0.0432194884, 0.0430098801, 0.1117423548, 0.0892989756, 2969.4889, 2957.9778, 764.7350, 18.2056
2025-12-03 20:19:40, 0.0433573621, 0.0392648752, 0.1064471634, 0.1188944968, 2959.4400, 2833.2600, 762.8100, 17.1687
2025-12-03 20:19:45, 0.0513455100, 0.0509092325, 0.1058596240, 0.0985032101, 2999.4510, 2862.9804, 766.2000, 17.3393
2025-12-03 20:19:51, 0.0711504016, 0.0613935471, 0.1120663349, 0.0973172349, 2853.4314, 2879.3333, 762.6950, 18.6811
2025-12-03 20:19:57, 0.0671879458, 0.0721212532, 0.0750166279, 0.0819712569, 3053.6279, 3019.9070, 763.5650, 17.3536
2025-12-03 20:20:03, 0.0671954805, 0.0702274368, 0.0814888047, 0.1433657055, 2809.7381, 2933.7143, 766.9250, 17.7553
2025-12-03 20:20:09, 0.0841813552, 0.0662602183, 0.0906717815, 0.0874207914, 2885.6393, 2789.6066, 762.9200, 16.7885
2025-12-03 20:20:15, 0.0576200398, 0.0489019389, 0.1175414517, 0.1027665364, 3083.8158, 3074.1842, 763.9450, 17.5597
2025-12-03 20:20:21, 0.0719094889, 0.0612897592, 0.1174969089, 0.1502984450, 2956.4706, 2935.2353, 765.1900, 17.9951
2025-12-03 20:20:26, 0.0540637435, 0.0534768676, 0.1145685005, 0.1169639552, 2937.5000, 2970.8000, 767.2500, 18.7371
2025-12-03 20:20:32, 0.0562531886, 0.0454711967, 0.1033981714, 0.1304056843, 2739.1053, 2821.5088, 766.1950, 17.2336
2025-12-03 20:20:38, 0.0706122771, 0.0460007189, 0.0836528206, 0.0679422465, 2748.4737, 2701.4474, 762.0000, 17.9402
2025-12-03 20:20:44, 0.0647439758, 0.0559171547, 0.1438654808, 0.1399809190, 3040.1458, 3159.1042, 763.9200, 19.1093
2025-12-03 20:20:49, 0.0440092710, 0.0463189201, 0.0957612370, 0.0801176480, 3010.9107, 2973.1607, 761.6500, 17.9599
2025-12-03 20:20:55, 0.0459206133, 0.0593481897, 0.1020797481, 0.1026616165, 2644.8627, 2642.4510, 760.0400, 16.5565
2025-12-03 20:21:02, 0.0516376912, 0.0484935719, 0.1634662345, 0.1341778066, 2648.0612, 2614.3265, 760.2100, 18.5363
2025-12-03 20:21:08, 0.0605161663, 0.0421785301, 0.0699191404, 0.0792200201, 2842.3462, 2883.9423, 762.3700, 17.8315
2025-12-03 20:21:14, 0.0541325306, 0.0621878271, 0.1402026798, 0.1051025821, 3150.2500, 3068.6538, 760.2700, 19.6089
2025-12-03 20:21:20, 0.0426050254, 0.0331879882, 0.0786071179, 0.0719746347, 2770.8033, 2752.7705, 759.9050, 20.3043
2025-12-03 20:21:25, 0.0457921089, 0.0504413338, 0.1079736361, 0.0887751736, 2837.5208, 2824.3958, 762.5250, 18.6813
2025-12-03 20:21:31, 0.0740747899, 0.0511560332, 0.1284763395, 0.1051656689, 2774.6727, 2791.9636, 760.0600, 17.7075
2025-12-03 20:21:37, 0.1035079802, 0.1086041475, 0.0792615003, 0.1021750569, 2755.8000, 2819.1111, 761.0100, 18.3005
2025-12-03 20:21:42, 0.1140239575, 0.0680999716, 0.1552839372, 0.1244904578, 3098.1455, 3044.8727, 760.4500, 18.2655
2025-12-03 20:21:48, 0.0575102559, 0.0624885493, 0.0933478021, 0.1161273685, 2774.6727, 2729.5818, 760.2750, 18.3570
2025-12-03 20:21:54, 0.0643289488, 0.0640427695, 0.0699023686, 0.0796857652, 2946.2449, 2997.5510, 765.5150, 19.0877
2025-12-03 20:22:00, 0.0709646630, 0.0683885702, 0.1219574315, 0.1134450327, 2790.9074, 2853.0370, 761.5600, 19.0359
2025-12-03 20:22:06, 0.0518563874, 0.0546557156, 0.0929913068, 0.0734213272, 2915.5122, 2932.8293, 761.6750, 17.7093
2025-12-03 20:22:11, 0.0403833224, 0.0522542526, 0.0884637792, 0.0861657660, 3036.2333, 2942.3000, 761.8150, 19.1635
2025-12-03 20:22:17, 0.0471137662, 0.0578819457, 0.1538507936, 0.1247083503, 2902.0208, 2794.8958, 764.5550, 18.1801
2025-12-03 20:22:23, 0.0281847378, 0.0295921525, 0.0793129734, 0.0813605608, 2808.7667, 2804.7833, 766.8350, 18.1895
2025-12-03 20:22:29, 0.0331230759, 0.0252615244, 0.1451566441, 0.1021946675, 2781.0000, 2730.9825, 761.4250, 18.4235
2025-12-03 20:22:35, 0.0547211646, 0.0494343856, 0.1068004778, 0.1112248685, 3005.7292, 2981.8125, 763.8150, 18.5170
2025-12-03 20:22:41, 0.0650815740, 0.0370448160, 0.0982388389, 0.0835260144, 2965.4483, 2864.0862, 768.2900, 18.9269
2025-12-03 20:22:46, 0.0399387768, 0.0330897559, 0.0859493536, 0.1187143910, 2826.6667, 2865.1000, 768.1100, 16.8754
2025-12-03 20:22:52, 0.0587630239, 0.0480939102, 0.1031369717, 0.0970672248, 2748.2745, 2794.5686, 767.3250, 18.3578
2025-12-03 20:22:58, 0.0396707505, 0.0354290426, 0.1827542554, 0.1469033246, 3076.0000, 2879.9655, 768.6200, 19.4922
2025-12-03 20:23:04, 0.0526391407, 0.0484422750, 0.0813416570, 0.0776242595, 2655.2979, 2729.7447, 769.5850, 18.2278
2025-12-03 20:23:09, 0.0691291725, 0.0486920244, 0.1248018039, 0.1136137519, 2723.7925, 2700.3774, 766.6100, 17.4559
2025-12-03 20:23:15, 0.0531099535, 0.0470357081, 0.1015956805, 0.0996573340, 2672.1803, 2708.8689, 768.4850, 19.6751
2025-12-03 20:23:21, 0.0734905031, 0.0700011255, 0.0990974950, 0.0886241894, 2905.1020, 3039.7959, 769.7300, 18.9852
2025-12-03 20:23:27, 0.0538863067, 0.0647328299, 0.0664811748, 0.0554626251, 2932.9474, 2959.0000, 768.7000, 17.8368
2025-12-03 20:23:33, 0.0680307553, 0.0812436024, 0.1016799214, 0.0879518674, 2775.4286, 2900.3714, 765.6100, 19.1292
2025-12-03 20:23:38, 0.0701885963, 0.0790017812, 0.0765931026, 0.0634269815, 2969.9286, 2877.3571, 767.0150, 18.4457
2025-12-03 20:23:44, 0.0373127978, 0.0253721549, 0.0907113474, 0.0832031715, 2852.7424, 2716.3636, 766.0750, 18.9042
2025-12-03 20:23:50, 0.0478497701, 0.0435118313, 0.0911837142, 0.0862055049, 2953.5000, 2834.5694, 762.7550, 18.8410
2025-12-03 20:23:55, 0.0503599016, 0.0352975018, 0.1090290046, 0.0948562323, 2759.5439, 2634.8772, 765.9850, 18.2413
2025-12-03 20:24:01, 0.0459148878, 0.0327348563, 0.0964894092, 0.0723825649, 2623.9487, 2595.5641, 765.7900, 16.7098
2025-12-03 20:24:07, 0.0305809114, 0.0237694774, 0.1168231616, 0.0864343361, 2960.6481, 2744.6481, 765.7350, 17.2094
2025-12-03 20:24:13, 0.0293061582, 0.0277313979, 0.1199804195, 0.1208265663, 2749.1538, 2825.8000, 763.3550, 18.7819
2025-12-03 20:24:18, 0.0621107962, 0.0569481789, 0.0902417599, 0.0609765400, 2942.0200, 2767.4000, 766.9200, 18.5452
2025-12-03 20:24:24, 0.0783976415, 0.0587516601, 0.0879936639, 0.0749235661, 3155.3061, 3067.8367, 764.5700, 17.4876
2025-12-03 20:24:30, 0.0421957844, 0.0348410998, 0.1205095011, 0.0971408713, 2750.1667, 2692.3667, 763.7750, 19.1153
2025-12-03 20:24:36, 0.0346294127, 0.0332102721, 0.0793739319, 0.0883855247, 2950.7273, 2843.3818, 764.7050, 17.8675
2025-12-03 20:24:42, 0.0899555563, 0.0763093826, 0.0591606074, 0.0604319060, 2925.5319, 2850.4468, 766.8350, 19.0378
2025-12-03 20:24:47, 0.0605880755, 0.0627149538, 0.1076947085, 0.1041267700, 2697.2800, 2631.4800, 766.0400, 16.5975
2025-12-03 20:24:53, 0.0544411001, 0.0738941589, 0.0901585705, 0.0924619722, 2826.7308, 2788.7308, 765.4050, 19.5359
2025-12-03 20:24:59, 0.0733166351, 0.0662820336, 0.1039209592, 0.0742435392, 2795.4348, 2699.3478, 768.0800, 17.5366
2025-12-03 20:25:04, 0.0582718162, 0.0670878973, 0.1423876217, 0.1728731915, 2640.3269, 2776.3462, 764.8650, 18.6790
2025-12-03 20:25:10, 0.0574562936, 0.0421299556, 0.1511321453, 0.1397273118, 3235.5833, 3164.3333, 766.0750, 19.0819
2025-12-03 20:25:16, 0.0416204132, 0.0430312334, 0.1069500387, 0.0896473978, 2952.3871, 2851.9839, 765.5300, 18.5707
2025-12-03 20:25:22, 0.0417976656, 0.0413356965, 0.0929864243, 0.0895992509, 2952.0563, 2778.9296, 767.0300, 17.2429
2025-12-03 20:25:27, 0.0772354182, 0.0522878496, 0.0588131455, 0.0632292028, 2757.1167, 2678.8000, 769.2000, 17.7265
2025-12-03 20:25:33, 0.0410927039, 0.0332551197, 0.1553498345, 0.1028247313, 3157.2037, 3016.6296, 767.0800, 15.9967
2025-12-03 20:25:39, 0.0294473693, 0.0293719769, 0.1058526217, 0.1011039332, 2718.1154, 2698.7500, 767.1350, 19.8133
2025-12-03 20:25:45, 0.0406137771, 0.0337181311, 0.0834253826, 0.0726538951, 2829.6491, 2807.7544, 769.3100, 18.7375
2025-12-03 20:25:51, 0.0418084388, 0.0475788561, 0.0723887346, 0.0535225827, 2844.7755, 2808.0000, 766.5500, 18.1289
2025-12-03 20:25:56, 0.0498817155, 0.0590528710, 0.0991248886, 0.0962040595, 2843.2414, 2791.7241, 768.6900, 18.6329
2025-12-03 20:26:02, 0.0607834930, 0.0535155783, 0.1222311953, 0.0829836750, 2880.7727, 2847.3636, 769.0000, 18.8414
2025-12-03 20:26:08, 0.0633392946, 0.0743623072, 0.0571465810, 0.0622520213, 2922.9020, 2980.0980, 766.3350, 18.4535
2025-12-03 20:26:14, 0.0762095492, 0.0645092363, 0.1394629735, 0.1217077861, 2874.9459, 2843.2703, 765.7450, 18.6346
2025-12-03 20:26:20, 0.0729052733, 0.0623419182, 0.1407785237, 0.1020962047, 3023.0208, 2734.5000, 766.2500, 19.8894
2025-12-03 20:26:25, 0.0506815394, 0.0530568946, 0.0802979418, 0.0797350744, 2902.5800, 2983.4800, 767.5100, 17.0238
2025-12-03 20:26:31, 0.0465128348, 0.0451707950, 0.1326779710, 0.1390532820, 2651.0175, 2651.8596, 766.1250, 17.4631
2025-12-03 20:26:37, 0.0432685234, 0.0367064227, 0.0963169041, 0.0821629547, 2874.0000, 2867.5789, 763.5250, 17.8902
2025-12-03 20:26:43, 0.0356361013, 0.0297362490, 0.0656086934, 0.0513396163, 2798.6562, 2747.2656, 764.4550, 17.8426
2025-12-03 20:26:49, 0.0464576205, 0.0417618685, 0.0727097285, 0.0746620287, 2923.1552, 2805.2069, 764.0800, 18.4305
2025-12-03 20:26:54, 0.0355911372, 0.0347711450, 0.0985294118, 0.0825808415, 2892.3256, 2695.1163, 763.3800, 17.7642
2025-12-03 20:27:00, 0.0393193543, 0.0254947268, 0.1134192961, 0.0781118480, 2821.1786, 2690.1964, 762.1800, 16.2372
2025-12-03 20:27:06, 0.0427859704, 0.0399849237, 0.0785770078, 0.0828170216, 2845.5312, 2823.0938, 761.0000, 20.4477
2025-12-03 20:27:12, 0.0405142179, 0.0423709273, 0.0850286891, 0.0928943870, 2843.4255, 3033.0213, 759.9950, 20.0760
2025-12-03 20:27:17, 0.0732810538, 0.0755749056, 0.1145825395, 0.0794814890, 2784.5370, 2759.0370, 763.0700, 18.4235
2025-12-03 20:27:23, 0.0630039205, 0.0619296691, 0.0786069474, 0.0931637566, 2698.7241, 2684.3966, 760.0900, 18.1403
2025-12-03 20:27:29, 0.0888659292, 0.0779980163, 0.0870804818, 0.0689354559, 2823.1667, 2862.4259, 758.6450, 19.9667
2025-12-03 20:27:34, 0.1017947753, 0.0726698380, 0.0736588592, 0.0730377870, 2731.9091, 2589.3864, 759.2500, 18.3937
2025-12-03 20:27:40, 0.0982351029, 0.1053539664, 0.0796338608, 0.0666178857, 3018.5283, 2800.3019, 760.2800, 19.3445
2025-12-03 20:27:46, 0.0883538068, 0.0672778204, 0.0809403491, 0.0915395367, 2986.9344, 2950.1803, 758.8300, 18.6529
2025-12-03 20:27:52, 0.0796541222, 0.0741760950, 0.0640372310, 0.0829533210, 2644.3962, 2709.1321, 758.0500, 19.4994
2025-12-03 20:27:58, 0.0622471787, 0.0710056922, 0.0641580367, 0.0686793566, 2742.6393, 2813.1967, 759.3300, 18.0164
2025-12-03 20:28:03, 0.0477414949, 0.0643933315, 0.1163356823, 0.0746574054, 2742.1739, 2609.0217, 756.7150, 17.5207
2025-12-03 20:28:09, 0.0691590312, 0.0606927500, 0.0843224593, 0.0604521902, 2657.5517, 2533.6379, 759.8950, 18.8145
2025-12-03 20:28:15, 0.0458756572, 0.0356988430, 0.0841125053, 0.0893642581, 2924.0000, 2818.4127, 758.3550, 17.2183
2025-12-03 20:28:21, 0.0351611570, 0.0424208416, 0.0867505834, 0.0735688256, 2866.7903, 2835.5806, 758.5750, 17.3227
2025-12-03 20:28:26, 0.0426087690, 0.0474847995, 0.0815348468, 0.0709963833, 2715.3396, 2690.5283, 758.2050, 17.0292
2025-12-03 20:28:32, 0.0441697877, 0.0442545047, 0.0752659270, 0.0708830027, 2710.5294, 2541.6078, 759.2550, 19.4918
2025-12-03 20:28:38, 0.0582702760, 0.0571124681, 0.0810877018, 0.0586140306, 2852.3621, 2875.1379, 758.6400, 18.8624
2025-12-03 20:28:44, 0.0792858725, 0.0698121261, 0.0942366665, 0.0856899485, 3211.5833, 3025.4722, 760.2850, 18.8524
2025-12-03 20:28:49, 0.0950888745, 0.0584572720, 0.0971017997, 0.0804992173, 2837.6964, 2818.3750, 763.9950, 17.7982
2025-12-03 20:28:55, 0.0490952429, 0.0521517105, 0.1054537531, 0.0616748761, 2898.0000, 2740.1296, 764.2650, 19.5825
2025-12-03 20:29:01, 0.0380042218, 0.0310112287, 0.0977025228, 0.0756856300, 2963.9242, 2903.5758, 761.1450, 16.5841
2025-12-03 20:29:06, 0.0374225401, 0.0292203649, 0.0750562663, 0.0751448763, 3008.1765, 2898.2794, 763.5800, 18.4468
2025-12-03 20:29:12, 0.0611913402, 0.0686034497, 0.0943593577, 0.0976535865, 2939.4500, 2911.8167, 764.5300, 18.1008
2025-12-03 20:29:18, 0.0571110192, 0.0688707200, 0.0939489288, 0.0701529821, 2991.2200, 2862.7400, 766.1450, 19.0083
2025-12-03 20:29:24, 0.0800103921, 0.0651826372, 0.0721210160, 0.0765724490, 2851.2128, 2784.8085, 763.6450, 17.0056
2025-12-03 20:29:30, 0.0684036704, 0.0627664446, 0.0969727906, 0.1001353493, 3065.8163, 3136.9796, 764.0500, 16.8795
2025-12-03 20:29:36, 0.0523953965, 0.0606305733, 0.0797146633, 0.0829265347, 2932.0667, 2829.2444, 765.8450, 17.1977
2025-12-03 20:29:41, 0.0444546558, 0.0415887417, 0.1021035770, 0.0943746209, 2749.1525, 2880.6610, 765.7000, 16.6466
2025-12-03 20:29:47, 0.0437652117, 0.0367867930, 0.0450092541, 0.0422286367, 2819.3448, 2744.4483, 763.3850, 17.5868
2025-12-03 20:29:53, 0.0473626140, 0.0400950832, 0.0763651093, 0.0757950442, 2875.1897, 2718.2069, 766.7800, 16.9411
2025-12-03 20:29:59, 0.0424759930, 0.0446256910, 0.0744504292, 0.0925826529, 2927.6462, 2867.3077, 767.1800, 17.6368
2025-12-03 20:30:05, 0.0381186459, 0.0391944793, 0.0872074642, 0.0828947958, 2884.0536, 2655.6250, 764.5500, 17.9760
2025-12-03 20:30:11, 0.0678639527, 0.0585466154, 0.0808907546, 0.0833779005, 2901.6909, 2806.1636, 764.4200, 17.3119
2025-12-03 20:30:17, 0.0511376225, 0.0457192497, 0.0843060993, 0.0900193180, 2876.0862, 2891.0517, 767.0050, 19.2079
2025-12-03 20:30:22, 0.0372612071, 0.0321180034, 0.0841425524, 0.0828135541, 2926.2917, 2958.2917, 763.1050, 19.4359
2025-12-03 20:30:28, 0.0389530437, 0.0277082232, 0.0681153236, 0.0786371451, 2565.4483, 2559.4483, 761.0650, 18.5122
2025-12-03 20:30:34, 0.0564995698, 0.0584552064, 0.1136906640, 0.1149187484, 2789.4062, 2850.3906, 760.7050, 17.0044
2025-12-03 20:30:40, 0.0599770511, 0.0520151931, 0.0823203737, 0.0796451806, 2917.1493, 2913.9254, 767.6100, 16.4365
2025-12-03 20:30:45, 0.0579850064, 0.0526740218, 0.0831078351, 0.0928553989, 3035.5714, 2993.8095, 761.5550, 18.1617
2025-12-03 20:30:51, 0.0545328098, 0.0462290069, 0.1261685505, 0.0855949294, 3011.6607, 2941.3393, 760.8800, 19.5450
2025-12-03 20:30:57, 0.0490702203, 0.0725433301, 0.1067502741, 0.1054899808, 2942.3729, 2782.0339, 764.8700, 18.2245
2025-12-03 20:31:03, 0.0420820983, 0.0458775408, 0.0791397349, 0.0790221688, 3111.6613, 2937.7581, 765.0100, 19.1403
2025-12-03 20:31:09, 0.0591319468, 0.0673144981, 0.1081074734, 0.0939434005, 2903.3061, 2911.1837, 764.0650, 17.1625
2025-12-03 20:31:14, 0.0700886243, 0.0689564215, 0.0918869061, 0.0883728932, 2579.0426, 2672.2766, 762.9300, 17.5987
2025-12-03 20:31:20, 0.0399396256, 0.0433926608, 0.0990843506, 0.0737412907, 2899.8289, 2795.2237, 762.0350, 18.3601
2025-12-03 20:31:26, 0.0460709535, 0.0515441909, 0.0795156794, 0.0825663107, 2888.3269, 2886.9231, 764.9500, 16.3183
2025-12-03 20:31:32, 0.0761990692, 0.0619047455, 0.0657545047, 0.0762200558, 2851.5682, 2905.1364, 765.5050, 17.0435
2025-12-03 20:31:37, 0.0521068139, 0.0573638552, 0.0948742184, 0.1090757593, 2619.6964, 2664.3393, 762.8900, 16.6526
2025-12-03 20:31:43, 0.0827848941, 0.0599047119, 0.0928332952, 0.1199054457, 2873.8824, 2866.7059, 765.4900, 20.0813
2025-12-03 20:31:49, 0.0810044715, 0.0655593145, 0.0613107893, 0.0742520626, 2881.7115, 3008.7308, 766.2000, 18.4621
2025-12-03 20:31:55, 0.0806931170, 0.0819658308, 0.1450768406, 0.1213362182, 3087.3611, 3145.6111, 764.0250, 19.5720
2025-12-03 20:32:00, 0.0959588504, 0.0776201854, 0.0712972122, 0.0850640301, 3019.6909, 3067.2364, 766.2550, 16.9375
2025-12-03 20:32:06, 0.0758264658, 0.0658234877, 0.1083559505, 0.0879695923, 2927.6429, 2864.8810, 767.6400, 17.1397
2025-12-03 20:32:12, 0.0545222595, 0.0602677747, 0.1026439340, 0.0890726960, 2914.0000, 3054.7455, 766.3400, 17.4564
2025-12-03 20:32:18, 0.0608622768, 0.0587812675, 0.0983012088, 0.0693583466, 2654.1628, 2535.2791, 768.2450, 21.3917
2025-12-03 20:32:23, 0.0787947804, 0.1008257358, 0.0799728994, 0.0723668390, 2883.8364, 2905.8364, 769.8700, 20.0792
2025-12-03 20:32:29, 0.0549591859, 0.0590207702, 0.1218850508, 0.0802014092, 2970.0385, 2903.2500, 767.5700, 17.8464
2025-12-03 20:32:35, 0.0956825047, 0.0844733794, 0.0864139837, 0.1133598630, 2890.3400, 2862.5000, 759.8050, 15.8615
2025-12-03 20:32:41, 0.0694524133, 0.0713907696, 0.1037501160, 0.1427609930, 3057.1481, 3030.0370, 767.3950, 20.0090
2025-12-03 20:32:47, 0.0618749941, 0.0588391392, 0.0967200532, 0.0769310895, 2607.6170, 2692.9574, 768.1500, 18.9235
2025-12-03 20:32:52, 0.0301801963, 0.0362428418, 0.0753792786, 0.1575198054, 2693.5333, 2743.1500, 765.2000, 21.3581
2025-12-03 20:32:58, 0.0486667842, 0.0383121696, 0.0921059469, 0.0920520907, 2664.3519, 2687.9259, 770.0400, 18.9480
2025-12-03 20:33:04, 0.0377912802, 0.0371520301, 0.1047652287, 0.1427444620, 2850.3208, 2940.9245, 768.9300, 18.2438
2025-12-03 20:33:10, 0.0788969544, 0.0958729883, 0.0642397838, 0.0594266378, 2878.7544, 2833.1228, 770.7500, 18.7277
2025-12-03 20:33:16, 0.0810401212, 0.0605655588, 0.0785740251, 0.0572341513, 2889.4878, 2794.0976, 768.4000, 19.5297
2025-12-03 20:33:21, 0.0402708453, 0.0390310398, 0.0983594557, 0.0734798792, 2766.1731, 2632.5577, 769.7500, 19.4774
2025-12-03 20:33:27, 0.0862410473, 0.0632216555, 0.0745720458, 0.0751164059, 2777.1250, 2712.3571, 766.8550, 20.3311
2025-12-03 20:33:33, 0.1278160467, 0.0912248150, 0.0642060482, 0.0548494497, 2837.8611, 2847.5556, 762.8400, 19.7602
2025-12-03 20:33:38, 0.0569496505, 0.0620897526, 0.0964052881, 0.1018613324, 2856.6809, 2775.5957, 770.1900, 20.3141
2025-12-03 20:33:44, 0.0595543699, 0.0640961918, 0.1115159971, 0.0943917519, 3139.6957, 3033.2174, 773.0850, 21.9093
2025-12-03 20:33:50, 0.0467760548, 0.0429561209, 0.0938847009, 0.0866470433, 2561.5645, 2661.0161, 777.1950, 22.2577
2025-12-03 20:33:56, 0.0709776271, 0.0637240450, 0.0886692355, 0.0889137859, 2633.8983, 2629.6271, 768.9900, 19.0160
2025-12-03 20:34:02, 0.0611978115, 0.0678915489, 0.0986773055, 0.0621176913, 2867.0612, 2780.4694, 773.8950, 20.3996
2025-12-03 20:34:07, 0.0729381631, 0.0634611034, 0.1303022550, 0.1043308225, 2580.1707, 2623.4634, 773.1800, 22.1540
2025-12-03 20:34:13, 0.0962997728, 0.0782571103, 0.0623654609, 0.0544753697, 2874.3043, 2808.9565, 771.1550, 18.2376
2025-12-03 20:34:19, 0.0572282148, 0.0751710848, 0.0755301679, 0.0678688233, 2877.9455, 2863.0364, 770.8550, 18.2700
2025-12-03 20:34:25, 0.0892637252, 0.0876862206, 0.0992290956, 0.1085848300, 2801.2308, 2856.5128, 771.5300, 18.9963
2025-12-03 20:34:30, 0.0440907600, 0.0400570523, 0.0656756971, 0.0861664334, 2746.3934, 2591.0984, 770.7250, 16.6403
2025-12-03 20:34:36, 0.0955689268, 0.0849946400, 0.0751456170, 0.0808542766, 2835.5208, 2960.4167, 772.0650, 18.7782
2025-12-03 20:34:42, 0.0813309691, 0.0921740753, 0.0656989863, 0.0631170298, 3117.1463, 3134.3415, 771.8950, 18.8580
2025-12-03 20:34:48, 0.0884084104, 0.0741661169, 0.0955447512, 0.0972996399, 2818.6111, 2921.8333, 768.7350, 19.0800
2025-12-03 20:34:53, 0.0985098989, 0.0845557286, 0.0802935994, 0.0898039550, 2607.8750, 2585.4167, 774.0150, 18.6758
2025-12-03 20:34:59, 0.0610669858, 0.0573554945, 0.1333298810, 0.0743435220, 2878.4490, 2837.6327, 771.2200, 17.6811
2025-12-03 20:35:05, 0.0814844116, 0.0734487947, 0.2171921472, 0.1593589315, 2761.1957, 2755.4130, 769.6200, 18.0814
2025-12-03 20:35:11, 0.0687440119, 0.0817571808, 0.0516637784, 0.0369001198, 3165.1957, 3025.3696, 768.1900, 18.6178
2025-12-03 20:35:17, 0.0723085251, 0.0576131261, 0.1362987581, 0.1390353357, 3030.4286, 2804.7500, 766.0800, 19.8520
2025-12-03 20:35:22, 0.0929801787, 0.0707196938, 0.1172847393, 0.0793553614, 3083.4211, 2980.9649, 767.1650, 18.6238
2025-12-03 20:35:28, 0.1004477939, 0.0849872491, 0.0759110844, 0.0921664348, 3339.0455, 3246.8636, 766.2300, 17.0701
2025-12-03 20:35:34, 0.0632671662, 0.0684038914, 0.0657946136, 0.0847378626, 2938.3261, 2794.0652, 765.3250, 18.1036
2025-12-03 20:35:40, 0.0688547442, 0.0657105074, 0.0839929650, 0.0612554614, 2832.3654, 2752.0769, 766.5600, 18.5426
2025-12-03 20:35:45, 0.0621291286, 0.0487514547, 0.0763359485, 0.0649743209, 2900.9808, 2920.2115, 765.8800, 18.3138
2025-12-03 20:35:51, 0.0887994267, 0.0668671932, 0.1093087678, 0.0633136454, 2997.0909, 2905.6364, 765.9550, 19.9943
2025-12-03 20:35:57, 0.0777302839, 0.0650312807, 0.0911005612, 0.0908759670, 2772.5517, 2773.9138, 764.6200, 16.6056
2025-12-03 20:36:03, 0.0649108142, 0.0603941892, 0.1040698951, 0.0843007498, 2994.3913, 2919.8913, 765.8500, 19.2911
2025-12-03 20:36:09, 0.0666901642, 0.0601871791, 0.1092701372, 0.0741564196, 2798.2553, 2832.3191, 765.5400, 17.9660
2025-12-03 20:36:15, 0.0623456863, 0.0494496600, 0.1178363027, 0.1029880825, 2897.3548, 2899.1290, 765.3000, 18.6815
2025-12-03 20:36:20, 0.0704286654, 0.0642499328, 0.0923345450, 0.0716474122, 2946.7273, 3055.3864, 764.7650, 17.6051
2025-12-03 20:36:26, 0.0845353078, 0.0633172288, 0.1341067512, 0.0979119561, 2813.1818, 2773.5455, 765.7650, 19.5428
2025-12-03 20:36:32, 0.0755132578, 0.0763811820, 0.0902175948, 0.0973247315, 2965.5610, 2940.0000, 766.8250, 19.2189
2025-12-03 20:36:38, 0.0517271167, 0.0747094970, 0.1229551872, 0.1040824123, 2980.9273, 2889.2000, 763.0850, 18.4953
2025-12-03 20:36:43, 0.0654078193, 0.0607439814, 0.0919898276, 0.0840112353, 2846.5238, 2900.0952, 764.1100, 16.6589
2025-12-03 20:36:49, 0.0724618228, 0.0626618919, 0.0884256354, 0.0985353667, 2960.5429, 3130.6000, 764.6900, 18.0714
2025-12-03 20:36:55, 0.0695794207, 0.0484995328, 0.1456780282, 0.1152735268, 2964.2000, 2785.1800, 764.8100, 19.2487
2025-12-03 20:37:00, 0.0739879360, 0.0930382642, 0.0840467956, 0.0885624220, 2684.8235, 2658.0980, 764.5100, 17.0244
2025-12-03 20:37:06, 0.0568819725, 0.0448181066, 0.1064223261, 0.1188596222, 2825.0702, 2693.9649, 764.9300, 18.3072
2025-12-03 20:37:12, 0.0494444266, 0.0370260898, 0.1214392879, 0.0940673744, 2828.3810, 2726.7302, 767.1150, 18.3541
2025-12-03 20:37:18, 0.0568833628, 0.0604570964, 0.1275562264, 0.1164266230, 2659.9524, 2686.5714, 764.9450, 17.5565
2025-12-03 20:37:24, 0.0658786647, 0.0530470775, 0.0899416929, 0.0933168664, 2895.4167, 2881.5625, 765.0400, 17.8756
2025-12-03 20:37:29, 0.0936064563, 0.0753629219, 0.1823314452, 0.1206025183, 3022.4400, 2863.4200, 765.2350, 18.6901
2025-12-03 20:37:35, 0.0531572241, 0.0548260491, 0.2180710773, 0.1478771333, 3011.5849, 2999.6226, 769.4950, 19.8076
2025-12-03 20:37:41, 0.0628886962, 0.0760414890, 0.0475343074, 0.0529726882, 2650.4118, 2611.7059, 765.5500, 19.7405
2025-12-03 20:37:47, 0.0509407443, 0.0627552193, 0.0719399640, 0.0757649466, 2740.9245, 2664.5283, 767.1050, 19.6159
2025-12-03 20:37:53, 0.0696097554, 0.0675631051, 0.1252199534, 0.0994974003, 2891.2245, 2838.7551, 768.1200, 19.0931
2025-12-03 20:37:58, 0.0824411600, 0.0893112642, 0.0745655803, 0.0894119586, 2748.4681, 2794.8085, 765.8250, 19.4331
2025-12-03 20:38:04, 0.0810649718, 0.0665223463, 0.0750855407, 0.0844747079, 2625.0500, 2596.1500, 764.9400, 19.7974
2025-12-03 20:38:10, 0.0843657000, 0.0861102110, 0.0962299851, 0.0833871645, 2800.8298, 2821.6596, 763.0550, 20.6372
2025-12-03 20:38:16, 0.0759947567, 0.0720610980, 0.0861321845, 0.0538819327, 2699.4600, 2676.1400, 765.6100, 19.4123
2025-12-03 20:38:22, 0.0599295470, 0.0499811760, 0.0840363773, 0.1090083077, 3005.6949, 3013.6271, 770.1250, 19.3801
2025-12-03 20:38:27, 0.0562434333, 0.0716769039, 0.0691649475, 0.0643290232, 2727.6400, 2824.0600, 768.5450, 16.5429
2025-12-03 20:38:33, 0.0579066214, 0.0601062942, 0.0529978573, 0.0600838656, 2762.6222, 2743.4222, 768.1800, 18.2425
2025-12-03 20:38:39, 0.0575823793, 0.0574828701, 0.0946064402, 0.0870484081, 2759.0000, 2790.5714, 767.3250, 17.1659
2025-12-03 20:38:45, 0.0534627879, 0.0500987955, 0.0608830849, 0.0575486368, 2771.4186, 2830.8837, 766.3500, 17.3398
2025-12-03 20:38:50, 0.0566749807, 0.0387233339, 0.0950368603, 0.1040612943, 2701.2308, 2839.0962, 769.6850, 17.5430
2025-12-03 20:38:56, 0.0570827968, 0.0543062964, 0.0895413179, 0.0708751191, 2710.2857, 2741.0952, 770.1250, 19.8542
2025-12-03 20:39:02, 0.0467864694, 0.0380435833, 0.0939626454, 0.0617579821, 3048.4103, 2927.9487, 769.2650, 17.1967
2025-12-03 20:39:08, 0.0586309845, 0.0472559453, 0.0834215058, 0.0566327291, 2706.3704, 2695.3148, 767.9450, 19.8028
2025-12-03 20:39:13, 0.0742453985, 0.0656171170, 0.0573148028, 0.0547080462, 2746.3913, 2816.9130, 770.6900, 18.5495
2025-12-03 20:39:19, 0.0365892682, 0.0275722160, 0.1561818926, 0.1309167379, 3148.6167, 2929.8667, 769.4950, 18.4003
2025-12-03 20:39:25, 0.0499037658, 0.0368220870, 0.1015824997, 0.0694775909, 2984.2034, 2789.7119, 769.5250, 17.7147
2025-12-03 20:39:31, 0.0489503701, 0.0459924233, 0.1433547346, 0.0903533099, 3031.6250, 2923.5469, 770.7050, 18.6174
2025-12-03 20:39:37, 0.0563226898, 0.0576667426, 0.0805235558, 0.0799019377, 2784.3333, 2677.5238, 771.0100, 18.2913
2025-12-03 20:39:42, 0.0629192010, 0.0465041781, 0.0673720935, 0.0930689048, 2806.5882, 2737.7451, 768.6150, 19.1504
2025-12-03 20:39:48, 0.1025815155, 0.0708743276, 0.0594695500, 0.0694654831, 2839.5000, 2841.0526, 769.8850, 17.0139
2025-12-03 20:39:54, 0.0866157132, 0.0803980471, 0.0838162413, 0.0927766275, 3034.6316, 2967.0877, 770.7600, 19.8036
2025-12-03 20:39:59, 0.0546594437, 0.0599269315, 0.0871359661, 0.0550080374, 2833.3857, 2773.6143, 769.7600, 17.7714
2025-12-03 20:40:05, 0.0643247910, 0.0635381048, 0.1009724998, 0.1123068524, 2877.6111, 2867.8148, 768.6600, 18.8320
2025-12-03 20:40:11, 0.1004638222, 0.0802949661, 0.0915007983, 0.0910004292, 2901.7857, 2901.3333, 769.0600, 18.4929
2025-12-03 20:40:17, 0.0723833659, 0.0716501822, 0.0899721125, 0.0935408688, 3197.6889, 3145.8889, 768.4850, 17.5807
2025-12-03 20:40:23, 0.1171573372, 0.0689999644, 0.1026016568, 0.0797861351, 2683.6735, 2655.7959, 769.1100, 18.3166
2025-12-03 20:40:28, 0.0358055034, 0.0419235279, 0.1035430114, 0.0801086666, 2773.2642, 2580.6604, 770.6550, 16.8284
2025-12-03 20:40:35, 0.0544296016, 0.0500318254, 0.0653500170, 0.0762696728, 2893.4118, 2898.5490, 762.2700, 17.2147
2025-12-03 20:40:41, 0.1140899799, 0.0694830510, 0.1070269155, 0.1059500918, 2892.3462, 2846.0000, 763.3550, 18.2603
2025-12-03 20:40:47, 0.0853792828, 0.0521546127, 0.0743817145, 0.0772216147, 2832.6957, 2950.6522, 769.7900, 18.6235
2025-12-03 20:40:53, 0.0667416951, 0.0651746370, 0.0953602249, 0.1094938172, 2846.1346, 2946.6923, 763.5100, 18.8024
2025-12-03 20:40:58, 0.0992487131, 0.0668271090, 0.0676445532, 0.0638192753, 2948.2381, 2982.7619, 765.2150, 17.4195
2025-12-03 20:41:04, 0.0828089922, 0.0601961301, 0.0638289974, 0.0736194271, 2666.6364, 2689.4364, 764.8900, 18.1452
2025-12-03 20:41:10, 0.0733107396, 0.0706716888, 0.0584187151, 0.0542454216, 2737.6667, 2770.4921, 764.4900, 17.8748
2025-12-03 20:41:15, 0.0705317641, 0.0634423823, 0.0871043596, 0.1010216794, 2805.5909, 2848.2273, 765.4200, 17.3765
2025-12-03 20:41:21, 0.0827121461, 0.0771794211, 0.1138726692, 0.1088302103, 2872.3400, 2815.8800, 762.9600, 18.1535
2025-12-03 20:41:27, 0.0532327065, 0.0436062017, 0.0759450829, 0.1037239278, 2681.9167, 2770.5000, 763.4700, 17.7598
2025-12-03 20:41:33, 0.0477936672, 0.0552307936, 0.1009159623, 0.0936528268, 2959.7193, 2927.5439, 763.1250, 18.8693
2025-12-03 20:41:39, 0.0536862871, 0.0576336751, 0.0911776363, 0.0785248133, 2755.7593, 2709.7778, 762.4750, 18.4570
2025-12-03 20:41:45, 0.0667654236, 0.0440920170, 0.0889807477, 0.1040483871, 2803.2083, 2863.0833, 763.6850, 18.2632
2025-12-03 20:41:50, 0.0689947479, 0.0691836540, 0.0916807232, 0.0724349998, 2899.5385, 2831.1538, 765.2500, 19.7737
2025-12-03 20:41:56, 0.0664562214, 0.0499616320, 0.0926490203, 0.0873060986, 3092.4694, 3158.5510, 763.0750, 18.4144
2025-12-03 20:42:02, 0.1181068315, 0.0930888924, 0.1001151791, 0.0669737604, 2885.0426, 2726.8085, 757.1650, 17.9092
2025-12-03 20:42:08, 0.0794125561, 0.0643013966, 0.1059174496, 0.0871063749, 3108.6279, 3055.5116, 766.4500, 16.9224
2025-12-03 20:42:14, 0.0906592451, 0.0714890556, 0.0855270207, 0.0950132060, 2850.8254, 2919.6667, 765.1600, 17.7796
2025-12-03 20:42:20, 0.1090238827, 0.0900215181, 0.1060569513, 0.1066480883, 3056.0000, 3066.9375, 763.0700, 19.0855
2025-12-03 20:42:25, 0.0899658445, 0.0851313712, 0.1144864422, 0.0889990089, 2970.2174, 2850.2174, 766.1300, 18.0586
2025-12-03 20:42:31, 0.0431168880, 0.0550156839, 0.0796736623, 0.0622040489, 2806.4259, 2864.9630, 756.5400, 19.9356
2025-12-03 20:42:37, 0.0865715316, 0.0752439425, 0.0728219898, 0.0730824294, 2928.7358, 2956.3396, 755.3600, 18.2360
2025-12-03 20:42:43, 0.0603449885, 0.0540237542, 0.0772541643, 0.0944994350, 2816.5745, 2924.9362, 754.1350, 18.2326
2025-12-03 20:42:49, 0.0819871125, 0.0611008714, 0.0688352262, 0.0710288004, 2924.0000, 2932.3137, 757.9050, 18.1652
2025-12-03 20:42:54, 0.0773801420, 0.0852926113, 0.1066603126, 0.1206239597, 2708.3333, 2770.8667, 755.7650, 16.8716
2025-12-03 20:43:00, 0.0855998157, 0.0957437761, 0.0811171383, 0.0986008456, 2729.4583, 2772.1458, 757.2450, 17.8489
2025-12-03 20:43:06, 0.0901646312, 0.0776843362, 0.0728876835, 0.0706477686, 2760.8387, 2743.7581, 757.9650, 18.0154
2025-12-03 20:43:12, 0.0831191751, 0.0692124311, 0.0813713958, 0.0713185654, 2795.1429, 2773.0238, 756.3050, 19.4790
2025-12-03 20:43:18, 0.0730935592, 0.0810601156, 0.0667276647, 0.0899072161, 2860.7561, 2796.2439, 756.0800, 17.2245
2025-12-03 20:43:23, 0.0651149267, 0.0564732522, 0.0551737396, 0.0925867085, 2767.5952, 2857.1905, 759.2350, 18.3106
2025-12-03 20:43:29, 0.0677923833, 0.0522433286, 0.0889678564, 0.0761890480, 2940.8810, 2787.0952, 759.5600, 17.6578
2025-12-03 20:43:35, 0.0605097086, 0.0493351353, 0.0904301370, 0.0883654363, 2783.7843, 2695.0980, 756.1250, 17.3681
2025-12-03 20:43:41, 0.0534885833, 0.0470771119, 0.0722454184, 0.0878967010, 2673.9062, 2673.0938, 756.7000, 18.9913
2025-12-03 20:43:47, 0.0460448214, 0.0448477008, 0.0789524144, 0.0685876596, 2991.4561, 2831.1930, 758.9400, 20.5450
2025-12-03 20:43:53, 0.0478178597, 0.0474329039, 0.0837713548, 0.0676407679, 2827.0323, 2898.5323, 763.6900, 19.5598
2025-12-03 20:43:58, 0.0472963955, 0.0433648147, 0.0744621876, 0.0835894082, 3116.2632, 3025.7719, 759.2900, 21.4687
2025-12-03 20:44:04, 0.0573940194, 0.0545270151, 0.0674627749, 0.0609340093, 2910.6889, 2799.9333, 762.3200, 18.2759
2025-12-03 20:44:10, 0.0488366804, 0.0494036852, 0.0586309903, 0.0468844365, 2971.6250, 2831.1250, 758.2500, 21.1435
2025-12-03 20:44:16, 0.0579229930, 0.0420276426, 0.1072320854, 0.0995695600, 2893.5000, 2787.1250, 759.6200, 22.4438
2025-12-03 20:44:21, 0.0718042766, 0.0597836574, 0.0643154664, 0.0806593402, 3164.8750, 3065.7143, 760.8700, 21.9464
2025-12-03 20:44:27, 0.0568552344, 0.0663712336, 0.0564102359, 0.0711685511, 2890.9655, 2953.6034, 755.8050, 20.3710
2025-12-03 20:44:33, 0.0791341212, 0.0808506988, 0.1213590341, 0.0984668718, 2886.3860, 2968.1754, 758.6150, 20.5104
2025-12-03 20:44:39, 0.0526968046, 0.0561921660, 0.1243903356, 0.1160876367, 2748.5476, 2675.9048, 757.7750, 20.8409
2025-12-03 20:44:45, 0.0618675518, 0.0810597984, 0.0924288402, 0.0789310903, 2813.3191, 2917.1702, 758.4600, 20.0594
2025-12-03 20:44:50, 0.0807246303, 0.0687938088, 0.0697821135, 0.0661566919, 2774.0638, 2801.1064, 756.8150, 19.5870
2025-12-03 20:44:56, 0.0869338174, 0.0602728375, 0.1001088313, 0.0861431214, 3103.2553, 3018.2340, 759.4250, 20.2412
2025-12-03 20:45:08, 0.0568910868, 0.0520682247, 0.0771622737, 0.0757711915, 2866.5667, 2857.5000, 762.0150, 22.4173
2025-12-03 20:45:14, 0.0996447499, 0.1111583678, 0.0564411248, 0.0889582467, 2876.4561, 2916.1404, 759.0900, 21.4945
2025-12-03 20:45:19, 0.0955877273, 0.0936379397, 0.1153821970, 0.1056683055, 2738.2571, 2834.5429, 759.4700, 22.3578
2025-12-03 20:45:25, 0.0706131752, 0.0873920131, 0.0759955024, 0.0777911421, 2854.7234, 2723.7447, 754.0450, 18.7812
2025-12-03 20:45:31, 0.1103756347, 0.0835347173, 0.0795075085, 0.0503051644, 2781.0244, 2716.8537, 755.0400, 16.8005
2025-12-03 20:45:36, 0.0728012800, 0.0644541158, 0.0554336199, 0.0602720292, 2666.3607, 2759.3115, 759.5150, 16.5039
2025-12-03 20:45:42, 0.0851004045, 0.0644234403, 0.0952004162, 0.0622814174, 3039.4407, 2892.3898, 757.3400, 17.1617
2025-12-03 20:45:49, 0.0563916549, 0.0964650111, 0.0598163725, 0.0579139019, 2812.9487, 2935.5641, 758.0500, 17.5772
2025-12-03 20:45:54, 0.1119041013, 0.0991529061, 0.0782968203, 0.0726628659, 2763.3448, 2869.9655, 758.7400, 18.7591
2025-12-03 20:46:00, 0.0642573735, 0.0625131720, 0.0724850575, 0.0856993228, 2884.1053, 2957.4386, 758.6050, 17.7671
2025-12-03 20:46:06, 0.0856891506, 0.0661690777, 0.1066544775, 0.1099910023, 3019.8103, 2964.8448, 761.8950, 18.5352
2025-12-03 20:46:12, 0.1020182919, 0.0927216802, 0.0680115059, 0.0667099573, 2931.0000, 2879.8704, 757.1050, 19.7579
2025-12-03 20:46:18, 0.0731321294, 0.0688457701, 0.1398839714, 0.1338522880, 2934.2174, 2983.1304, 760.9850, 18.2859
2025-12-03 20:46:24, 0.0529805239, 0.0576359871, 0.1038868717, 0.1022312620, 3024.7000, 3023.8750, 759.2450, 17.9214
2025-12-03 20:46:29, 0.0497256748, 0.0467301941, 0.0938622220, 0.0599451155, 2982.9259, 2932.9815, 762.7050, 17.9114
2025-12-03 20:46:35, 0.0843069724, 0.0568555453, 0.0737538794, 0.0561753965, 3159.4444, 3052.1556, 761.7800, 19.0158
2025-12-03 20:46:41, 0.0530210831, 0.0590051086, 0.0497878715, 0.0559282300, 2939.1633, 2845.7755, 758.7300, 18.1443
2025-12-03 20:46:47, 0.0873020627, 0.0807463939, 0.0711303720, 0.0635707209, 2723.6441, 2780.9661, 761.3600, 18.8902
2025-12-03 20:46:52, 0.0664891635, 0.0514191202, 0.0903862588, 0.0902776852, 2697.3600, 2709.6000, 756.8650, 18.0695
2025-12-03 20:46:58, 0.0946367657, 0.0779600229, 0.0871257273, 0.0752899123, 3052.6222, 3001.8889, 756.1400, 18.7032
2025-12-03 20:47:04, 0.1125170115, 0.0855447033, 0.0596280805, 0.0710759185, 2855.9500, 2901.0333, 760.5000, 20.2116
2025-12-03 20:47:10, 0.0806632159, 0.0829063871, 0.0528458739, 0.0578248251, 2914.4348, 2872.5652, 759.0850, 19.6522
2025-12-03 20:47:15, 0.0691204031, 0.0602301164, 0.1065814812, 0.0748480627, 2961.0000, 2951.6042, 765.7700, 19.3457
2025-12-03 20:47:21, 0.1019872873, 0.0705479871, 0.0693668709, 0.0656234030, 3007.9697, 3008.2273, 759.8600, 20.2731
2025-12-03 20:47:27, 0.1012379085, 0.1086497916, 0.1454133078, 0.1605942563, 3005.5686, 3019.5294, 762.2300, 18.4731
2025-12-03 20:47:33, 0.0969588116, 0.0886864212, 0.0878615688, 0.0954547848, 2716.0588, 2708.0000, 762.2850, 19.1516
2025-12-03 20:47:38, 0.0902513705, 0.0973678299, 0.0753008927, 0.0847958734, 2989.2250, 2909.4250, 755.8150, 19.5044
2025-12-03 20:47:44, 0.0572145239, 0.0491166686, 0.0936647585, 0.1099572191, 2873.9783, 2905.7391, 762.5650, 17.4260
2025-12-03 20:47:50, 0.0460946249, 0.0426733674, 0.0718062377, 0.0787775407, 2751.6429, 2832.2143, 761.0700, 18.3721
2025-12-03 20:47:56, 0.0644553869, 0.0486770263, 0.1041749789, 0.1114188999, 2833.8654, 2807.9615, 764.7950, 18.6704
2025-12-03 20:48:01, 0.0548592525, 0.0464246655, 0.0953565954, 0.1045292611, 3048.8571, 3063.4082, 766.7850, 17.3781
2025-12-03 20:48:07, 0.0906191025, 0.0906294660, 0.1363105798, 0.1248062751, 2958.1905, 2930.8333, 766.3800, 17.9768
2025-12-03 20:48:13, 0.0781050866, 0.0734308320, 0.0754752768, 0.0754701172, 2827.0962, 2771.8269, 761.8900, 18.0706
2025-12-03 20:48:19, 0.0978680037, 0.0749994920, 0.0555182657, 0.0620659407, 2721.6452, 2732.3710, 766.9950, 16.9194
2025-12-03 20:48:24, 0.0824786144, 0.0630269880, 0.1343459583, 0.1510553270, 2640.8909, 2704.0727, 768.4900, 17.5869
2025-12-03 20:48:30, 0.1001556916, 0.0959126912, 0.0934383139, 0.0606132328, 2665.2075, 2541.6038, 768.8500, 17.7313
2025-12-03 20:48:36, 0.0795691964, 0.0607332861, 0.0831798600, 0.0789673814, 2869.1528, 2918.2778, 766.9350, 19.4242
2025-12-03 20:48:42, 0.0381607146, 0.0363295053, 0.1040905177, 0.1012354114, 2880.0167, 2833.3833, 771.0850, 18.7573
2025-12-03 20:48:47, 0.0423336582, 0.0485427216, 0.0832608622, 0.0666675998, 2777.9565, 2728.1522, 769.6600, 17.6078
2025-12-03 20:48:53, 0.0599760164, 0.0607583278, 0.0476276735, 0.0461488422, 2686.0545, 2664.4909, 767.7000, 18.3516
2025-12-03 20:48:59, 0.0497444930, 0.0514598415, 0.0764291242, 0.1087568433, 2874.3400, 2868.5200, 768.5150, 21.2751
2025-12-03 20:49:05, 0.0415576111, 0.0561422251, 0.1343078934, 0.0914790809, 2869.1311, 2919.1311, 769.0300, 20.3877
2025-12-03 20:49:11, 0.0829058034, 0.0777441587, 0.0991118243, 0.0862199332, 2910.7647, 2861.5882, 764.6600, 18.5301
2025-12-03 20:49:16, 0.0752615976, 0.0725005645, 0.0824257946, 0.0641034667, 2837.7600, 2869.4600, 769.4750, 18.2787
2025-12-03 20:49:22, 0.0996345695, 0.0961443667, 0.0780398146, 0.0598490546, 3053.1731, 3096.2308, 767.1350, 20.2583
2025-12-03 20:49:28, 0.0714167274, 0.0759116282, 0.0697617874, 0.0865129027, 2613.6122, 2648.7551, 764.9600, 19.6733
2025-12-03 20:49:34, 0.0637711567, 0.0481088148, 0.0798991467, 0.0838763448, 2930.8372, 2908.9070, 769.7050, 19.2971
2025-12-03 20:49:39, 0.0597392605, 0.0605973993, 0.1009057160, 0.1257105277, 2888.3696, 2894.4130, 766.8700, 18.9761
2025-12-03 20:49:45, 0.0561805620, 0.0485609212, 0.1402538294, 0.1101876723, 2877.1552, 2741.2931, 760.7350, 19.9583
2025-12-03 20:49:51, 0.0837700845, 0.0693100320, 0.0560532126, 0.0591502677, 2668.5306, 2593.4082, 767.8750, 19.9792
2025-12-03 20:49:57, 0.0768329894, 0.0620554930, 0.1050610165, 0.1052880773, 3090.2667, 2990.6222, 767.8250, 17.5697
2025-12-03 20:50:02, 0.0827077475, 0.0874544326, 0.0878425972, 0.0767956740, 2935.6327, 2966.1020, 765.2350, 19.2468
2025-12-03 20:50:09, 0.0830308425, 0.0986074493, 0.0859985526, 0.0792772507, 3026.4255, 2963.2553, 767.0050, 19.2371
2025-12-03 20:50:14, 0.0900715383, 0.0592333690, 0.0992659137, 0.0826336609, 3079.3333, 2897.5000, 764.7950, 19.8777
2025-12-03 20:50:20, 0.0741017648, 0.0764903465, 0.0977650465, 0.0985837305, 2673.1042, 2619.7500, 766.1350, 18.5921
2025-12-03 20:50:26, 0.0619749255, 0.0657390449, 0.0932954220, 0.0947488016, 3032.0980, 2938.3137, 765.1300, 19.1868
2025-12-03 20:50:32, 0.0466195715, 0.0469937266, 0.0957883111, 0.0913193003, 2828.8841, 2706.0725, 763.7750, 20.2974
2025-12-03 20:50:37, 0.0977102122, 0.0771453407, 0.0731608274, 0.0712698174, 2724.4889, 2798.5778, 764.2250, 19.4878
2025-12-03 20:50:43, 0.1097481938, 0.0954520011, 0.0840303731, 0.0639526051, 2956.8750, 2961.1042, 766.5900, 20.2766
2025-12-03 20:50:49, 0.0662911051, 0.0548037810, 0.0595307886, 0.0684882051, 3031.9841, 2975.0159, 765.1350, 19.2877
2025-12-03 20:50:55, 0.0434253331, 0.0348332362, 0.0860985976, 0.0860203605, 2676.9492, 2554.0847, 766.1500, 18.3855
2025-12-03 20:51:01, 0.0599557186, 0.0566651303, 0.1320455377, 0.0997075772, 3197.5769, 2936.8269, 766.8500, 17.8389
2025-12-03 20:51:06, 0.0845487156, 0.0773687266, 0.0831475080, 0.0758431656, 2975.2105, 2784.7368, 765.1300, 19.2357
2025-12-03 20:51:12, 0.0694463415, 0.0683597463, 0.0769514052, 0.0694710445, 2843.6458, 2784.1667, 767.7250, 18.9721
2025-12-03 20:51:18, 0.0772813022, 0.0682947332, 0.0739022306, 0.0897191902, 2896.8409, 2726.0682, 767.1000, 18.5685
2025-12-03 20:51:23, 0.0834931161, 0.0599141238, 0.0884411273, 0.0990128685, 2918.6444, 2939.9333, 772.1350, 21.2680
2025-12-03 20:51:29, 0.0714539614, 0.0512836028, 0.0966423534, 0.0821474631, 2855.2083, 2787.4792, 772.1050, 19.0750
2025-12-03 20:51:35, 0.0595029484, 0.0646468032, 0.1102296561, 0.0927913902, 2684.0400, 2706.0200, 769.1450, 17.5916
2025-12-03 20:51:41, 0.0772365884, 0.0559352878, 0.0615426241, 0.0729868130, 3050.2273, 3023.6136, 770.2700, 19.8675
2025-12-03 20:51:47, 0.0723178060, 0.0746907766, 0.0909642118, 0.0766747765, 3016.9302, 2927.7674, 761.9400, 15.7555
2025-12-03 20:51:52, 0.0477100254, 0.0459962166, 0.1036858956, 0.1040832036, 2739.0455, 2760.5227, 767.3100, 16.8236
2025-12-03 20:51:58, 0.0698888776, 0.0556830195, 0.0533365811, 0.0651267463, 2731.6364, 2785.4182, 771.4200, 18.9558
2025-12-03 20:52:04, 0.0608729176, 0.0524959348, 0.0721072853, 0.0811927486, 2709.0652, 2772.8043, 770.8050, 18.3458
2025-12-03 20:52:10, 0.0901832350, 0.0655968254, 0.0986887059, 0.0879491714, 2846.5323, 2904.9677, 769.1050, 20.0994
2025-12-03 20:52:15, 0.0966202506, 0.0918413717, 0.0623249830, 0.0776604319, 2968.3667, 3032.1667, 770.5000, 18.1656
2025-12-03 20:52:21, 0.1122026521, 0.0969357197, 0.1149202546, 0.0947124073, 2857.8545, 2876.6182, 771.3750, 18.5460
2025-12-03 20:52:27, 0.0825931912, 0.0686289839, 0.0933430742, 0.0818221381, 2905.3902, 3049.9024, 772.5100, 18.5159
2025-12-03 20:52:33, 0.1253633088, 0.0811786838, 0.0599113078, 0.0869058114, 2870.6905, 2907.0476, 772.0550, 17.0362
2025-12-03 20:52:38, 0.0995796755, 0.0850379631, 0.1155728316, 0.1164960773, 2986.1667, 2968.0833, 768.0550, 16.7774
2025-12-03 20:52:44, 0.0747315793, 0.0706980710, 0.0884263622, 0.1059210048, 2774.1475, 2879.9672, 769.8450, 18.0956
2025-12-03 20:52:50, 0.0922047399, 0.1115568168, 0.0587522875, 0.0635766848, 2701.1800, 2784.1600, 769.1200, 17.3858
2025-12-03 20:52:56, 0.0964760536, 0.0822889324, 0.1453780077, 0.1373120035, 2740.2174, 2811.7391, 767.1300, 19.1092
2025-12-03 20:53:01, 0.1067010210, 0.1171022134, 0.0651757064, 0.0749212189, 2770.0000, 2729.2881, 769.7450, 18.0183
2025-12-03 20:53:07, 0.1232404213, 0.0994284947, 0.0900305025, 0.0808639493, 2960.8378, 2936.7297, 767.5550, 17.8437
2025-12-03 20:53:13, 0.0741156770, 0.0765729574, 0.0622500013, 0.0594700827, 2896.4231, 2832.8654, 763.8650, 17.4604
2025-12-03 20:53:19, 0.0825811831, 0.0767922263, 0.0629475066, 0.0645681253, 2991.6604, 3082.4906, 763.7800, 17.8517
2025-12-03 20:53:25, 0.0775344938, 0.0568622196, 0.0722692378, 0.0712046855, 2711.9057, 2745.4717, 769.4300, 18.8283
2025-12-03 20:53:30, 0.0628215856, 0.0763906802, 0.0619349257, 0.0721454112, 2797.5294, 2821.7059, 768.4000, 18.0546
2025-12-03 20:53:36, 0.0936950689, 0.0716776936, 0.0723546063, 0.0704147883, 2812.4130, 2901.8043, 760.2500, 16.9987
2025-12-03 20:53:42, 0.0891767351, 0.0811837935, 0.0585545450, 0.0549970066, 2902.2037, 2891.7222, 762.7750, 18.5112
2025-12-03 20:53:48, 0.0766999089, 0.0680616835, 0.0944856607, 0.1050980058, 2800.5094, 2824.8113, 762.1300, 17.4259
2025-12-03 20:53:54, 0.0661078725, 0.0607823147, 0.1082681370, 0.0899373925, 3102.0167, 3080.0500, 762.6350, 18.6749
2025-12-03 20:53:59, 0.0374959205, 0.0368215523, 0.0599092354, 0.0766121804, 2705.8571, 2692.1429, 761.9950, 18.0780
2025-12-03 20:54:05, 0.0521885670, 0.0604779477, 0.1151461401, 0.1050709544, 3105.8939, 3090.4091, 765.3500, 19.4445
2025-12-03 20:54:11, 0.0784511668, 0.0781597860, 0.0677793629, 0.0817117515, 2737.7907, 2840.8837, 757.9050, 18.8689
2025-12-03 20:54:17, 0.0622255212, 0.0498885872, 0.1672563458, 0.0887166169, 2975.2600, 2973.2000, 760.2750, 18.7654
2025-12-03 20:54:23, 0.0432850118, 0.0431374817, 0.0911570040, 0.0713080160, 2712.9123, 2723.9298, 761.0250, 18.6270
2025-12-03 20:54:28, 0.0527760319, 0.0476582331, 0.0744612761, 0.0973880149, 2629.9643, 2607.2679, 762.1150, 20.4803
2025-12-03 20:54:34, 0.0498883940, 0.0557702521, 0.0626791608, 0.0728797020, 2750.9444, 2817.5556, 764.5450, 20.1479
2025-12-03 20:54:40, 0.0669665666, 0.0694421965, 0.0705882141, 0.0603693676, 2624.2000, 2607.6909, 762.8100, 20.0954
2025-12-03 20:54:46, 0.0693885869, 0.0690020079, 0.0895871393, 0.0678114805, 2793.8679, 2765.5094, 762.2750, 18.8690
2025-12-03 20:54:52, 0.1071381013, 0.1480109342, 0.0913169710, 0.1080210778, 2832.7179, 2806.6667, 760.9450, 18.5602
2025-12-03 20:54:57, 0.0823061195, 0.0502503432, 0.0944009440, 0.0941037450, 2680.6429, 2643.5476, 763.2600, 20.0293
2025-12-03 20:55:03, 0.0840727935, 0.0601052910, 0.1555604057, 0.1178846818, 3051.4545, 3027.5682, 763.3900, 20.3287
2025-12-03 20:55:09, 0.0624229938, 0.0693105752, 0.1064072927, 0.0943975585, 3108.7719, 3117.6842, 763.5900, 19.7107
2025-12-03 20:55:15, 0.0937025234, 0.0801672315, 0.0603897855, 0.0586637549, 2712.9600, 2798.5400, 762.8000, 21.8261
2025-12-03 20:55:21, 0.0662156393, 0.0485362373, 0.1447879095, 0.1690834954, 2666.8966, 2617.9483, 763.0700, 19.6004
2025-12-03 20:55:26, 0.0430257549, 0.0388030925, 0.1357235026, 0.1070732123, 2753.8667, 2625.5111, 763.2500, 20.3673
2025-12-03 20:55:32, 0.0567641744, 0.0423646911, 0.1148598823, 0.1176024489, 2846.9020, 2904.7843, 762.7900, 20.1665
2025-12-03 20:55:38, 0.0663676836, 0.0529727603, 0.0802019488, 0.1062926140, 2620.3261, 2623.2609, 763.8400, 21.5064
2025-12-03 20:55:43, 0.0706489313, 0.0654725834, 0.1008489547, 0.1019717515, 2802.8772, 2848.7895, 761.1000, 18.4014
2025-12-03 20:55:49, 0.0618863038, 0.0621440052, 0.1487152417, 0.1378280012, 2909.9091, 2890.2273, 767.5400, 18.7965
2025-12-03 20:55:55, 0.0577339479, 0.0471334870, 0.0849092090, 0.1026247059, 2716.5455, 2805.4000, 759.9250, 16.7627
2025-12-03 20:56:01, 0.0605477248, 0.0721844953, 0.1568769569, 0.1195805172, 2811.6182, 2723.3818, 761.7600, 18.8059
2025-12-03 20:56:06, 0.1141093038, 0.0757294714, 0.1094500421, 0.0998704846, 2865.5577, 2859.1731, 763.2700, 17.0029
2025-12-03 20:56:12, 0.0721931123, 0.0631397283, 0.1317531182, 0.1122998392, 2506.5714, 2490.5536, 763.4850, 19.1363
2025-12-03 20:56:18, 0.0994295308, 0.0644156347, 0.0835275129, 0.0648131341, 3051.4490, 3009.0204, 764.4050, 17.1050
2025-12-03 20:56:24, 0.0421516878, 0.0502799332, 0.0919342707, 0.0950958779, 2976.7547, 2888.2264, 762.9650, 17.1800
2025-12-03 20:56:30, 0.0653881312, 0.0545895688, 0.1182541658, 0.1123719429, 2760.0000, 2803.6000, 765.0200, 18.3235
2025-12-03 20:56:36, 0.0455202556, 0.0485965426, 0.1168335151, 0.1272066399, 3080.7143, 3008.5000, 764.3350, 18.1519
2025-12-03 20:56:41, 0.0919783867, 0.0775524702, 0.0946437887, 0.1092091255, 2657.6327, 2726.9796, 763.8800, 18.1795
2025-12-03 20:56:47, 0.0805579002, 0.0587616464, 0.1145495089, 0.1135062667, 2943.6818, 2868.4318, 764.4800, 16.8270
2025-12-03 20:56:53, 0.0923127143, 0.1050039570, 0.1215043288, 0.1339444412, 2758.4000, 2862.3400, 764.7300, 17.9133
2025-12-03 20:56:59, 0.1194769054, 0.0760973524, 0.2119172206, 0.1573510639, 2710.0851, 2680.1702, 766.2900, 17.1376
2025-12-03 20:57:05, 0.0735798241, 0.0505382887, 0.1138743729, 0.1076379799, 3079.9583, 2935.6875, 762.0150, 19.0333
2025-12-03 20:57:10, 0.1052734826, 0.0761773366, 0.1163925889, 0.1157587267, 2759.5435, 2795.5000, 766.0100, 17.7859
2025-12-03 20:57:16, 0.0950690123, 0.0578433958, 0.1076638068, 0.1030601647, 2627.3488, 2754.1395, 770.6250, 17.6294
2025-12-03 20:57:22, 0.0960406798, 0.0761662427, 0.1234193873, 0.1135818610, 2844.7647, 2875.6275, 761.3600, 18.6848
2025-12-03 20:57:28, 0.0722687648, 0.0586191451, 0.0358582229, 0.0602524758, 2411.3659, 2514.7073, 773.3050, 18.7614
2025-12-03 20:57:34, 0.1118285597, 0.0668422052, 0.1457414027, 0.1065215070, 2808.4681, 2708.1277, 771.0950, 20.7388
2025-12-03 20:57:40, 0.0765852212, 0.0765270489, 0.1389779861, 0.1357883813, 2927.9400, 2845.8600, 771.6550, 19.5797
2025-12-03 20:57:45, 0.0646954566, 0.0658175914, 0.1072969038, 0.1004913427, 2907.0204, 2813.8571, 769.9900, 20.3512
2025-12-03 20:57:51, 0.0599181268, 0.0601568961, 0.0792836097, 0.0662323016, 2999.3600, 2864.9200, 772.1350, 21.2339
2025-12-03 20:57:57, 0.0750444311, 0.0845118316, 0.1117039157, 0.0878354560, 2737.3171, 2770.3902, 771.8300, 21.2318
2025-12-03 20:58:03, 0.0886592928, 0.0854905095, 0.1239944978, 0.1885970673, 2906.0192, 2901.2692, 767.7850, 22.6210
2025-12-03 20:58:09, 0.0834076190, 0.0820299219, 0.0844603116, 0.0810894998, 2708.8393, 2675.6607, 767.4550, 20.7169
2025-12-03 20:58:15, 0.1102686725, 0.0790478436, 0.1582088657, 0.1417655062, 2892.8636, 2874.0227, 763.9100, 20.1559
2025-12-03 20:58:20, 0.0968847585, 0.0728406674, 0.1192773737, 0.1262830659, 2918.7551, 3027.0000, 766.4750, 20.3936
2025-12-03 20:58:26, 0.0790297296, 0.1145362986, 0.0922507314, 0.0850986178, 2808.4651, 2886.6047, 763.2700, 19.3863
2025-12-03 20:58:32, 0.1083835210, 0.0971703622, 0.0910794453, 0.0991004052, 3079.2759, 2983.3966, 763.0000, 19.1445
2025-12-03 20:58:38, 0.0740989137, 0.0795599648, 0.0936758900, 0.0774153049, 3069.3571, 2891.7619, 765.4750, 20.3529
2025-12-03 20:58:44, 0.0815965160, 0.0800008085, 0.0993408657, 0.0673809810, 3087.2200, 2849.6000, 764.4200, 19.8145
2025-12-03 20:58:49, 0.0926680387, 0.0804166001, 0.0847951373, 0.0753922290, 3024.0213, 3053.3404, 764.1500, 19.1493
2025-12-03 20:58:55, 0.0819375233, 0.0814097173, 0.0783893761, 0.0758397207, 2448.3404, 2500.4043, 766.8400, 19.1566
2025-12-03 20:59:01, 0.0845151624, 0.0784186326, 0.0752515308, 0.0729382522, 2819.4151, 2816.2453, 763.5650, 20.0246
2025-12-03 20:59:07, 0.0800819263, 0.0996113475, 0.0738742441, 0.0654145476, 2880.3455, 2873.9455, 762.1000, 18.3606
2025-12-03 20:59:13, 0.1262363445, 0.0976776632, 0.1171994334, 0.0723458746, 2994.7111, 2942.8889, 763.2250, 20.2653
2025-12-03 20:59:18, 0.0806911987, 0.0909571205, 0.0987371240, 0.0965503945, 2952.5854, 3008.1220, 764.5650, 19.5892
2025-12-03 20:59:24, 0.0801663740, 0.0745412486, 0.1596919889, 0.0985353482, 2963.3784, 2867.3514, 764.6650, 17.4663
2025-12-03 20:59:30, 0.0497062588, 0.0613866143, 0.1252318688, 0.0873398037, 2598.7400, 2669.3800, 763.3500, 18.6037
2025-12-03 20:59:36, 0.0647937859, 0.0544675965, 0.1233000458, 0.1216813071, 3032.7200, 3017.6600, 766.0500, 17.9827
2025-12-03 20:59:42, 0.0540766076, 0.0620821266, 0.0964283147, 0.0815861485, 3102.8636, 3115.3409, 767.3150, 18.7480
2025-12-03 20:59:47, 0.0615088371, 0.0483319956, 0.2060799730, 0.1739841115, 2992.6522, 2924.1304, 764.9500, 18.7627
2025-12-03 20:59:53, 0.0623668170, 0.0622747679, 0.1263278828, 0.1071727741, 2791.6047, 2902.3256, 764.1850, 16.3377
2025-12-03 20:59:59, 0.0854028910, 0.0599436546, 0.2151583427, 0.1961805444, 2957.5000, 2928.7391, 768.3900, 18.6247
2025-12-03 21:00:04, 0.0934857498, 0.0819611895, 0.0919761216, 0.1042840503, 2602.9130, 2666.4783, 766.7700, 18.3493
2025-12-03 21:00:10, 0.0434666589, 0.0489609568, 0.1537049883, 0.1468141255, 2599.5111, 2657.3556, 765.1650, 18.5496
2025-12-03 21:00:17, 0.0849500028, 0.0813389708, 0.1005748804, 0.1084171899, 2635.2857, 2734.7755, 767.3250, 18.1008
2025-12-03 21:00:22, 0.0929770682, 0.0821541143, 0.0730442820, 0.0656194874, 2898.8929, 2820.7857, 768.5600, 18.0127
2025-12-03 21:00:28, 0.0438324551, 0.0562324416, 0.0921771603, 0.0942543476, 3032.4800, 2824.0000, 765.0650, 17.7105
2025-12-03 21:00:34, 0.0870679354, 0.0821605699, 0.0647021190, 0.0670855831, 3197.1429, 3028.2653, 767.0250, 17.3765
2025-12-03 21:00:40, 0.0784645915, 0.0863915635, 0.1017776213, 0.0875113876, 2750.7273, 2737.6591, 768.4300, 18.5679
2025-12-03 21:00:46, 0.0623715927, 0.0732165305, 0.0913021917, 0.0749574195, 2808.7619, 2731.3810, 766.4000, 17.4505
2025-12-03 21:00:52, 0.0820737526, 0.0442767883, 0.0693148129, 0.0687944191, 2809.5417, 2770.8333, 764.7100, 18.4265
2025-12-03 21:00:57, 0.0887151052, 0.0721840506, 0.0526535321, 0.0635036741, 2797.3226, 2818.0323, 767.4300, 18.1004
2025-12-03 21:01:03, 0.0683214987, 0.0650983156, 0.1094856929, 0.0926320879, 2973.6269, 3047.5224, 766.9550, 17.2636
2025-12-03 21:01:09, 0.0547440748, 0.0533480123, 0.1062330744, 0.1270432180, 3021.1154, 2914.5192, 767.7950, 17.4219
2025-12-03 21:01:15, 0.0370888518, 0.0397457059, 0.1131738536, 0.0907767188, 3130.4138, 2976.1552, 763.7300, 18.4867
2025-12-03 21:01:20, 0.0455547098, 0.0363515853, 0.0913460059, 0.1443997484, 2750.5882, 2697.4706, 765.7750, 17.0846
2025-12-03 21:01:26, 0.1028870806, 0.0789892092, 0.0666698725, 0.0969356684, 2808.1364, 2863.1591, 767.5400, 16.8133
2025-12-03 21:01:32, 0.0848620423, 0.0672121906, 0.0820435826, 0.0697195628, 2994.1163, 2838.5116, 768.9100, 18.6808
2025-12-03 21:01:38, 0.0920796635, 0.0821616039, 0.0814199915, 0.0564757062, 2729.4528, 2752.4528, 764.8650, 17.9913
2025-12-03 21:01:44, 0.0887907557, 0.0924632299, 0.1164765185, 0.1050139884, 2788.0222, 2860.0889, 767.2150, 17.4983
2025-12-03 21:01:49, 0.0931751877, 0.0597198955, 0.1934260296, 0.1856476730, 3026.5143, 3009.1714, 769.3250, 17.3323
2025-12-03 21:01:55, 0.0639616319, 0.0704380983, 0.1209404843, 0.1118126851, 2969.3830, 2950.1702, 768.4350, 18.3746
2025-12-03 21:02:01, 0.0552795048, 0.0439927094, 0.1001273144, 0.0867157242, 2922.9107, 2881.5000, 761.0950, 17.6702
2025-12-03 21:02:07, 0.0686317306, 0.0894372727, 0.1223315341, 0.1075487332, 2904.6000, 2920.6222, 761.2650, 19.2789
2025-12-03 21:02:12, 0.0800917739, 0.0683435941, 0.1223237107, 0.1196216964, 2878.8596, 2837.8772, 762.0700, 18.5123
2025-12-03 21:02:18, 0.0633770175, 0.0549203819, 0.0920696082, 0.0795874146, 3037.3091, 2988.6182, 761.8900, 18.9886
2025-12-03 21:02:24, 0.0843530415, 0.0605575102, 0.0591209801, 0.0753539717, 2805.7358, 2762.1698, 759.1850, 18.5338
2025-12-03 21:02:30, 0.0632358779, 0.0550211860, 0.1005696197, 0.0751111929, 2685.0426, 2678.5957, 758.8700, 18.9080
2025-12-03 21:02:35, 0.0517639545, 0.0526048140, 0.1725751112, 0.1607413918, 2703.4490, 2723.6939, 760.4850, 18.4483
2025-12-03 21:02:41, 0.0723184666, 0.0599068533, 0.1008251752, 0.1091282707, 2784.7778, 2770.2000, 759.0900, 17.3940
2025-12-03 21:02:47, 0.0627225782, 0.0628685465, 0.0837259722, 0.0636114407, 2818.3333, 2838.8333, 761.7800, 20.4358
2025-12-03 21:02:53, 0.0554263271, 0.0590768186, 0.0668794760, 0.0912195029, 2816.1765, 2821.5000, 760.1150, 18.3437
2025-12-03 21:02:59, 0.0447710843, 0.0486328557, 0.1077296597, 0.0883234946, 3026.8030, 2918.5303, 767.7300, 17.9262
2025-12-03 21:03:04, 0.0638647957, 0.0676456019, 0.0740312373, 0.1232790322, 2801.1860, 2862.6977, 765.5550, 16.6633
2025-12-03 21:03:10, 0.0929490583, 0.0921625124, 0.1422008018, 0.1361128477, 2739.5532, 2858.0213, 762.8200, 19.0128
2025-12-03 21:03:16, 0.1120005545, 0.0736870238, 0.0985515948, 0.1142294157, 2826.0816, 2831.3061, 767.1400, 17.4728
2025-12-03 21:03:22, 0.1111791332, 0.1016534264, 0.1183210719, 0.1014425444, 3179.9143, 3032.7714, 764.7350, 17.5597
2025-12-03 21:03:27, 0.0879235014, 0.0828264281, 0.1052287240, 0.0984557564, 2970.6327, 2891.5918, 763.1900, 17.2524
2025-12-03 21:03:33, 0.0584374288, 0.0691762720, 0.1177606310, 0.0986724828, 2964.8182, 2995.9318, 767.8650, 18.0371
2025-12-03 21:03:39, 0.0696384863, 0.0626832001, 0.1234103134, 0.0890601219, 3112.8837, 3122.1628, 768.6400, 17.2450
2025-12-03 21:03:45, 0.0727058599, 0.0758295526, 0.1159086119, 0.1234245264, 2909.4762, 2983.7381, 767.0600, 17.4702
2025-12-03 21:03:51, 0.0479123087, 0.0448132989, 0.1180885864, 0.1244431163, 2856.6383, 2856.8936, 765.3350, 17.2372
2025-12-03 21:03:56, 0.0534062447, 0.0387812717, 0.0848097827, 0.0850169681, 2871.2903, 2929.4677, 768.8900, 17.7211
2025-12-03 21:04:02, 0.0697617929, 0.1035128284, 0.0710151893, 0.0524386320, 2656.3077, 2544.8718, 765.8950, 17.0151
2025-12-03 21:04:08, 0.0908954069, 0.0925343397, 0.0914537795, 0.0729898079, 2791.4923, 2782.6462, 769.5150, 18.5596
2025-12-03 21:04:13, 0.0858463501, 0.0760937930, 0.0810781725, 0.0742031310, 2969.7347, 3001.2041, 767.7650, 16.5635
2025-12-03 21:04:19, 0.0680186499, 0.0681501545, 0.1049993929, 0.0980841705, 2700.9286, 2811.7619, 768.1200, 17.1600
2025-12-03 21:04:25, 0.0605059959, 0.0879360919, 0.1319129298, 0.1124379546, 2710.1373, 2638.0980, 761.6950, 19.5305
2025-12-03 21:04:31, 0.0562607627, 0.0644906282, 0.1417785745, 0.1410569550, 2925.1951, 2876.8293, 762.3950, 17.9385
2025-12-03 21:04:36, 0.0786120838, 0.0618406975, 0.0952848165, 0.0926799812, 2980.0513, 2921.9487, 764.1700, 18.3221
2025-12-03 21:04:42, 0.0905172441, 0.0653134582, 0.1091143800, 0.1002495260, 2830.2000, 2815.0000, 764.2400, 17.7012
2025-12-03 21:04:48, 0.0921444212, 0.0761037044, 0.1462011362, 0.1136817922, 2889.1250, 2778.2500, 768.2100, 17.2164
2025-12-03 21:04:54, 0.0958334030, 0.0949558516, 0.0904313156, 0.0752523207, 2939.7273, 2993.2273, 766.5400, 16.4362
2025-12-03 21:05:00, 0.0674669985, 0.0710508379, 0.0892186539, 0.1067811418, 2686.8000, 2683.4222, 766.8250, 17.5794
2025-12-03 21:05:06, 0.0691755800, 0.0714028696, 0.1576859222, 0.1218416802, 2824.7907, 2707.2558, 765.5850, 18.8770
2025-12-03 21:05:11, 0.0850554161, 0.0773122776, 0.0603669628, 0.0664306587, 2596.4038, 2557.6154, 764.4150, 17.1660
2025-12-03 21:05:17, 0.0830481751, 0.0779042543, 0.1218709213, 0.0852574859, 2939.4565, 2906.1739, 764.7300, 20.4953
2025-12-03 21:05:23, 0.0981835366, 0.0869256188, 0.1058505881, 0.0711060140, 2939.9464, 2892.1786, 764.4700, 16.2000
2025-12-03 21:05:29, 0.0965422206, 0.0782571238, 0.1025417598, 0.0998636810, 2683.5000, 2632.9375, 762.0150, 18.4278
2025-12-03 21:05:35, 0.0626583625, 0.0674713126, 0.0682904571, 0.0608001019, 3014.5116, 2985.8837, 758.1350, 18.4848
2025-12-03 21:05:40, 0.0763558100, 0.0714695253, 0.0839156856, 0.1012603290, 2851.8393, 2869.7500, 762.0200, 17.6584
2025-12-03 21:05:46, 0.1281284245, 0.0885975082, 0.1296116103, 0.1314181946, 2972.3019, 2978.9434, 761.9100, 16.2377
2025-12-03 21:05:52, 0.0870717861, 0.0642441515, 0.1195897391, 0.0982154611, 2759.7174, 2864.3478, 759.9700, 17.1822
2025-12-03 21:05:58, 0.0968112903, 0.0613123534, 0.1183356524, 0.1002926670, 3071.0385, 3089.6923, 761.1950, 16.3122
2025-12-03 21:06:03, 0.0404481707, 0.0593369918, 0.1023047981, 0.0753452268, 2875.7407, 2921.4815, 762.9100, 18.6885
2025-12-03 21:06:09, 0.0468432511, 0.0508867016, 0.1064625998, 0.1014806336, 2849.5952, 2681.7619, 761.1900, 19.8596
2025-12-03 21:06:15, 0.0817670089, 0.0522175527, 0.0939580756, 0.0618426066, 2786.6071, 2778.9286, 762.3000, 18.8619
2025-12-03 21:06:21, 0.0665554568, 0.0648303652, 0.0741741259, 0.0625476221, 2914.3800, 2857.9200, 761.1300, 17.7799
2025-12-03 21:06:26, 0.0937578998, 0.0781568970, 0.0635387864, 0.0538145565, 2888.2955, 2927.9545, 762.6950, 21.4187
2025-12-03 21:06:33, 0.0833612243, 0.0722232090, 0.0952764683, 0.0828168914, 2841.4667, 2762.4222, 761.9250, 19.1713
2025-12-03 21:06:39, 0.1066998595, 0.1016537868, 0.0387237892, 0.0332290422, 2731.8400, 2682.5600, 762.4750, 18.6550
2025-12-03 21:06:44, 0.0915396690, 0.0854225208, 0.0627181419, 0.0711913666, 2818.7619, 2939.2619, 761.2500, 18.1248
2025-12-03 21:06:50, 0.1238634861, 0.0858342868, 0.0737384111, 0.0748736417, 3075.4082, 3088.8163, 765.4200, 17.3356
2025-12-03 21:06:56, 0.0899447780, 0.0768657752, 0.0555731320, 0.0570853711, 2834.5192, 2752.8269, 765.1950, 17.9231
2025-12-03 21:07:02, 0.0966422559, 0.0640113176, 0.0767391108, 0.0611127724, 2968.8627, 2974.1176, 763.7250, 19.4178
2025-12-03 21:07:08, 0.0897668292, 0.0879634940, 0.0921758502, 0.0667060673, 3082.9818, 2928.5273, 764.6650, 20.0016
2025-12-03 21:07:13, 0.0697354530, 0.0716427872, 0.0936640271, 0.0925606885, 2908.0000, 2878.2895, 762.4400, 19.8188
2025-12-03 21:07:19, 0.0776781693, 0.0686405724, 0.0751835817, 0.0877761039, 2680.1724, 2780.6034, 763.1950, 18.9807
2025-12-03 21:07:25, 0.0659057954, 0.0523497146, 0.0680415960, 0.0830255840, 2750.7037, 2756.7778, 763.1350, 18.4246
2025-12-03 21:07:30, 0.0731808309, 0.0681135668, 0.0746565032, 0.0540020696, 2794.2593, 2720.5370, 763.9700, 19.6695
2025-12-03 21:07:36, 0.0746872155, 0.0683813369, 0.0907363704, 0.0813610513, 2820.3061, 2830.9184, 764.7250, 20.3148
2025-12-03 21:07:42, 0.0918623413, 0.0895132126, 0.1054641784, 0.0684169717, 3058.1800, 3088.1800, 763.7700, 19.3434
2025-12-03 21:07:48, 0.0855176096, 0.0735205607, 0.1090247740, 0.0769140864, 2819.0577, 2758.6923, 758.8150, 18.9254
2025-12-03 21:07:53, 0.1273650695, 0.0746653734, 0.1041740342, 0.0812693012, 2832.8519, 2931.3889, 760.5450, 19.0992
2025-12-03 21:07:59, 0.0607529177, 0.0509558245, 0.0650498251, 0.0687429709, 2715.0455, 2831.1136, 761.2950, 17.3959
2025-12-03 21:08:05, 0.0699074623, 0.0782194840, 0.0584033981, 0.0673969609, 2880.6444, 2983.5778, 758.6150, 17.3579
2025-12-03 21:08:11, 0.0645325949, 0.0785504183, 0.0633377584, 0.0885747549, 2629.8136, 2742.1356, 762.3200, 18.1705
2025-12-03 21:08:17, 0.0965667897, 0.0879615799, 0.1164840413, 0.1010024453, 2971.7931, 3009.2414, 760.4000, 18.2836
2025-12-03 21:08:22, 0.0637225020, 0.0698007543, 0.0733234219, 0.0892878262, 2714.1034, 2829.4310, 763.7700, 19.5460
2025-12-03 21:08:28, 0.0764074234, 0.0748908030, 0.0863517003, 0.0884397665, 2601.1556, 2592.8222, 761.1300, 17.6814
2025-12-03 21:08:34, 0.0473483931, 0.0509679746, 0.0718896795, 0.0659482127, 2987.7231, 2983.4308, 761.0800, 18.4251
2025-12-03 21:08:40, 0.0640446891, 0.0555419477, 0.1105206034, 0.1076708320, 2999.9796, 2867.9184, 761.7200, 17.5910
2025-12-03 21:08:45, 0.0530887999, 0.0517543147, 0.0971913829, 0.1016410978, 2955.3556, 2911.4000, 761.8350, 17.7730
2025-12-03 21:08:51, 0.0633999540, 0.0712307312, 0.0793679595, 0.0798598394, 2855.0189, 2958.2830, 763.3650, 19.1526
2025-12-03 21:08:57, 0.0637471488, 0.0553628802, 0.1088480041, 0.0847425617, 3068.9630, 2931.5926, 762.1400, 16.5852
2025-12-03 21:09:03, 0.0524698637, 0.0581638930, 0.1068556201, 0.1105098459, 2908.1579, 2909.0175, 762.0800, 18.7783
2025-12-03 21:09:08, 0.0785893044, 0.0888575076, 0.0931323917, 0.0916779604, 3041.8095, 3046.6667, 762.1450, 18.3146
2025-12-03 21:09:14, 0.0738885892, 0.0833277813, 0.1110459121, 0.1151191678, 2714.6471, 2701.0980, 767.5500, 16.8365
2025-12-03 21:09:20, 0.0897510657, 0.0813439839, 0.1011129089, 0.0888225676, 2690.3333, 2705.6429, 761.9850, 18.2815
2025-12-03 21:09:26, 0.0707209833, 0.0814022791, 0.1381791401, 0.1069398181, 2859.7317, 2965.1463, 768.2300, 17.6385
2025-12-03 21:09:31, 0.0814788416, 0.0808586216, 0.1241640038, 0.1055939434, 2796.4167, 2813.5208, 764.5200, 18.3731
2025-12-03 21:09:37, 0.0854427444, 0.0837918361, 0.1662301084, 0.1234561487, 2823.1429, 2797.0476, 771.9750, 19.4965
2025-12-03 21:09:43, 0.0967213115, 0.0869108007, 0.1370244914, 0.1199100932, 2999.5000, 3047.0000, 773.0750, 21.0342
2025-12-03 21:09:49, 0.0543877533, 0.0516592408, 0.2342520084, 0.1616546608, 2915.8727, 2991.5091, 771.5850, 17.4984
2025-12-03 21:09:54, 0.0716834883, 0.0563519167, 0.0952145523, 0.1001924169, 2694.5909, 2719.8636, 770.5900, 17.8015
2025-12-03 21:10:00, 0.0903225315, 0.0681967785, 0.1628079863, 0.1251800797, 3065.2889, 3034.2667, 769.6450, 17.5211
2025-12-03 21:10:06, 0.0974648425, 0.0895340654, 0.1006861236, 0.0746459149, 2988.8605, 2841.8372, 766.7250, 18.1265
2025-12-03 21:10:12, 0.0634090564, 0.0585228156, 0.1545044344, 0.1214441754, 2899.1167, 2871.0667, 768.3400, 18.9395
2025-12-03 21:10:18, 0.0738244392, 0.0649206192, 0.1106011147, 0.0806135653, 3025.9811, 2861.9623, 771.5000, 18.6572
2025-12-03 21:10:23, 0.0566475169, 0.0560915938, 0.1009360638, 0.0765375584, 3025.1522, 2953.3261, 771.5300, 17.7000
2025-12-03 21:10:29, 0.0856412445, 0.0930716561, 0.1515634732, 0.1543960753, 2746.4655, 2811.7931, 768.0650, 18.5435
2025-12-03 21:10:35, 0.0777063074, 0.0595891622, 0.1703055955, 0.1330709607, 2931.7692, 2934.2308, 766.7550, 15.9516
2025-12-03 21:10:41, 0.0816230799, 0.0599945568, 0.0989687210, 0.1033815021, 3001.9286, 3008.8333, 771.0700, 16.7510
2025-12-03 21:10:46, 0.0988342487, 0.0869979435, 0.1307012565, 0.1496902660, 2904.1136, 3011.5682, 768.5250, 16.7612
2025-12-03 21:10:52, 0.0723887947, 0.0486248714, 0.1367914142, 0.1206854893, 2899.8400, 2912.2200, 771.3500, 18.0529
2025-12-03 21:10:58, 0.0535354340, 0.0616192747, 0.1459434433, 0.1299352986, 3077.8654, 3148.6154, 768.9100, 19.3629
2025-12-03 21:11:04, 0.0599878618, 0.0744168311, 0.1882534321, 0.1417464167, 3067.0426, 2888.8936, 769.2600, 16.9160
2025-12-03 21:11:09, 0.0791997841, 0.0957353758, 0.1830549809, 0.2125755401, 2783.6731, 2921.6154, 770.4100, 17.5878
2025-12-03 21:11:16, 0.0697210302, 0.0789707693, 0.1615922817, 0.1495131517, 2752.5882, 2725.4314, 771.2250, 17.3665
2025-12-03 21:11:21, 0.0880511689, 0.0784756379, 0.1343539692, 0.1427149359, 2769.9535, 2825.4651, 768.2500, 18.2789
2025-12-03 21:11:27, 0.0604240911, 0.0802666772, 0.1277886211, 0.0908923659, 2761.5349, 2797.2791, 768.6850, 18.0714
2025-12-03 21:11:33, 0.0500298929, 0.0584254021, 0.2213101765, 0.2304392226, 3011.0652, 2964.2826, 767.6550, 19.8929
2025-12-03 21:11:39, 0.0715522956, 0.0725117188, 0.1050019876, 0.1209153553, 2539.1837, 2639.9184, 766.9650, 17.7545
2025-12-03 21:11:44, 0.0480457169, 0.0415095111, 0.1507763323, 0.1270567487, 2730.4906, 2794.8113, 767.3750, 18.2873
2025-12-03 21:11:50, 0.0670943578, 0.0657717931, 0.0922911984, 0.1504051390, 2891.5745, 3091.9362, 764.9700, 17.6734
2025-12-03 21:11:56, 0.0573315254, 0.0627736048, 0.1278112481, 0.1163894080, 3065.2830, 3075.8491, 767.4700, 18.0000
2025-12-03 21:12:02, 0.0594159394, 0.0601204375, 0.1291144154, 0.0946918385, 2870.0333, 2803.5167, 767.4200, 18.0168
2025-12-03 21:12:08, 0.1013962653, 0.0666738743, 0.1042172870, 0.0859296204, 2891.5893, 2799.5000, 768.2300, 17.5564
2025-12-03 21:12:13, 0.0752601766, 0.0692546400, 0.0938513562, 0.0837592833, 2787.3725, 2844.0196, 769.3450, 18.1804
2025-12-03 21:12:19, 0.0901386617, 0.0733403298, 0.0862014647, 0.0851497463, 2939.3958, 2932.2500, 763.6750, 19.2989
2025-12-03 21:12:25, 0.0608109009, 0.0565117590, 0.0694490515, 0.0763516616, 2791.7838, 2759.5405, 765.0200, 19.0289
2025-12-03 21:12:31, 0.0578150959, 0.0417672046, 0.0676018662, 0.0656735688, 2708.6731, 2682.3462, 765.5250, 18.3436
2025-12-03 21:12:37, 0.0880837243, 0.0818943320, 0.0814939164, 0.0941138974, 3064.3509, 3056.0175, 767.1150, 18.0370
2025-12-03 21:12:43, 0.0803028128, 0.0678859321, 0.0739879070, 0.0796320811, 2867.3182, 2865.7727, 763.7600, 17.6347
2025-12-03 21:12:48, 0.0761010578, 0.0760783138, 0.1343812763, 0.1111366178, 2849.4222, 2921.4889, 765.2050, 18.8163
2025-12-03 21:12:54, 0.0571504228, 0.0738068965, 0.0994582760, 0.1150790821, 2815.6889, 2776.2000, 765.5500, 18.8167
2025-12-03 21:13:00, 0.0465979435, 0.0535207838, 0.1102626655, 0.1132186360, 3135.8846, 2944.3077, 761.3500, 19.5381
2025-12-03 21:13:06, 0.0452245552, 0.0336300471, 0.0960439510, 0.0656838230, 2967.9556, 2926.9778, 762.5750, 18.1776
2025-12-03 21:13:12, 0.0475864431, 0.0357539291, 0.0962477147, 0.1007188902, 2655.8000, 2607.7273, 762.4000, 16.5765
2025-12-03 21:13:19, 0.0560979376, 0.0468301549, 0.0527914089, 0.0567694632, 2719.8113, 2763.0755, 764.8950, 17.6038
2025-12-03 21:13:25, 0.0682833297, 0.0596325848, 0.1524998125, 0.1556130597, 2735.9000, 2793.1833, 764.0200, 17.6601
2025-12-03 21:13:30, 0.0719401785, 0.0497439209, 0.0967487259, 0.0875446741, 2974.7750, 3003.4000, 764.5300, 16.4429
2025-12-03 21:13:36, 0.0619773782, 0.0563478619, 0.1362435793, 0.0943380053, 2742.6429, 2696.9464, 763.4400, 18.1134
2025-12-03 21:13:42, 0.0738327307, 0.0582955770, 0.1128631085, 0.1495514835, 3015.8837, 3037.5349, 765.2150, 18.4743
2025-12-03 21:13:48, 0.0561849992, 0.0590542730, 0.1120280540, 0.0882132249, 2852.7083, 2788.7917, 764.7150, 17.6336
2025-12-03 21:13:54, 0.0668172950, 0.0591610789, 0.1071944062, 0.0882294958, 2838.1250, 2849.2000, 764.4800, 19.2367
2025-12-03 21:13:59, 0.1126859987, 0.0985234686, 0.0921580702, 0.0831946627, 2692.7500, 2701.9500, 763.9700, 19.4589
2025-12-03 21:14:05, 0.0792410463, 0.0843794006, 0.1561283631, 0.1403463412, 3026.7059, 3062.3922, 765.5250, 19.1468
2025-12-03 21:14:11, 0.0835356847, 0.0782698430, 0.0993776427, 0.1017653322, 2637.8163, 2667.6327, 767.9100, 18.9582
2025-12-03 21:14:17, 0.0909825096, 0.0938424886, 0.1113210000, 0.1267719876, 2916.9057, 2987.6604, 767.7950, 19.8432
2025-12-03 21:14:23, 0.1222962215, 0.0636031679, 0.0851214404, 0.0639493836, 2800.3750, 2889.1562, 768.2250, 19.3797
2025-12-03 21:14:28, 0.0720788664, 0.0550601987, 0.1110454972, 0.0945916401, 2903.5800, 2877.7000, 767.1350, 20.4574
2025-12-03 21:14:34, 0.1061029817, 0.0861036193, 0.0662848420, 0.0676765341, 2895.6222, 2813.0222, 765.0950, 20.1031
2025-12-03 21:14:40, 0.0698185658, 0.0637924811, 0.1168214757, 0.0799641349, 2923.6600, 2784.0600, 767.5050, 21.5323
2025-12-03 21:14:46, 0.0787532248, 0.0584252016, 0.0793155070, 0.1013900956, 2767.7963, 2882.1296, 765.6550, 20.1583
2025-12-03 21:14:52, 0.0565793874, 0.0584780553, 0.1505899908, 0.1846075689, 2849.3556, 2886.9778, 769.2200, 19.0392
2025-12-03 21:14:57, 0.0540590338, 0.0574360154, 0.1646846945, 0.1875912345, 3111.8085, 3151.2340, 769.2900, 19.8561
2025-12-03 21:15:03, 0.0566905177, 0.0517406667, 0.0833335244, 0.0984404424, 2663.1304, 2638.4348, 767.9550, 19.1173
2025-12-03 21:15:09, 0.0603178579, 0.0482696259, 0.1616349151, 0.1385921685, 2926.0000, 2840.8936, 768.7850, 19.5489
2025-12-03 21:15:14, 0.0669732274, 0.0724338625, 0.1082244203, 0.0802144257, 3127.0189, 3082.1132, 767.5200, 19.0567
2025-12-03 21:15:20, 0.1232559991, 0.0988093689, 0.1404161195, 0.1229470315, 3237.8500, 3125.7500, 766.4650, 20.0923
2025-12-03 21:15:26, 0.0482798445, 0.0325295663, 0.1064838459, 0.0910676865, 2645.2041, 2610.0408, 770.8750, 18.1207
2025-12-03 21:15:32, 0.0849424824, 0.0942047552, 0.1564076897, 0.0988666157, 2735.9318, 2809.9091, 766.7300, 18.0074
2025-12-03 21:15:38, 0.0705006068, 0.0588237765, 0.1265047189, 0.1199671681, 2889.7692, 2849.0385, 768.7700, 19.4200
2025-12-03 21:15:43, 0.0801119029, 0.0801774344, 0.1696687501, 0.1459887878, 2800.6800, 2698.0400, 765.7250, 20.3777
2025-12-03 21:15:49, 0.1093808264, 0.0651613221, 0.1320891774, 0.1278614242, 2877.6596, 2916.1064, 766.7450, 18.0308
2025-12-03 21:15:55, 0.0934606669, 0.0989180428, 0.1800045075, 0.1257946746, 2828.3636, 2789.2955, 766.9650, 18.4666
2025-12-03 21:16:01, 0.0933281773, 0.1033104753, 0.1598406273, 0.1260078121, 2884.3333, 2850.8125, 764.7850, 17.3807
2025-12-03 21:16:06, 0.1022353138, 0.0756320563, 0.1666850326, 0.1542703332, 2537.2200, 2753.9200, 768.0150, 18.8214
2025-12-03 21:16:12, 0.1082204639, 0.1059790718, 0.0975379243, 0.0877074245, 2638.6222, 2644.1556, 765.7850, 18.3706
2025-12-03 21:16:18, 0.0777246363, 0.0724075258, 0.1131131553, 0.0958972485, 2831.4773, 2767.7955, 766.1050, 17.7681
2025-12-03 21:16:24, 0.0657254334, 0.0634927431, 0.1363436772, 0.1375596212, 2517.3488, 2607.8837, 766.4700, 16.0720
2025-12-03 21:16:29, 0.0836202198, 0.0842552857, 0.1823766067, 0.1588264323, 2796.4600, 2785.8400, 767.5600, 17.3351
2025-12-03 21:16:35, 0.1022491151, 0.0998949988, 0.1442650246, 0.0902976310, 2920.0600, 2906.1400, 766.6300, 16.8120
2025-12-03 21:16:41, 0.0793856872, 0.0621009542, 0.1363680106, 0.1714415942, 2767.3778, 2762.0000, 765.7050, 18.2967
2025-12-03 21:16:46, 0.0757346302, 0.0671993849, 0.1297870916, 0.1310131443, 2808.6727, 2763.8909, 765.9900, 18.0629
2025-12-03 21:16:52, 0.0581815783, 0.0659272623, 0.2411913039, 0.2143209033, 2762.9362, 2845.8511, 765.7400, 18.6677
2025-12-03 21:16:58, 0.0769094929, 0.0680725864, 0.1493315531, 0.1764107254, 2695.1786, 2844.3393, 767.8000, 17.1843
2025-12-03 21:17:04, 0.0784795291, 0.0788440164, 0.1992340332, 0.1418372359, 3086.3333, 3009.6667, 766.4450, 19.0832
2025-12-03 21:17:10, 0.0743066251, 0.0724653406, 0.1191346548, 0.1099698268, 3027.4839, 2955.2742, 767.1350, 18.6265
2025-12-03 21:17:15, 0.0793403154, 0.0511151550, 0.1194923953, 0.0931516604, 3016.0741, 2852.6852, 765.4650, 16.7967
2025-12-03 21:17:21, 0.0757105071, 0.0640160199, 0.1420126505, 0.0967561048, 2760.4423, 2722.9231, 767.9850, 17.4277
2025-12-03 21:17:27, 0.0652248625, 0.0753716222, 0.0939987828, 0.1018800967, 2899.5517, 2899.1897, 764.3250, 18.1251
2025-12-03 21:17:33, 0.0483205083, 0.0514886593, 0.1197408453, 0.1173446774, 2582.8889, 2521.9333, 765.2700, 17.6073
2025-12-03 21:17:39, 0.0706783709, 0.0671599613, 0.0960345023, 0.0632794444, 3041.0588, 3114.7843, 766.0950, 17.8820
2025-12-03 21:17:44, 0.0573601784, 0.0789186499, 0.0717584132, 0.0756804597, 2750.7442, 2784.0000, 764.6550, 16.1185
2025-12-03 21:17:50, 0.0834116785, 0.0610430517, 0.1194213118, 0.0971522134, 2699.5490, 2659.4706, 765.7400, 16.5515
2025-12-03 21:17:56, 0.1012487639, 0.0991456345, 0.1006715944, 0.1058012200, 3113.5745, 3018.8723, 765.4750, 18.1565
2025-12-03 21:18:02, 0.0815510355, 0.0828491053, 0.0942719908, 0.0810526260, 2719.4375, 2778.6667, 766.7050, 19.0031
2025-12-03 21:18:08, 0.0659569309, 0.0685479027, 0.0759050182, 0.0701720438, 3021.4130, 2923.4348, 767.4600, 16.6481
2025-12-03 21:18:13, 0.0596770723, 0.0602700319, 0.0914723254, 0.0692596591, 2828.0612, 2812.4286, 766.7800, 18.2275
2025-12-03 21:18:19, 0.1174656679, 0.0749816653, 0.0699174432, 0.0842241670, 3030.2075, 3070.4906, 768.7500, 18.1375
2025-12-03 21:18:25, 0.1009843139, 0.1038339348, 0.0784585524, 0.1138125131, 2669.0175, 2751.2281, 765.9200, 19.3327
2025-12-03 21:18:31, 0.0881858555, 0.0819230193, 0.0829986115, 0.0707056262, 2812.9250, 2774.0250, 768.1950, 16.2178
2025-12-03 21:18:37, 0.0794260726, 0.0510309181, 0.0672554577, 0.0539658126, 2770.0833, 2832.8750, 766.5700, 18.0943
2025-12-03 21:18:42, 0.0746600021, 0.0803974023, 0.0914308685, 0.0796103105, 3144.3443, 3081.3443, 767.5800, 18.6865
2025-12-03 21:18:48, 0.0686539903, 0.0808444247, 0.0702399983, 0.0596267578, 2898.6038, 2810.8113, 767.4650, 18.7805
2025-12-03 21:18:54, 0.0703510050, 0.0655875358, 0.0963434776, 0.1074684408, 2946.5769, 3153.7885, 766.9650, 19.1176
2025-12-03 21:19:00, 0.0573173282, 0.0548096228, 0.1088466087, 0.0966119098, 3027.6364, 2975.9091, 766.1850, 19.3083
2025-12-03 21:19:05, 0.0517002678, 0.0428587057, 0.0618003635, 0.0732021195, 2822.7400, 2735.6000, 761.1900, 18.8810
2025-12-03 21:19:11, 0.0401609129, 0.0379602535, 0.0999483131, 0.0723370479, 2604.7692, 2545.3462, 761.0750, 19.6921
2025-12-03 21:19:17, 0.0546015159, 0.0628596324, 0.1060444098, 0.0847926950, 3055.3654, 3017.0000, 763.2300, 15.2930
2025-12-03 21:19:22, 0.0657733375, 0.0425827915, 0.1081485432, 0.0706100717, 2972.6327, 2786.7959, 770.2100, 21.9293
2025-12-03 21:19:28, 0.0626049411, 0.0762277653, 0.0975785376, 0.0809698998, 2936.5918, 2904.9796, 758.9700, 19.1606
2025-12-03 21:19:34, 0.0520417631, 0.0511625549, 0.1130222574, 0.0984819410, 3188.9828, 3005.2586, 762.1700, 18.9043
2025-12-03 21:19:40, 0.0539020386, 0.0555929255, 0.0806774461, 0.0992711822, 2795.2000, 2725.2000, 765.9300, 16.5652
2025-12-03 21:19:46, 0.0646206498, 0.0697313155, 0.1039811129, 0.1120879036, 2697.8704, 2711.1667, 762.0100, 17.7609
2025-12-03 21:19:51, 0.0657512959, 0.0556584260, 0.0497647687, 0.0542266688, 2545.3659, 2701.5366, 762.3650, 17.8777
2025-12-03 21:19:57, 0.0740311417, 0.0916786342, 0.0712133864, 0.0808254586, 2415.6905, 2431.0238, 760.6550, 17.2246
2025-12-03 21:20:03, 0.0835158234, 0.0847525063, 0.0873404930, 0.1029759175, 2818.8036, 2893.1964, 761.1400, 17.8065
2025-12-03 21:20:09, 0.0806616074, 0.0636753083, 0.1196765899, 0.1722443190, 2847.5000, 2944.1667, 764.6800, 20.9274
2025-12-03 21:20:14, 0.0505402667, 0.0524492854, 0.0878930896, 0.0909026904, 2837.8571, 2754.5893, 764.0900, 18.3981
2025-12-03 21:20:20, 0.0596809160, 0.0513139967, 0.0822959055, 0.0735819892, 2850.0536, 2813.0357, 760.5750, 17.9012
2025-12-03 21:20:26, 0.0489614363, 0.0476060618, 0.0743740482, 0.0880705064, 3061.5147, 2969.7941, 765.6250, 17.8853
2025-12-03 21:20:32, 0.0877505193, 0.0640341999, 0.0636395542, 0.0458014618, 2865.0227, 2932.2727, 765.7000, 19.1131
2025-12-03 21:20:37, 0.0505671052, 0.0533415618, 0.1146323371, 0.0840160555, 2675.9388, 2598.4898, 768.3150, 20.5257
2025-12-03 21:20:43, 0.0550058894, 0.0375375487, 0.0982449349, 0.0851416104, 2740.2034, 2695.1695, 769.1650, 18.4794
2025-12-03 21:20:49, 0.0679756151, 0.0674696992, 0.1112372691, 0.0849906482, 2774.7200, 2754.4600, 767.2500, 18.3934
2025-12-03 21:20:55, 0.0652266934, 0.0590392678, 0.0827770655, 0.0673385747, 2957.2264, 3044.0566, 768.9600, 18.7792
2025-12-03 21:21:00, 0.0527861950, 0.0474995598, 0.0876857380, 0.0778672706, 2661.6269, 2687.7612, 770.4850, 17.7110
2025-12-03 21:21:06, 0.0407327410, 0.0510152480, 0.0793858684, 0.0918980584, 2811.8974, 2868.8718, 767.9400, 18.5568
2025-12-03 21:21:12, 0.0334320728, 0.0306692253, 0.1125262654, 0.1093071399, 2819.0545, 2839.3091, 770.5900, 19.8671
2025-12-03 21:21:18, 0.0620526147, 0.0552359329, 0.0805312275, 0.0923057272, 3003.2281, 2961.5439, 770.1550, 20.2206
2025-12-03 21:21:24, 0.0544603998, 0.0533818610, 0.0744582447, 0.0856668983, 2769.3036, 2915.4464, 769.1200, 21.5478
2025-12-03 21:21:29, 0.0679892712, 0.0590602510, 0.0829496313, 0.0804837488, 2876.5000, 2831.8269, 771.5950, 20.5390
2025-12-03 21:21:35, 0.0640041266, 0.0577724960, 0.1273506697, 0.0959811738, 2774.1538, 2831.2115, 768.6000, 18.5779
2025-12-03 21:21:41, 0.0544696423, 0.0438127925, 0.0535162268, 0.0689426043, 2787.9831, 2749.1356, 772.1600, 19.7844
2025-12-03 21:21:47, 0.0639820366, 0.0615418163, 0.1310796105, 0.1058152845, 2733.2075, 2645.9811, 768.5800, 20.6088
2025-12-03 21:21:52, 0.0656452945, 0.0545083751, 0.0827940249, 0.0485823848, 2832.6458, 2782.8125, 766.2850, 19.1879
2025-12-03 21:21:58, 0.0946863365, 0.0857997871, 0.0929566413, 0.0648742538, 2840.1224, 2891.6939, 766.9950, 19.7037
2025-12-03 21:22:04, 0.0648794606, 0.0574125960, 0.0878894220, 0.0787083290, 2819.8367, 2773.4898, 764.6300, 20.1518
2025-12-03 21:22:10, 0.0851077616, 0.0925458339, 0.0888305160, 0.0871021950, 2978.1186, 2977.7119, 771.2850, 20.8611
2025-12-03 21:22:15, 0.0525031787, 0.0551077778, 0.1121764654, 0.1091094254, 2907.1017, 2953.3220, 771.3700, 20.1294
2025-12-03 21:22:21, 0.0734282328, 0.0736396307, 0.1213788398, 0.1200068633, 2890.8367, 3026.6327, 766.7900, 20.3707
2025-12-03 21:22:27, 0.0802247944, 0.0786070189, 0.0926819784, 0.0930347373, 3007.6176, 3110.5882, 772.4100, 21.8005
2025-12-03 21:22:33, 0.0668035453, 0.0627870749, 0.1274241695, 0.1116801027, 2724.1455, 2721.9636, 767.7350, 21.8430
2025-12-03 21:22:38, 0.0713598028, 0.0561323531, 0.1605667950, 0.1409645699, 2762.6111, 2747.9815, 767.3600, 21.2193
2025-12-03 21:22:44, 0.1096645449, 0.0723025029, 0.0793107645, 0.0966271017, 2529.1591, 2713.8864, 767.2300, 21.4445
2025-12-03 21:22:51, 0.0823420542, 0.0730526928, 0.0606531567, 0.0708529244, 2820.3871, 2836.3226, 768.1450, 21.3092
2025-12-03 21:22:57, 0.1185404012, 0.0633037981, 0.1255230363, 0.0953453434, 3025.2955, 2941.4318, 765.1850, 22.2500
2025-12-03 21:23:02, 0.0863322328, 0.0659865579, 0.0644573326, 0.0601596401, 2779.7833, 2767.6833, 769.5900, 20.8149
2025-12-03 21:23:08, 0.0599075483, 0.0539349279, 0.0669287200, 0.0999973770, 2787.6327, 2907.5918, 768.2300, 20.6973
2025-12-03 21:23:14, 0.0504586253, 0.0474796336, 0.0794143210, 0.0680614664, 3135.7818, 2964.8545, 768.8050, 21.9180
2025-12-03 21:23:19, 0.0555770630, 0.0432192244, 0.0599324164, 0.0716937949, 2833.7581, 2832.3871, 765.9700, 21.1726
2025-12-03 21:23:25, 0.0425467398, 0.0406084932, 0.0790295370, 0.0636381866, 2812.9219, 2747.7812, 767.3550, 21.3218
2025-12-03 21:23:31, 0.0544962199, 0.0554167965, 0.1004076583, 0.0913596344, 2816.2500, 2912.2679, 766.5250, 22.5495
2025-12-03 21:23:36, 0.0805086859, 0.0712876914, 0.0631727269, 0.0872166817, 2723.4333, 2827.9833, 767.6050, 21.6351
2025-12-03 21:23:42, 0.0741715986, 0.0621755255, 0.0599214254, 0.0787004692, 2666.4717, 2711.4340, 766.6000, 22.3522
2025-12-03 21:23:48, 0.0692500468, 0.0638208346, 0.0750504165, 0.1016203563, 2984.2400, 3058.7200, 765.3650, 19.8104
2025-12-03 21:23:54, 0.0559122028, 0.0529397813, 0.0638958677, 0.0552144733, 2958.0182, 2883.4364, 768.4900, 19.0355
2025-12-03 21:24:00, 0.0522173888, 0.0490517251, 0.0921527578, 0.0919310779, 2973.0784, 3049.0196, 762.1200, 18.7170
2025-12-03 21:24:06, 0.0653797938, 0.0636511344, 0.0691199727, 0.0779220665, 3049.6154, 3006.1731, 763.0650, 18.4212
2025-12-03 21:24:11, 0.0690185451, 0.0701758335, 0.0674986768, 0.0708920010, 2763.6458, 2719.9167, 765.1800, 20.3024
2025-12-03 21:24:17, 0.0724963765, 0.0727698428, 0.0925545763, 0.0841933685, 2905.1228, 2767.1404, 760.6700, 19.8792
2025-12-03 21:24:23, 0.0571450602, 0.0575317500, 0.0541817689, 0.0677253477, 2945.0741, 2940.6111, 761.5000, 19.3210
2025-12-03 21:24:28, 0.0606472759, 0.0533078481, 0.0657610099, 0.0563981704, 3023.9322, 2910.0339, 761.1500, 18.5283
2025-12-03 21:24:34, 0.0881002302, 0.0695810185, 0.0559563702, 0.0663975073, 2880.4615, 2968.9231, 762.5850, 19.1171
2025-12-03 21:24:40, 0.0453747406, 0.0509835796, 0.0607444893, 0.0566413538, 2966.5800, 2910.7800, 764.3350, 21.4225
2025-12-03 21:24:46, 0.0610027002, 0.0651279397, 0.0669196531, 0.0622542542, 2750.8305, 2650.9661, 765.1100, 18.4558
2025-12-03 21:24:52, 0.0568717075, 0.0537528252, 0.0855940030, 0.0547119449, 2912.9783, 2994.6087, 762.6500, 19.1475
2025-12-03 21:24:58, 0.0709663178, 0.0678671393, 0.1058905851, 0.1000025314, 2840.1000, 2827.7000, 767.3050, 17.0594
2025-12-03 21:25:03, 0.0698106562, 0.0837391797, 0.0990351241, 0.1005770041, 2826.0435, 2978.6522, 766.9050, 18.8864
2025-12-03 21:25:09, 0.1010470580, 0.0869599670, 0.0831147567, 0.0712227198, 3028.7647, 2996.0441, 765.2000, 19.8131
2025-12-03 21:25:15, 0.0648433067, 0.0582048137, 0.1080678473, 0.0947084603, 2717.1915, 2794.6383, 765.9600, 17.6485
2025-12-03 21:25:21, 0.0815845562, 0.0863356395, 0.0877899346, 0.0650040696, 2865.1034, 2883.3103, 767.0400, 19.9719
2025-12-03 21:25:26, 0.0849318090, 0.0978532367, 0.0771523631, 0.0963442295, 2973.2885, 2999.5385, 759.2150, 18.5609
2025-12-03 21:25:32, 0.0874531258, 0.0809158058, 0.0734649259, 0.0501014769, 2907.4250, 2870.5250, 758.5750, 19.6816
2025-12-03 21:25:38, 0.0673052924, 0.0559590442, 0.0719299725, 0.0515661663, 2849.9245, 2919.0943, 761.6850, 18.1941
2025-12-03 21:25:44, 0.0673522924, 0.0544409636, 0.0806534332, 0.0668793300, 2600.1277, 2565.3191, 760.4200, 18.7479
2025-12-03 21:25:49, 0.0924804852, 0.0671732512, 0.1031750100, 0.0745535057, 2946.0732, 2883.7561, 756.8100, 20.2305
2025-12-03 21:25:55, 0.0756322855, 0.0590533282, 0.0943551218, 0.1062740385, 2795.9762, 2830.8095, 757.4400, 18.8973
2025-12-03 21:26:01, 0.0800694760, 0.0727825144, 0.0702949499, 0.0734385716, 2866.3750, 2902.0250, 763.0150, 17.3339
2025-12-03 21:26:07, 0.1053514051, 0.0875996593, 0.0627760337, 0.0557309476, 3117.3200, 3121.2800, 762.5800, 18.3462
2025-12-03 21:26:13, 0.1257980113, 0.1134344960, 0.0583987636, 0.0654119632, 2716.6667, 2758.2083, 762.3550, 16.9044
2025-12-03 21:26:19, 0.0888104427, 0.0726919370, 0.0725498719, 0.0855924449, 2650.3396, 2748.6981, 761.3900, 17.7200
2025-12-03 21:26:24, 0.0823295057, 0.0756052339, 0.0766699895, 0.0597441802, 2962.4490, 2986.0204, 762.0800, 19.3477
2025-12-03 21:26:30, 0.0902193458, 0.0621767123, 0.1098704842, 0.0899642418, 2891.0000, 2790.5405, 764.0150, 17.9135
2025-12-03 21:26:36, 0.0873573884, 0.0775447013, 0.0968398797, 0.0558969033, 2783.0426, 2832.5532, 762.2650, 19.8591
2025-12-03 21:26:41, 0.0721333014, 0.0756212663, 0.0499147926, 0.0720775325, 2781.2830, 2792.6038, 762.5650, 18.0506
2025-12-03 21:26:47, 0.0694243701, 0.0632117604, 0.0751869009, 0.1028108550, 2761.9767, 2899.0233, 759.0900, 18.4456
2025-12-03 21:26:53, 0.1092729274, 0.1005365981, 0.0735569243, 0.0631100215, 3128.3621, 3075.0517, 757.6950, 18.7910
2025-12-03 21:26:58, 0.1260914875, 0.0989631315, 0.0769517456, 0.0633333041, 2954.5273, 2973.9273, 763.9850, 18.7397
2025-12-03 21:27:04, 0.0927783162, 0.0839168479, 0.0753788442, 0.0785778763, 2913.7833, 2939.3000, 766.0650, 17.9369
2025-12-03 21:27:10, 0.0647824383, 0.0731949108, 0.0445820293, 0.0648542855, 2874.8462, 2962.2500, 763.3100, 17.7796
2025-12-03 21:27:16, 0.0796811244, 0.0770307398, 0.0663329076, 0.0666846718, 2936.2889, 2871.8444, 765.9350, 18.7019
2025-12-03 21:27:22, 0.0990485367, 0.0775499326, 0.0849142174, 0.0845402626, 2971.8889, 2974.1746, 761.8650, 20.7011
2025-12-03 21:27:27, 0.1001236675, 0.0845726523, 0.0925519400, 0.0941352903, 2815.7018, 2785.8947, 764.3050, 18.0364
2025-12-03 21:27:33, 0.1041101058, 0.0635324535, 0.0821962040, 0.1031920792, 2857.3333, 2947.4792, 764.3800, 19.5117
2025-12-03 21:27:39, 0.0798420099, 0.0580665429, 0.0925007018, 0.0863633132, 2970.4762, 2932.2619, 763.3350, 18.9225
2025-12-03 21:27:45, 0.0866848990, 0.0871874749, 0.0616875868, 0.0595029179, 2935.2909, 2988.0545, 759.7150, 19.0770
2025-12-03 21:27:51, 0.0989140868, 0.0619882497, 0.1826540377, 0.1418954153, 2902.1026, 2815.9231, 763.3750, 18.4687
2025-12-03 21:27:56, 0.0855256624, 0.0922877125, 0.0754602154, 0.0711963532, 2649.8704, 2648.0556, 761.3800, 17.7095
2025-12-03 21:28:02, 0.1272353712, 0.0968541372, 0.0753991278, 0.0536009106, 3043.8571, 3048.8776, 762.5050, 18.6416
2025-12-03 21:28:08, 0.0855142090, 0.1117927378, 0.0649008578, 0.0766444006, 2907.0750, 2889.3500, 764.4400, 19.7052
2025-12-03 21:28:14, 0.1219244601, 0.0810126008, 0.0893361222, 0.0779336880, 2849.7869, 2843.2623, 761.8100, 19.1798
2025-12-03 21:28:19, 0.1099462289, 0.0887430288, 0.0797820354, 0.0682340046, 2698.8333, 2691.7619, 761.8600, 20.0681
2025-12-03 21:28:25, 0.0990561355, 0.0803565013, 0.0574468703, 0.0630831047, 2892.7619, 2990.2381, 766.4350, 18.6152
2025-12-03 21:28:31, 0.0654343330, 0.0623238585, 0.0842632353, 0.0727906954, 2647.0500, 2739.2167, 767.5000, 18.2595
2025-12-03 21:28:36, 0.0920231174, 0.0911631180, 0.1060917741, 0.0794542736, 2902.7083, 2970.8333, 766.2300, 18.9372
2025-12-03 21:28:42, 0.0911872245, 0.0740756067, 0.0948553422, 0.0816120342, 2791.3000, 2717.0000, 765.5200, 16.6595
2025-12-03 21:28:48, 0.0733128084, 0.0828973911, 0.0747580616, 0.0726828443, 3045.9487, 2984.1282, 768.7950, 16.4931
2025-12-03 21:28:54, 0.1174797923, 0.1248704221, 0.1115109709, 0.1282568294, 2994.9167, 2880.9792, 763.9150, 18.2329
2025-12-03 21:29:00, 0.0895566325, 0.0930338827, 0.1252470699, 0.0976042154, 3057.3333, 2989.1500, 767.3050, 17.5340
2025-12-03 21:29:05, 0.0876273332, 0.0939260670, 0.0879029516, 0.0703108663, 3127.8909, 3094.4909, 767.3050, 18.6998
2025-12-03 21:29:11, 0.1152440675, 0.0808584646, 0.0802945711, 0.0668560856, 2898.9412, 2799.1569, 767.8350, 19.1744
2025-12-03 21:29:17, 0.0793251342, 0.0668169850, 0.0708679698, 0.0776876741, 2982.1154, 2870.5962, 768.6100, 18.8957
2025-12-03 21:29:23, 0.0833171089, 0.0635641007, 0.0870990223, 0.0689882414, 2879.2281, 2881.1930, 766.8500, 18.0138
2025-12-03 21:29:29, 0.0713688594, 0.0705168441, 0.0721367328, 0.0772638829, 2863.2857, 2853.5000, 765.8650, 17.2316
2025-12-03 21:29:34, 0.0859228714, 0.0903821927, 0.0896621694, 0.0771610953, 2850.2308, 2817.3846, 767.5250, 18.1353
2025-12-03 21:29:40, 0.0693303313, 0.0623702665, 0.0741825718, 0.0722430870, 2803.5000, 2654.3800, 765.7950, 17.9062
2025-12-03 21:29:46, 0.0452243760, 0.0467944097, 0.0645077624, 0.0802943756, 2719.5161, 2726.5161, 764.7700, 19.1352
2025-12-03 21:29:52, 0.0806576813, 0.0820561913, 0.0889790525, 0.0776434111, 2961.4706, 2842.0588, 761.4000, 16.8754
2025-12-03 21:29:57, 0.0508026130, 0.0575824316, 0.0794267569, 0.0647018945, 2911.1525, 2861.0169, 766.3600, 17.1470
2025-12-03 21:30:03, 0.0726907969, 0.0385566677, 0.0641390095, 0.0614602051, 2729.7846, 2716.2769, 765.5500, 19.0428
2025-12-03 21:30:09, 0.0563983730, 0.0541311124, 0.0730596982, 0.0585881850, 2842.9375, 2713.9167, 767.9300, 18.5988
2025-12-03 21:30:15, 0.0631378657, 0.0602409199, 0.0800618204, 0.0527733706, 2942.2400, 2844.4800, 765.5000, 18.7008
2025-12-03 21:30:21, 0.0743798723, 0.0548399236, 0.1450504464, 0.1450380516, 3007.1930, 2997.4211, 765.4500, 18.3608
2025-12-03 21:30:27, 0.0456735864, 0.0458273679, 0.0796221892, 0.0999153224, 3008.6154, 2991.5231, 765.9100, 17.4336
2025-12-03 21:30:32, 0.0725628472, 0.0576310363, 0.0866100083, 0.0921023779, 2785.9796, 2854.0612, 763.1400, 19.1220
2025-12-03 21:30:38, 0.0569358977, 0.0459251092, 0.0942186762, 0.0770673240, 2704.8393, 2783.0714, 763.3050, 19.6108
2025-12-03 21:30:44, 0.0687488327, 0.0692845326, 0.1045190309, 0.0889532817, 3064.1698, 2972.6981, 763.3450, 17.7222
2025-12-03 21:30:49, 0.0926105628, 0.0660788299, 0.0646295459, 0.0489158118, 2963.5455, 2819.1091, 763.9500, 18.4688
2025-12-03 21:30:56, 0.0845821906, 0.0635392046, 0.0648137684, 0.0527605187, 2733.2703, 2743.4054, 762.6400, 19.9409
2025-12-03 21:31:01, 0.0598470312, 0.0516732325, 0.0743420399, 0.1008017524, 2805.7544, 2819.9298, 763.0250, 18.0943
2025-12-03 21:31:07, 0.0706052132, 0.0744295270, 0.0855591576, 0.0855554842, 2966.0400, 3016.3200, 764.7950, 18.2275
2025-12-03 21:31:13, 0.0585735519, 0.0681647420, 0.0637625069, 0.0754689088, 2729.8868, 2677.5094, 763.0400, 17.6459
2025-12-03 21:31:19, 0.0473098589, 0.0539006138, 0.0785633044, 0.1034861270, 2894.6769, 2966.9538, 761.9500, 18.0596
2025-12-03 21:31:24, 0.0902802202, 0.0922424753, 0.0479619444, 0.0506592057, 2688.5000, 2741.4615, 760.9100, 17.9558
2025-12-03 21:31:31, 0.0982843708, 0.0842815382, 0.0568572810, 0.0471805945, 2936.6512, 2917.9302, 761.0650, 18.6984
2025-12-03 21:31:36, 0.0506048975, 0.0620561534, 0.0548589721, 0.0615061033, 2867.0000, 2840.5690, 760.5150, 18.1364
2025-12-03 21:31:42, 0.0900526443, 0.0636655890, 0.0630128949, 0.0544832809, 2868.0000, 2777.2037, 761.3300, 17.5835
2025-12-03 21:31:48, 0.1016322537, 0.0878353209, 0.0726199088, 0.0825236183, 2801.9000, 2713.9167, 760.8550, 18.8956
2025-12-03 21:31:54, 0.1089313098, 0.0803203782, 0.0626464615, 0.0413871268, 2950.8148, 3002.6667, 759.5050, 17.9519
2025-12-03 21:31:59, 0.1067407724, 0.1019230393, 0.0629830796, 0.0593534996, 2973.7925, 2918.8113, 761.0950, 16.8798
2025-12-03 21:32:05, 0.1308631248, 0.0977691786, 0.0567948774, 0.0613968665, 2827.4000, 2826.3333, 759.0100, 17.4708
2025-12-03 21:32:11, 0.1066362203, 0.0869185323, 0.0986775029, 0.0863377188, 2743.8571, 2660.4694, 759.4300, 17.7920
2025-12-03 21:32:17, 0.0642310127, 0.0680517954, 0.1128717401, 0.0791811918, 3064.1636, 2941.5091, 759.7950, 18.4416
2025-12-03 21:32:23, 0.0988836393, 0.0714160349, 0.0606215910, 0.0489492140, 2982.5854, 2935.2683, 760.7850, 16.9230
2025-12-03 21:32:29, 0.0772707910, 0.0552292115, 0.0472767063, 0.0373580121, 2784.0000, 2680.4359, 759.9850, 17.9381
2025-12-03 21:32:34, 0.0419928651, 0.0592748549, 0.0611695536, 0.0603951076, 2795.6964, 2590.7679, 758.9400, 17.9771
2025-12-03 21:32:40, 0.0697429027, 0.0570707053, 0.0696589317, 0.0702353577, 2903.1270, 2963.7778, 759.9300, 18.0398
2025-12-03 21:32:46, 0.0829938769, 0.0792244615, 0.0497885461, 0.0597863335, 2837.0980, 2679.2941, 759.4950, 19.2549
2025-12-03 21:32:51, 0.0613241330, 0.0492367028, 0.0665476024, 0.0583787989, 3015.9143, 2831.8571, 759.5150, 18.0061
2025-12-03 21:32:57, 0.0668320764, 0.0603528611, 0.0869371062, 0.0872405701, 2850.0566, 2683.7736, 760.8350, 16.7755
2025-12-03 21:33:03, 0.0958943072, 0.0794809269, 0.0697704676, 0.0639021903, 3099.3889, 3174.5185, 758.9900, 17.0807
2025-12-03 21:33:09, 0.0918351993, 0.0806811505, 0.0585519658, 0.0639150549, 2813.2264, 2837.2830, 759.2400, 18.0874
2025-12-03 21:33:15, 0.0971549081, 0.0638166150, 0.0534111486, 0.0872872742, 2993.2400, 3110.5000, 758.6700, 18.3532
2025-12-03 21:33:21, 0.0950491698, 0.0858084852, 0.0618888301, 0.0514109980, 2574.6739, 2648.4565, 758.2100, 17.6101
2025-12-03 21:33:27, 0.0585806783, 0.0628234752, 0.0675868095, 0.0572901173, 2886.9516, 2775.6613, 761.8250, 18.5125
2025-12-03 21:33:33, 0.0852010711, 0.0534321315, 0.0811055897, 0.0888544293, 2824.3878, 2666.7143, 759.2600, 17.2134
2025-12-03 21:33:38, 0.0816418108, 0.0799797770, 0.0694025806, 0.0746975543, 3154.3111, 3121.0222, 762.6500, 17.2944
2025-12-03 21:33:44, 0.0996563063, 0.0670886722, 0.1010148667, 0.1331037738, 2962.4318, 2936.8182, 757.9250, 18.4670
2025-12-03 21:33:50, 0.0812548995, 0.0793547892, 0.0681648071, 0.0613461637, 2936.0492, 2791.4754, 761.1900, 19.7720
2025-12-03 21:33:56, 0.1448998534, 0.0972027382, 0.0573492821, 0.0767757727, 2893.1875, 2911.5625, 758.7750, 18.9698
2025-12-03 21:34:02, 0.0797824538, 0.0865800218, 0.0939226148, 0.0858171181, 2930.9545, 2854.7121, 757.3750, 18.5039
2025-12-03 21:34:07, 0.1013841411, 0.0891454825, 0.0434979018, 0.0369337967, 2859.0896, 2872.1045, 758.5650, 17.6713
2025-12-03 21:34:13, 0.0870734860, 0.0928430979, 0.0659897343, 0.0664268734, 2953.9000, 2824.2600, 762.8500, 18.5083
2025-12-03 21:34:19, 0.0962384640, 0.1043792964, 0.0852807103, 0.0637546854, 3062.6000, 2915.8545, 761.2900, 19.7222
2025-12-03 21:34:24, 0.0597737226, 0.0617567583, 0.0761743286, 0.0735559840, 2765.1250, 2708.0357, 758.0950, 20.2772
2025-12-03 21:34:30, 0.0544130672, 0.0460272416, 0.0756083563, 0.0585894030, 2781.6452, 2674.6290, 758.4200, 20.0767
2025-12-03 21:34:36, 0.1088087124, 0.0852947337, 0.0540929668, 0.0496883896, 2857.3704, 2803.8704, 765.4050, 19.3510
2025-12-03 21:34:42, 0.0679069719, 0.0694234718, 0.0751812465, 0.0982468143, 2908.6000, 2877.4444, 766.6200, 18.5781
2025-12-03 21:34:47, 0.0885329160, 0.0661942715, 0.0508645900, 0.0371989429, 2996.4545, 2864.6909, 765.4650, 19.1418
2025-12-03 21:34:54, 0.0800336210, 0.0860753714, 0.0691398487, 0.0364856527, 2948.4565, 2949.0435, 765.0800, 18.4107
2025-12-03 21:34:59, 0.0713261210, 0.0676934435, 0.1252518729, 0.1051595457, 3071.7170, 3052.9623, 767.8350, 18.8782
2025-12-03 21:35:05, 0.0706482700, 0.0680467040, 0.0955846266, 0.0740359366, 2884.8197, 2840.0492, 766.6250, 19.7419
2025-12-03 21:35:11, 0.0844686972, 0.0686793398, 0.0677419388, 0.0552811032, 2650.2143, 2632.3214, 764.5350, 19.5417
2025-12-03 21:35:16, 0.0744310991, 0.0600387283, 0.0842297460, 0.0718551289, 2922.9811, 2918.3019, 764.6900, 20.9615
2025-12-03 21:35:22, 0.1070807176, 0.0907995937, 0.0714609494, 0.0654518866, 2829.9130, 2922.0217, 764.3550, 18.3869
2025-12-03 21:35:28, 0.0656672625, 0.0815026372, 0.0872104803, 0.0710815638, 2817.2917, 2846.0625, 764.0100, 16.8920
2025-12-03 21:35:34, 0.0770060540, 0.0745877222, 0.0833927581, 0.0779913828, 2933.3478, 2775.1304, 762.2700, 19.5729
2025-12-03 21:35:40, 0.1277345935, 0.0888973445, 0.0966957202, 0.0761179524, 2957.9184, 2974.1224, 764.8200, 18.2137
2025-12-03 21:35:46, 0.1221417215, 0.1020698628, 0.1052954892, 0.0787685389, 3066.0851, 2853.9149, 765.8700, 18.1627
2025-12-03 21:35:51, 0.0914252835, 0.0893707774, 0.0552659605, 0.0577498781, 3086.0889, 3030.6889, 764.9450, 17.5123
2025-12-03 21:35:57, 0.0353274536, 0.0366746153, 0.0896074650, 0.0849827869, 2962.4821, 2813.0179, 766.7750, 17.2570
2025-12-03 21:36:03, 0.0568609634, 0.0444010938, 0.0502769786, 0.0652979701, 2905.3934, 2893.6230, 764.8100, 16.8616
2025-12-03 21:36:09, 0.0531981138, 0.0570718712, 0.0804970016, 0.0782517254, 3087.8600, 2946.9400, 759.7400, 18.6578
2025-12-03 21:36:14, 0.0512333882, 0.0501125165, 0.0455576992, 0.0641683249, 2630.2444, 2608.5111, 762.5800, 17.0960
2025-12-03 21:36:20, 0.0997088411, 0.0740668838, 0.0647977176, 0.0546162940, 2771.8776, 2743.0612, 762.7650, 17.1158
2025-12-03 21:36:26, 0.0794687448, 0.0711115886, 0.0829874338, 0.0728405786, 2648.2885, 2756.0577, 761.2750, 18.3046
2025-12-03 21:36:31, 0.0660102095, 0.0630146191, 0.1007839280, 0.1125884274, 2913.5227, 2872.9545, 760.0750, 18.0025
2025-12-03 21:36:37, 0.0400702206, 0.0348760760, 0.1049671815, 0.0962020546, 2830.6452, 2725.6452, 760.5600, 18.0642
2025-12-03 21:36:43, 0.0552692983, 0.0364524794, 0.1173409618, 0.0835786837, 2838.2083, 2694.8542, 759.3250, 17.9605
2025-12-03 21:36:49, 0.0913852812, 0.0647025296, 0.0793382885, 0.0705497859, 2826.6809, 2908.7660, 760.9600, 17.2461
2025-12-03 21:36:55, 0.0791910456, 0.0767907533, 0.1287437167, 0.1043490133, 2957.9792, 3012.5833, 765.2850, 18.0209
2025-12-03 21:37:00, 0.0622015638, 0.0576772283, 0.0595476771, 0.0502075071, 2849.9818, 2795.2909, 765.3500, 16.4008
2025-12-03 21:37:06, 0.0740993263, 0.0632355831, 0.0708289605, 0.0558436521, 3011.2188, 2933.4688, 767.4600, 18.1730
2025-12-03 21:37:12, 0.0904780099, 0.0795361312, 0.0585879686, 0.0462973622, 2744.5106, 2738.5745, 767.5400, 19.7830
2025-12-03 21:37:18, 0.0839768267, 0.1049097915, 0.0792015444, 0.0656764982, 2811.8889, 2753.3778, 770.0100, 20.3226
2025-12-03 21:37:23, 0.0803571361, 0.0830835490, 0.0581106456, 0.0593278111, 2846.5510, 2896.1020, 766.8250, 18.7820
2025-12-03 21:37:29, 0.1305136548, 0.0675268209, 0.1017338358, 0.0831661823, 2769.5000, 2787.7174, 764.5300, 17.3381
2025-12-03 21:37:35, 0.0980814327, 0.0790638338, 0.0743188371, 0.0528247487, 2740.0889, 2715.7333, 764.9900, 17.3199
2025-12-03 21:37:41, 0.1093999596, 0.0813752532, 0.0707764437, 0.0773112124, 2864.2453, 2975.6038, 763.6450, 17.8843
2025-12-03 21:37:47, 0.0882064275, 0.0731373958, 0.0692414407, 0.0439863728, 2810.7000, 2676.7200, 760.5800, 18.2955
2025-12-03 21:37:53, 0.1062735791, 0.0943328021, 0.0892221587, 0.0563283658, 2861.2083, 2915.4792, 764.3300, 17.5505
2025-12-03 21:37:58, 0.0767127075, 0.0589621951, 0.0631179669, 0.0713108330, 2790.7111, 2811.9333, 762.2200, 18.2401
2025-12-03 21:38:04, 0.0774738319, 0.0662446053, 0.0927084931, 0.0832837293, 2818.9643, 2882.0893, 761.3100, 16.6845
2025-12-03 21:38:10, 0.0897756059, 0.0771866746, 0.0853749158, 0.0688360264, 2944.0204, 2884.3061, 760.7700, 18.3716
2025-12-03 21:38:16, 0.0751192834, 0.0602110413, 0.0558558368, 0.0756645095, 2975.1250, 2975.5417, 762.7100, 17.6342
2025-12-03 21:38:21, 0.1161698579, 0.0789612930, 0.0803310556, 0.1133078053, 2949.3182, 2943.4091, 759.7100, 16.6987
2025-12-03 21:38:27, 0.0851628369, 0.0896132132, 0.0818836146, 0.0726130550, 2801.4375, 2780.0208, 762.9100, 17.7263
2025-12-03 21:38:33, 0.1500405908, 0.0942576911, 0.0675590706, 0.0775181048, 2906.3443, 2908.4098, 761.9350, 18.7230
2025-12-03 21:38:39, 0.1010387786, 0.0828114998, 0.0987175228, 0.1130930855, 2820.9508, 2878.3279, 759.0550, 19.7758
2025-12-03 21:38:45, 0.0673943684, 0.0503627920, 0.0714560489, 0.0595478599, 2846.6304, 2873.2826, 756.6800, 18.9907
2025-12-03 21:38:50, 0.0740694801, 0.0984106054, 0.0510604333, 0.0478472367, 2857.7400, 2798.8200, 762.7600, 17.9076
2025-12-03 21:38:56, 0.1581860896, 0.0943178542, 0.0975512664, 0.0700978734, 2910.4375, 2941.4167, 761.4750, 18.3308
2025-12-03 21:39:02, 0.1210546302, 0.1038360258, 0.0977848613, 0.0596017900, 2977.1837, 2847.6122, 757.6300, 18.4237
2025-12-03 21:39:08, 0.1157459762, 0.1117212738, 0.1191586066, 0.1056875669, 2940.0455, 2923.2273, 758.9300, 19.9729
2025-12-03 21:39:14, 0.1020295336, 0.1018004371, 0.1223834744, 0.0873197801, 2900.0167, 2996.9500, 756.8800, 18.2147
2025-12-03 21:39:19, 0.0993697968, 0.0861637406, 0.0901155905, 0.0917994097, 3044.6200, 3041.1000, 758.3050, 18.4822
2025-12-03 21:39:25, 0.1258313421, 0.0746209042, 0.0604486090, 0.0725699575, 2906.7586, 2789.0517, 756.9450, 18.2568
2025-12-03 21:39:31, 0.0732683733, 0.0866482816, 0.0576488481, 0.0647790077, 2881.8409, 2829.0227, 758.9350, 18.5683
2025-12-03 21:39:37, 0.1640626947, 0.0855598382, 0.0822431511, 0.0629888300, 2720.3478, 2762.3261, 758.9250, 16.8012
2025-12-03 21:39:42, 0.0917514523, 0.0839330310, 0.0583045197, 0.0547005205, 2864.7843, 2886.6667, 758.9650, 18.6283
2025-12-03 21:39:48, 0.0793680772, 0.0762967593, 0.0804734069, 0.0640726442, 2996.4750, 2928.1000, 758.3050, 17.1797
2025-12-03 21:39:54, 0.1310781320, 0.0991425770, 0.0958108912, 0.1107842181, 2671.2128, 2801.4255, 761.6100, 17.6770
2025-12-03 21:40:00, 0.0960729428, 0.0810479609, 0.1037615154, 0.0725452539, 2845.3922, 2855.9608, 761.7500, 18.3469
2025-12-03 21:40:06, 0.1113224524, 0.0895685341, 0.0916886904, 0.0934141223, 2891.2453, 2918.5472, 760.7300, 18.7069
2025-12-03 21:40:11, 0.0709574873, 0.0798999890, 0.0680127513, 0.0521962882, 2977.8936, 2891.0213, 763.5850, 18.6020
2025-12-03 21:40:17, 0.0721737164, 0.0732913475, 0.0699322111, 0.0612883097, 3038.3594, 2978.1875, 766.0250, 17.3645
2025-12-03 21:40:23, 0.1156936420, 0.0893559732, 0.0753856294, 0.0750728917, 2679.8679, 2733.7925, 765.5800, 17.3797
2025-12-03 21:40:29, 0.1021045497, 0.1306881810, 0.0956107670, 0.0837168587, 3166.8679, 3041.5094, 764.8350, 17.2583
2025-12-03 21:40:35, 0.0799645206, 0.0680747973, 0.0643382300, 0.0528314142, 2838.7018, 2829.7368, 765.4800, 17.5630
2025-12-03 21:40:41, 0.1241980123, 0.1179831331, 0.0563989861, 0.0545025679, 2868.9245, 2899.4906, 767.3700, 18.2440
2025-12-03 21:40:47, 0.0895812314, 0.0870235197, 0.0792499911, 0.0791398433, 2916.7037, 2755.4630, 767.6950, 18.2872
2025-12-03 21:40:53, 0.1278908246, 0.1229691088, 0.0544580974, 0.0517537146, 2754.6066, 2824.2459, 766.4050, 19.2738
2025-12-03 21:40:59, 0.1263604221, 0.1199222830, 0.0963408115, 0.0734593064, 2793.3774, 2780.8868, 772.3900, 18.9897
2025-12-03 21:41:05, 0.0920071955, 0.0847082600, 0.0388825763, 0.0569649437, 2905.4688, 2835.1562, 770.8300, 19.8560
2025-12-03 21:41:10, 0.0731572053, 0.0743630819, 0.0763749060, 0.0775288260, 3156.4510, 3031.1176, 771.6550, 20.3570
2025-12-03 21:41:16, 0.0997865668, 0.0917057955, 0.0804833295, 0.0632154729, 2925.1739, 2866.3333, 766.0000, 18.2343
2025-12-03 21:41:22, 0.0633392146, 0.0658303378, 0.0792538977, 0.0548155165, 2808.0172, 2707.0000, 767.7500, 19.6768
2025-12-03 21:41:27, 0.0854938738, 0.0966410085, 0.0852179881, 0.0759581313, 3020.6441, 2920.1864, 768.2200, 18.8847
2025-12-03 21:41:33, 0.1475121006, 0.1264751150, 0.0610902403, 0.0622707320, 2834.0000, 2804.1765, 769.4750, 19.4108
2025-12-03 21:41:39, 0.1644274075, 0.0944714226, 0.0433193719, 0.0525157329, 2662.4750, 2642.3250, 771.6250, 18.6289
2025-12-03 21:41:45, 0.0921947853, 0.0742120477, 0.0727241709, 0.0733186032, 2714.2885, 2821.5577, 767.6450, 17.5359
2025-12-03 21:41:50, 0.0942509133, 0.1058518651, 0.0644274221, 0.0542305495, 2859.0800, 3017.7400, 767.2500, 18.1766
2025-12-03 21:41:56, 0.0867712173, 0.0924428110, 0.1057473919, 0.0841386485, 2985.0943, 2911.9057, 766.6450, 20.2452
2025-12-03 21:42:02, 0.1076751687, 0.0828607164, 0.0826186001, 0.0869238047, 2752.7719, 2696.6491, 767.9600, 19.5867
2025-12-03 21:42:08, 0.0680287672, 0.0827290949, 0.0704069898, 0.0645714002, 2847.8627, 2882.8431, 763.1900, 17.2004
2025-12-03 21:42:14, 0.1027205274, 0.0861380051, 0.0507086134, 0.0429330993, 3029.9091, 2920.4000, 762.8000, 17.4751
2025-12-03 21:42:19, 0.0662225605, 0.0610873046, 0.0574244485, 0.0690217305, 2996.5000, 2992.0962, 769.6950, 18.9856
2025-12-03 21:42:25, 0.0662184020, 0.0769289482, 0.1649157792, 0.1327361084, 3163.6364, 3139.3273, 774.4900, 19.3316
2025-12-03 21:42:31, 0.0837651283, 0.0657581464, 0.0884241193, 0.0668132297, 2784.1702, 2780.5532, 770.5650, 20.1441
2025-12-03 21:42:37, 0.0844426231, 0.0573972393, 0.0692065012, 0.0587543506, 2824.3673, 2806.2449, 772.5350, 20.7730
2025-12-03 21:42:42, 0.0713383439, 0.0660426405, 0.1056587758, 0.0990302344, 2960.3095, 2948.0238, 770.1800, 20.8040
2025-12-03 21:42:48, 0.0946326261, 0.0873205646, 0.0571309003, 0.0570201401, 2995.7619, 2990.0952, 768.9250, 20.2571
2025-12-03 21:42:54, 0.0744451284, 0.0681576762, 0.0928913314, 0.1019451033, 2977.5577, 3080.3462, 769.9550, 21.0633
2025-12-03 21:43:00, 0.0682225968, 0.0739979621, 0.0900246330, 0.0794629998, 2869.3509, 2827.4912, 765.1250, 18.7899
2025-12-03 21:43:06, 0.0842130299, 0.0877327433, 0.1144923010, 0.0963672682, 2824.7143, 2666.0000, 764.3300, 17.5349
2025-12-03 21:43:12, 0.1126177625, 0.0921195221, 0.0662542022, 0.0819320631, 2713.5672, 2805.2090, 765.0550, 18.9294
2025-12-03 21:43:18, 0.0848889651, 0.0555052238, 0.0756553719, 0.0849834255, 2917.9231, 2990.8462, 763.2850, 19.9106
2025-12-03 21:43:23, 0.0619380344, 0.0556897655, 0.0650535665, 0.0850278017, 2788.0952, 2805.3651, 767.4200, 16.7494
2025-12-03 21:43:29, 0.0683368253, 0.0634327815, 0.0928682519, 0.0794093514, 2792.1833, 2704.9167, 765.5600, 19.3599
2025-12-03 21:43:35, 0.0680671200, 0.0625408975, 0.0740430787, 0.1078304553, 2879.3667, 2845.4000, 764.2300, 18.1881
2025-12-03 21:43:41, 0.0951334492, 0.1094357396, 0.1090870784, 0.1181842629, 2972.2381, 3012.2143, 765.4400, 18.5991
2025-12-03 21:43:46, 0.1055160188, 0.1019757077, 0.0546021920, 0.0680605936, 2989.2340, 2984.1489, 762.1700, 18.5125
2025-12-03 21:43:52, 0.1081547944, 0.1167999386, 0.0919834667, 0.0732754320, 2863.7500, 2899.9615, 767.5750, 18.2829
2025-12-03 21:43:58, 0.1181249604, 0.0958573740, 0.0595219603, 0.0560952569, 2699.5882, 2642.9412, 766.4700, 19.3930
2025-12-03 21:44:04, 0.0902360040, 0.1002081934, 0.1268588773, 0.1056103043, 3102.8627, 2983.1373, 766.6100, 16.8549
2025-12-03 21:44:10, 0.1028831074, 0.0968321634, 0.0783947276, 0.0939009535, 2869.1765, 2900.7647, 764.8800, 16.2322
2025-12-03 21:44:15, 0.0808725352, 0.0852357833, 0.0650510703, 0.0725656135, 2996.2955, 3023.6364, 762.2350, 17.3744
2025-12-03 21:44:21, 0.1028035706, 0.0715677191, 0.0974139764, 0.0780249781, 2847.8431, 2949.4706, 766.6450, 18.3847
2025-12-03 21:44:27, 0.1228601520, 0.0840553033, 0.0773714572, 0.0692343337, 3044.4444, 2947.2444, 764.0500, 18.7234
2025-12-03 21:44:33, 0.1062919137, 0.0793291763, 0.0587260474, 0.0707712497, 2849.5283, 2910.0943, 766.3400, 17.4784
2025-12-03 21:44:39, 0.1068874228, 0.0976208121, 0.0607086400, 0.0528487072, 2793.1154, 2795.6346, 769.7600, 17.2732
2025-12-03 21:44:44, 0.0949576839, 0.0816195009, 0.0450296512, 0.0385670214, 3044.2115, 3079.9231, 769.0700, 18.3250
2025-12-03 21:44:50, 0.0884493108, 0.0840671827, 0.0713635265, 0.0681693898, 2723.2045, 2695.1136, 770.5450, 18.9665
2025-12-03 21:44:56, 0.0791047915, 0.0707964116, 0.0673682563, 0.0839980369, 2855.4333, 2940.6000, 771.3500, 17.7090
2025-12-03 21:45:02, 0.1010240636, 0.1037030824, 0.0546192790, 0.0611937355, 2827.4310, 2823.4483, 770.4750, 17.4407
2025-12-03 21:45:08, 0.1020613152, 0.1057121116, 0.0802859815, 0.0667211857, 2941.0597, 2926.7313, 768.8150, 18.6853
2025-12-03 21:45:13, 0.1211594060, 0.1051319884, 0.0872195530, 0.0875910517, 2970.5000, 3050.5962, 770.8850, 18.1304
2025-12-03 21:45:19, 0.0752640902, 0.0546340875, 0.0558000577, 0.0416731763, 2970.3509, 2957.3333, 764.2800, 18.3481
2025-12-03 21:45:25, 0.0926588576, 0.0806049748, 0.0701122209, 0.0569166147, 2926.1961, 2823.7255, 770.3700, 18.0901
2025-12-03 21:45:31, 0.0971268227, 0.0775396487, 0.0710458916, 0.0425253997, 2791.7021, 2676.6809, 764.7550, 19.0933
2025-12-03 21:45:36, 0.1117381556, 0.0840222368, 0.0645024129, 0.0611772867, 2928.7273, 2818.2545, 762.3450, 18.7282
2025-12-03 21:45:42, 0.0763303123, 0.0817809292, 0.0994563550, 0.0681183885, 2994.9692, 2951.8000, 764.1850, 18.3701
2025-12-03 21:45:48, 0.0607623730, 0.0670475920, 0.0594384531, 0.0579273700, 2886.8302, 2849.1321, 761.7250, 18.6046
2025-12-03 21:45:54, 0.0810879006, 0.0805135414, 0.0804752051, 0.0733466356, 2831.9545, 2953.7955, 762.0700, 18.6841
2025-12-03 21:45:59, 0.1052353155, 0.0768904063, 0.0874581346, 0.0957988340, 2851.9070, 2862.3488, 763.6900, 17.0966
2025-12-03 21:46:05, 0.0815742991, 0.0850614459, 0.1244927472, 0.0794757082, 2998.1395, 2941.0000, 760.0200, 18.0300
2025-12-03 21:46:11, 0.0618141659, 0.0652259681, 0.0624117175, 0.0780665540, 2649.0200, 2705.4200, 761.7950, 18.3497
2025-12-03 21:46:17, 0.0751391692, 0.0955713116, 0.0895612739, 0.0882382577, 2762.4074, 2762.3333, 761.9800, 17.4221
2025-12-03 21:46:23, 0.0984017106, 0.0795203404, 0.0787629655, 0.0430210673, 2981.7105, 3050.8421, 761.9200, 17.6137
2025-12-03 21:46:28, 0.0862039729, 0.0760213211, 0.0800369762, 0.0617141966, 2577.5833, 2622.2500, 763.0300, 19.5084
2025-12-03 21:46:34, 0.1772646020, 0.1268349620, 0.0854453514, 0.0794973127, 2926.9388, 2966.9388, 761.5250, 17.6199
2025-12-03 21:46:40, 0.0818760005, 0.0691989433, 0.0621942071, 0.0684069678, 2760.5227, 2820.3864, 759.9400, 18.1192
2025-12-03 21:46:46, 0.0929338895, 0.0917981559, 0.0511241523, 0.0652863489, 2681.6731, 2762.0192, 760.2750, 20.0601
2025-12-03 21:46:51, 0.0924680987, 0.0876292876, 0.0790878765, 0.0939133497, 2876.7308, 3015.1923, 764.6100, 20.5148
2025-12-03 21:46:57, 0.0925226481, 0.0863792534, 0.0874374040, 0.0840559086, 2882.2340, 2882.5532, 762.7500, 19.7630
2025-12-03 21:47:03, 0.0747209106, 0.0674142333, 0.0644673549, 0.0540480791, 2840.5373, 2795.1045, 766.2300, 21.5348
2025-12-03 21:47:10, 0.0969208630, 0.0664560978, 0.0665024393, 0.0674357796, 2670.4328, 2739.1045, 768.5350, 19.4023
2025-12-03 21:47:16, 0.0879900953, 0.0657263870, 0.0949468072, 0.0896592472, 2810.9412, 2857.0196, 768.7150, 18.8723
2025-12-03 21:47:22, 0.0617644651, 0.0577431385, 0.0678111705, 0.0617615943, 2996.3333, 2937.6889, 765.9100, 21.3202
2025-12-03 21:47:27, 0.1305764570, 0.0971930778, 0.0649061275, 0.0441082941, 3008.0577, 2922.1154, 766.7050, 19.6058
2025-12-03 21:47:33, 0.0995097169, 0.0938096420, 0.0624360758, 0.0635775433, 2649.1837, 2594.0408, 765.9200, 20.9364
2025-12-03 21:47:39, 0.0650111105, 0.0551269837, 0.0825294964, 0.0720752503, 2777.1091, 2667.0364, 768.4500, 19.8934
2025-12-03 21:47:45, 0.0974104701, 0.0857421588, 0.0953237093, 0.0948462975, 3029.7500, 3050.6346, 764.5050, 19.5755
2025-12-03 21:47:50, 0.0712535565, 0.0661489308, 0.1075393211, 0.0879495020, 2975.9661, 2927.6441, 767.8700, 20.9357
2025-12-03 21:47:56, 0.0743938402, 0.0758527966, 0.1188029696, 0.1280397579, 2867.5000, 2910.7750, 764.7400, 18.8434
2025-12-03 21:48:02, 0.0727806438, 0.0667409873, 0.0646573663, 0.0604929062, 2680.1860, 2656.2558, 762.7900, 19.0462
2025-12-03 21:48:07, 0.0893118075, 0.0612551089, 0.0646944490, 0.0616599877, 2985.4043, 2914.3404, 764.1250, 20.5110
2025-12-03 21:48:13, 0.1107109205, 0.0887314875, 0.1191141743, 0.1424849217, 2984.7556, 2924.0444, 763.8050, 20.0840
2025-12-03 21:48:19, 0.1640391757, 0.0927625525, 0.0840205358, 0.0841098761, 3042.0682, 2937.8636, 765.8450, 17.9694
2025-12-03 21:48:25, 0.1448854184, 0.1192882471, 0.0739433761, 0.0671383713, 2827.7609, 2887.2826, 763.5050, 18.3870
2025-12-03 21:48:31, 0.0873637625, 0.0809931991, 0.0901783129, 0.0793451828, 2955.9516, 2960.6935, 762.6550, 19.3315
2025-12-03 21:48:36, 0.0918514198, 0.0746314571, 0.0775067085, 0.0859742725, 2808.7547, 2872.1321, 765.0000, 18.9745
2025-12-03 21:48:42, 0.1134532038, 0.0857628609, 0.1244278176, 0.0814363636, 3132.6429, 2970.2619, 761.8200, 16.6384
2025-12-03 21:48:49, 0.0932476858, 0.0657903872, 0.0709870028, 0.0641358061, 2798.2778, 2714.1667, 756.5150, 18.3358
2025-12-03 21:48:54, 0.0815343385, 0.0875818786, 0.1018599135, 0.1109245246, 2974.9792, 2981.5417, 761.0750, 18.7494
2025-12-03 21:49:00, 0.0839986021, 0.0918065390, 0.1664483872, 0.1386584552, 3107.7297, 2925.2973, 763.3450, 16.7561
2025-12-03 21:49:06, 0.0610952837, 0.0536766054, 0.0864294879, 0.0900738134, 2799.0435, 2688.1087, 763.7000, 17.4149
2025-12-03 21:49:11, 0.0463183936, 0.0407894364, 0.1038841897, 0.0994992242, 2745.8947, 2629.1053, 756.4650, 16.4289
2025-12-03 21:49:17, 0.0538652968, 0.0532122493, 0.1138157622, 0.0999839939, 2939.8125, 2769.6250, 754.8050, 17.4157
2025-12-03 21:49:23, 0.0966883845, 0.0728644739, 0.1265765038, 0.1363839122, 3025.6341, 3093.2195, 755.9350, 17.4046
2025-12-03 21:49:29, 0.1312569128, 0.1305049803, 0.0870395479, 0.0762029107, 3314.7917, 3195.6458, 756.4100, 17.4483
2025-12-03 21:49:35, 0.0707052217, 0.0681454370, 0.0881887753, 0.0900163047, 2881.6444, 2950.1556, 755.2600, 17.6009
2025-12-03 21:49:40, 0.0684971550, 0.0787294707, 0.0736777269, 0.0820570992, 3005.1250, 2967.8958, 756.8750, 18.7227
2025-12-03 21:49:46, 0.0815719845, 0.0969500121, 0.1469995456, 0.0968627357, 2817.3636, 2841.9318, 756.8900, 19.6923
2025-12-03 21:49:52, 0.0754692659, 0.0678775248, 0.0853555207, 0.0773958285, 2919.3095, 2986.2857, 756.9250, 18.2406
2025-12-03 21:49:57, 0.1084685067, 0.0936938454, 0.1054974778, 0.1074867856, 2843.0000, 2858.5000, 759.4800, 20.2297
2025-12-03 21:50:03, 0.0524153251, 0.0385099126, 0.1395024705, 0.1103813807, 2761.3600, 2834.9600, 759.5950, 17.2584
2025-12-03 21:50:09, 0.1105224153, 0.0970975528, 0.0700553547, 0.0727751064, 2772.6512, 2885.7907, 756.1200, 18.6865
2025-12-03 21:50:15, 0.0908170776, 0.0843773268, 0.1175950006, 0.1171458722, 3060.6531, 2972.7755, 755.3500, 19.1525
2025-12-03 21:50:20, 0.0467038482, 0.0323422977, 0.1590528103, 0.1798193682, 2861.3276, 2763.2759, 758.5850, 19.8525
2025-12-03 21:50:26, 0.0595975727, 0.0580771268, 0.1342006380, 0.1111974201, 2970.5472, 2969.7547, 756.8750, 18.7008
2025-12-03 21:50:32, 0.0803520982, 0.0767560319, 0.1362931579, 0.1401902502, 2921.2041, 2907.4490, 762.6800, 18.3346
2025-12-03 21:50:38, 0.1318313687, 0.0773802024, 0.1009601648, 0.0842626048, 3038.6842, 2996.9737, 758.2600, 19.4003
2025-12-03 21:50:43, 0.0816111972, 0.0774656540, 0.1483883499, 0.1311640283, 2993.6222, 2886.0000, 758.7900, 19.5805
2025-12-03 21:50:49, 0.0611472333, 0.0765826116, 0.1499853095, 0.1450722130, 3009.4651, 3009.0930, 761.2950, 18.3771
2025-12-03 21:50:55, 0.0691211404, 0.0627898597, 0.1139857596, 0.1510495494, 2672.0227, 2860.2273, 760.9450, 20.2413
2025-12-03 21:51:01, 0.0814558466, 0.0642799862, 0.1178640539, 0.1531690726, 2667.5000, 2714.8333, 762.7200, 18.8171
2025-12-03 21:51:07, 0.1039975471, 0.0655958253, 0.1347609439, 0.1330643546, 2679.5870, 2826.8478, 762.1450, 18.1968
2025-12-03 21:51:12, 0.0726341865, 0.0796740269, 0.1360931384, 0.0743410083, 3044.2105, 2981.9474, 760.8350, 19.0428
2025-12-03 21:51:18, 0.0754688966, 0.0700733740, 0.1241113081, 0.1196102970, 2930.2000, 2951.1091, 760.9400, 18.0332
2025-12-03 21:51:24, 0.0623846679, 0.0770093531, 0.1075931405, 0.0946527875, 2546.4082, 2605.1837, 759.8000, 20.8713
2025-12-03 21:51:30, 0.0816166148, 0.0723697725, 0.1134266044, 0.1248629393, 2599.6304, 2681.6087, 760.3600, 19.3634
2025-12-03 21:51:36, 0.0804947685, 0.0795790461, 0.0924472800, 0.0865945088, 2979.0370, 2919.9815, 761.7100, 18.6571
2025-12-03 21:51:41, 0.0544461181, 0.0483314427, 0.1164700177, 0.1060192781, 2731.7727, 2694.9091, 763.2850, 19.2682
2025-12-03 21:51:47, 0.0781703437, 0.0839387958, 0.0775592258, 0.0688216737, 2817.3243, 2804.7297, 763.4750, 18.5259
2025-12-03 21:51:53, 0.0654768315, 0.0682759621, 0.0940425633, 0.1143653193, 2938.8000, 2963.6000, 760.6750, 18.0635
2025-12-03 21:51:58, 0.0686071425, 0.0589045725, 0.0712240586, 0.0957436540, 2786.1803, 2770.0820, 761.6600, 18.0537
2025-12-03 21:52:04, 0.0669321166, 0.0780036788, 0.1296925770, 0.0923581233, 2771.8200, 2789.6400, 761.0050, 18.8171
2025-12-03 21:52:10, 0.0937151029, 0.0715418250, 0.0801771265, 0.0888420740, 2779.5085, 2745.9661, 761.6200, 17.4979
2025-12-03 21:52:16, 0.0638643175, 0.0499838991, 0.0823805250, 0.0775981061, 3045.9630, 3008.2778, 761.3300, 16.7249
2025-12-03 21:52:21, 0.0647391582, 0.0720776187, 0.0878195106, 0.1142917965, 2911.0392, 2923.2157, 763.6350, 18.0256
2025-12-03 21:52:27, 0.0582917145, 0.0526283109, 0.1415064333, 0.1153258224, 3014.8667, 2972.5167, 763.9550, 18.0829
2025-12-03 21:52:33, 0.0691801094, 0.0789347299, 0.0816991574, 0.0653659450, 3299.1707, 3146.7073, 763.4000, 18.1868
2025-12-03 21:52:39, 0.0621146344, 0.0628850494, 0.0947050154, 0.1112723994, 2836.2000, 2757.8444, 762.1150, 18.1036
2025-12-03 21:52:45, 0.0953773604, 0.0642977754, 0.1279544761, 0.1652282285, 3140.0185, 3109.2778, 766.1900, 16.7223
2025-12-03 21:52:50, 0.0417440521, 0.0387478834, 0.1677380720, 0.1844972100, 2853.8400, 2819.4800, 764.4600, 17.1883
2025-12-03 21:52:56, 0.0563318911, 0.0610254113, 0.0822964876, 0.0927071757, 2611.6071, 2560.7500, 762.2450, 19.0396
2025-12-03 21:53:02, 0.0860796259, 0.0739423996, 0.1197317969, 0.1528662983, 2781.8235, 2842.0000, 762.1850, 17.2198
2025-12-03 21:53:08, 0.0520437666, 0.0527275129, 0.1248664794, 0.1091430097, 2918.6981, 2918.0189, 762.4650, 14.6727
2025-12-03 21:53:13, 0.0500357077, 0.0538528337, 0.1401540376, 0.1552281643, 2662.2619, 2610.0238, 761.1600, 17.4996
2025-12-03 21:53:19, 0.0610712944, 0.0434120115, 0.1018622470, 0.1092348227, 2847.2889, 2753.8889, 763.9900, 16.4970
2025-12-03 21:53:25, 0.0588104951, 0.0443656306, 0.1769101118, 0.1199799848, 2956.6667, 2841.0784, 761.1550, 17.7685
2025-12-03 21:53:31, 0.0612166134, 0.0439245676, 0.1398646507, 0.2182030853, 2796.9259, 2849.6481, 761.6750, 19.5392
2025-12-03 21:53:37, 0.0554950319, 0.0535329262, 0.1550213177, 0.1802161201, 2616.3810, 2605.6667, 762.9800, 17.6977
2025-12-03 21:53:42, 0.0735630485, 0.0568919808, 0.1648880981, 0.1341699431, 2702.8125, 2654.0208, 760.2700, 18.4631
2025-12-03 21:53:48, 0.0623297122, 0.0652470144, 0.1544901547, 0.1200559646, 2743.0588, 2688.8039, 760.6050, 17.9761
2025-12-03 21:53:54, 0.0576606598, 0.0424278109, 0.0842405622, 0.0934562318, 2923.4082, 2874.3673, 762.0450, 15.2149
2025-12-03 21:54:00, 0.0726871488, 0.0605076482, 0.1608976029, 0.1326946329, 2815.3929, 2789.5000, 761.4700, 16.8671
2025-12-03 21:54:06, 0.0656847417, 0.0710919907, 0.0997990342, 0.1075633543, 2729.4375, 2828.2500, 761.3750, 18.3473
2025-12-03 21:54:11, 0.0639966472, 0.0498799248, 0.1159953573, 0.0857548611, 3081.4889, 2923.8222, 761.5150, 17.5297
2025-12-03 21:54:17, 0.0664777210, 0.0578817975, 0.1159006394, 0.1336776502, 2753.4407, 2750.7119, 768.6900, 19.0708
2025-12-03 21:54:23, 0.0714214209, 0.0651134260, 0.1023018085, 0.0842983101, 2812.9130, 2826.6739, 765.8800, 19.2298
2025-12-03 21:54:29, 0.0644933674, 0.0611880690, 0.1301789546, 0.1069074618, 2596.1311, 2548.9180, 762.8950, 20.6600
2025-12-03 21:54:34, 0.0676644048, 0.0411903308, 0.0966543050, 0.0928801309, 2693.3061, 2770.8776, 761.1250, 19.8937
2025-12-03 21:54:40, 0.0618362905, 0.0434121041, 0.1623547487, 0.1409607189, 2811.4237, 2836.9492, 763.0600, 19.4886
2025-12-03 21:54:46, 0.0585917297, 0.0442275382, 0.1212645388, 0.1019634850, 2877.3286, 2920.9000, 762.6600, 20.1431
2025-12-03 21:54:52, 0.0872288483, 0.0685428903, 0.0993727772, 0.0948620100, 2883.5962, 2969.6538, 763.1250, 18.9926
2025-12-03 21:54:58, 0.0965580644, 0.0756918330, 0.0985755583, 0.0917124867, 2692.2727, 2661.0909, 764.6800, 21.9435
2025-12-03 21:55:03, 0.0572431748, 0.0537816769, 0.0986891937, 0.0938661775, 2830.7455, 2642.5636, 765.1100, 19.9193
2025-12-03 21:55:09, 0.0780472964, 0.0849819533, 0.0574255924, 0.0518377911, 2888.0217, 2952.9783, 763.1750, 18.1269
2025-12-03 21:55:15, 0.0689322583, 0.0826839745, 0.0691548473, 0.0688313705, 2818.8627, 2729.5098, 766.7750, 19.6424
2025-12-03 21:55:21, 0.0780002179, 0.0710267763, 0.1187854630, 0.1109662521, 2683.5750, 2756.6250, 762.2400, 19.3856
2025-12-03 21:55:26, 0.1006072372, 0.0766983850, 0.0692229632, 0.0566932619, 2795.0600, 2781.2200, 766.5800, 20.6505
2025-12-03 21:55:32, 0.0780801314, 0.0626012087, 0.0670995004, 0.0706777613, 2752.6111, 2702.4630, 757.7300, 19.2888
2025-12-03 21:55:38, 0.1889458487, 0.1038946446, 0.0410366132, 0.0421255689, 2849.0517, 2889.1724, 758.7950, 19.5413
2025-12-03 21:55:44, 0.0862829895, 0.0764436620, 0.0724245831, 0.0627845457, 3098.1132, 3083.6038, 759.6350, 17.9037
2025-12-03 21:55:50, 0.0880010182, 0.0807383009, 0.1028062112, 0.0884129365, 2693.8636, 2772.7727, 759.2000, 20.9012
2025-12-03 21:55:55, 0.1048428708, 0.0888616989, 0.0636174504, 0.0652583887, 2796.8438, 2860.0469, 760.5100, 20.1978
2025-12-03 21:56:01, 0.0491603647, 0.0633230731, 0.0886750249, 0.0838065391, 2879.7377, 2858.5738, 758.1950, 20.3727
2025-12-03 21:56:07, 0.0860323163, 0.0854031276, 0.0559402502, 0.0656272935, 2792.3571, 2845.2679, 759.6450, 18.9871
2025-12-03 21:56:13, 0.0924647541, 0.0850583876, 0.0706684588, 0.0414767708, 2982.1803, 2876.5738, 759.9800, 21.0138
2025-12-03 21:56:19, 0.0655824285, 0.0730963587, 0.0961855458, 0.0738167096, 2864.6000, 2867.9600, 759.3350, 17.9031
2025-12-03 21:56:24, 0.0870755653, 0.0764370560, 0.0651545836, 0.0716491890, 2922.0526, 2876.7544, 759.6800, 17.6104
2025-12-03 21:56:30, 0.0844637653, 0.0777842377, 0.1088952199, 0.1228034841, 2890.6889, 2936.3556, 762.2600, 17.9867
2025-12-03 21:56:36, 0.1016226141, 0.1000784682, 0.1113149228, 0.0599332522, 2797.0536, 2704.5000, 758.7150, 17.4512
2025-12-03 21:56:42, 0.1167934894, 0.0974055264, 0.0760919798, 0.0736153107, 2951.4151, 2953.7170, 759.8550, 19.4367
2025-12-03 21:56:48, 0.0560296494, 0.0542421857, 0.0777237256, 0.0670923802, 2810.6000, 2797.7091, 760.9500, 17.6382
2025-12-03 21:56:54, 0.0647451784, 0.0492424228, 0.0703197806, 0.0789297977, 2757.4000, 2799.9500, 762.5850, 18.7545
2025-12-03 21:56:59, 0.0695171399, 0.0591372802, 0.0769370065, 0.0946244416, 2834.5745, 2956.7021, 766.8600, 20.1373
2025-12-03 21:57:05, 0.0919774710, 0.1019743312, 0.0517952519, 0.0659715975, 2777.4559, 2736.9412, 764.4500, 16.3349
2025-12-03 21:57:11, 0.0835230965, 0.1052712109, 0.0640291770, 0.0730567171, 2986.0200, 2987.8200, 764.1650, 18.5251
2025-12-03 21:57:17, 0.0820594654, 0.0762155123, 0.0705339686, 0.0725274798, 2945.3284, 2956.9254, 762.1950, 18.4612
2025-12-03 21:57:22, 0.0941649179, 0.0845021409, 0.0936136460, 0.0688710414, 3089.0926, 2910.7963, 765.3000, 18.3565
2025-12-03 21:57:28, 0.1035666471, 0.0799882250, 0.0966953445, 0.0803022290, 2972.0217, 2995.9565, 764.4750, 19.3920
2025-12-03 21:57:34, 0.0980988534, 0.0789764285, 0.0812622034, 0.0675451057, 2872.0566, 2813.5849, 765.1700, 17.4233
2025-12-03 21:57:40, 0.1249495185, 0.1045531378, 0.0780363457, 0.0579255714, 2817.5079, 2835.6349, 764.0950, 17.7571
2025-12-03 21:57:46, 0.0522685938, 0.0562168846, 0.0771913915, 0.0596728093, 2887.0000, 2835.3333, 765.5150, 19.5097
2025-12-03 21:57:52, 0.0578423637, 0.0648124930, 0.1045258090, 0.0805145203, 2802.8000, 2895.7500, 768.7750, 18.6926
2025-12-03 21:57:57, 0.0954483333, 0.0688075941, 0.1190684484, 0.0915544897, 2944.4833, 2958.8333, 765.9500, 18.4764
2025-12-03 21:58:03, 0.0734969633, 0.0603525656, 0.0670933219, 0.0628549216, 2804.9750, 2759.3000, 766.8750, 17.8969
2025-12-03 21:58:09, 0.0548246615, 0.0605347607, 0.0452411765, 0.0480475668, 2953.2308, 2962.8462, 763.2000, 18.0347
2025-12-03 21:58:15, 0.0808321226, 0.0745731862, 0.0984438966, 0.1113442258, 2916.3750, 2926.0000, 763.6400, 18.9832
2025-12-03 21:58:21, 0.1235598292, 0.0734668907, 0.0953515839, 0.1053411433, 3095.8444, 3268.8444, 764.7600, 17.7266
2025-12-03 21:58:26, 0.1014264421, 0.0871170793, 0.1179773409, 0.1067904360, 2948.0816, 2878.2041, 764.4950, 18.5728
2025-12-03 21:58:32, 0.0879578517, 0.0777751605, 0.0715901977, 0.0605826074, 2807.6341, 2865.7317, 766.7400, 17.8562
2025-12-03 21:58:38, 0.0589949561, 0.0699392234, 0.1207443355, 0.0960381481, 3010.6964, 3039.3214, 761.3500, 17.7411
2025-12-03 21:58:44, 0.0930564671, 0.0721516722, 0.0709908713, 0.0821924468, 2908.4390, 2833.6829, 769.2200, 16.4025
2025-12-03 21:58:50, 0.1338268674, 0.1173107793, 0.1151697532, 0.1000703652, 2643.2791, 2595.0698, 770.4650, 18.8828
2025-12-03 21:58:55, 0.1025381209, 0.1206561136, 0.0683718055, 0.0783193488, 2536.6154, 2665.4103, 762.7850, 17.7124
2025-12-03 21:59:01, 0.0845618892, 0.0895603457, 0.0654368201, 0.0542402684, 2633.3167, 2684.4167, 767.8650, 18.3613
2025-12-03 21:59:07, 0.1159769435, 0.0897900565, 0.1083610846, 0.0951216465, 2788.5490, 2809.8039, 766.9650, 17.3244
2025-12-03 21:59:13, 0.0922067665, 0.0773337596, 0.0946451921, 0.0728757832, 2890.0800, 2985.9600, 768.1600, 18.3086
2025-12-03 21:59:19, 0.0974680146, 0.0760385832, 0.1105918857, 0.0837359450, 2750.6562, 2675.2344, 766.9350, 16.2539
2025-12-03 21:59:25, 0.0782111190, 0.0704652610, 0.0937844812, 0.0734182616, 2818.1538, 2866.6923, 766.4300, 17.7940
2025-12-03 21:59:30, 0.0705931984, 0.0670671215, 0.0843384455, 0.0642266206, 2976.2326, 2878.9302, 767.8300, 17.2919
2025-12-03 21:59:36, 0.1206598219, 0.0911623045, 0.0915043700, 0.0812269790, 2945.8431, 2911.4902, 768.2650, 17.1830
2025-12-03 21:59:42, 0.1012503070, 0.1010463039, 0.1103388337, 0.0854276385, 3153.1333, 3055.4000, 767.6200, 16.0557
2025-12-03 21:59:48, 0.0814261261, 0.0807277687, 0.1119543110, 0.0974723686, 2781.2500, 2758.1500, 765.6200, 17.0972
2025-12-03 21:59:54, 0.0931289788, 0.0880439512, 0.1036287299, 0.1192368367, 2727.5400, 2758.2200, 771.2100, 17.3550
2025-12-03 22:00:00, 0.0580074011, 0.0568763856, 0.0745456367, 0.1103982174, 2934.2609, 3004.4348, 771.4500, 17.7217
2025-12-03 22:00:05, 0.0951827027, 0.0724945446, 0.0770331421, 0.0731568072, 2854.4423, 2814.2885, 767.8300, 18.8709
2025-12-03 22:00:11, 0.0709880589, 0.0750964827, 0.0503460477, 0.0682947455, 2667.3958, 2772.0833, 772.0300, 17.2956
2025-12-03 22:00:17, 0.0703290457, 0.0786514116, 0.1160955590, 0.1210841139, 2947.9000, 2822.5000, 770.2600, 18.8794
2025-12-03 22:00:22, 0.1191890153, 0.0912985335, 0.1323653626, 0.1181517070, 3017.5098, 3181.9804, 766.8350, 16.6598
2025-12-03 22:00:28, 0.1162163459, 0.1109189790, 0.0835829488, 0.0662183561, 2765.9800, 2676.7800, 764.6350, 17.2552
2025-12-03 22:00:34, 0.0798600382, 0.0766077877, 0.0803356547, 0.0757802024, 2936.6727, 2995.0545, 768.6750, 18.1378
2025-12-03 22:00:40, 0.0665031050, 0.0606386496, 0.0870733842, 0.0862292431, 2718.9048, 2665.7460, 769.0600, 15.3002
2025-12-03 22:00:45, 0.0778913968, 0.0770424179, 0.0853630005, 0.1119178330, 3097.4576, 3115.9492, 767.9950, 19.3878
2025-12-03 22:00:51, 0.1012574130, 0.0847805138, 0.1132276381, 0.1004941867, 2939.5106, 2877.4681, 769.6700, 18.3221
2025-12-03 22:00:57, 0.0858123878, 0.0678146959, 0.1085695839, 0.1181197836, 2825.8519, 2896.4815, 768.6850, 18.7805
2025-12-03 22:01:03, 0.0680563935, 0.0741880320, 0.1188129241, 0.0837974191, 2935.8182, 2963.5273, 769.5750, 17.4082
2025-12-03 22:01:09, 0.0847036554, 0.0718128876, 0.0882747930, 0.0863544004, 2861.0000, 2784.7931, 767.2850, 18.4251
2025-12-03 22:01:14, 0.0751325016, 0.0780895444, 0.0493076225, 0.0439162250, 2750.3137, 2770.1373, 765.9700, 17.5117
2025-12-03 22:01:20, 0.0624746635, 0.0808452040, 0.1259294653, 0.1261255764, 2763.2381, 2674.7857, 763.8100, 17.5212
2025-12-03 22:01:26, 0.0822878112, 0.0597486884, 0.0557687411, 0.0675168471, 2768.8333, 2697.3125, 763.1700, 17.4078
2025-12-03 22:01:32, 0.0777068989, 0.0993643312, 0.0800111263, 0.1053688909, 2882.8214, 2953.3036, 763.5300, 18.3065
2025-12-03 22:01:38, 0.0636197342, 0.0597546062, 0.1399983544, 0.1532869930, 3081.4211, 3067.6491, 766.8400, 16.6621
2025-12-03 22:01:44, 0.1079973241, 0.0622308780, 0.0586568592, 0.0723150691, 2700.8605, 2782.4419, 766.2350, 17.7220
2025-12-03 22:01:49, 0.0747477148, 0.0677948836, 0.0709548227, 0.0995329628, 2872.1628, 2921.9070, 766.9950, 17.1145
2025-12-03 22:01:55, 0.0439654156, 0.0502329454, 0.0728525156, 0.0897466228, 2682.8364, 2718.2909, 765.7150, 18.2070
2025-12-03 22:02:01, 0.0724262142, 0.0621412246, 0.0652056267, 0.0750402270, 2722.8136, 2756.6780, 765.7350, 18.5977
2025-12-03 22:02:07, 0.0588264515, 0.0522660806, 0.1027291507, 0.0717532808, 2725.9821, 2725.3929, 765.2300, 17.0211
2025-12-03 22:02:13, 0.0618757937, 0.0646535661, 0.0760708055, 0.0567812463, 2996.5972, 2931.9583, 764.5550, 18.8546
2025-12-03 22:02:18, 0.0852319626, 0.0790840130, 0.0902460648, 0.0820226387, 2811.1702, 2872.7021, 765.4350, 18.9345
2025-12-03 22:02:24, 0.1285015416, 0.0964672042, 0.0679140291, 0.0934803970, 2856.5577, 2956.3269, 762.3300, 17.0673
2025-12-03 22:02:30, 0.0898379684, 0.0832228228, 0.0580850625, 0.0564651012, 2959.3654, 2869.7692, 762.4050, 16.9783
2025-12-03 22:02:36, 0.0905932613, 0.0792309775, 0.0553551404, 0.0496563818, 2902.6935, 2812.9194, 762.9750, 17.1812
2025-12-03 22:02:41, 0.1140718716, 0.0931150887, 0.1064149670, 0.0644781068, 2889.9556, 2804.8889, 764.8000, 20.4644
2025-12-03 22:02:47, 0.0750208728, 0.0807615032, 0.0611097382, 0.0436521800, 2716.2656, 2665.4844, 767.0450, 17.2433
2025-12-03 22:02:53, 0.0865431646, 0.0769934019, 0.0481142801, 0.0728814105, 2799.6667, 2866.1296, 770.4650, 18.6526
2025-12-03 22:02:58, 0.0424329130, 0.0431252087, 0.0868651075, 0.0883059183, 2847.2419, 2750.4677, 767.6200, 18.7567
2025-12-03 22:03:04, 0.0713446821, 0.0635074404, 0.0651713159, 0.0597573921, 2808.0769, 2781.6154, 768.7350, 18.9864
2025-12-03 22:03:10, 0.0822987940, 0.0749779218, 0.0736655229, 0.0810223536, 2899.8214, 2987.9107, 766.4650, 16.2428
2025-12-03 22:03:16, 0.0665933105, 0.0551378844, 0.0557566225, 0.0582503187, 2815.6610, 2735.1864, 768.5450, 17.7143
2025-12-03 22:03:21, 0.0827772568, 0.0875446737, 0.0574195062, 0.0532332913, 2701.2899, 2714.6232, 767.1550, 19.5221
2025-12-03 22:03:27, 0.0745443554, 0.0713457805, 0.0821124205, 0.0630592779, 2935.8704, 2839.6481, 768.4950, 16.5263
2025-12-03 22:03:33, 0.0553863143, 0.0549978235, 0.0455583335, 0.0513463993, 2782.1250, 2776.2321, 766.2750, 19.2031
2025-12-03 22:03:39, 0.0555255016, 0.0721201141, 0.0498267008, 0.0552500318, 3025.1719, 2946.6875, 765.3450, 18.1040
2025-12-03 22:03:44, 0.0753351276, 0.0717505702, 0.0766954618, 0.0561172853, 2754.2464, 2689.2899, 766.9450, 18.7185
2025-12-03 22:03:50, 0.0820261539, 0.0737004957, 0.0909317572, 0.0820672517, 2637.8235, 2661.5490, 765.6250, 17.4064
2025-12-03 22:03:56, 0.0761147256, 0.0791430955, 0.1204132629, 0.0677557313, 2826.4821, 2798.7143, 766.8750, 17.3957
2025-12-03 22:04:02, 0.1321056972, 0.0922965456, 0.0638554783, 0.0471663935, 2789.7500, 2786.2917, 769.7450, 17.3381
2025-12-03 22:04:07, 0.0768866797, 0.0551626649, 0.0682533496, 0.0642392387, 3027.9787, 2998.4681, 769.2550, 18.0469
2025-12-03 22:04:13, 0.0565095933, 0.0665605910, 0.0890433929, 0.0814375162, 2664.8537, 2668.9756, 771.1550, 17.2697
2025-12-03 22:04:19, 0.0402101168, 0.0448082958, 0.1074303252, 0.0956327607, 3016.6034, 2980.1552, 769.4650, 16.8778
2025-12-03 22:04:25, 0.0550305439, 0.0597612037, 0.1103918145, 0.1466429919, 2750.7115, 2704.5769, 770.4900, 17.0769
2025-12-03 22:04:31, 0.0568543329, 0.0465609367, 0.0918547312, 0.0947906115, 2598.6047, 2745.0930, 770.4750, 20.0047
2025-12-03 22:04:36, 0.0642322053, 0.0581001685, 0.0704054302, 0.0739980911, 2850.2593, 2704.4815, 769.2650, 18.0708
2025-12-03 22:04:42, 0.0726592244, 0.0616076313, 0.0731320683, 0.0618466399, 2777.0169, 2665.7797, 773.2450, 18.8254
2025-12-03 22:04:48, 0.0541760642, 0.0450623789, 0.0984144666, 0.1042323573, 2728.9828, 2769.2931, 773.3100, 19.1764
2025-12-03 22:04:53, 0.0626803061, 0.0532157970, 0.1074177226, 0.0732066258, 2912.0847, 2772.5424, 772.3900, 18.9720
2025-12-03 22:04:59, 0.0591493766, 0.0624693523, 0.0965751023, 0.1136424504, 2983.2200, 2998.6000, 773.1100, 18.0454
2025-12-03 22:05:05, 0.0666110336, 0.0583825369, 0.1321066945, 0.1007170453, 2748.4182, 2794.6364, 774.5950, 21.2325
2025-12-03 22:05:11, 0.0619274730, 0.0679654081, 0.1228562039, 0.1117960063, 2871.0000, 2833.5000, 770.1700, 17.5983
2025-12-03 22:05:17, 0.1189733574, 0.0981215730, 0.1046798504, 0.1438064344, 3105.1154, 3119.1731, 768.7200, 16.9859
2025-12-03 22:05:23, 0.0451194941, 0.0498920135, 0.0842476533, 0.0789520097, 2797.3833, 2744.6833, 771.0050, 19.3545
2025-12-03 22:05:28, 0.0532381807, 0.0551981784, 0.0802047402, 0.0861900964, 2714.9804, 2809.3725, 773.5900, 17.6627
2025-12-03 22:05:34, 0.0742671667, 0.0656045117, 0.0808451818, 0.0821130669, 2835.5862, 2906.6724, 769.8350, 18.6424
2025-12-03 22:05:40, 0.0914245130, 0.0814232111, 0.1077349690, 0.0940276360, 3049.0351, 3030.9474, 772.4100, 18.4754
2025-12-03 22:05:46, 0.0832638832, 0.0614325176, 0.0686648095, 0.0595949767, 2811.1186, 2876.8305, 767.3050, 18.4776
2025-12-03 22:05:52, 0.0753740141, 0.0704043148, 0.0565590136, 0.0640916096, 2702.8400, 2812.9200, 772.2700, 19.1360
2025-12-03 22:05:57, 0.1062732830, 0.1136356369, 0.0719121557, 0.0742267088, 2945.5200, 2928.3600, 773.1200, 18.7509
2025-12-03 22:06:03, 0.1051347076, 0.0932158644, 0.0554465269, 0.0379386621, 2695.4423, 2621.2885, 771.5700, 19.4570
2025-12-03 22:06:09, 0.1475710660, 0.1060452665, 0.0682732414, 0.0578012948, 2825.1020, 2835.5918, 771.7700, 18.5668
2025-12-03 22:06:15, 0.1095229433, 0.0952499788, 0.0637783344, 0.0613890366, 2976.4510, 2929.3529, 773.0500, 18.5814
2025-12-03 22:06:21, 0.1022487452, 0.0832561731, 0.0918142543, 0.0666310601, 3136.5273, 2978.2182, 766.9400, 19.4071
2025-12-03 22:06:27, 0.0815852990, 0.0749632573, 0.0807155179, 0.0592382754, 2907.3478, 2843.4783, 764.5250, 20.6855
2025-12-03 22:06:33, 0.0571249641, 0.0627007767, 0.1313843291, 0.0851279360, 2829.3725, 2798.5686, 766.1600, 19.4158
2025-12-03 22:06:39, 0.0864045914, 0.0875372449, 0.0646235315, 0.0732562462, 2775.7755, 2765.7347, 766.5750, 17.7729
2025-12-03 22:06:44, 0.0945319495, 0.0950253676, 0.0897277192, 0.0932965055, 2624.9167, 2737.9333, 767.3750, 18.3372
2025-12-03 22:06:50, 0.1147910518, 0.1044321676, 0.1329552008, 0.1249850050, 2896.6415, 2955.3019, 765.5100, 18.5892
2025-12-03 22:06:56, 0.1039607704, 0.0808283008, 0.0920443559, 0.0876895188, 2840.8364, 2878.9636, 768.6850, 18.9422
2025-12-03 22:07:02, 0.0848287581, 0.0816447664, 0.0886725007, 0.0794191844, 2850.0000, 2861.1774, 766.7350, 17.1798
2025-12-03 22:07:07, 0.0804263419, 0.0921296303, 0.0679752037, 0.0742799145, 2869.4737, 2771.0789, 768.4550, 18.3199
2025-12-03 22:07:13, 0.1115393593, 0.0853377261, 0.1058608266, 0.0774868402, 2828.5323, 2836.5645, 767.1300, 18.1740
2025-12-03 22:07:19, 0.1111693213, 0.1027715609, 0.0574376184, 0.0659964704, 2814.9848, 2959.6515, 764.5900, 14.7703
2025-12-03 22:07:25, 0.1084977227, 0.0773155768, 0.0791982272, 0.0953624917, 3052.3818, 3029.9455, 765.4000, 20.0152
2025-12-03 22:07:31, 0.1264443592, 0.0965536628, 0.0631308801, 0.0633636585, 2960.4737, 2923.8772, 765.3100, 18.7690
2025-12-03 22:07:36, 0.0843383964, 0.0793382601, 0.0841784924, 0.0885717336, 2960.5962, 2838.2115, 760.4800, 19.1734
2025-12-03 22:07:42, 0.1063845677, 0.0916955951, 0.0664355806, 0.0454765845, 2799.6418, 2702.7463, 764.7600, 19.0400
2025-12-03 22:07:48, 0.0737336580, 0.0733403930, 0.0844908848, 0.0664786813, 3199.2115, 3052.1538, 763.2150, 18.7414
2025-12-03 22:07:54, 0.1004084427, 0.0780658706, 0.0650628565, 0.0684054551, 2957.4583, 2941.6875, 762.8650, 18.6766
2025-12-03 22:08:00, 0.0725226350, 0.0675097250, 0.0674786193, 0.0675834576, 2895.7143, 2897.6735, 765.5750, 19.9250
2025-12-03 22:08:06, 0.0540262592, 0.0482620475, 0.0780766253, 0.0801322008, 2896.9661, 2917.1525, 764.1150, 17.9973
2025-12-03 22:08:11, 0.0625157215, 0.0429910894, 0.0845668521, 0.0925750515, 2706.3030, 2743.4242, 763.6300, 18.5028
2025-12-03 22:08:17, 0.0764406451, 0.0638926702, 0.0707218411, 0.0699646591, 2799.5283, 2814.3962, 761.7500, 18.2373
2025-12-03 22:08:23, 0.0428594260, 0.0463865717, 0.0806919333, 0.0765059176, 2820.4062, 2807.3125, 762.8800, 18.7642
2025-12-03 22:08:29, 0.0678766298, 0.0757082729, 0.0820706059, 0.0958919673, 2942.0000, 2964.8548, 766.3150, 20.1977
2025-12-03 22:08:35, 0.0667256953, 0.0667915314, 0.0849525866, 0.0635544678, 3005.7091, 2934.8182, 765.7450, 16.6865
2025-12-03 22:08:41, 0.0744291246, 0.0909028182, 0.0675027144, 0.0662950522, 2987.1905, 2904.5238, 767.2650, 15.9573
2025-12-03 22:08:46, 0.0744860479, 0.1006427421, 0.0759995413, 0.0830760239, 2804.9107, 2782.0893, 766.0300, 19.1123
2025-12-03 22:08:52, 0.0602326027, 0.0668134908, 0.0857475619, 0.0633095188, 2916.1351, 2916.3243, 766.0950, 17.3984
2025-12-03 22:08:58, 0.0769303486, 0.0616491524, 0.1065438358, 0.0736899041, 3021.0588, 2849.4706, 764.7200, 18.0757
2025-12-03 22:09:04, 0.1033253429, 0.0887473486, 0.0611206346, 0.0716716025, 2701.8246, 2867.1930, 765.6600, 18.1528
2025-12-03 22:09:10, 0.0797171135, 0.0705445412, 0.0871345996, 0.0879909586, 3034.7255, 2973.7843, 767.2350, 18.9344
2025-12-03 22:09:15, 0.0735901747, 0.0813552358, 0.0876660867, 0.0753960308, 2724.5538, 2783.3231, 765.5700, 20.7804
2025-12-03 22:09:21, 0.0962148717, 0.0955850918, 0.0877353562, 0.0668775136, 3016.1778, 3003.8222, 767.7450, 19.3013
2025-12-03 22:09:27, 0.0862786457, 0.0808965929, 0.1394989193, 0.1262596679, 2738.3455, 2835.1273, 767.7950, 18.8455
2025-12-03 22:09:33, 0.0648239362, 0.0599384574, 0.0798892561, 0.0754651544, 2998.3167, 2942.4833, 762.0300, 19.9459
2025-12-03 22:09:39, 0.0540986338, 0.0515660603, 0.0854259963, 0.0667948277, 2968.6852, 2930.6852, 764.9650, 17.8652
2025-12-03 22:09:44, 0.0924619703, 0.0927620220, 0.0798584382, 0.0900890499, 2803.2727, 2793.2909, 772.8950, 19.0692
2025-12-03 22:09:50, 0.0550666155, 0.0601869079, 0.0700270525, 0.0552833012, 2810.4667, 2815.3833, 769.3650, 18.1472
2025-12-03 22:09:56, 0.0672192326, 0.0695911685, 0.0589760020, 0.0679399948, 2833.2143, 2820.1607, 769.4200, 19.2433
2025-12-03 22:10:02, 0.0624478830, 0.0525406461, 0.1135895737, 0.1076013544, 2949.3846, 2799.0769, 768.7150, 17.5754
2025-12-03 22:10:08, 0.0501138224, 0.0421281623, 0.0987586426, 0.0858430045, 3016.7231, 2999.7231, 767.6100, 20.0788
2025-12-03 22:10:13, 0.0952946015, 0.1003021820, 0.0839457305, 0.0564043311, 2990.1200, 2847.1000, 767.8050, 19.4637
2025-12-03 22:10:19, 0.0848326289, 0.0726481454, 0.0584934176, 0.0644060604, 2774.2838, 2803.6622, 760.4400, 19.0280
2025-12-03 22:10:25, 0.0799070234, 0.0824590708, 0.0947471061, 0.1174192959, 2925.7018, 2816.5614, 767.4300, 18.5937
2025-12-03 22:10:30, 0.0505945938, 0.0590592519, 0.0820709031, 0.0888125281, 2866.0476, 2862.8889, 762.1300, 18.3579
2025-12-03 22:10:36, 0.0983835798, 0.0848258797, 0.1115893048, 0.0947553829, 2840.8571, 2834.4286, 767.0950, 18.6310
2025-12-03 22:10:42, 0.1050683032, 0.1366619163, 0.0860724663, 0.0793152449, 2657.3158, 2732.5263, 765.1700, 18.1475
2025-12-03 22:10:48, 0.0491378383, 0.0627237197, 0.0803581265, 0.0800179308, 2930.5200, 2854.9600, 760.4750, 20.9561
2025-12-03 22:10:54, 0.0920199388, 0.0698857084, 0.0869341859, 0.0845043378, 2745.6863, 2732.5294, 764.4250, 18.4490
2025-12-03 22:11:00, 0.0734529744, 0.0559246909, 0.0850754034, 0.0536453190, 2724.8393, 2762.9464, 769.8400, 17.6055
2025-12-03 22:11:05, 0.0615669759, 0.0539812003, 0.0801226281, 0.0641197834, 2952.9851, 2852.5522, 767.6000, 18.8584
2025-12-03 22:11:11, 0.0918187517, 0.0805678172, 0.0680856353, 0.0755621282, 2869.0000, 2818.8478, 767.7500, 17.2655
2025-12-03 22:11:17, 0.0855164006, 0.0778411317, 0.0847398462, 0.0966951103, 2694.3023, 2778.0000, 767.4300, 19.4860
2025-12-03 22:11:23, 0.0874946715, 0.0756733390, 0.0666999726, 0.0570895956, 2914.9839, 2843.2258, 765.4500, 18.4287
2025-12-03 22:11:29, 0.1174882189, 0.0922009587, 0.0721324070, 0.0846836011, 3040.2381, 3105.5000, 762.7200, 17.2384
2025-12-03 22:11:35, 0.0907242630, 0.0619207048, 0.0746894979, 0.0568929899, 2650.8235, 2689.1373, 768.2900, 17.6240
2025-12-03 22:11:40, 0.1172345234, 0.0851881909, 0.0940473402, 0.0614662073, 2833.7000, 2807.1800, 765.3250, 20.1745
2025-12-03 22:11:46, 0.1024304855, 0.0927515881, 0.0784010104, 0.0643308520, 2727.9362, 2679.4468, 766.1000, 19.3280
2025-12-03 22:11:52, 0.1137727560, 0.0877823177, 0.0743006762, 0.0577888795, 3063.8947, 3046.7719, 768.0950, 18.6953
2025-12-03 22:11:58, 0.1002562174, 0.0791650861, 0.0694013477, 0.0627595517, 2763.3774, 2711.4151, 766.1400, 17.7234
2025-12-03 22:12:04, 0.0931204511, 0.0869771483, 0.0832976142, 0.0649194153, 2781.2778, 2858.5926, 766.8850, 19.2344
2025-12-03 22:12:09, 0.0774147998, 0.0650892638, 0.0762366422, 0.0589695778, 2817.5893, 2838.4107, 766.4650, 17.5431
2025-12-03 22:12:15, 0.0806890290, 0.0732645766, 0.0890592301, 0.0915366827, 2940.2881, 2783.3559, 767.1850, 18.3371
2025-12-03 22:12:21, 0.0930513080, 0.0806834790, 0.0772971842, 0.0614770146, 3012.5455, 2948.2000, 763.3950, 16.2249
2025-12-03 22:12:27, 0.0968739917, 0.0813356509, 0.0815348531, 0.0794162574, 2763.9474, 2776.5088, 767.3550, 16.7770
2025-12-03 22:12:32, 0.0759730995, 0.1002740013, 0.1033879095, 0.0775335081, 2985.9796, 2887.3469, 765.1800, 18.3253
2025-12-03 22:12:38, 0.0938047648, 0.0651399454, 0.0953294133, 0.0827999278, 2818.4000, 2905.5111, 766.4200, 18.5341
2025-12-03 22:12:44, 0.1414345980, 0.1007628213, 0.0873131596, 0.0760948187, 3049.8036, 2957.1786, 765.7200, 18.9977
2025-12-03 22:12:50, 0.0706357982, 0.0809989284, 0.0883963598, 0.0771062638, 2852.6250, 2795.2344, 766.2200, 18.5610
2025-12-03 22:12:56, 0.0822229059, 0.0651636735, 0.0942329525, 0.0845899105, 2762.2182, 2827.7455, 764.7050, 18.0280
2025-12-03 22:13:01, 0.0616143268, 0.0629184081, 0.0825176025, 0.0722637720, 2722.7347, 2557.3469, 764.4450, 19.7883
2025-12-03 22:13:07, 0.1220176043, 0.0991360219, 0.1094938925, 0.0875023517, 2540.1200, 2544.5600, 768.7850, 18.7574
2025-12-03 22:13:13, 0.0928001526, 0.0782825742, 0.0768906461, 0.0662363876, 2938.0893, 2983.3571, 764.9750, 18.4671
2025-12-03 22:13:18, 0.1319814063, 0.0805447200, 0.0890380183, 0.0775741355, 2943.1500, 3041.0833, 764.6700, 18.7340
2025-12-03 22:13:24, 0.1019853845, 0.0948196775, 0.0647611824, 0.0546360498, 2797.2453, 2723.8113, 763.9650, 20.3003
2025-12-03 22:13:30, 0.0785271436, 0.0838064871, 0.1016308746, 0.0933113206, 2876.1765, 2762.5882, 770.9700, 18.9127
2025-12-03 22:13:36, 0.0861792254, 0.0677658938, 0.0700788593, 0.0541266337, 3003.2857, 2949.3016, 768.4600, 19.3256
2025-12-03 22:13:42, 0.0735052950, 0.0740347390, 0.0745593826, 0.0709322243, 2985.2903, 2959.3226, 767.7400, 18.2379
2025-12-03 22:13:48, 0.0934783385, 0.0621731848, 0.0578600510, 0.0595921745, 2747.8571, 2787.5893, 769.7300, 18.3248
2025-12-03 22:13:53, 0.0838822798, 0.0918048535, 0.0682190556, 0.0583143420, 3189.2951, 2997.1311, 765.6450, 19.3553
2025-12-03 22:13:59, 0.0618606902, 0.0713567688, 0.0945834607, 0.0547453723, 2788.8689, 2716.1148, 772.5950, 17.6805
2025-12-03 22:14:05, 0.0630432351, 0.0639468020, 0.0579808569, 0.0445360143, 2934.4035, 2856.0351, 771.3600, 18.5389
2025-12-03 22:14:11, 0.0571840746, 0.0585320519, 0.0591157785, 0.0629445919, 2792.0545, 2765.3273, 770.3200, 18.9044
2025-12-03 22:14:16, 0.0813884549, 0.0704767710, 0.0586390617, 0.0467694861, 2779.6078, 2790.1961, 769.1250, 17.4682
2025-12-03 22:14:22, 0.0794618134, 0.0822209872, 0.0813436029, 0.0514641003, 2792.6792, 2790.1132, 766.5300, 17.6366
2025-12-03 22:14:28, 0.0855836392, 0.0704122762, 0.0600789050, 0.0460979229, 3041.8966, 2940.9310, 770.8350, 17.8706
2025-12-03 22:14:34, 0.0713157795, 0.0667452038, 0.1184369989, 0.0978637934, 2938.3000, 2840.5400, 769.3500, 18.8262
2025-12-03 22:14:39, 0.0731978197, 0.0741471967, 0.0744220752, 0.0751147276, 2898.8793, 2816.3276, 769.9000, 18.7614
2025-12-03 22:14:45, 0.0772513954, 0.0851344736, 0.0811258005, 0.0791387345, 2934.6308, 2870.6000, 769.8250, 18.3162
2025-12-03 22:14:51, 0.0907211260, 0.0921775576, 0.0569956528, 0.0595494323, 2918.5455, 2918.6545, 769.0700, 18.3348
2025-12-03 22:14:57, 0.0785087512, 0.0840426206, 0.0582184604, 0.0556307338, 2969.3857, 2912.9143, 764.9450, 18.1624
2025-12-03 22:15:03, 0.1213892787, 0.1040000647, 0.0572222892, 0.0524850367, 2825.6364, 2803.0000, 765.2150, 18.5887
2025-12-03 22:15:08, 0.0625794221, 0.0678380934, 0.0775209403, 0.0764024556, 2739.0980, 2777.0196, 764.9100, 18.2086
2025-12-03 22:15:14, 0.0742842462, 0.0626020377, 0.0718820701, 0.0630538169, 2958.2333, 2900.0833, 766.8050, 18.9762
2025-12-03 22:15:20, 0.0657709594, 0.0651383363, 0.0707606223, 0.0588234152, 2995.5068, 2837.8904, 765.1100, 17.7952
2025-12-03 22:15:25, 0.0582823746, 0.0623269659, 0.0611406369, 0.0779596998, 2954.4737, 2824.0526, 767.4250, 19.0747
2025-12-03 22:15:31, 0.0725957784, 0.0738989208, 0.1169345148, 0.0666615649, 2911.7018, 2826.7895, 766.5200, 19.6898
2025-12-03 22:15:37, 0.1148155400, 0.0903278624, 0.0525364076, 0.0498660289, 3008.8088, 2998.7059, 766.1450, 19.4168
2025-12-03 22:15:43, 0.0830937992, 0.0854728062, 0.0549306062, 0.0556249119, 2835.6316, 2843.6140, 765.4750, 17.7369
2025-12-03 22:15:49, 0.0756580209, 0.0859955421, 0.0682142074, 0.0520304052, 2843.0339, 2857.7458, 766.3550, 18.2211
2025-12-03 22:15:55, 0.0974651693, 0.0725818819, 0.0745675916, 0.0522665097, 3075.2969, 2920.1875, 761.9200, 17.5184
2025-12-03 22:16:01, 0.0709207205, 0.0727925005, 0.0647161342, 0.0569693215, 3011.4833, 2917.9167, 764.4150, 20.1892
2025-12-03 22:16:06, 0.0924377596, 0.0929566479, 0.0643090488, 0.0367352561, 2866.6618, 2895.6618, 761.2150, 18.0396
2025-12-03 22:16:12, 0.1230284969, 0.0889582081, 0.0610475957, 0.0622639309, 2959.7778, 2924.1111, 762.0350, 17.0392
2025-12-03 22:16:18, 0.0864883850, 0.0852387414, 0.0988084040, 0.0865491141, 3119.9444, 3047.4259, 762.1150, 18.8601
2025-12-03 22:16:24, 0.0830947566, 0.0701474367, 0.0966583117, 0.0704686990, 2822.2830, 2692.0377, 761.0400, 18.8074
2025-12-03 22:16:29, 0.0671677132, 0.0495612244, 0.0764836147, 0.0768480477, 2999.1154, 3032.7500, 768.6000, 19.0783
2025-12-03 22:16:35, 0.0741165240, 0.0638620468, 0.0738685566, 0.0529993570, 2845.2653, 2860.8367, 759.2600, 18.2629
2025-12-03 22:16:41, 0.0839197201, 0.0614414653, 0.0707665997, 0.0716680473, 2815.0435, 2679.0870, 769.8650, 19.6213
2025-12-03 22:16:47, 0.0973968256, 0.0997590053, 0.0753159759, 0.0749555323, 2926.9851, 2918.7313, 757.7700, 20.3009
2025-12-03 22:16:52, 0.0833662360, 0.0678186039, 0.0599170862, 0.0621952679, 2776.6825, 2778.8730, 765.1200, 21.0470
2025-12-03 22:16:58, 0.0825691350, 0.0708080686, 0.0636678513, 0.0663438821, 2722.3103, 2741.8448, 765.5350, 19.2868
2025-12-03 22:17:04, 0.1010557486, 0.0869411788, 0.0717449574, 0.0500003814, 2804.8333, 2736.5667, 764.0400, 18.4149
2025-12-03 22:17:10, 0.0544563789, 0.0508284457, 0.0646244726, 0.0573245716, 2981.4921, 2863.5873, 764.5050, 19.6810
2025-12-03 22:17:15, 0.1114130799, 0.0708618366, 0.0799847364, 0.0555325132, 2864.8333, 2901.1667, 767.1050, 18.4259
2025-12-03 22:17:21, 0.0882046312, 0.0613029659, 0.0674354555, 0.0749412408, 2860.8679, 2692.6226, 767.6050, 16.9207
2025-12-03 22:17:27, 0.0525645744, 0.0604274768, 0.0830494097, 0.0612819683, 2819.8393, 2776.3036, 766.8650, 17.8985
2025-12-03 22:17:33, 0.0639809073, 0.0985097828, 0.0774538903, 0.0695840204, 2839.6207, 2881.7759, 765.8450, 19.7302
2025-12-03 22:17:39, 0.0607710978, 0.0824982674, 0.0665939573, 0.1001515782, 2903.3778, 3015.3556, 768.0400, 18.3853
2025-12-03 22:17:44, 0.1021459551, 0.0907432061, 0.0485082705, 0.0395644990, 2903.3860, 2878.3158, 764.7050, 17.6782
2025-12-03 22:17:50, 0.0843677532, 0.0737345822, 0.0875049389, 0.0736575355, 2955.0357, 2882.6607, 763.7200, 18.7681
2025-12-03 22:17:56, 0.0602577709, 0.0510282038, 0.0762163311, 0.0596886861, 2804.9149, 2707.2553, 769.1200, 19.0771
2025-12-03 22:18:02, 0.1055118286, 0.0885376906, 0.0705272478, 0.0566419267, 2980.4828, 2906.7241, 769.0700, 18.8933
2025-12-03 22:18:08, 0.0758053782, 0.0568070424, 0.0734121272, 0.0796270681, 3037.1481, 3075.2963, 771.1050, 18.7945
2025-12-03 22:18:13, 0.0767504357, 0.0719962768, 0.0692406910, 0.0461946423, 2759.6441, 2705.3051, 767.3750, 19.3937
2025-12-03 22:18:19, 0.1119410461, 0.0692879184, 0.0924288733, 0.0966223720, 2956.2041, 3010.3878, 769.7650, 17.3580
2025-12-03 22:18:25, 0.1004252245, 0.1055339241, 0.0939888898, 0.1284048582, 3038.4348, 3035.5217, 769.2150, 18.7742
2025-12-03 22:18:31, 0.1410361908, 0.1001336784, 0.0597004004, 0.0575446557, 2976.6500, 2963.0000, 767.3450, 18.8599
2025-12-03 22:18:37, 0.0643951307, 0.0752786934, 0.0774065594, 0.0658089211, 2794.1455, 2791.0182, 769.0450, 19.5152
2025-12-03 22:18:42, 0.0839729328, 0.0840810745, 0.1096407052, 0.1108166636, 2952.0714, 3065.8571, 764.3500, 18.5779
2025-12-03 22:18:48, 0.1148482135, 0.1293037643, 0.1126433151, 0.1152078974, 2795.5882, 2854.0784, 769.4200, 17.4489
2025-12-03 22:18:54, 0.1564087318, 0.1142308925, 0.0992307701, 0.0779862777, 2998.3415, 2934.3902, 763.1850, 18.3284
2025-12-03 22:18:59, 0.0939823273, 0.0707552139, 0.1182270970, 0.1402341003, 2907.4906, 2956.8113, 762.9150, 18.0410
2025-12-03 22:19:05, 0.0589207223, 0.0567088324, 0.0631029741, 0.0869485313, 2882.5532, 2966.1702, 760.6000, 16.3061
2025-12-03 22:19:11, 0.0952032149, 0.0971302212, 0.1015986236, 0.0859120471, 2857.7544, 2870.4561, 766.4300, 18.6554
2025-12-03 22:19:17, 0.0913661124, 0.0803044307, 0.0968485388, 0.0743461655, 2884.0943, 2856.9623, 765.1550, 18.3388
2025-12-03 22:19:23, 0.0748165962, 0.0662597467, 0.0905169664, 0.0723258281, 2890.0577, 2821.2692, 765.5950, 16.8470
2025-12-03 22:19:28, 0.0728614490, 0.0685245476, 0.1177930786, 0.1138103765, 2912.5254, 2820.8814, 759.9500, 18.2969
2025-12-03 22:19:34, 0.1057907491, 0.1029256779, 0.0674021011, 0.0712069613, 2833.4821, 2808.5893, 762.3850, 19.3630
2025-12-03 22:19:40, 0.0916232709, 0.0753154455, 0.1114820549, 0.1107490211, 2954.5636, 2929.2364, 767.2350, 20.5370
2025-12-03 22:19:46, 0.0701372703, 0.0638592725, 0.0826114534, 0.0809086008, 2775.2157, 2859.8627, 762.1400, 17.9196
2025-12-03 22:19:52, 0.0922201605, 0.0663957456, 0.0771837710, 0.0776318300, 2802.7091, 2818.4182, 759.6450, 18.7107
2025-12-03 22:19:57, 0.0804514426, 0.0812527698, 0.0995793786, 0.0884749204, 2833.9091, 2883.8000, 763.7700, 18.9052
2025-12-03 22:20:03, 0.0949357212, 0.0699602546, 0.0753268447, 0.0741372522, 2865.4909, 2914.1455, 761.8150, 18.3483
2025-12-03 22:20:09, 0.0906092742, 0.0750630402, 0.0791395825, 0.0715787244, 2896.8500, 2898.4833, 768.1300, 19.2035
2025-12-03 22:20:15, 0.0961996718, 0.0974018739, 0.0855774639, 0.0676358483, 2705.8108, 2725.5946, 770.9050, 19.0653
2025-12-03 22:20:21, 0.1218540656, 0.1107146675, 0.0907031168, 0.0917913654, 2897.3455, 2929.3636, 768.2500, 20.6990
2025-12-03 22:20:27, 0.0808882531, 0.0766059598, 0.0854993444, 0.1036669257, 2868.0377, 2985.3585, 769.3800, 20.0927
2025-12-03 22:20:32, 0.0776811440, 0.0839923459, 0.0741387988, 0.0867510658, 2867.5085, 3059.6949, 770.0700, 19.2275
2025-12-03 22:20:38, 0.0962176743, 0.0726433624, 0.0590882106, 0.0912664208, 2815.2340, 3008.1915, 769.2750, 19.2062
2025-12-03 22:20:44, 0.0940797261, 0.0747930981, 0.0846747643, 0.0663426243, 2881.3276, 2832.4138, 769.8550, 20.2853
2025-12-03 22:20:50, 0.0834819494, 0.0944600211, 0.0763398176, 0.0966696468, 2736.8929, 2756.1607, 776.8450, 20.6075
2025-12-03 22:20:56, 0.1155347940, 0.0798112480, 0.1284861128, 0.1148651015, 3089.3696, 2947.7391, 769.0000, 18.9589
2025-12-03 22:21:01, 0.0763692816, 0.1161987504, 0.0958380494, 0.0779118813, 2938.4390, 2931.6585, 771.7100, 18.7810
2025-12-03 22:21:07, 0.1088417541, 0.1067170881, 0.0937393460, 0.0916643685, 3000.9783, 2947.7609, 772.1100, 19.1788
2025-12-03 22:21:13, 0.0958686988, 0.0741195644, 0.0702894233, 0.0620013923, 2817.6111, 2816.4444, 774.3000, 19.3065
2025-12-03 22:21:19, 0.1097014634, 0.0689853430, 0.1076506520, 0.0889768716, 3177.3400, 3065.3200, 772.9900, 19.7727
2025-12-03 22:21:25, 0.0731114447, 0.0707258234, 0.1332593941, 0.0981952600, 2821.8793, 2802.6724, 771.1250, 19.5233
2025-12-03 22:21:30, 0.0985586485, 0.0950441353, 0.0782576169, 0.0904499070, 2807.0000, 2867.8750, 771.4800, 19.5433
2025-12-03 22:21:36, 0.0555913449, 0.0746408764, 0.1397923884, 0.1245967081, 2795.9123, 2706.6316, 766.5950, 17.7085
2025-12-03 22:21:42, 0.0583118469, 0.0704388718, 0.1265850230, 0.1051983676, 2853.0000, 2818.3333, 766.6450, 16.5048
2025-12-03 22:21:48, 0.0484147105, 0.0518992736, 0.0604016920, 0.0606832298, 2947.9524, 2758.7778, 767.9850, 18.6924
2025-12-03 22:21:53, 0.0496009855, 0.0665667800, 0.0782959235, 0.0803985617, 2967.4717, 2836.6604, 764.6050, 19.8899
2025-12-03 22:21:59, 0.0810421378, 0.0661423709, 0.0833214739, 0.0710696094, 3012.9800, 2966.0600, 762.4900, 17.4405
2025-12-03 22:22:05, 0.1180920631, 0.0974514752, 0.1034417808, 0.0917072647, 2922.8182, 2923.4318, 762.8400, 16.7736
2025-12-03 22:22:11, 0.0580248319, 0.0520385405, 0.0955279783, 0.0744149765, 2893.0755, 2927.2830, 763.9900, 16.9935
2025-12-03 22:22:17, 0.0666058150, 0.0748485875, 0.0716209205, 0.0689450109, 2864.3864, 2948.5455, 764.2300, 17.2895
2025-12-03 22:22:23, 0.0867033462, 0.0662447611, 0.0931768288, 0.0577279878, 3012.4559, 2982.3088, 763.6150, 18.2490
2025-12-03 22:22:28, 0.0955214303, 0.1105624214, 0.0873767441, 0.0692972951, 2679.1800, 2659.7200, 761.8050, 19.2512
2025-12-03 22:22:34, 0.0643879614, 0.0731611766, 0.0960770993, 0.0746797164, 2848.5536, 2836.0357, 764.4700, 18.7000
2025-12-03 22:22:40, 0.0784922141, 0.0857794720, 0.0613566760, 0.0660028572, 2740.9464, 2821.3214, 765.8400, 17.5498
2025-12-03 22:22:46, 0.0879404425, 0.0863059886, 0.0494679230, 0.0487915001, 3095.1220, 2982.6341, 763.6600, 20.0677
2025-12-03 22:22:52, 0.0832485198, 0.0823176509, 0.0718140926, 0.0677803964, 2899.1481, 2923.1296, 764.0500, 16.9917
2025-12-03 22:22:58, 0.1477106909, 0.1051684586, 0.0810158314, 0.0810852247, 2939.5357, 2916.4286, 764.2000, 20.6519
2025-12-03 22:23:03, 0.1235291579, 0.0951554153, 0.0865633951, 0.0689495494, 3000.2034, 2973.4915, 764.5050, 18.5035
2025-12-03 22:23:09, 0.0824342050, 0.0853120691, 0.0993060582, 0.0748990294, 3054.0962, 3075.4615, 764.7750, 17.1375
2025-12-03 22:23:15, 0.1043563962, 0.0842651091, 0.0890883917, 0.0711567858, 2930.1800, 2898.3200, 763.0600, 18.5722
2025-12-03 22:23:21, 0.1115076961, 0.0839677910, 0.0566896783, 0.0691041058, 2861.1765, 2848.7647, 764.3650, 20.2566
2025-12-03 22:23:26, 0.0686955721, 0.0564596330, 0.0471467240, 0.0599194498, 2854.1364, 2848.7424, 763.9900, 18.7550
2025-12-03 22:23:32, 0.0822952931, 0.0802383103, 0.0827115282, 0.0713173762, 2954.2542, 2968.4746, 767.0000, 20.8713
2025-12-03 22:23:38, 0.0576330715, 0.0626206150, 0.0693050455, 0.0526216347, 2996.6190, 2887.4603, 766.1300, 20.0301
2025-12-03 22:23:44, 0.0594337698, 0.0898828225, 0.0723870311, 0.0587465415, 2749.6250, 2825.6000, 763.8550, 20.7170
2025-12-03 22:23:49, 0.0692216355, 0.0591074532, 0.0584303915, 0.0646361936, 2890.0847, 2848.6780, 764.4000, 19.3561
2025-12-03 22:23:55, 0.0699845779, 0.0718876477, 0.0566037737, 0.0483378254, 2732.1429, 2645.7460, 765.2750, 20.0055
2025-12-03 22:24:01, 0.0595721068, 0.0547291260, 0.0547572252, 0.0473864364, 2870.6027, 2819.0000, 767.2750, 20.9093
2025-12-03 22:24:07, 0.1108978261, 0.1035223329, 0.0990382994, 0.0712305165, 2909.1636, 2937.7636, 764.7250, 19.9927
2025-12-03 22:24:12, 0.0802589146, 0.0728164641, 0.1031355476, 0.1133013110, 2994.6604, 3070.5472, 762.0250, 18.3841
2025-12-03 22:24:18, 0.0636069195, 0.0767092625, 0.0965556050, 0.0688931432, 2981.9615, 3006.5769, 764.4600, 19.6430
2025-12-03 22:24:24, 0.0624738857, 0.0722354239, 0.0728422848, 0.0708542747, 2767.5741, 2775.8889, 762.6000, 18.7989
2025-12-03 22:24:30, 0.0658771121, 0.0623301727, 0.0734666505, 0.0798530541, 3073.5510, 2981.7959, 765.7850, 19.8509
2025-12-03 22:24:36, 0.1203717062, 0.0779210853, 0.0563445410, 0.0613066345, 2823.6892, 2883.4054, 764.5200, 20.2111
2025-12-03 22:24:41, 0.0647239222, 0.0854376357, 0.0682611484, 0.0555347788, 2715.9623, 2879.4340, 768.0950, 20.3157
2025-12-03 22:24:47, 0.0912620199, 0.0787684560, 0.0722069674, 0.0956129108, 2820.6545, 2827.6727, 768.8250, 21.1961
2025-12-03 22:24:53, 0.0923200199, 0.1152433633, 0.0747914637, 0.0704560766, 2796.8889, 2791.2889, 758.3600, 20.0237
2025-12-03 22:24:58, 0.0619614872, 0.0608358987, 0.0660957105, 0.0707068324, 2827.9231, 2912.0462, 766.7750, 19.4464
2025-12-03 22:25:04, 0.0665766250, 0.0622172107, 0.0918911649, 0.0863276735, 2849.9000, 2900.8600, 766.1700, 19.5159
2025-12-03 22:25:10, 0.0719490861, 0.0524178787, 0.0817381009, 0.0870981853, 2830.0845, 2839.8169, 763.2250, 18.3364
2025-12-03 22:25:16, 0.0686944184, 0.0521822373, 0.0876384607, 0.0692607210, 2788.1765, 2769.8627, 764.0700, 18.2004
2025-12-03 22:25:22, 0.0741854193, 0.0761636558, 0.0821783131, 0.0571913645, 3052.0952, 2989.4444, 767.0050, 19.7019
2025-12-03 22:25:28, 0.0817741813, 0.0705244901, 0.0865096614, 0.0790997767, 2996.7273, 2941.9636, 769.3800, 17.1620
2025-12-03 22:25:34, 0.1001157903, 0.0818266270, 0.1168115489, 0.1017486788, 3013.4200, 2946.3600, 764.9100, 17.5500
2025-12-03 22:25:39, 0.0809388640, 0.0755267131, 0.0942261567, 0.0785286215, 2861.2344, 2880.4688, 766.9750, 18.5888
2025-12-03 22:25:45, 0.0854292373, 0.1042493052, 0.0954090987, 0.1054422645, 2933.1628, 2965.8372, 765.0450, 18.0957
2025-12-03 22:25:51, 0.0941645915, 0.0622105201, 0.1005824898, 0.0775454595, 2870.4833, 2796.5500, 765.8300, 16.5771
2025-12-03 22:25:57, 0.0894321448, 0.0867681529, 0.0702930435, 0.0732789511, 2901.1607, 2997.5179, 763.7250, 18.7907
2025-12-03 22:26:03, 0.1116585603, 0.0930217271, 0.0863195387, 0.0651718381, 2748.0400, 2767.1600, 765.6900, 19.5457
2025-12-03 22:26:08, 0.0977519111, 0.0826604200, 0.0820286633, 0.0795869894, 2814.6327, 2886.3673, 763.0450, 18.2924
2025-12-03 22:26:14, 0.0879161882, 0.0737317352, 0.1064711325, 0.0966015118, 2929.4902, 2894.0588, 767.0250, 19.4233
2025-12-03 22:26:20, 0.0921961176, 0.0682330009, 0.0523730472, 0.0594579948, 2894.1333, 2764.4333, 765.7050, 17.7403
2025-12-03 22:26:26, 0.0508223560, 0.0448505475, 0.0707962831, 0.0827177654, 2602.7031, 2617.4062, 765.4950, 19.5215
2025-12-03 22:26:32, 0.0316252698, 0.0368250410, 0.0890099945, 0.0748611353, 2963.4590, 2817.6885, 764.6800, 16.9487
2025-12-03 22:26:38, 0.0508983990, 0.0632473076, 0.1103082613, 0.0949071562, 2841.7246, 2778.1304, 767.9950, 17.5654
2025-12-03 22:26:43, 0.0595158908, 0.0558912693, 0.1060154944, 0.0933561773, 3099.6731, 2998.5962, 764.8950, 17.8819
2025-12-03 22:26:49, 0.0894986545, 0.0938983305, 0.1121478291, 0.1015519303, 2750.7455, 2743.6364, 765.5850, 17.6673
2025-12-03 22:26:55, 0.0626967880, 0.0744634116, 0.0712281084, 0.0587333891, 2935.2037, 2811.1111, 764.5800, 18.8596
2025-12-03 22:27:01, 0.0511916920, 0.0403886974, 0.0792556513, 0.0866336438, 3106.3750, 3006.0938, 766.5900, 17.1745
2025-12-03 22:27:07, 0.0500666663, 0.0387235062, 0.1047755195, 0.0890073845, 2700.4035, 2711.5965, 763.3750, 17.3929
2025-12-03 22:27:12, 0.0373989427, 0.0420073058, 0.1080692694, 0.1048821432, 3107.6111, 3091.5185, 764.7100, 17.1206
2025-12-03 22:27:18, 0.0469827038, 0.0399796432, 0.0443913654, 0.0627681883, 2827.4884, 2807.6512, 763.4500, 17.4080
2025-12-03 22:27:24, 0.0385661685, 0.0367352259, 0.1275919228, 0.0958650839, 2615.3654, 2681.5769, 761.0600, 18.3572
2025-12-03 22:27:30, 0.0429280923, 0.0423974182, 0.0829085843, 0.0885971621, 2749.5672, 2773.5373, 763.9400, 18.1919
2025-12-03 22:27:36, 0.0487532681, 0.0429040413, 0.1024283547, 0.0602192475, 3016.8302, 2896.9623, 763.1600, 17.8520
2025-12-03 22:27:41, 0.0758435251, 0.0654440375, 0.0594644895, 0.0902033828, 2799.4634, 2936.2439, 762.8650, 19.0745
2025-12-03 22:27:47, 0.0590049539, 0.0492670584, 0.0929614781, 0.0749985246, 2723.0500, 2792.3000, 764.9950, 18.8745
2025-12-03 22:27:53, 0.0532453340, 0.0414247583, 0.0849999956, 0.0813249549, 2949.8571, 2997.8571, 762.6000, 19.5862
2025-12-03 22:27:58, 0.0467106586, 0.0552706576, 0.0638861641, 0.0822654521, 2851.7385, 2982.9385, 765.2650, 18.7175
2025-12-03 22:28:05, 0.0601545316, 0.0400371958, 0.0787746110, 0.0674160446, 2850.0000, 2860.2963, 762.2350, 18.7144
2025-12-03 22:28:10, 0.0492053583, 0.0502166228, 0.0766815315, 0.0752823917, 2767.0769, 2744.5769, 764.0150, 19.2911
2025-12-03 22:28:16, 0.0723688670, 0.0535267264, 0.0837868039, 0.0727237530, 2633.7358, 2695.3019, 761.6650, 20.4476
2025-12-03 22:28:22, 0.0420556274, 0.0408677617, 0.0935078913, 0.0940608233, 2945.7143, 3062.3651, 763.9650, 17.4747
2025-12-03 22:28:28, 0.0483319210, 0.0429220967, 0.1051658515, 0.0876544705, 2851.1923, 2844.2115, 762.4750, 17.5548
2025-12-03 22:28:34, 0.0432444512, 0.0362432105, 0.2040000438, 0.1287113559, 3031.6964, 2972.2857, 761.4950, 18.2439
2025-12-03 22:28:40, 0.0754138534, 0.0652948395, 0.0960672801, 0.0864002599, 2758.9167, 2705.7083, 766.0550, 18.5300
2025-12-03 22:28:45, 0.0523570319, 0.0594547331, 0.1246835454, 0.0762737015, 2707.6613, 2668.2419, 766.4050, 18.8391
2025-12-03 22:28:51, 0.0537584506, 0.0599647216, 0.0827638538, 0.0749452230, 2943.8222, 3000.0222, 762.4650, 18.8647
2025-12-03 22:28:57, 0.0661904438, 0.0633313758, 0.0740130161, 0.0593823263, 2848.2308, 2886.0192, 763.7500, 17.6847
2025-12-03 22:29:03, 0.0921448904, 0.0727947753, 0.1261289617, 0.0854143095, 2825.0536, 2808.0000, 762.5650, 16.8809
2025-12-03 22:29:09, 0.0718124146, 0.0746858272, 0.1028315195, 0.0793329612, 2859.1731, 2770.0769, 761.7550, 18.6487
2025-12-03 22:29:15, 0.0829059967, 0.0733519197, 0.0843118304, 0.0817239703, 2996.5000, 2977.0417, 761.6900, 18.7431
2025-12-03 22:29:20, 0.0685039762, 0.0837568196, 0.0915064825, 0.0730194767, 2963.3962, 2904.0000, 762.6150, 17.4128
2025-12-03 22:29:26, 0.0978703578, 0.0742878962, 0.0670836268, 0.0621199234, 2804.4043, 2831.5957, 762.0100, 18.1348
2025-12-03 22:29:32, 0.0549953343, 0.0465679517, 0.0655406752, 0.0655442553, 2734.2157, 2764.7843, 763.1900, 17.5324
2025-12-03 22:29:38, 0.0561370265, 0.0595951990, 0.0585224475, 0.0754981529, 2866.7895, 2800.0877, 761.8800, 20.1059
2025-12-03 22:29:44, 0.0597197404, 0.0788872233, 0.1022896388, 0.0919863259, 2859.3273, 2800.1455, 762.6050, 17.6686
2025-12-03 22:29:49, 0.1001473621, 0.0893794538, 0.0573427127, 0.0471116247, 2788.7455, 2806.5091, 760.9900, 18.6451
2025-12-03 22:29:55, 0.0606198075, 0.0736891668, 0.0969873697, 0.0845305480, 2901.4386, 2928.1404, 760.3950, 16.2567
2025-12-03 22:30:01, 0.0663161020, 0.0751540684, 0.0777197055, 0.0755264308, 2849.6939, 2734.9796, 762.4450, 18.1383
2025-12-03 22:30:06, 0.0738978073, 0.0813074655, 0.0939001766, 0.1100382303, 2976.9815, 3014.0000, 761.0400, 18.1118
2025-12-03 22:30:12, 0.0907506012, 0.0654914531, 0.0732807048, 0.0859133985, 2797.8308, 2881.0615, 764.7300, 17.5937
2025-12-03 22:30:18, 0.1170399147, 0.1018201071, 0.0591226142, 0.0559420476, 3064.4776, 3035.0746, 760.4650, 17.6127
2025-12-03 22:30:24, 0.0761336804, 0.0715041773, 0.0656179963, 0.0538094733, 2900.5000, 2984.2778, 762.0200, 15.7683
2025-12-03 22:30:30, 0.0776331498, 0.0718309939, 0.0543125725, 0.0540906644, 2815.9516, 2889.2742, 761.2600, 17.7452
2025-12-03 22:30:35, 0.0586974659, 0.0505592097, 0.0870226147, 0.0810361297, 2800.6200, 2822.2400, 759.7050, 17.3204
2025-12-03 22:30:41, 0.0502103148, 0.0575405163, 0.1036963441, 0.1129935831, 2900.1579, 2862.8772, 758.7300, 18.0529
2025-12-03 22:30:47, 0.0906263901, 0.0744728378, 0.0791316485, 0.0696495900, 2861.2549, 2793.8627, 762.9650, 17.9076
2025-12-03 22:30:53, 0.0713602993, 0.0758243123, 0.1111925438, 0.0796311872, 3012.5574, 2993.2623, 761.1050, 18.9545
2025-12-03 22:30:59, 0.0952244320, 0.0943313427, 0.0922956925, 0.0740608158, 3016.3400, 3009.7000, 760.0550, 18.0336
2025-12-03 22:31:05, 0.0629135664, 0.0895644396, 0.0844814519, 0.0770506285, 2935.2414, 3061.4828, 760.1000, 18.3682
2025-12-03 22:31:10, 0.0813517732, 0.0728104632, 0.1220722457, 0.1355176741, 2605.4348, 2673.0652, 761.3850, 17.7732
2025-12-03 22:31:16, 0.0786828824, 0.0807957491, 0.0743302798, 0.0620474253, 2867.4444, 2970.2222, 758.8900, 17.6459
2025-12-03 22:31:22, 0.0797957750, 0.0920873864, 0.0912552212, 0.0734731836, 2852.8333, 2755.0000, 760.5350, 16.4481
2025-12-03 22:31:28, 0.0641769994, 0.0600444273, 0.0804248012, 0.0682996945, 2648.1538, 2615.5769, 762.0600, 17.3464
2025-12-03 22:31:33, 0.0584756124, 0.0546613085, 0.0990946217, 0.0857186587, 2770.0727, 2723.8364, 761.2550, 18.8518
2025-12-03 22:31:39, 0.0519551560, 0.0584330736, 0.0674099892, 0.0664575929, 2942.1455, 2916.5273, 759.9350, 17.0585
2025-12-03 22:31:45, 0.0533511710, 0.0482692455, 0.1215993245, 0.1065936870, 2640.2295, 2601.6230, 763.1350, 19.4360
2025-12-03 22:31:51, 0.1064453590, 0.0951898112, 0.0964285205, 0.0855356524, 2962.3438, 2983.3125, 760.4750, 19.4275
2025-12-03 22:31:57, 0.0835717444, 0.0723793135, 0.1339355512, 0.1221333401, 2739.9038, 2717.4808, 760.7300, 16.0810
2025-12-03 22:32:03, 0.0696490535, 0.0459571901, 0.1474029093, 0.1354017538, 3134.5106, 3137.8511, 761.2450, 17.6529
2025-12-03 22:32:08, 0.0670417267, 0.0511120238, 0.0701862118, 0.0654858738, 2951.2830, 2864.6604, 756.3900, 19.8655
2025-12-03 22:32:14, 0.0771700044, 0.0567375270, 0.1311008066, 0.0917114696, 3018.2264, 2949.1698, 756.1500, 18.2671
2025-12-03 22:32:20, 0.0545745782, 0.0534258671, 0.1365945826, 0.1120394624, 3036.0377, 2876.5660, 756.8650, 18.9398
2025-12-03 22:32:26, 0.0557720822, 0.0529974114, 0.1293600369, 0.1126823746, 3011.3519, 2966.5926, 762.7200, 17.6848
2025-12-03 22:32:32, 0.0727391951, 0.0593996582, 0.1279217910, 0.0909117539, 2959.9483, 2867.9138, 755.6300, 17.6704
2025-12-03 22:32:37, 0.0860018960, 0.0711944478, 0.1299188840, 0.0990458864, 2820.8939, 2928.8636, 756.7900, 19.0299
2025-12-03 22:32:43, 0.0698724175, 0.0978921443, 0.0623041629, 0.0767459446, 2784.1961, 2833.1373, 757.9900, 17.5718
2025-12-03 22:32:49, 0.0947879809, 0.0738504180, 0.1335053156, 0.1279353329, 3037.5306, 3106.7143, 764.2750, 18.2606
2025-12-03 22:32:55, 0.0779942700, 0.0935891106, 0.0928565668, 0.0661899983, 2771.4000, 2872.0444, 764.4400, 17.4965
2025-12-03 22:33:01, 0.1082398360, 0.0869622093, 0.1432012010, 0.1141341665, 2849.3469, 2844.5102, 759.6950, 18.3976
2025-12-03 22:33:06, 0.0744666809, 0.0760582808, 0.0999438045, 0.0861480361, 2903.7381, 3022.6905, 762.3200, 18.8294
2025-12-03 22:33:12, 0.0772998027, 0.0679913142, 0.0707549353, 0.0859325916, 2764.0250, 2706.9750, 761.8650, 17.6657
2025-12-03 22:33:18, 0.0861039193, 0.0616630416, 0.1134948901, 0.0987000658, 2861.8723, 2765.9149, 758.7850, 19.3724
2025-12-03 22:33:24, 0.0924116423, 0.0828378951, 0.1473479225, 0.1397679800, 2862.5333, 2937.4889, 762.2150, 18.4992
2025-12-03 22:33:29, 0.1603533198, 0.0893674627, 0.1660268824, 0.1644378211, 2835.5385, 2837.4872, 762.8200, 18.2688
2025-12-03 22:33:35, 0.0735800516, 0.0837774342, 0.0959186906, 0.0835701919, 2969.9412, 3019.2353, 765.0200, 18.9375
2025-12-03 22:33:41, 0.0457860607, 0.0497045984, 0.1534890122, 0.0890511137, 2958.0192, 2861.9808, 761.6450, 19.7033
2025-12-03 22:33:47, 0.0555851816, 0.0385015600, 0.1477192947, 0.1256285491, 2833.9091, 2799.0682, 767.2050, 20.5700
2025-12-03 22:33:53, 0.0532989513, 0.0464690254, 0.1036343915, 0.0958755924, 2966.9219, 2887.9531, 763.1100, 18.8615
2025-12-03 22:33:58, 0.0944378993, 0.0823254916, 0.1006933167, 0.1009521584, 2785.7581, 2777.7903, 763.1200, 18.7383
2025-12-03 22:34:05, 0.0685272191, 0.0807193360, 0.1158559402, 0.0878746834, 2778.0455, 2751.8182, 762.3100, 19.1688
2025-12-03 22:34:10, 0.0484295679, 0.0630832489, 0.0946479067, 0.0667962335, 2765.1837, 2785.4082, 759.0300, 19.5036
2025-12-03 22:34:16, 0.0955040344, 0.0691175028, 0.0996660354, 0.0890590834, 3095.5208, 3157.4583, 761.2700, 18.1551
2025-12-03 22:34:22, 0.0824080509, 0.0790885259, 0.1267344837, 0.0982068838, 2849.1136, 2748.5455, 759.9600, 19.1021
2025-12-03 22:34:28, 0.0733543641, 0.0702416264, 0.1476305985, 0.1701341645, 2925.0638, 3014.6383, 761.5350, 17.6524
2025-12-03 22:34:33, 0.0906675257, 0.0755678502, 0.0599729755, 0.0619850660, 2802.4130, 2868.3913, 761.1200, 20.1342
2025-12-03 22:34:39, 0.0773504693, 0.0658841098, 0.1010403911, 0.1034272490, 2833.1356, 2888.6271, 759.4900, 17.0118
2025-12-03 22:34:45, 0.0578321874, 0.0631341812, 0.0949976859, 0.0854665983, 2922.0000, 2866.1587, 759.8100, 18.2152
2025-12-03 22:34:51, 0.1033916996, 0.0861826260, 0.0866503375, 0.0672374524, 2953.2759, 2842.0000, 759.0300, 18.0779
2025-12-03 22:34:57, 0.0579049765, 0.0560773686, 0.1322284886, 0.0837790546, 2905.7119, 2879.1525, 758.2250, 18.0384
2025-12-03 22:35:03, 0.1006746721, 0.0817432595, 0.0933675907, 0.0845392546, 2708.8222, 2738.4000, 758.0700, 18.8081
2025-12-03 22:35:08, 0.0618308591, 0.0385269377, 0.1233085649, 0.0972751298, 2989.8302, 2762.0566, 760.0400, 18.8663
2025-12-03 22:35:14, 0.0499923026, 0.0468284707, 0.1604561113, 0.1417276473, 3039.8043, 2934.8696, 762.1100, 19.4645
2025-12-03 22:35:20, 0.0643373765, 0.0665966712, 0.0979564894, 0.0856522769, 2436.9615, 2484.5192, 761.2450, 20.8769
2025-12-03 22:35:26, 0.0662615528, 0.0655107231, 0.0893880396, 0.0758272758, 2871.0952, 2819.0000, 761.9350, 16.6575
2025-12-03 22:35:31, 0.0645342518, 0.0699652866, 0.1408343072, 0.0982770307, 3019.7826, 2860.1522, 766.0250, 19.5332
2025-12-03 22:35:37, 0.0465998573, 0.0372220540, 0.0780706380, 0.0912721861, 2930.7931, 2837.4310, 767.0450, 21.0913
2025-12-03 22:35:43, 0.0606834289, 0.0475946017, 0.1606143741, 0.1476300458, 3153.3750, 2963.0536, 764.0850, 18.2986
2025-12-03 22:35:49, 0.0660346915, 0.0587994027, 0.1192176903, 0.0933647236, 2826.2759, 2850.9483, 766.3600, 18.8974
2025-12-03 22:35:55, 0.0686027846, 0.0632120133, 0.0814321688, 0.0961177627, 2624.7619, 2682.6190, 765.1750, 17.6086
2025-12-03 22:36:00, 0.0498712923, 0.0532533538, 0.1929174531, 0.1510948762, 2794.3200, 2827.4600, 762.7050, 20.1101
2025-12-03 22:36:06, 0.0889464848, 0.0574126006, 0.1116173337, 0.0986536677, 2894.4808, 2890.0385, 764.6000, 19.6487
2025-12-03 22:36:12, 0.0817251918, 0.0732266031, 0.1721652573, 0.1117191127, 2874.3265, 2830.2653, 766.7650, 19.4728
2025-12-03 22:36:18, 0.0783895119, 0.0688635585, 0.1720676121, 0.1112504911, 2893.5536, 2933.0536, 765.3300, 18.6178
2025-12-03 22:36:24, 0.0856097499, 0.0729972566, 0.1014919572, 0.0874259044, 2659.4483, 2705.8966, 765.8950, 18.5767
2025-12-03 22:36:29, 0.0605049254, 0.0596732748, 0.1397752936, 0.1096177230, 2956.0169, 2907.3220, 767.7850, 18.5048
2025-12-03 22:36:36, 0.0723080470, 0.0740749657, 0.0867637835, 0.0822321288, 2769.5106, 2890.2979, 767.0900, 17.8878
2025-12-03 22:36:41, 0.1150736208, 0.1212785150, 0.1530231825, 0.1029594311, 2963.0426, 2787.5106, 764.3000, 17.9335
2025-12-03 22:36:47, 0.1389232217, 0.1066509630, 0.0895620177, 0.1078132375, 2993.2576, 2959.3182, 765.2700, 18.5587
2025-12-03 22:36:53, 0.1248358701, 0.1015159013, 0.1505021316, 0.1109824345, 2956.6714, 2962.5714, 765.3000, 17.7975
2025-12-03 22:36:59, 0.1630576744, 0.1251389864, 0.0983043631, 0.0861298889, 2690.0200, 2811.2000, 764.8100, 16.8447
2025-12-03 22:37:04, 0.1005082824, 0.1104271248, 0.0975806302, 0.0905587753, 2723.0000, 2764.6786, 764.1700, 18.9275
2025-12-03 22:37:11, 0.0698547488, 0.0833327016, 0.0982253521, 0.0871368954, 2664.6792, 2651.8302, 764.5850, 18.3353
2025-12-03 22:37:16, 0.0979209568, 0.0752894624, 0.0838790541, 0.0701004697, 2986.9434, 2954.1698, 762.2250, 17.9222
2025-12-03 22:37:22, 0.0760965005, 0.0711233632, 0.0903988423, 0.0813826560, 2996.1136, 2993.9545, 763.7250, 19.1002
2025-12-03 22:37:28, 0.0913702869, 0.0613944473, 0.1025947360, 0.0893390477, 2833.4340, 2827.9623, 765.6500, 18.1702
2025-12-03 22:37:33, 0.0910425333, 0.0974066196, 0.1524069962, 0.1382841375, 2811.3529, 2878.8039, 764.6100, 17.3020
2025-12-03 22:37:39, 0.1000686960, 0.1388704200, 0.0810075091, 0.0931173965, 2988.4000, 2969.9400, 762.0750, 20.3831
2025-12-03 22:37:45, 0.1026367162, 0.1119210450, 0.0803255616, 0.0781598602, 2697.8704, 2694.0000, 764.0150, 19.6582
2025-12-03 22:37:51, 0.1371334670, 0.1171254467, 0.1273514348, 0.1112766261, 3028.5000, 3039.8000, 765.6400, 18.5642
2025-12-03 22:37:57, 0.1030331155, 0.0930880865, 0.1652661370, 0.2032750508, 3137.0417, 3116.2917, 762.3550, 19.6700
2025-12-03 22:38:02, 0.0924636971, 0.0772263457, 0.1646861972, 0.1314119923, 3148.3636, 2974.4545, 763.7350, 18.1184
2025-12-03 22:38:08, 0.1147914141, 0.0858078927, 0.1080925176, 0.0988202875, 2955.1522, 3007.2174, 763.0850, 15.7663
2025-12-03 22:38:14, 0.0636166597, 0.0631452492, 0.1094039367, 0.1311994910, 2997.7170, 2951.7170, 766.4500, 19.4499
2025-12-03 22:38:20, 0.0792059389, 0.0640316899, 0.0903493590, 0.0715462643, 2800.8537, 2924.6341, 761.9100, 18.2645
2025-12-03 22:38:26, 0.0757569476, 0.0624580460, 0.0848411479, 0.1042515435, 2930.8033, 2918.4590, 760.0550, 18.1687
2025-12-03 22:38:32, 0.0669636511, 0.0625605510, 0.0978253476, 0.0802668941, 3020.2143, 2922.2500, 762.5650, 18.4108
2025-12-03 22:38:38, 0.0924157672, 0.0645497065, 0.1041071210, 0.1224421853, 2818.6833, 2885.2333, 764.8050, 17.7324
2025-12-03 22:38:43, 0.0500899824, 0.0466125239, 0.0841500593, 0.0884947945, 2859.4500, 2917.5833, 762.5350, 17.8050
2025-12-03 22:38:49, 0.0745377460, 0.0762249701, 0.0704715625, 0.0690375880, 2813.9623, 2754.9434, 764.2650, 17.9754
2025-12-03 22:38:55, 0.0591006069, 0.0421457755, 0.0602949888, 0.0625712850, 2499.4706, 2491.7255, 763.7100, 17.9465
2025-12-03 22:39:01, 0.0747333397, 0.0551869492, 0.1175478965, 0.1408590392, 2864.1481, 2823.4074, 764.1950, 16.6921
2025-12-03 22:39:07, 0.0680590845, 0.0681119459, 0.0925348064, 0.0953776863, 3129.7551, 3099.2245, 766.0950, 18.1104
2025-12-03 22:39:12, 0.0566135961, 0.0724528758, 0.1978293140, 0.1408456578, 2886.2759, 2789.8103, 763.7700, 17.5362
2025-12-03 22:39:18, 0.0746087598, 0.0851783103, 0.1100183357, 0.0968439707, 2785.7667, 2784.3667, 764.6450, 17.5587
2025-12-03 22:39:24, 0.0876165300, 0.0640076051, 0.1596258393, 0.1193395815, 2864.8000, 2864.4200, 767.9400, 18.0797
2025-12-03 22:39:30, 0.0748337664, 0.0629149272, 0.1420024917, 0.0989006814, 3113.1111, 3096.5741, 764.6300, 19.3203
2025-12-03 22:39:36, 0.0545810255, 0.0821914854, 0.1010124786, 0.0940652901, 2996.2449, 2958.8367, 760.4850, 16.9676
2025-12-03 22:39:42, 0.0733640954, 0.0552315506, 0.1166760291, 0.1135503682, 2904.8889, 2869.2063, 763.6400, 18.0862
2025-12-03 22:39:47, 0.0836977615, 0.0590542602, 0.1409650028, 0.1259893081, 3092.3182, 3124.1667, 763.6250, 19.6124
2025-12-03 22:39:53, 0.0542997311, 0.0475694945, 0.1007335595, 0.1130987024, 2720.9818, 2835.3636, 765.6600, 18.5945
2025-12-03 22:39:59, 0.0885157446, 0.0775448522, 0.0940520694, 0.0619246274, 2648.4138, 2696.9483, 766.0750, 16.5130
2025-12-03 22:40:05, 0.0610439098, 0.0551136767, 0.1391166641, 0.0947289206, 2900.8333, 2837.3000, 764.5300, 19.2439
2025-12-03 22:40:11, 0.0983302509, 0.0652672622, 0.0850770132, 0.0783683901, 2755.8333, 2780.2222, 762.1150, 16.9470
2025-12-03 22:40:17, 0.0984033105, 0.0783534083, 0.0928764881, 0.0843000383, 3059.0222, 2939.4222, 765.7500, 17.8672
2025-12-03 22:40:23, 0.0681014495, 0.0591432233, 0.0794306974, 0.0720314023, 2906.0769, 2800.9423, 761.2650, 19.3330
2025-12-03 22:40:28, 0.0434028209, 0.0388848475, 0.0867906026, 0.1165494547, 2726.2188, 2710.2969, 763.3700, 20.0223
2025-12-03 22:40:34, 0.0637440139, 0.0536506511, 0.0932279486, 0.1084522649, 2807.7170, 2949.2453, 760.9200, 18.9819
2025-12-03 22:40:40, 0.0699046879, 0.0526853241, 0.0657164478, 0.0724122699, 2875.3158, 2870.7368, 764.2350, 17.8295
2025-12-03 22:40:46, 0.0840195223, 0.0523435813, 0.1032378324, 0.1340608175, 2783.0714, 2798.6429, 761.3900, 19.6468
2025-12-03 22:40:51, 0.0540263346, 0.0559445246, 0.1428568299, 0.1540796420, 2774.6500, 2715.6167, 759.3250, 19.5164
2025-12-03 22:40:57, 0.0556316475, 0.0390131253, 0.1348101269, 0.1329679647, 2874.8810, 2857.9524, 766.0700, 17.5047
2025-12-03 22:41:03, 0.0476488269, 0.0458998869, 0.1126430617, 0.1079049638, 3173.5417, 2985.7708, 761.7500, 18.0607
2025-12-03 22:41:09, 0.0652670889, 0.0502304573, 0.0916835837, 0.0699974987, 2906.5333, 2822.5778, 762.0700, 18.2119
2025-12-03 22:41:15, 0.0407510812, 0.0422518945, 0.0849017999, 0.0856626494, 2770.0000, 2766.7347, 762.7200, 19.2263
2025-12-03 22:41:20, 0.0674769587, 0.0562731823, 0.1008028169, 0.1011986524, 3194.1463, 3148.1463, 765.8950, 20.3577
2025-12-03 22:41:27, 0.1020985721, 0.0922720279, 0.0956831799, 0.0928400215, 2816.2340, 2856.4255, 764.3500, 18.7731
2025-12-03 22:41:33, 0.0916840640, 0.0830152134, 0.0852826171, 0.1024137158, 2932.4576, 2880.7119, 762.4950, 18.1353
2025-12-03 22:41:39, 0.0952800857, 0.0792421831, 0.1123106591, 0.0946628559, 2847.1552, 2821.5690, 762.7500, 19.3162
2025-12-03 22:41:45, 0.0509089251, 0.0475955500, 0.0944755921, 0.0813754102, 2906.3333, 2963.2333, 763.1000, 20.2524
2025-12-03 22:41:51, 0.0543106503, 0.0395622443, 0.1289539721, 0.0864009329, 2826.8462, 2854.2308, 762.0750, 19.7408
2025-12-03 22:41:56, 0.0740566951, 0.0621754900, 0.0855146322, 0.0840793968, 2835.7358, 2824.2453, 762.9450, 18.5691
2025-12-03 22:42:02, 0.0513366592, 0.0418277169, 0.0884466684, 0.0844430950, 2595.7193, 2627.5965, 767.0900, 18.6352
2025-12-03 22:42:08, 0.0412724447, 0.0398098606, 0.1597800097, 0.1110635125, 2923.4561, 2788.3509, 766.4000, 19.2518
2025-12-03 22:42:14, 0.0309635760, 0.0325672653, 0.0938260836, 0.0719080029, 2864.0500, 2767.8167, 767.4250, 18.2347
2025-12-03 22:42:20, 0.0504620123, 0.0436864219, 0.0729489970, 0.0989351631, 2729.5417, 2825.7500, 764.1700, 18.8677
2025-12-03 22:42:25, 0.0411280931, 0.0517297605, 0.0816961728, 0.0801993736, 2684.0227, 2554.1591, 766.8350, 17.0202
2025-12-03 22:42:31, 0.0431492912, 0.0428175997, 0.1083424650, 0.0737858628, 2977.0345, 2841.7586, 768.2250, 18.9091
2025-12-03 22:42:37, 0.0389951207, 0.0357674171, 0.0852797669, 0.0781700551, 2846.2881, 2661.4407, 768.7800, 19.6861
2025-12-03 22:42:43, 0.0445533328, 0.0379662586, 0.1059923466, 0.0931905733, 2849.8246, 2898.1754, 770.1400, 17.7079
2025-12-03 22:42:49, 0.0430655430, 0.0318170157, 0.0898009165, 0.1176904768, 2572.1111, 2552.0741, 764.3450, 18.0883
2025-12-03 22:42:54, 0.0329071559, 0.0368243076, 0.1110262474, 0.0858503064, 2651.3125, 2651.3125, 766.5900, 16.9538
2025-12-03 22:43:00, 0.0288602296, 0.0392753656, 0.1442020951, 0.0842629421, 2818.1053, 2707.8421, 763.0250, 16.8987
2025-12-03 22:43:06, 0.0262291815, 0.0267222184, 0.0889631930, 0.0649391176, 2940.3857, 2758.0143, 763.2250, 17.7804
2025-12-03 22:43:12, 0.0297937274, 0.0294763503, 0.1058380522, 0.0890388440, 2797.1029, 2710.9118, 764.4750, 18.2620
2025-12-03 22:43:17, 0.0383971615, 0.0268705261, 0.1236643137, 0.1189041387, 2776.7414, 2737.3103, 765.8600, 16.9302
2025-12-03 22:43:23, 0.0393868932, 0.0440073433, 0.1092215494, 0.0957728799, 2705.9216, 2699.2745, 761.4650, 18.2644
2025-12-03 22:43:29, 0.0406449896, 0.0341825992, 0.1143885210, 0.1223818419, 3105.7193, 3075.4561, 763.8900, 17.6819
2025-12-03 22:43:35, 0.0426837260, 0.0367879016, 0.0980690794, 0.1198640999, 2838.4521, 2868.0411, 761.8600, 16.0331
2025-12-03 22:43:41, 0.0443095998, 0.0436956348, 0.1163191609, 0.0608310598, 2918.0161, 2689.6290, 759.5700, 19.1171
2025-12-03 22:43:47, 0.0315003403, 0.0423239740, 0.1301328112, 0.0928236447, 2849.6333, 2843.0333, 763.0450, 17.6154
2025-12-03 22:43:52, 0.0342690255, 0.0268541431, 0.0933624908, 0.0806351780, 2906.5902, 2897.5082, 762.6450, 18.2271
2025-12-03 22:43:58, 0.0629780469, 0.0503333962, 0.0801487045, 0.0627654894, 3003.6111, 2960.8519, 761.3500, 18.1917
2025-12-03 22:44:04, 0.0614151477, 0.0391984595, 0.0786801134, 0.0827907219, 2778.6346, 2827.4423, 764.7900, 19.4017
2025-12-03 22:44:10, 0.0890892606, 0.0747263319, 0.0780127298, 0.0916039727, 2879.1224, 2790.5510, 763.7000, 19.0394
2025-12-03 22:44:16, 0.0481877792, 0.0608689032, 0.0778771566, 0.0765570159, 2938.9362, 2932.8723, 763.4800, 17.5892
2025-12-03 22:44:22, 0.0620133364, 0.0639522452, 0.0972849246, 0.1036026703, 2727.2340, 2775.4894, 762.3800, 18.3574
2025-12-03 22:44:28, 0.0762688219, 0.0871148837, 0.0794306563, 0.0613373205, 2967.7500, 3068.3333, 762.5550, 18.3005
2025-12-03 22:44:34, 0.0535129361, 0.0519599047, 0.0964615320, 0.1076667812, 2770.6842, 2905.8246, 763.1700, 18.9244
2025-12-03 22:44:40, 0.0594640301, 0.0666217378, 0.1103890247, 0.0979818831, 2818.8704, 2771.4815, 759.3000, 17.7387
2025-12-03 22:44:45, 0.0549226988, 0.0820805168, 0.0574501588, 0.0594370498, 2780.7963, 2808.4074, 760.9000, 17.1423
2025-12-03 22:44:51, 0.0368833206, 0.0370217958, 0.1159352168, 0.1147970219, 2938.4035, 2798.8772, 762.6250, 19.0970
2025-12-03 22:44:57, 0.0355871234, 0.0341630178, 0.0913867424, 0.0932272739, 2910.6327, 2977.1837, 765.3450, 18.3550
2025-12-03 22:45:03, 0.0475791602, 0.0496438028, 0.1117136019, 0.1020325763, 2844.7500, 2710.7031, 766.5050, 17.8715
2025-12-03 22:45:08, 0.0364561471, 0.0414731113, 0.0791590730, 0.0663898989, 2950.7119, 2920.8983, 766.4750, 18.1796
2025-12-03 22:45:14, 0.0588028016, 0.0505990577, 0.0819862977, 0.0779162365, 2908.0172, 2803.5172, 765.1550, 18.1047
2025-12-03 22:45:20, 0.0558060746, 0.0514891323, 0.0702670979, 0.0569893875, 2789.3509, 2912.9123, 764.8650, 18.6673
2025-12-03 22:45:26, 0.0511573574, 0.0358082936, 0.0623948188, 0.0485569584, 3047.3636, 2905.7455, 765.5600, 19.8989
2025-12-03 22:45:31, 0.1154768218, 0.0906495926, 0.0831953046, 0.0631258231, 2952.2167, 2853.4000, 766.9600, 20.5635
2025-12-03 22:45:37, 0.0958725464, 0.0892606606, 0.1061197492, 0.0994649706, 2993.3659, 3054.9512, 764.2500, 18.4821
2025-12-03 22:45:44, 0.0770964258, 0.0892785295, 0.0882227251, 0.0865306769, 2590.5946, 2639.5946, 765.8800, 18.8246
2025-12-03 22:45:50, 0.0796138269, 0.0630335431, 0.1267383406, 0.1137578808, 3032.7895, 2851.9825, 767.2550, 16.6811
2025-12-03 22:45:55, 0.0589174761, 0.0411523010, 0.0925942293, 0.0671643510, 3013.0645, 2897.3871, 764.6450, 19.9359
2025-12-03 22:46:01, 0.0337366212, 0.0489878268, 0.0892674176, 0.0573234440, 3023.2742, 2797.1935, 763.7450, 18.8074
2025-12-03 22:46:07, 0.0589606833, 0.0702998694, 0.0691969414, 0.0789625866, 2839.1951, 2860.0244, 768.0550, 17.3093
2025-12-03 22:46:13, 0.1048240593, 0.0763433357, 0.1193478699, 0.0868318650, 3117.4048, 2990.3333, 768.2750, 18.5356
2025-12-03 22:46:19, 0.0433749014, 0.0449357082, 0.1065846111, 0.0976715751, 2849.7600, 2845.4200, 760.7500, 16.5993
2025-12-03 22:46:24, 0.0369852585, 0.0301746583, 0.0795791016, 0.0640074669, 2834.6545, 2803.3455, 764.5550, 18.8398
2025-12-03 22:46:30, 0.0594237563, 0.0657861648, 0.0939752388, 0.1151219051, 2788.0606, 2744.1970, 768.4200, 19.9686
2025-12-03 22:46:36, 0.0556253662, 0.0554606139, 0.0799504896, 0.0843934271, 2947.4333, 2963.3167, 760.1500, 19.2288
2025-12-03 22:46:42, 0.0843283354, 0.0760649470, 0.0847036014, 0.0936936160, 2916.5000, 2873.2833, 759.3600, 17.7006
2025-12-03 22:46:48, 0.0661721177, 0.0575500422, 0.0617950457, 0.0500698913, 3009.7903, 2916.5968, 758.4700, 17.7488
2025-12-03 22:46:53, 0.0757263299, 0.1055741594, 0.0957626592, 0.0974507280, 2988.2540, 2943.6667, 758.2850, 16.0936
2025-12-03 22:46:59, 0.0680937510, 0.0677560548, 0.0971892363, 0.0781717669, 2967.3200, 2979.0800, 759.6200, 17.8817
2025-12-03 22:47:05, 0.0644808637, 0.0461176277, 0.1606652685, 0.1232141170, 3176.4318, 2924.6364, 757.9450, 17.5560
2025-12-03 22:47:11, 0.0903810452, 0.0863336448, 0.0969293155, 0.0955456306, 2632.6393, 2692.3934, 758.8050, 18.2197
2025-12-03 22:47:17, 0.0882398761, 0.0545181737, 0.0948937158, 0.0783663737, 2694.3390, 2620.0000, 755.9400, 17.0654
2025-12-03 22:47:23, 0.0724903223, 0.0658794763, 0.0674190883, 0.0876695666, 2887.6923, 2889.1154, 758.1400, 17.3946
2025-12-03 22:47:29, 0.0728052189, 0.0459531096, 0.0805354135, 0.0843380831, 2977.6731, 2950.2500, 760.5000, 20.3907
2025-12-03 22:47:35, 0.0347194423, 0.0371061150, 0.0727829940, 0.0814400428, 2846.3333, 2662.6032, 757.9550, 18.2998
2025-12-03 22:47:41, 0.0411012154, 0.0383519899, 0.1125253125, 0.0829948862, 2879.5493, 2750.8873, 759.0000, 18.6665
2025-12-03 22:47:46, 0.0541207355, 0.0448397571, 0.0927978228, 0.0700520620, 2883.4464, 2867.7857, 758.0600, 19.5391
2025-12-03 22:47:52, 0.0800131034, 0.0646199204, 0.1488209531, 0.1134675838, 2875.5102, 2817.2449, 757.9900, 18.3918
2025-12-03 22:47:58, 0.0600728847, 0.0534103418, 0.0854885352, 0.1044383508, 2947.8909, 2924.8909, 759.4100, 18.2398
2025-12-03 22:48:04, 0.0605076253, 0.0494879670, 0.0960593135, 0.0901612449, 2921.9815, 2855.9074, 760.1550, 20.3667
2025-12-03 22:48:09, 0.0919732177, 0.0765309975, 0.0748333320, 0.0717688233, 2795.7627, 2808.6949, 763.5800, 18.1806
2025-12-03 22:48:15, 0.1092362887, 0.0685705459, 0.0908174866, 0.1264374370, 2768.9423, 2942.9231, 761.0250, 18.6232
2025-12-03 22:48:21, 0.0673076170, 0.0569237533, 0.0935431582, 0.0971410283, 3145.1346, 3060.9615, 761.4850, 19.2969
2025-12-03 22:48:27, 0.0730553616, 0.0572091880, 0.0640255108, 0.0615572533, 2843.1692, 2960.0000, 760.5550, 18.3972
2025-12-03 22:48:33, 0.0454778744, 0.0398034582, 0.1231368013, 0.1056071509, 2882.1757, 2752.6622, 761.4850, 17.1828
2025-12-03 22:48:39, 0.0646739706, 0.0599480002, 0.0976679020, 0.0928517155, 2810.8793, 2837.7241, 761.9650, 18.6677
2025-12-03 22:48:44, 0.0655886074, 0.0660730034, 0.1148809145, 0.0875092406, 2930.1897, 2955.1552, 761.5450, 16.2858
2025-12-03 22:48:50, 0.1066517763, 0.1464600544, 0.0880027852, 0.0808376364, 3010.8718, 2878.7179, 762.0200, 18.0361
2025-12-03 22:48:56, 0.0904667228, 0.0796133927, 0.0627077541, 0.0774520164, 2743.2273, 2570.4091, 765.3600, 16.4454
2025-12-03 22:49:02, 0.0717660101, 0.0731544382, 0.0599539867, 0.0734261608, 2820.5439, 2820.2982, 763.1750, 16.4992
2025-12-03 22:49:08, 0.0809617209, 0.0784016567, 0.0763213310, 0.0933676457, 2711.2727, 2728.8364, 764.1000, 16.3948
2025-12-03 22:49:14, 0.0910262759, 0.0928229194, 0.1051896807, 0.1010195555, 3001.2742, 3062.7419, 762.7450, 18.1918
2025-12-03 22:49:20, 0.0956505833, 0.0707648042, 0.1087370414, 0.1171170712, 3010.5424, 2965.1525, 761.5100, 16.3233
2025-12-03 22:49:25, 0.1280890361, 0.0972340357, 0.1532256557, 0.1088565995, 3038.4348, 2995.3913, 762.0000, 17.9833
2025-12-03 22:49:31, 0.0527125553, 0.0489173137, 0.0728003672, 0.0913877828, 2748.1429, 2839.1429, 760.9150, 18.0041
2025-12-03 22:49:37, 0.0704498343, 0.0629631600, 0.1268055829, 0.1643780515, 2775.7000, 2862.6167, 763.2400, 17.5534
2025-12-03 22:49:43, 0.0576285145, 0.0635092675, 0.1048006066, 0.1153751531, 2747.2679, 2887.4643, 764.0600, 16.6270
2025-12-03 22:49:49, 0.0944412073, 0.1031464086, 0.1341961209, 0.1231279189, 2880.2807, 2805.4386, 763.4250, 18.3007
2025-12-03 22:49:54, 0.0788647816, 0.0762190577, 0.0938772329, 0.1085330094, 2713.0208, 2766.9167, 767.1050, 16.7486
2025-12-03 22:50:00, 0.0565777425, 0.0576233889, 0.0890867207, 0.0758722834, 2837.6957, 2836.1087, 760.2600, 17.2114
2025-12-03 22:50:06, 0.0788931637, 0.0632680556, 0.1449093210, 0.1270886346, 3058.7736, 3089.0943, 760.0050, 19.1281
2025-12-03 22:50:12, 0.0603560927, 0.0575459240, 0.0823769954, 0.0655110728, 2888.0893, 2903.4643, 761.2950, 17.2658
2025-12-03 22:50:18, 0.0787536694, 0.0915669204, 0.0821093576, 0.0608057349, 2593.3095, 2575.7381, 761.5650, 18.1881
2025-12-03 22:50:24, 0.0855074308, 0.0859335064, 0.0828392098, 0.0935078644, 2636.8367, 2681.9388, 763.2500, 16.8291
2025-12-03 22:50:30, 0.1007905786, 0.0736422043, 0.0728783384, 0.0616726039, 2895.0909, 2874.0545, 761.3450, 17.5484
2025-12-03 22:50:35, 0.0781925286, 0.0670353832, 0.0623924081, 0.0389806997, 2905.9400, 2853.7000, 758.6650, 16.1744
2025-12-03 22:50:41, 0.1252353486, 0.1001704422, 0.0802823553, 0.0823340561, 2861.6735, 2876.4694, 758.2450, 17.7140
2025-12-03 22:50:47, 0.0996206401, 0.0898135833, 0.0987100420, 0.0839743462, 2532.1064, 2461.7234, 758.5150, 18.2222
2025-12-03 22:50:53, 0.1031492385, 0.0925614737, 0.0828422154, 0.0728497902, 2928.7115, 2959.4231, 759.3400, 18.1746
2025-12-03 22:50:58, 0.1099861482, 0.0808760966, 0.0893056783, 0.0705867118, 3007.0833, 3048.8000, 759.2150, 17.2110
2025-12-03 22:51:04, 0.0614476250, 0.0630464586, 0.0909258981, 0.0861247146, 2848.2128, 2860.0426, 760.3100, 17.3742
2025-12-03 22:51:10, 0.0551075556, 0.0589750705, 0.0666913510, 0.0597006502, 2760.2407, 2795.7963, 761.2900, 18.2227
2025-12-03 22:51:16, 0.0762379047, 0.0585122539, 0.1244796441, 0.1146835671, 2937.1224, 2907.0000, 760.2500, 18.8570
2025-12-03 22:51:22, 0.0693129309, 0.0587192776, 0.1326971183, 0.1139306446, 3003.9455, 2892.6909, 760.4100, 17.5856
2025-12-03 22:51:28, 0.0604872397, 0.0599972866, 0.0583827747, 0.0805929360, 2956.6585, 3060.3659, 762.6650, 20.0777
2025-12-03 22:51:33, 0.0764845115, 0.0643650750, 0.0694370803, 0.0710894025, 2761.3485, 2700.3485, 763.0250, 17.6520
2025-12-03 22:51:39, 0.0835956858, 0.0701564994, 0.0577159242, 0.0477016232, 2877.3800, 2880.5400, 763.8500, 19.1971
2025-12-03 22:51:45, 0.0747739555, 0.0616646857, 0.0884370728, 0.0743781563, 2972.2063, 2800.8730, 763.7050, 19.6596
2025-12-03 22:51:51, 0.0912296519, 0.0995406847, 0.0606313413, 0.0815091815, 2863.6296, 2927.2407, 765.2200, 18.4123
2025-12-03 22:51:57, 0.0668317928, 0.0589209053, 0.0905428120, 0.0970629628, 3022.7818, 2931.5636, 764.8500, 17.9251
2025-12-03 22:52:03, 0.0832769344, 0.0916295743, 0.0704316153, 0.0835307656, 2999.9818, 2952.4364, 762.1550, 20.2074
2025-12-03 22:52:09, 0.0803929850, 0.0755515661, 0.0821096698, 0.0651760795, 2852.7727, 2822.6591, 762.5350, 19.3925
2025-12-03 22:52:14, 0.0845290940, 0.0710494392, 0.0998206933, 0.0853812121, 2914.8364, 2842.4000, 764.0250, 17.4910
2025-12-03 22:52:20, 0.0552845653, 0.0506449349, 0.0830183425, 0.0611231038, 2865.4821, 2893.9643, 764.0550, 17.4402
2025-12-03 22:52:26, 0.1011641879, 0.0876079318, 0.1010939818, 0.0657804952, 3191.7818, 2940.3818, 762.7050, 19.1099
2025-12-03 22:52:32, 0.0841163762, 0.0713301088, 0.1111657406, 0.0981660634, 3072.3966, 2990.3276, 763.5900, 19.6444
2025-12-03 22:52:38, 0.0936820512, 0.0995534056, 0.0619337381, 0.0630613998, 2882.7719, 2953.5439, 767.7800, 17.7880
2025-12-03 22:52:44, 0.0869202276, 0.0841931624, 0.0784190593, 0.0710270310, 2871.2692, 2797.8077, 768.2600, 18.8243
2025-12-03 22:52:49, 0.0768440662, 0.0805144800, 0.0783594804, 0.0863809745, 2932.3235, 2951.2941, 768.0400, 19.4689
2025-12-03 22:52:55, 0.1014346213, 0.0621355817, 0.0721106946, 0.0768592705, 3055.6739, 3110.4130, 767.0600, 19.8680
2025-12-03 22:53:01, 0.0881468968, 0.0827117041, 0.0461275056, 0.0508503374, 2670.5345, 2632.7586, 767.6450, 18.1887
2025-12-03 22:53:07, 0.0696708058, 0.0611333340, 0.0635964172, 0.0777352381, 2670.1020, 2750.0612, 773.9400, 19.6392
2025-12-03 22:53:13, 0.0859236737, 0.0726887584, 0.1000884127, 0.1035962025, 2994.2308, 2936.2115, 766.0400, 18.1623
2025-12-03 22:53:19, 0.1083928874, 0.0973441919, 0.1382062163, 0.0947838085, 3124.3654, 3205.9423, 766.9400, 18.8909
2025-12-03 22:53:25, 0.0971263530, 0.0916819117, 0.1079234968, 0.1388514640, 3157.6471, 3194.6667, 766.2650, 20.3272
2025-12-03 22:53:31, 0.0660218404, 0.0703741751, 0.0899319010, 0.0940509988, 2840.0408, 2901.9184, 773.3850, 20.1533
2025-12-03 22:53:36, 0.0855927409, 0.0749909564, 0.0943960450, 0.0994271140, 2772.8958, 2729.1250, 767.4050, 19.4150
2025-12-03 22:53:42, 0.0735319403, 0.0486360941, 0.0768711777, 0.0677948354, 3398.8571, 3253.7500, 766.3250, 20.1248
2025-12-03 22:53:48, 0.0477710659, 0.0493929516, 0.0949568947, 0.1052013131, 2818.6271, 2768.2373, 768.9500, 19.4607
2025-12-03 22:53:54, 0.0881994591, 0.0753814232, 0.0743020625, 0.0743934821, 2979.6508, 3063.8571, 764.2850, 19.7313
2025-12-03 22:53:59, 0.1082708322, 0.0981466314, 0.0748359110, 0.0743465420, 2761.3571, 2763.6607, 764.4450, 18.8687
2025-12-03 22:54:05, 0.1125190494, 0.1056072659, 0.0940060106, 0.0580218964, 2927.9167, 2822.6875, 763.0750, 18.0588
2025-12-03 22:54:11, 0.0470183038, 0.0559954387, 0.0639840274, 0.0614295697, 2695.4561, 2713.3684, 767.6850, 19.8150
2025-12-03 22:54:17, 0.0749880694, 0.0721076335, 0.0644415918, 0.0449089819, 2801.0364, 2796.3455, 755.7200, 20.8169
2025-12-03 22:54:23, 0.0693006986, 0.0676621390, 0.1024469992, 0.0750010867, 2849.7547, 2822.5660, 758.6800, 18.4621
2025-12-03 22:54:28, 0.0763753719, 0.0676521932, 0.0676259152, 0.0826600084, 3075.6800, 3078.5200, 756.3900, 18.6702
2025-12-03 22:54:34, 0.0809776441, 0.0801638337, 0.1045677649, 0.0714177466, 3002.8478, 2861.0217, 753.8450, 17.8065
2025-12-03 22:54:40, 0.0813795520, 0.0611420739, 0.1103112936, 0.0880934698, 2799.0893, 2813.9107, 754.7850, 18.1008
2025-12-03 22:54:46, 0.0719134213, 0.0796102202, 0.1590390550, 0.1010797448, 3058.1091, 2966.2545, 755.4100, 19.1134
2025-12-03 22:54:52, 0.0868562257, 0.0851169840, 0.0847355272, 0.0657186862, 2891.4154, 2882.8308, 750.1050, 18.0018
2025-12-03 22:54:57, 0.0932427477, 0.0914316204, 0.0859356943, 0.0698964686, 2949.2115, 2887.2692, 753.7850, 18.4870
2025-12-03 22:55:03, 0.0874066996, 0.0932063374, 0.0494360613, 0.0559610364, 2749.9804, 2737.0196, 759.1400, 17.2861
2025-12-03 22:55:09, 0.0833391630, 0.0986950579, 0.0985397024, 0.0731257446, 2988.2368, 2945.5526, 755.2050, 17.3538
2025-12-03 22:55:15, 0.1111388253, 0.0818322754, 0.0637638668, 0.0835557707, 2870.7231, 2960.2154, 757.7750, 18.1288
2025-12-03 22:55:21, 0.0703232350, 0.0723909755, 0.0956131418, 0.1236606431, 2891.9615, 3035.0192, 755.7000, 17.4456
2025-12-03 22:55:26, 0.0468719043, 0.0324666951, 0.0831121816, 0.0949030743, 2875.4328, 2869.0149, 756.3700, 18.8543
2025-12-03 22:55:32, 0.0671489467, 0.0505371391, 0.0699034698, 0.0628297318, 2815.7288, 2772.1525, 755.0950, 17.9250
2025-12-03 22:55:38, 0.0709576592, 0.0478376630, 0.0609781451, 0.0631836393, 2927.4600, 2904.0600, 755.5150, 19.7101
2025-12-03 22:55:44, 0.0554685134, 0.0560755571, 0.0843815929, 0.0773774194, 2901.4182, 2823.0727, 761.5200, 19.0851
2025-12-03 22:55:50, 0.0868470838, 0.0905704654, 0.0845771930, 0.0746681869, 3153.0566, 3144.5283, 760.5700, 18.3694
2025-12-03 22:55:56, 0.0966976791, 0.0724033158, 0.1005229806, 0.0978226551, 2814.0000, 2769.9231, 759.5850, 18.5074
2025-12-03 22:56:01, 0.0530038224, 0.0762537105, 0.0978360047, 0.0731558997, 2865.4082, 2708.0204, 764.3000, 18.6542
2025-12-03 22:56:07, 0.0715526973, 0.0692365752, 0.1043526897, 0.1347457467, 2879.9180, 2837.0328, 762.0400, 18.6037
2025-12-03 22:56:13, 0.0617806158, 0.0507073618, 0.1100554405, 0.1214511059, 2996.7759, 2820.7414, 762.0150, 19.6027
2025-12-03 22:56:19, 0.0660955202, 0.0788656958, 0.1099105910, 0.0845303014, 2864.7551, 2867.2245, 760.9150, 19.5936
2025-12-03 22:56:25, 0.0784259453, 0.0685726131, 0.1191200521, 0.0893713884, 2848.2308, 2743.7308, 764.3450, 17.2150
2025-12-03 22:56:31, 0.0531376880, 0.0566674143, 0.0980628163, 0.0667010228, 3016.1250, 2931.5000, 760.5800, 15.7116
2025-12-03 22:56:36, 0.1042335397, 0.0673398003, 0.1226005921, 0.1041356499, 2950.2400, 2994.8200, 762.5750, 18.0384
2025-12-03 22:56:42, 0.0638288471, 0.0613583591, 0.0860915861, 0.0983368346, 2863.1818, 2948.3455, 759.4300, 17.9851
2025-12-03 22:56:48, 0.1068677629, 0.1019389704, 0.0773567424, 0.0771175862, 2709.0385, 2738.6346, 759.5700, 15.7767
2025-12-03 22:56:54, 0.0695014621, 0.0645180458, 0.1068593091, 0.0774148046, 2870.6596, 2851.1064, 759.0450, 17.0512
2025-12-03 22:57:00, 0.1176059167, 0.0748287783, 0.0818734884, 0.0890108842, 2827.4000, 2734.8889, 757.0900, 20.0090
2025-12-03 22:57:05, 0.0904241557, 0.0961386701, 0.0595621180, 0.0590349032, 2702.2203, 2748.6949, 759.2600, 17.7503
2025-12-03 22:57:12, 0.0714351731, 0.0695173513, 0.0962561937, 0.0789141215, 2650.3750, 2587.7083, 760.5150, 18.7387
2025-12-03 22:57:18, 0.0664598495, 0.0830841585, 0.0634757195, 0.0687157371, 2743.4082, 2727.6327, 759.0600, 17.1778
2025-12-03 22:57:24, 0.0646822038, 0.0539196598, 0.0672566346, 0.0684132729, 2871.5417, 3004.5000, 759.0450, 17.5560
2025-12-03 22:57:29, 0.0662455920, 0.0879008644, 0.0822766107, 0.1030097816, 2735.0000, 2774.0400, 761.2900, 19.7820
2025-12-03 22:57:35, 0.0907699717, 0.0788770763, 0.1429936621, 0.1472303379, 2944.9286, 2986.6429, 759.6700, 17.0244
2025-12-03 22:57:41, 0.0535859835, 0.0588087338, 0.0883112151, 0.0734558660, 2708.6383, 2759.8723, 761.0000, 18.5575
2025-12-03 22:57:47, 0.0696721909, 0.0540985155, 0.0630075883, 0.0675527258, 2826.8772, 2810.1053, 760.7850, 17.5923
2025-12-03 22:57:52, 0.0690419239, 0.0708566647, 0.0692158054, 0.0942505371, 2651.1463, 2802.1463, 759.3900, 16.7376
2025-12-03 22:57:58, 0.0597995150, 0.0668063243, 0.2155566275, 0.1668251418, 3306.4200, 3179.8200, 762.6550, 19.1574
2025-12-03 22:58:04, 0.1121350117, 0.0911555010, 0.1325166804, 0.1165065232, 2668.9318, 2760.0000, 764.6900, 15.0311
2025-12-03 22:58:10, 0.0767491622, 0.0698437177, 0.1043385360, 0.1056566891, 2907.9492, 2845.7119, 761.5000, 18.0876
2025-12-03 22:58:15, 0.0741802222, 0.0786084323, 0.1286537108, 0.1166802701, 2823.5098, 2795.9608, 761.3200, 20.2422
2025-12-03 22:58:21, 0.0640518774, 0.0616063980, 0.0877738775, 0.1094244077, 2768.6600, 2851.2200, 764.7300, 18.1085
2025-12-03 22:58:27, 0.0751630733, 0.0695504300, 0.1043628711, 0.0882828743, 3091.7593, 3065.6852, 763.0350, 18.4625
2025-12-03 22:58:33, 0.1040410489, 0.0833870609, 0.1138096154, 0.1111727233, 2932.1132, 2920.3396, 763.5300, 18.1774
2025-12-03 22:58:38, 0.0977258934, 0.0928494339, 0.1447805665, 0.1187047515, 3296.8780, 3189.9756, 762.4800, 18.9557
2025-12-03 22:58:44, 0.1094720498, 0.0956784720, 0.1543191772, 0.1158697237, 2764.2083, 2856.7292, 763.0450, 19.4605
2025-12-03 22:58:50, 0.1029299459, 0.0799888062, 0.0603801357, 0.0551885159, 2813.5636, 2783.6364, 760.6150, 18.8930
2025-12-03 22:58:56, 0.0755661372, 0.0788160201, 0.0845437211, 0.0644554559, 2996.9268, 2868.0732, 762.4350, 17.9013
2025-12-03 22:59:01, 0.0700846280, 0.0665610222, 0.0867801135, 0.1019965656, 2969.3061, 3091.6735, 759.9350, 19.4505
2025-12-03 22:59:07, 0.0577904822, 0.0495970237, 0.0696175002, 0.0664787221, 2779.0714, 2780.8857, 759.3050, 19.5868
2025-12-03 22:59:13, 0.0930431857, 0.0822686959, 0.0849653112, 0.0729550615, 2992.2830, 3040.6981, 758.3200, 18.3863
2025-12-03 22:59:19, 0.0697247047, 0.0807624618, 0.1360323556, 0.1156680337, 2985.2857, 2932.4286, 757.8100, 18.1693
2025-12-03 22:59:25, 0.0723675893, 0.0846305663, 0.1164930762, 0.0888621553, 2837.3148, 2773.6296, 761.3300, 17.3943
2025-12-03 22:59:30, 0.1120015891, 0.0834685331, 0.1227363079, 0.0739291531, 2890.7170, 2865.5849, 759.8300, 17.4740
2025-12-03 22:59:36, 0.1076084178, 0.0849861135, 0.0961787371, 0.0927077992, 2920.8113, 2935.5660, 754.9600, 17.8314
2025-12-03 22:59:42, 0.0717906835, 0.0623258957, 0.0528813065, 0.0658120471, 2897.2143, 2958.4762, 757.4100, 19.0287
2025-12-03 22:59:48, 0.0813921256, 0.0472476042, 0.0880736278, 0.1071369882, 2792.3448, 2745.1379, 754.1450, 17.4841
2025-12-03 22:59:53, 0.1046720579, 0.0678608525, 0.0602790083, 0.0630848478, 2957.0909, 2950.8727, 751.7200, 19.6574
2025-12-03 22:59:59, 0.0746643403, 0.0688716428, 0.0690835537, 0.0555217830, 2916.3800, 2915.9000, 758.4300, 17.5808
2025-12-03 23:00:05, 0.0742014834, 0.0732954286, 0.0728261973, 0.0736333184, 3125.0612, 2969.3673, 759.6900, 17.4715
2025-12-03 23:00:11, 0.0609148180, 0.0588862997, 0.0890245866, 0.0919915934, 2915.4800, 2897.2800, 759.3500, 18.7074
2025-12-03 23:00:17, 0.1026288752, 0.0880066274, 0.0942951484, 0.0911445773, 2926.2333, 2999.7000, 758.6650, 18.4335
2025-12-03 23:00:23, 0.0954711925, 0.0991787280, 0.0558250285, 0.0489592802, 2925.2000, 2827.4667, 758.6600, 17.6399
2025-12-03 23:00:28, 0.0995329217, 0.0938963228, 0.0954153333, 0.0699563993, 2818.5536, 2754.3214, 760.3800, 17.4498
2025-12-03 23:00:34, 0.0889481013, 0.0726313029, 0.0429515948, 0.0476171674, 3164.6429, 2991.7679, 761.7050, 16.4258
2025-12-03 23:00:40, 0.0927492331, 0.1030689768, 0.1055434837, 0.0936818610, 3013.1129, 2866.6452, 759.2700, 18.6080
2025-12-03 23:00:46, 0.1144840002, 0.0999516265, 0.0683976806, 0.0618890159, 2861.7719, 2758.5088, 760.2600, 16.7902
2025-12-03 23:00:51, 0.1157104464, 0.1069729853, 0.0777424876, 0.0628662940, 3036.7627, 2862.0339, 758.9550, 16.9320
2025-12-03 23:00:57, 0.0751409763, 0.0929893504, 0.0464402037, 0.0475839721, 2861.1277, 2929.2553, 760.4200, 18.2763
2025-12-03 23:01:03, 0.1093333830, 0.1076855342, 0.0654132850, 0.0734417486, 2856.0000, 2855.7586, 759.7150, 17.2909
2025-12-03 23:01:09, 0.0730129072, 0.0728912774, 0.0567815085, 0.0745572827, 2753.1250, 2718.0893, 760.0750, 18.5884
2025-12-03 23:01:15, 0.1007657821, 0.0876574042, 0.0931959387, 0.0862985011, 2753.4615, 2821.5385, 762.3200, 16.7904
2025-12-03 23:01:20, 0.0831330462, 0.0646303947, 0.0707407130, 0.0662427214, 2884.9667, 2853.1833, 758.6150, 19.6318
2025-12-03 23:01:26, 0.0622245709, 0.0574528825, 0.0972689246, 0.0775166569, 2740.8500, 2747.1667, 757.5350, 18.0014
2025-12-03 23:01:32, 0.0673229249, 0.0702837580, 0.0790083539, 0.0675944862, 2932.3077, 2821.0000, 759.4950, 16.4098
2025-12-03 23:01:38, 0.0864447805, 0.0639715233, 0.0905715133, 0.0697965013, 2838.8679, 2751.7925, 761.4000, 18.3123
2025-12-03 23:01:44, 0.1215970420, 0.0870701195, 0.1348829749, 0.1070385264, 3126.7143, 3079.2041, 762.0800, 18.0744
2025-12-03 23:01:49, 0.0699294122, 0.0838024781, 0.1213666369, 0.1241275515, 2877.6190, 3021.7143, 763.0350, 16.5718
2025-12-03 23:01:55, 0.0620454543, 0.0488992490, 0.0892246516, 0.0914862488, 3024.9538, 2843.5077, 761.6250, 18.1142
2025-12-03 23:02:01, 0.0713036893, 0.0686095369, 0.0569074261, 0.0548362880, 2881.7059, 2747.5882, 763.8950, 17.8629
2025-12-03 23:02:07, 0.0766417518, 0.0704093195, 0.1089671142, 0.1116085617, 2903.3387, 2936.9516, 761.1500, 18.8167
2025-12-03 23:02:13, 0.1001525387, 0.0825716282, 0.0569537224, 0.0536529224, 2748.9444, 2717.3148, 763.1250, 19.7091
2025-12-03 23:02:18, 0.1470615434, 0.1045885485, 0.1000773463, 0.1012438502, 3038.3898, 3000.3220, 762.7000, 18.7705
2025-12-03 23:02:24, 0.0827930213, 0.0819829082, 0.0962936602, 0.0919359408, 2916.9016, 2763.7377, 763.7150, 18.4055
2025-12-03 23:02:30, 0.0813665850, 0.0606074984, 0.0736616481, 0.0554469737, 2923.5370, 2817.6852, 764.1750, 18.3716
2025-12-03 23:02:36, 0.0693322514, 0.0668468286, 0.0762475344, 0.0866109548, 3144.9048, 2953.8889, 762.8950, 18.5544
2025-12-03 23:02:41, 0.0687993372, 0.0639046384, 0.0720661010, 0.0562802008, 3021.2264, 2966.5094, 762.8400, 19.7650
2025-12-03 23:02:47, 0.0630142228, 0.0624629757, 0.1056362893, 0.0800383023, 2872.5424, 2756.2712, 761.0950, 18.2378
2025-12-03 23:02:53, 0.0866571736, 0.0835668357, 0.0949975747, 0.0782530858, 2942.1731, 2924.5577, 761.0600, 17.6580
2025-12-03 23:02:59, 0.0745252083, 0.0748919798, 0.0570389504, 0.0545298984, 2710.5200, 2748.0200, 762.4500, 18.7010
2025-12-03 23:03:05, 0.0735846570, 0.0697601271, 0.0757130573, 0.0584810731, 3022.3585, 2898.6038, 763.6150, 16.6417
2025-12-03 23:03:10, 0.0789938296, 0.0719467740, 0.1263662007, 0.1036335168, 2826.3148, 2784.5370, 762.2000, 18.4738
2025-12-03 23:03:16, 0.0587734040, 0.0556491296, 0.0546125340, 0.0499867211, 2738.2264, 2835.5849, 760.8750, 16.8763
2025-12-03 23:03:22, 0.0923346383, 0.0949768773, 0.0985792241, 0.0604037337, 3024.2500, 2893.8654, 761.4650, 17.9399
2025-12-03 23:03:28, 0.0978738351, 0.0812221713, 0.0701647040, 0.0661634338, 3047.6731, 2897.7692, 759.5600, 17.5877
2025-12-03 23:03:34, 0.0501001535, 0.0500447199, 0.1097108492, 0.0878392344, 2851.3333, 2722.2407, 757.8700, 16.8126
2025-12-03 23:03:39, 0.0630658389, 0.0670330464, 0.0636917959, 0.0594092006, 2669.0566, 2661.6604, 759.9250, 19.7253
2025-12-03 23:03:45, 0.0673617387, 0.0699310635, 0.0928978236, 0.0762470572, 2856.4255, 2816.5106, 759.8850, 16.9207
2025-12-03 23:03:51, 0.0552256501, 0.0575503467, 0.0853408926, 0.0721170736, 2951.8438, 2847.7344, 760.3000, 16.1189
2025-12-03 23:03:57, 0.0736494682, 0.0854866170, 0.0649588315, 0.0830250626, 2959.9070, 3021.8837, 760.4650, 17.6618
2025-12-03 23:04:03, 0.0902563734, 0.0619570799, 0.1479058170, 0.1427829262, 2794.6098, 2838.9512, 763.0200, 17.3983
2025-12-03 23:04:09, 0.0869764924, 0.0859329437, 0.0732577717, 0.0921137163, 2897.1803, 2847.0820, 761.8700, 17.9104
2025-12-03 23:04:15, 0.0772545245, 0.0893387338, 0.0811956304, 0.0997240602, 2971.1321, 3006.1887, 760.1750, 18.9057
2025-12-03 23:04:21, 0.1000070214, 0.0734747250, 0.0642510238, 0.0773913396, 3032.8545, 3038.8545, 757.5650, 17.5857
2025-12-03 23:04:26, 0.0638763884, 0.0785540927, 0.1271949293, 0.0821771099, 2947.9821, 2813.8571, 760.2700, 17.7656
2025-12-03 23:04:32, 0.0544985599, 0.0891733135, 0.0601542520, 0.0595449083, 2935.9077, 2866.0154, 761.8450, 18.8749
2025-12-03 23:04:38, 0.0947011970, 0.0658227846, 0.0824212330, 0.0710286078, 3009.2281, 3064.3158, 759.7550, 16.8548
2025-12-03 23:04:44, 0.0660702655, 0.0542939742, 0.0625503867, 0.0709600091, 3031.1194, 3017.7313, 761.3050, 17.1299
2025-12-03 23:04:50, 0.0521843597, 0.0500149635, 0.0694587789, 0.0542254191, 3031.3571, 2869.7500, 761.5850, 17.1211
2025-12-03 23:04:56, 0.0774057314, 0.0819834145, 0.0832769369, 0.0659808425, 2971.0980, 2971.8235, 760.0250, 19.7698
2025-12-03 23:05:01, 0.0602457965, 0.0686187748, 0.0722174185, 0.0723620010, 3015.4308, 2943.4154, 760.2250, 17.4010
2025-12-03 23:05:07, 0.1194038205, 0.0859671649, 0.0821570381, 0.0891672753, 2964.2951, 2999.3279, 759.6200, 19.3289
2025-12-03 23:05:13, 0.0815735754, 0.0925735815, 0.0692100714, 0.0570135052, 2699.8776, 2659.8367, 759.6550, 17.6988
2025-12-03 23:05:19, 0.0972861156, 0.0671306065, 0.0417743509, 0.0410007955, 2992.5079, 2832.7302, 758.1850, 17.7133
2025-12-03 23:05:24, 0.0734255320, 0.0838793387, 0.0632223762, 0.0870612299, 2747.3542, 2845.3542, 762.5850, 19.6126
2025-12-03 23:05:30, 0.1001071408, 0.1063073382, 0.0724297142, 0.0383311726, 2993.6531, 2872.8980, 759.5250, 17.6221
2025-12-03 23:05:36, 0.0698978861, 0.0738714103, 0.1020149590, 0.1013111078, 2947.2857, 2946.9048, 752.0500, 16.9702
2025-12-03 23:05:42, 0.0949136884, 0.0919554586, 0.0662847794, 0.0560459982, 3009.2619, 2927.0952, 753.3050, 18.1838
2025-12-03 23:05:48, 0.0852290789, 0.0913318354, 0.0755310777, 0.0673338240, 3108.8750, 2949.0312, 750.9350, 17.8020
2025-12-03 23:05:54, 0.1199480323, 0.1108473906, 0.0552763112, 0.0802358667, 2912.2545, 2955.4727, 749.8650, 18.7496
2025-12-03 23:06:00, 0.0969474329, 0.0782083073, 0.0860782579, 0.0671537089, 3139.3519, 2940.2037, 749.7600, 19.2084
2025-12-03 23:06:05, 0.1054624302, 0.0917038406, 0.0809976674, 0.0741588333, 3058.1064, 3031.7660, 750.6700, 18.1174
2025-12-03 23:06:11, 0.0773644549, 0.0835137590, 0.0830754110, 0.0722386391, 3160.9355, 3136.2742, 750.9100, 18.3731
2025-12-03 23:06:17, 0.1038172653, 0.0708576674, 0.1125929089, 0.0897908422, 2919.2069, 2810.0690, 749.7350, 19.6422
2025-12-03 23:06:23, 0.0800262656, 0.0692737723, 0.0602033336, 0.0792798196, 3105.1818, 3009.1818, 753.3000, 17.6542
2025-12-03 23:06:29, 0.1262816666, 0.1139632076, 0.0737099788, 0.0551254792, 3047.2281, 2897.4211, 749.7100, 16.2344
2025-12-03 23:06:34, 0.1055247828, 0.0874485830, 0.0654386380, 0.0564915408, 2700.1500, 2706.1250, 750.8950, 17.2306
2025-12-03 23:06:40, 0.0967848376, 0.0886118252, 0.0949663280, 0.0870940934, 2892.4531, 2856.7500, 751.9450, 18.1023
2025-12-03 23:06:47, 0.0986973621, 0.0923175374, 0.0789941324, 0.0663554114, 2926.3958, 2939.3125, 755.7800, 17.9653
2025-12-03 23:06:52, 0.1009409709, 0.0814293147, 0.0751294649, 0.0506963499, 2899.2105, 2919.5088, 750.2700, 17.6138
2025-12-03 23:06:58, 0.0962123223, 0.0879630025, 0.0698600499, 0.0517305237, 2803.6098, 2812.1951, 756.1000, 17.8701
2025-12-03 23:07:04, 0.0661459556, 0.0710605290, 0.0759748366, 0.0473667493, 2847.1754, 2705.8947, 752.9000, 15.9160
2025-12-03 23:07:10, 0.0965376358, 0.0865689429, 0.0549014212, 0.0528890140, 2737.7857, 2840.8214, 756.6250, 16.9975
2025-12-03 23:07:16, 0.1051007583, 0.0857849581, 0.1005716322, 0.0808186815, 2965.2881, 2923.4407, 758.0100, 17.8793
2025-12-03 23:07:22, 0.1111437958, 0.1067848304, 0.1183208511, 0.1165131335, 3129.1034, 3074.7069, 761.6900, 18.1244
2025-12-03 23:07:27, 0.0749657764, 0.0626280955, 0.1024919505, 0.0994572759, 2950.8974, 2822.6923, 758.9000, 16.4815
2025-12-03 23:07:33, 0.0765025339, 0.0450850541, 0.0718085290, 0.0713440936, 2822.8214, 2704.3929, 757.9100, 15.2132
2025-12-03 23:07:39, 0.0985416225, 0.0649007898, 0.1003549977, 0.0834363807, 2927.1944, 2963.6389, 758.9850, 17.2695
2025-12-03 23:07:45, 0.0707953680, 0.0778265029, 0.0968773361, 0.0931775796, 2781.7759, 2810.7759, 760.2600, 17.9182
2025-12-03 23:07:51, 0.0746642744, 0.0694352528, 0.0767385435, 0.0767743740, 3049.8000, 2997.7231, 760.1450, 18.8001
2025-12-03 23:07:57, 0.1002145025, 0.0851442625, 0.0639851568, 0.0797558121, 2964.9750, 2907.4750, 760.9200, 17.8169
2025-12-03 23:08:02, 0.0952103746, 0.0723361646, 0.1134555506, 0.1099924489, 3138.0222, 3124.9111, 758.4200, 17.4363
2025-12-03 23:08:08, 0.0767501195, 0.0659607133, 0.1004989854, 0.0851056538, 2959.5122, 2908.4146, 760.9550, 18.6046
2025-12-03 23:08:14, 0.0455728778, 0.0562513668, 0.0919455915, 0.0817314200, 2981.2692, 2800.4615, 757.6150, 18.1963
2025-12-03 23:08:20, 0.0484906612, 0.0511991988, 0.1331034885, 0.0936845587, 2785.2105, 2808.1579, 759.4300, 17.2042
2025-12-03 23:08:26, 0.0616831669, 0.0637181864, 0.1057001171, 0.0990492606, 2667.8060, 2749.8060, 756.6700, 17.7215
2025-12-03 23:08:32, 0.0914237585, 0.0681715470, 0.1059355319, 0.0817396996, 2783.4500, 2751.6833, 754.9600, 18.7042
2025-12-03 23:08:37, 0.0804039066, 0.0920210356, 0.0527165215, 0.0601386742, 2729.0000, 2644.6122, 755.6200, 19.6063
2025-12-03 23:08:43, 0.0679354331, 0.0595069892, 0.0545454092, 0.0618169318, 3031.3333, 2920.7843, 755.7250, 16.6042
2025-12-03 23:08:49, 0.0723972065, 0.0567979257, 0.0904593640, 0.0568403464, 2937.4355, 2861.6774, 755.3400, 19.2732
2025-12-03 23:08:55, 0.0900540115, 0.0790618016, 0.0727355679, 0.0783572317, 2757.6170, 2863.7660, 757.7700, 19.1177
2025-12-03 23:09:01, 0.0971858007, 0.0795623241, 0.0921106120, 0.0780891646, 2930.9831, 2925.5085, 757.4750, 16.8923
2025-12-03 23:09:07, 0.0540097507, 0.0465293293, 0.0720166568, 0.0699613408, 2954.3514, 2954.2432, 757.5100, 18.2107
2025-12-03 23:09:13, 0.0697723928, 0.0646537871, 0.1000371367, 0.0949246541, 2993.7333, 2982.8833, 757.3950, 16.8315
2025-12-03 23:09:19, 0.0533416663, 0.0571152146, 0.0770596888, 0.0711015525, 2832.2951, 2856.3115, 761.1250, 18.0759
2025-12-03 23:09:25, 0.0746282964, 0.0548573590, 0.1144415742, 0.1294463607, 2657.0000, 2760.1897, 763.3200, 18.1634
2025-12-03 23:09:30, 0.0553961406, 0.0493762351, 0.1002022422, 0.0918689686, 2689.7321, 2703.1964, 756.8050, 19.3085
2025-12-03 23:09:36, 0.0703466979, 0.0614690430, 0.0808367336, 0.0666541564, 2803.4590, 2889.5738, 760.9400, 18.6584
2025-12-03 23:09:42, 0.0551181084, 0.0771248577, 0.0654040855, 0.0617551387, 2676.7963, 2752.4074, 758.5900, 17.6035
2025-12-03 23:09:48, 0.0658073822, 0.0604489963, 0.1032264512, 0.0668494189, 2943.3095, 2798.1190, 761.5950, 19.9708
2025-12-03 23:09:54, 0.0797732001, 0.0666716655, 0.1075525696, 0.0701902284, 2692.6486, 2497.4324, 762.6900, 18.5409
2025-12-03 23:10:00, 0.0739978221, 0.0701937108, 0.0648178366, 0.0534028095, 2768.3725, 2760.2549, 761.7650, 18.5685
2025-12-03 23:10:06, 0.0452260064, 0.0558268149, 0.1418314896, 0.1290657686, 2900.0179, 2776.7321, 761.8050, 20.2805
2025-12-03 23:10:12, 0.0649658981, 0.0729584893, 0.1179724179, 0.1131938307, 2986.5263, 3041.8246, 760.2250, 16.8016
2025-12-03 23:10:17, 0.0617080532, 0.0502698353, 0.1599886312, 0.1242890012, 2748.8261, 2708.6087, 760.9800, 19.7760
2025-12-03 23:10:23, 0.0659669907, 0.0901920453, 0.0719407306, 0.0682220171, 3102.7073, 3023.6341, 761.3850, 18.2103
2025-12-03 23:10:29, 0.0864571773, 0.0559149942, 0.0867331957, 0.0906047419, 2813.2791, 2879.0698, 761.1550, 17.7798
2025-12-03 23:10:35, 0.0720604622, 0.0695553470, 0.0802553453, 0.0565425400, 3067.5455, 2860.1591, 760.9350, 19.0384
2025-12-03 23:10:41, 0.0798878282, 0.0759169697, 0.1301737014, 0.0964144522, 2904.6094, 2827.0625, 760.3650, 19.0027
2025-12-03 23:10:46, 0.0838961135, 0.0694571069, 0.0835789208, 0.0833856560, 2712.4462, 2672.1538, 761.1350, 19.3186
2025-12-03 23:10:52, 0.0898637988, 0.0684206564, 0.0920397519, 0.0847633755, 2922.8113, 2874.1321, 758.1400, 19.1977
2025-12-03 23:10:58, 0.1267669922, 0.0864174879, 0.0625054364, 0.0618564596, 2866.5636, 2907.8545, 760.5300, 17.8003
2025-12-03 23:11:04, 0.0961518699, 0.0782591590, 0.0685354727, 0.0759323869, 3033.0312, 2949.8906, 758.8600, 17.3223
2025-12-03 23:11:09, 0.1271499371, 0.0944111318, 0.0564589587, 0.0526275407, 2773.0741, 2755.0556, 757.6150, 18.3496
2025-12-03 23:11:15, 0.1127127028, 0.1072548049, 0.0667916107, 0.0657329967, 2824.8511, 2976.1064, 757.8200, 17.9050
2025-12-03 23:11:21, 0.0822903431, 0.0775054931, 0.1130545060, 0.0742588163, 3178.3958, 3175.0208, 760.0650, 18.7694
2025-12-03 23:11:27, 0.0799133975, 0.0824501150, 0.1218462652, 0.1035018025, 3020.8269, 2902.3462, 759.8050, 18.6144
2025-12-03 23:11:33, 0.0849149493, 0.0734509473, 0.0865028774, 0.0748825516, 2858.4839, 2849.8387, 757.0800, 18.2667
2025-12-03 23:11:38, 0.0804796846, 0.0718765567, 0.0655251512, 0.0728407216, 2943.5660, 2832.2830, 759.3800, 17.3279
2025-12-03 23:11:44, 0.0918349155, 0.0719955863, 0.0705946821, 0.0732626378, 2833.4889, 2758.6000, 761.4600, 17.3680
2025-12-03 23:11:50, 0.0977747906, 0.0744270892, 0.0516656366, 0.0566173894, 2724.3091, 2791.7455, 759.1050, 17.8542
2025-12-03 23:11:56, 0.0844990737, 0.0832278381, 0.0630864680, 0.0564806091, 2836.1053, 2723.3684, 761.0100, 18.8735
2025-12-03 23:12:02, 0.1180165283, 0.0902770834, 0.0839322011, 0.0908676949, 2955.8936, 3033.7660, 760.4900, 17.1575
2025-12-03 23:12:07, 0.0644415817, 0.0870814960, 0.0723831355, 0.0796314155, 2981.4717, 2939.8302, 762.6200, 17.6889
2025-12-03 23:12:13, 0.0747380181, 0.0677978540, 0.0878385839, 0.0796863086, 3044.4364, 2998.7818, 757.9500, 17.4481
2025-12-03 23:12:19, 0.0847381573, 0.0816740615, 0.0934069820, 0.0739747736, 2928.5231, 2845.6462, 761.6950, 19.3309
2025-12-03 23:12:25, 0.0917416136, 0.0747544259, 0.0747650593, 0.0601293998, 2850.5926, 2853.2407, 761.2950, 19.3408
2025-12-03 23:12:31, 0.1103216026, 0.0650228233, 0.0934603849, 0.0803336600, 2828.9412, 2786.1176, 760.6200, 20.0615
2025-12-03 23:12:36, 0.0450629491, 0.0809721270, 0.0845350585, 0.0800238355, 2999.1042, 2970.6667, 762.6300, 19.9635
2025-12-03 23:12:42, 0.1044142330, 0.1108377842, 0.1056248966, 0.0898477487, 3041.3091, 2911.6909, 762.3300, 18.2280
2025-12-03 23:12:48, 0.0718188985, 0.0778783452, 0.0928492137, 0.0692615618, 2705.1587, 2673.6508, 765.1650, 20.9857
2025-12-03 23:12:54, 0.0712713036, 0.0604158925, 0.0679763603, 0.0553835735, 2957.5741, 2872.5370, 764.8350, 19.7048
2025-12-03 23:12:59, 0.0924666880, 0.0671844729, 0.0597983021, 0.0695743825, 2832.9661, 2795.6271, 764.0300, 22.7136
2025-12-03 23:13:05, 0.0987893902, 0.0978391130, 0.0646977278, 0.0608414203, 2964.0294, 2873.4853, 766.2250, 20.4138
2025-12-03 23:13:11, 0.0876402979, 0.0793096140, 0.0482985226, 0.0604016768, 2955.4906, 2861.5283, 766.4800, 20.7456
2025-12-03 23:13:17, 0.1124702096, 0.1213719010, 0.0621633929, 0.0464049402, 2969.6863, 2923.3137, 768.4200, 20.9932
2025-12-03 23:13:22, 0.1311808221, 0.0720611980, 0.0843524088, 0.0814999334, 2716.0806, 2713.0484, 764.8450, 22.2735
2025-12-03 23:13:28, 0.0741137172, 0.0473575362, 0.0697203185, 0.0514696084, 3018.3684, 2890.9649, 769.1850, 21.4514
2025-12-03 23:13:34, 0.1021092691, 0.0963215966, 0.0623239182, 0.0562061706, 3110.5882, 3095.4510, 768.8800, 22.2638
2025-12-03 23:13:40, 0.0507396814, 0.0568948370, 0.0560467610, 0.0491124281, 2879.9403, 2815.3284, 774.5050, 21.0083
2025-12-03 23:13:46, 0.0738325554, 0.0534477220, 0.0597127407, 0.0716077977, 2772.4697, 2751.9091, 767.4600, 21.5594
2025-12-03 23:13:52, 0.0926921587, 0.0708579185, 0.0688459811, 0.0528436366, 2927.5902, 2835.1639, 768.0250, 21.5531
2025-12-03 23:13:57, 0.0612523508, 0.0639693387, 0.0511168123, 0.0612394908, 2862.2800, 2850.6400, 767.1850, 21.2245
2025-12-03 23:14:03, 0.0836586620, 0.0765604113, 0.0700195309, 0.0478222095, 2798.0784, 2731.4510, 770.2100, 22.4454
2025-12-03 23:14:09, 0.0763086998, 0.0716800037, 0.0521730200, 0.0584820027, 3053.3462, 3011.7885, 764.4500, 19.6010
2025-12-03 23:14:15, 0.1017680035, 0.1003919135, 0.0727109257, 0.0619195740, 2876.9701, 2867.9701, 769.3700, 19.9495
2025-12-03 23:14:21, 0.0839420197, 0.0725201916, 0.0540497278, 0.0577304674, 2777.3500, 2740.6167, 763.8400, 19.9911
2025-12-03 23:14:27, 0.0639608738, 0.0820564424, 0.0442555252, 0.0457262944, 2762.1538, 2716.6410, 767.3950, 19.4517
2025-12-03 23:14:32, 0.0863705795, 0.0802566255, 0.1295746336, 0.0836765889, 3095.6182, 2916.0727, 766.6950, 21.2217
2025-12-03 23:14:38, 0.1227750679, 0.0941702315, 0.0589016206, 0.0442436040, 3090.4524, 2947.1190, 761.5250, 17.6895
2025-12-03 23:14:44, 0.0756419440, 0.0831693263, 0.0631502235, 0.0614978020, 2729.5000, 2746.8333, 762.7350, 16.3553
2025-12-03 23:14:50, 0.0655147926, 0.0618940919, 0.0534115881, 0.0535499590, 2906.6964, 2807.1786, 761.1850, 18.5543
2025-12-03 23:14:56, 0.0732471746, 0.0619585011, 0.0650215483, 0.0536745164, 3006.3208, 2970.7736, 765.4800, 19.5872
2025-12-03 23:15:01, 0.0877178401, 0.0763441696, 0.1051546758, 0.0971764866, 3147.7455, 2949.9636, 758.2300, 17.8140
2025-12-03 23:15:07, 0.1038666150, 0.0942419667, 0.0720531287, 0.0800469254, 2885.6346, 2939.3077, 759.2050, 18.2451
2025-12-03 23:15:13, 0.1089524808, 0.0850121160, 0.1072696298, 0.1046112061, 2806.0192, 2812.1154, 758.2950, 18.2707
2025-12-03 23:15:19, 0.0535526450, 0.0669024133, 0.1039809543, 0.0951252745, 2850.1200, 2761.5200, 757.6900, 19.5052
2025-12-03 23:15:25, 0.0928444945, 0.0769221490, 0.1088646632, 0.0930681383, 2997.4915, 2939.2203, 755.0650, 18.0688
2025-12-03 23:15:30, 0.0911894537, 0.0961402177, 0.0613845144, 0.0687225215, 2985.6739, 2955.4348, 759.1800, 18.9754
2025-12-03 23:15:36, 0.1031438941, 0.0998610754, 0.0815508837, 0.0733284469, 2908.8913, 2995.3043, 756.1700, 16.8713
2025-12-03 23:15:42, 0.1299311313, 0.0963056598, 0.0989682565, 0.0870824064, 2873.8966, 2874.7069, 759.6000, 20.0250
2025-12-03 23:15:48, 0.1314687738, 0.1002414614, 0.1041504700, 0.1114936135, 2752.9851, 2688.3881, 758.7950, 18.6339
2025-12-03 23:15:54, 0.0946537371, 0.0892580642, 0.0712517615, 0.0873304034, 3038.6304, 2911.6087, 759.3350, 17.9260
2025-12-03 23:15:59, 0.0868064513, 0.0923498863, 0.0549027505, 0.0542630435, 2804.2903, 2779.9677, 755.6750, 17.5960
2025-12-03 23:16:05, 0.1236631352, 0.1109646375, 0.0782412231, 0.0803053994, 3079.9155, 3099.8169, 759.2250, 18.2358
2025-12-03 23:16:11, 0.1033975958, 0.0911981969, 0.0617473557, 0.0699001869, 2846.1746, 2859.0000, 756.1300, 19.5978
2025-12-03 23:16:17, 0.0633089948, 0.0599512662, 0.0648402351, 0.0811279581, 2724.7586, 2802.9138, 757.7400, 19.9765
2025-12-03 23:16:22, 0.0765116822, 0.0785373762, 0.1210640861, 0.0819108051, 2963.5094, 2916.2264, 756.4650, 20.4440
2025-12-03 23:16:28, 0.0716707374, 0.0592558187, 0.1292066535, 0.0789386632, 2804.0727, 2702.1273, 759.2600, 18.5125
2025-12-03 23:16:34, 0.0642245019, 0.0555062275, 0.1349254141, 0.1237505050, 2990.9400, 2897.7000, 759.2850, 20.2105
2025-12-03 23:16:40, 0.0860185382, 0.0973041984, 0.0809077269, 0.0895978289, 2815.8621, 2886.5000, 756.7700, 19.6326
2025-12-03 23:16:46, 0.0680427371, 0.0495907546, 0.0965437506, 0.0910676796, 2836.5686, 2803.3529, 758.8200, 19.6514
2025-12-03 23:16:51, 0.0915726566, 0.0923645085, 0.0928393644, 0.1059730800, 2874.3529, 2956.8039, 762.0600, 21.4855
2025-12-03 23:16:57, 0.1198850304, 0.0962560002, 0.0550128461, 0.0626756099, 2871.2000, 2881.2600, 761.5850, 20.2369
2025-12-03 23:17:03, 0.0904325401, 0.0883087136, 0.0861210769, 0.0756405609, 2788.8704, 2722.0556, 761.7550, 18.4817
2025-12-03 23:17:09, 0.0984075609, 0.0752527258, 0.0846369629, 0.0796706516, 2973.6000, 2985.6200, 765.8500, 20.0870
2025-12-03 23:17:15, 0.0673536090, 0.0714923112, 0.0866467471, 0.0781544773, 3011.3191, 3052.0638, 763.2050, 18.9732
2025-12-03 23:17:20, 0.0963296590, 0.0901412401, 0.0664752307, 0.0598246616, 3001.9583, 2985.1667, 764.1450, 19.1307
2025-12-03 23:17:26, 0.1204694123, 0.1020540645, 0.0824573793, 0.0802294161, 2968.2188, 2964.8281, 766.6150, 19.3217
2025-12-03 23:17:32, 0.0764165884, 0.0717537573, 0.0784626471, 0.0401811840, 2941.4423, 2818.9231, 761.2200, 18.4234
2025-12-03 23:17:38, 0.0696627936, 0.0703575437, 0.0624728402, 0.0481477631, 2730.6724, 2812.8621, 766.2600, 19.2032
2025-12-03 23:17:44, 0.0903200530, 0.0643675370, 0.0681347753, 0.0527899085, 2849.0385, 2816.1154, 763.3100, 20.3223
2025-12-03 23:17:50, 0.0849509139, 0.0805525680, 0.0733199070, 0.0613761706, 2836.6970, 2780.8636, 763.1400, 18.7323
2025-12-03 23:17:55, 0.1037288872, 0.0648003869, 0.0486906421, 0.0481396266, 2955.8333, 2977.4833, 762.3350, 19.5072
2025-12-03 23:18:01, 0.0732471075, 0.0573553193, 0.0626167797, 0.0704099904, 2963.9531, 2912.3438, 765.4600, 18.7568
2025-12-03 23:18:07, 0.0794483426, 0.0687041337, 0.0522594940, 0.0673089121, 2909.3725, 2880.1176, 764.5600, 17.2150
2025-12-03 23:18:12, 0.1252886779, 0.0988881317, 0.0770224211, 0.0730523524, 3110.2807, 3091.1754, 764.9700, 18.4873
2025-12-03 23:18:18, 0.0862988401, 0.0678023868, 0.0666915711, 0.0773381977, 3208.2766, 3139.2979, 766.0650, 19.9845
2025-12-03 23:18:24, 0.0915606393, 0.0669850289, 0.0455848401, 0.0410090482, 2944.0156, 2888.4688, 766.0700, 17.8915
2025-12-03 23:18:30, 0.0621818242, 0.0581470292, 0.1018169290, 0.0875007488, 3047.7200, 2996.7800, 764.3400, 18.6224
2025-12-03 23:18:36, 0.0606717985, 0.0594712991, 0.0752432570, 0.0559436447, 2902.6724, 2849.7586, 766.0850, 18.9089
2025-12-03 23:18:42, 0.0695191684, 0.0824984914, 0.0689327453, 0.0796685404, 3178.0328, 3029.5246, 764.2650, 17.9319
2025-12-03 23:18:48, 0.1086078425, 0.1036292973, 0.0566324031, 0.0616222117, 3112.5600, 3029.8200, 766.5200, 17.9552
2025-12-03 23:18:53, 0.1121627424, 0.1280968760, 0.0869651720, 0.0824518788, 3142.3443, 3027.1967, 765.7450, 20.3917
2025-12-03 23:18:59, 0.1258611967, 0.0984219686, 0.0588289602, 0.0525364624, 3096.1111, 3142.2857, 761.8950, 18.9624
2025-12-03 23:19:05, 0.1188941426, 0.0991255399, 0.0879748751, 0.0784602965, 2954.9048, 2850.3810, 762.8600, 19.3143
2025-12-03 23:19:11, 0.1313728259, 0.1072585491, 0.0772985211, 0.0654123201, 2933.0196, 2846.8824, 762.7800, 18.9508
2025-12-03 23:19:16, 0.1717859829, 0.1335984212, 0.0787156011, 0.0593420238, 3028.7727, 2931.4394, 762.6450, 16.7738
2025-12-03 23:19:22, 0.1147242682, 0.0829520704, 0.1283715486, 0.0766900851, 3069.3000, 2958.2600, 762.4900, 18.7563
2025-12-03 23:19:28, 0.0820175855, 0.0648697967, 0.0731671754, 0.0769722662, 3091.8065, 3042.6129, 764.2750, 19.1335
2025-12-03 23:19:34, 0.0840843406, 0.1005958743, 0.0768225551, 0.0702971839, 2982.2545, 2853.0545, 762.3050, 18.8107
2025-12-03 23:19:40, 0.1184386275, 0.0862168121, 0.0533673841, 0.0432284255, 2834.0690, 2776.8448, 762.8950, 17.8268
2025-12-03 23:19:46, 0.1142849590, 0.1137875264, 0.0337169897, 0.0452111570, 2776.1029, 2801.3088, 759.5550, 16.5577
2025-12-03 23:19:51, 0.1407664381, 0.1079771775, 0.0566453573, 0.0511767407, 3208.5098, 3032.2745, 761.0700, 18.7012
2025-12-03 23:19:58, 0.0909367837, 0.0884145414, 0.0623229916, 0.0554377744, 2897.0000, 2926.8929, 761.3800, 19.1749
2025-12-03 23:20:04, 0.0857740128, 0.0947854936, 0.0792929174, 0.0695930572, 2922.6400, 2809.3800, 763.2900, 21.8088
2025-12-03 23:20:09, 0.0640807615, 0.0630899631, 0.0889117744, 0.0831799375, 2869.5789, 2947.2456, 762.6950, 19.3990
2025-12-03 23:20:15, 0.1167359505, 0.1302638985, 0.0511934785, 0.0464468109, 2795.8776, 2816.4898, 760.5850, 19.1847
2025-12-03 23:20:21, 0.1284857320, 0.1178179386, 0.0621261488, 0.0699620443, 2991.4746, 3081.8814, 761.0050, 19.7647
2025-12-03 23:20:27, 0.0820087134, 0.0790785099, 0.0524840020, 0.0453937239, 2909.7458, 2866.3390, 761.9750, 18.6763
2025-12-03 23:20:33, 0.1192210981, 0.1003507620, 0.0650376191, 0.0411291046, 2954.3108, 2905.3784, 761.2800, 19.3422
2025-12-03 23:20:38, 0.0934914051, 0.1087085359, 0.0657034699, 0.0583160949, 2958.4915, 2923.7119, 759.8400, 18.1916
2025-12-03 23:20:44, 0.0918050912, 0.0995606600, 0.0516306526, 0.0386402113, 2859.9800, 2806.5600, 761.3050, 18.9127
2025-12-03 23:20:50, 0.1262754318, 0.1099788104, 0.0627973906, 0.0724784748, 3095.3704, 3005.1111, 760.9800, 21.4637
2025-12-03 23:20:56, 0.1133244208, 0.0955736975, 0.0538142047, 0.0578223136, 2910.7344, 2894.5000, 758.4600, 18.6161
2025-12-03 23:21:01, 0.1073103585, 0.0909856364, 0.0557805097, 0.0701693953, 2881.0725, 2912.7101, 760.1600, 17.6390
2025-12-03 23:21:07, 0.0958005995, 0.0771905805, 0.0497941465, 0.0600236982, 2941.6364, 2893.8939, 756.9050, 20.9276
2025-12-03 23:21:13, 0.1008649038, 0.1027870672, 0.0656152303, 0.0480789102, 3020.1148, 2795.0492, 757.7200, 18.4191
2025-12-03 23:21:19, 0.0807389300, 0.0817472860, 0.0553376502, 0.0686284523, 2894.4894, 2917.8511, 759.2550, 20.1097
2025-12-03 23:21:24, 0.0889563201, 0.0764287056, 0.0708921631, 0.0670773382, 2809.7273, 2788.1970, 758.4200, 19.3575
2025-12-03 23:21:30, 0.0928906292, 0.0846623917, 0.0579108636, 0.0436047314, 2877.7544, 2846.1930, 757.5250, 17.5445
2025-12-03 23:21:36, 0.0617997957, 0.0584824296, 0.0673736683, 0.0657655832, 2960.0000, 2792.9057, 758.9750, 17.9640
2025-12-03 23:21:42, 0.0710679614, 0.0705786355, 0.0688089013, 0.0628692105, 2919.2857, 2796.2222, 757.1700, 19.4423
2025-12-03 23:21:48, 0.0826706149, 0.0632317509, 0.0447097016, 0.0537470570, 2951.5636, 2836.9091, 757.5050, 18.4702
2025-12-03 23:21:54, 0.0817092147, 0.0633096743, 0.0674926649, 0.0444399700, 2984.4478, 2842.2239, 761.6050, 19.0761
2025-12-03 23:22:00, 0.0720840159, 0.0702435507, 0.0556308688, 0.0532985331, 2921.9583, 2830.4167, 757.6600, 18.0802
2025-12-03 23:22:06, 0.0655495598, 0.0584565398, 0.0467745113, 0.0593500261, 2927.2535, 2871.1972, 755.0950, 17.4633
2025-12-03 23:22:12, 0.0481820969, 0.0539092396, 0.0442548638, 0.0435805172, 2787.8596, 2790.9474, 758.9400, 17.5367
2025-12-03 23:22:17, 0.0803638034, 0.0825237651, 0.0388879023, 0.0392024986, 2801.9683, 2792.1746, 760.1350, 16.3155
2025-12-03 23:22:23, 0.1030654478, 0.0732082705, 0.0371914226, 0.0367571039, 2901.2364, 2811.9273, 756.6650, 17.0620
2025-12-03 23:22:29, 0.1067599830, 0.0825198370, 0.0895488213, 0.0784799756, 3021.8308, 2928.2154, 762.9550, 18.0865
2025-12-03 23:22:34, 0.1063854827, 0.0854804023, 0.0345898900, 0.0322906884, 2776.8235, 2722.7059, 761.3400, 18.1481
2025-12-03 23:22:40, 0.1634212719, 0.0924777470, 0.0285407744, 0.0303168003, 2899.7031, 2784.5000, 761.5600, 18.2380
2025-12-03 23:22:46, 0.0794155048, 0.0751597586, 0.0287770036, 0.0403078116, 3036.6774, 2911.7742, 759.3050, 18.7995
2025-12-03 23:22:52, 0.0577582153, 0.0826644785, 0.0472019136, 0.0412167324, 3093.4032, 2838.7581, 762.3050, 19.7036
2025-12-03 23:22:58, 0.1090134078, 0.0931759805, 0.0471079450, 0.0651901295, 2885.7576, 2872.2879, 760.9250, 18.4827
2025-12-03 23:23:04, 0.0526902667, 0.0477694212, 0.0436627205, 0.0553614825, 2890.1125, 2894.9000, 762.2750, 18.2647
2025-12-03 23:23:10, 0.0698377242, 0.0573741844, 0.0560996227, 0.0508740402, 3280.8545, 3112.2364, 762.5300, 16.7090
2025-12-03 23:23:16, 0.1039594546, 0.1019674126, 0.0467106377, 0.0438221879, 2943.3860, 2921.0702, 763.4400, 18.8095
2025-12-03 23:23:21, 0.1305870177, 0.1167812662, 0.0487005358, 0.0451469771, 2966.4211, 2932.2105, 759.5750, 17.4503
2025-12-03 23:23:27, 0.0816266207, 0.0749061208, 0.0415771963, 0.0420307071, 3022.1429, 2809.8571, 762.0800, 17.1643
2025-12-03 23:23:33, 0.1042900643, 0.1141177185, 0.0458345227, 0.0409619758, 2917.9848, 2939.2273, 764.4800, 18.3319
2025-12-03 23:23:38, 0.1600904020, 0.1175390022, 0.0327107681, 0.0342358203, 2715.9091, 2696.2727, 762.6500, 18.1683
2025-12-03 23:23:44, 0.1469249916, 0.1479383369, 0.0291978903, 0.0299457811, 2906.6393, 2797.2787, 762.4050, 19.4217
2025-12-03 23:23:50, 0.1544526875, 0.1105360481, 0.0547865354, 0.0636158738, 2945.7333, 2912.8500, 765.5450, 17.2655
2025-12-03 23:23:56, 0.1466862786, 0.1594653697, 0.0440386618, 0.0352544225, 2771.8947, 2705.1053, 767.1650, 18.6228
2025-12-03 23:24:02, 0.1900947356, 0.1471716245, 0.0332243952, 0.0412859375, 2853.2833, 2873.6000, 765.6200, 17.9612
2025-12-03 23:24:08, 0.1068424174, 0.1143179433, 0.0467816778, 0.0381372258, 2891.5574, 2731.0820, 766.0050, 18.1641
2025-12-03 23:24:13, 0.1227103187, 0.1052858703, 0.0533374878, 0.0406177107, 3000.0156, 2897.9844, 765.7300, 17.2803
2025-12-03 23:24:19, 0.1102323667, 0.0968541243, 0.0488593337, 0.0749816613, 2785.6667, 2698.9804, 765.1400, 18.7731
2025-12-03 23:24:25, 0.0941584356, 0.0902114781, 0.0670896401, 0.0522302289, 2897.6250, 2750.4107, 765.0350, 18.4833
2025-12-03 23:24:31, 0.1330794252, 0.1206968133, 0.0523074079, 0.0462645462, 3096.7907, 3030.8372, 767.0750, 18.2038
2025-12-03 23:24:37, 0.1022367901, 0.0836733040, 0.0466903748, 0.0277333299, 2924.5161, 2754.0806, 766.1450, 18.2037
2025-12-03 23:24:43, 0.1384910055, 0.0987898605, 0.0593275742, 0.0607081658, 2972.9545, 2839.7273, 766.8450, 18.5995
2025-12-03 23:24:48, 0.1105094388, 0.0715004710, 0.0497664470, 0.0424239619, 2894.5965, 2808.0702, 765.5850, 17.9695
2025-12-03 23:24:54, 0.1004529635, 0.0946816201, 0.0351421398, 0.0369029089, 2878.2041, 2817.3673, 763.5100, 19.1392
2025-12-03 23:25:00, 0.0763547646, 0.0850468323, 0.0662110532, 0.0460486138, 3121.3036, 2923.7679, 762.4950, 18.2027
2025-12-03 23:25:06, 0.1463861043, 0.1101850073, 0.0541109754, 0.0491109832, 2845.3077, 2864.7885, 762.5400, 19.1637
2025-12-03 23:25:12, 0.0752453045, 0.0880730168, 0.0637132576, 0.0505916842, 2928.6034, 2863.1897, 763.2900, 17.1696
2025-12-03 23:25:18, 0.1211242338, 0.0795924054, 0.0706207743, 0.0516779091, 2997.4186, 2772.9767, 764.4400, 17.7126
2025-12-03 23:25:23, 0.0962656172, 0.0724808316, 0.0647114057, 0.0424618049, 3038.5686, 2951.2549, 762.7800, 19.3606
2025-12-03 23:25:29, 0.0998127081, 0.0837590042, 0.0781463679, 0.0501012200, 2969.6610, 2805.0678, 765.8500, 17.8795
2025-12-03 23:25:35, 0.0672605707, 0.0536002472, 0.0429118647, 0.0455412300, 2775.5455, 2790.5909, 764.7450, 17.0109
2025-12-03 23:25:41, 0.0975490446, 0.0708955662, 0.0687153967, 0.0681741492, 2779.7647, 2688.7255, 763.3650, 17.4909
2025-12-03 23:25:46, 0.1047903712, 0.0821119239, 0.0613959217, 0.0669103466, 2928.5882, 2883.7255, 765.6700, 18.0414
2025-12-03 23:25:52, 0.0715399923, 0.0714403045, 0.0657937826, 0.0411135362, 2892.2388, 2779.4925, 765.3200, 17.8002
2025-12-03 23:25:58, 0.0898277266, 0.0899235677, 0.0503377455, 0.0464818004, 2967.2000, 2878.0364, 760.1400, 19.9254
2025-12-03 23:26:04, 0.0661191906, 0.0596183319, 0.0410155012, 0.0415179004, 2929.2951, 2890.4098, 766.0600, 17.4816
2025-12-03 23:26:10, 0.0804029661, 0.0710219404, 0.0552062657, 0.0423508121, 2805.8113, 2764.7925, 757.9900, 18.7393
2025-12-03 23:26:15, 0.0840195727, 0.0807091043, 0.0507080091, 0.0540252200, 3064.8393, 3108.5714, 760.6650, 17.3517
2025-12-03 23:26:21, 0.1061848417, 0.0834457567, 0.0504051333, 0.0375414026, 2863.2000, 2823.7667, 762.6300, 16.8962
2025-12-03 23:26:27, 0.0763924935, 0.0711282875, 0.0517064679, 0.0567620141, 3043.2979, 3024.1064, 760.1600, 18.4774
2025-12-03 23:26:33, 0.1050046989, 0.1016448047, 0.0545112465, 0.0554152798, 3004.8772, 2955.6140, 763.6450, 18.3365
2025-12-03 23:26:39, 0.0741490944, 0.0604365906, 0.0624959775, 0.0701016981, 2869.5769, 2764.8846, 763.0600, 18.9725
2025-12-03 23:26:45, 0.0867653186, 0.0919393477, 0.0326468630, 0.0336643806, 3036.6905, 2901.3810, 763.1000, 18.2277
2025-12-03 23:26:50, 0.1192793281, 0.1171700662, 0.0454823202, 0.0438378497, 3097.1852, 2957.0556, 764.7300, 17.8417
2025-12-03 23:26:56, 0.0651982628, 0.0871207990, 0.0626325633, 0.0695730283, 2785.9388, 2770.0204, 766.1000, 16.6457
2025-12-03 23:27:02, 0.0801349292, 0.0676313734, 0.0725512847, 0.0559458226, 2880.6207, 2825.7069, 765.5400, 17.5576
2025-12-03 23:27:08, 0.1104585086, 0.1050555263, 0.0759687009, 0.0535898256, 2808.7000, 2798.7500, 764.1000, 16.6763
2025-12-03 23:27:13, 0.0853576718, 0.0733409835, 0.1239203116, 0.1008383012, 2911.9841, 2866.2857, 764.2950, 13.9477
2025-12-03 23:27:19, 0.0767434295, 0.0788419332, 0.0771005917, 0.0533014127, 3080.4906, 3001.7170, 766.1650, 17.3418
2025-12-03 23:27:25, 0.0720623847, 0.0727530663, 0.0854194593, 0.0562513107, 3021.8298, 2881.7234, 764.6550, 19.6798
2025-12-03 23:27:31, 0.0906331371, 0.0676776368, 0.0666002596, 0.0545590677, 2978.6154, 2978.6923, 767.6250, 19.2594
2025-12-03 23:27:37, 0.1056163396, 0.0818757317, 0.0512561312, 0.0536105546, 2934.6222, 2828.0667, 759.1900, 18.2435
2025-12-03 23:27:43, 0.1379630223, 0.1023568879, 0.0802443944, 0.0689981209, 2977.6379, 2834.1552, 761.3500, 19.5417
2025-12-03 23:27:49, 0.1079284483, 0.0706512417, 0.0482703818, 0.0432209338, 2862.3958, 2839.3125, 755.7350, 16.8785
2025-12-03 23:27:54, 0.1572915772, 0.1548948703, 0.0551789718, 0.0560697641, 2725.6129, 2732.9677, 754.3700, 18.4457
2025-12-03 23:28:00, 0.0821041130, 0.0720088159, 0.0724043506, 0.0775069149, 3118.3091, 3002.8182, 760.4250, 17.8024
2025-12-03 23:28:06, 0.0811564041, 0.0660804736, 0.0568029789, 0.0511080953, 2947.2414, 2918.6207, 755.7600, 16.6683
2025-12-03 23:28:12, 0.0817307099, 0.0793599398, 0.0503407366, 0.0373681464, 2930.1489, 2927.6170, 753.1800, 19.2579
2025-12-03 23:28:18, 0.0875108613, 0.0923992912, 0.0558003776, 0.0737352943, 2791.9020, 2793.9020, 756.0550, 18.3301
2025-12-03 23:28:24, 0.0735000584, 0.0924838297, 0.0684412941, 0.0713382735, 3097.9038, 3011.6731, 757.3400, 19.2628
2025-12-03 23:28:29, 0.0998640262, 0.1471847947, 0.0615472942, 0.0508236397, 3221.9583, 3194.2292, 755.1650, 17.8300
2025-12-03 23:28:35, 0.1552231572, 0.0980526336, 0.0528307585, 0.0505068644, 2841.3091, 2939.6000, 756.8000, 19.1695
2025-12-03 23:28:41, 0.0673680501, 0.0607657933, 0.0724870006, 0.0733941931, 2818.8308, 2795.0615, 757.2550, 16.6820
2025-12-03 23:28:47, 0.1083592847, 0.0881241680, 0.0593011434, 0.0676931930, 2953.8913, 3005.4783, 757.7950, 16.8871
2025-12-03 23:28:53, 0.0982433620, 0.0851193970, 0.0660491465, 0.0636378338, 3083.3548, 2966.8710, 759.5750, 20.3441
2025-12-03 23:28:58, 0.1045622084, 0.0902524647, 0.0582525562, 0.0566112176, 3198.6792, 3202.8679, 760.2550, 18.4071
2025-12-03 23:29:04, 0.1060918008, 0.1241898104, 0.0604570583, 0.0642224917, 2911.2424, 2850.8333, 757.2100, 18.4037
2025-12-03 23:29:10, 0.1138461299, 0.0944872458, 0.0557220300, 0.0495574853, 3176.0000, 3058.8644, 764.8500, 17.6748
2025-12-03 23:29:16, 0.0949805999, 0.0836874794, 0.1261588350, 0.0835143077, 2817.2885, 2764.4615, 759.1650, 19.1355
2025-12-03 23:29:21, 0.0698981869, 0.0450568492, 0.0979745488, 0.0920575272, 2789.3333, 2822.2708, 766.2950, 17.2119
2025-12-03 23:29:27, 0.1297884424, 0.1026122077, 0.0598784182, 0.0658603923, 2904.1765, 2922.5686, 764.1650, 20.3248
2025-12-03 23:29:33, 0.0776000155, 0.0638526341, 0.0542819867, 0.0534179324, 2852.3279, 2727.4426, 758.4150, 17.7897
2025-12-03 23:29:39, 0.0807857275, 0.0914858162, 0.0772290569, 0.0966695256, 3113.4531, 3063.2031, 764.6650, 18.1987
2025-12-03 23:29:44, 0.0825127490, 0.0953991370, 0.0480507980, 0.0474092379, 2804.0196, 2830.4706, 764.4250, 16.8088
2025-12-03 23:29:51, 0.0827009608, 0.0798873541, 0.0514221355, 0.0495295830, 2961.0909, 2882.2727, 766.3850, 18.1749
2025-12-03 23:29:56, 0.1194953557, 0.0912626205, 0.0488044824, 0.0529849843, 2798.2885, 2870.3269, 768.1050, 19.9981
2025-12-03 23:30:02, 0.1099261125, 0.0801611087, 0.0495750407, 0.0377025465, 2870.9189, 2853.0676, 766.9050, 18.1250
2025-12-03 23:30:08, 0.0998005836, 0.0867377262, 0.0545168639, 0.0473979800, 2757.2542, 2823.4237, 762.6000, 19.0657
2025-12-03 23:30:13, 0.1058459061, 0.0873515959, 0.0758826426, 0.0591544133, 2758.9535, 2749.4884, 763.6300, 17.7184
2025-12-03 23:30:19, 0.0920202522, 0.0632289282, 0.0560951626, 0.0675326023, 3166.1509, 3167.1132, 762.8950, 17.1617
2025-12-03 23:30:25, 0.0836101052, 0.0689614116, 0.0730954522, 0.0688668754, 3054.2615, 3002.9231, 761.9400, 17.7549
2025-12-03 23:30:31, 0.0885373594, 0.0981910100, 0.0654707060, 0.0617813922, 2913.8929, 2900.5536, 760.1150, 17.4345
2025-12-03 23:30:37, 0.0935692156, 0.0723181728, 0.0711396567, 0.0644493803, 2913.2000, 2905.1833, 762.6550, 17.6942
2025-12-03 23:30:43, 0.1353326337, 0.1047589093, 0.0586952216, 0.0435781335, 3004.4921, 2847.8730, 761.7550, 18.0404
2025-12-03 23:30:49, 0.1104502885, 0.1027985290, 0.0615726254, 0.0439515412, 3240.1194, 3180.4179, 762.7950, 16.5104
2025-12-03 23:30:54, 0.1176184727, 0.1131370860, 0.0618999672, 0.0576927661, 3258.7222, 3091.9444, 762.7800, 18.9729
2025-12-03 23:31:00, 0.0970605930, 0.0927344868, 0.0421829378, 0.0373128028, 3043.3519, 2988.3333, 762.8250, 17.7998
2025-12-03 23:31:06, 0.0980228710, 0.0821346674, 0.0445186755, 0.0410684921, 3178.6863, 3063.5294, 763.1150, 19.9562
2025-12-03 23:31:12, 0.1546307957, 0.0945139945, 0.0246535320, 0.0283030172, 2836.6604, 2738.4528, 766.8600, 17.3046
2025-12-03 23:31:17, 0.0999037660, 0.0967309197, 0.0344390107, 0.0452475231, 2847.8689, 2847.7377, 762.3950, 18.6593
2025-12-03 23:31:23, 0.0496975250, 0.0667172627, 0.0355199073, 0.0399807831, 3068.3182, 2963.5606, 763.4750, 17.3063
2025-12-03 23:31:29, 0.1199747341, 0.0934179878, 0.0518414402, 0.0440314494, 3080.6716, 3024.0149, 763.1950, 18.2136
2025-12-03 23:31:35, 0.1121792868, 0.0806394226, 0.0517587915, 0.0548356420, 2977.0227, 2824.1364, 764.0500, 18.6375
2025-12-03 23:31:41, 0.0787993333, 0.0839933132, 0.0312834638, 0.0334891683, 3007.0455, 2927.6667, 758.0700, 17.2132
2025-12-03 23:31:46, 0.0825898003, 0.0562073413, 0.0447152960, 0.0310592824, 2975.4483, 2823.4138, 765.5650, 19.1339
2025-12-03 23:31:53, 0.1102303403, 0.0913401366, 0.0494233814, 0.0371487237, 3071.7213, 2992.6557, 760.3450, 19.8810
2025-12-03 23:31:59, 0.0731069690, 0.0728902097, 0.0359690500, 0.0393341110, 2913.1912, 2836.4118, 760.2300, 19.8088
2025-12-03 23:32:04, 0.0735309923, 0.0546826356, 0.0734788312, 0.0617851329, 2867.2857, 2811.8393, 760.0800, 19.3635
2025-12-03 23:32:10, 0.1005731340, 0.0842780921, 0.0526585323, 0.0501560848, 2858.8070, 2735.3509, 759.6500, 17.8949
2025-12-03 23:32:16, 0.1067273177, 0.1052349265, 0.0741757723, 0.1008215635, 2861.4091, 2797.3182, 758.0050, 20.9343
2025-12-03 23:32:22, 0.1085300516, 0.1105967060, 0.0724203172, 0.0775547387, 2871.4667, 2825.2000, 759.3850, 20.2249
2025-12-03 23:32:27, 0.0870034833, 0.0903507225, 0.0586413581, 0.0569812487, 2901.0000, 2918.6897, 757.4100, 18.4022
2025-12-03 23:32:33, 0.0869998642, 0.1132837094, 0.0639999463, 0.0566565936, 3061.7872, 2961.1277, 755.2550, 17.5186
2025-12-03 23:32:39, 0.1089203752, 0.0773252099, 0.0522590712, 0.0397508581, 3003.9219, 2886.5000, 758.1850, 17.4152
2025-12-03 23:32:45, 0.0433288802, 0.0528926093, 0.0602337449, 0.0455365006, 2993.3226, 2921.8065, 757.0200, 19.7259
2025-12-03 23:32:51, 0.1468630710, 0.1041822191, 0.0535742273, 0.0633863671, 2991.6949, 2948.3051, 755.3200, 19.5197
2025-12-03 23:32:57, 0.1155821681, 0.0961295809, 0.0514690491, 0.0580937788, 2965.5965, 2989.2456, 757.2000, 17.3796
2025-12-03 23:33:03, 0.1264655216, 0.1416168678, 0.0373335474, 0.0392988867, 2884.5763, 2852.2712, 758.9250, 18.9960
2025-12-03 23:33:09, 0.1024123335, 0.1379569348, 0.0546561601, 0.0660702822, 2912.6667, 2980.5926, 761.3700, 19.3655
2025-12-03 23:33:15, 0.0687354662, 0.0643925199, 0.0609445638, 0.0487896534, 2946.4474, 2737.2632, 758.1200, 16.6258
2025-12-03 23:33:20, 0.0837344887, 0.0572531195, 0.0512003356, 0.0473327556, 2689.6607, 2740.0714, 764.9350, 17.2717
2025-12-03 23:33:26, 0.0451123839, 0.0685434555, 0.0553219968, 0.0537446113, 3066.7246, 2867.2319, 762.6300, 17.6055
2025-12-03 23:33:32, 0.1161745380, 0.1052687758, 0.0490182994, 0.0497820094, 2829.7091, 2718.9455, 762.9600, 20.3263
2025-12-03 23:33:37, 0.1280501894, 0.0936042495, 0.0362645272, 0.0387844124, 2825.8113, 2833.2642, 761.8750, 20.2400
2025-12-03 23:33:43, 0.1799249757, 0.1355727108, 0.0315405274, 0.0448790192, 2929.4688, 2950.2812, 760.2050, 18.1850
2025-12-03 23:33:49, 0.1313657618, 0.1049714113, 0.0386754258, 0.0428275074, 2903.3725, 2845.5490, 764.4100, 19.4800
2025-12-03 23:33:55, 0.1363194475, 0.1062175594, 0.0584752822, 0.0361311355, 2973.3404, 2857.5319, 759.2000, 17.1292
2025-12-03 23:34:01, 0.0729025893, 0.0875799961, 0.0477299080, 0.0476092257, 2998.7885, 2952.6538, 759.9600, 16.9100
2025-12-03 23:34:06, 0.0868918045, 0.0729706108, 0.0567513481, 0.0467789338, 3024.3846, 2813.3692, 762.7900, 17.6121
2025-12-03 23:34:12, 0.0691851634, 0.0827819905, 0.0482958536, 0.0317412991, 2997.6981, 2912.8491, 762.5150, 17.8617
2025-12-03 23:34:18, 0.0746290165, 0.0708635224, 0.0644744008, 0.0390667763, 2879.9074, 2842.6667, 760.3750, 18.4457
2025-12-03 23:34:24, 0.0878304943, 0.0766189769, 0.0422997221, 0.0392598848, 2933.1273, 2776.3636, 760.9450, 18.4641
2025-12-03 23:34:29, 0.1185937577, 0.1170445794, 0.0889819842, 0.0545730566, 2874.2273, 2995.0000, 760.4950, 19.2455
2025-12-03 23:34:35, 0.0586345047, 0.0477374895, 0.0638390658, 0.0608993034, 3039.6667, 2801.2727, 760.6900, 17.5941
2025-12-03 23:34:41, 0.1072051848, 0.0634826215, 0.0462004048, 0.0327717314, 3016.0984, 2998.2787, 762.7050, 17.9602
2025-12-03 23:34:47, 0.1223254900, 0.1049836177, 0.0537360990, 0.0560660291, 2910.2958, 2921.7042, 762.4150, 17.2983
2025-12-03 23:34:52, 0.1068175780, 0.1023358892, 0.0442523209, 0.0473851802, 3183.1167, 3192.2667, 757.2100, 19.4323
2025-12-03 23:34:58, 0.1047750805, 0.0637926273, 0.0587092660, 0.0502733965, 3072.2297, 2940.7432, 760.7750, 17.9734
2025-12-03 23:35:04, 0.0765000375, 0.0704133764, 0.0550232641, 0.0627423140, 2966.1667, 2873.9583, 759.9150, 16.4045
2025-12-03 23:35:10, 0.0912687669, 0.1045515670, 0.0615072376, 0.0793464934, 2971.4800, 2931.1400, 761.5700, 17.1844
2025-12-03 23:35:15, 0.1096884818, 0.0802809991, 0.0447240791, 0.0422676550, 3170.6667, 3054.4259, 765.6650, 17.9575
2025-12-03 23:35:21, 0.0849152549, 0.0508183278, 0.0567725884, 0.0506699327, 2911.8136, 2871.3898, 767.9200, 19.2448
2025-12-03 23:35:27, 0.0535720680, 0.0612524220, 0.0714959807, 0.0560858121, 2916.6545, 2827.8909, 762.7250, 16.5357
2025-12-03 23:35:33, 0.1234460649, 0.1061432702, 0.0458329544, 0.0545838044, 2884.4231, 2933.7692, 768.4950, 17.2145
2025-12-03 23:35:38, 0.0809955593, 0.1021191473, 0.0719108001, 0.0527386191, 2964.8269, 2832.0000, 765.5600, 18.0584
2025-12-03 23:35:44, 0.0869993877, 0.1004883627, 0.0484725193, 0.0395386711, 2938.3393, 2868.3571, 764.3050, 18.5376
2025-12-03 23:35:50, 0.1056865519, 0.0855297912, 0.0598873811, 0.0428225744, 2781.2105, 2703.9825, 768.1600, 19.6070
2025-12-03 23:35:56, 0.1098574548, 0.0977946480, 0.0665291064, 0.0630828909, 2882.2754, 2915.1449, 765.1250, 19.8393
2025-12-03 23:36:02, 0.0983618757, 0.0797239346, 0.0360213546, 0.0473363095, 2789.0517, 2809.8966, 764.7850, 17.8678
2025-12-03 23:36:08, 0.0830007054, 0.0728176954, 0.0401807596, 0.0428419200, 2852.4769, 2889.4000, 766.8400, 18.2621
2025-12-03 23:36:13, 0.0959113952, 0.0916941326, 0.0402051236, 0.0429092560, 3005.4500, 2950.4000, 765.2450, 17.2625
2025-12-03 23:36:19, 0.0537609351, 0.0691618552, 0.0616249900, 0.0681639964, 2789.0972, 2809.4861, 767.2000, 19.8610
2025-12-03 23:36:25, 0.0740948122, 0.0830688929, 0.0668165637, 0.0570311505, 3029.7077, 3106.5538, 763.7250, 15.9499
2025-12-03 23:36:31, 0.0836865578, 0.0705772035, 0.0535735967, 0.0328422597, 2999.3731, 2847.3284, 762.4900, 16.7645
2025-12-03 23:36:37, 0.0838014928, 0.0703891153, 0.0375454743, 0.0426457044, 3054.9677, 2989.4839, 762.2700, 17.6541
2025-12-03 23:36:42, 0.0936463687, 0.0677822072, 0.0342260429, 0.0324101118, 2802.8088, 2650.5588, 760.5650, 18.2996
2025-12-03 23:36:48, 0.0753083727, 0.0869377601, 0.0403629013, 0.0417335205, 3063.8364, 2936.3818, 762.8300, 18.2927
2025-12-03 23:36:54, 0.0733204912, 0.0673641518, 0.0442275854, 0.0399723723, 2824.5294, 2739.2206, 764.1700, 17.7257
2025-12-03 23:37:00, 0.0735688581, 0.0648740141, 0.0432178358, 0.0416331455, 3017.8696, 2835.7536, 765.5000, 18.2989
2025-12-03 23:37:06, 0.0749791540, 0.0641779773, 0.0768247491, 0.0641636451, 3100.0172, 2917.1034, 764.7500, 18.1661
2025-12-03 23:37:11, 0.1022319143, 0.0658987441, 0.0602223940, 0.0493474658, 2818.1452, 2845.6290, 766.8650, 18.2794
2025-12-03 23:37:17, 0.1202894084, 0.0836097138, 0.0555761916, 0.0546024237, 2895.8594, 2935.8906, 761.5850, 16.4913
2025-12-03 23:37:23, 0.0972215815, 0.0908714623, 0.0428980768, 0.0591617014, 2766.1774, 2756.4839, 758.7000, 17.8936
2025-12-03 23:37:29, 0.0881246450, 0.0747338608, 0.0602875319, 0.0474208053, 2969.7027, 2975.5676, 760.4500, 16.1798
2025-12-03 23:37:34, 0.0966866561, 0.1126779804, 0.0384379033, 0.0384389856, 2677.2581, 2642.3387, 760.6100, 17.4650
2025-12-03 23:37:40, 0.0664220993, 0.0600815877, 0.0585260430, 0.0438537664, 3081.9796, 2967.8367, 760.9800, 16.2062
2025-12-03 23:37:46, 0.1223681310, 0.0997563388, 0.0403348411, 0.0395383536, 2904.4921, 2836.6984, 761.5750, 17.1658
2025-12-03 23:37:51, 0.0659089119, 0.0723230446, 0.0567566029, 0.0642827569, 2878.0517, 2865.4138, 761.7700, 18.8199
2025-12-03 23:37:57, 0.0554667157, 0.0504848018, 0.0726275372, 0.0784017143, 3055.4808, 2825.1154, 762.6900, 18.3028
2025-12-03 23:38:03, 0.0684024091, 0.0559712026, 0.1020781376, 0.0854857461, 3011.2542, 2771.2034, 762.3950, 18.5677
2025-12-03 23:38:09, 0.0894570896, 0.0830967149, 0.0634105338, 0.0789146415, 2962.4727, 2833.3455, 764.2250, 15.7262
2025-12-03 23:38:15, 0.0529590711, 0.0391158961, 0.0552621390, 0.0476736462, 2892.2034, 2769.3220, 758.9250, 18.9040
2025-12-03 23:38:21, 0.0641026391, 0.0642866123, 0.0667196863, 0.0529160664, 3074.9365, 2984.2063, 766.5900, 16.6479
2025-12-03 23:38:26, 0.0712310410, 0.0636531559, 0.0466623187, 0.0372938764, 3109.2667, 3077.5500, 758.7150, 18.6342
2025-12-03 23:38:32, 0.0814953250, 0.1156989570, 0.0573337252, 0.0731649657, 2866.3750, 2801.7292, 758.5850, 18.3312
2025-12-03 23:38:38, 0.1019154260, 0.0742799845, 0.0600159982, 0.0584687005, 2868.3333, 2907.4667, 758.2550, 19.4528
2025-12-03 23:38:44, 0.1288765142, 0.0903227530, 0.0840066192, 0.0708977762, 2817.4848, 2871.1818, 758.7700, 17.8131
2025-12-03 23:38:50, 0.0681004745, 0.0534594783, 0.0635765875, 0.0602779629, 2976.0189, 2940.2075, 758.3100, 18.1123
2025-12-03 23:38:55, 0.1096865984, 0.0987997309, 0.0473053780, 0.0411886848, 2977.3934, 2965.7049, 757.9600, 18.6386
2025-12-03 23:39:01, 0.0857913102, 0.0874602115, 0.0325687506, 0.0384256994, 3059.1148, 2922.1803, 758.9600, 18.3354
2025-12-03 23:39:07, 0.1067756718, 0.0839798539, 0.0454141455, 0.0483299771, 3011.0000, 2986.5862, 757.4200, 18.0209
2025-12-03 23:39:13, 0.1015345320, 0.0790474049, 0.0655881427, 0.0521521494, 3002.2679, 2898.4821, 757.7700, 17.9245
2025-12-03 23:39:18, 0.0596482285, 0.0779942677, 0.0743213745, 0.0534148440, 3036.0189, 2796.6792, 758.6150, 19.8982
2025-12-03 23:39:24, 0.0889333183, 0.0798083355, 0.0408820821, 0.0404912838, 2811.1268, 2838.4366, 757.8600, 16.8828
2025-12-03 23:39:30, 0.1321818243, 0.1008142565, 0.0545328058, 0.0436263765, 2986.7313, 2876.5522, 758.3100, 19.9748
2025-12-03 23:39:36, 0.0642746165, 0.0683012013, 0.0641102466, 0.0725635237, 2754.2167, 2741.6500, 758.4500, 18.9504
2025-12-03 23:39:42, 0.0666228287, 0.0686526046, 0.0391059684, 0.0369814169, 2697.7500, 2734.9559, 756.9100, 17.6981
2025-12-03 23:39:48, 0.0623777084, 0.0623707988, 0.0345633056, 0.0383899748, 2851.2063, 2777.5079, 760.4300, 21.2668
2025-12-03 23:39:54, 0.0896516287, 0.0783074568, 0.0493053602, 0.0517239387, 2893.5000, 2815.2333, 759.2400, 20.1582
2025-12-03 23:40:00, 0.0727714292, 0.0648707979, 0.0394921721, 0.0456186356, 3120.3095, 2916.3095, 760.5550, 17.8512
2025-12-03 23:40:06, 0.0857886695, 0.0708127330, 0.0492663198, 0.0412952101, 3035.3750, 3027.6429, 760.8500, 17.5604
2025-12-03 23:40:11, 0.0595628642, 0.0741713361, 0.0539346810, 0.0445491327, 3016.4675, 2910.1429, 760.7200, 18.1103
2025-12-03 23:40:17, 0.0736847869, 0.0664440868, 0.0682627766, 0.0534860406, 2970.3913, 2852.8841, 759.9600, 17.9607
2025-12-03 23:40:23, 0.1132286496, 0.0942306696, 0.0522524312, 0.0362153650, 3042.4615, 2946.3269, 759.6800, 16.8469
2025-12-03 23:40:29, 0.0469963716, 0.0422383354, 0.0663087532, 0.0608399687, 3051.0127, 2792.6456, 756.6600, 19.8077
2025-12-03 23:40:34, 0.0879970385, 0.0844638151, 0.0554187876, 0.0471500940, 2906.7018, 2910.1404, 757.9350, 19.3827
2025-12-03 23:40:40, 0.0827629228, 0.0650953035, 0.0514894228, 0.0405756768, 2946.2000, 2970.9846, 758.7400, 18.2187
2025-12-03 23:40:46, 0.0902984374, 0.0984557038, 0.0495202147, 0.0605983749, 2718.9259, 2623.8704, 757.6900, 18.1525
2025-12-03 23:40:52, 0.1141764162, 0.1250396875, 0.0838301720, 0.0704340618, 2948.0727, 2887.5455, 759.2300, 17.7951
2025-12-03 23:40:58, 0.1611339622, 0.1254841889, 0.0388378422, 0.0561786043, 2842.2639, 2935.9444, 760.8950, 17.2402
2025-12-03 23:41:03, 0.0782272657, 0.0858110050, 0.0446177745, 0.0471261372, 2825.5179, 2728.0357, 760.3400, 18.4701
2025-12-03 23:41:09, 0.0989935892, 0.0741401875, 0.0582320680, 0.0526294311, 2912.1395, 2827.8837, 761.1700, 19.1753
2025-12-03 23:41:15, 0.1524635109, 0.0918448592, 0.0688055619, 0.0809847552, 3028.5932, 3018.0000, 761.3000, 19.9434
2025-12-03 23:41:21, 0.1084423212, 0.0867003683, 0.0578529837, 0.0462091000, 2987.1875, 2842.7969, 760.4500, 17.5630
2025-12-03 23:41:27, 0.0996750303, 0.0708954853, 0.0692474235, 0.0520770129, 3063.0781, 3028.4375, 764.6200, 17.2124
2025-12-03 23:41:33, 0.0626855031, 0.0821721365, 0.0513334040, 0.0466866002, 2820.5397, 2779.2381, 762.6400, 17.5223
2025-12-03 23:41:38, 0.0894618259, 0.0911703491, 0.0332221414, 0.0306542727, 2999.0789, 2905.2895, 763.5650, 16.8960
2025-12-03 23:41:44, 0.1014680586, 0.0832500117, 0.0460576683, 0.0449119674, 3030.9861, 2929.0139, 763.2850, 17.7035
2025-12-03 23:41:50, 0.0880805446, 0.0949938508, 0.0664495612, 0.0522493254, 3013.6087, 2802.8696, 763.1150, 17.7835
2025-12-03 23:41:56, 0.0987946378, 0.0779752257, 0.0983892291, 0.0820642567, 2742.3390, 2689.2881, 764.1150, 16.7410
2025-12-03 23:42:02, 0.1042350906, 0.0758867357, 0.0420990628, 0.0306187876, 3014.2157, 2937.7451, 763.0950, 18.2002
2025-12-03 23:42:08, 0.0804454404, 0.0576843867, 0.0683748403, 0.0565430209, 2899.7917, 2655.0625, 768.3600, 16.8713
2025-12-03 23:42:14, 0.1008087502, 0.0659271197, 0.0618895828, 0.0413465886, 3076.7213, 2877.9508, 766.1800, 20.4970
2025-12-03 23:42:19, 0.0891334990, 0.0878817769, 0.0535901147, 0.0322714672, 2812.3409, 2639.7727, 773.0700, 18.7980
2025-12-03 23:42:25, 0.0933827669, 0.0703377261, 0.0677563115, 0.0441030034, 3127.2078, 3064.0519, 773.6100, 18.5237
2025-12-03 23:42:31, 0.1067901713, 0.0725948175, 0.0367225851, 0.0441779212, 2901.6290, 2917.6452, 772.6950, 18.6436
2025-12-03 23:42:37, 0.1179595547, 0.0838536755, 0.0288332428, 0.0228768581, 3057.6604, 2777.5660, 771.7250, 16.5897
2025-12-03 23:42:42, 0.1037038308, 0.0735343926, 0.0456938874, 0.0339093912, 2905.8529, 2783.9853, 774.7250, 18.6671
2025-12-03 23:42:48, 0.0722702935, 0.0780187902, 0.0461099836, 0.0443362232, 3035.5385, 2977.1231, 773.1850, 17.7243
2025-12-03 23:42:54, 0.0887401801, 0.0883701086, 0.0423308841, 0.0485472227, 2991.1579, 3011.8421, 772.3400, 17.7267
2025-12-03 23:43:00, 0.1253384514, 0.0970658005, 0.0599200842, 0.0656633796, 3210.4490, 3042.0204, 770.7400, 17.3871
2025-12-03 23:43:06, 0.1001333674, 0.1125681448, 0.0551830957, 0.0447149817, 2956.8913, 2767.0870, 769.0550, 18.2437
2025-12-03 23:43:12, 0.0648286457, 0.0782205386, 0.0416604973, 0.0353994726, 3213.1538, 2971.6667, 770.1900, 17.6449
2025-12-03 23:43:18, 0.0722216191, 0.0688126604, 0.0588731193, 0.0447963826, 3142.5455, 2931.2545, 768.2600, 19.0773
2025-12-03 23:43:23, 0.0924401929, 0.0940213753, 0.0341626677, 0.0315673087, 3050.0204, 2935.9796, 769.8500, 19.6450
2025-12-03 23:43:29, 0.0723254515, 0.0642418918, 0.0443847468, 0.0308399965, 3156.2500, 2925.1346, 770.2350, 18.3368
2025-12-03 23:43:35, 0.0632364013, 0.0653423073, 0.0339126498, 0.0468908285, 2958.7397, 2842.5479, 767.7450, 17.1788
2025-12-03 23:43:41, 0.1328664343, 0.1096268444, 0.0424680757, 0.0309374317, 2935.4143, 2918.0143, 772.9150, 18.1515
2025-12-03 23:43:47, 0.0527039258, 0.0622897518, 0.0549807687, 0.0463212546, 2873.4265, 2746.9265, 767.5200, 17.4270
2025-12-03 23:43:52, 0.0604207114, 0.0666675940, 0.0574687709, 0.0436954413, 2980.7458, 2769.7966, 766.4900, 19.1585
2025-12-03 23:43:58, 0.0891445777, 0.0774647011, 0.0509403625, 0.0616632207, 3077.4746, 3041.4237, 764.2600, 18.2272
2025-12-03 23:44:04, 0.0797408530, 0.0799568121, 0.0486584527, 0.0593689673, 2843.3134, 2857.8060, 768.3100, 17.8363
2025-12-03 23:44:10, 0.0862083076, 0.0884474798, 0.0393265950, 0.0409199746, 3101.9677, 2959.8548, 763.5150, 18.4778
2025-12-03 23:44:15, 0.0799885055, 0.0844908765, 0.0622128285, 0.0524667076, 3092.3393, 3033.3036, 767.8400, 18.7916
2025-12-03 23:44:22, 0.0667416809, 0.0526860154, 0.0631173647, 0.0579179216, 3065.8971, 3027.6324, 765.6450, 17.7392
2025-12-03 23:44:27, 0.1068306778, 0.0840649412, 0.0454382857, 0.0632175384, 2851.2083, 2791.8750, 767.7300, 18.3531
2025-12-03 23:44:33, 0.0954519047, 0.0794933962, 0.0767066493, 0.0521104412, 3030.5893, 2919.5179, 757.9050, 18.7253
2025-12-03 23:44:39, 0.1062030637, 0.0888580618, 0.0322970967, 0.0249569160, 2861.5370, 2840.8519, 765.1650, 16.9322
2025-12-03 23:44:45, 0.1182960263, 0.1031897760, 0.0601668464, 0.0460440536, 2963.8621, 2903.3448, 765.1300, 16.9597
2025-12-03 23:44:51, 0.0929629057, 0.0815490570, 0.0431300192, 0.0383059473, 2822.2333, 2765.8333, 766.4800, 18.0881
2025-12-03 23:44:56, 0.0807202921, 0.0743385230, 0.0627067723, 0.0532278802, 3077.0469, 2935.0625, 766.1200, 17.1270
2025-12-03 23:45:02, 0.1025630316, 0.0788330321, 0.0577896807, 0.0570249291, 2998.8525, 2900.8689, 765.6550, 16.6675
2025-12-03 23:45:08, 0.0768843481, 0.0681884532, 0.0352889446, 0.0418732290, 2909.6604, 2810.6226, 764.0850, 17.9192
2025-12-03 23:45:14, 0.0842811174, 0.0873613938, 0.0317264365, 0.0352464002, 2993.3014, 2993.9452, 767.4100, 17.8405
2025-12-03 23:45:19, 0.0751926734, 0.0718340540, 0.0417135195, 0.0430321913, 2792.2727, 2716.1591, 767.9650, 17.8273
2025-12-03 23:45:25, 0.0780763893, 0.0866052706, 0.0508258054, 0.0491977050, 2977.1224, 2899.2245, 770.6800, 18.5043
2025-12-03 23:45:31, 0.0736904755, 0.0868130337, 0.0722073873, 0.0619292442, 3080.1321, 2926.6604, 767.7400, 18.3003
2025-12-03 23:45:37, 0.0801583985, 0.0899783353, 0.0750253668, 0.0436978162, 3031.9737, 2860.3421, 765.0950, 17.4274
2025-12-03 23:45:43, 0.0789252639, 0.0706628971, 0.0763786196, 0.0512442886, 2941.8889, 2911.5278, 770.0650, 17.3825
2025-12-03 23:45:49, 0.0965136444, 0.1119987854, 0.0563384801, 0.0526804957, 2886.4200, 2766.9600, 765.4800, 18.7659
2025-12-03 23:45:54, 0.1094623481, 0.0812210003, 0.0466485492, 0.0518469741, 2920.5735, 2838.3088, 764.9150, 16.4602
2025-12-03 23:46:00, 0.0762658070, 0.0822656501, 0.0661420861, 0.0631739332, 3032.1695, 2865.8475, 763.1350, 16.9987
2025-12-03 23:46:06, 0.0843510435, 0.0727972649, 0.0537714165, 0.0231546397, 3045.7447, 3010.4894, 762.0450, 17.9631
2025-12-03 23:46:12, 0.0768082080, 0.0745207189, 0.0629372934, 0.0576878366, 2996.1029, 3002.7059, 763.2500, 19.3162
2025-12-03 23:46:17, 0.1172952102, 0.1065714980, 0.0671870721, 0.0557113630, 2961.3231, 2825.6154, 760.3350, 18.6698
2025-12-03 23:46:23, 0.0901369161, 0.0866764024, 0.0537783333, 0.0480009207, 2867.6136, 2885.2045, 760.8200, 18.4162
2025-12-03 23:46:29, 0.1146140833, 0.0895222539, 0.0510596212, 0.0328903001, 3001.6875, 2881.0469, 761.3800, 16.7763
2025-12-03 23:46:35, 0.0756648029, 0.0995592526, 0.0557698175, 0.0418974300, 3060.9811, 2965.6415, 762.5400, 18.2016
2025-12-03 23:46:41, 0.0499050880, 0.0496533918, 0.0869281781, 0.0626829323, 3077.3898, 3054.0339, 762.2900, 19.3467
2025-12-03 23:46:46, 0.0773906143, 0.0574190962, 0.0484158362, 0.0574041130, 3090.0339, 2944.2203, 761.2150, 17.6601
2025-12-03 23:46:52, 0.0832631704, 0.0969984775, 0.0860231553, 0.0729820909, 2913.8980, 2878.4694, 758.1350, 17.6070
2025-12-03 23:46:58, 0.1155490140, 0.0850483010, 0.0627359593, 0.0622199680, 2891.8936, 2853.1915, 761.8050, 18.8851
2025-12-03 23:47:04, 0.1285409302, 0.0859946524, 0.0488525076, 0.0597395436, 2919.8793, 2880.4828, 761.6850, 18.7157
2025-12-03 23:47:09, 0.0671594136, 0.0591373609, 0.0342354915, 0.0327887792, 2940.0167, 2739.5833, 760.2000, 18.4391
2025-12-03 23:47:15, 0.0978065174, 0.0884871674, 0.0639009205, 0.0509579950, 2931.6271, 2878.4576, 762.9950, 19.3508
2025-12-03 23:47:21, 0.0974563969, 0.0819394202, 0.0565454041, 0.0446869419, 2963.6078, 2818.5098, 760.3750, 16.3965
2025-12-03 23:47:27, 0.0650789319, 0.0614647983, 0.0435950949, 0.0365046202, 2993.6818, 2815.1667, 761.8750, 18.4456
2025-12-03 23:47:33, 0.0791120903, 0.0880207012, 0.0642555207, 0.0421959704, 3012.8431, 2900.2745, 760.0650, 18.9808
2025-12-03 23:47:39, 0.0806066767, 0.0683430277, 0.0503661386, 0.0635810562, 2890.2745, 2879.0000, 760.4300, 16.5996
2025-12-03 23:47:44, 0.0911806731, 0.0811295084, 0.0645886351, 0.0609708973, 2852.0000, 2827.5000, 762.5000, 18.3093
2025-12-03 23:47:50, 0.0992034048, 0.0872208533, 0.0753299988, 0.0613958393, 3145.3333, 2963.5741, 761.7700, 18.1126
2025-12-03 23:47:56, 0.0823345602, 0.1105401662, 0.0615740561, 0.0433426233, 3089.3704, 3039.9074, 762.0200, 19.1329
2025-12-03 23:48:02, 0.0834099289, 0.0792536704, 0.0524989643, 0.0647328998, 2984.2593, 2888.8148, 762.3000, 18.0513
2025-12-03 23:48:08, 0.0934886952, 0.0803556571, 0.0976251302, 0.1099177859, 2883.4130, 2917.1522, 767.3350, 19.0132
2025-12-03 23:48:13, 0.1023012740, 0.0800518260, 0.0663874717, 0.0688062242, 3049.3878, 2974.2041, 764.5300, 20.7786
2025-12-03 23:48:19, 0.0579443984, 0.0600089944, 0.0724006223, 0.0525402110, 3195.1333, 2948.8333, 766.1950, 19.6496
2025-12-03 23:48:25, 0.0680149935, 0.0512576754, 0.0856719209, 0.0883158290, 3154.8235, 3135.0980, 764.1150, 21.9479
2025-12-03 23:48:31, 0.0710124018, 0.0597266121, 0.0780543259, 0.0522477587, 3065.1800, 2985.3400, 763.7300, 21.2426
2025-12-03 23:48:37, 0.0763039560, 0.0794181959, 0.0531638933, 0.0346538663, 2948.5294, 2882.6275, 762.5750, 19.0327
2025-12-03 23:48:42, 0.0586434457, 0.0509175529, 0.0823939892, 0.0601329876, 2864.1786, 2804.8393, 764.0850, 18.4645
2025-12-03 23:48:48, 0.0443816356, 0.0514386848, 0.0792453250, 0.0670331452, 2794.8444, 2790.6444, 762.3250, 19.1851
2025-12-03 23:48:54, 0.0724749521, 0.0621986392, 0.0535770540, 0.0744302549, 3083.9464, 2927.5000, 758.3750, 19.2157
2025-12-03 23:49:00, 0.1010129146, 0.0784484629, 0.0652214872, 0.0533744505, 2985.5273, 2839.0000, 760.1800, 18.3727
2025-12-03 23:49:06, 0.1019010719, 0.0799595395, 0.0533042771, 0.0443354713, 2936.5645, 2836.3710, 760.1250, 17.2690
2025-12-03 23:49:11, 0.1498837581, 0.1129889500, 0.0474778339, 0.0452021593, 3035.2037, 2893.9815, 761.3300, 18.8348
2025-12-03 23:49:17, 0.0894547953, 0.0680103329, 0.0405669125, 0.0443254780, 2979.8308, 2756.7538, 760.0600, 18.4796
2025-12-03 23:49:23, 0.0733632337, 0.0902855646, 0.0504304166, 0.0530056231, 2812.4194, 2778.6290, 760.4950, 19.1099
2025-12-03 23:49:29, 0.0944218595, 0.0750551232, 0.0492880261, 0.0738815176, 2967.3953, 2921.4419, 761.5250, 18.4407
2025-12-03 23:49:35, 0.1055105850, 0.0845104591, 0.0436916749, 0.0531334206, 2908.2097, 2855.7581, 758.4750, 18.9034
2025-12-03 23:49:41, 0.0737791734, 0.0770191504, 0.0640294393, 0.0866857696, 2951.5179, 2847.0893, 760.8700, 19.5687
2025-12-03 23:49:46, 0.0899506885, 0.0869874058, 0.0674013310, 0.0550972599, 3107.6364, 3049.2273, 759.7050, 18.8207
2025-12-03 23:49:52, 0.0766281944, 0.0627375391, 0.0803859595, 0.0791911877, 3014.1731, 2844.9808, 761.9750, 18.9743
2025-12-03 23:49:58, 0.0972277518, 0.0902024100, 0.0463138835, 0.0547926064, 2878.0392, 2735.4314, 762.7400, 20.4111
2025-12-03 23:50:04, 0.1098798383, 0.1139011915, 0.0968576920, 0.0654247060, 2889.5349, 2731.3256, 765.3800, 18.8001
2025-12-03 23:50:10, 0.0869253433, 0.0816908837, 0.0513311544, 0.0422479503, 3005.0980, 2988.9020, 768.9750, 18.6809
2025-12-03 23:50:15, 0.0719386280, 0.0664499224, 0.0829890725, 0.0535890658, 2990.2927, 2864.0244, 766.5050, 19.0063
2025-12-03 23:50:21, 0.0778193380, 0.0803953527, 0.0587015575, 0.0751734836, 2884.7925, 2831.8302, 768.5450, 19.1272
2025-12-03 23:50:27, 0.0579374034, 0.0852774993, 0.0912996738, 0.0899118464, 3073.6613, 3031.4839, 767.8850, 18.8995
2025-12-03 23:50:33, 0.0796732801, 0.0772989937, 0.1179841034, 0.0652737052, 2825.7451, 2875.2941, 771.9300, 18.2679
2025-12-03 23:50:38, 0.0722108006, 0.0783288400, 0.0683950278, 0.0592958943, 3324.1087, 3220.9565, 768.5700, 18.6801
2025-12-03 23:50:45, 0.1006909436, 0.0815735579, 0.0672223467, 0.0888063473, 2968.6071, 2863.9821, 767.3300, 19.1948
2025-12-03 23:50:50, 0.0705668244, 0.0717641101, 0.0557457710, 0.0463869684, 2946.9265, 2874.5294, 766.0300, 18.0510
2025-12-03 23:50:57, 0.0862383278, 0.0708259510, 0.0658900806, 0.0680122745, 2910.2712, 2821.0508, 765.5800, 17.4018
2025-12-03 23:51:02, 0.0679453609, 0.0623459857, 0.0695161657, 0.0640463772, 2926.7059, 2949.3676, 768.3050, 20.2122
2025-12-03 23:51:08, 0.1450582538, 0.1007574112, 0.0690764264, 0.0810521846, 2898.0000, 2842.3019, 765.8050, 21.5139
2025-12-03 23:51:14, 0.1263477463, 0.1140600281, 0.0373167356, 0.0387502865, 2943.8000, 2809.5400, 762.0250, 19.3307
2025-12-03 23:51:20, 0.1021301465, 0.1037756890, 0.0642531957, 0.0553308705, 2864.6716, 2831.8507, 759.5050, 18.1348
2025-12-03 23:51:25, 0.0559593690, 0.0578808918, 0.0891152619, 0.0463313804, 2874.4186, 2599.6047, 762.1550, 18.3339
2025-12-03 23:51:31, 0.0818616966, 0.0875802156, 0.0595591991, 0.0754742948, 3158.2031, 3191.9844, 764.7700, 19.4511
2025-12-03 23:51:37, 0.0977222533, 0.0654209576, 0.0776505308, 0.0761797944, 3189.3929, 3047.3214, 762.5350, 17.6737
2025-12-03 23:51:43, 0.1141284126, 0.0780765147, 0.0549202291, 0.0669131780, 3038.0000, 2927.2857, 759.2850, 17.8805
2025-12-03 23:51:49, 0.0856179302, 0.0840730975, 0.0554479124, 0.0379161680, 2904.6296, 2808.7778, 757.5900, 17.6848
2025-12-03 23:51:55, 0.1120135044, 0.0945599302, 0.0467816843, 0.0572369884, 3062.0196, 3019.4510, 758.5450, 19.7944
2025-12-03 23:52:00, 0.0799966681, 0.0784452946, 0.0512110695, 0.0594185766, 3049.6552, 3161.5000, 760.5800, 18.6366
2025-12-03 23:52:06, 0.0766536918, 0.0698581014, 0.0786959717, 0.0717765904, 3036.2623, 2937.0656, 760.9700, 20.0629
2025-12-03 23:52:12, 0.0928645882, 0.0885078504, 0.0403596613, 0.0702050258, 2863.3415, 2820.5366, 760.1700, 19.0783
2025-12-03 23:52:18, 0.0919254814, 0.0835238203, 0.0393671958, 0.0380835309, 3047.9333, 2995.6444, 759.6050, 17.1997
2025-12-03 23:52:23, 0.0660815561, 0.0707658311, 0.0650946856, 0.0817667627, 2904.3906, 2925.8438, 763.2150, 17.2174
2025-12-03 23:52:29, 0.0755242008, 0.0577252808, 0.0542376937, 0.0486418752, 3020.3684, 2883.5088, 760.8750, 18.2343
2025-12-03 23:52:35, 0.0575404413, 0.0664353811, 0.0626379086, 0.0352242003, 3122.2115, 2851.1731, 760.5950, 18.1579
2025-12-03 23:52:41, 0.0559181665, 0.0529920082, 0.0702410410, 0.0463398269, 2947.3662, 2760.4225, 758.7150, 20.6984
2025-12-03 23:52:47, 0.0622856320, 0.0644619602, 0.0640652738, 0.0539077330, 2977.2037, 2817.9630, 759.7350, 18.6216
2025-12-03 23:52:53, 0.0977176115, 0.0897476028, 0.0455281209, 0.0439085166, 3215.9000, 2972.6800, 761.2100, 18.3133
2025-12-03 23:52:58, 0.1175583849, 0.0768415311, 0.0498150527, 0.0458249211, 3108.0980, 3203.9608, 759.9650, 16.2494
2025-12-03 23:53:04, 0.0854264030, 0.0722604017, 0.0655750206, 0.0513785426, 3092.2979, 2892.7660, 760.2850, 17.0098
2025-12-03 23:53:10, 0.0712840933, 0.0741074924, 0.0441381910, 0.0417978866, 2938.3200, 2845.8200, 758.6200, 15.8624
2025-12-03 23:53:16, 0.0769651422, 0.0625592536, 0.0366993128, 0.0341804388, 2809.9231, 2807.7538, 755.9050, 17.4987
2025-12-03 23:53:22, 0.0652611787, 0.0897907976, 0.0767939331, 0.0530079607, 3037.2203, 2843.7797, 758.8750, 18.7734
2025-12-03 23:53:27, 0.0796503602, 0.0547605354, 0.0674565945, 0.0564090914, 2832.0175, 2769.6842, 757.9300, 17.4068
2025-12-03 23:53:33, 0.0820788997, 0.0591999366, 0.0408027586, 0.0517301230, 2758.1373, 2748.3137, 757.1300, 17.3874
2025-12-03 23:53:39, 0.0987565611, 0.0759125407, 0.0701588356, 0.0655133919, 3004.1364, 2799.9545, 762.5550, 17.8372
2025-12-03 23:53:45, 0.0808781151, 0.0603641440, 0.0452708644, 0.0586305842, 2979.1846, 2926.3692, 760.9900, 16.3936
2025-12-03 23:53:50, 0.0529055133, 0.0509681410, 0.0623864742, 0.0408052318, 2863.7963, 2728.2222, 759.9500, 18.4845
2025-12-03 23:53:56, 0.0682171084, 0.0559772579, 0.0549939437, 0.0592963225, 2778.7797, 2713.6102, 764.0400, 18.1551
2025-12-03 23:54:02, 0.0711138652, 0.0692208061, 0.0599131927, 0.0532573835, 2782.5714, 2816.2381, 762.3450, 18.8127
2025-12-03 23:54:08, 0.0849739654, 0.0755488077, 0.0467509430, 0.0422239144, 2935.2553, 2763.8298, 761.9700, 18.3736
2025-12-03 23:54:14, 0.0475172632, 0.0439418028, 0.0618504500, 0.0495981186, 2759.9273, 2659.7273, 763.7500, 17.7124
2025-12-03 23:54:20, 0.0789915884, 0.0603949250, 0.0457393083, 0.0461372296, 3005.8800, 2825.7867, 761.6600, 17.9038
2025-12-03 23:54:25, 0.0591043908, 0.0555042008, 0.0444826589, 0.0384439382, 2747.7949, 2714.8590, 764.7200, 17.9252
2025-12-03 23:54:31, 0.0752920764, 0.0647098557, 0.0365614730, 0.0369058466, 2900.2203, 2777.5932, 766.8250, 17.2573
2025-12-03 23:54:37, 0.0870978391, 0.0842615122, 0.0440787395, 0.0333356725, 3055.4107, 2840.4821, 766.1200, 17.7900
2025-12-03 23:54:42, 0.0627215826, 0.0609777463, 0.0322286816, 0.0325470185, 3005.7746, 2914.3380, 767.9650, 19.0826
2025-12-03 23:54:48, 0.0528864876, 0.0583718701, 0.0602640123, 0.0507968426, 3139.3472, 2996.6806, 768.7300, 20.4907
2025-12-03 23:54:54, 0.0697970486, 0.0540550747, 0.0331190350, 0.0431341004, 3010.4464, 2742.4464, 769.0850, 20.1012
2025-12-03 23:55:00, 0.0646633340, 0.0619950999, 0.0717070402, 0.0674499704, 2894.9649, 2818.9825, 765.5550, 17.2826
2025-12-03 23:55:06, 0.0954467487, 0.0602678041, 0.0605526047, 0.0528898892, 3046.8772, 2887.1930, 764.3250, 17.9463
2025-12-03 23:55:12, 0.0703505401, 0.0665567725, 0.0453607140, 0.0348303441, 3079.4783, 2886.0145, 767.9450, 20.0420
2025-12-03 23:55:17, 0.0589679320, 0.0592345220, 0.0396205683, 0.0518465763, 2811.1970, 2753.5303, 765.2950, 20.2242
2025-12-03 23:55:23, 0.0620971501, 0.0509880915, 0.0497930916, 0.0411129122, 2814.8254, 2743.4127, 763.8850, 20.5634
2025-12-03 23:55:29, 0.0730406623, 0.0663439976, 0.0413390674, 0.0291735045, 2981.3913, 2763.7826, 766.9200, 21.0507
2025-12-03 23:55:35, 0.0821137298, 0.0814494428, 0.0289419630, 0.0406880559, 2986.8302, 2851.3019, 760.3850, 19.4362
2025-12-03 23:55:41, 0.0733034216, 0.0640996647, 0.0427012157, 0.0309119463, 2860.4286, 2720.6122, 758.1150, 16.3674
2025-12-03 23:55:47, 0.0727812536, 0.0716824101, 0.0491444367, 0.0383878205, 3137.4375, 3059.6667, 764.5300, 18.7208
2025-12-03 23:55:52, 0.0994140967, 0.0753880072, 0.0455280441, 0.0395562799, 2925.0893, 2815.2679, 759.8900, 18.5553
2025-12-03 23:55:58, 0.1025253431, 0.1067185687, 0.0780791719, 0.0592384177, 3047.1250, 2850.5938, 764.3600, 19.1854
2025-12-03 23:56:04, 0.1123066632, 0.0933615041, 0.0608371226, 0.0562938199, 2721.6154, 2744.7077, 760.1300, 17.6735
2025-12-03 23:56:10, 0.0919852881, 0.1189346142, 0.0558331142, 0.0518267650, 3094.6610, 2954.7797, 760.5100, 18.4038
2025-12-03 23:56:15, 0.0782261304, 0.0789383578, 0.0457253300, 0.0385454243, 2947.3333, 2905.2083, 760.2300, 18.7194
2025-12-03 23:56:21, 0.1111667477, 0.0953576452, 0.0575614951, 0.0563069448, 2852.6400, 2767.9000, 759.8650, 18.8161
2025-12-03 23:56:27, 0.0934323430, 0.0705750408, 0.0557487337, 0.0630666713, 3043.8833, 3022.0000, 759.5400, 18.8722
2025-12-03 23:56:33, 0.0981495858, 0.0824184964, 0.0415474288, 0.0316735087, 2987.1321, 2954.6604, 757.8500, 18.2772
2025-12-03 23:56:39, 0.0834481953, 0.0756787776, 0.0679575328, 0.0675079217, 2741.0200, 2726.6200, 757.8900, 18.0280
2025-12-03 23:56:44, 0.0764018361, 0.1151171375, 0.0414713086, 0.0396485080, 3067.3571, 2880.3929, 758.9700, 17.8496
2025-12-03 23:56:50, 0.0570837841, 0.0537751238, 0.0827597371, 0.0956671449, 2889.5652, 2843.3043, 762.2200, 18.1602
2025-12-03 23:56:56, 0.0921723440, 0.0784260428, 0.0524081369, 0.0543396290, 3079.5846, 3150.8769, 761.2900, 19.0286
2025-12-03 23:57:02, 0.0821660786, 0.0766417460, 0.0546651181, 0.0485928075, 3197.4355, 3057.8065, 764.4950, 19.9417
2025-12-03 23:57:08, 0.0739691895, 0.0901725027, 0.0553914649, 0.0487827702, 2886.9831, 2827.2542, 763.6950, 20.0400
2025-12-03 23:57:14, 0.0841090336, 0.0690242892, 0.0469278592, 0.0377081849, 3113.4000, 2924.1867, 767.4800, 18.0508
2025-12-03 23:57:19, 0.1013305104, 0.1024776869, 0.0540278659, 0.0575595638, 2966.6000, 2784.5200, 768.0150, 18.4159
2025-12-03 23:57:25, 0.0654368596, 0.0683139948, 0.0636235621, 0.0627205684, 3108.3810, 2871.6984, 767.1950, 18.4002
2025-12-03 23:57:31, 0.0775373516, 0.0775304332, 0.0443819118, 0.0491891340, 3026.6984, 2943.0476, 768.9550, 18.7575
2025-12-03 23:57:37, 0.1117839733, 0.0757310973, 0.0489341975, 0.0359041972, 2845.9434, 2799.0943, 769.3000, 19.4933
2025-12-03 23:57:43, 0.1017188834, 0.1115211018, 0.0579896182, 0.0623723724, 3084.2340, 2989.7447, 768.7800, 19.3156
2025-12-03 23:57:48, 0.0910856096, 0.0746276382, 0.0507081847, 0.0568330801, 2883.3778, 2700.8444, 768.6800, 19.7795
2025-12-03 23:57:54, 0.1190685615, 0.0984783288, 0.0634294160, 0.0747494532, 2986.2308, 3003.6154, 767.8600, 18.8149
2025-12-03 23:58:00, 0.1178706624, 0.1132335000, 0.0903942812, 0.1081798806, 3167.2609, 3098.4783, 769.9550, 18.0292
2025-12-03 23:58:06, 0.0655829657, 0.0799359886, 0.0837407430, 0.0864168273, 2989.5781, 2945.0938, 770.1900, 18.6843
2025-12-03 23:58:12, 0.0867654259, 0.0740742833, 0.0613001938, 0.0617182476, 2921.6667, 2893.6515, 765.4000, 18.5122
2025-12-03 23:58:18, 0.0728669068, 0.0746312917, 0.0433577143, 0.0383754650, 2976.8571, 2882.2857, 763.2500, 16.4584
2025-12-03 23:58:23, 0.1175031883, 0.1113034898, 0.0484375269, 0.0415226984, 3158.3750, 3028.4583, 766.5150, 17.7618
2025-12-03 23:58:29, 0.1062572595, 0.0732590928, 0.0549753321, 0.0714562959, 2929.9655, 2833.7414, 763.2050, 17.4053
2025-12-03 23:58:35, 0.0744906984, 0.0602132936, 0.0568624497, 0.0678616280, 3058.5238, 3129.6190, 762.5550, 19.7369
2025-12-03 23:58:41, 0.1339576235, 0.0715379183, 0.0663892556, 0.0569505847, 3069.2182, 2974.7091, 762.6300, 17.5623
2025-12-03 23:58:46, 0.0821896700, 0.0815244298, 0.0769990343, 0.0613342459, 2965.7222, 2861.5417, 761.4250, 17.3803
2025-12-03 23:58:52, 0.0929542348, 0.0770738163, 0.0440559836, 0.0409463226, 2906.0192, 2881.7308, 765.0800, 17.4193
2025-12-03 23:58:58, 0.0700731468, 0.0674723003, 0.0449925260, 0.0337296640, 3031.0000, 2994.1636, 764.0650, 19.6316
2025-12-03 23:59:04, 0.0725972048, 0.0654035672, 0.0481051322, 0.0660372615, 2769.6349, 2756.6349, 764.8950, 20.2085
2025-12-03 23:59:09, 0.0711567120, 0.0732071972, 0.0462529318, 0.0398127045, 2928.5167, 2848.5000, 765.1100, 19.0617
2025-12-03 23:59:15, 0.1037797840, 0.1047383620, 0.0502395513, 0.0401052789, 3094.4340, 2955.1887, 764.5000, 19.7124
2025-12-03 23:59:21, 0.0641269936, 0.0641272896, 0.0575602046, 0.0656223615, 2925.3623, 2895.0145, 757.4950, 19.5903
2025-12-03 23:59:27, 0.0768170733, 0.0719905049, 0.0567452088, 0.0565717227, 2877.9565, 2792.2029, 760.7300, 19.5588
2025-12-03 23:59:33, 0.0733976256, 0.0958245740, 0.0673311647, 0.0481803801, 3113.3846, 2978.8269, 764.0050, 18.7023
2025-12-03 23:59:39, 0.0965350855, 0.0799418408, 0.0535771138, 0.0574748484, 2986.6809, 2919.6809, 766.8350, 19.4224
2025-12-03 23:59:44, 0.0837113389, 0.0856864676, 0.0485457649, 0.0471810967, 3014.3333, 2874.3333, 767.1800, 20.8822
2025-12-03 23:59:50, 0.1081821948, 0.0890980779, 0.0692489192, 0.0452773702, 3014.2800, 2943.2000, 762.0900, 20.2441
2025-12-03 23:59:56, 0.0873852566, 0.0618308281, 0.0449570877, 0.0445032467, 2974.6406, 2851.2031, 761.2300, 18.1713
2025-12-04 00:00:02, 0.0914848592, 0.0805629630, 0.0613935785, 0.0600534851, 3033.7667, 2869.4500, 764.1750, 18.9927
2025-12-04 00:00:08, 0.0655021108, 0.0483988901, 0.0380007670, 0.0255703732, 3142.7333, 2929.4933, 766.8050, 19.9511
2025-12-04 00:00:14, 0.0574640763, 0.0530339244, 0.0317861833, 0.0275634618, 2985.1852, 2791.1296, 766.5300, 20.8326
2025-12-04 00:00:20, 0.0653993891, 0.0568312076, 0.0450397884, 0.0460213210, 2867.6286, 2764.3857, 765.6650, 20.2586
2025-12-04 00:00:26, 0.0714632786, 0.0639081684, 0.0391703550, 0.0356026715, 2966.8000, 2792.4875, 765.2100, 18.4330
2025-12-04 00:00:31, 0.0608255842, 0.0522366342, 0.0461099711, 0.0349941371, 2833.8873, 2661.9718, 767.1100, 19.5593
2025-12-04 00:00:37, 0.0563322743, 0.0474512775, 0.0403391195, 0.0266796426, 3087.3226, 2819.5000, 767.5450, 20.8935
2025-12-04 00:00:43, 0.0764732216, 0.0692616915, 0.0490186204, 0.0464476222, 2854.5556, 2812.8254, 766.9650, 16.9780
2025-12-04 00:00:49, 0.0906025270, 0.0774597054, 0.0403624047, 0.0382383843, 2766.8475, 2630.5932, 759.7450, 19.2837
2025-12-04 00:00:55, 0.0732200637, 0.0697633560, 0.0368534984, 0.0434351178, 2905.8358, 2823.8955, 767.6550, 19.5488
2025-12-04 00:01:00, 0.0983608961, 0.0806767685, 0.0502101766, 0.0445103240, 2946.6282, 2909.2949, 756.8900, 19.4864
2025-12-04 00:01:06, 0.0910335973, 0.0879137671, 0.0591202814, 0.0445605705, 3077.2687, 2914.6269, 758.3100, 19.5536
2025-12-04 00:01:12, 0.1113960106, 0.0869113172, 0.0300720781, 0.0403187333, 3057.8125, 3005.1406, 758.9050, 17.6685
2025-12-04 00:01:18, 0.1278323661, 0.1085745779, 0.0500041413, 0.0395900183, 3054.3542, 3016.2500, 758.6250, 18.2089
2025-12-04 00:01:23, 0.0855815138, 0.0818175291, 0.0329290056, 0.0272314194, 2857.8364, 2693.8727, 754.8600, 17.9767
2025-12-04 00:01:29, 0.0964222660, 0.0641076782, 0.0413815587, 0.0454625341, 2882.3214, 2806.6429, 760.0100, 19.4826
2025-12-04 00:01:36, 0.0702571748, 0.0715064201, 0.0643134203, 0.0628982371, 3066.5385, 2954.8462, 761.3100, 19.8228
2025-12-04 00:01:41, 0.0676436856, 0.0605006147, 0.0395644333, 0.0567598037, 2867.0455, 2762.0909, 757.4950, 17.9209
2025-12-04 00:01:47, 0.0990847305, 0.0747607396, 0.0425498008, 0.0396566848, 2801.6176, 2788.9853, 759.9300, 19.3545
2025-12-04 00:01:53, 0.0844128266, 0.0710566480, 0.0672575575, 0.0468359247, 2940.2344, 2815.9375, 759.0550, 18.0187
2025-12-04 00:01:59, 0.0657724611, 0.0614709465, 0.0748347842, 0.0458983628, 2970.4894, 2836.0213, 756.1600, 19.8873
2025-12-04 00:02:05, 0.0719308897, 0.0742207497, 0.0669998079, 0.0497310399, 3023.7800, 2880.3800, 754.1450, 19.0723
2025-12-04 00:02:10, 0.1060104942, 0.0970018935, 0.0491028957, 0.0416223334, 3075.0820, 2854.8033, 765.4100, 17.9411
2025-12-04 00:02:16, 0.0925244681, 0.0923871214, 0.0718563393, 0.0578263559, 3112.8654, 2974.0769, 759.3750, 18.6447
2025-12-04 00:02:22, 0.0496443474, 0.0608377073, 0.0567286321, 0.0330004927, 2852.8125, 2636.5417, 762.9050, 20.1600
2025-12-04 00:02:28, 0.0855580918, 0.0987047654, 0.0477799538, 0.0479714051, 3029.3636, 2865.2182, 764.8650, 19.2205
2025-12-04 00:02:34, 0.1145196837, 0.0792731641, 0.0348362742, 0.0441144298, 2938.8519, 2872.1667, 762.4450, 18.8689
2025-12-04 00:02:39, 0.1168560398, 0.0825623442, 0.0708589704, 0.0668721798, 3197.2097, 2957.6290, 762.8150, 19.1212
2025-12-04 00:02:45, 0.0654569378, 0.0677267383, 0.0844626788, 0.0827419606, 3193.3016, 2982.9365, 765.4750, 16.7096
2025-12-04 00:02:51, 0.0655351738, 0.0632454911, 0.0652657686, 0.0621033771, 2780.6812, 2597.5217, 764.8850, 17.4035
2025-12-04 00:02:57, 0.0545289041, 0.0606292377, 0.0792165591, 0.0637448615, 2923.7467, 2679.6800, 763.0850, 17.7214
2025-12-04 00:03:03, 0.0599893417, 0.0521359536, 0.0684805486, 0.0740758501, 3005.3607, 2866.2131, 763.6300, 17.4308
2025-12-04 00:03:09, 0.0700626981, 0.0651422740, 0.0588014964, 0.0608493872, 3028.4839, 2989.1290, 763.1650, 16.6276
2025-12-04 00:03:14, 0.0528456325, 0.0562446437, 0.0754240619, 0.0623928099, 3006.1379, 2946.5517, 762.5550, 18.4718
2025-12-04 00:03:20, 0.0661460232, 0.0753670821, 0.0577727317, 0.0417013411, 2988.7414, 2856.5000, 762.3400, 19.1357
2025-12-04 00:03:26, 0.0837105508, 0.0735288097, 0.0937115740, 0.0629090710, 2991.3559, 2887.3051, 763.4150, 17.4689
2025-12-04 00:03:32, 0.0925818970, 0.0827376230, 0.0669985881, 0.0511142544, 2865.0645, 2739.6774, 762.0100, 17.9349
2025-12-04 00:03:38, 0.0803643954, 0.0682965039, 0.0744536695, 0.0592954394, 3052.1154, 2936.5962, 763.0200, 18.8218
2025-12-04 00:03:43, 0.0534064190, 0.0505264460, 0.1000400763, 0.0811405967, 2830.7627, 2674.0000, 760.4500, 15.6089
2025-12-04 00:03:49, 0.0793949489, 0.0844118379, 0.1048517068, 0.0802558399, 2972.8333, 2866.6852, 761.8100, 18.2273
2025-12-04 00:03:55, 0.0893306276, 0.0877131865, 0.0532456723, 0.0573894136, 3070.9400, 3093.2400, 765.8300, 17.6301
2025-12-04 00:04:01, 0.1166499856, 0.1052277725, 0.0491902427, 0.0528548472, 2816.1250, 2872.3438, 764.6600, 18.0187
2025-12-04 00:04:06, 0.0765203712, 0.0746696771, 0.1278231116, 0.0763428228, 2989.7123, 2850.0959, 764.0750, 17.2832
2025-12-04 00:04:12, 0.0609277885, 0.0693609589, 0.0607229947, 0.0772706220, 2746.6364, 2621.6818, 765.2350, 18.3535
2025-12-04 00:04:18, 0.0902351097, 0.0849191731, 0.0712212150, 0.0421061384, 3023.7213, 2969.1639, 765.5300, 17.3323
2025-12-04 00:04:24, 0.0636556877, 0.0670596138, 0.0659555119, 0.0690975368, 2961.8553, 2915.6447, 762.4250, 16.3210
2025-12-04 00:04:29, 0.0726957402, 0.0568971139, 0.0550883430, 0.0368392274, 2968.7538, 2900.1231, 762.8600, 18.1047
2025-12-04 00:04:35, 0.1190950636, 0.0888213472, 0.0571216703, 0.0522330060, 2908.0000, 2856.6744, 761.9250, 15.5968
2025-12-04 00:04:41, 0.0688256226, 0.0655205842, 0.0809353736, 0.0642153227, 2977.6429, 2968.8571, 763.5450, 16.8392
2025-12-04 00:04:47, 0.0848833419, 0.0843330268, 0.0655648361, 0.0502516633, 2957.2128, 2837.8298, 764.4950, 18.5054
2025-12-04 00:04:53, 0.0902556148, 0.0776493032, 0.0928317210, 0.0798776643, 2907.9420, 2858.4348, 759.6300, 16.2063
2025-12-04 00:04:58, 0.0937820311, 0.0830661087, 0.0554094141, 0.0514426828, 2968.3390, 2876.6102, 758.8400, 18.8102
2025-12-04 00:05:04, 0.1033982185, 0.0848909858, 0.0573456757, 0.0768282415, 3102.5283, 3011.8113, 761.0800, 17.4583
2025-12-04 00:05:10, 0.0456165092, 0.0411086697, 0.0816462299, 0.0486196354, 2904.0746, 2764.6716, 759.9700, 18.4152
2025-12-04 00:05:16, 0.0472648270, 0.0443878214, 0.0953227282, 0.0819791912, 3321.6724, 3175.1207, 762.4500, 20.2365
2025-12-04 00:05:22, 0.0625264985, 0.0565285940, 0.0667632201, 0.0572680367, 2965.8939, 2821.1515, 760.2200, 20.7680
2025-12-04 00:05:27, 0.0670928121, 0.0592495112, 0.0639432893, 0.0763835928, 2988.1020, 2904.8980, 758.9750, 20.2774
2025-12-04 00:05:33, 0.0763164967, 0.0708090044, 0.0443749629, 0.0541461316, 2867.1321, 2998.4340, 757.3250, 18.8244
2025-12-04 00:05:39, 0.1034725665, 0.0887786771, 0.0783770196, 0.0632009774, 2967.4789, 2831.5352, 756.7550, 20.0061
2025-12-04 00:05:45, 0.0723634275, 0.0799198336, 0.0563374417, 0.0475919192, 2830.6481, 2859.8519, 761.9300, 19.7928
2025-12-04 00:05:51, 0.0831500593, 0.0771688472, 0.0429980970, 0.0505496953, 2853.0429, 2837.6429, 754.6300, 19.7541
2025-12-04 00:05:56, 0.1114828203, 0.0849365325, 0.0755599247, 0.0568906785, 2873.2308, 2856.0462, 760.2700, 18.5956
2025-12-04 00:06:02, 0.0801741198, 0.0722713651, 0.0806562061, 0.0716848803, 2930.9839, 2813.1774, 758.5300, 16.4079
2025-12-04 00:06:08, 0.0633124276, 0.0481683184, 0.0689129394, 0.0696306693, 2767.1800, 2685.0400, 762.4800, 17.0528
2025-12-04 00:06:14, 0.0746272674, 0.0677246755, 0.0658687613, 0.0650652579, 3212.6667, 3120.9444, 761.9200, 18.4847
2025-12-04 00:06:20, 0.0671767388, 0.0675155457, 0.0703569164, 0.0642095497, 2848.8214, 2732.3571, 761.4950, 17.9683
2025-12-04 00:06:25, 0.1002869411, 0.0883962249, 0.0857380935, 0.0675870927, 3048.9020, 2949.2941, 762.9050, 15.9282
2025-12-04 00:06:31, 0.0772659054, 0.0602392637, 0.0989435612, 0.0764249270, 2994.2239, 2909.4328, 761.9050, 17.9740
2025-12-04 00:06:37, 0.0753582672, 0.0866300189, 0.0399268740, 0.0706107564, 2676.7021, 2757.3617, 761.1250, 17.8617
2025-12-04 00:06:43, 0.0955942943, 0.0645456027, 0.0587620051, 0.0499465008, 3049.6731, 2974.5962, 764.7750, 16.8221
2025-12-04 00:06:49, 0.1080067993, 0.0695764484, 0.0483907867, 0.0555014627, 2980.7059, 2887.0588, 767.7550, 17.8621
2025-12-04 00:06:55, 0.0931612001, 0.0851441693, 0.0683419270, 0.0501445505, 3170.1200, 2992.2000, 767.1150, 17.6723
2025-12-04 00:07:01, 0.0655876973, 0.0606672645, 0.0486683228, 0.0557292671, 3108.6452, 3030.5000, 767.2600, 18.5082
2025-12-04 00:07:06, 0.0787405095, 0.0548514554, 0.0486323554, 0.0465877080, 2934.0577, 2818.9038, 767.7600, 17.8483
2025-12-04 00:07:12, 0.1097142387, 0.0757745101, 0.0621883797, 0.0499541738, 3033.5333, 2918.6000, 768.4550, 17.9894
2025-12-04 00:07:18, 0.0871267887, 0.0878927335, 0.0608572166, 0.0421873775, 3083.4167, 2822.8750, 763.1750, 18.1286
2025-12-04 00:07:24, 0.0775347891, 0.0726937341, 0.0487247821, 0.0543539161, 3006.2553, 2838.9362, 762.8700, 19.4960
2025-12-04 00:07:30, 0.0543018123, 0.0494557488, 0.0479718622, 0.0389000740, 2872.4925, 2755.8955, 763.4450, 19.5823
2025-12-04 00:07:35, 0.0588357519, 0.0616429005, 0.0508529834, 0.0620302044, 2940.1321, 2868.9623, 768.8500, 17.4871
2025-12-04 00:07:41, 0.0979048985, 0.0984395889, 0.0493610538, 0.0391694636, 2954.2222, 2934.2361, 764.5650, 18.8591
2025-12-04 00:07:47, 0.1112774880, 0.1208534729, 0.0455463983, 0.0517533329, 2959.0351, 2933.2456, 763.6100, 19.2935
2025-12-04 00:07:53, 0.1004803901, 0.1092135041, 0.0464251263, 0.0421094544, 2803.7966, 2778.7119, 766.3850, 17.1976
2025-12-04 00:07:59, 0.1029975921, 0.0835184576, 0.0549846326, 0.0512103854, 2992.8939, 2825.4697, 763.4500, 18.2778
2025-12-04 00:08:05, 0.0651443150, 0.0751040020, 0.0432460299, 0.0412149468, 2996.2500, 2932.7500, 764.3250, 19.6298
2025-12-04 00:08:10, 0.0727977333, 0.0727920583, 0.0506728870, 0.0602140720, 3167.0938, 3111.4688, 765.1300, 20.2303
2025-12-04 00:08:16, 0.0652890647, 0.0616169178, 0.0653466726, 0.0417098853, 2866.4000, 2825.2000, 768.1150, 19.3797
2025-12-04 00:08:22, 0.0741313749, 0.0797578010, 0.0427052861, 0.0412392694, 2951.9804, 2812.8039, 767.0400, 19.0882
2025-12-04 00:08:28, 0.0911005596, 0.0563834577, 0.0454036930, 0.0484675554, 2908.4898, 2812.2041, 767.5400, 19.1856
2025-12-04 00:08:33, 0.0666039175, 0.0599618975, 0.0385314388, 0.0321789509, 3163.1154, 3032.0769, 763.8750, 19.3677
2025-12-04 00:08:39, 0.0651014665, 0.0819777320, 0.0818662337, 0.0515677505, 2959.3095, 2813.6905, 764.8300, 18.3573
2025-12-04 00:08:45, 0.0752785552, 0.0786321548, 0.0447334135, 0.0541397751, 2825.9298, 2833.2281, 768.5200, 18.1439
2025-12-04 00:08:51, 0.0716976846, 0.0608230766, 0.0366296370, 0.0430029804, 3111.6538, 2921.9038, 764.5750, 18.7980
2025-12-04 00:08:57, 0.0724033304, 0.0723889072, 0.0452877271, 0.0406965026, 3112.2500, 2893.4808, 766.7650, 18.3869
2025-12-04 00:09:02, 0.1039284475, 0.0763630126, 0.0828185562, 0.0706987230, 3000.3607, 3018.2787, 765.6800, 19.3341
2025-12-04 00:09:08, 0.0724786872, 0.0628325310, 0.0452460058, 0.0580735539, 2987.3607, 2886.5902, 767.4000, 18.1463
2025-12-04 00:09:14, 0.1256472881, 0.0790120778, 0.0558180217, 0.0691334602, 2948.2553, 2946.8511, 767.3250, 19.6130
2025-12-04 00:09:20, 0.0751805716, 0.0446262145, 0.0655114451, 0.0551999817, 3215.7571, 2958.6143, 767.8800, 17.1270
2025-12-04 00:09:26, 0.0629927678, 0.0570677260, 0.0829982925, 0.0587274848, 3117.0426, 2929.4894, 768.9400, 18.7050
2025-12-04 00:09:31, 0.0886297112, 0.0952393288, 0.0671171287, 0.0751360514, 3008.6271, 3030.9831, 767.0150, 17.4575
2025-12-04 00:09:37, 0.0733571509, 0.0614767190, 0.0586209317, 0.0487741941, 3004.9483, 2879.5345, 768.6700, 16.9989
2025-12-04 00:09:43, 0.1032138376, 0.0860036656, 0.0373349563, 0.0414012237, 2813.4333, 2732.4000, 768.1250, 18.7822
2025-12-04 00:09:49, 0.0889848284, 0.0813348069, 0.0524246986, 0.0538761215, 3086.5185, 2886.2778, 766.9150, 17.5282
2025-12-04 00:09:54, 0.0766652127, 0.0532504737, 0.0566080036, 0.0403939300, 2860.0545, 2769.3636, 768.1050, 18.6519
2025-12-04 00:10:00, 0.0694737097, 0.0636660061, 0.0433372727, 0.0337389264, 2969.7561, 2791.3171, 765.2400, 17.5477
2025-12-04 00:10:06, 0.0728692215, 0.0570585042, 0.0539974582, 0.0308639674, 2977.2549, 2777.6471, 768.1600, 17.8808
2025-12-04 00:10:12, 0.0767941096, 0.0636659576, 0.0583775336, 0.0487481931, 2894.8039, 2881.2353, 767.7700, 18.2805
2025-12-04 00:10:18, 0.0628184169, 0.0520481645, 0.0801729388, 0.0594537276, 2922.9692, 2798.7846, 767.2100, 18.4509
2025-12-04 00:10:23, 0.1108706103, 0.0912076186, 0.0722153492, 0.0707021964, 3055.6170, 2954.0638, 768.2750, 18.6687
2025-12-04 00:10:29, 0.0997644704, 0.1033176599, 0.0834908965, 0.0765272569, 2904.5833, 2904.5417, 766.7300, 18.6898
2025-12-04 00:10:35, 0.0802091594, 0.0604899106, 0.0629574556, 0.0742006937, 2913.3000, 2893.0333, 766.2050, 17.9483
2025-12-04 00:10:41, 0.0999862489, 0.0784329725, 0.0935807249, 0.0801967787, 2799.2698, 2715.8095, 766.0750, 17.8423
2025-12-04 00:10:47, 0.0616485645, 0.0744998022, 0.0942467197, 0.1005008642, 3050.9692, 2990.6769, 767.8200, 18.4081
2025-12-04 00:10:53, 0.1099811042, 0.0843150331, 0.0462169634, 0.0547177963, 2779.2419, 2813.3871, 771.4250, 18.0196
2025-12-04 00:10:58, 0.0503921289, 0.0463417021, 0.0642580894, 0.0707496789, 3101.5873, 2951.7143, 769.0250, 16.4528
2025-12-04 00:11:04, 0.0616674326, 0.0647606589, 0.0447879109, 0.0400585122, 2874.3607, 2692.3934, 767.7300, 15.7644
2025-12-04 00:11:10, 0.0638230198, 0.0595295733, 0.0462021189, 0.0394616174, 2984.4068, 2829.4915, 772.8500, 18.3594
2025-12-04 00:11:16, 0.0992953462, 0.0738465801, 0.0660264807, 0.0542917610, 3026.6275, 2951.7059, 769.6050, 18.6271
2025-12-04 00:11:21, 0.1013498291, 0.0772587117, 0.0592851189, 0.0560040200, 2907.0000, 2779.4038, 772.2250, 20.2732
2025-12-04 00:11:27, 0.0714295313, 0.0578470005, 0.0338344973, 0.0352099112, 2684.5909, 2658.2273, 771.1350, 20.2674
2025-12-04 00:11:33, 0.0785211335, 0.0831446402, 0.0592519071, 0.0401385986, 2974.7358, 2875.0000, 770.4050, 16.8122
2025-12-04 00:11:39, 0.0858470023, 0.0882644173, 0.0788302987, 0.0690658776, 3150.3051, 2976.2034, 771.1650, 18.5997
2025-12-04 00:11:45, 0.1113356894, 0.1083254014, 0.0565290372, 0.0415697361, 2860.8167, 2732.7000, 768.7800, 19.6579
2025-12-04 00:11:51, 0.0685266958, 0.0771926126, 0.0595831213, 0.0654663507, 3041.5094, 3048.0189, 767.9200, 20.1269
2025-12-04 00:11:56, 0.0731311929, 0.0715914883, 0.0561833577, 0.0450494291, 3060.2593, 2842.7778, 766.4600, 20.8098
2025-12-04 00:12:02, 0.0941257236, 0.0901250766, 0.0555993146, 0.0585119254, 2895.4222, 2916.3111, 766.2850, 20.6890
2025-12-04 00:12:08, 0.0734384588, 0.0510891066, 0.0576877101, 0.0426167596, 3136.2000, 2794.8600, 767.2000, 22.6744
2025-12-04 00:12:14, 0.0697766435, 0.0792933690, 0.0463211558, 0.0433795525, 2745.9649, 2613.1053, 768.2450, 19.5644
2025-12-04 00:12:20, 0.0730718479, 0.0522929112, 0.0499986571, 0.0427250846, 2917.8852, 2671.7705, 766.2350, 20.7466
2025-12-04 00:12:25, 0.0688761861, 0.0574525500, 0.0752172525, 0.0605221344, 3092.8833, 2876.8667, 766.8400, 21.8278
2025-12-04 00:12:31, 0.0769089317, 0.0569240095, 0.0414872782, 0.0429162634, 2911.5200, 2811.6000, 768.2950, 21.1898
2025-12-04 00:12:37, 0.0774022513, 0.0656217946, 0.0651428724, 0.0594121546, 2996.0984, 2835.4590, 766.9050, 20.3353
2025-12-04 00:12:43, 0.0801461801, 0.0862207819, 0.0561229463, 0.0549887197, 3082.1154, 2986.5577, 766.8100, 20.0233
2025-12-04 00:12:49, 0.0972025851, 0.0748509625, 0.0477235235, 0.0483556338, 3093.8837, 2946.2093, 767.4450, 20.1744
2025-12-04 00:12:55, 0.0574125239, 0.0639858693, 0.0579884260, 0.0580588417, 2981.4655, 2868.7931, 765.6800, 19.8153
2025-12-04 00:13:00, 0.0563850172, 0.0472132613, 0.0725810803, 0.0693002062, 2968.8333, 2828.5152, 767.4450, 20.5841
2025-12-04 00:13:06, 0.1050912661, 0.0737232570, 0.0838107159, 0.0791114459, 3226.8125, 3085.4167, 764.1250, 20.1896
2025-12-04 00:13:12, 0.1050101781, 0.0808951015, 0.0443324548, 0.0430571806, 3023.2000, 2888.2000, 764.1500, 19.1851
2025-12-04 00:13:18, 0.1088528255, 0.0981970355, 0.1057349916, 0.0889688512, 2915.5965, 2882.8772, 760.4200, 20.9562
2025-12-04 00:13:24, 0.0859745260, 0.0779234647, 0.0672409245, 0.0669886401, 2770.7119, 2775.2881, 764.7650, 20.1804
2025-12-04 00:13:29, 0.0748741555, 0.1121906305, 0.1034276860, 0.0817313746, 2907.1364, 2666.7955, 765.2350, 19.4949
2025-12-04 00:13:35, 0.1168561434, 0.0900239395, 0.0852079572, 0.0884434954, 3080.4464, 3025.3571, 767.2450, 20.7182
2025-12-04 00:13:41, 0.1204349941, 0.0958545943, 0.0484386670, 0.0448766765, 3044.8095, 2878.1190, 764.0750, 20.8434
2025-12-04 00:13:47, 0.0791695642, 0.0733831022, 0.0613890252, 0.0503359395, 3167.3800, 2970.7000, 763.0950, 20.1679
2025-12-04 00:13:53, 0.0981239174, 0.0920177035, 0.0586762398, 0.0609716868, 2996.4727, 2856.0364, 760.1950, 19.0002
2025-12-04 00:13:59, 0.0814504332, 0.0575202770, 0.0400128636, 0.0580300276, 3059.0000, 2849.5000, 761.2050, 17.5298
2025-12-04 00:14:04, 0.1026047239, 0.0905328334, 0.0850185074, 0.0807989459, 3014.3077, 2953.5385, 756.9000, 18.2984
2025-12-04 00:14:10, 0.1054251064, 0.0814970870, 0.0800837334, 0.0822463655, 3109.7111, 3075.4000, 756.1650, 16.6688
2025-12-04 00:14:16, 0.1200092900, 0.0933117263, 0.0953650526, 0.0841335903, 2772.1481, 2736.4074, 756.5700, 18.1539
2025-12-04 00:14:22, 0.1302831653, 0.1044086222, 0.0659199340, 0.0451750705, 3020.6735, 2975.6531, 755.5000, 16.0356
2025-12-04 00:14:28, 0.1573104325, 0.1241621722, 0.0815211592, 0.0999785274, 3021.4444, 3012.0635, 758.4000, 19.2414
2025-12-04 00:14:33, 0.1349678381, 0.1263905144, 0.0809854124, 0.0642886994, 2831.8108, 2707.4865, 761.6000, 17.7665
2025-12-04 00:14:39, 0.0874168251, 0.0624340015, 0.0938897204, 0.1017526812, 3045.9688, 2903.5000, 759.1250, 17.8846
2025-12-04 00:14:45, 0.0775879789, 0.0773867550, 0.0526569294, 0.0602077124, 2774.6349, 2831.0476, 757.7250, 16.9428
2025-12-04 00:14:50, 0.1150090783, 0.0770477608, 0.0592593237, 0.0668395816, 3046.5088, 2972.1404, 759.5700, 17.2990
2025-12-04 00:14:56, 0.0874692975, 0.0647360572, 0.0877940483, 0.0828159802, 2662.9184, 2718.2857, 762.3500, 18.2299
2025-12-04 00:15:02, 0.0645556185, 0.0663383182, 0.0886091856, 0.0986303309, 2836.2321, 2877.3750, 759.2700, 17.9404
2025-12-04 00:15:08, 0.0456645330, 0.0484566558, 0.0563802418, 0.0772971605, 2663.5179, 2671.0000, 762.8400, 17.0676
2025-12-04 00:15:14, 0.0613413649, 0.0629331513, 0.0889753104, 0.0689374171, 3032.5577, 2910.2692, 766.8550, 17.9375
2025-12-04 00:15:20, 0.0853542830, 0.0693619586, 0.0690421088, 0.0661840557, 2830.9322, 2694.3051, 762.8350, 15.9320
2025-12-04 00:15:26, 0.0763721310, 0.0821281268, 0.1079322911, 0.0901651532, 2925.7727, 2881.5227, 765.3900, 17.4418
2025-12-04 00:15:32, 0.1116233685, 0.0734795399, 0.0764777936, 0.0516779693, 2897.2778, 2842.0833, 766.7150, 16.9273
2025-12-04 00:15:37, 0.0680485003, 0.0727445804, 0.1015011548, 0.0890906097, 2871.1579, 2797.0702, 762.3100, 18.1448
2025-12-04 00:15:43, 0.0618244080, 0.0587577915, 0.1289162683, 0.1180843064, 3050.8462, 2960.4308, 767.5550, 16.7859
2025-12-04 00:15:49, 0.0865190015, 0.0760424442, 0.0673640102, 0.0455898305, 2791.1961, 2670.0588, 763.4600, 16.5463
2025-12-04 00:15:55, 0.0799148815, 0.0768196118, 0.0812662581, 0.0921627232, 3156.1569, 3195.4510, 760.8350, 17.6181
2025-12-04 00:16:00, 0.0770431368, 0.0789458716, 0.1055297066, 0.0996918502, 2882.8679, 2820.2264, 760.5550, 16.9755
2025-12-04 00:16:06, 0.0612979065, 0.0711259563, 0.1255977877, 0.0912174279, 3193.5455, 2972.1818, 763.2850, 18.7769
2025-12-04 00:16:12, 0.0996302908, 0.0960232934, 0.0640098100, 0.0679492307, 2698.5926, 2759.1852, 762.0950, 18.3280
2025-12-04 00:16:18, 0.0681340867, 0.0656439697, 0.1413786710, 0.1539051450, 2787.8235, 2756.8676, 767.5350, 19.5967
2025-12-04 00:16:24, 0.0606966305, 0.0679859486, 0.0609852299, 0.0661273390, 3276.4889, 3058.7778, 764.5450, 17.3112
2025-12-04 00:16:29, 0.1194613640, 0.0945673641, 0.0487797532, 0.0530828190, 2782.6170, 2777.7447, 765.4200, 16.5965
2025-12-04 00:16:35, 0.0851836945, 0.0939917264, 0.0816977127, 0.0749576521, 2972.4600, 2898.6200, 763.6400, 16.6202
2025-12-04 00:16:41, 0.0791660588, 0.0687826725, 0.0594962970, 0.0612818876, 2803.7073, 2743.6585, 762.0600, 19.1728
2025-12-04 00:16:47, 0.0518224745, 0.0458319452, 0.0692025762, 0.0642291361, 2844.1803, 2832.7049, 762.7700, 17.6402
2025-12-04 00:16:52, 0.0660485780, 0.0598716854, 0.0637861587, 0.0692246056, 2907.3019, 2789.7736, 761.2150, 18.7451
2025-12-04 00:16:58, 0.0677596732, 0.0690926297, 0.0879950209, 0.0950097087, 3044.7302, 3013.6508, 767.6700, 17.7091
2025-12-04 00:17:04, 0.0916824628, 0.0606776557, 0.0768481502, 0.0592705658, 3136.9783, 2885.9130, 765.4500, 20.8047
2025-12-04 00:17:10, 0.0897068072, 0.0807413460, 0.0672717934, 0.0649996301, 2818.8846, 2733.3654, 768.9250, 18.7318
2025-12-04 00:17:16, 0.0919764187, 0.0647897742, 0.0479386185, 0.0497364230, 2981.4754, 2874.9672, 769.6750, 19.9992
2025-12-04 00:17:22, 0.1164258287, 0.0754694276, 0.0621409347, 0.0589191816, 2868.6038, 2857.0943, 764.8800, 17.7055
2025-12-04 00:17:28, 0.0843314875, 0.0513466884, 0.0480332695, 0.0608638136, 2807.5161, 2871.1290, 766.4600, 17.3060
2025-12-04 00:17:33, 0.0708788109, 0.0690981919, 0.0704018692, 0.0631918134, 3067.4151, 2926.6792, 766.6350, 18.6832
2025-12-04 00:17:39, 0.0613687651, 0.0493836865, 0.1067615128, 0.0879247443, 2949.5714, 2851.1714, 763.8650, 18.8467
2025-12-04 00:17:45, 0.0551572475, 0.0452734181, 0.0806842395, 0.0620926727, 3013.4211, 2926.8947, 764.3300, 18.0843
2025-12-04 00:17:51, 0.1122171185, 0.0933866962, 0.0546733447, 0.0441657012, 3068.7955, 2919.0909, 766.2850, 17.8456
2025-12-04 00:17:57, 0.0654242364, 0.0698158927, 0.0668904986, 0.0495130873, 2912.4490, 2809.6939, 765.0600, 18.5891
2025-12-04 00:18:02, 0.0638714721, 0.0693751245, 0.0714474121, 0.0498193424, 2981.3500, 2814.4000, 763.1750, 18.3743
2025-12-04 00:18:08, 0.0452393838, 0.0343696218, 0.0527895582, 0.0579146296, 2975.7759, 2777.0517, 765.3800, 15.0514
2025-12-04 00:18:14, 0.0702678323, 0.0756131461, 0.0528740564, 0.0437222169, 3101.6053, 2969.1316, 765.3100, 17.2376
2025-12-04 00:18:20, 0.0795890166, 0.0608323113, 0.0422506310, 0.0373632457, 2868.0333, 2706.6500, 762.8200, 17.9432
2025-12-04 00:18:26, 0.0577495855, 0.0506472842, 0.0561495769, 0.0608482812, 2966.0469, 2793.5469, 766.7250, 19.2367
2025-12-04 00:18:31, 0.0693820726, 0.0667362524, 0.0470020432, 0.0419080952, 2965.6230, 2787.5574, 767.6900, 18.9397
2025-12-04 00:18:37, 0.0785920153, 0.0835861008, 0.0527677080, 0.0408667469, 2936.1930, 2868.1930, 765.1200, 16.7859
2025-12-04 00:18:43, 0.0819855529, 0.0735929441, 0.0509148968, 0.0498648023, 2747.0698, 2654.2326, 767.1250, 17.9036
2025-12-04 00:18:49, 0.0464878989, 0.0605993779, 0.0693730682, 0.0534533556, 3046.6897, 2846.5172, 768.5550, 16.5157
2025-12-04 00:18:55, 0.0495057790, 0.0620452350, 0.0741655446, 0.0727173734, 2972.8909, 2782.6727, 766.7050, 19.1702
2025-12-04 00:19:00, 0.0750747791, 0.0575580057, 0.0720776926, 0.0590101579, 2961.9818, 2815.4545, 765.6050, 18.3589
2025-12-04 00:19:06, 0.0923817022, 0.0606328840, 0.1077796641, 0.0817495138, 3138.5306, 2994.5306, 764.2500, 17.7701
2025-12-04 00:19:12, 0.0611872091, 0.0609255291, 0.1177605736, 0.0828116689, 2730.5352, 2682.0986, 766.5400, 18.3466
2025-12-04 00:19:18, 0.0640740224, 0.0531728020, 0.0471729588, 0.0474326292, 2910.6250, 2629.1875, 767.7150, 17.8906
2025-12-04 00:19:23, 0.0786056842, 0.0675925398, 0.0581187937, 0.0556443980, 2579.0000, 2530.1207, 766.8700, 18.9484
2025-12-04 00:19:29, 0.0658341155, 0.0699046981, 0.0512588966, 0.0580292280, 2882.5660, 2816.9811, 768.0300, 17.9474
2025-12-04 00:19:35, 0.0522517042, 0.0491049796, 0.0505228553, 0.0641154153, 2878.6154, 2757.9846, 763.6700, 19.4412
2025-12-04 00:19:42, 0.0975873396, 0.0805555591, 0.0754051051, 0.0538096916, 2835.7805, 2722.4390, 767.7800, 19.5934
2025-12-04 00:19:48, 0.0949130173, 0.1035091839, 0.0915759367, 0.0747016455, 2891.2407, 2731.7407, 766.1200, 16.6981
2025-12-04 00:19:53, 0.0591861747, 0.0503938012, 0.0732706142, 0.0788821689, 2597.9310, 2549.6207, 765.1050, 17.7498
2025-12-04 00:19:59, 0.0599719554, 0.0670774951, 0.0647252113, 0.0744819869, 3022.6102, 2978.3898, 765.1950, 19.3630
2025-12-04 00:20:05, 0.1104053364, 0.0843390484, 0.0933136583, 0.0814160179, 3055.5778, 3114.1778, 764.3500, 19.5596
2025-12-04 00:20:11, 0.0671444550, 0.0731540818, 0.0793653918, 0.0674579029, 2886.5273, 2791.7273, 767.1000, 18.9267
2025-12-04 00:20:17, 0.0895168310, 0.0580959013, 0.0766734040, 0.0723926362, 2876.6829, 2783.7073, 764.3300, 16.2924
2025-12-04 00:20:22, 0.0675907149, 0.0832302896, 0.0610505843, 0.0641564782, 2964.9615, 2944.9423, 763.8300, 18.7689
2025-12-04 00:20:29, 0.0789677456, 0.0666383029, 0.0676059481, 0.0578534833, 2990.0192, 2856.9808, 763.8050, 16.9870
2025-12-04 00:20:35, 0.0706249173, 0.0517900538, 0.0745423401, 0.0949468831, 3085.5000, 3159.8409, 761.5000, 16.8395
2025-12-04 00:20:40, 0.0759965061, 0.0676800481, 0.0444180655, 0.0418968161, 3036.8889, 3090.5333, 763.3000, 18.2206
2025-12-04 00:20:46, 0.0788314551, 0.0689907758, 0.0876539121, 0.1051894997, 2857.6984, 2849.8571, 760.0350, 18.3348
2025-12-04 00:20:52, 0.0391684564, 0.0419549929, 0.0790011314, 0.0703280733, 2920.9692, 2803.8923, 759.2500, 17.6414
2025-12-04 00:20:57, 0.0454918169, 0.0498253498, 0.0994223056, 0.0630210286, 2887.2500, 2593.3036, 757.6700, 19.4952
2025-12-04 00:21:03, 0.0477057153, 0.0568822933, 0.0745907662, 0.0886499414, 2954.5102, 2933.7755, 757.5750, 17.7993
2025-12-04 00:21:09, 0.0765829412, 0.0701037717, 0.0787784544, 0.0593875713, 2985.0943, 2922.2453, 759.1200, 18.7194
2025-12-04 00:21:15, 0.0648900045, 0.0884954854, 0.0640842759, 0.0984875509, 2970.6136, 2913.0000, 759.0100, 17.3237
2025-12-04 00:21:20, 0.1225207975, 0.1019170284, 0.1202451911, 0.0969627166, 2793.4828, 2777.0517, 760.5250, 18.3106
2025-12-04 00:21:26, 0.0935830603, 0.1070716069, 0.0670179720, 0.0621386230, 2902.3125, 2932.2292, 759.8850, 19.4798
2025-12-04 00:21:32, 0.0580232527, 0.0490712550, 0.0702670445, 0.0591234619, 2779.4138, 2698.7414, 759.4350, 17.0366
2025-12-04 00:21:38, 0.0366874480, 0.0417903479, 0.0622033725, 0.0648667732, 3059.3651, 2957.6190, 756.1100, 18.2958
2025-12-04 00:21:44, 0.0454595622, 0.0409667264, 0.0581880039, 0.0582682638, 3207.0000, 3009.1111, 757.5850, 17.0441
2025-12-04 00:21:49, 0.0497534209, 0.0481498941, 0.0567233179, 0.0635314272, 2921.8966, 2793.8793, 759.2850, 18.1690
2025-12-04 00:21:55, 0.1191245413, 0.0989508969, 0.0583861530, 0.0665876936, 2958.2979, 2909.1064, 757.2300, 17.2484
2025-12-04 00:22:01, 0.2007931875, 0.1015558104, 0.0670575396, 0.0849282568, 2917.7027, 2957.8378, 753.8700, 18.1588
2025-12-04 00:22:07, 0.0978249438, 0.1315258468, 0.0648420381, 0.0697070790, 2846.5000, 2824.4400, 754.7250, 17.2023
2025-12-04 00:22:12, 0.1210257969, 0.1313969781, 0.1454540881, 0.1592698363, 3215.2250, 3026.7250, 761.1900, 17.6925
2025-12-04 00:22:18, 0.0937370715, 0.0960550824, 0.0893980188, 0.0709567102, 2894.2000, 2816.0727, 762.8450, 16.2530
2025-12-04 00:22:24, 0.0644193468, 0.0745517664, 0.0853658309, 0.0571894753, 2828.2281, 2720.0877, 760.1950, 18.3114
2025-12-04 00:22:30, 0.0928863290, 0.0524751637, 0.0634475140, 0.0727094930, 2691.5500, 2689.5500, 766.4900, 18.9050
2025-12-04 00:22:36, 0.0952730845, 0.0887357847, 0.1024691450, 0.1028033014, 3032.9459, 3045.0270, 763.8850, 16.5476
2025-12-04 00:22:42, 0.1114052838, 0.0666050725, 0.1594447934, 0.0877930340, 3006.6889, 3055.6000, 765.2500, 17.1265
2025-12-04 00:22:47, 0.0960793116, 0.0991886178, 0.0767658433, 0.0435996540, 2858.2037, 2792.8519, 761.5600, 17.6575
2025-12-04 00:22:53, 0.1111357409, 0.0900606551, 0.0815260823, 0.0623070231, 3015.5106, 2930.7021, 762.8250, 17.4861
2025-12-04 00:22:59, 0.0688613390, 0.0798388059, 0.0743840478, 0.0510078332, 3072.1333, 2996.2333, 767.0050, 16.8228
2025-12-04 00:23:05, 0.0494310539, 0.0798548851, 0.1039969987, 0.0847135352, 2807.8333, 2796.4762, 765.4500, 19.4329
2025-12-04 00:23:11, 0.0954508318, 0.0664531193, 0.0696291113, 0.0537102415, 2820.0357, 2800.9107, 765.6750, 19.4373
2025-12-04 00:23:17, 0.0812697356, 0.0772836212, 0.0759240404, 0.0653604448, 3137.1200, 3034.7200, 765.8200, 18.7770
2025-12-04 00:23:22, 0.0737668384, 0.0809238071, 0.0616984314, 0.0552672450, 2843.4483, 2786.1724, 767.0700, 18.9274
2025-12-04 00:23:28, 0.0708032133, 0.0653192090, 0.0739089533, 0.0595080173, 2918.5778, 2969.5556, 767.0200, 17.6604
2025-12-04 00:23:34, 0.0626033398, 0.0651508546, 0.0600410843, 0.0629872182, 2901.3256, 2801.4651, 766.3250, 18.5739
2025-12-04 00:23:40, 0.0867698824, 0.0834649628, 0.0474187078, 0.0735387175, 2762.8511, 2694.3191, 767.3750, 16.4698
2025-12-04 00:23:46, 0.0811672019, 0.0650558004, 0.1039814738, 0.1071981271, 3018.2667, 3004.0667, 768.1250, 18.1593
2025-12-04 00:23:51, 0.0826484880, 0.0714763121, 0.0634036746, 0.0639351372, 3050.9020, 3036.4118, 763.7400, 16.9264
2025-12-04 00:23:57, 0.0738027029, 0.0656323907, 0.1138427370, 0.1041208260, 2829.2807, 2820.4912, 764.2600, 17.7739
2025-12-04 00:24:03, 0.0988636583, 0.0957557322, 0.1143928459, 0.1000764710, 2715.5714, 2743.9286, 770.9800, 18.7502
2025-12-04 00:24:09, 0.0746505068, 0.0876888323, 0.0715256264, 0.1007592764, 2908.1923, 2958.2500, 768.9350, 18.3309
2025-12-04 00:24:14, 0.0815116321, 0.0841163801, 0.1034066913, 0.0980486523, 3016.3478, 2866.7826, 766.9600, 17.1735
2025-12-04 00:24:20, 0.0517209569, 0.0473917639, 0.0758312284, 0.0773968693, 2916.4928, 2813.4348, 769.8250, 18.8089
2025-12-04 00:24:26, 0.0605825568, 0.0691626274, 0.0869827371, 0.0794970257, 3017.5091, 2898.4545, 767.4700, 19.0588
2025-12-04 00:24:32, 0.0655767574, 0.0517407140, 0.0750304474, 0.0739243145, 2773.8269, 2756.3077, 768.0350, 17.5671
2025-12-04 00:24:37, 0.0606175692, 0.0780135912, 0.0579999387, 0.0587867220, 2721.5636, 2699.2909, 767.7800, 18.6454
2025-12-04 00:24:43, 0.0611017036, 0.0609202395, 0.0628616972, 0.0614211939, 2872.5536, 2800.0536, 766.6350, 16.9057
2025-12-04 00:24:49, 0.0438416824, 0.0406506809, 0.0620907073, 0.0551643413, 2919.7576, 2893.4394, 765.8250, 17.8859
2025-12-04 00:24:55, 0.0954996127, 0.0836160149, 0.0958708504, 0.0996317380, 2680.8261, 2668.1304, 766.6450, 18.2754
2025-12-04 00:25:01, 0.0607004561, 0.0570937518, 0.0696160726, 0.0710010988, 2832.0392, 2780.2549, 766.4650, 16.8425
2025-12-04 00:25:06, 0.0635065137, 0.0586116112, 0.0442828968, 0.0468020824, 2888.9242, 2810.8636, 766.4150, 19.9575
2025-12-04 00:25:12, 0.0468476317, 0.0431029987, 0.0688409594, 0.0593348573, 2954.6562, 2772.4062, 763.7600, 18.1550
2025-12-04 00:25:18, 0.0593195316, 0.0591416286, 0.1237098147, 0.0936145477, 2945.3542, 2802.5625, 765.2300, 18.2734
2025-12-04 00:25:24, 0.0743859729, 0.0810131600, 0.0814430817, 0.1026396292, 2919.5200, 2752.3000, 765.5250, 17.1076
2025-12-04 00:25:29, 0.0733305318, 0.0725883818, 0.0666473282, 0.0517602919, 2932.9818, 2778.0000, 766.9350, 17.8256
2025-12-04 00:25:35, 0.0964271543, 0.0867624138, 0.0948013286, 0.0689328972, 3001.7818, 2876.8727, 764.5750, 19.2342
2025-12-04 00:25:41, 0.0977312620, 0.0904852714, 0.0697945300, 0.0586462664, 2922.8730, 2931.5079, 765.9100, 18.8765
2025-12-04 00:25:47, 0.0942820838, 0.0710695086, 0.0847635053, 0.0765583242, 2861.5556, 2793.2667, 763.7150, 16.5119
2025-12-04 00:25:53, 0.0868842990, 0.0785462170, 0.0449424072, 0.0683142858, 3069.2609, 2985.3261, 764.4550, 19.6147
2025-12-04 00:25:58, 0.0930947477, 0.0701965909, 0.0650684278, 0.1057950954, 2789.2917, 2821.2500, 767.0300, 19.8260
2025-12-04 00:26:04, 0.0866272841, 0.0882088500, 0.0728380712, 0.0587745771, 2903.2069, 2788.9483, 765.8000, 19.1105
2025-12-04 00:26:10, 0.0871332842, 0.0733476976, 0.0576211423, 0.0533749547, 3075.6290, 2953.0484, 764.3000, 17.8706
2025-12-04 00:26:15, 0.0689047420, 0.0705500332, 0.0767469553, 0.0555257368, 2991.4655, 2853.6034, 763.7500, 19.5703
2025-12-04 00:26:21, 0.0713195257, 0.0673677452, 0.0407872254, 0.0522752555, 2805.1930, 2818.5789, 763.0250, 19.8122
2025-12-04 00:26:27, 0.0699492059, 0.0707450397, 0.0616679695, 0.0920486916, 3014.5472, 2886.7358, 764.1950, 18.2389
2025-12-04 00:26:33, 0.0709809966, 0.0613122185, 0.0870595520, 0.0907418190, 2866.4444, 2754.7333, 762.7250, 18.4125
2025-12-04 00:26:38, 0.0651475900, 0.0699788581, 0.0997408469, 0.0831383467, 3070.1481, 2818.4815, 764.5500, 19.3979
2025-12-04 00:26:44, 0.1048225513, 0.0590391829, 0.0723359367, 0.0593205175, 2947.4167, 2798.2708, 762.6050, 16.8991
2025-12-04 00:26:50, 0.1185617302, 0.0986346413, 0.0749617305, 0.0899144880, 2847.1200, 2784.5000, 761.4350, 18.7253
2025-12-04 00:26:56, 0.1065963062, 0.0822078305, 0.0756338987, 0.0678118769, 2946.4000, 2699.6000, 763.0350, 17.7334
2025-12-04 00:27:02, 0.0877326214, 0.0779245150, 0.0500563415, 0.0421754637, 3007.6721, 2931.5246, 764.1350, 18.3977
2025-12-04 00:27:08, 0.0592377751, 0.0553663280, 0.0587274881, 0.0583028629, 2837.1481, 2710.0185, 764.0300, 18.7694
2025-12-04 00:27:13, 0.0991098959, 0.0735674716, 0.0445788564, 0.0505142877, 3065.4426, 2877.9508, 764.5250, 19.7815
2025-12-04 00:27:19, 0.1228028696, 0.0932500386, 0.0450553316, 0.0337189048, 3034.5909, 2938.1364, 763.2350, 18.9787
2025-12-04 00:27:26, 0.0976393933, 0.0847330927, 0.0581481608, 0.0550255607, 2938.4528, 2924.4528, 765.6600, 17.5472
2025-12-04 00:27:31, 0.0811258753, 0.0789305655, 0.0677748506, 0.0640765465, 2988.9857, 2896.4286, 763.2050, 18.0998
2025-12-04 00:27:37, 0.0880413020, 0.0662925141, 0.0692408654, 0.0689362896, 2976.7556, 2874.8889, 763.8350, 18.6509
2025-12-04 00:27:43, 0.0820726933, 0.0797975232, 0.0873888075, 0.0763340254, 3125.8000, 2974.0545, 762.7500, 18.2526
2025-12-04 00:27:49, 0.0732718420, 0.0579305781, 0.0708973604, 0.0634493154, 3016.5510, 3002.4898, 763.5150, 17.8081
2025-12-04 00:27:54, 0.0997078736, 0.0995059174, 0.0739420588, 0.0598027857, 2873.2373, 2805.9153, 764.1400, 19.5136
2025-12-04 00:28:00, 0.0648758369, 0.0706338699, 0.0766643681, 0.0736487798, 3007.4203, 2914.9275, 766.5000, 17.9039
2025-12-04 00:28:06, 0.0573324573, 0.0494705528, 0.0723181877, 0.0590310598, 2982.4468, 2877.6170, 761.8050, 18.8708
2025-12-04 00:28:12, 0.0777228928, 0.0506031708, 0.0557330122, 0.0652200786, 2932.7500, 2875.6458, 764.4100, 17.2056
2025-12-04 00:28:18, 0.0706560117, 0.0720590818, 0.1090710396, 0.1171268836, 3016.3846, 2876.0577, 765.8550, 18.7770
2025-12-04 00:28:24, 0.0608703624, 0.0667842632, 0.0787648681, 0.0628800221, 3164.7069, 3070.3966, 764.8200, 18.1328
2025-12-04 00:28:30, 0.0664776281, 0.0724167477, 0.0479212096, 0.0634524332, 2860.7736, 2911.5094, 761.9800, 18.3826
2025-12-04 00:28:35, 0.0770426126, 0.0582224171, 0.0482189920, 0.0516847021, 2910.1607, 2858.4286, 760.5450, 18.3844
2025-12-04 00:28:41, 0.1007701846, 0.0840108373, 0.0757473290, 0.1036253638, 3293.2222, 3033.9778, 758.9200, 18.6658
2025-12-04 00:28:47, 0.0421530231, 0.0390156913, 0.0710102655, 0.0727254096, 2686.2338, 2640.2468, 761.6350, 18.3364
2025-12-04 00:28:53, 0.0756062806, 0.0887123002, 0.0507652792, 0.0608963069, 3032.1875, 2903.5208, 761.7250, 17.0590
2025-12-04 00:28:59, 0.0633080569, 0.0505544154, 0.0709314821, 0.0469312271, 2746.2500, 2663.2955, 762.5950, 18.7107
2025-12-04 00:29:04, 0.0821602553, 0.0924826361, 0.0515748607, 0.0700159881, 3028.3462, 2970.1538, 763.2100, 17.2678
2025-12-04 00:29:10, 0.0925660467, 0.1134626923, 0.0591770018, 0.0794618260, 2667.5556, 2581.5778, 764.7350, 17.9052
2025-12-04 00:29:16, 0.0728069777, 0.0898008977, 0.0616844458, 0.0455577963, 2833.9825, 2777.1404, 765.2750, 19.3745
2025-12-04 00:29:22, 0.0903996851, 0.0865366692, 0.0580208136, 0.0578772503, 3036.9062, 2876.6875, 762.1500, 17.4831
2025-12-04 00:29:28, 0.0992271318, 0.0787990377, 0.0567227112, 0.0580647817, 3029.4800, 2833.8200, 762.0800, 16.9069
2025-12-04 00:29:33, 0.0694471459, 0.0602734223, 0.0440949792, 0.0519405158, 2735.7321, 2665.7321, 763.6550, 18.1076
2025-12-04 00:29:39, 0.1078045429, 0.0739449427, 0.0610922734, 0.0575869835, 2897.3043, 2864.5870, 762.5250, 16.6331
2025-12-04 00:29:45, 0.0921185660, 0.0728834076, 0.0783916848, 0.0630733454, 2822.1231, 2749.6154, 762.0100, 17.3836
2025-12-04 00:29:51, 0.0792391425, 0.0807601442, 0.0770673456, 0.0926493290, 3154.9608, 2968.5294, 759.2650, 17.6914
2025-12-04 00:29:56, 0.0736060268, 0.0636793595, 0.0553268644, 0.0545173125, 3091.4375, 3059.5938, 763.2850, 18.5020
2025-12-04 00:30:02, 0.0863470401, 0.0768167795, 0.1169999484, 0.0591222824, 3038.5741, 2902.3889, 764.6350, 19.5743
2025-12-04 00:30:08, 0.0851365339, 0.0927288843, 0.0670357907, 0.0487391369, 3072.7292, 2931.0208, 765.9550, 18.4405
2025-12-04 00:30:14, 0.0970858082, 0.1097721715, 0.1026150370, 0.0947251605, 3125.7674, 3035.5349, 768.7850, 17.8930
2025-12-04 00:30:20, 0.0834439927, 0.0607963219, 0.0816286562, 0.0690327313, 2913.6341, 2749.9512, 759.7150, 19.2952
2025-12-04 00:30:26, 0.1007027672, 0.0732643995, 0.0786103636, 0.0939662114, 2890.2632, 2903.1316, 760.1450, 18.9674
2025-12-04 00:30:31, 0.1053584622, 0.0886367500, 0.0853916355, 0.0658472522, 2959.1538, 2904.3654, 763.9000, 17.9538
2025-12-04 00:30:37, 0.0452987921, 0.0479823043, 0.0717759638, 0.0541035430, 2872.6667, 2717.7292, 758.3350, 18.4321
2025-12-04 00:30:43, 0.0754819936, 0.0645944254, 0.0712739720, 0.0689537562, 2747.0484, 2813.0000, 761.9900, 17.7403
2025-12-04 00:30:49, 0.1036122149, 0.0741657152, 0.0718123805, 0.1053112229, 2837.2778, 2730.8519, 757.0000, 18.5216
2025-12-04 00:30:55, 0.0689936077, 0.0739974656, 0.0912334913, 0.0773599921, 3075.7872, 2983.3404, 758.9350, 18.2258
2025-12-04 00:31:00, 0.1080269818, 0.0919436633, 0.0672927938, 0.0629985651, 2873.4375, 2873.9167, 760.5700, 19.6793
2025-12-04 00:31:06, 0.0492233634, 0.0587697891, 0.1093267111, 0.0778755680, 2765.9636, 2580.5636, 757.0450, 17.3318
2025-12-04 00:31:12, 0.0588703670, 0.0625286482, 0.1250765026, 0.0902202865, 2863.1667, 2780.7619, 755.3450, 17.8717
2025-12-04 00:31:18, 0.0859126685, 0.0896147824, 0.1009437150, 0.0708945842, 3108.3492, 2952.6984, 758.2900, 17.0028
2025-12-04 00:31:24, 0.0832464416, 0.0758972863, 0.0953974091, 0.0692383092, 2927.8611, 2834.7639, 755.8100, 19.0393
2025-12-04 00:31:30, 0.0928015251, 0.0836446420, 0.0968552125, 0.0566144097, 2833.6818, 2555.5227, 759.8900, 18.4002
2025-12-04 00:31:35, 0.1013697111, 0.0756035238, 0.1115867825, 0.0958349207, 3101.0784, 3092.7255, 760.2800, 17.9196
2025-12-04 00:31:42, 0.0553264655, 0.0517138294, 0.0841634940, 0.0663818442, 3080.1642, 3007.3433, 758.6700, 18.2615
2025-12-04 00:31:47, 0.0781940555, 0.0860188238, 0.0796855361, 0.0389506115, 2928.1053, 2854.4474, 757.2100, 18.5679
2025-12-04 00:31:53, 0.1006073024, 0.1199675491, 0.0807960804, 0.0797816251, 2872.7692, 2812.3269, 758.7300, 17.5558
2025-12-04 00:31:59, 0.0589268604, 0.0663533257, 0.0692618909, 0.0613377217, 2813.1525, 2659.1186, 755.3850, 18.5639
2025-12-04 00:32:05, 0.0837327474, 0.0600883496, 0.0784774107, 0.0875232368, 2902.0282, 2844.9718, 755.6850, 17.5740
2025-12-04 00:32:10, 0.0418421194, 0.0372862565, 0.0607884219, 0.0546523312, 2922.9231, 2811.5538, 755.8700, 17.0527
2025-12-04 00:32:16, 0.0463806708, 0.0375086522, 0.1112656837, 0.0760096988, 3097.9818, 2948.6000, 754.2600, 19.3874
2025-12-04 00:32:22, 0.0590470347, 0.0486282304, 0.0876392563, 0.0722558414, 2898.9531, 2793.1875, 760.2850, 19.4783
2025-12-04 00:32:28, 0.0779224368, 0.0842485032, 0.0812019900, 0.0790405067, 2772.7451, 2665.7451, 759.0950, 18.9886
2025-12-04 00:32:34, 0.0431783356, 0.0594232358, 0.0641393092, 0.0508714630, 2902.1000, 2861.7833, 759.1000, 17.9691
2025-12-04 00:32:40, 0.0766580177, 0.0665067925, 0.0738786096, 0.0661370245, 2945.2537, 2875.2537, 759.1500, 17.9454
2025-12-04 00:32:45, 0.0899868862, 0.0693637004, 0.0603952042, 0.0522941337, 2996.9756, 2945.9512, 757.3100, 19.3353
2025-12-04 00:32:51, 0.1160073890, 0.0943661337, 0.0491097856, 0.0339743860, 2906.8780, 2827.9268, 758.6250, 18.7961
2025-12-04 00:32:57, 0.0664713580, 0.0656993688, 0.0588731893, 0.0701348804, 2926.6296, 2791.5185, 759.8650, 19.0871
2025-12-04 00:33:03, 0.0632151203, 0.0475847940, 0.0625454436, 0.0558425545, 2767.0455, 2686.2727, 757.8950, 19.9089
2025-12-04 00:33:08, 0.0441802358, 0.0509259691, 0.0969483615, 0.0795724765, 3099.3729, 2996.6949, 760.0200, 17.4602
2025-12-04 00:33:14, 0.0656643527, 0.0681984570, 0.0879444309, 0.1079248774, 2689.8125, 2739.0417, 758.2100, 17.7199
2025-12-04 00:33:20, 0.0916762114, 0.0686985904, 0.0717234042, 0.0595701506, 2820.2766, 2736.9787, 756.7600, 18.7214
2025-12-04 00:33:26, 0.0815243172, 0.0765259659, 0.0783138794, 0.0770935028, 3068.6984, 3049.4444, 759.7000, 18.4551
2025-12-04 00:33:32, 0.0775973092, 0.0730930247, 0.0797285953, 0.0482933792, 3122.4222, 2945.5333, 758.2500, 17.3187
2025-12-04 00:33:38, 0.0778968002, 0.0746188509, 0.0618707748, 0.0504552866, 2921.8000, 2871.0667, 764.4300, 18.5522
2025-12-04 00:33:44, 0.0775856712, 0.0542200857, 0.0688257152, 0.0864436939, 2948.1702, 2975.0638, 763.2000, 17.8933
2025-12-04 00:33:50, 0.0645005623, 0.0527703115, 0.0503872331, 0.0403239896, 3190.9828, 3022.1724, 764.7250, 19.0937
2025-12-04 00:33:55, 0.0514062956, 0.0570040605, 0.0560027995, 0.0469892277, 2811.0492, 2868.0656, 762.2050, 17.6078
2025-12-04 00:34:01, 0.0554858466, 0.0447309059, 0.0573540805, 0.0577655143, 2819.5918, 2806.2653, 763.0450, 19.5825
2025-12-04 00:34:07, 0.0918518535, 0.0732534585, 0.0746461860, 0.0722715537, 3040.5577, 3034.1346, 764.8100, 20.2421
2025-12-04 00:34:13, 0.0806343856, 0.0786028549, 0.0792993171, 0.0558435891, 2917.5238, 2938.8095, 763.6100, 17.2069
2025-12-04 00:34:19, 0.0934233016, 0.0696199232, 0.0634699573, 0.0549446816, 3119.2708, 2942.5833, 766.2000, 17.4284
2025-12-04 00:34:25, 0.0731034976, 0.0594590595, 0.0681701562, 0.0614675449, 3032.9455, 2936.5273, 764.0000, 19.2065
2025-12-04 00:34:30, 0.0550678123, 0.0478944390, 0.1131379311, 0.0922185934, 2876.2000, 2817.3000, 764.0050, 16.9140
2025-12-04 00:34:36, 0.0745189594, 0.0629728575, 0.0762150543, 0.0648098577, 3176.0164, 3116.0328, 763.7700, 16.3446
2025-12-04 00:34:42, 0.0632839113, 0.0516324503, 0.0794487074, 0.0831379313, 3191.8113, 3107.6226, 766.3500, 17.2918
2025-12-04 00:34:48, 0.0724833873, 0.0521566500, 0.0741237997, 0.0794552521, 2692.9000, 2661.1000, 763.3050, 17.6063
2025-12-04 00:34:54, 0.0873955451, 0.0708311187, 0.0735508936, 0.0755290369, 2969.3175, 2867.4603, 762.2450, 16.6972
2025-12-04 00:34:59, 0.0541535281, 0.0586764208, 0.0755704954, 0.0757487696, 2849.2679, 2745.5357, 764.5850, 18.0652
2025-12-04 00:35:05, 0.0681201234, 0.0702691915, 0.0590134183, 0.0574597891, 2918.2885, 2892.5000, 766.0500, 17.5715
2025-12-04 00:35:11, 0.0506264209, 0.0547362684, 0.0670696519, 0.0527605666, 2997.7164, 2931.1642, 768.6050, 19.1768
2025-12-04 00:35:16, 0.0551681553, 0.0474433851, 0.1189175578, 0.0754276455, 3328.6909, 3070.0909, 765.2550, 17.4954
2025-12-04 00:35:22, 0.0866981283, 0.0697087050, 0.0608296644, 0.0523838368, 3067.7037, 2979.0556, 768.2600, 17.8248
2025-12-04 00:35:28, 0.0604317549, 0.0774417120, 0.1145588566, 0.0962305742, 2901.2456, 2770.3158, 768.6850, 17.8218
2025-12-04 00:35:34, 0.0739399353, 0.0752440501, 0.0973669743, 0.0868131154, 3186.7647, 2950.6863, 767.5250, 16.2465
2025-12-04 00:35:40, 0.0870428015, 0.0818748107, 0.0787447891, 0.0648913812, 2917.5000, 2919.0862, 769.2900, 17.7464
2025-12-04 00:35:46, 0.0663959073, 0.0821558444, 0.0467725398, 0.0498865410, 3056.7193, 2895.2807, 763.3150, 16.8020
2025-12-04 00:35:52, 0.1037416323, 0.0821820024, 0.0876358454, 0.0635418317, 2831.3404, 2860.7872, 769.8100, 18.0287
2025-12-04 00:35:57, 0.0609409788, 0.0620862094, 0.0667480542, 0.0712449436, 2942.6415, 2954.7547, 762.6250, 17.6047
2025-12-04 00:36:03, 0.0782994652, 0.0657697838, 0.0711419554, 0.0633088139, 2924.9623, 2771.7925, 763.4400, 18.9931
2025-12-04 00:36:09, 0.0967133658, 0.0896869795, 0.0500335007, 0.0467255558, 3026.6792, 2916.9245, 762.4800, 16.6123
2025-12-04 00:36:15, 0.0531880213, 0.0543364704, 0.0720920300, 0.0715966032, 3025.1452, 2765.2581, 762.4050, 17.4069
2025-12-04 00:36:20, 0.0922504281, 0.0717046653, 0.0712710465, 0.0704603794, 3043.6491, 3008.9825, 765.9800, 18.0194
2025-12-04 00:36:26, 0.0544424807, 0.0526172501, 0.0998220294, 0.0757812705, 2857.2759, 2744.8276, 762.3650, 17.3508
2025-12-04 00:36:32, 0.0658017864, 0.0785369932, 0.1091302050, 0.1487804573, 2774.4082, 2946.7347, 763.3800, 16.5283
2025-12-04 00:36:38, 0.0677804069, 0.0643245518, 0.0743411417, 0.0653095232, 3074.8039, 2991.8235, 764.3400, 16.4361
2025-12-04 00:36:44, 0.0711490279, 0.0539549723, 0.0715818367, 0.0640089724, 2963.0172, 2789.5517, 759.4350, 17.1923
2025-12-04 00:36:49, 0.0901792219, 0.0583270573, 0.1287810595, 0.1236513103, 3322.4074, 3197.7778, 764.3250, 15.5891
2025-12-04 00:36:55, 0.1255387818, 0.0954564768, 0.0989900666, 0.0725709991, 3138.0000, 2943.9583, 760.7450, 17.7025
2025-12-04 00:37:01, 0.0675962075, 0.0739601967, 0.0649319296, 0.0792790028, 2929.2881, 2842.3729, 759.2450, 18.7810
2025-12-04 00:37:07, 0.0884199902, 0.0971243799, 0.0553517901, 0.0565251726, 2818.1905, 2660.3810, 757.8300, 17.7981
2025-12-04 00:37:12, 0.1077125547, 0.1000979045, 0.0891448550, 0.0647519327, 2904.1176, 2808.0196, 756.5950, 19.2502
2025-12-04 00:37:19, 0.0592099947, 0.0686372267, 0.0558555894, 0.0530066197, 3182.5600, 3105.0600, 757.7050, 18.0972
2025-12-04 00:37:24, 0.0601901178, 0.0609139311, 0.0662870591, 0.0681400713, 2834.5152, 2715.0758, 757.6550, 18.2632
2025-12-04 00:37:30, 0.0863656964, 0.0541010856, 0.0642870122, 0.0631373747, 2947.0175, 2845.8596, 757.3700, 18.8712
2025-12-04 00:37:36, 0.0689297260, 0.0604526525, 0.0499861832, 0.0523608672, 2995.0435, 2939.1159, 759.6050, 16.9858
2025-12-04 00:37:42, 0.0801907932, 0.0779722007, 0.0743363495, 0.0625335891, 2929.1633, 2874.5918, 756.0000, 16.8012
2025-12-04 00:37:48, 0.0650806247, 0.0604052066, 0.0737253528, 0.0765258354, 2982.5439, 2874.7018, 758.6250, 19.0836
2025-12-04 00:37:54, 0.0476858851, 0.0553377099, 0.0853336854, 0.0617194162, 3073.2759, 2862.8103, 758.2350, 17.9480
2025-12-04 00:38:00, 0.0517388652, 0.0464239430, 0.0669258420, 0.0531212099, 3240.2340, 2936.9149, 755.7100, 17.1938
2025-12-04 00:38:05, 0.0635584591, 0.0566547415, 0.0588925296, 0.0688428656, 2829.0000, 2710.9107, 761.2200, 18.7923
2025-12-04 00:38:11, 0.0661334808, 0.0707214438, 0.0948239122, 0.0514559963, 3116.1346, 2934.5192, 756.8200, 18.2403
2025-12-04 00:38:17, 0.0796820472, 0.0640077799, 0.0641746902, 0.0582141736, 3036.0794, 2895.9365, 761.5150, 19.1966
2025-12-04 00:38:23, 0.1065479518, 0.0648279180, 0.0635412124, 0.0665840633, 2843.1429, 2815.0476, 756.1400, 17.5328
2025-12-04 00:38:29, 0.0830872365, 0.0849815730, 0.0651464323, 0.0733056881, 2955.8644, 2942.6610, 759.1100, 17.1592
2025-12-04 00:38:34, 0.0524812479, 0.0649760995, 0.0768452533, 0.0715869315, 2802.3778, 2649.2222, 758.2800, 17.2479
2025-12-04 00:38:40, 0.1010234669, 0.0606432447, 0.0667833815, 0.0479195199, 3072.2951, 2934.9016, 763.6350, 16.3086
2025-12-04 00:38:46, 0.0769822814, 0.0654091908, 0.0472097735, 0.0669736305, 3073.5932, 3098.5085, 762.3500, 17.4670
2025-12-04 00:38:52, 0.0622408877, 0.0623756812, 0.0589593994, 0.0586199674, 3086.0588, 2912.2353, 764.8550, 19.0671
2025-12-04 00:38:58, 0.0746596855, 0.0710097919, 0.0721006443, 0.0558410095, 2991.5294, 2745.6078, 763.7500, 19.4750
2025-12-04 00:39:04, 0.0658874274, 0.0619421676, 0.0587878661, 0.0590731052, 3100.0000, 3078.2143, 764.5950, 18.7665
2025-12-04 00:39:09, 0.0716331550, 0.0690345696, 0.0687167314, 0.0593469628, 2815.6613, 2801.7097, 762.1250, 19.3186
2025-12-04 00:39:15, 0.0702432806, 0.0693935719, 0.0900807296, 0.0699060953, 3082.9344, 2909.2459, 760.6050, 18.3300
2025-12-04 00:39:21, 0.0845541840, 0.0778547357, 0.0810155375, 0.0602647623, 3026.1250, 3013.6250, 761.9100, 17.4428
2025-12-04 00:39:27, 0.0649562225, 0.0606261301, 0.0811065218, 0.0794524334, 3033.9636, 2823.3818, 762.0700, 16.6083
2025-12-04 00:39:32, 0.0773175502, 0.0514351485, 0.0585246938, 0.0797782448, 2929.4138, 2868.4483, 762.5850, 20.1431
2025-12-04 00:39:38, 0.0595583150, 0.0649090173, 0.0927687047, 0.0877462714, 3044.2500, 2954.1786, 762.7100, 19.6750
2025-12-04 00:39:45, 0.0888076145, 0.0941489005, 0.0732748048, 0.0711399146, 3013.5000, 2940.3929, 766.8300, 19.2723
2025-12-04 00:39:50, 0.0954180813, 0.0839808610, 0.1129757970, 0.0681514028, 3161.0545, 3002.3091, 764.3500, 16.6906
2025-12-04 00:39:56, 0.0704439324, 0.0584413546, 0.0690711114, 0.0598613306, 3045.1304, 3078.2609, 758.1550, 19.4181
2025-12-04 00:40:02, 0.0820259000, 0.0771714423, 0.0621628545, 0.0732246235, 2906.0682, 2779.1136, 766.8800, 19.0860
2025-12-04 00:40:08, 0.0582161739, 0.0431636698, 0.0543426164, 0.0486413709, 2976.9420, 2940.1014, 764.6700, 19.7246
2025-12-04 00:40:14, 0.0591164718, 0.0486779695, 0.0648022966, 0.0561078875, 2926.0833, 2787.4000, 761.1500, 18.9361
2025-12-04 00:40:20, 0.0654906766, 0.0874625265, 0.0507457563, 0.0507934884, 2862.1481, 2791.9630, 761.9300, 18.1726
2025-12-04 00:40:25, 0.0451632936, 0.0593159260, 0.0585017153, 0.0521899508, 2814.5484, 2768.9839, 758.2550, 18.1083
2025-12-04 00:40:31, 0.0528314652, 0.0458554759, 0.0599650022, 0.0541685430, 3163.3607, 3118.1967, 760.9900, 18.2321
2025-12-04 00:40:37, 0.0582676088, 0.0551658485, 0.0615599554, 0.0432356029, 2905.7600, 2640.6600, 760.1850, 18.7777
2025-12-04 00:40:43, 0.0534672389, 0.0623698063, 0.0667066943, 0.0612145847, 3038.9014, 2878.3803, 760.7550, 19.8440
2025-12-04 00:40:49, 0.0567003150, 0.0514499826, 0.0686855778, 0.0596321414, 2905.1633, 2775.6531, 760.4500, 18.8177
2025-12-04 00:40:54, 0.0748457685, 0.0753481800, 0.0473819654, 0.0371718313, 3321.2800, 3123.1600, 759.8800, 18.6286
2025-12-04 00:41:00, 0.0594801635, 0.0555561184, 0.0539012753, 0.0541316232, 2914.3966, 2887.8793, 761.8050, 17.2814
2025-12-04 00:41:06, 0.0756883282, 0.0553831923, 0.0588064042, 0.0564316643, 2784.3710, 2829.0484, 762.6200, 20.1359
2025-12-04 00:41:12, 0.0935453736, 0.0809980367, 0.0618032716, 0.0790349326, 3160.2000, 3127.7333, 761.1200, 16.9173
2025-12-04 00:41:17, 0.0608879021, 0.0493171298, 0.0739154388, 0.0703519826, 2936.3594, 2820.8438, 762.6250, 17.1812
2025-12-04 00:41:23, 0.0649846249, 0.0647774395, 0.0617454776, 0.0488085624, 3013.5098, 2812.8235, 764.2000, 17.9755
2025-12-04 00:41:29, 0.0695561686, 0.0516926549, 0.0587960212, 0.0407696421, 2956.2083, 2716.0000, 763.1300, 16.9462
2025-12-04 00:41:35, 0.0610913038, 0.0646830497, 0.0737759725, 0.0657332922, 3100.9273, 2944.1636, 765.2550, 17.5394
2025-12-04 00:41:40, 0.0721395587, 0.0518541699, 0.0612705357, 0.0682618325, 2946.7447, 2797.8511, 765.6650, 17.8609
2025-12-04 00:41:46, 0.0532448789, 0.0499480107, 0.0631724341, 0.0613677048, 3151.1695, 2950.2881, 764.5050, 20.0669
2025-12-04 00:41:52, 0.0531542999, 0.0482783157, 0.0631150240, 0.0595022011, 2770.2931, 2767.6552, 765.6350, 18.6140
2025-12-04 00:41:58, 0.0618613571, 0.0634280426, 0.0876487857, 0.1054878698, 2991.9429, 2898.1429, 763.7200, 17.4511
2025-12-04 00:42:04, 0.0609990572, 0.0684307402, 0.0362654549, 0.0481966003, 3015.0727, 2830.6909, 763.9600, 16.6436
2025-12-04 00:42:10, 0.0847445671, 0.0647242826, 0.0668390181, 0.0838541666, 2987.4909, 2881.0364, 762.6900, 17.6489
2025-12-04 00:42:16, 0.0558280627, 0.0551528825, 0.0458336038, 0.0653773374, 2803.3797, 2804.8101, 767.7950, 18.6958
2025-12-04 00:42:21, 0.0947561520, 0.1007058184, 0.0371972519, 0.0264717444, 2848.3846, 2778.8462, 765.7650, 18.0688
2025-12-04 00:42:27, 0.0507838087, 0.0387653700, 0.0560514849, 0.0592364624, 3161.0137, 2900.4521, 767.4250, 19.9099
2025-12-04 00:42:33, 0.0901977368, 0.0651442501, 0.0604415775, 0.0454558062, 3185.1852, 3022.9259, 766.1250, 19.8421
2025-12-04 00:42:39, 0.0822710614, 0.0744526585, 0.0448494014, 0.0759563713, 2920.9804, 2807.9412, 766.7900, 18.9237
2025-12-04 00:42:45, 0.0810308598, 0.0737890451, 0.0861440584, 0.0745731279, 3104.5660, 2998.6226, 765.7200, 19.0474
2025-12-04 00:42:50, 0.0515804982, 0.0464942284, 0.0652045997, 0.0425741765, 3017.8308, 2724.3846, 765.0600, 18.3599
2025-12-04 00:42:56, 0.0789270944, 0.0579409865, 0.0375069595, 0.0454882252, 2821.1509, 2773.6792, 765.2000, 19.5185
2025-12-04 00:43:02, 0.0961993616, 0.0821744237, 0.0439030912, 0.0441814840, 2950.0000, 2798.1395, 767.3150, 20.1041
2025-12-04 00:43:08, 0.0851483242, 0.0905132177, 0.0529085738, 0.0352901488, 2928.0444, 2772.4667, 765.1550, 18.0812
2025-12-04 00:43:14, 0.0917802200, 0.0967476442, 0.0651583063, 0.0624716234, 2989.8305, 2867.9492, 763.9150, 18.7784
2025-12-04 00:43:19, 0.0789243162, 0.0742060698, 0.0464309330, 0.0403718326, 3106.2955, 2922.1591, 767.8850, 18.6741
2025-12-04 00:43:25, 0.0664998634, 0.0570593537, 0.0456081122, 0.0421600265, 3007.0597, 2908.3284, 761.1250, 19.2112
2025-12-04 00:43:31, 0.0771597367, 0.0600111551, 0.0495870234, 0.0609158875, 2601.7778, 2575.1667, 760.0700, 18.9854
2025-12-04 00:43:37, 0.0751462016, 0.1053439504, 0.0379483583, 0.0366669597, 2618.5600, 2498.2400, 760.0000, 18.2620
2025-12-04 00:43:43, 0.1099364337, 0.0716113262, 0.0639646146, 0.0428090561, 3011.8511, 2902.8298, 759.7550, 18.5875
2025-12-04 00:43:48, 0.0865915826, 0.0948533418, 0.0738677775, 0.0705101904, 3103.4211, 2931.7544, 760.9650, 17.4569
2025-12-04 00:43:54, 0.1086068682, 0.0980416923, 0.0501400937, 0.0533423224, 3137.8333, 3010.7500, 760.4500, 18.2117
2025-12-04 00:44:00, 0.1170278455, 0.1141293684, 0.0649745476, 0.0477623893, 3238.2069, 3098.6207, 760.9200, 17.7953
2025-12-04 00:44:06, 0.0734929997, 0.0760802994, 0.0506343951, 0.0425426922, 2776.2500, 2745.8594, 762.0200, 17.9128
2025-12-04 00:44:11, 0.0889412661, 0.0811478885, 0.0684940841, 0.0828665822, 2825.1509, 2815.2642, 758.2750, 18.0041
2025-12-04 00:44:17, 0.1027575053, 0.0996270679, 0.0471940541, 0.0519222204, 2965.9020, 2857.9804, 758.2650, 17.6021
2025-12-04 00:44:23, 0.1197106801, 0.0915054815, 0.0540999833, 0.0484632476, 2998.9661, 2937.5085, 755.7550, 18.0032
2025-12-04 00:44:29, 0.0628670775, 0.0564807168, 0.0743321583, 0.0591394203, 3026.3030, 2940.7727, 760.0950, 18.6884
2025-12-04 00:44:34, 0.0674096033, 0.0688102621, 0.0447170320, 0.0494045937, 3075.8298, 2889.6383, 760.4450, 18.1532
2025-12-04 00:44:40, 0.0771862580, 0.0731739807, 0.0476893223, 0.0542665108, 2797.9500, 2757.6500, 758.0050, 18.3228
2025-12-04 00:44:46, 0.0827785796, 0.0961109879, 0.0737823059, 0.0544521268, 3218.4694, 3055.5102, 759.1350, 18.3122
2025-12-04 00:44:52, 0.1364957003, 0.0897042912, 0.0736454215, 0.0482910775, 2935.0741, 2987.1111, 759.1450, 17.0615
2025-12-04 00:44:58, 0.0569856374, 0.0585711926, 0.0807378983, 0.0706788772, 3113.2373, 2870.8475, 760.7750, 18.8323
2025-12-04 00:45:03, 0.0748227560, 0.0682192957, 0.0744222596, 0.0707910846, 3094.9808, 2903.0000, 762.7300, 19.1297
2025-12-04 00:45:09, 0.0975626091, 0.0951309237, 0.0368818263, 0.0455596996, 2992.9231, 2993.4615, 759.6250, 18.6760
2025-12-04 00:45:15, 0.1273430085, 0.1086448764, 0.0738073983, 0.0636032186, 3138.3704, 2993.4074, 762.5950, 18.1400
2025-12-04 00:45:22, 0.0796210837, 0.0894943217, 0.0435054154, 0.0568248575, 2914.8793, 2798.6034, 763.4800, 19.0633
2025-12-04 00:45:27, 0.0564169143, 0.0846691248, 0.0746737313, 0.0594895430, 2953.2105, 3014.1930, 761.8250, 17.7484
2025-12-04 00:45:33, 0.0590090425, 0.0813994195, 0.0673175283, 0.0655223576, 2984.5965, 2914.0702, 763.3350, 19.1644
2025-12-04 00:45:39, 0.0785875475, 0.0659780838, 0.0486351188, 0.0388965732, 2723.0926, 2663.5000, 762.8500, 19.0178
2025-12-04 00:45:45, 0.0593423871, 0.0697574397, 0.0905942965, 0.0679431868, 2767.3269, 2707.9808, 766.5800, 22.6379
2025-12-04 00:45:51, 0.0718558576, 0.0739640972, 0.0642365957, 0.0442282122, 2759.3824, 2678.1324, 765.5800, 21.0787
2025-12-04 00:45:56, 0.0510770649, 0.0477487761, 0.0356241415, 0.0282259229, 2934.3924, 2790.6962, 769.0250, 20.9465
2025-12-04 00:46:02, 0.0523861621, 0.0502936841, 0.0562088019, 0.0507920004, 2895.4462, 2675.0923, 758.6450, 20.2128
2025-12-04 00:46:08, 0.0549638966, 0.0609623021, 0.0811272307, 0.0815864582, 2896.4386, 2771.8246, 763.5000, 20.4629
2025-12-04 00:46:14, 0.0865371962, 0.0809198665, 0.0549083417, 0.0542343356, 2964.1429, 2932.1587, 761.7100, 18.8732
2025-12-04 00:46:20, 0.0806353206, 0.0796471727, 0.0675732456, 0.0651308707, 3005.4468, 2935.9574, 759.8900, 19.1541
2025-12-04 00:46:26, 0.0690364728, 0.0673032035, 0.0564964628, 0.0571938001, 2930.0566, 2809.8491, 759.5350, 17.1187
2025-12-04 00:46:32, 0.0862253923, 0.0911152944, 0.0582040175, 0.0511068942, 3129.6481, 2853.9630, 757.7550, 19.3942
2025-12-04 00:46:38, 0.0836148752, 0.0759003898, 0.0649634983, 0.0496385931, 2872.2727, 2738.6818, 761.4300, 19.9926
2025-12-04 00:46:43, 0.0549477832, 0.0496536837, 0.0432962539, 0.0315116477, 3021.0968, 2690.0806, 760.2150, 19.6832
2025-12-04 00:46:49, 0.0471686750, 0.0454340590, 0.0646879705, 0.0616137929, 3147.0339, 2906.2034, 766.7150, 20.3070
2025-12-04 00:46:55, 0.0453387216, 0.0393725474, 0.0526682200, 0.0544904598, 3048.3014, 2917.5068, 764.9550, 18.7028
2025-12-04 00:47:01, 0.0358325081, 0.0490759574, 0.0462346614, 0.0500537124, 2787.1475, 2592.8852, 763.7500, 20.5289
2025-12-04 00:47:07, 0.0716537428, 0.0573722368, 0.0465030593, 0.0546564220, 2875.9552, 2809.9254, 767.4500, 18.8196
2025-12-04 00:47:12, 0.0932742244, 0.0719732240, 0.0414890615, 0.0517374283, 2913.6441, 2854.4576, 765.5200, 21.0043
2025-12-04 00:47:18, 0.0571992707, 0.0494950177, 0.0446671573, 0.0492164396, 2730.3871, 2724.7903, 765.9100, 20.4849
2025-12-04 00:47:24, 0.0431954485, 0.0399575665, 0.0612036821, 0.0722742009, 2951.3934, 2933.9180, 758.6100, 18.3959
2025-12-04 00:47:30, 0.0801057431, 0.0871216358, 0.0567735650, 0.0560872704, 3099.0185, 3022.8889, 760.7500, 20.3218
2025-12-04 00:47:36, 0.0383835460, 0.0531879648, 0.0908416959, 0.0621037940, 2999.7222, 2803.1296, 759.8450, 20.5648
2025-12-04 00:47:41, 0.0635935281, 0.0523817633, 0.0593090970, 0.0552761640, 2751.0702, 2712.2807, 760.1200, 18.4040
2025-12-04 00:47:47, 0.0914670546, 0.0642184436, 0.0553368078, 0.0494014207, 3023.9194, 2876.8226, 760.5400, 19.4604
2025-12-04 00:47:53, 0.0777429602, 0.0917643545, 0.0898206106, 0.0756241056, 2916.6613, 2818.3710, 759.9150, 18.8523
2025-12-04 00:47:59, 0.0848299395, 0.0659760747, 0.0455643824, 0.0556069972, 2899.8421, 2807.4912, 759.5350, 17.5806
2025-12-04 00:48:05, 0.0861604135, 0.0709154093, 0.0426205691, 0.0325469480, 3200.6508, 2978.8254, 755.5750, 18.7945
2025-12-04 00:48:11, 0.0873877893, 0.0680416466, 0.0585902306, 0.0517815385, 3034.7167, 2859.0000, 755.5200, 17.5251
2025-12-04 00:48:16, 0.0578129070, 0.0621155358, 0.0448020005, 0.0467677662, 2935.4032, 2812.5645, 755.2650, 20.3235
2025-12-04 00:48:22, 0.0678828685, 0.0517546800, 0.0700209603, 0.0480605907, 2854.8043, 2758.2391, 758.3850, 18.2326
2025-12-04 00:48:28, 0.1058571572, 0.0899052497, 0.0781123133, 0.0548832530, 3078.1719, 3023.9062, 757.1400, 17.6723
2025-12-04 00:48:34, 0.0959647651, 0.0775594706, 0.0650434164, 0.0533601526, 3077.9385, 2933.7385, 756.6400, 19.0234
2025-12-04 00:48:40, 0.1112151831, 0.0947425160, 0.0417034891, 0.0465352556, 2979.9259, 2871.4444, 762.2450, 18.7770
2025-12-04 00:48:45, 0.1173426272, 0.1186009967, 0.1032479135, 0.0796797258, 3036.5902, 2881.0328, 762.8800, 20.2083
2025-12-04 00:48:51, 0.1222284549, 0.1146988125, 0.0915477985, 0.0641323944, 3204.7925, 2976.7358, 760.6950, 18.0735
2025-12-04 00:48:57, 0.1196294329, 0.0964869620, 0.0626589097, 0.0581364081, 3119.8596, 3014.3158, 759.5600, 20.2632
2025-12-04 00:49:02, 0.1045171754, 0.1014954485, 0.0709546420, 0.0858861624, 3039.1091, 2979.8727, 760.3350, 18.5228
2025-12-04 00:49:08, 0.0581199540, 0.0501920248, 0.0720032866, 0.0643819873, 2997.5172, 2885.4310, 763.3050, 19.3288
2025-12-04 00:49:14, 0.0589715246, 0.0481581181, 0.0455960486, 0.0449955847, 2992.3860, 2829.3509, 760.8950, 17.8822
2025-12-04 00:49:20, 0.0494216479, 0.0530786062, 0.0696954482, 0.0628993115, 2974.3333, 2863.7467, 765.0350, 17.6877
2025-12-04 00:49:26, 0.0753532538, 0.0696129181, 0.0658578383, 0.0412124238, 3099.5000, 2829.6167, 761.8800, 18.9311
2025-12-04 00:49:31, 0.0824401744, 0.0663189552, 0.0788258102, 0.0694394321, 3020.0682, 2754.9545, 761.7450, 16.8128
2025-12-04 00:49:38, 0.0970378894, 0.0659086809, 0.0472429784, 0.0366556456, 3134.7733, 2846.2400, 761.1750, 18.3735
2025-12-04 00:49:44, 0.0687497998, 0.0810557934, 0.0721733960, 0.0485639491, 2869.3968, 2725.3333, 764.4450, 17.2458
2025-12-04 00:49:49, 0.0801414446, 0.0905150169, 0.0562007508, 0.0466702937, 3155.4576, 3097.5254, 761.2750, 19.0767
2025-12-04 00:49:55, 0.0884049676, 0.0877773908, 0.0671896211, 0.0737536694, 2870.4590, 2832.4918, 762.9150, 18.3706
2025-12-04 00:50:01, 0.0820649286, 0.0786511707, 0.0842504566, 0.0897071309, 3015.4576, 2831.5932, 764.1950, 18.8180
2025-12-04 00:50:07, 0.0507360015, 0.0601567143, 0.0831137206, 0.0690784273, 3086.0758, 2972.7424, 763.6050, 18.5127
2025-12-04 00:50:13, 0.0816452372, 0.0657042104, 0.0810844417, 0.0665332074, 2727.6508, 2748.6190, 764.0100, 18.6309
2025-12-04 00:50:18, 0.0778421534, 0.0895099587, 0.0493236927, 0.0438282719, 2879.6667, 2745.6667, 761.7850, 18.7152
2025-12-04 00:50:24, 0.0732801564, 0.0593388057, 0.1001460908, 0.0730757653, 3134.3571, 3000.5179, 762.5500, 17.7845
2025-12-04 00:50:30, 0.0541697933, 0.0594390073, 0.0780909164, 0.0589263863, 3043.0164, 2902.4754, 760.2400, 17.7269
2025-12-04 00:50:36, 0.0658211200, 0.0669357925, 0.0596835041, 0.0640831474, 2875.9344, 2826.9508, 761.3850, 17.8588
2025-12-04 00:50:42, 0.0871167911, 0.0826645094, 0.0850268490, 0.0572828710, 3156.3273, 2992.0000, 758.8600, 19.4833
2025-12-04 00:50:48, 0.0785418858, 0.0654881122, 0.0604157581, 0.0580377116, 3054.4154, 2943.4154, 762.9950, 17.4277
2025-12-04 00:50:54, 0.0808312251, 0.0665890183, 0.0997146360, 0.0845383945, 3014.6610, 2804.2542, 756.3750, 16.5501
2025-12-04 00:51:00, 0.0813878183, 0.0699193579, 0.0715526920, 0.0647759280, 2826.7308, 2723.3462, 761.4350, 19.0052
2025-12-04 00:51:05, 0.0697183589, 0.0543578730, 0.0702597775, 0.0459989827, 2907.4444, 2723.7593, 758.5450, 17.8904
2025-12-04 00:51:11, 0.1005941611, 0.0960515726, 0.0665161666, 0.0706259008, 2975.9508, 2805.8197, 758.5700, 17.2602
2025-12-04 00:51:17, 0.0736262403, 0.0685321097, 0.0680268976, 0.0912165456, 2857.2321, 2869.0714, 758.6500, 18.2021
2025-12-04 00:51:22, 0.0645623951, 0.0993398665, 0.0734258161, 0.0474985249, 2850.3509, 2792.4211, 758.2250, 19.0834
2025-12-04 00:51:28, 0.0458733105, 0.0472969646, 0.0779785635, 0.0786198772, 2832.3030, 2582.4848, 757.2200, 17.8208
2025-12-04 00:51:34, 0.0491151592, 0.0566183486, 0.0667673709, 0.0606271425, 2991.1404, 2806.4737, 757.1850, 18.7339
2025-12-04 00:51:40, 0.0452689970, 0.0420359271, 0.0876905109, 0.0714024170, 3206.9206, 3082.9048, 758.1800, 17.9186
2025-12-04 00:51:46, 0.0447828489, 0.0561466424, 0.0955429280, 0.0657045487, 3036.9194, 2818.2097, 756.8400, 19.0653
2025-12-04 00:51:52, 0.0449380964, 0.0454191210, 0.0604264854, 0.0491494467, 2968.9355, 2697.4032, 758.0500, 19.7352
2025-12-04 00:51:57, 0.0676524862, 0.0556597796, 0.0742724325, 0.0461810065, 2940.3409, 2752.5682, 756.8350, 18.8954
2025-12-04 00:52:03, 0.0576422984, 0.0449748865, 0.0614237676, 0.0697128282, 3202.2769, 3018.1077, 757.2400, 17.9959
2025-12-04 00:52:09, 0.0522769493, 0.0678008981, 0.0750691430, 0.0730270231, 2852.1552, 2771.7931, 759.0850, 18.1306
2025-12-04 00:52:15, 0.0759922568, 0.0598505915, 0.0618024546, 0.0554326492, 3131.3443, 2949.3443, 756.2750, 17.7603
2025-12-04 00:52:21, 0.0626095647, 0.0577022193, 0.0621828829, 0.0473055819, 3180.9348, 2909.9783, 762.1350, 17.2901
2025-12-04 00:52:26, 0.0796463289, 0.0662106564, 0.0749993257, 0.0662861045, 3084.4510, 2997.7647, 758.1800, 19.2202
2025-12-04 00:52:32, 0.1204669930, 0.0752429262, 0.0932839418, 0.0495013807, 3028.4615, 3067.8462, 759.6700, 16.9042
2025-12-04 00:52:38, 0.1120460306, 0.0857919263, 0.0413356857, 0.0517576012, 2841.3208, 2879.9057, 756.0900, 18.3690
2025-12-04 00:52:44, 0.1027495434, 0.0839655467, 0.0572553733, 0.0548717625, 2894.7241, 2900.9138, 757.2850, 16.3084
2025-12-04 00:52:50, 0.0565004937, 0.0556682531, 0.0566077959, 0.0597718401, 2979.6786, 2884.6964, 755.9050, 18.2339
2025-12-04 00:52:55, 0.0644644872, 0.0747045083, 0.0584393232, 0.0519172926, 2972.5614, 2936.8596, 754.4050, 16.0147
2025-12-04 00:53:01, 0.0765436976, 0.0762928679, 0.0547477996, 0.0503927562, 3106.6087, 3108.5652, 755.7500, 18.4344
2025-12-04 00:53:07, 0.0685791630, 0.0628891274, 0.0405178739, 0.0489212536, 2908.1277, 2842.0638, 755.4050, 18.2080
2025-12-04 00:53:13, 0.0493529865, 0.0584635346, 0.0838946360, 0.0908809817, 2924.9636, 2873.5455, 756.9000, 17.6125
2025-12-04 00:53:19, 0.0512038598, 0.0334513453, 0.0859708526, 0.0662426837, 3155.9118, 3012.2353, 758.6300, 18.7553
2025-12-04 00:53:24, 0.0840038476, 0.0712115419, 0.0616551475, 0.0336513273, 3200.3929, 3003.5000, 756.6800, 19.2405
2025-12-04 00:53:30, 0.0561143401, 0.0566026141, 0.0992598857, 0.0730165483, 2934.9032, 2771.4516, 756.7100, 16.8052
2025-12-04 00:53:37, 0.0682951767, 0.0648280370, 0.1000035866, 0.0938335490, 3074.6508, 2890.6984, 760.5400, 20.2556
2025-12-04 00:53:42, 0.0552475548, 0.0560265109, 0.1017631161, 0.1325123561, 2806.0638, 2859.1702, 756.9750, 18.8434
2025-12-04 00:53:48, 0.0665863959, 0.0493739354, 0.0668616810, 0.0831224570, 2949.6167, 2901.6333, 758.9500, 17.2522
2025-12-04 00:53:54, 0.0420139035, 0.0379753188, 0.0674893231, 0.0632420875, 2941.1231, 2798.7692, 759.3500, 18.0927
2025-12-04 00:54:00, 0.0502588527, 0.0560414177, 0.0692488866, 0.0725712500, 3034.0500, 2847.0167, 762.6000, 16.9647
2025-12-04 00:54:06, 0.0589596578, 0.0500755197, 0.0679006767, 0.0412687156, 3209.5818, 3003.4545, 761.8800, 15.5205
2025-12-04 00:54:12, 0.0449541029, 0.0431039655, 0.0613552963, 0.0490211903, 2829.6974, 2727.1053, 758.3850, 19.8206
2025-12-04 00:54:17, 0.0390483936, 0.0420949344, 0.0655036190, 0.1035192046, 2992.0612, 2903.2857, 763.6750, 19.7319
2025-12-04 00:54:23, 0.0568938675, 0.0482166538, 0.0557970143, 0.0592249583, 3163.7297, 2996.4054, 761.6400, 18.7521
2025-12-04 00:54:29, 0.0907112271, 0.0619067061, 0.0833894363, 0.0544347505, 3058.5179, 2918.6250, 761.3750, 18.8275
2025-12-04 00:54:35, 0.0796114171, 0.0557867066, 0.0602888630, 0.0478029678, 2971.8864, 2882.5909, 761.2150, 18.0449
2025-12-04 00:54:41, 0.0590833313, 0.0538794797, 0.0576689750, 0.0430110716, 3212.5079, 2997.5556, 761.5750, 18.0298
2025-12-04 00:54:46, 0.0391395922, 0.0417110131, 0.0765187051, 0.0700721476, 3095.4677, 2916.2903, 762.4850, 19.5138
2025-12-04 00:54:52, 0.0500303757, 0.0484161718, 0.0537233409, 0.0550340033, 2980.8033, 2850.2787, 764.3400, 18.9775
2025-12-04 00:54:58, 0.0422097541, 0.0430633189, 0.0958412124, 0.1104218240, 3038.1333, 2968.1167, 764.9700, 16.5378
2025-12-04 00:55:04, 0.0645595283, 0.0508297378, 0.0942735708, 0.0659635571, 2991.8372, 2738.6279, 761.8950, 18.3470
2025-12-04 00:55:10, 0.0549189912, 0.0516979476, 0.0967191566, 0.0857863585, 3105.7959, 3027.9592, 763.2950, 18.2041
2025-12-04 00:55:16, 0.0577129005, 0.0450190209, 0.0935934119, 0.0875994429, 2999.4930, 2970.4789, 764.5650, 16.9188
2025-12-04 00:55:21, 0.0727901142, 0.0745565427, 0.0986619220, 0.0933509317, 3115.2787, 3121.7705, 761.3800, 19.8707
2025-12-04 00:55:27, 0.0794364264, 0.0854187470, 0.0768887172, 0.0865371085, 2801.7885, 2812.6346, 764.2550, 19.0738
2025-12-04 00:55:33, 0.0577632160, 0.0712435867, 0.0641106026, 0.0593099863, 2845.6957, 2783.2899, 760.5900, 17.3854
2025-12-04 00:55:38, 0.0520371368, 0.0548541790, 0.0935722594, 0.0895212125, 2634.2295, 2533.4754, 762.5650, 19.2776
2025-12-04 00:55:44, 0.0546583405, 0.0600249905, 0.0782009263, 0.0859582513, 2884.4400, 2741.9600, 763.3550, 17.0886
2025-12-04 00:55:50, 0.1000359970, 0.0696562311, 0.0752925080, 0.0729041935, 3210.6000, 2963.8000, 763.3050, 16.5091
2025-12-04 00:55:56, 0.0887870493, 0.0725945145, 0.1135193501, 0.0843464247, 3012.1951, 3041.0244, 764.6300, 17.4981
2025-12-04 00:56:02, 0.0489679234, 0.0543975470, 0.0854937515, 0.0743689540, 3110.5217, 2897.9420, 763.7200, 18.2486
2025-12-04 00:56:08, 0.0830053429, 0.0765731357, 0.0576387056, 0.0544888445, 2760.3559, 2727.6949, 764.9400, 17.9119
2025-12-04 00:56:13, 0.0409227476, 0.0505802056, 0.0808831714, 0.0736398213, 3026.5238, 2761.1587, 764.4950, 18.8332
2025-12-04 00:56:19, 0.0638707155, 0.0548685536, 0.0740045927, 0.0743330313, 2962.0851, 2711.4681, 764.0600, 19.2249
2025-12-04 00:56:25, 0.0696533582, 0.0617180991, 0.0695694398, 0.0642438767, 2869.9661, 2874.7288, 762.7300, 17.5948
2025-12-04 00:56:31, 0.1023417122, 0.0983070609, 0.0797249506, 0.0631070044, 2877.0784, 2781.1569, 762.0800, 16.8729
2025-12-04 00:56:36, 0.0556053506, 0.0742449821, 0.0774070476, 0.0723543933, 3082.1800, 3065.5800, 760.6400, 20.1683
2025-12-04 00:56:42, 0.0644660943, 0.0725918943, 0.1183110478, 0.1293650587, 3186.4167, 3117.0208, 760.6800, 18.5865
2025-12-04 00:56:48, 0.0722653058, 0.0559180288, 0.0706977446, 0.0466520227, 3001.4906, 2865.8302, 761.1200, 20.9754
2025-12-04 00:56:54, 0.0540339364, 0.0531361436, 0.0872269683, 0.0746187210, 2985.8772, 2900.8246, 763.1550, 16.6067
2025-12-04 00:56:59, 0.0725192395, 0.0646371604, 0.0749595091, 0.0629769046, 2975.5902, 2840.2131, 762.1650, 16.3780
2025-12-04 00:57:05, 0.0903613241, 0.0894998104, 0.0991888257, 0.0853181730, 3166.3000, 3186.0833, 762.5900, 17.6117
2025-12-04 00:57:11, 0.0866800661, 0.0746725412, 0.0749554076, 0.0781196569, 3229.6909, 3137.7091, 764.5300, 15.1317
2025-12-04 00:57:17, 0.0715712591, 0.0630287163, 0.0847461921, 0.0818919739, 3049.3111, 2927.7111, 761.9150, 19.4663
2025-12-04 00:57:23, 0.0674229022, 0.0573316327, 0.1052906893, 0.0991483450, 2960.7833, 2913.0167, 761.9850, 18.9893
2025-12-04 00:57:29, 0.0845648330, 0.0681146395, 0.1123342864, 0.0910105293, 3026.3103, 3024.8966, 762.4250, 16.1153
2025-12-04 00:57:34, 0.1034314646, 0.0807629702, 0.0417486987, 0.0491545432, 2734.8235, 2661.5686, 760.4950, 18.8332
2025-12-04 00:57:40, 0.0694681202, 0.0674479185, 0.0606546731, 0.0672231307, 2811.1053, 2738.8070, 763.8700, 17.7655
2025-12-04 00:57:46, 0.0853480060, 0.0627293979, 0.0426683860, 0.0618747458, 3076.7660, 2898.9149, 764.8800, 18.0606
2025-12-04 00:57:52, 0.0598112579, 0.0577574609, 0.1135344406, 0.0881658031, 3098.3529, 2895.9412, 765.1500, 16.4632
2025-12-04 00:57:58, 0.0844883340, 0.0935979400, 0.0952833290, 0.0930510833, 3179.9400, 3096.9400, 765.3750, 17.7804
2025-12-04 00:58:03, 0.0952560456, 0.0988611317, 0.0750310614, 0.0671549872, 2876.3571, 2882.8929, 765.6750, 18.5021
2025-12-04 00:58:09, 0.1083999368, 0.0899538209, 0.0870886204, 0.0727786981, 3010.1667, 2941.8889, 765.8850, 19.6301
2025-12-04 00:58:15, 0.0618905114, 0.0695638337, 0.0707546968, 0.0619250841, 3013.9655, 2842.2586, 765.1750, 17.1028
2025-12-04 00:58:21, 0.0745953817, 0.0596359880, 0.0616362023, 0.0614014812, 2838.1875, 2718.7083, 763.9850, 19.7518
2025-12-04 00:58:26, 0.0878908374, 0.0769999355, 0.0750959447, 0.0737594138, 2958.7885, 2836.7115, 765.4100, 17.1392
2025-12-04 00:58:32, 0.0829154183, 0.0906862305, 0.1170587335, 0.0796145509, 3214.9828, 3022.5172, 766.3900, 18.0227
2025-12-04 00:58:38, 0.1112337054, 0.0814585417, 0.0710583060, 0.0554573844, 3212.5294, 3101.2941, 764.6400, 19.8555
2025-12-04 00:58:44, 0.0593628890, 0.0700282447, 0.0646084461, 0.0701288517, 2948.6852, 2897.1296, 769.1500, 19.2517
2025-12-04 00:58:50, 0.0570424347, 0.0666725105, 0.0585986615, 0.0680177055, 3118.0806, 3041.5323, 767.6450, 19.3121
2025-12-04 00:58:56, 0.0703945977, 0.0671404440, 0.0725752331, 0.0864385267, 2930.1613, 2851.9839, 767.8000, 20.0482
2025-12-04 00:59:01, 0.0679255797, 0.0568439091, 0.0816415501, 0.0561428542, 3025.6406, 2838.5000, 769.3350, 18.3982
2025-12-04 00:59:07, 0.0601511006, 0.0646050919, 0.0669135768, 0.0569487168, 2951.0741, 2873.9815, 768.4200, 19.0977
2025-12-04 00:59:13, 0.0762617149, 0.0600074984, 0.0530852495, 0.0467895173, 3187.9636, 2913.5636, 767.2050, 18.5969
2025-12-04 00:59:19, 0.0612225564, 0.0614169271, 0.0877232933, 0.0818125764, 3133.6949, 3038.5593, 769.3150, 17.9832
2025-12-04 00:59:24, 0.0998015279, 0.1109393532, 0.0809759622, 0.0955212569, 3188.7857, 3060.9643, 760.1700, 19.7841
2025-12-04 00:59:30, 0.0939377631, 0.0694825041, 0.0622151015, 0.0643529200, 2980.0377, 3037.2264, 762.7500, 18.5800
2025-12-04 00:59:36, 0.0764366016, 0.0657719374, 0.0664863538, 0.0644941101, 2989.3571, 2934.7321, 762.6800, 17.8378
2025-12-04 00:59:42, 0.0590310056, 0.0460182453, 0.0715968759, 0.0853667086, 2859.0455, 2784.2273, 763.4150, 17.2740
2025-12-04 00:59:48, 0.0429539869, 0.0314429314, 0.1006260357, 0.0868618137, 3114.6613, 3104.5806, 763.0900, 17.8550
2025-12-04 00:59:54, 0.0586031318, 0.0592665978, 0.0789091560, 0.0840542235, 3027.1290, 2921.6774, 764.1750, 18.1134
2025-12-04 01:00:00, 0.0594554745, 0.0455000348, 0.0525493158, 0.0529657840, 3010.3800, 2986.3000, 763.7700, 17.2872
2025-12-04 01:00:06, 0.0607404729, 0.0566622951, 0.0751416447, 0.0687904832, 3296.8421, 3216.5263, 764.6100, 19.0268
2025-12-04 01:00:11, 0.0395906862, 0.0539776533, 0.0665130670, 0.0471288464, 2908.7895, 2744.1930, 765.0750, 17.9947
2025-12-04 01:00:17, 0.0377609249, 0.0389974424, 0.0589286785, 0.0574135022, 2970.1566, 2817.7711, 764.6850, 18.0129
2025-12-04 01:00:23, 0.0613939924, 0.0439478698, 0.0674054372, 0.0414593455, 2924.7333, 2832.1333, 766.5750, 19.3288
2025-12-04 01:00:29, 0.0610150298, 0.0506806706, 0.0849985385, 0.0712131352, 2998.3529, 2831.0784, 766.0800, 17.0471
2025-12-04 01:00:34, 0.0710753039, 0.0554902838, 0.0587960024, 0.0636307036, 2997.2206, 2958.1176, 765.4150, 17.5745
2025-12-04 01:00:40, 0.0765332366, 0.0783739351, 0.0574594081, 0.0517842895, 3132.7143, 3016.9592, 763.4550, 17.6266
2025-12-04 01:00:46, 0.1104903992, 0.1006354919, 0.0729349050, 0.0626220842, 3121.1875, 3117.4219, 764.1600, 17.8007
2025-12-04 01:00:52, 0.1001378137, 0.0909448214, 0.0752999071, 0.0815708700, 3105.3077, 3072.8846, 768.5650, 17.5210
2025-12-04 01:00:57, 0.0686655830, 0.0615130775, 0.0821726395, 0.0648346049, 2839.7541, 2735.2459, 770.0750, 16.6403
2025-12-04 01:01:03, 0.0842322306, 0.0929154194, 0.0755813672, 0.0648577261, 3076.8983, 2970.6102, 768.5100, 18.9246
2025-12-04 01:01:09, 0.0733182837, 0.0658845888, 0.0774141396, 0.0747414952, 3037.6471, 2782.5294, 769.8450, 18.5332
2025-12-04 01:01:15, 0.0593545315, 0.0506994482, 0.0813558600, 0.0671838727, 3024.4386, 2893.4211, 767.9900, 17.8166
2025-12-04 01:01:21, 0.0604569614, 0.0657539151, 0.0671892155, 0.0590314822, 3179.8833, 3007.6167, 767.0300, 18.3185
2025-12-04 01:01:26, 0.0560169691, 0.0720771277, 0.0833153907, 0.0907791700, 2928.4483, 2792.7241, 768.2850, 19.8684
2025-12-04 01:01:32, 0.1193304247, 0.0719704673, 0.0711129791, 0.1026375655, 3086.6038, 3154.3019, 765.3350, 18.4524
2025-12-04 01:01:38, 0.0540384239, 0.0481720706, 0.1020071586, 0.0851376169, 2871.0746, 2776.8060, 765.4500, 19.3274
2025-12-04 01:01:44, 0.0548548518, 0.0455551794, 0.0598545789, 0.0584811139, 2944.7778, 2808.7619, 767.2000, 18.2077
2025-12-04 01:01:50, 0.0553906672, 0.0514076958, 0.0578722176, 0.0645815624, 2978.2295, 2926.9836, 762.4850, 17.9299
2025-12-04 01:01:55, 0.0791217763, 0.0683519352, 0.0928228006, 0.0702262297, 3246.3793, 3256.1897, 763.9350, 19.5630
2025-12-04 01:02:01, 0.0983718261, 0.0877334149, 0.0720195107, 0.0702420961, 2911.5789, 2923.3158, 761.7200, 19.1432
2025-12-04 01:02:07, 0.0721458101, 0.0539415293, 0.0713953857, 0.0530667580, 3061.4035, 2951.3860, 761.8250, 17.1978
2025-12-04 01:02:13, 0.0618874485, 0.0482716798, 0.0631980851, 0.0535946463, 2870.2203, 2650.6610, 762.5000, 18.5569
2025-12-04 01:02:19, 0.0645036007, 0.0587012813, 0.1227997079, 0.0898776138, 3085.3654, 3113.0577, 763.6550, 20.4452
2025-12-04 01:02:25, 0.0611107768, 0.0559941991, 0.0630311477, 0.0476697640, 3119.0000, 3012.4237, 762.0700, 18.6691
2025-12-04 01:02:31, 0.0920682166, 0.0834444430, 0.0633664879, 0.0478089241, 3011.9583, 2939.1250, 762.4400, 18.1771
2025-12-04 01:02:36, 0.0519787066, 0.0499846214, 0.0650870379, 0.0394555747, 2904.1186, 2899.4407, 762.7600, 18.6642
2025-12-04 01:02:42, 0.0533899023, 0.0458834871, 0.0424163576, 0.0393321036, 2803.6842, 2680.3158, 763.3500, 19.7202
2025-12-04 01:02:48, 0.0567064775, 0.0607725000, 0.0602720170, 0.0459842147, 2865.9455, 2662.8000, 763.1800, 16.7334
2025-12-04 01:02:54, 0.0504618633, 0.0413203676, 0.0636847980, 0.0677284554, 3047.8438, 2926.5312, 766.0750, 19.4440
2025-12-04 01:03:00, 0.0521340729, 0.0440431539, 0.0891807559, 0.0713777363, 2854.5692, 2743.2923, 761.2850, 17.2558
2025-12-04 01:03:05, 0.0623264790, 0.0483561960, 0.0863604411, 0.0789651704, 3128.8846, 3028.7115, 764.9600, 16.9410
2025-12-04 01:03:11, 0.0654203475, 0.0620131218, 0.0718306805, 0.0651336252, 2939.5366, 2825.8049, 764.0200, 18.1857
2025-12-04 01:03:17, 0.0850053844, 0.0731866867, 0.0687132039, 0.0750590384, 2879.6724, 2782.6724, 762.6350, 18.6952
2025-12-04 01:03:23, 0.0933028194, 0.0871725087, 0.0548316646, 0.0520601974, 2718.0566, 2735.7547, 764.5950, 17.8656
2025-12-04 01:03:29, 0.0864830628, 0.0853328932, 0.1034572075, 0.0828536784, 3117.1837, 3039.4082, 762.6000, 18.0111
2025-12-04 01:03:34, 0.0820714781, 0.0692312436, 0.0650703530, 0.0620840597, 2745.6364, 2705.0682, 761.4100, 17.4594
2025-12-04 01:03:40, 0.0625606296, 0.0711594488, 0.1124097786, 0.1034271225, 3077.7800, 2922.7000, 759.9750, 16.7387
2025-12-04 01:03:46, 0.0599933597, 0.0684710513, 0.0584440405, 0.0602239816, 2892.4915, 2755.8814, 763.8800, 18.8859
2025-12-04 01:03:52, 0.0518595553, 0.0461184410, 0.0892548653, 0.0495937829, 3039.1000, 2825.1000, 758.1350, 18.0850
2025-12-04 01:03:58, 0.0508204675, 0.0473286502, 0.0602133036, 0.0451202881, 2915.9747, 2777.5696, 763.4000, 17.2960
2025-12-04 01:04:04, 0.0625488969, 0.0611094382, 0.0914298370, 0.0605235806, 2984.2742, 2857.4839, 758.6150, 18.8403
2025-12-04 01:04:09, 0.0766954304, 0.0667843344, 0.0672494449, 0.0458857611, 3236.1091, 3046.2000, 759.8200, 17.3838
2025-12-04 01:04:15, 0.0682187194, 0.0653835057, 0.0663950616, 0.0492306080, 3280.5400, 3075.1800, 761.4000, 19.7904
2025-12-04 01:04:21, 0.0730905293, 0.0613418339, 0.0525581506, 0.0525099953, 3017.5926, 2943.0370, 761.4800, 18.0759
2025-12-04 01:04:27, 0.0722493463, 0.0692181916, 0.0745335980, 0.0622796272, 2928.0851, 2843.5745, 761.2150, 17.6915
2025-12-04 01:04:33, 0.0738403805, 0.0554351601, 0.0663052377, 0.0353497805, 3120.0175, 2921.7719, 758.1900, 16.2835
2025-12-04 01:04:38, 0.0752088430, 0.0531291945, 0.0600644521, 0.0633033575, 3110.7143, 2872.5357, 759.7650, 19.1405
2025-12-04 01:04:44, 0.0560932684, 0.0517181052, 0.0867438869, 0.0635600072, 3163.3878, 2874.8776, 763.9350, 18.7707
2025-12-04 01:04:50, 0.0433535662, 0.0476046642, 0.0682047076, 0.0591836307, 2737.8361, 2534.1639, 763.0800, 19.0193
2025-12-04 01:04:56, 0.0417392563, 0.0505799732, 0.0656775088, 0.0802943791, 2852.7170, 2792.1509, 765.5450, 17.5991
2025-12-04 01:05:02, 0.0766263751, 0.0626248893, 0.0786242815, 0.0662060454, 2995.6271, 2869.6102, 765.9550, 18.1313
2025-12-04 01:05:08, 0.0779870872, 0.0631862832, 0.0730725738, 0.0704184467, 3082.6842, 2980.6667, 764.7000, 17.4235
2025-12-04 01:05:13, 0.0774070969, 0.0598651451, 0.0732333451, 0.0617435041, 3033.9500, 3035.1500, 764.3250, 17.3799
2025-12-04 01:05:19, 0.0714545723, 0.0680467162, 0.1222348735, 0.1162932221, 3078.2667, 3022.7333, 765.6750, 19.5670
2025-12-04 01:05:25, 0.0786409865, 0.0743191673, 0.0918767611, 0.0616517621, 3021.8788, 2880.9697, 765.3000, 19.0113
2025-12-04 01:05:31, 0.0762919218, 0.0445567282, 0.0758961103, 0.0662338159, 2876.8519, 2668.9259, 767.3900, 18.8931
2025-12-04 01:05:37, 0.0900247265, 0.0952136300, 0.0688519878, 0.0757253661, 3237.7647, 3178.5882, 765.6950, 17.3957
2025-12-04 01:05:43, 0.0670089115, 0.0564828112, 0.0722920264, 0.0637799102, 2814.3500, 2776.6167, 764.4750, 18.3022
2025-12-04 01:05:48, 0.0560913354, 0.0597294409, 0.0701881654, 0.0622470587, 2989.1692, 2852.7538, 768.8200, 17.3346
2025-12-04 01:05:54, 0.0683122732, 0.0469579782, 0.0759600302, 0.0581693414, 3022.6154, 2898.0962, 767.4150, 16.9553
2025-12-04 01:06:00, 0.1004861962, 0.0626820728, 0.0834834603, 0.0782673075, 3071.8657, 2842.2687, 764.8200, 18.4480
2025-12-04 01:06:06, 0.0891800600, 0.0658330088, 0.0479286816, 0.0560241547, 2948.7679, 2924.7321, 766.0050, 15.9626
2025-12-04 01:06:11, 0.1031179217, 0.0756195620, 0.0819416306, 0.0607085852, 3070.7368, 3017.0000, 764.7800, 17.9728
2025-12-04 01:06:17, 0.0902769984, 0.0729292593, 0.0728329250, 0.0799139259, 3049.0159, 2943.9524, 764.7200, 20.4595
2025-12-04 01:06:23, 0.0887211502, 0.0770939228, 0.0449641451, 0.0533768687, 2853.7368, 2843.7719, 767.5900, 18.1103
2025-12-04 01:06:29, 0.0651353421, 0.0659508752, 0.0486970370, 0.0465514805, 3052.7586, 2951.5517, 766.8650, 18.6091
2025-12-04 01:06:35, 0.0872875860, 0.0964006883, 0.0860706163, 0.0555337831, 2917.8261, 2933.3913, 768.2900, 18.7368
2025-12-04 01:06:40, 0.0922948575, 0.0779744816, 0.0928931283, 0.0809242364, 2779.6140, 2801.7368, 765.5000, 19.5796
2025-12-04 01:06:46, 0.1145009705, 0.0873819838, 0.0613505435, 0.0501529193, 2948.0667, 2830.0667, 767.8750, 18.4019
2025-12-04 01:06:52, 0.0785882916, 0.0685073454, 0.0800847997, 0.0636985374, 3013.7705, 2850.2787, 766.4700, 18.4057
2025-12-04 01:06:58, 0.0673027548, 0.0769754094, 0.0662525250, 0.0619174669, 2672.1522, 2624.0870, 768.3950, 19.5020
2025-12-04 01:07:03, 0.0829699855, 0.0671258421, 0.0643093450, 0.0508668841, 2971.4308, 2938.2462, 766.7500, 18.5932
2025-12-04 01:07:09, 0.0979389224, 0.0587706489, 0.0800879938, 0.0843294040, 3232.2653, 3118.1429, 766.9900, 18.7011
2025-12-04 01:07:15, 0.0911963644, 0.0549153458, 0.0626755283, 0.0508625211, 3066.5088, 2865.0000, 768.1350, 17.5501
2025-12-04 01:07:21, 0.0508344791, 0.0658198815, 0.0576443327, 0.0534534536, 2932.3818, 2896.0182, 770.4850, 17.6417
2025-12-04 01:07:27, 0.0573450669, 0.0615589335, 0.0596772934, 0.0676204599, 3262.6825, 3089.0317, 763.2150, 18.2614
2025-12-04 01:07:33, 0.0646943352, 0.0489795557, 0.0718198158, 0.0700592550, 3123.6567, 3010.8657, 767.0300, 19.2528
2025-12-04 01:07:38, 0.0782259077, 0.0646825689, 0.0917303422, 0.0788556676, 3137.8769, 3029.3231, 763.6400, 17.9552
2025-12-04 01:07:44, 0.0651162170, 0.0494011540, 0.0786166161, 0.0573096558, 2982.9219, 2828.2031, 765.8000, 18.2836
2025-12-04 01:07:50, 0.0476973630, 0.0497800948, 0.0762892519, 0.0987435838, 3176.0556, 3113.9722, 765.2000, 17.4488
2025-12-04 01:07:56, 0.0456841737, 0.0406769883, 0.0767145198, 0.0754730493, 2993.2899, 2882.6087, 763.0700, 19.3190
2025-12-04 01:08:01, 0.0736556518, 0.0480107080, 0.0857875079, 0.0760592355, 2993.6333, 2847.4500, 763.0650, 18.1282
2025-12-04 01:08:07, 0.0625239784, 0.0615687854, 0.0590038754, 0.0563637293, 2781.8519, 2570.6852, 762.7350, 18.2221
2025-12-04 01:08:13, 0.0478680421, 0.0488457932, 0.0814362724, 0.0696471087, 3079.5789, 2868.8684, 764.7650, 16.9694
2025-12-04 01:08:18, 0.0658664790, 0.0552120569, 0.0512784237, 0.0490061107, 2924.0645, 2753.4032, 764.3150, 17.9885
2025-12-04 01:08:24, 0.0691453031, 0.0617556744, 0.0986789609, 0.0813328353, 2959.8684, 2918.8816, 762.1250, 18.1041
2025-12-04 01:08:30, 0.0926394824, 0.0802647273, 0.0486858619, 0.0456906242, 3130.9828, 2984.8621, 765.2100, 17.4065
2025-12-04 01:08:36, 0.0927704034, 0.0870135373, 0.0744287412, 0.0780027362, 2996.9400, 2747.6600, 765.0600, 17.8375
2025-12-04 01:08:41, 0.0826207692, 0.0601881044, 0.0700445275, 0.0661627791, 3021.8000, 2904.2167, 762.9600, 16.7869
2025-12-04 01:08:47, 0.0850317141, 0.0772437723, 0.0665109349, 0.0621081668, 3126.8966, 2937.6724, 765.6900, 19.6307
2025-12-04 01:08:53, 0.0764350755, 0.0629381362, 0.0638999874, 0.0670453131, 2941.1176, 2944.9412, 763.6700, 17.3064
2025-12-04 01:08:59, 0.0521095890, 0.0665496484, 0.0621589179, 0.0487841856, 2985.4643, 2891.3929, 766.3600, 18.1039
2025-12-04 01:09:05, 0.0963386837, 0.0796820352, 0.0461062832, 0.0588823425, 3092.0658, 3074.5132, 762.3200, 17.1388
2025-12-04 01:09:10, 0.0950263853, 0.0758532204, 0.0760402702, 0.0622809071, 2846.5763, 2751.3898, 763.4550, 16.5496
2025-12-04 01:09:16, 0.0607612576, 0.0459791689, 0.0787577382, 0.0717582476, 2990.3390, 2794.4068, 760.6900, 17.2625
2025-12-04 01:09:22, 0.0601710054, 0.0597179413, 0.0430245900, 0.0454087463, 2940.0923, 2851.0462, 763.4950, 17.1508
2025-12-04 01:09:28, 0.0603518859, 0.0616133665, 0.0874308940, 0.0681133664, 3052.5070, 2924.4648, 760.5150, 18.0422
2025-12-04 01:09:34, 0.0589464260, 0.0499328758, 0.0616753261, 0.0755913616, 2970.6078, 2925.6667, 765.2000, 18.4272
2025-12-04 01:09:40, 0.0558999977, 0.0561375938, 0.0737971858, 0.0549112511, 2918.5882, 2824.3676, 764.1550, 17.4769
2025-12-04 01:09:46, 0.0484207874, 0.0418684052, 0.0707290792, 0.0684637153, 3030.5000, 2988.3400, 764.3300, 18.1290
2025-12-04 01:09:52, 0.0442944739, 0.0388017768, 0.0990398267, 0.0805824150, 2839.5696, 2750.2152, 764.0100, 17.6907
2025-12-04 01:09:57, 0.0566684598, 0.0508990997, 0.1239106094, 0.0597899315, 2943.6667, 2783.2833, 766.5800, 16.5258
2025-12-04 01:10:03, 0.0688981204, 0.0591974921, 0.0895402110, 0.0911885828, 3223.7705, 3166.3115, 761.1750, 19.3593
2025-12-04 01:10:09, 0.0500940577, 0.0347045922, 0.0902815344, 0.0800351791, 2923.0000, 2851.4706, 762.8550, 17.7945
2025-12-04 01:10:15, 0.0599885583, 0.0642889070, 0.0665482116, 0.0614693599, 2961.3594, 2886.5000, 763.4700, 17.6700
2025-12-04 01:10:20, 0.0606342450, 0.0716346105, 0.0519856696, 0.0593325953, 2910.2742, 2793.3548, 763.6150, 18.6015
2025-12-04 01:10:26, 0.0630643882, 0.0595383560, 0.0883229098, 0.0788160114, 2943.1017, 2835.9492, 763.7300, 18.7853
2025-12-04 01:10:32, 0.0651374782, 0.0739881182, 0.0521051662, 0.0577428914, 2928.8462, 2845.5192, 766.7400, 17.3569
2025-12-04 01:10:48, 0.0976317516, 0.0691709166, 0.0680530030, 0.0634569919, 3067.7843, 3005.8235, 767.7000, 16.9322
2025-12-04 01:10:54, 0.0770956177, 0.0640509093, 0.0728334994, 0.0619313726, 3035.0556, 3037.3704, 768.5150, 18.2551
2025-12-04 01:10:59, 0.0624476345, 0.0594187722, 0.0708019984, 0.0596690715, 3101.3273, 2953.8364, 767.0100, 18.6424
2025-12-04 01:11:05, 0.0575247169, 0.0622049846, 0.0579665285, 0.0600509573, 3032.4627, 2964.8955, 767.8200, 18.4623
2025-12-04 01:11:11, 0.0572285403, 0.0486494924, 0.0741475935, 0.0683499232, 3259.6119, 3046.8060, 766.6750, 18.2581
2025-12-04 01:11:17, 0.0645940702, 0.0484247644, 0.0866429762, 0.0872167635, 3275.2131, 2954.3279, 768.5350, 17.5769
2025-12-04 01:11:23, 0.0535922626, 0.0598722274, 0.0636928579, 0.0679368324, 2966.6338, 3005.2817, 768.1250, 16.5424
2025-12-04 01:11:28, 0.0593338876, 0.0613055523, 0.1227706082, 0.0848691549, 3121.8065, 2879.0968, 764.2950, 20.0950
2025-12-04 01:11:34, 0.0630308554, 0.0519983661, 0.0589220040, 0.0444267151, 2872.4865, 2761.4595, 765.2800, 18.5246
2025-12-04 01:11:40, 0.0693729808, 0.0632038762, 0.0564316409, 0.0568807451, 2938.7833, 2893.0333, 763.5800, 19.0416
2025-12-04 01:11:46, 0.0893479944, 0.0604123282, 0.0374245470, 0.0438843816, 3268.7500, 3286.6818, 762.7450, 17.9989
2025-12-04 01:11:55, 0.0654753342, 0.0623399604, 0.0554347392, 0.0591732481, 2711.2368, 2566.8421, 761.3450, 18.0656
2025-12-04 01:12:01, 0.0929595915, 0.0719299474, 0.0523007861, 0.0399541566, 3234.9600, 3163.8400, 763.5400, 17.5880
2025-12-04 01:12:07, 0.0830871487, 0.0734745332, 0.0637755978, 0.0622796294, 3024.3182, 2800.2955, 765.0250, 19.1328
2025-12-04 01:12:13, 0.0653746036, 0.0687713681, 0.0712368471, 0.0532183469, 3012.1579, 2935.6667, 763.5100, 17.9335
2025-12-04 01:12:19, 0.0685325656, 0.0752677274, 0.0581512619, 0.0638945010, 2972.7708, 2970.7292, 765.4000, 19.5187
2025-12-04 01:12:24, 0.0870072134, 0.0795748735, 0.0905724305, 0.0880404400, 3042.1224, 3073.4082, 761.6500, 18.1110
2025-12-04 01:12:30, 0.0671224451, 0.0850966607, 0.0474792597, 0.0411954121, 2913.3810, 2860.2540, 754.9800, 17.5875
2025-12-04 01:12:36, 0.0494086664, 0.0530401985, 0.0574170575, 0.0480908286, 2985.6818, 2864.5455, 754.4900, 16.3260
2025-12-04 01:12:42, 0.0502859746, 0.0615881020, 0.0568907223, 0.0487331913, 2959.3810, 2892.2698, 754.5400, 16.2095
2025-12-04 01:12:47, 0.0884796854, 0.0658946774, 0.0439716868, 0.0519551501, 3079.9000, 2944.0500, 759.6050, 18.2773
2025-12-04 01:12:54, 0.0835104764, 0.0771122172, 0.0659384393, 0.0631173863, 2985.4821, 2838.2321, 757.5000, 17.1286
2025-12-04 01:13:00, 0.1027891505, 0.0981466290, 0.0515077762, 0.0427196741, 2907.0962, 2883.3846, 756.6050, 20.0142
2025-12-04 01:13:06, 0.0731514569, 0.0855991663, 0.0699493945, 0.0425050240, 2819.8537, 2790.6098, 758.7450, 18.2787
2025-12-04 01:13:12, 0.1116545028, 0.0700918300, 0.0749702060, 0.0652946194, 2998.5172, 2996.8621, 759.5350, 17.0766
2025-12-04 01:13:17, 0.1002858604, 0.0815236468, 0.0511696891, 0.0431651479, 2947.5897, 2883.0513, 759.0500, 17.6977
2025-12-04 01:13:23, 0.0779731407, 0.1050548763, 0.0752345553, 0.0632226398, 3091.3333, 3103.4314, 759.9800, 17.7203
2025-12-04 01:13:29, 0.0736143311, 0.0909109718, 0.0532452354, 0.0503817706, 3073.1200, 3160.8600, 762.6300, 20.1644
2025-12-04 01:13:35, 0.0806784490, 0.0686263113, 0.0718585172, 0.0637791413, 2957.5714, 2906.6250, 759.4700, 19.7537
2025-12-04 01:13:41, 0.0758364687, 0.0740861226, 0.0492042256, 0.0797878749, 2733.7593, 2770.3148, 764.1950, 19.3845
2025-12-04 01:13:46, 0.1036923670, 0.0898306532, 0.0523227965, 0.0452782228, 3006.3385, 2855.7077, 764.0500, 19.0955
2025-12-04 01:13:52, 0.0855385447, 0.0721308421, 0.0611806254, 0.0545006051, 3019.0156, 3050.7188, 760.5200, 19.2844
2025-12-04 01:13:58, 0.0704841528, 0.0815540157, 0.0817511388, 0.0961199436, 3047.7391, 3046.0870, 762.0600, 18.8655
2025-12-04 01:14:06, 0.0850811030, 0.0575175385, 0.0535612952, 0.0591614618, 2866.2453, 2885.1887, 765.0350, 20.1426
2025-12-04 01:14:11, 0.1000975241, 0.1002354621, 0.0797755714, 0.0692541468, 2801.6939, 2856.3469, 761.6600, 19.2636
2025-12-04 01:14:17, 0.1003908938, 0.0997447126, 0.0770814365, 0.0858325814, 2737.0000, 2766.1525, 762.3400, 20.1803
2025-12-04 01:14:23, 0.0457240189, 0.0570733924, 0.0906816711, 0.0791483301, 2955.4359, 2825.6154, 759.9950, 19.6193
2025-12-04 01:14:29, 0.0305095165, 0.0430071630, 0.0748620019, 0.0700406521, 3135.4462, 2911.2154, 763.4050, 20.4434
2025-12-04 01:14:34, 0.0443721491, 0.0594024555, 0.0568916301, 0.0762632778, 2915.9306, 2838.7500, 762.3450, 20.4305
2025-12-04 01:14:40, 0.0552615565, 0.0509458382, 0.0847417192, 0.0619414627, 2926.7069, 2713.8276, 763.0100, 20.3801
2025-12-04 01:14:46, 0.0419634172, 0.0370949071, 0.0598384583, 0.0677039923, 3092.5672, 2871.9403, 763.2500, 20.6484
2025-12-04 01:14:51, 0.0383646782, 0.0395485777, 0.0796574090, 0.0942431243, 3053.0135, 2863.3378, 762.8600, 20.8202
2025-12-04 01:14:57, 0.0494249850, 0.0350921408, 0.0716662201, 0.0828446085, 3151.4706, 3038.7941, 766.6150, 17.8954
2025-12-04 01:15:03, 0.0477820995, 0.0331469276, 0.0663017468, 0.0632585914, 3086.1618, 2857.6765, 767.3500, 18.0230
2025-12-04 01:15:13, 0.0634667078, 0.0501601990, 0.0527538581, 0.0735438054, 2838.4262, 2722.4754, 766.8050, 18.4130
2025-12-04 01:15:19, 0.0731717759, 0.0486955092, 0.0636043315, 0.0527414601, 2909.4459, 2785.1622, 769.2850, 18.8609
2025-12-04 01:15:25, 0.0759237741, 0.0612292823, 0.0587516994, 0.0322740104, 3055.1967, 2750.5246, 766.5700, 18.8782
2025-12-04 01:15:30, 0.0606415627, 0.0462527637, 0.0692553302, 0.0932551468, 2969.2885, 2893.1923, 766.5700, 17.1212
2025-12-04 01:15:36, 0.0537081789, 0.0631603187, 0.0817551502, 0.0893617405, 3048.5862, 2855.7414, 767.2250, 18.7903
2025-12-04 01:15:42, 0.0593046007, 0.0530933692, 0.0646892489, 0.0603654730, 2925.9324, 2806.8784, 766.9550, 18.3859
2025-12-04 01:15:48, 0.0568753672, 0.0564245940, 0.0625487448, 0.0547833047, 3150.9355, 3005.6935, 765.1050, 16.9480
2025-12-04 01:15:53, 0.0698233322, 0.0415500988, 0.0402813937, 0.0430917281, 2947.1475, 2852.2131, 765.7100, 17.6436
2025-12-04 01:15:59, 0.0590590848, 0.0369474943, 0.0665441892, 0.0679128747, 3038.1304, 2844.7971, 767.6450, 18.1008
2025-12-04 01:16:05, 0.0776962556, 0.0603792732, 0.0802395162, 0.0696660471, 2938.2857, 2769.7143, 767.1950, 17.1976
2025-12-04 01:16:11, 0.0594746749, 0.0465390451, 0.0536823731, 0.0598223983, 3008.9538, 3011.7538, 767.7600, 17.1345
2025-12-04 01:16:17, 0.0709338756, 0.0844634203, 0.0598780364, 0.0630440259, 3165.2931, 2926.5862, 767.6300, 17.2651
2025-12-04 01:16:23, 0.0804736801, 0.0663575178, 0.0602482664, 0.0471306018, 3104.7091, 2986.4000, 762.5950, 18.8298
2025-12-04 01:16:28, 0.0718208702, 0.0529527597, 0.0388415584, 0.0491280247, 3356.5294, 3174.2549, 769.6600, 20.7250
2025-12-04 01:16:34, 0.0827444264, 0.0631312785, 0.0579817502, 0.0533075855, 2984.7692, 2946.9615, 767.2200, 18.6773
2025-12-04 01:16:40, 0.0494643809, 0.0493540255, 0.0691109009, 0.0611332143, 2972.1915, 2783.0213, 767.0500, 19.7972
2025-12-04 01:16:46, 0.0496668282, 0.0461726314, 0.0714950505, 0.0704641166, 3055.3538, 2879.9231, 764.1600, 19.6569
2025-12-04 01:16:52, 0.0535688240, 0.0519886153, 0.0948866821, 0.0960378480, 3093.7733, 2896.0000, 765.3350, 19.0324
2025-12-04 01:16:57, 0.0734386690, 0.0566579930, 0.0660401734, 0.0704763786, 2976.6719, 2810.1719, 768.1900, 21.5987
2025-12-04 01:17:03, 0.0515423989, 0.0691174473, 0.0634415301, 0.0501238426, 2806.9831, 2755.6271, 765.1100, 20.5747
2025-12-04 01:17:09, 0.0580524858, 0.0573992474, 0.0628564983, 0.0569183364, 3133.0000, 2930.8226, 766.3950, 20.0282
2025-12-04 01:17:15, 0.0653466582, 0.0570829697, 0.0648888963, 0.0721004040, 3085.5968, 2957.4677, 766.6950, 19.4721
2025-12-04 01:17:21, 0.0717647677, 0.0640020841, 0.0605224262, 0.0593839685, 2966.1212, 2819.4091, 771.1250, 18.7347
2025-12-04 01:17:27, 0.0529979127, 0.0534251681, 0.1025625312, 0.0778312799, 2969.9878, 2876.9268, 772.0550, 19.4204
2025-12-04 01:17:32, 0.0966151718, 0.0739203452, 0.0805900855, 0.0712518995, 2938.6140, 2855.2281, 771.3050, 20.0500
2025-12-04 01:17:38, 0.0528701586, 0.0527684688, 0.1141986924, 0.1516566873, 3067.3710, 2996.8871, 769.3850, 20.4124
2025-12-04 01:17:44, 0.0496623511, 0.0520419997, 0.0959276205, 0.0620668035, 3202.9839, 2878.1452, 767.1050, 17.3440
2025-12-04 01:17:50, 0.0542543193, 0.0428769677, 0.0636624013, 0.0667996413, 3159.4769, 2990.1538, 769.9250, 19.7292
2025-12-04 01:17:55, 0.0488690923, 0.0435847517, 0.0816256448, 0.0689472048, 3050.1719, 2914.1406, 765.0900, 18.3682
2025-12-04 01:18:01, 0.0570260200, 0.0474335900, 0.0775074701, 0.0771542028, 2988.6667, 2876.9298, 765.0500, 17.1714
2025-12-04 01:18:07, 0.0755837595, 0.0700147827, 0.0692166625, 0.0651773106, 3094.6897, 2995.6897, 766.8550, 18.1693
2025-12-04 01:18:13, 0.0905982221, 0.0798956674, 0.0649527155, 0.0573765270, 3134.2121, 3072.9242, 764.7400, 18.2919
2025-12-04 01:18:19, 0.0923383015, 0.0713256048, 0.0612854911, 0.0504844276, 2963.9000, 2781.2200, 763.4500, 16.9109
2025-12-04 01:18:25, 0.0753731407, 0.0500930055, 0.0636007967, 0.0481975195, 2905.5167, 2714.9000, 766.3200, 19.0467
2025-12-04 01:18:31, 0.0599031247, 0.0515404952, 0.0476902787, 0.0436231302, 2908.3548, 2683.7419, 764.4500, 17.4450
2025-12-04 01:18:36, 0.0461154863, 0.0458525000, 0.0748743862, 0.0484460964, 3149.0896, 3031.4179, 762.8700, 18.1795
2025-12-04 01:18:42, 0.0684566120, 0.0559959845, 0.0763438213, 0.0789118029, 2999.0175, 2927.9298, 762.3200, 18.6678
2025-12-04 01:18:48, 0.0544013270, 0.0508239644, 0.0626080532, 0.0638277452, 3051.5942, 2845.2899, 762.5800, 18.3443
2025-12-04 01:18:54, 0.0563907141, 0.0610876040, 0.0828065443, 0.0623028777, 2958.4833, 2770.3833, 764.6300, 18.3367
2025-12-04 01:18:59, 0.0499360592, 0.0493040282, 0.0659153810, 0.0498283210, 3139.1077, 2939.8769, 764.6750, 18.1403
2025-12-04 01:19:05, 0.0488150299, 0.0390703850, 0.0799798105, 0.0639266641, 2883.2414, 2695.3276, 762.6450, 17.9042
2025-12-04 01:19:11, 0.0522294829, 0.0524331559, 0.0645253900, 0.0583868157, 2851.7794, 2694.9706, 767.2750, 18.7715
2025-12-04 01:19:16, 0.0555336078, 0.0618387347, 0.0698614517, 0.0778546608, 2918.4051, 2880.1266, 762.1400, 18.5672
2025-12-04 01:19:22, 0.0661995090, 0.0579924917, 0.0750911528, 0.0667300886, 3060.1754, 2974.7368, 765.1100, 19.4869
2025-12-04 01:19:28, 0.0794384595, 0.0662093281, 0.0582884687, 0.0425449549, 2891.8750, 2718.3750, 763.4150, 18.6554
2025-12-04 01:19:34, 0.1133418643, 0.0821620997, 0.0576229624, 0.0529188126, 2945.5000, 2755.2429, 764.1500, 19.0695
2025-12-04 01:19:40, 0.1214148640, 0.0921393706, 0.0609556391, 0.0691520148, 3255.5806, 3254.4516, 764.2750, 16.8053
2025-12-04 01:19:45, 0.0659178775, 0.0473770246, 0.0549453033, 0.0429296370, 3072.1333, 2802.5667, 759.9150, 17.8266
2025-12-04 01:19:51, 0.0564053535, 0.0544445400, 0.0679271693, 0.0635990197, 3111.3243, 2925.3514, 760.9950, 18.0860
2025-12-04 01:19:57, 0.0519570874, 0.0550039134, 0.0575315499, 0.0599078244, 3135.1667, 2872.7963, 762.6350, 18.0225
2025-12-04 01:20:03, 0.0976879953, 0.0761778955, 0.0448976904, 0.0707299578, 2822.8542, 2816.8333, 758.0850, 17.9287
2025-12-04 01:20:08, 0.0724905035, 0.0716560083, 0.0762785130, 0.0625981350, 3111.6129, 2968.8387, 756.7600, 15.8288
2025-12-04 01:20:14, 0.0639524361, 0.0646115706, 0.0806703751, 0.0756994983, 3140.2500, 2969.5333, 767.0300, 20.3480
2025-12-04 01:20:20, 0.0770009945, 0.0838135926, 0.1005898054, 0.0923200602, 2997.1449, 2911.1739, 766.6900, 19.5052
2025-12-04 01:20:26, 0.0694657059, 0.0654546307, 0.0771785348, 0.0850398377, 3143.6078, 3105.1373, 766.4350, 20.9529
2025-12-04 01:20:32, 0.0625134513, 0.0511568245, 0.0604622394, 0.0393999767, 2948.6438, 2817.4247, 767.2450, 18.4322
2025-12-04 01:20:38, 0.0551753571, 0.0713295646, 0.0628344761, 0.0548979985, 3058.5000, 2905.6286, 768.1600, 19.7556
2025-12-04 01:20:44, 0.0557956146, 0.0519102826, 0.0861449905, 0.0533685088, 3120.3103, 3046.1897, 764.3450, 17.0025
2025-12-04 01:20:50, 0.0479177906, 0.0437523181, 0.0761269042, 0.0760253847, 2993.5857, 2869.6571, 764.1300, 18.6063
2025-12-04 01:20:56, 0.0612807656, 0.0618268257, 0.0760206466, 0.0603527748, 3091.9867, 2803.1200, 762.4250, 17.2674
2025-12-04 01:21:01, 0.0421913568, 0.0444647309, 0.0726468292, 0.0756336371, 2863.6944, 2683.0139, 762.3150, 17.3547
2025-12-04 01:21:07, 0.0685553494, 0.0525630378, 0.0606587646, 0.0464348841, 3009.2400, 2949.9800, 759.4100, 17.0778
2025-12-04 01:21:13, 0.0740691582, 0.0651513172, 0.0611402732, 0.0626758629, 2778.3220, 2697.3220, 760.5350, 18.5539
2025-12-04 01:21:19, 0.0739506353, 0.0762016033, 0.0418331322, 0.0386897519, 2953.7115, 2925.4615, 760.1700, 17.5423
2025-12-04 01:21:24, 0.0367921276, 0.0385265129, 0.0606845418, 0.0499953088, 3006.5067, 2835.2533, 760.2250, 16.9816
2025-12-04 01:21:30, 0.0340094223, 0.0305316928, 0.0510577971, 0.0771901015, 2932.0000, 2752.6842, 760.2900, 17.5763
2025-12-04 01:21:36, 0.0569580000, 0.0596414074, 0.0673439727, 0.0619459274, 3222.8448, 2932.9310, 760.2300, 18.2988
2025-12-04 01:21:42, 0.0452908548, 0.0426806297, 0.0910491005, 0.0860583251, 3079.4737, 2806.8246, 760.7400, 17.5739
2025-12-04 01:21:48, 0.0504585761, 0.0564951703, 0.0749746687, 0.0523831948, 3113.6197, 2910.6620, 759.3300, 17.3474
2025-12-04 01:21:54, 0.0607336008, 0.0511507748, 0.0656665177, 0.0525434404, 3142.6825, 2836.3968, 767.4550, 22.1108
2025-12-04 01:21:59, 0.0511617635, 0.0375123465, 0.0497413102, 0.0551491825, 2965.7797, 2897.0000, 767.9400, 24.3527
2025-12-04 01:22:05, 0.0445401736, 0.0433420977, 0.0627047383, 0.0594491595, 3017.5541, 2807.8514, 769.3000, 19.8577
2025-12-04 01:22:11, 0.0335021263, 0.0270268558, 0.0445346935, 0.0523691531, 2880.8784, 2672.1622, 768.0400, 20.1422
2025-12-04 01:22:17, 0.0585350733, 0.0441738286, 0.0554421008, 0.0602454709, 2972.3077, 2902.9231, 763.6150, 19.9546
2025-12-04 01:22:22, 0.0625440877, 0.0686196728, 0.0602677908, 0.0550770002, 2884.0000, 2898.1429, 762.3100, 18.1828
2025-12-04 01:22:28, 0.0496121396, 0.0629591390, 0.0755818040, 0.0659273477, 2938.5294, 2718.8824, 763.5850, 16.9237
2025-12-04 01:22:34, 0.0426182858, 0.0395202736, 0.0632250104, 0.0571020932, 3111.8481, 3031.2532, 764.2600, 19.6217
2025-12-04 01:22:40, 0.0525248571, 0.0490361882, 0.0730203933, 0.0528490697, 3013.5692, 2848.4462, 760.8450, 19.2039
2025-12-04 01:22:45, 0.0439390771, 0.0421690090, 0.0822096528, 0.0831374473, 3191.2388, 3109.9403, 762.8150, 17.8623
2025-12-04 01:22:51, 0.0541449263, 0.0393293601, 0.0672333560, 0.0707933776, 3007.9365, 2960.8571, 764.1050, 18.7137
2025-12-04 01:22:57, 0.0496344024, 0.0361612816, 0.1130595181, 0.0797391415, 3127.7377, 2928.6230, 761.3750, 18.7919
2025-12-04 01:23:03, 0.0500984449, 0.0366270107, 0.0970441517, 0.0959468179, 2878.0185, 2686.0556, 762.3800, 18.0310
2025-12-04 01:23:08, 0.0510538966, 0.0664038145, 0.0876715883, 0.0752675491, 2984.9821, 2929.5893, 763.7750, 17.7015
2025-12-04 01:23:14, 0.0486993342, 0.0473672465, 0.0726815706, 0.0578101027, 2916.5714, 2776.3175, 764.8850, 19.3112
2025-12-04 01:23:20, 0.0344975805, 0.0428632744, 0.0907042956, 0.0945404213, 3062.5172, 2868.9655, 763.0300, 19.2322
2025-12-04 01:23:26, 0.0638207867, 0.0525787495, 0.0609716261, 0.0527201322, 3052.4675, 2950.2208, 764.6800, 18.3297
2025-12-04 01:23:32, 0.0679852304, 0.0438286636, 0.0688947956, 0.0869778443, 2953.2549, 2957.0000, 754.7700, 17.6815
2025-12-04 01:23:38, 0.0472787373, 0.0552197282, 0.0960534984, 0.0676400756, 3029.2679, 2808.3393, 757.2000, 18.1799
2025-12-04 01:23:44, 0.0745252907, 0.0596309946, 0.0742786546, 0.0726066725, 3128.7733, 2981.4000, 756.4200, 17.3575
2025-12-04 01:23:50, 0.0723307413, 0.0438593500, 0.0537311706, 0.0604352732, 3195.0154, 3063.4308, 759.0750, 19.1961
2025-12-04 01:23:55, 0.0640371606, 0.0743799336, 0.1070740248, 0.0960603610, 2873.9455, 2767.4182, 757.6950, 18.2398
2025-12-04 01:24:02, 0.0737458512, 0.0747277084, 0.0879252372, 0.0924250191, 3036.1224, 2948.9592, 757.7250, 17.9262
2025-12-04 01:24:07, 0.0538601617, 0.0474702370, 0.0921705470, 0.1060958303, 3240.7887, 3034.5493, 764.2300, 20.3705
2025-12-04 01:24:13, 0.0409921507, 0.0392780839, 0.0634300813, 0.0535395006, 3007.0385, 2923.0192, 756.1350, 16.8136
2025-12-04 01:24:19, 0.0806552478, 0.0672451789, 0.0932306999, 0.0663387808, 2922.8065, 2886.4839, 758.4100, 18.0289
2025-12-04 01:24:25, 0.0600534819, 0.0594888767, 0.0610885582, 0.0635854951, 3194.8200, 2953.2800, 761.0300, 17.8370
2025-12-04 01:24:30, 0.0435216308, 0.0510696764, 0.0533952066, 0.0452880706, 2770.0156, 2645.1250, 758.9650, 19.9560
2025-12-04 01:24:36, 0.0812357109, 0.0738657381, 0.0643420430, 0.0671013754, 2997.1500, 3006.0500, 761.5950, 19.4543
2025-12-04 01:24:42, 0.0427992801, 0.0456975115, 0.0662873871, 0.0519158157, 2902.9710, 2833.0290, 759.7250, 18.3466
2025-12-04 01:24:48, 0.0457812935, 0.0479720548, 0.0494858677, 0.0524183812, 2944.6301, 2842.1644, 761.8300, 18.1500
2025-12-04 01:24:54, 0.0401590102, 0.0326413399, 0.0655451990, 0.0921583249, 3152.8485, 3007.5455, 762.8600, 19.6754
2025-12-04 01:24:59, 0.0334792356, 0.0332322459, 0.0662173455, 0.0852057665, 3059.6567, 2858.8358, 760.3300, 18.8213
2025-12-04 01:25:06, 0.0486498700, 0.0422527226, 0.0777205056, 0.0989470352, 2912.6604, 2824.0566, 761.1150, 17.8519
2025-12-04 01:25:11, 0.0366783379, 0.0374326194, 0.1207257330, 0.1029978552, 3195.0820, 2848.6066, 762.8350, 17.9880
2025-12-04 01:25:17, 0.0478983032, 0.0493592582, 0.0739141609, 0.0635114681, 3087.2500, 2854.1094, 761.2750, 18.3505
2025-12-04 01:25:23, 0.0277687526, 0.0216781695, 0.0842456503, 0.0930361074, 2857.6235, 2717.7176, 764.1050, 18.1635
2025-12-04 01:25:28, 0.0450632732, 0.0466261022, 0.0914338305, 0.0816321785, 2903.4308, 2721.3846, 761.4500, 16.9578
2025-12-04 01:25:34, 0.0551714424, 0.0463790764, 0.0852147111, 0.0676434116, 3004.4189, 2784.1892, 762.0400, 18.2359
2025-12-04 01:25:40, 0.0715347667, 0.0717473207, 0.0807404911, 0.0653548673, 2884.0862, 2860.9828, 762.6750, 19.5737
2025-12-04 01:25:46, 0.1416226943, 0.0848918924, 0.0635224032, 0.0611477234, 3171.9444, 3034.8148, 762.0800, 16.3922
2025-12-04 01:25:52, 0.0672918126, 0.0380400531, 0.1022884460, 0.0923363192, 2893.9583, 2784.0972, 762.7450, 18.6799
2025-12-04 01:25:58, 0.0661861750, 0.0652881947, 0.0408333338, 0.0602163205, 2984.1774, 2917.2097, 764.8050, 17.7611
2025-12-04 01:26:03, 0.0499898717, 0.0544157353, 0.0827338432, 0.0784735163, 3387.8730, 3236.7460, 760.7000, 18.7830
2025-12-04 01:26:09, 0.0631236929, 0.0654943090, 0.0990609649, 0.0774329270, 3077.4464, 2873.4286, 762.5100, 17.8208
2025-12-04 01:26:15, 0.0378958486, 0.0338621210, 0.1071556744, 0.1123655482, 3102.8983, 2947.4237, 762.9800, 18.6732
2025-12-04 01:26:21, 0.0486368260, 0.0471331169, 0.1155855851, 0.0936494977, 2925.5000, 2729.0606, 762.0900, 18.8781
2025-12-04 01:26:26, 0.0530046870, 0.0551716298, 0.1139495584, 0.1034718812, 2981.8667, 2776.9333, 759.8900, 17.0284
2025-12-04 01:26:32, 0.0369533370, 0.0371381598, 0.0994092582, 0.0692474214, 3214.4853, 3002.1765, 762.6600, 18.6551
2025-12-04 01:26:38, 0.0340445555, 0.0309653334, 0.1064684607, 0.1147324092, 3037.0896, 2837.1343, 763.0650, 17.1167
2025-12-04 01:26:44, 0.0530624628, 0.0415606298, 0.0754135388, 0.0758816499, 3068.6957, 2983.6087, 761.8200, 18.5134
2025-12-04 01:26:50, 0.0355300642, 0.0303123868, 0.0957611873, 0.0701742066, 2970.8929, 2900.1607, 766.1850, 20.2032
2025-12-04 01:26:55, 0.0656955376, 0.0583874705, 0.1105333934, 0.0752986285, 2937.6786, 2820.6250, 762.6800, 17.0935
2025-12-04 01:27:01, 0.0458174937, 0.0509422295, 0.0610849013, 0.0568177717, 3140.1321, 3032.2830, 767.1650, 17.1233
2025-12-04 01:27:07, 0.0570567435, 0.0561438894, 0.0556580115, 0.0640386631, 2788.0508, 2817.2881, 767.2250, 18.3280
2025-12-04 01:27:13, 0.0439912664, 0.0406317838, 0.1130404749, 0.0939983876, 3091.3500, 2796.3333, 766.4900, 18.9523
2025-12-04 01:27:19, 0.0529623448, 0.0499184862, 0.0708153781, 0.0642922032, 2999.0536, 2910.5536, 768.2500, 17.1705
2025-12-04 01:27:25, 0.0718310368, 0.0558078524, 0.0738599867, 0.0638569716, 3055.5000, 2898.5676, 766.5500, 20.3597
2025-12-04 01:27:31, 0.0473648314, 0.0488085296, 0.0466147591, 0.0813258293, 3045.8200, 3041.7400, 767.4600, 20.1059
2025-12-04 01:27:36, 0.0656536059, 0.0531291316, 0.0828526470, 0.0759104764, 2882.5645, 2872.2581, 769.5050, 19.6240
2025-12-04 01:27:42, 0.0667902167, 0.0550924737, 0.0677215206, 0.0876153697, 3033.6429, 3064.0536, 765.9850, 18.0235
2025-12-04 01:27:48, 0.0516022307, 0.0511123318, 0.0728645311, 0.0785505829, 3076.4386, 2970.2807, 768.8450, 18.6223
2025-12-04 01:27:54, 0.0481992434, 0.0405405060, 0.0695232255, 0.0529963620, 2985.9394, 2859.7879, 770.4850, 18.8815
2025-12-04 01:28:00, 0.0601081019, 0.0378127541, 0.0777457154, 0.1080313783, 3001.8657, 2946.0896, 769.3600, 18.2642
2025-12-04 01:28:06, 0.0356200638, 0.0319787648, 0.1011195510, 0.0806851648, 2931.3382, 2763.6765, 767.9800, 18.6480
2025-12-04 01:28:12, 0.0421293821, 0.0394622505, 0.0743178118, 0.0524936374, 2639.5968, 2539.2097, 767.7800, 20.2781
2025-12-04 01:28:18, 0.0347126213, 0.0293068786, 0.0952218508, 0.0779302574, 2729.6418, 2633.2985, 767.1200, 19.8211
2025-12-04 01:28:23, 0.0401136216, 0.0293805269, 0.0912971550, 0.0721375800, 2991.7333, 2802.5333, 771.9200, 18.9006
2025-12-04 01:28:29, 0.0277588821, 0.0209793518, 0.0488719231, 0.0654846522, 2859.2025, 2665.3924, 760.2850, 18.3549
2025-12-04 01:28:35, 0.0257993087, 0.0310127923, 0.0905104933, 0.0735769006, 2968.3108, 2801.0405, 759.2650, 17.0952
2025-12-04 01:28:41, 0.0289267593, 0.0158553547, 0.0701613885, 0.0788252688, 2902.5000, 2589.9722, 760.0950, 18.9488
2025-12-04 01:28:46, 0.0257865862, 0.0253722697, 0.0598692421, 0.0542985639, 2834.3220, 2642.0847, 761.8300, 20.1254
2025-12-04 01:28:52, 0.0274797762, 0.0271351744, 0.0686983070, 0.0775725972, 3060.9875, 2789.7250, 759.2200, 20.6558
2025-12-04 01:28:58, 0.0318441072, 0.0353675897, 0.0592752057, 0.0604686693, 3046.3030, 2741.1667, 761.1250, 19.1102
2025-12-04 01:29:04, 0.0308985842, 0.0293003020, 0.0603331298, 0.0394580406, 2951.3478, 2733.4348, 759.5150, 17.9335
2025-12-04 01:29:10, 0.0322998253, 0.0243179366, 0.0511509845, 0.0443933499, 2982.7231, 2726.9385, 761.0400, 17.7180
2025-12-04 01:29:15, 0.0417649586, 0.0478220987, 0.0550068143, 0.0478920802, 3390.9565, 3063.3623, 760.1050, 18.7346
2025-12-04 01:29:21, 0.0630112058, 0.0450584989, 0.0715007164, 0.0863833307, 2769.6800, 2543.5000, 760.6050, 20.2012
2025-12-04 01:29:27, 0.0400287789, 0.0415456510, 0.0788109854, 0.0661336053, 2960.4051, 2782.4177, 762.0350, 19.8410
2025-12-04 01:29:33, 0.0401628393, 0.0491817106, 0.0580623301, 0.0691239974, 3029.2923, 2830.8615, 763.3850, 19.1905
2025-12-04 01:29:38, 0.0367285346, 0.0310656828, 0.0600008118, 0.0536321129, 3038.8462, 2824.4462, 762.9000, 17.8017
2025-12-04 01:29:44, 0.0328206562, 0.0364628090, 0.0653100305, 0.0726432595, 3282.6852, 3162.6481, 763.2150, 19.9381
2025-12-04 01:29:50, 0.0405894943, 0.0393618876, 0.0782891293, 0.0647290132, 3024.4500, 2878.2000, 761.9650, 19.9798
2025-12-04 01:29:55, 0.0425507404, 0.0364707803, 0.0831434550, 0.0723051009, 3134.5714, 2973.6883, 761.2800, 18.2883
2025-12-04 01:30:01, 0.0405319905, 0.0374342344, 0.0499377719, 0.0549285203, 3082.2034, 2946.1864, 764.1950, 19.9694
2025-12-04 01:30:08, 0.0305137353, 0.0344192378, 0.0776652823, 0.0471678452, 3085.8788, 2812.8636, 761.6700, 18.3668
2025-12-04 01:30:14, 0.0310709414, 0.0358051211, 0.0543429430, 0.0635480534, 2831.2537, 2800.8806, 763.7350, 20.1820
2025-12-04 01:30:19, 0.0310873303, 0.0299482935, 0.0714236789, 0.0627135553, 2956.4267, 2727.7333, 762.6150, 17.3328
2025-12-04 01:30:25, 0.0405526776, 0.0281451378, 0.0721001406, 0.0573986817, 3116.2034, 2887.3390, 763.7100, 17.8993
2025-12-04 01:30:31, 0.0328238305, 0.0302812786, 0.0705828325, 0.0623545219, 3054.0152, 2831.4848, 762.7250, 18.2921
2025-12-04 01:30:37, 0.0388177174, 0.0343047972, 0.0746564553, 0.0678331657, 2982.8065, 2889.7097, 762.4600, 19.0331
2025-12-04 01:30:43, 0.0471624597, 0.0355528235, 0.0780339719, 0.1009518765, 3165.2571, 2903.1857, 764.8100, 17.7596
2025-12-04 01:30:48, 0.0267391661, 0.0245147906, 0.0527599197, 0.0561511608, 2978.4079, 2687.1842, 762.7250, 19.2023
2025-12-04 01:30:54, 0.0257956773, 0.0171714253, 0.0692847128, 0.0459487414, 2883.4474, 2666.8158, 761.3650, 17.0294
2025-12-04 01:31:00, 0.0314419455, 0.0286134690, 0.0523037342, 0.0731004868, 3157.4143, 3125.7714, 762.0250, 19.8669
2025-12-04 01:31:06, 0.0315618847, 0.0258628491, 0.0644626068, 0.0674040221, 2930.5667, 2802.9667, 767.2150, 18.8896
2025-12-04 01:31:12, 0.0500386682, 0.0481323390, 0.0625732684, 0.0805420929, 3191.3385, 3095.4462, 765.7900, 21.8189
2025-12-04 01:31:18, 0.0362814840, 0.0268840295, 0.0901482873, 0.0602379330, 2940.0833, 2782.6250, 768.4900, 18.9607
2025-12-04 01:31:23, 0.0435245296, 0.0472651461, 0.0514410992, 0.0495518420, 2925.6389, 2763.2361, 769.0100, 18.9647
2025-12-04 01:31:29, 0.0423223129, 0.0368848402, 0.0717389787, 0.0697048144, 3068.5571, 2870.3857, 766.2300, 21.6879
2025-12-04 01:31:35, 0.0502995697, 0.0458829822, 0.0692928700, 0.0681888317, 3245.5000, 3025.8621, 766.6850, 18.9709
2025-12-04 01:31:41, 0.0353645272, 0.0295132000, 0.0837508522, 0.0882944076, 3119.5312, 3000.0938, 765.8450, 20.6911
2025-12-04 01:31:47, 0.0425661497, 0.0305877157, 0.0539687820, 0.0504853688, 2922.9833, 2688.4833, 766.8150, 19.4741
2025-12-04 01:31:52, 0.0505841905, 0.0512104120, 0.0871357782, 0.0842156148, 3023.5517, 2804.7586, 764.1700, 17.4336
2025-12-04 01:31:58, 0.0307165056, 0.0331029913, 0.0577212085, 0.0543576968, 3127.5432, 2849.0123, 762.8050, 18.4883
2025-12-04 01:32:04, 0.0537049298, 0.0384974281, 0.0414826376, 0.0445628359, 3129.7727, 2877.0758, 762.2600, 17.2422
2025-12-04 01:32:10, 0.0748057959, 0.0496042010, 0.0686284291, 0.0565997224, 3043.3333, 2794.1333, 763.2950, 16.8407
2025-12-04 01:32:16, 0.0511160976, 0.0443129515, 0.0457729867, 0.0523486739, 3044.6094, 2928.4219, 763.0300, 18.9918
2025-12-04 01:32:21, 0.0510724149, 0.0532996993, 0.0574123813, 0.0626860619, 3006.0548, 2747.5205, 767.8250, 18.8315
2025-12-04 01:32:27, 0.0510707181, 0.0473719658, 0.0857597654, 0.0666644378, 3068.2031, 2783.3125, 763.7400, 18.0586
2025-12-04 01:32:33, 0.0505737822, 0.0430952526, 0.0781037042, 0.0491941189, 3191.6275, 2836.7059, 762.4100, 17.8595
2025-12-04 01:32:38, 0.0575742020, 0.0531987592, 0.0493889429, 0.0484698661, 2963.5574, 2849.2131, 763.8450, 19.6823
2025-12-04 01:32:44, 0.0415668271, 0.0509602789, 0.0613889538, 0.0608475078, 3047.8077, 3012.7885, 764.3300, 17.5451
2025-12-04 01:32:50, 0.0433569572, 0.0437175403, 0.1058676514, 0.0761216481, 3250.7407, 2990.3704, 767.7150, 19.0193
2025-12-04 01:32:56, 0.0677846819, 0.0424647074, 0.0662334790, 0.0583832371, 2929.1324, 2799.7206, 765.4000, 20.7540
2025-12-04 01:33:02, 0.0368130739, 0.0410014459, 0.0989844506, 0.0630660914, 3087.4819, 2884.2410, 766.5250, 18.6912
2025-12-04 01:33:07, 0.0510796072, 0.0417992816, 0.0791543071, 0.0782094801, 3001.1053, 2840.1754, 765.9850, 17.8839
2025-12-04 01:33:13, 0.0379040764, 0.0325021047, 0.0497678139, 0.0582509849, 2804.1579, 2576.2982, 770.3850, 19.4553
2025-12-04 01:33:20, 0.0498137094, 0.0445320560, 0.0547584789, 0.0518446945, 3050.5500, 2740.0333, 769.1850, 18.8537
2025-12-04 01:33:26, 0.0461401548, 0.0359459680, 0.0989553717, 0.0861729211, 3185.0000, 2944.4762, 767.2650, 18.9128
2025-12-04 01:33:31, 0.0398899262, 0.0361480304, 0.0454456029, 0.0442788071, 3206.8525, 3048.2459, 769.5700, 18.1641
2025-12-04 01:33:37, 0.0470486973, 0.0373253867, 0.1074802776, 0.0803883496, 3139.9818, 2964.0727, 765.8550, 19.1171
2025-12-04 01:33:43, 0.0545558562, 0.0460767136, 0.0694530976, 0.0752233395, 3277.3239, 3169.9155, 766.3200, 17.8084
2025-12-04 01:33:49, 0.0470050148, 0.0453393407, 0.0799324860, 0.0617130214, 2783.2419, 2737.4516, 767.2550, 20.3858
2025-12-04 01:33:55, 0.0468033549, 0.0528062232, 0.0748150932, 0.0709986796, 2924.9839, 2736.8871, 767.1550, 17.2459
2025-12-04 01:34:00, 0.0477826319, 0.0273862118, 0.0877893709, 0.0796784798, 2899.1724, 2759.4655, 766.8350, 20.3130
2025-12-04 01:34:06, 0.0404151025, 0.0304867863, 0.0846154240, 0.0802081680, 2761.5942, 2664.6667, 765.9800, 19.4702
2025-12-04 01:34:12, 0.0502876785, 0.0404715578, 0.0841405531, 0.0508346689, 3000.3000, 2716.8143, 764.1500, 17.6408
2025-12-04 01:34:18, 0.0369360503, 0.0368096273, 0.0973946226, 0.0683357451, 3246.7302, 2955.2698, 768.4550, 19.5069
2025-12-04 01:34:24, 0.0370186499, 0.0491442371, 0.0830880134, 0.0826077131, 2833.0154, 2882.9077, 771.5650, 18.2941
2025-12-04 01:34:30, 0.0573085966, 0.0512410459, 0.0455617528, 0.0572728767, 2978.5800, 2734.2400, 771.7550, 17.3056
2025-12-04 01:34:35, 0.0600878425, 0.0518227858, 0.0874273025, 0.0789651958, 3211.7969, 2917.1562, 767.9800, 18.6928
2025-12-04 01:34:41, 0.0527007808, 0.0443147809, 0.0609261562, 0.0596022936, 2962.5500, 2738.5667, 770.8000, 18.9565
2025-12-04 01:34:47, 0.0529342645, 0.0539799659, 0.0497206342, 0.0452190433, 3140.2241, 2870.4310, 766.8000, 18.3652
2025-12-04 01:34:53, 0.0383761417, 0.0354659299, 0.0568432100, 0.0751032364, 3077.8281, 2794.9375, 764.9450, 17.9917
2025-12-04 01:34:58, 0.0395452357, 0.0357109168, 0.0929948649, 0.0811813914, 3122.1892, 2881.1486, 765.4300, 17.6886
2025-12-04 01:35:04, 0.0492838409, 0.0510103436, 0.0944990910, 0.0779869087, 2969.2745, 2689.3725, 765.8200, 17.5709
2025-12-04 01:35:10, 0.0713302124, 0.0719164253, 0.0724080657, 0.0619694150, 2955.8491, 2842.8302, 764.1550, 18.3238
2025-12-04 01:35:16, 0.0528498379, 0.0512277459, 0.0762983752, 0.0866769280, 3022.5692, 2876.4308, 762.1950, 18.6354
2025-12-04 01:35:21, 0.0547983466, 0.0490388884, 0.0653296404, 0.0644586500, 3123.9851, 2985.6716, 762.5950, 17.7632
2025-12-04 01:35:27, 0.0401939565, 0.0355450013, 0.0420732054, 0.0433559845, 3118.1370, 2755.9452, 760.2000, 17.7907
2025-12-04 01:35:33, 0.0732129448, 0.0556820609, 0.0761760731, 0.0597086550, 2853.7273, 2605.4091, 761.4100, 17.6709
2025-12-04 01:35:39, 0.0529738968, 0.0434787570, 0.0703932605, 0.0747685304, 3149.8308, 2926.8615, 759.8100, 18.0678
2025-12-04 01:35:45, 0.0729866002, 0.0587443075, 0.0851765204, 0.0811477557, 3127.1186, 3028.2712, 762.5500, 18.8161
2025-12-04 01:35:50, 0.0730796792, 0.0596597930, 0.0699840660, 0.0640330196, 3020.1207, 2906.6897, 762.0950, 20.4962
2025-12-04 01:35:56, 0.0422382579, 0.0449174383, 0.0673513796, 0.0466701709, 3032.5424, 2755.8644, 761.0600, 16.9185
2025-12-04 01:36:03, 0.0445053983, 0.0466237487, 0.0931913057, 0.0649799491, 2901.6190, 2728.6349, 762.0300, 18.1840
2025-12-04 01:36:09, 0.0493971344, 0.0398657193, 0.0839009878, 0.0794734093, 2860.8438, 2907.2500, 762.3750, 18.1445
2025-12-04 01:36:14, 0.0435391546, 0.0381253693, 0.0869865447, 0.0689533988, 2978.8571, 3000.0143, 762.7550, 17.9793
2025-12-04 01:36:20, 0.0552457196, 0.0655003541, 0.0564911961, 0.0557461709, 2796.3958, 2830.9167, 761.5150, 17.6581
2025-12-04 01:36:26, 0.0421092260, 0.0305887195, 0.0816860799, 0.0575973228, 3127.8281, 2931.7500, 759.0900, 18.0062
2025-12-04 01:36:32, 0.0405735918, 0.0441275491, 0.0696895649, 0.0806752292, 3229.2338, 3115.1169, 762.1650, 17.9680
2025-12-04 01:36:38, 0.0552404088, 0.0442717766, 0.0810701508, 0.0690998348, 3204.3077, 3150.2154, 761.7750, 18.0733
2025-12-04 01:36:43, 0.0561675062, 0.0559335754, 0.0634526778, 0.0840592840, 2987.4366, 2875.0986, 758.2150, 19.6344
2025-12-04 01:36:49, 0.0445862759, 0.0438730474, 0.0714420518, 0.0613019050, 3262.0972, 3056.1944, 760.8850, 18.0868
2025-12-04 01:36:55, 0.0577155836, 0.0477945203, 0.0919144103, 0.0764523353, 2995.4000, 2836.0800, 761.1150, 17.0106
2025-12-04 01:37:00, 0.0635557557, 0.0571014121, 0.0577499098, 0.0622592625, 3066.4314, 2859.2745, 763.9350, 18.8484
2025-12-04 01:37:07, 0.0730587229, 0.0504198067, 0.0548235407, 0.0487303733, 3138.7419, 3071.6613, 761.2250, 19.6325
2025-12-04 01:37:13, 0.0538095479, 0.0577505592, 0.0985837001, 0.0760905479, 3064.6667, 2930.4762, 761.7700, 18.6879
2025-12-04 01:37:18, 0.0558471836, 0.0440230467, 0.0729867392, 0.0853296915, 3008.1852, 2832.8889, 762.7500, 18.4888
2025-12-04 01:37:24, 0.0444653034, 0.0482380634, 0.1055622863, 0.0927074836, 3151.3088, 3071.7353, 759.7150, 19.8483
2025-12-04 01:37:30, 0.0387245697, 0.0345128536, 0.0858053553, 0.0589984947, 2878.0282, 2724.6056, 758.7050, 17.5630
2025-12-04 01:37:36, 0.0448344325, 0.0370648183, 0.0597919251, 0.0732831219, 3013.3333, 2849.1930, 762.2250, 19.1004
2025-12-04 01:37:42, 0.0482311531, 0.0408117706, 0.0734063924, 0.0601740547, 3014.5517, 2946.2241, 762.2350, 19.8242
2025-12-04 01:37:48, 0.0435154657, 0.0520205200, 0.0729030795, 0.0625110819, 2905.5082, 2820.9508, 763.0350, 18.3628
2025-12-04 01:37:53, 0.0513852983, 0.0515041637, 0.0698973727, 0.0523106836, 2992.2545, 2950.4000, 759.6200, 17.5635
2025-12-04 01:37:59, 0.0548952867, 0.0517942283, 0.0624237494, 0.0485319326, 3153.0952, 2904.5556, 763.3400, 19.1412
2025-12-04 01:38:05, 0.0646259526, 0.0613822994, 0.0679116023, 0.0676368454, 2808.1818, 2781.8727, 763.7300, 17.8050
2025-12-04 01:38:11, 0.0450788582, 0.0471151437, 0.0745762822, 0.0651372790, 2820.2295, 2736.0656, 763.9050, 19.9981
2025-12-04 01:38:17, 0.0338578053, 0.0408675367, 0.0506842407, 0.0493518358, 2940.9028, 2757.8333, 766.4750, 18.5405
2025-12-04 01:38:22, 0.0396949429, 0.0432734261, 0.0637117224, 0.0723538873, 2906.3239, 2856.8310, 762.1750, 18.7089
2025-12-04 01:38:28, 0.0394013535, 0.0267430808, 0.0926195171, 0.0605212969, 3182.1375, 2841.9625, 765.8050, 18.8111
2025-12-04 01:38:34, 0.0490961553, 0.0378610361, 0.0631875411, 0.0820242699, 2939.5075, 2816.6119, 764.0900, 18.5613
2025-12-04 01:38:40, 0.0485848353, 0.0416985918, 0.0611568840, 0.0639117074, 3179.9844, 2969.4531, 765.4450, 18.0725
2025-12-04 01:38:46, 0.0414069406, 0.0454369687, 0.0583168942, 0.0571795007, 2960.1351, 2780.2703, 767.1150, 16.9275
2025-12-04 01:38:51, 0.0407911050, 0.0393518330, 0.0553147581, 0.0498397817, 3081.8939, 2878.2879, 763.6950, 18.0475
2025-12-04 01:38:57, 0.0481265645, 0.0428725790, 0.0651746416, 0.0485210187, 3105.1481, 2993.5926, 761.0400, 18.3226
2025-12-04 01:39:03, 0.0425022985, 0.0384558483, 0.0480052549, 0.0476328003, 3022.2000, 2791.8133, 767.3000, 17.5829
2025-12-04 01:39:09, 0.0542375828, 0.0397749109, 0.0578145223, 0.0474650372, 3164.7049, 2917.8852, 762.5650, 19.0288
2025-12-04 01:39:14, 0.0480167320, 0.0419930654, 0.0728455920, 0.0688303919, 3107.8421, 2834.2982, 766.7800, 17.5260
2025-12-04 01:39:20, 0.0279379835, 0.0198587020, 0.0559283166, 0.0655748500, 3116.7460, 2840.9206, 764.4800, 18.7904
2025-12-04 01:39:26, 0.0281185217, 0.0309846527, 0.0569515690, 0.0527433618, 3033.0857, 2680.8857, 762.8550, 17.4294
2025-12-04 01:39:31, 0.0584793517, 0.0486392300, 0.0658250909, 0.0592628847, 3239.1250, 3084.9062, 760.6750, 19.6812
2025-12-04 01:39:37, 0.0443669552, 0.0437667075, 0.1189783991, 0.0950735958, 3108.7391, 2820.6522, 761.8600, 17.6907
2025-12-04 01:39:43, 0.0550383709, 0.0460465804, 0.0657661125, 0.0694856221, 3164.4603, 2903.5873, 762.1800, 17.0507
2025-12-04 01:39:49, 0.0739790300, 0.0593979473, 0.0750811603, 0.0605900304, 2810.2727, 2733.8182, 761.2200, 20.3345
2025-12-04 01:39:54, 0.0452387140, 0.0417597117, 0.0862164226, 0.0706131284, 2865.6230, 2792.9344, 759.1300, 18.4506
2025-12-04 01:40:00, 0.0653390688, 0.0543736966, 0.0593550319, 0.0474776182, 2903.0125, 2754.8750, 761.4050, 19.3324
2025-12-04 01:40:06, 0.0385719856, 0.0329244298, 0.0534514580, 0.0468276355, 3001.1618, 2839.6618, 762.8050, 16.9513
2025-12-04 01:40:12, 0.0556870826, 0.0493889417, 0.0583153533, 0.0582324610, 3107.1389, 2947.8056, 760.4350, 19.2296
2025-12-04 01:40:17, 0.0402955555, 0.0280743752, 0.0614651637, 0.0580696881, 2975.9667, 2735.7000, 759.2000, 18.5435
2025-12-04 01:40:23, 0.0354169688, 0.0322349860, 0.0408261771, 0.0534129283, 2895.0909, 2824.8000, 761.8550, 18.8885
2025-12-04 01:40:29, 0.0399997489, 0.0394349916, 0.0516576361, 0.0456342088, 3165.2759, 2819.4138, 759.1100, 19.8360
2025-12-04 01:40:35, 0.0567206254, 0.0451716742, 0.0511442498, 0.0578327137, 2946.5893, 2755.5714, 758.7550, 19.4591
2025-12-04 01:40:41, 0.0512050174, 0.0452506050, 0.0601264990, 0.0607261644, 2949.1944, 2843.8472, 761.7700, 18.1143
2025-12-04 01:40:46, 0.0422370418, 0.0412853168, 0.0655881871, 0.0584756379, 3093.6792, 2828.4528, 761.1150, 19.4628
2025-12-04 01:40:52, 0.0520058134, 0.0448815033, 0.0874498717, 0.0826021614, 3133.9737, 2994.3158, 761.6250, 17.4257
2025-12-04 01:40:58, 0.0375019984, 0.0370678748, 0.0664224532, 0.0595627214, 3184.3467, 2837.3067, 761.6100, 19.4146
2025-12-04 01:41:04, 0.0317041936, 0.0381257852, 0.0497400009, 0.0454753263, 2916.4267, 2774.4933, 761.8800, 21.0037
2025-12-04 01:41:09, 0.0550264677, 0.0566086366, 0.0624920184, 0.0409540233, 3165.4167, 2900.2167, 760.5900, 20.0320
2025-12-04 01:41:15, 0.0650764747, 0.0609933069, 0.0667346636, 0.0515696163, 2904.8525, 2835.2623, 759.2450, 20.7561
2025-12-04 01:41:21, 0.0372271661, 0.0431694319, 0.0574173799, 0.0499898941, 2898.5062, 2573.6173, 760.2850, 18.7175
2025-12-04 01:41:27, 0.0491829962, 0.0534886421, 0.0893369620, 0.0701798853, 3242.6667, 3151.1515, 763.4500, 18.8687
2025-12-04 01:41:32, 0.0949450812, 0.0915251009, 0.0414771698, 0.0467515668, 3072.2545, 2984.6182, 764.7800, 18.5688
2025-12-04 01:41:38, 0.0677763161, 0.0723876615, 0.0407205752, 0.0340108856, 3074.3673, 2940.2041, 760.6300, 19.4564
2025-12-04 01:41:44, 0.0661636412, 0.0670624922, 0.0761155783, 0.0513590973, 3108.2537, 2949.3433, 761.8950, 19.3836
2025-12-04 01:41:50, 0.0396559365, 0.0339358082, 0.0609121403, 0.0581055438, 2934.4493, 2722.2319, 762.4450, 19.4848
2025-12-04 01:41:56, 0.0390336091, 0.0433045428, 0.0613064367, 0.0529757258, 2878.8493, 2667.4247, 762.2350, 18.9792
2025-12-04 01:42:02, 0.0630333194, 0.0628358909, 0.0365163427, 0.0449901410, 2887.7538, 2837.4462, 757.8200, 18.0077
2025-12-04 01:42:07, 0.0624971476, 0.0517850149, 0.0475460909, 0.0532532537, 3235.5846, 3093.0308, 762.6650, 19.4539
2025-12-04 01:42:13, 0.0814233615, 0.0566028871, 0.0676254201, 0.0564750995, 3041.1071, 3021.0536, 762.8600, 19.8073
2025-12-04 01:42:19, 0.0456280826, 0.0354051193, 0.0746583257, 0.0597728457, 2887.9701, 2716.2090, 761.5400, 21.1423
2025-12-04 01:42:25, 0.0905319906, 0.0704708086, 0.0923003522, 0.0707640177, 3090.5217, 2871.1449, 762.8900, 20.4161
2025-12-04 01:42:31, 0.0580155422, 0.0711392760, 0.0708295482, 0.0745721266, 3187.1471, 2950.1618, 762.8650, 20.0124
2025-12-04 01:42:36, 0.0521922181, 0.0449420670, 0.0720659572, 0.0791829016, 3108.9000, 2999.2167, 762.1700, 18.7588
2025-12-04 01:42:42, 0.0763579061, 0.0865061297, 0.0656541149, 0.0552609458, 2788.3538, 2705.7231, 763.2400, 20.7232
2025-12-04 01:42:48, 0.0774219700, 0.0685751251, 0.0495259471, 0.0408180023, 3053.2857, 2862.0159, 762.6900, 19.9988
2025-12-04 01:42:54, 0.0555126590, 0.0681262295, 0.0453123141, 0.0472736166, 3090.4648, 2929.5915, 762.3600, 19.8018
2025-12-04 01:43:00, 0.0821153960, 0.0675231392, 0.0456530066, 0.0515196854, 2978.8000, 2871.6667, 764.9900, 19.6992
2025-12-04 01:43:05, 0.0921567296, 0.0653273844, 0.0624541997, 0.0516208498, 3058.0000, 2906.7273, 764.4500, 19.6534
2025-12-04 01:43:11, 0.0905788954, 0.0776279360, 0.0924623771, 0.0635137137, 2980.4667, 2707.2833, 766.4900, 19.6853
2025-12-04 01:43:17, 0.0817036570, 0.0612589738, 0.0599859399, 0.0551388982, 3181.5179, 2992.8571, 765.9350, 20.7051
2025-12-04 01:43:23, 0.0502610011, 0.0523399013, 0.0467978033, 0.0537074664, 3124.9483, 2861.1034, 765.5050, 19.7826
2025-12-04 01:43:29, 0.0606363462, 0.0711570685, 0.0674263297, 0.0519796542, 3162.9474, 2928.7368, 765.4200, 20.8203
2025-12-04 01:43:34, 0.0898505034, 0.0789481475, 0.0693798048, 0.0722657971, 3161.4032, 2905.4194, 765.0250, 21.8379
2025-12-04 01:43:40, 0.0557668442, 0.0369849376, 0.0551903275, 0.0415368881, 3019.2647, 2760.9412, 766.7500, 20.3024
2025-12-04 01:43:46, 0.0767038972, 0.0679509378, 0.0747254691, 0.0745063924, 3173.8358, 2999.2239, 764.5350, 21.1525
2025-12-04 01:43:52, 0.0596170379, 0.0585319471, 0.0421477087, 0.0363176929, 3028.8214, 2837.5000, 768.1800, 20.7821
2025-12-04 01:43:58, 0.0610888997, 0.0546673216, 0.0607058131, 0.0401638264, 3145.4286, 2868.2381, 761.8000, 18.0674
2025-12-04 01:44:03, 0.0676228844, 0.0533310076, 0.0480596104, 0.0441655955, 2986.3684, 2940.3816, 769.0200, 21.4944
2025-12-04 01:44:09, 0.0705468797, 0.0551793116, 0.0415054228, 0.0474712943, 3059.1212, 2934.4545, 764.0250, 18.1831
2025-12-04 01:44:15, 0.0686691374, 0.0539884000, 0.0414364620, 0.0410306393, 3069.8125, 2975.3594, 766.0200, 19.7398
2025-12-04 01:44:20, 0.0400723658, 0.0439206449, 0.0861432103, 0.0493456628, 3306.5345, 3002.0000, 765.0550, 18.8540
2025-12-04 01:44:26, 0.0684613715, 0.0696405259, 0.0663460671, 0.0815601243, 3291.6458, 3097.7917, 763.0350, 17.8867
2025-12-04 01:44:32, 0.0755018229, 0.0554318400, 0.0589051244, 0.0645311053, 3051.4167, 2761.6333, 764.9900, 18.5507
2025-12-04 01:44:38, 0.0594918300, 0.0690248564, 0.0445226628, 0.0362695741, 2920.2097, 2740.3871, 766.5550, 18.1104
2025-12-04 01:44:44, 0.0585487810, 0.0485037665, 0.0456145418, 0.0364457093, 3060.6290, 2761.5806, 765.0100, 19.1812
2025-12-04 01:44:50, 0.0555590706, 0.0532764093, 0.0588768892, 0.0525877594, 3157.4677, 2983.3387, 762.8700, 18.9527
2025-12-04 01:44:56, 0.0603736268, 0.0645262236, 0.0487817715, 0.0479970123, 3040.7647, 2885.5294, 761.6000, 18.6032
2025-12-04 01:45:02, 0.0754183601, 0.0653587758, 0.0635641092, 0.0551582032, 3083.9216, 2876.2745, 765.2800, 18.5217
2025-12-04 01:45:08, 0.0726770085, 0.0628946895, 0.0783552966, 0.0678364423, 2984.1905, 2816.9048, 765.4250, 17.3780
2025-12-04 01:45:14, 0.0414403887, 0.0447711268, 0.0493382657, 0.0362810001, 2910.5507, 2668.1884, 762.5400, 17.3441
2025-12-04 01:45:19, 0.0434065021, 0.0342225135, 0.0638766822, 0.0461786203, 3122.8421, 2890.1842, 765.0200, 17.3833
2025-12-04 01:45:25, 0.0616182337, 0.0616691974, 0.0691845988, 0.0632104613, 3237.4118, 3013.6863, 765.6700, 19.1909
2025-12-04 01:45:31, 0.0840140856, 0.0923095751, 0.0498604846, 0.0412859142, 3051.1964, 3021.4643, 763.8950, 20.5795
2025-12-04 01:45:36, 0.0488829484, 0.0376743242, 0.0683075097, 0.0789380220, 3164.2537, 3001.0746, 762.7550, 18.6570
2025-12-04 01:45:42, 0.0412524409, 0.0455295249, 0.0553707844, 0.0746201001, 3063.7119, 2914.3559, 762.7450, 18.5462
2025-12-04 01:45:48, 0.0453896692, 0.0529979987, 0.0642636472, 0.0606686225, 2954.6458, 2807.7708, 763.0600, 19.1746
2025-12-04 01:45:54, 0.0534128857, 0.0400646557, 0.0604651671, 0.0511681014, 2977.8400, 2799.4533, 762.7150, 17.5751
2025-12-04 01:45:59, 0.0471805437, 0.0417971608, 0.0627960649, 0.0547252539, 3060.6622, 2814.6622, 761.4900, 20.3332
2025-12-04 01:46:05, 0.0526061287, 0.0437192989, 0.0411555379, 0.0426438135, 3021.8769, 2760.4308, 763.7600, 16.1515
2025-12-04 01:46:11, 0.0514773436, 0.0512203508, 0.0548084172, 0.0559010319, 3148.1912, 2860.7353, 762.3600, 20.7863
2025-12-04 01:46:17, 0.0546657668, 0.0444013850, 0.0645259336, 0.0612558324, 3257.6418, 3028.6418, 762.4500, 20.2348
2025-12-04 01:46:23, 0.0439369363, 0.0586910642, 0.0428864540, 0.0597701501, 2996.2885, 2948.5769, 762.9950, 17.8501
2025-12-04 01:46:29, 0.0724567566, 0.0485116491, 0.0495214288, 0.0468773990, 3142.9286, 3005.0714, 763.4800, 17.9198
2025-12-04 01:46:35, 0.0827829009, 0.0739958033, 0.0323499572, 0.0417847931, 2857.1923, 2880.0769, 761.1500, 19.7661
2025-12-04 01:46:41, 0.1023546628, 0.0991527610, 0.0860013623, 0.0816278270, 3057.1915, 2960.5957, 764.7700, 19.4876
2025-12-04 01:46:46, 0.0627554771, 0.0678478977, 0.0571601694, 0.0533762101, 3181.9074, 3045.7222, 761.1650, 19.2678
2025-12-04 01:46:52, 0.0903754176, 0.0876144896, 0.0712611379, 0.0681373979, 2873.2203, 2765.1186, 762.1700, 21.2974
2025-12-04 01:46:58, 0.1180838742, 0.0894783830, 0.0904043740, 0.0760325611, 3309.0667, 3288.1333, 765.6250, 20.1558
2025-12-04 01:47:04, 0.1111446815, 0.0719834686, 0.0422444020, 0.0375829539, 2862.1500, 2722.0333, 763.9500, 18.4406
2025-12-04 01:47:10, 0.0747015345, 0.0624361385, 0.0597866938, 0.0512536071, 3108.5588, 3089.8676, 761.3850, 19.6022
2025-12-04 01:47:15, 0.0989235873, 0.0875220420, 0.0463028134, 0.0449634222, 3065.5000, 2918.9091, 765.2250, 17.0796
2025-12-04 01:47:21, 0.0565294918, 0.0468094126, 0.0378310192, 0.0438137115, 2985.3448, 2743.8793, 762.5350, 18.8499
2025-12-04 01:47:27, 0.0657349461, 0.0548447215, 0.0449788878, 0.0408384924, 2998.2642, 2736.2453, 767.0100, 19.1382
2025-12-04 01:47:33, 0.0551247963, 0.0774991727, 0.0496509545, 0.0540461749, 2966.5273, 2843.5091, 765.4100, 19.5635
2025-12-04 01:47:38, 0.0769724826, 0.0646413435, 0.0531692688, 0.0410090765, 3259.7843, 3061.3137, 762.6250, 18.3917
2025-12-04 01:47:44, 0.0905492748, 0.0915525317, 0.0459647779, 0.0458176925, 2959.3438, 2869.3125, 762.9600, 20.2358
2025-12-04 01:47:50, 0.0642886088, 0.0613227585, 0.0584884231, 0.0444190818, 3201.1613, 3049.5161, 764.7300, 18.9928
2025-12-04 01:47:56, 0.0627747698, 0.0649659781, 0.0866848841, 0.0598916022, 3187.6296, 2969.3704, 762.6850, 19.6918
2025-12-04 01:48:01, 0.0669870920, 0.0573472003, 0.0574199141, 0.0496190690, 3038.5909, 2979.1364, 764.6000, 18.9602
2025-12-04 01:48:07, 0.0693766169, 0.0562302702, 0.0465881041, 0.0390507375, 3000.8167, 2833.6333, 765.6450, 20.0359
2025-12-04 01:48:13, 0.0549574561, 0.0465817997, 0.0543073523, 0.0509600318, 3109.1587, 2931.8413, 765.6000, 19.6110
2025-12-04 01:48:19, 0.0924852711, 0.0885887963, 0.0509068486, 0.0391894014, 3160.4200, 3045.6400, 766.0400, 19.0947
2025-12-04 01:48:25, 0.1258293249, 0.0892092430, 0.0619856100, 0.0665472975, 3026.1915, 3036.9787, 764.0900, 21.2210
2025-12-04 01:48:30, 0.0543278174, 0.0700949654, 0.0521650109, 0.0479360061, 3023.9737, 2863.0000, 764.6300, 19.2204
2025-12-04 01:48:36, 0.0699051364, 0.0607195864, 0.0657801658, 0.0561828213, 2973.0741, 2905.6852, 765.1400, 18.0150
2025-12-04 01:48:42, 0.0606882721, 0.0559613324, 0.0516859023, 0.0552400192, 3175.5000, 2824.3226, 764.1850, 18.0563
2025-12-04 01:48:48, 0.0668024734, 0.0590245920, 0.0660389487, 0.0663790663, 3265.7846, 2987.8000, 761.3350, 19.8003
2025-12-04 01:48:53, 0.0909924605, 0.0701173010, 0.0547129098, 0.0416823462, 3041.6444, 2859.4222, 766.3700, 18.7062
2025-12-04 01:48:59, 0.0669248350, 0.0761076971, 0.0568005211, 0.0570649156, 3104.3438, 2940.9531, 763.0650, 18.2918
2025-12-04 01:49:05, 0.0943895294, 0.0628901407, 0.0372395287, 0.0242006759, 3010.6129, 2897.6613, 760.4550, 17.8586
2025-12-04 01:49:11, 0.1063898639, 0.0732550809, 0.0476854267, 0.0569549865, 3007.1923, 2868.4038, 762.0200, 20.1221
2025-12-04 01:49:17, 0.0705095638, 0.0636784473, 0.0614376588, 0.0598356203, 2887.2241, 2795.1379, 757.9000, 18.1378
2025-12-04 01:49:23, 0.0626334471, 0.0646186165, 0.0640281489, 0.0472391098, 2976.8298, 2829.7660, 757.2550, 18.7965
2025-12-04 01:49:29, 0.1108174149, 0.0947817702, 0.0589102867, 0.0536785631, 3098.7931, 3068.6552, 757.4400, 18.6233
2025-12-04 01:49:35, 0.1146100473, 0.1181645316, 0.0494275045, 0.0529506079, 2964.0370, 2931.1111, 759.2700, 17.7760
2025-12-04 01:49:41, 0.1192243521, 0.1139741207, 0.0672655293, 0.0603889046, 3096.1266, 2985.1266, 758.5400, 18.0252
2025-12-04 01:49:46, 0.1050538595, 0.0803553707, 0.0530667413, 0.0508881934, 2936.5400, 2791.8600, 761.3000, 18.0239
2025-12-04 01:49:52, 0.0742294531, 0.0689985415, 0.0338820639, 0.0308957546, 2935.7414, 2827.6034, 759.7250, 16.6066
2025-12-04 01:49:58, 0.0649790213, 0.0697415832, 0.0527066514, 0.0495362932, 2984.2245, 2679.3878, 760.0100, 18.9552
2025-12-04 01:50:03, 0.0863783531, 0.0972288969, 0.0554060296, 0.0556339596, 3024.8448, 2792.7069, 761.3150, 19.0983
2025-12-04 01:50:09, 0.0806014084, 0.0769304032, 0.0470996429, 0.0516555077, 2977.5714, 2892.8254, 760.5450, 18.9760
2025-12-04 01:50:15, 0.0863328489, 0.0726388618, 0.0452306997, 0.0491241372, 3226.8696, 3053.8261, 758.7900, 18.2438
2025-12-04 01:50:21, 0.0522431961, 0.0490407644, 0.0656053146, 0.0661412789, 3208.4364, 3044.9636, 761.1000, 19.2463
2025-12-04 01:50:27, 0.1210221593, 0.1188740309, 0.0591690369, 0.0428054184, 3055.5574, 2820.7377, 759.2800, 20.7235
2025-12-04 01:50:33, 0.1158679021, 0.1050375942, 0.0587446132, 0.0567584263, 2946.0189, 2815.9434, 759.9650, 20.5315
2025-12-04 01:50:38, 0.1041830613, 0.0995731187, 0.0715966536, 0.0553249284, 3129.4615, 3052.0192, 762.1750, 18.0423
2025-12-04 01:50:44, 0.1224165423, 0.0935506909, 0.0752877991, 0.0584901379, 3017.3438, 2906.3750, 762.5150, 18.8252
2025-12-04 01:50:50, 0.1539398813, 0.1657416907, 0.0537119076, 0.0343370874, 2980.3158, 2916.2632, 764.7850, 19.6237
2025-12-04 01:50:56, 0.1056380077, 0.0782425425, 0.0566715977, 0.0441601918, 2946.0339, 2822.1356, 759.1050, 19.3203
2025-12-04 01:51:02, 0.0643648720, 0.0596581330, 0.0545872391, 0.0511684122, 3028.1071, 2807.5893, 763.6550, 17.1597
2025-12-04 01:51:07, 0.0519412751, 0.0488182633, 0.0640285357, 0.0438479652, 3274.5645, 2989.6613, 762.3550, 17.4017
2025-12-04 01:51:13, 0.0549696335, 0.0466408179, 0.0492502199, 0.0412601276, 3007.4531, 2792.2812, 763.0800, 19.8546
2025-12-04 01:51:19, 0.1267611558, 0.0814649410, 0.0496492816, 0.0339114804, 3150.3673, 2891.0408, 761.8300, 17.5651
2025-12-04 01:51:25, 0.1127570502, 0.0881586653, 0.0451322473, 0.0510538023, 3124.8310, 2884.2676, 765.8150, 19.5182
2025-12-04 01:51:31, 0.1287227134, 0.0707837590, 0.0358605234, 0.0435029218, 3003.1404, 2888.9474, 758.4000, 18.7846
2025-12-04 01:51:37, 0.0932925626, 0.0763950423, 0.0444658862, 0.0381039169, 3050.6471, 2876.0000, 766.4700, 19.1551
2025-12-04 01:51:42, 0.1119999658, 0.0946111830, 0.0476106359, 0.0677200777, 3080.3261, 3028.6739, 766.6450, 17.6207
2025-12-04 01:51:48, 0.1158629441, 0.1104341220, 0.0366206287, 0.0417709316, 3240.4921, 3068.6508, 764.1450, 19.0867
2025-12-04 01:51:54, 0.1048026801, 0.0844327770, 0.0505494598, 0.0408176182, 2893.2979, 2639.5106, 761.4250, 18.6492
2025-12-04 01:52:00, 0.0799551873, 0.0701118633, 0.0436852335, 0.0454947534, 2889.1159, 2792.8261, 764.2400, 18.9537
2025-12-04 01:52:05, 0.0769377188, 0.0688478283, 0.0235017004, 0.0316090036, 2855.5319, 2792.2340, 761.9600, 21.1343
2025-12-04 01:52:11, 0.0592827423, 0.0638582094, 0.0519283768, 0.0590932871, 3068.5846, 2913.7077, 763.0650, 18.3388
2025-12-04 01:52:17, 0.0996993085, 0.0961745781, 0.0437495859, 0.0436935018, 3016.1471, 2972.7353, 762.5300, 20.3167
2025-12-04 01:52:23, 0.1625212418, 0.1790487646, 0.0697505031, 0.0589262982, 2922.8261, 2846.9130, 761.4050, 18.4635
2025-12-04 01:52:29, 0.1028433686, 0.1008820632, 0.0588875505, 0.0595328156, 3033.2800, 2928.2800, 763.2400, 16.7500
2025-12-04 01:52:35, 0.0703669076, 0.0642934141, 0.0707281850, 0.0739029546, 3191.0000, 2958.8667, 761.5950, 18.7793
2025-12-04 01:52:41, 0.0658890925, 0.0608132368, 0.0379816979, 0.0339737879, 3031.7143, 2966.4082, 763.6650, 19.0985
2025-12-04 01:52:47, 0.0575830814, 0.0673043349, 0.0653509710, 0.0536175189, 2916.1778, 2947.0000, 761.6000, 21.4979
2025-12-04 01:52:52, 0.0997145240, 0.0813220340, 0.0617761032, 0.0508801443, 3086.8267, 2977.6400, 763.5150, 18.7681
2025-12-04 01:52:58, 0.0936840597, 0.0874858938, 0.0671221297, 0.0624822178, 3158.9630, 3002.8704, 759.3800, 18.6380
2025-12-04 01:53:04, 0.0906391058, 0.0921970051, 0.0620498661, 0.0636088612, 3101.6833, 2974.8667, 762.3800, 18.6238
2025-12-04 01:53:09, 0.1011200068, 0.0724439379, 0.0485642859, 0.0489198774, 2933.1311, 2847.1311, 756.4850, 18.7374
2025-12-04 01:53:15, 0.1136699456, 0.0957306136, 0.0514942224, 0.0361306224, 2996.3934, 2920.4262, 762.6300, 18.7913
2025-12-04 01:53:21, 0.0976410765, 0.1004727730, 0.0639667891, 0.0353777144, 3091.5870, 2907.0652, 760.5950, 19.7611
2025-12-04 01:53:27, 0.1004889074, 0.1016452773, 0.0321783846, 0.0283811502, 2908.9130, 2745.6957, 760.3500, 19.5519
2025-12-04 01:53:33, 0.2033013854, 0.1083477297, 0.0363851441, 0.0329525645, 3165.7887, 2902.2113, 761.1050, 19.1602
2025-12-04 01:53:38, 0.1588731413, 0.1267960344, 0.0626724310, 0.0566801382, 3088.5000, 2984.3333, 760.0900, 17.4164
2025-12-04 01:53:44, 0.1333832886, 0.1082072756, 0.0348078619, 0.0325522952, 2915.6269, 2852.0896, 763.0150, 18.2424
2025-12-04 01:53:50, 0.1542158633, 0.1225012876, 0.0497159267, 0.0443755238, 3219.5000, 3071.9583, 757.3400, 16.9648
2025-12-04 01:53:56, 0.1245371455, 0.1269057476, 0.0587416732, 0.0483705957, 3116.5714, 2932.1224, 760.2150, 18.1281
2025-12-04 01:54:02, 0.1880035732, 0.1380305926, 0.0488293083, 0.0375659661, 3417.3793, 3266.0862, 761.4300, 19.0157
2025-12-04 01:54:07, 0.3078335980, 0.1604258357, 0.0532636795, 0.0556055797, 2872.8261, 2785.1522, 757.6200, 17.8021
2025-12-04 01:54:13, 0.0624324676, 0.0593869918, 0.0616574474, 0.0735258110, 3065.7206, 2931.7941, 758.9650, 19.0338
2025-12-04 01:54:19, 0.0729306434, 0.0870202829, 0.0722419855, 0.0643084382, 3208.9242, 3044.5000, 756.7100, 19.4925
2025-12-04 01:54:25, 0.0744501198, 0.0606965471, 0.0627726635, 0.0594663087, 3119.6500, 2934.3500, 759.4450, 18.8732
2025-12-04 01:54:31, 0.0809704785, 0.0609888623, 0.0363976778, 0.0437920684, 2977.3968, 2779.1111, 757.7750, 17.2364
2025-12-04 01:54:37, 0.0606892402, 0.0552963728, 0.0351285223, 0.0304490447, 2940.0000, 2812.0149, 763.5350, 19.9960
2025-12-04 01:54:42, 0.0809619032, 0.0691170804, 0.0575567481, 0.0617894466, 2966.0926, 2770.6667, 762.1850, 19.9530
2025-12-04 01:54:48, 0.0562648241, 0.0718816578, 0.0502320794, 0.0480096191, 3053.9400, 2965.3800, 761.1500, 19.8479
2025-12-04 01:54:54, 0.0931034413, 0.0764237471, 0.0535816232, 0.0720649660, 3140.0952, 2862.8571, 762.6200, 17.4114
2025-12-04 01:55:00, 0.0429787865, 0.0582939238, 0.0561673883, 0.0456975971, 3093.3393, 2779.2143, 759.2800, 19.1348
2025-12-04 01:55:06, 0.0944766784, 0.0587991773, 0.0404105283, 0.0375198914, 2927.9636, 2900.9818, 765.0650, 20.0387
2025-12-04 01:55:12, 0.1036744065, 0.0838150315, 0.0463228778, 0.0547594749, 3057.2340, 3021.5106, 760.7950, 18.3323
2025-12-04 01:55:17, 0.0619266039, 0.0516968091, 0.0450704304, 0.0400386095, 2912.8500, 2858.7667, 762.6000, 18.8059
2025-12-04 01:55:23, 0.0832104892, 0.0727443022, 0.0469628131, 0.0667119093, 2797.3333, 2860.9412, 761.6000, 18.7483
2025-12-04 01:55:29, 0.0599772666, 0.0652619121, 0.0532614837, 0.0483246250, 2963.1207, 2879.2586, 759.2350, 19.4260
2025-12-04 01:55:35, 0.1160532485, 0.0847380584, 0.0588317649, 0.0343001506, 3107.9778, 2868.3778, 760.3200, 18.2890
2025-12-04 01:55:41, 0.0833777802, 0.0770153007, 0.0583240386, 0.0761798862, 3251.0926, 3096.7407, 762.8200, 16.7528
2025-12-04 01:55:46, 0.0777161760, 0.0679329289, 0.0410318525, 0.0379490883, 2830.2656, 2680.3594, 762.5400, 19.8710
2025-12-04 01:55:52, 0.0788249057, 0.0731074281, 0.0435584140, 0.0590867565, 3290.8889, 3144.5397, 762.8450, 16.0643
2025-12-04 01:55:58, 0.0637100792, 0.0640759844, 0.0386865057, 0.0336280722, 3106.4462, 2921.8308, 762.1650, 18.1799
2025-12-04 01:56:04, 0.0825711189, 0.0673618070, 0.0377242572, 0.0459804951, 3156.6667, 2992.9444, 759.8650, 19.1399
2025-12-04 01:56:10, 0.0773037655, 0.0607439181, 0.0510987334, 0.0523712179, 2985.5606, 2855.3788, 764.0600, 16.7838
2025-12-04 01:56:15, 0.0624898696, 0.0713544632, 0.0476512110, 0.0449761891, 3079.7302, 2914.2540, 761.8650, 18.7573
2025-12-04 01:56:21, 0.0866429260, 0.0833416139, 0.0563087296, 0.0490148616, 3085.7541, 2974.6393, 760.3650, 15.7877
2025-12-04 01:56:27, 0.0832248052, 0.0792088163, 0.0460411425, 0.0371820765, 3116.7167, 2929.0833, 761.6550, 18.9163
2025-12-04 01:56:33, 0.0736439611, 0.0837422292, 0.0745160318, 0.0569771939, 3119.8167, 2946.9833, 760.7250, 19.5458
2025-12-04 01:56:39, 0.1268115921, 0.1003422508, 0.0467780072, 0.0588414401, 3249.8571, 3232.3286, 760.0950, 16.5180
2025-12-04 01:56:44, 0.0842822069, 0.0633227215, 0.0570924011, 0.0525542422, 3026.2174, 2852.7391, 762.5200, 15.8180
2025-12-04 01:56:50, 0.0821678203, 0.0659965863, 0.0447559655, 0.0423829945, 2982.0182, 2768.5091, 760.7000, 19.3719
2025-12-04 01:56:56, 0.0413659884, 0.0459897009, 0.0628244719, 0.0691674982, 3022.4923, 2867.5692, 760.2150, 18.7491
2025-12-04 01:57:02, 0.0828429163, 0.0883142092, 0.0414635785, 0.0335808087, 2973.6154, 2836.9077, 760.3400, 19.9929
2025-12-04 01:57:08, 0.0912575548, 0.1032440846, 0.0495730546, 0.0543879262, 2987.8205, 2875.5897, 757.4550, 17.3689
2025-12-04 01:57:13, 0.0840173250, 0.0651163026, 0.0515112853, 0.0360607140, 3071.4324, 2795.8919, 760.6400, 19.2195
2025-12-04 01:57:19, 0.1203803633, 0.1107166614, 0.0511533461, 0.0595870743, 3066.6222, 2972.4000, 757.4100, 19.3774
2025-12-04 01:57:25, 0.0687116889, 0.0555462867, 0.0626497404, 0.0441148630, 3226.8621, 3052.1034, 762.6050, 18.6142
2025-12-04 01:57:31, 0.0479679077, 0.0443853984, 0.0500897862, 0.0716488515, 3095.2958, 3031.4648, 761.4000, 19.3230
2025-12-04 01:57:37, 0.0705364295, 0.0602415523, 0.0421803622, 0.0565115028, 2931.8143, 2792.3429, 766.3050, 19.2105
2025-12-04 01:57:42, 0.0548072549, 0.0580248597, 0.0553729417, 0.0614919049, 3091.1806, 2939.9167, 761.5950, 18.1171
2025-12-04 01:57:48, 0.0621698864, 0.0531552883, 0.0447983229, 0.0454868502, 3021.7460, 2873.6349, 763.7650, 18.3349
2025-12-04 01:57:54, 0.0488645174, 0.0507697442, 0.0498731400, 0.0296815083, 3179.5283, 2741.8491, 762.6550, 19.7389
2025-12-04 01:58:00, 0.0608532141, 0.0522261591, 0.0663406344, 0.0441353305, 3066.5854, 2804.3293, 764.1350, 16.5544
2025-12-04 01:58:06, 0.0949010654, 0.0748010069, 0.0663168714, 0.0721359354, 2818.5614, 2779.3333, 761.8100, 18.6923
2025-12-04 01:58:11, 0.0786956768, 0.0645858376, 0.0659004092, 0.0507406906, 3006.2787, 2829.3443, 762.6300, 18.8001
2025-12-04 01:58:17, 0.1175746570, 0.1022934157, 0.0910133477, 0.0866708503, 3081.3889, 2907.9259, 763.8350, 17.9398
2025-12-04 01:58:23, 0.0948346503, 0.0824279638, 0.0529236198, 0.0628413040, 3155.4912, 2973.5263, 763.4950, 16.5617
2025-12-04 01:58:28, 0.0733672251, 0.0705282960, 0.0659147881, 0.0480144835, 3264.5283, 3118.8113, 761.3500, 16.9720
2025-12-04 01:58:34, 0.1022783971, 0.0651479919, 0.0502876374, 0.0650109457, 3186.9500, 3052.7250, 765.8000, 20.1425
2025-12-04 01:58:40, 0.1063590924, 0.0925043974, 0.0376001327, 0.0274775010, 3076.8250, 2910.8500, 764.3600, 17.8919
2025-12-04 01:58:46, 0.1044150524, 0.0993555757, 0.0458592140, 0.0296989834, 2889.2759, 2764.5690, 764.3950, 18.6309
2025-12-04 01:58:52, 0.0943875239, 0.0654208425, 0.0453994969, 0.0236552529, 3001.4231, 2831.5577, 768.3050, 20.1619
2025-12-04 01:58:57, 0.0885754670, 0.0677966573, 0.0750927818, 0.0564216552, 2834.3500, 2721.7333, 763.8300, 16.7404
2025-12-04 01:59:03, 0.0574828456, 0.0660597728, 0.0413048138, 0.0448150486, 2999.6087, 2925.7246, 768.9700, 18.5029
2025-12-04 01:59:09, 0.0488117489, 0.0455173907, 0.0377866984, 0.0430556087, 3035.4697, 2828.8030, 771.0850, 20.2970
2025-12-04 01:59:15, 0.0698302543, 0.0609802343, 0.0740579912, 0.0475921900, 3183.8095, 2978.5079, 768.4100, 18.4275
2025-12-04 01:59:21, 0.0629358249, 0.0677825692, 0.0434184126, 0.0425746134, 3161.8696, 2992.1522, 761.5800, 18.5303
2025-12-04 01:59:27, 0.0516042571, 0.0412679048, 0.0501196531, 0.0477007094, 3317.0862, 2821.7759, 758.8500, 18.1438
2025-12-04 01:59:32, 0.0431984588, 0.0447550677, 0.0664299004, 0.0564218947, 3044.8310, 2861.3239, 760.3150, 19.1425
2025-12-04 01:59:38, 0.1097098304, 0.0931730162, 0.0402036365, 0.0535400468, 3025.1538, 2850.0385, 768.9100, 17.8124
2025-12-04 01:59:44, 0.0633765719, 0.0516060658, 0.0613913915, 0.0523138169, 3071.0741, 2846.3889, 761.8050, 18.5528
2025-12-04 01:59:50, 0.0837021651, 0.0628863869, 0.0502422954, 0.0465896580, 2875.3182, 2631.7500, 761.5050, 19.1408
2025-12-04 01:59:56, 0.1026353154, 0.0742754901, 0.0416580087, 0.0465561678, 2979.7708, 2980.3333, 761.6400, 18.7553
2025-12-04 02:00:01, 0.1270661129, 0.1512531146, 0.0545831804, 0.0492068223, 3122.7656, 3063.8438, 761.0100, 19.4137
2025-12-04 02:00:07, 0.0867043943, 0.0939109607, 0.0602287536, 0.0628928119, 3106.9677, 2970.0806, 761.1500, 18.9528
2025-12-04 02:00:13, 0.0636984089, 0.0577202589, 0.0535778562, 0.0392879202, 3040.8571, 2904.4107, 760.2450, 19.7989
2025-12-04 02:00:19, 0.0692764733, 0.0572939242, 0.0463852194, 0.0362003092, 3093.1818, 2863.6136, 761.6850, 20.6755
2025-12-04 02:00:24, 0.1301827376, 0.0991330990, 0.0571820731, 0.0520320757, 2897.6444, 2719.4889, 756.6600, 18.8437
2025-12-04 02:00:30, 0.0775631734, 0.0652788989, 0.0628310681, 0.0845968896, 3118.1857, 3111.1000, 755.6250, 20.0248
2025-12-04 02:00:36, 0.0619132380, 0.0599172579, 0.0754669030, 0.0754441253, 2991.2576, 2877.7576, 755.4600, 16.8766
2025-12-04 02:00:42, 0.0852354255, 0.0518899392, 0.0350361279, 0.0611694709, 3056.7451, 2979.7647, 754.8600, 19.1196
2025-12-04 02:00:47, 0.0930769002, 0.0684983564, 0.0529808855, 0.0418123129, 2906.7333, 2828.6167, 752.5200, 20.9007
2025-12-04 02:00:53, 0.0709064678, 0.0725346407, 0.0918456496, 0.1038438591, 3167.4821, 3119.4107, 757.2250, 19.6587
2025-12-04 02:00:59, 0.1694545499, 0.1426032567, 0.0611414615, 0.0448176714, 2895.0000, 2834.4902, 756.5500, 17.5402
2025-12-04 02:01:05, 0.0891500463, 0.0701756496, 0.0731312853, 0.0547272680, 2786.3125, 2744.0469, 757.8550, 17.7745
2025-12-04 02:01:11, 0.0507772072, 0.0511954214, 0.0646478609, 0.0491745017, 3061.0816, 2845.6122, 756.8250, 19.2472
2025-12-04 02:01:16, 0.1244648361, 0.0848492229, 0.0658732678, 0.0629963538, 3150.5692, 3014.0462, 755.7000, 17.8342
2025-12-04 02:01:22, 0.0869603524, 0.0766031945, 0.0555790827, 0.0576674382, 3041.0862, 2929.7759, 752.9200, 18.8283
2025-12-04 02:01:28, 0.0846540193, 0.0846047726, 0.0682625155, 0.0651677636, 2824.3590, 2626.5128, 757.4800, 17.8594
2025-12-04 02:01:34, 0.0478631191, 0.0450671807, 0.0655312187, 0.0542563774, 2993.0962, 2780.9231, 761.9600, 17.3568
2025-12-04 02:01:39, 0.0693529974, 0.0683290331, 0.0856647259, 0.0882620874, 2949.7619, 2835.4762, 760.2000, 17.6369
2025-12-04 02:01:45, 0.0749877208, 0.0554166867, 0.0786094671, 0.0622980522, 2849.2581, 2742.2581, 760.5400, 19.6540
2025-12-04 02:01:51, 0.0953098328, 0.0707173546, 0.0625976464, 0.0658191982, 2913.0822, 2842.8219, 759.8650, 18.5069
2025-12-04 02:01:57, 0.0786443639, 0.0654131851, 0.0322446562, 0.0471552574, 3063.7925, 3063.4528, 760.2050, 18.9255
2025-12-04 02:02:02, 0.1148337592, 0.0821196391, 0.0974340901, 0.0883491313, 3233.7593, 3080.8519, 762.7550, 19.0241
2025-12-04 02:02:08, 0.0682564053, 0.0605521827, 0.0895195035, 0.0673198387, 2921.2286, 2846.5714, 761.6400, 20.8866
2025-12-04 02:02:14, 0.1184028377, 0.0899338127, 0.0431847057, 0.0470620313, 3041.7167, 3063.8667, 761.3900, 18.7221
2025-12-04 02:02:20, 0.0810570513, 0.0655716367, 0.0813509369, 0.0642525658, 3143.1935, 3051.9839, 757.6050, 19.0861
2025-12-04 02:02:26, 0.0765767271, 0.0751199345, 0.0475775535, 0.0652343579, 2896.0164, 2782.0984, 758.3050, 17.3704
2025-12-04 02:02:31, 0.0684036953, 0.0567345543, 0.0641251415, 0.0699239376, 3145.1719, 3080.3906, 756.4250, 18.3533
2025-12-04 02:02:37, 0.0479828819, 0.0521288421, 0.0765141036, 0.0737918430, 3237.5484, 3082.8871, 757.7050, 19.4411
2025-12-04 02:02:43, 0.1373300049, 0.0925703433, 0.0757431535, 0.0861754360, 3276.1296, 3021.3148, 758.5600, 20.4838
2025-12-04 02:02:49, 0.0591219596, 0.0829076682, 0.0773342358, 0.0616732676, 3246.2453, 3104.8302, 757.3450, 18.5361
2025-12-04 02:02:55, 0.0567124322, 0.0551385073, 0.1038057935, 0.0786425443, 3140.2653, 2902.8367, 757.2900, 17.2721
2025-12-04 02:03:00, 0.0795921602, 0.0770038783, 0.0525913661, 0.0638339789, 2871.3191, 2705.1489, 758.4650, 18.0047
2025-12-04 02:03:06, 0.0626437452, 0.0472540025, 0.0547531108, 0.0507018524, 3153.0508, 2904.4746, 760.7000, 18.9182
2025-12-04 02:03:12, 0.0492477101, 0.0767378322, 0.0522075691, 0.0646830026, 3027.7812, 2824.8906, 759.3500, 19.9075
2025-12-04 02:03:18, 0.0543808669, 0.0513636063, 0.0603811313, 0.0601299711, 3117.6197, 2928.0845, 759.1250, 18.3731
2025-12-04 02:03:24, 0.0603867511, 0.0929026603, 0.0608980325, 0.0558436022, 3223.1351, 3000.3784, 759.4600, 18.9311
2025-12-04 02:03:29, 0.0757390343, 0.0610595134, 0.0450903717, 0.0598744373, 3029.1286, 2986.8571, 759.0400, 18.9444
2025-12-04 02:03:35, 0.0784896455, 0.0728939762, 0.0722929670, 0.0534175048, 3202.1923, 2886.2885, 763.5000, 17.6884
2025-12-04 02:03:41, 0.0968316021, 0.0911237991, 0.0499104301, 0.0614121636, 2895.6383, 2813.2340, 760.9850, 20.9424
2025-12-04 02:03:47, 0.0655315483, 0.0603046723, 0.0588321232, 0.0691500405, 3054.6818, 3035.2727, 760.6550, 21.0933
2025-12-04 02:03:53, 0.0521401727, 0.0608910481, 0.0759547665, 0.0494304810, 3061.8372, 2811.5581, 757.3550, 21.1282
2025-12-04 02:03:59, 0.0513601199, 0.0450088467, 0.0639402658, 0.0568798337, 3109.0000, 2880.6471, 758.9100, 18.2782
2025-12-04 02:04:05, 0.0648032759, 0.0662512976, 0.0617882127, 0.0911005756, 2765.6667, 2759.0526, 752.8700, 19.2920
2025-12-04 02:04:10, 0.0672325216, 0.0628767582, 0.0715488457, 0.0609275435, 3178.8235, 3001.5441, 752.5000, 19.3334
2025-12-04 02:04:16, 0.0821943014, 0.0893124469, 0.0645442083, 0.0606622009, 3158.4872, 3023.0000, 752.4350, 20.5062
2025-12-04 02:04:22, 0.0772948029, 0.0669053020, 0.0770160855, 0.0724606721, 2924.0962, 2852.8846, 752.9000, 17.6043
2025-12-04 02:04:28, 0.0396769214, 0.0401580435, 0.0630422466, 0.0684716814, 3127.3774, 2753.8491, 754.1350, 19.0635
2025-12-04 02:04:33, 0.0744347437, 0.0565309646, 0.0611764507, 0.0428790887, 3105.9400, 2966.5600, 753.8800, 18.3174
2025-12-04 02:04:39, 0.0734398536, 0.0663131608, 0.0789539645, 0.0583398742, 2942.8167, 2908.5500, 760.6200, 20.4914
2025-12-04 02:04:45, 0.0806928799, 0.0884472714, 0.0705347180, 0.0769108789, 2849.3115, 2812.4426, 762.8200, 20.9207
2025-12-04 02:04:51, 0.0722549665, 0.0607688772, 0.0566866608, 0.0645977648, 3311.4062, 3082.0781, 755.1400, 18.9660
2025-12-04 02:04:56, 0.0813978493, 0.0831169242, 0.0567123935, 0.0540866921, 3062.1786, 2969.5000, 758.3500, 20.5177
2025-12-04 02:05:02, 0.0669786298, 0.0559282652, 0.0626264011, 0.0581256037, 2911.3200, 2765.0800, 754.6950, 17.3064
2025-12-04 02:05:08, 0.0586528071, 0.0457501226, 0.0529842479, 0.0624484123, 2922.5636, 2816.7455, 753.3150, 20.4862
2025-12-04 02:05:14, 0.0669258812, 0.0609949198, 0.0477160220, 0.0430754926, 2994.4902, 2851.6863, 753.5000, 18.7582
2025-12-04 02:05:19, 0.0578819264, 0.0699485171, 0.0666377287, 0.0686669991, 3053.7091, 3072.2909, 757.9600, 18.8690
2025-12-04 02:05:25, 0.0552530825, 0.0343835696, 0.0843648479, 0.0810938940, 2909.1961, 2840.8824, 756.9000, 17.3387
2025-12-04 02:05:31, 0.0453315219, 0.0487146323, 0.0711452129, 0.0703863328, 3180.1064, 3050.4468, 763.4900, 18.4152
2025-12-04 02:05:37, 0.0562121218, 0.0569704034, 0.1346228804, 0.1056485636, 2841.4902, 2808.0784, 761.5400, 17.6575
2025-12-04 02:05:43, 0.0682603720, 0.0346096439, 0.1024282975, 0.0905281427, 2731.8246, 2765.8772, 762.3350, 19.0597
2025-12-04 02:05:48, 0.0581603630, 0.0519179114, 0.0679706625, 0.0514242409, 2878.6852, 2848.7963, 762.9750, 20.4491
2025-12-04 02:05:54, 0.0954250822, 0.0950563999, 0.0607875527, 0.0531621786, 3010.3725, 2929.0000, 760.2650, 17.1200
2025-12-04 02:06:00, 0.0634731187, 0.0805471401, 0.0456128184, 0.0523107435, 3189.0682, 2994.3409, 758.7600, 19.3130
2025-12-04 02:06:06, 0.1248879564, 0.1080402968, 0.0830390498, 0.0650205484, 3063.0556, 2967.4259, 767.4600, 20.7062
2025-12-04 02:06:12, 0.0525625841, 0.0521163081, 0.0569991413, 0.0537395542, 3206.5781, 2990.1875, 765.0000, 19.6769
2025-12-04 02:06:17, 0.0499668030, 0.0451407063, 0.0624357352, 0.0442705562, 3238.7869, 3122.0164, 759.9750, 18.6565
2025-12-04 02:06:23, 0.0493320680, 0.0350613217, 0.0671954726, 0.0492033417, 2910.8475, 2756.6102, 766.4900, 17.9817
2025-12-04 02:06:29, 0.0463356268, 0.0422203506, 0.1017708204, 0.0748200512, 2873.5000, 2836.6786, 767.0650, 19.0413
2025-12-04 02:06:35, 0.0714544496, 0.0542278326, 0.0679265398, 0.0708219101, 2760.2821, 2619.3077, 767.2550, 17.9307
2025-12-04 02:06:40, 0.0884112665, 0.0757189512, 0.0956259136, 0.0825450417, 2941.3800, 3026.2400, 769.2650, 16.9453
2025-12-04 02:06:46, 0.0761212820, 0.0700962335, 0.0667611065, 0.0684049142, 3024.1200, 2963.0400, 768.5100, 18.7494
2025-12-04 02:06:52, 0.0863790984, 0.0684618306, 0.1047627322, 0.1005211479, 3229.5849, 3108.7547, 769.4250, 19.8362
2025-12-04 02:06:58, 0.1317109234, 0.1035674336, 0.0628556947, 0.0652494533, 2972.7143, 2838.8367, 766.1450, 17.4076
2025-12-04 02:07:03, 0.0759822336, 0.0648403489, 0.0752163435, 0.0652309092, 2914.5345, 2771.3793, 765.4150, 18.2325
2025-12-04 02:07:09, 0.0496422784, 0.0535442227, 0.0748132778, 0.0754453689, 3070.0588, 2929.4118, 763.9050, 17.0483
2025-12-04 02:07:15, 0.0623726069, 0.0477071370, 0.0653051292, 0.0563472220, 2812.9857, 2825.5714, 764.6650, 18.7673
2025-12-04 02:07:21, 0.0760319644, 0.0466737076, 0.0794644879, 0.0643787115, 2924.0167, 2798.2333, 768.8750, 17.6133
2025-12-04 02:07:26, 0.0521372829, 0.0516735378, 0.0779020251, 0.0796861385, 2998.6667, 2884.0185, 765.2400, 18.1874
2025-12-04 02:07:32, 0.1036482661, 0.0868362838, 0.1014057928, 0.0820572652, 3117.0385, 3157.0962, 763.5550, 19.4653
2025-12-04 02:07:38, 0.0652724803, 0.0535116971, 0.1077439456, 0.0791115802, 3180.8654, 3038.0577, 761.7500, 17.7589
2025-12-04 02:07:44, 0.0509598515, 0.0486382746, 0.0483470868, 0.0629624826, 3024.1017, 2853.0339, 762.8100, 17.6174
2025-12-04 02:07:49, 0.0538892140, 0.0675475585, 0.0930732998, 0.0964264255, 3048.4035, 3047.0000, 764.3400, 21.0548
2025-12-04 02:07:55, 0.0887466571, 0.0613353300, 0.0988918887, 0.1119586036, 3195.7561, 3091.6341, 763.8850, 18.5691
2025-12-04 02:08:01, 0.0540768893, 0.0658294355, 0.0440747558, 0.0630172086, 2767.9091, 2833.0000, 764.0200, 18.0028
2025-12-04 02:08:07, 0.0595903292, 0.0614506965, 0.0505768134, 0.0577907977, 3153.5493, 3116.5775, 763.0650, 17.5391
2025-12-04 02:08:12, 0.0705135789, 0.0581152678, 0.0883214258, 0.0812720889, 2771.7917, 2638.3125, 762.7150, 19.0781
2025-12-04 02:08:18, 0.0842227835, 0.0611423409, 0.0932506243, 0.0569154461, 3250.8039, 3013.7843, 761.8550, 17.5589
2025-12-04 02:08:24, 0.1415849917, 0.1060030788, 0.0958779558, 0.0979587508, 3248.6716, 3203.6119, 763.1450, 20.2545
2025-12-04 02:08:30, 0.0928797957, 0.0712074028, 0.0909572234, 0.0784386709, 2893.3939, 2900.9394, 765.2900, 19.5779
2025-12-04 02:08:35, 0.0711756305, 0.0554046515, 0.0864499530, 0.0867855886, 3063.3934, 2837.5410, 765.8350, 18.8278
2025-12-04 02:08:41, 0.0771576880, 0.0764066345, 0.0834048566, 0.0821876758, 3152.8814, 3211.3898, 761.1550, 17.4803
2025-12-04 02:08:47, 0.0664543016, 0.0634185096, 0.0771140381, 0.0587819919, 3004.2712, 2828.5254, 765.7650, 18.7731
2025-12-04 02:08:53, 0.0797031096, 0.0734925797, 0.0718252462, 0.0707415244, 3050.0667, 2921.1500, 761.4950, 18.0865
2025-12-04 02:08:59, 0.0868829921, 0.0833012196, 0.0782835998, 0.0561492864, 2814.7833, 2814.6000, 760.9000, 17.7952
2025-12-04 02:09:04, 0.0743570915, 0.0842251418, 0.0444353985, 0.0237352804, 3301.8889, 3201.5111, 761.8400, 18.0509
2025-12-04 02:09:10, 0.1537111083, 0.1282029673, 0.0440098043, 0.0456850512, 2868.6613, 2913.6452, 759.6150, 18.6670
2025-12-04 02:09:16, 0.0794903037, 0.0774808540, 0.0570160345, 0.0451102001, 3176.8788, 3004.4848, 759.4850, 19.4710
2025-12-04 02:09:22, 0.0550635183, 0.0373909301, 0.0835722735, 0.0673302514, 3006.2963, 2664.8704, 760.3150, 17.2637
2025-12-04 02:09:28, 0.0435054484, 0.0435814080, 0.0325733397, 0.0419379895, 3052.2909, 2963.7455, 760.7750, 18.1382
2025-12-04 02:09:33, 0.0946977481, 0.0879766051, 0.0567150336, 0.0541087543, 3234.2097, 3115.3871, 759.0000, 18.3886
2025-12-04 02:09:39, 0.0990865279, 0.0708009841, 0.0572562293, 0.0502801396, 3226.1905, 2957.6190, 764.4950, 17.8014
2025-12-04 02:09:45, 0.0965045321, 0.0764841357, 0.0624113038, 0.0436314488, 3071.5965, 2930.7719, 764.6650, 17.4509
2025-12-04 02:09:51, 0.1038577209, 0.1016820227, 0.0444354504, 0.0389535284, 3071.3469, 3003.3878, 762.0950, 18.5924
2025-12-04 02:09:57, 0.1479634009, 0.1018755334, 0.0605087024, 0.0595322081, 2845.7925, 2890.6792, 762.5550, 17.3717
2025-12-04 02:10:03, 0.0671141192, 0.0605732099, 0.0761925482, 0.0566896876, 3069.2069, 2864.4138, 762.6700, 16.3750
2025-12-04 02:10:08, 0.0816067138, 0.0783917953, 0.0658384786, 0.0545433025, 3070.2982, 2885.4737, 765.2700, 18.1900
2025-12-04 02:10:14, 0.0536621241, 0.0468650092, 0.0641777479, 0.0576935056, 3060.1562, 2870.9531, 764.7150, 17.0585
2025-12-04 02:10:20, 0.0958902599, 0.0767205591, 0.0502802055, 0.0553685249, 2770.4500, 2668.1667, 762.2900, 16.6339
2025-12-04 02:10:26, 0.0675690207, 0.0890617526, 0.0492098949, 0.0408064454, 2969.9592, 2872.4898, 763.2850, 17.3388
2025-12-04 02:10:32, 0.0668702079, 0.0538649011, 0.0573569339, 0.0618341725, 3120.1690, 2977.8310, 764.6000, 18.2765
2025-12-04 02:10:37, 0.0472780794, 0.0706529637, 0.0674688275, 0.0764206301, 2946.8679, 2940.0000, 763.7250, 16.8297
2025-12-04 02:10:43, 0.1181949284, 0.1039435970, 0.0462506908, 0.0451307292, 2942.4634, 2758.4878, 764.6700, 18.0577
2025-12-04 02:10:49, 0.1072775972, 0.1194365074, 0.0402448739, 0.0364570356, 2858.9298, 2775.2456, 762.2750, 18.5960
2025-12-04 02:10:55, 0.0715685069, 0.0828863071, 0.0597008019, 0.0709706711, 3326.2174, 3187.0652, 765.3100, 17.4993
2025-12-04 02:11:01, 0.0839238202, 0.0690709680, 0.0508247372, 0.0525446811, 3186.9322, 2966.6780, 767.1350, 17.6716
2025-12-04 02:11:06, 0.0860445223, 0.0759691570, 0.0425846167, 0.0295673625, 3015.0370, 2849.7593, 762.3400, 20.8114
2025-12-04 02:11:12, 0.0611229354, 0.0561445177, 0.0548211678, 0.0443401821, 3043.0159, 2903.9683, 761.1250, 21.1974
2025-12-04 02:11:18, 0.0492010273, 0.0452977064, 0.0539448861, 0.0562775766, 3165.3175, 3010.6032, 761.1900, 19.6490
2025-12-04 02:11:24, 0.0866187239, 0.0659226355, 0.0747041466, 0.0653303146, 2997.9655, 2871.9828, 765.5650, 19.8113
2025-12-04 02:11:29, 0.0574878204, 0.0584230945, 0.0658241635, 0.0784934170, 3076.5862, 2964.7414, 762.0150, 20.2908
2025-12-04 02:11:35, 0.0324218456, 0.0305730787, 0.0510647970, 0.0405077609, 3223.8529, 3018.5000, 761.8700, 22.1450
2025-12-04 02:11:41, 0.0553017554, 0.0630656873, 0.0699937299, 0.0411737055, 3056.1765, 2916.5490, 763.0000, 22.0168
2025-12-04 02:11:47, 0.1265033642, 0.1062649493, 0.0855132735, 0.0629905129, 2990.3125, 2959.7812, 764.4000, 20.5706
2025-12-04 02:11:53, 0.0824260966, 0.0666411706, 0.0717275351, 0.0645371419, 3107.7164, 3026.4627, 760.7700, 19.7827
2025-12-04 02:11:58, 0.0583192933, 0.0595167306, 0.0840920731, 0.0596658731, 3066.8250, 3011.7750, 763.5200, 21.2189
2025-12-04 02:12:04, 0.0656048266, 0.0530037721, 0.0611487445, 0.0437958587, 3341.1321, 2982.8491, 766.6350, 20.4769
2025-12-04 02:12:10, 0.0543180182, 0.0520651667, 0.0527818477, 0.0767926401, 2989.2727, 2877.4909, 764.2200, 19.7836
2025-12-04 02:12:16, 0.0529561879, 0.0672251689, 0.0596341268, 0.0753344985, 3135.5333, 3098.2667, 764.1600, 19.7138
2025-12-04 02:12:21, 0.0702449243, 0.0729612266, 0.0480169748, 0.0450376919, 3068.1509, 2879.1887, 764.8800, 22.4057
2025-12-04 02:12:27, 0.0843753445, 0.0721922046, 0.0555586542, 0.0593451373, 3083.6800, 2987.0600, 766.6200, 20.2659
2025-12-04 02:12:33, 0.0639573762, 0.0665913664, 0.0482226124, 0.0664592044, 3158.0536, 2929.4286, 763.6600, 22.9210
2025-12-04 02:12:39, 0.0954230229, 0.0793888551, 0.0647219541, 0.0753079661, 2949.0476, 2981.7778, 766.8500, 20.5387
2025-12-04 02:12:45, 0.0768635632, 0.0826781897, 0.0525931828, 0.0421068443, 2852.3125, 2785.8125, 764.0650, 22.7359
2025-12-04 02:12:51, 0.0635902658, 0.0447636318, 0.0801131520, 0.0585456162, 2862.1724, 2827.8793, 766.8850, 20.5860
2025-12-04 02:12:57, 0.0732311431, 0.0728055698, 0.0631780423, 0.0560090082, 2991.6765, 2873.0441, 766.4000, 20.0382
2025-12-04 02:13:03, 0.0669718712, 0.0866980370, 0.0515476950, 0.0391067323, 2999.0469, 2829.4531, 765.3150, 20.6893
2025-12-04 02:13:08, 0.1026317413, 0.0772365039, 0.0414978253, 0.0547864955, 2879.8125, 2867.2344, 763.3650, 20.2641
2025-12-04 02:13:14, 0.0737206577, 0.0763264351, 0.0580283789, 0.0475614772, 3097.7018, 2908.2807, 765.5250, 20.9843
2025-12-04 02:13:20, 0.0955327020, 0.0917565920, 0.0533326822, 0.0428707049, 3106.0750, 2897.7000, 760.3500, 17.4874
2025-12-04 02:13:26, 0.0845442909, 0.0877499145, 0.0470933769, 0.0459923424, 3047.9242, 2946.3333, 762.4050, 17.7787
2025-12-04 02:13:32, 0.0783973926, 0.0762811330, 0.0505643509, 0.0516355555, 3118.3158, 2847.0351, 764.3100, 18.6482
2025-12-04 02:13:38, 0.0759503066, 0.0642049961, 0.0624153291, 0.0548275055, 3103.8667, 2867.6667, 762.5900, 17.9458
2025-12-04 02:13:43, 0.0857863941, 0.0751749735, 0.0476285723, 0.0488851566, 3122.4375, 2995.8125, 762.8500, 19.3473
2025-12-04 02:13:49, 0.0887220685, 0.0683346978, 0.0479904220, 0.0545284429, 3028.0690, 2939.0690, 762.6500, 20.1248
2025-12-04 02:13:55, 0.0657360083, 0.0514402281, 0.0776590978, 0.0492913805, 2965.6852, 2849.4074, 763.8900, 17.6076
2025-12-04 02:14:01, 0.1201885669, 0.0775962352, 0.0729482548, 0.0657836544, 2959.1111, 2828.5370, 758.8950, 17.2469
2025-12-04 02:14:07, 0.1177023144, 0.0860358421, 0.0455864710, 0.0464860018, 2943.6724, 2843.3966, 758.8100, 18.0528
2025-12-04 02:14:12, 0.0854902974, 0.0963780899, 0.0478748965, 0.0360060098, 3106.3051, 2884.5085, 760.8950, 18.2149
2025-12-04 02:14:18, 0.1021448265, 0.0965080873, 0.0510603406, 0.0489841286, 2926.6364, 2829.5909, 754.3500, 18.7063
2025-12-04 02:14:24, 0.0762172801, 0.0668524701, 0.0531594178, 0.0590505467, 3120.8909, 3020.7455, 759.6550, 18.4498
2025-12-04 02:14:30, 0.0426859846, 0.0625529241, 0.0610734340, 0.0551461805, 3052.1311, 2900.2131, 761.1700, 17.0816
2025-12-04 02:14:35, 0.0775889340, 0.0660419559, 0.0554785800, 0.0459141280, 3273.1897, 3037.2931, 755.7350, 17.6294
2025-12-04 02:14:41, 0.0884550250, 0.0877783961, 0.0499513697, 0.0401334486, 3118.7705, 2894.3443, 758.5700, 17.4687
2025-12-04 02:14:47, 0.0556019114, 0.0395545551, 0.0650864922, 0.0606057143, 3159.8514, 2828.4054, 757.9950, 16.7626
2025-12-04 02:14:53, 0.0557126543, 0.0641534484, 0.0486079393, 0.0500313775, 3041.9444, 2853.1111, 757.8550, 18.6066
2025-12-04 02:14:59, 0.0834659185, 0.0570077560, 0.0718169442, 0.0676956072, 3048.2656, 3040.2500, 755.8750, 18.9491
2025-12-04 02:15:05, 0.1120145938, 0.0800003049, 0.0698651336, 0.0528027088, 3033.5000, 2844.5357, 752.7250, 17.7983
2025-12-04 02:15:10, 0.1174783607, 0.0961244529, 0.0412133907, 0.0471077391, 2974.7368, 2928.4386, 754.8050, 19.7494
2025-12-04 02:15:16, 0.0829130759, 0.0774979434, 0.0567920255, 0.0528978855, 3034.9242, 2894.4848, 756.6650, 17.1293
2025-12-04 02:15:22, 0.0774163950, 0.0702466478, 0.0424280446, 0.0489601574, 3022.8644, 2901.3390, 758.9850, 19.4318
2025-12-04 02:15:28, 0.0591367422, 0.0618651490, 0.0511554412, 0.0518828091, 3102.5972, 2999.0694, 758.5900, 18.6484
2025-12-04 02:15:33, 0.0693389655, 0.0596878472, 0.0408777141, 0.0294977506, 3146.6053, 2899.6842, 756.5050, 18.9879
2025-12-04 02:15:39, 0.0980103437, 0.0655070392, 0.0767902027, 0.0647231180, 2993.7368, 2909.5088, 756.2250, 16.2239
2025-12-04 02:15:45, 0.1025244199, 0.0877799302, 0.0519943748, 0.0469322833, 2948.3585, 2888.2642, 756.7650, 16.8728
2025-12-04 02:15:51, 0.1016764619, 0.0762047877, 0.0570147878, 0.0556691182, 3118.4068, 2911.4915, 755.9050, 18.3075
2025-12-04 02:15:56, 0.0738149001, 0.0772711928, 0.0684459072, 0.0605966512, 3071.0345, 2852.9310, 757.9500, 19.6895
2025-12-04 02:16:02, 0.0566206397, 0.0656540986, 0.0581618927, 0.0640873803, 3036.9091, 2961.2364, 761.1450, 17.0720
2025-12-04 02:16:08, 0.0692541907, 0.0570040340, 0.0816177783, 0.0696237223, 2966.5000, 2897.8382, 756.9150, 18.4818
2025-12-04 02:16:14, 0.0893582225, 0.0903116163, 0.0441691723, 0.0457936054, 2797.4655, 2786.5000, 757.6600, 17.3356
2025-12-04 02:16:20, 0.0618088817, 0.0772699968, 0.0735104464, 0.0540296753, 3214.0769, 2860.6538, 755.2650, 17.0747
2025-12-04 02:16:25, 0.0390105344, 0.0363520453, 0.0450085702, 0.0464996358, 3159.7647, 2895.3922, 756.7750, 18.0584
2025-12-04 02:16:31, 0.0717888270, 0.0564532157, 0.0659124790, 0.0397474301, 2916.7843, 2793.0588, 755.6750, 17.9688
2025-12-04 02:16:37, 0.0370139078, 0.0427922216, 0.0627330371, 0.0542882142, 3044.4839, 2809.0806, 757.0850, 16.9342
2025-12-04 02:16:43, 0.0768083989, 0.0582151960, 0.0516764079, 0.0460378247, 3106.2128, 2930.7234, 759.6400, 17.6780
2025-12-04 02:16:49, 0.0793997695, 0.0799340062, 0.0611798177, 0.0632787819, 3113.3273, 3072.7636, 755.4800, 16.9222
2025-12-04 02:16:55, 0.0641338373, 0.0848319860, 0.0815365780, 0.0610158252, 2872.8906, 2825.1719, 754.9950, 18.7274
2025-12-04 02:17:01, 0.0758023588, 0.0694314150, 0.0605745716, 0.0430608594, 3075.5303, 2864.4394, 761.2150, 18.7264
2025-12-04 02:17:07, 0.0761319248, 0.0607824317, 0.0583959676, 0.0424083017, 3101.3833, 2993.6000, 759.0100, 17.6179
2025-12-04 02:17:13, 0.0771670219, 0.0726838399, 0.0415012339, 0.0368227747, 3090.0893, 2821.6964, 760.9700, 18.0205
2025-12-04 02:17:18, 0.0600448726, 0.0647116802, 0.0508719194, 0.0384159795, 3071.2807, 2775.8947, 761.7100, 18.3174
2025-12-04 02:17:24, 0.0738984058, 0.0820512605, 0.0636016730, 0.0685320561, 3043.5085, 3004.5932, 758.9200, 18.4186
2025-12-04 02:17:30, 0.0794207040, 0.0683052379, 0.0446419499, 0.0680551508, 3110.9149, 3088.8511, 762.9800, 18.3701
2025-12-04 02:17:36, 0.0496134054, 0.0534827034, 0.0403867801, 0.0426845034, 3109.9531, 2918.9062, 766.7850, 16.9841
2025-12-04 02:17:41, 0.0710296318, 0.0855612659, 0.0475434694, 0.0504845083, 2983.7679, 2911.7143, 766.8000, 19.1366
2025-12-04 02:17:47, 0.0950704219, 0.0881705843, 0.0332873777, 0.0415124428, 3162.9701, 2931.0448, 765.0650, 18.2283
2025-12-04 02:17:53, 0.1072231013, 0.1040160650, 0.0446758720, 0.0426067467, 3019.6154, 2914.4231, 763.5650, 18.3523
2025-12-04 02:17:59, 0.0707205391, 0.0681114742, 0.0529143654, 0.0595228364, 3227.0682, 3062.4318, 764.8250, 18.7354
2025-12-04 02:18:04, 0.0746120560, 0.0803614010, 0.0399663479, 0.0442439993, 3060.2286, 2895.6571, 765.8800, 16.8323
2025-12-04 02:18:10, 0.0593090726, 0.0617946325, 0.0465071937, 0.0332020192, 3176.6575, 2914.8219, 761.9950, 18.5323
2025-12-04 02:18:16, 0.0819695919, 0.0660083843, 0.0750861652, 0.0560032162, 3134.4340, 2888.8491, 766.6100, 18.3869
2025-12-04 02:18:22, 0.0892960637, 0.0801547596, 0.0867199416, 0.0594696805, 3289.8571, 3121.0635, 766.0650, 17.6641
2025-12-04 02:18:28, 0.0579014571, 0.0519206981, 0.0615796892, 0.0619152429, 3034.9111, 2900.8222, 763.8950, 17.6540
2025-12-04 02:18:33, 0.0975191737, 0.0652085774, 0.0487639321, 0.0403778286, 3086.6154, 2821.9231, 766.3250, 17.5872
2025-12-04 02:18:39, 0.0766600160, 0.0665417519, 0.0413620336, 0.0376070105, 3172.7143, 2995.7500, 765.7600, 19.8066
2025-12-04 02:18:45, 0.0800041537, 0.0714911603, 0.0527260317, 0.0538894705, 3354.0164, 3127.0328, 766.3350, 18.4012
2025-12-04 02:18:51, 0.0815152888, 0.0624218394, 0.0520524564, 0.0474260899, 3081.2295, 2791.9016, 766.2950, 17.6739
2025-12-04 02:18:57, 0.0898577355, 0.0904195896, 0.0359031955, 0.0465042579, 3062.0303, 2960.2121, 765.7350, 17.2446
2025-12-04 02:19:03, 0.0910520879, 0.0940321695, 0.0385188572, 0.0345790911, 3046.4921, 3012.9206, 765.7300, 19.3646
2025-12-04 02:19:08, 0.0749081875, 0.0637673542, 0.0435202420, 0.0601248242, 3251.5652, 3074.6232, 765.8150, 17.4115
2025-12-04 02:19:14, 0.0869512409, 0.0827932429, 0.0468383375, 0.0350370531, 3122.3958, 2960.4792, 765.1400, 19.4836
2025-12-04 02:19:20, 0.0886237526, 0.0831935274, 0.0654668444, 0.0579641965, 3209.1538, 3042.5385, 766.8300, 17.8430
2025-12-04 02:19:26, 0.0776793845, 0.0690235385, 0.0487777548, 0.0340092335, 3067.7111, 2903.8444, 766.6050, 17.3922
2025-12-04 02:19:32, 0.0856432107, 0.0783945952, 0.0488211213, 0.0386723329, 3274.8750, 3041.2292, 765.2650, 18.5910
2025-12-04 02:19:37, 0.0626437066, 0.0590825501, 0.0587146073, 0.0439265568, 3176.1053, 2855.0526, 765.9350, 17.9126
2025-12-04 02:19:43, 0.0672097969, 0.0604656488, 0.0598148692, 0.0483981521, 3230.7049, 2974.5082, 764.9850, 18.4018
2025-12-04 02:19:49, 0.0561002436, 0.0554799866, 0.0447610980, 0.0417474351, 2928.5556, 2855.2593, 765.8300, 18.7710
2025-12-04 02:19:55, 0.0439383932, 0.0657158228, 0.0506296265, 0.0672696299, 3155.8936, 3017.6809, 763.9400, 17.9086
2025-12-04 02:20:01, 0.0820756831, 0.0772804271, 0.0521876893, 0.0370020879, 3029.6400, 2815.3000, 764.4350, 18.7767
2025-12-04 02:20:07, 0.0536645723, 0.0549839275, 0.0671529285, 0.0582449453, 2998.9273, 2861.1455, 763.5950, 17.6012
2025-12-04 02:20:13, 0.0654252561, 0.0520699174, 0.0678256437, 0.0597975392, 3044.3770, 2943.0328, 760.6450, 18.5302
2025-12-04 02:20:18, 0.0783076892, 0.0686425660, 0.0613974435, 0.0773898472, 3137.5312, 3047.2344, 760.7600, 17.9210
2025-12-04 02:20:24, 0.0957965062, 0.1191548636, 0.0751819621, 0.0683174119, 3132.2600, 3056.2800, 757.5850, 18.4584
2025-12-04 02:20:30, 0.0599013578, 0.0597569116, 0.0610788452, 0.0432046880, 3092.2581, 2949.7742, 759.5000, 18.1406
2025-12-04 02:20:36, 0.0727037656, 0.0767715851, 0.0650511552, 0.0467166228, 3300.2955, 3111.2500, 761.0300, 19.3703
2025-12-04 02:20:42, 0.0628922837, 0.0564117022, 0.0380334409, 0.0531395464, 2936.9474, 2902.8246, 758.2100, 18.3939
2025-12-04 02:20:47, 0.0882808223, 0.0776829899, 0.0624874813, 0.0545973623, 3056.8197, 2949.0000, 761.0250, 18.7690
2025-12-04 02:20:53, 0.0726052718, 0.0674117736, 0.0556936263, 0.0580686027, 3200.7451, 3025.0784, 759.6450, 18.1818
2025-12-04 02:20:59, 0.0882357990, 0.0833042535, 0.0736332003, 0.0705442464, 3027.8864, 2876.5227, 764.3900, 22.7791
2025-12-04 02:21:05, 0.0744457389, 0.0610668565, 0.0324015248, 0.0492986820, 3094.7885, 2981.0769, 758.9500, 18.9311
2025-12-04 02:21:11, 0.0885097259, 0.0751170948, 0.0381351403, 0.0496599781, 3068.2157, 3040.7647, 766.8450, 24.9325
2025-12-04 02:21:17, 0.0530744913, 0.0476363408, 0.0348896146, 0.0407806092, 2809.6271, 2711.3390, 766.7500, 24.5971
2025-12-04 02:21:23, 0.0684932195, 0.0663152870, 0.0798868581, 0.0763101146, 3160.2239, 3055.4478, 766.2400, 25.2536
2025-12-04 02:21:29, 0.0528945608, 0.0528792941, 0.0626971216, 0.0493970631, 3172.8548, 2961.0323, 768.9050, 26.6242
2025-12-04 02:21:35, 0.0788159397, 0.0686725129, 0.0792997427, 0.0943354774, 2977.2295, 2928.9180, 767.9500, 21.5299
2025-12-04 02:21:40, 0.0483599804, 0.0569939760, 0.0668030142, 0.0624963606, 2816.5000, 2852.2500, 769.9900, 23.2983
2025-12-04 02:21:46, 0.0670897469, 0.0668257003, 0.0760185618, 0.0694874336, 3140.9429, 2935.0714, 769.1900, 24.4974
2025-12-04 02:21:52, 0.0994580505, 0.0798145617, 0.0484632292, 0.0549938399, 2878.9020, 2790.9804, 758.5750, 18.8824
2025-12-04 02:21:57, 0.0736240222, 0.0554133449, 0.0486632553, 0.0525750530, 2972.1207, 2898.3103, 758.6200, 17.9635
2025-12-04 02:22:03, 0.0429413676, 0.0471986525, 0.0625968908, 0.0658683763, 3096.4868, 2899.8947, 757.7000, 19.4034
2025-12-04 02:22:09, 0.0518574886, 0.0459043758, 0.0632771093, 0.0510709682, 3061.8333, 2956.5625, 758.9600, 18.8464
2025-12-04 02:22:15, 0.0582230312, 0.0463155041, 0.0587712300, 0.0479380777, 2971.1373, 2853.2157, 758.0450, 17.9221
2025-12-04 02:22:20, 0.0549570866, 0.0694937320, 0.0611492138, 0.0660031257, 2963.0339, 2954.5763, 757.1650, 16.3434
2025-12-04 02:22:26, 0.0853302483, 0.0544224351, 0.0840094182, 0.0654538020, 3136.0536, 2965.0357, 765.9650, 18.4408
2025-12-04 02:22:32, 0.0809632558, 0.0703638539, 0.0907935468, 0.0725414307, 3196.2593, 3102.6296, 763.0050, 18.4528
2025-12-04 02:22:38, 0.0989451688, 0.0977470685, 0.0588562669, 0.0537575511, 3157.0526, 3112.2632, 763.5200, 19.0567
2025-12-04 02:22:44, 0.0901446165, 0.0816373258, 0.0714845439, 0.0517503925, 2970.3158, 2964.7018, 761.7100, 18.9208
2025-12-04 02:22:50, 0.1118697159, 0.0835744882, 0.0872843102, 0.0690490802, 3062.1594, 2983.2174, 763.1600, 18.3389
2025-12-04 02:22:55, 0.0788666634, 0.0554547390, 0.0586601743, 0.0581940851, 3140.6441, 3032.3220, 763.2950, 18.3431
2025-12-04 02:23:01, 0.0914815749, 0.0738027698, 0.0420589666, 0.0339881890, 3078.1639, 2889.7541, 763.1200, 18.6619
2025-12-04 02:23:07, 0.0751757086, 0.0618039252, 0.0757208574, 0.0607012332, 3091.1569, 2899.9216, 763.1550, 17.3113
2025-12-04 02:23:13, 0.0541408115, 0.0704044091, 0.0316012181, 0.0351313172, 3090.6667, 2845.8070, 761.5950, 16.5354
2025-12-04 02:23:19, 0.0905505441, 0.0841123856, 0.0892259334, 0.0679583218, 3052.2264, 2896.1698, 759.7850, 16.8917
2025-12-04 02:23:25, 0.0761957383, 0.0866408210, 0.0491703977, 0.0422408201, 2835.3182, 2718.5227, 762.9500, 16.7701
2025-12-04 02:23:31, 0.0927452127, 0.0771789780, 0.0860405935, 0.0570605696, 3072.0517, 3038.3966, 762.2400, 17.7551
2025-12-04 02:23:37, 0.0984477662, 0.0830364794, 0.0727497230, 0.0399195976, 3091.5000, 2957.8000, 763.2300, 17.3294
2025-12-04 02:23:42, 0.0825894360, 0.0650977118, 0.0620077308, 0.0541999013, 2790.8983, 2756.5593, 759.4850, 17.9000
2025-12-04 02:23:48, 0.0966012009, 0.0864071969, 0.0476955669, 0.0439252446, 3131.6600, 2943.7800, 761.9750, 18.2525
2025-12-04 02:23:54, 0.1468609120, 0.1103365015, 0.0384671355, 0.0429700762, 2920.5098, 2820.3725, 762.3250, 18.2929
2025-12-04 02:24:00, 0.1288984347, 0.1047555288, 0.0579335242, 0.0612931556, 3169.0400, 3011.6200, 760.9750, 18.1556
2025-12-04 02:24:05, 0.0872429922, 0.0914751146, 0.0573017056, 0.0672840166, 2815.1053, 2875.5088, 759.9750, 20.0859
2025-12-04 02:24:11, 0.0748047727, 0.0725655829, 0.0739481600, 0.0570941807, 3042.7500, 2845.4333, 760.7400, 17.9165
2025-12-04 02:24:17, 0.0611567278, 0.0658610317, 0.0674971052, 0.0598781887, 3412.5263, 3101.7193, 760.2900, 17.5905
2025-12-04 02:24:23, 0.1190364798, 0.1001160205, 0.0480073123, 0.0353887851, 2872.2826, 2820.4565, 758.2050, 17.7190
2025-12-04 02:24:29, 0.1350133207, 0.0940233558, 0.0459495025, 0.0504772466, 3035.5472, 2912.2830, 760.0850, 19.6481
2025-12-04 02:24:35, 0.0512202094, 0.0669890355, 0.0628376917, 0.0448398974, 3138.9792, 3018.0833, 761.5000, 17.8488
2025-12-04 02:24:40, 0.1016135081, 0.0759400045, 0.0633213653, 0.0885978610, 3148.1176, 3063.2549, 761.9450, 18.4776
2025-12-04 02:24:46, 0.1194056189, 0.1179804711, 0.0506883853, 0.0457563254, 3071.8182, 3011.2121, 761.4550, 18.7659
2025-12-04 02:24:52, 0.0631827570, 0.0665810883, 0.0580117211, 0.0564042797, 3225.9420, 3134.6232, 760.6100, 19.4203
2025-12-04 02:24:58, 0.0689301147, 0.0771929598, 0.0532265457, 0.0456175423, 3081.9796, 2884.9592, 757.4150, 18.5985
2025-12-04 02:25:04, 0.0619935147, 0.0654884097, 0.0797015843, 0.0482561149, 3305.7903, 3063.1774, 759.8200, 17.9674
2025-12-04 02:25:09, 0.1330261895, 0.1130728621, 0.0676551822, 0.0758918241, 3105.7857, 2998.1071, 761.7150, 16.8432
2025-12-04 02:25:15, 0.0734902173, 0.0797770522, 0.0571296390, 0.0522353299, 2996.2083, 2984.0000, 759.8300, 19.1325
2025-12-04 02:25:21, 0.1019441824, 0.0864109827, 0.0519408607, 0.0393142263, 3010.5893, 2844.6964, 761.0750, 18.7699
2025-12-04 02:25:27, 0.0854061959, 0.0688016340, 0.0353614313, 0.0434307513, 2950.3443, 2944.6230, 762.1800, 18.0246
2025-12-04 02:25:33, 0.0911370817, 0.1197710436, 0.0413784694, 0.0617588321, 3135.2667, 3106.9500, 763.2300, 17.2924
2025-12-04 02:25:38, 0.0967471562, 0.1064998812, 0.0572103773, 0.0656766477, 3033.2778, 2934.5370, 760.4900, 18.5863
2025-12-04 02:25:44, 0.0979867332, 0.1013913509, 0.0315649560, 0.0405587431, 2936.3500, 2890.2667, 762.3750, 19.9571
2025-12-04 02:25:50, 0.1280916178, 0.0989994177, 0.0570368973, 0.0412091368, 2945.5072, 2944.3333, 761.1000, 19.2234
2025-12-04 02:25:56, 0.0845020166, 0.0985059672, 0.1358094944, 0.0855463735, 3135.9444, 3045.5926, 762.2750, 18.4694
2025-12-04 02:26:02, 0.1396487635, 0.1150270448, 0.0717496404, 0.0678149452, 3205.3585, 3120.4340, 765.7950, 20.0822
2025-12-04 02:26:07, 0.1240820529, 0.0932665109, 0.0786512381, 0.0798160893, 3142.8302, 2985.0755, 765.1600, 18.2506
2025-12-04 02:26:13, 0.0866373404, 0.1021614316, 0.0352911712, 0.0412876238, 3039.9062, 2926.0000, 768.6750, 19.3548
2025-12-04 02:26:19, 0.0867763785, 0.0991396930, 0.0832826837, 0.0456276467, 2954.4000, 2878.1818, 767.2150, 20.0731
2025-12-04 02:26:25, 0.1230701085, 0.0760044759, 0.0482728777, 0.0456433453, 3155.7500, 3120.9722, 769.2100, 21.1728
2025-12-04 02:26:31, 0.1121099803, 0.1247178826, 0.0616841697, 0.0518633304, 3083.3864, 3018.7727, 768.8900, 18.7752
2025-12-04 02:26:36, 0.1091113288, 0.0875846102, 0.0588720619, 0.0487375966, 3145.5333, 2962.9167, 766.3350, 17.4655
2025-12-04 02:26:42, 0.0980254147, 0.0742298497, 0.0583885934, 0.0525501205, 3272.0909, 3172.4909, 767.0300, 19.9877
2025-12-04 02:26:48, 0.1667309798, 0.1225045178, 0.0681772366, 0.0538661606, 3083.7547, 3032.9434, 769.1150, 20.0060
2025-12-04 02:26:54, 0.1079753018, 0.0916592021, 0.0497901884, 0.0430847122, 2979.9184, 2835.4898, 770.1500, 18.9266
2025-12-04 02:27:00, 0.0599667468, 0.0585306575, 0.0637708666, 0.0444946693, 3331.6066, 3008.3279, 769.4000, 19.8650
2025-12-04 02:27:05, 0.0596154691, 0.0570952694, 0.0496885999, 0.0575441144, 3072.1967, 3006.6557, 766.2750, 18.7224
2025-12-04 02:27:11, 0.0680193306, 0.0597965521, 0.0526217997, 0.0526051380, 2903.5294, 2834.6765, 769.2000, 18.4106
2025-12-04 02:27:17, 0.0971012771, 0.0730997435, 0.0563207647, 0.0423242973, 2961.0517, 2811.2586, 763.3550, 18.6486
2025-12-04 02:27:23, 0.0677283209, 0.0726780065, 0.0528573108, 0.0538779683, 3053.0000, 2915.1633, 766.5450, 18.9923
2025-12-04 02:27:29, 0.0985221156, 0.0722103565, 0.0629154238, 0.0656758895, 3135.7667, 2993.7667, 766.8150, 17.9059
2025-12-04 02:27:35, 0.1018159856, 0.0934192646, 0.0480172090, 0.0495324176, 3055.5667, 2970.8500, 765.0000, 17.6224
2025-12-04 02:27:41, 0.1238237381, 0.1034409787, 0.0540329296, 0.0652397845, 2942.1132, 3022.6415, 763.1800, 18.0141
2025-12-04 02:27:47, 0.1060222101, 0.1231618443, 0.0767624720, 0.0781621934, 3113.8136, 3109.6441, 766.7200, 18.5144
2025-12-04 02:27:53, 0.0671317203, 0.0687552435, 0.0717095429, 0.0654428780, 2852.1500, 2713.3167, 766.3650, 18.0048
2025-12-04 02:27:58, 0.0881514721, 0.0953765039, 0.0514457500, 0.0521703889, 3083.8980, 3142.0204, 765.0800, 18.8328
2025-12-04 02:28:04, 0.1234612650, 0.1005407867, 0.0599400089, 0.0570300077, 3107.0597, 2957.6418, 764.3600, 18.5343
2025-12-04 02:28:10, 0.0749384872, 0.0718272960, 0.0716262779, 0.0461305264, 3152.5400, 2928.6200, 763.8700, 18.6581
2025-12-04 02:28:15, 0.1343479036, 0.1439139365, 0.0712281257, 0.0518679922, 3274.5833, 3076.7083, 765.0150, 18.5762
2025-12-04 02:28:21, 0.1828383279, 0.1338623358, 0.0610604123, 0.0536469428, 2984.5238, 2929.7143, 764.7400, 17.4995
2025-12-04 02:28:27, 0.1210206841, 0.1110120488, 0.0611440888, 0.0491472585, 3202.5660, 2948.9245, 766.5650, 17.0908
2025-12-04 02:28:33, 0.1549146948, 0.1081984402, 0.0816760238, 0.0731714144, 3060.2917, 2866.4375, 764.4300, 17.0633
2025-12-04 02:28:39, 0.1716609441, 0.1771312372, 0.0706344028, 0.0662552958, 2973.9762, 3022.0000, 764.3150, 19.1845
2025-12-04 02:28:45, 0.1280656753, 0.1080251110, 0.1204402044, 0.0873184752, 3085.5000, 3086.6724, 764.9750, 19.2674
2025-12-04 02:28:50, 0.0830138535, 0.0871654008, 0.0435129819, 0.0415618546, 3215.8200, 3091.7400, 765.1650, 17.3591
2025-12-04 02:28:56, 0.1072560140, 0.1029923565, 0.0686965891, 0.0522762215, 3036.7200, 2928.6800, 764.4250, 18.6969
2025-12-04 02:29:02, 0.1195646644, 0.0958983985, 0.0790968480, 0.0561899957, 3063.8103, 3054.3276, 765.2700, 18.1639
2025-12-04 02:29:08, 0.1134028407, 0.0814621418, 0.0518855085, 0.0473800430, 3050.5932, 2977.3898, 764.0850, 17.0915
2025-12-04 02:29:13, 0.0906412480, 0.0875468934, 0.0548727109, 0.0575063450, 2893.6909, 2935.0909, 766.0900, 17.8522
2025-12-04 02:29:19, 0.0633934629, 0.0744855225, 0.0710272023, 0.0609680039, 3032.6481, 2927.7037, 759.7850, 20.3600
2025-12-04 02:29:25, 0.1198020668, 0.1319843495, 0.0456225126, 0.0287455227, 2952.3889, 2791.6296, 765.5600, 17.4298
2025-12-04 02:29:30, 0.1114917402, 0.1075885282, 0.0633875124, 0.0393618528, 3025.9400, 2958.8000, 761.2250, 19.0852
2025-12-04 02:29:36, 0.1252789179, 0.1305468777, 0.0600421606, 0.0547009591, 2940.6724, 2808.2759, 759.0150, 19.2734
2025-12-04 02:29:42, 0.1064508087, 0.1028148978, 0.0463431831, 0.0408847739, 2958.3750, 2858.5179, 762.6450, 17.5485
2025-12-04 02:29:48, 0.1424521671, 0.0771317789, 0.0544376579, 0.0505781995, 3117.1136, 3013.4318, 759.5000, 18.8157
2025-12-04 02:29:54, 0.1441625990, 0.1107942884, 0.0541514276, 0.0341266159, 2766.7561, 2675.8537, 760.5950, 17.0514
2025-12-04 02:29:59, 0.1429066929, 0.1170305549, 0.0762763526, 0.0617514039, 2818.2128, 2683.1702, 761.0250, 18.9392
2025-12-04 02:30:05, 0.1150779293, 0.1013958713, 0.0614880989, 0.0581299156, 3095.0000, 3017.7222, 762.1450, 18.4679
2025-12-04 02:30:11, 0.1351169927, 0.1404323546, 0.0341118210, 0.0532181709, 2812.4200, 2806.6400, 759.1500, 18.6335
2025-12-04 02:30:17, 0.1096707765, 0.1036506544, 0.0367586352, 0.0380490859, 3049.7500, 2888.8269, 758.5400, 17.2215
2025-12-04 02:30:23, 0.1639698339, 0.1235818911, 0.0322677398, 0.0316617477, 3216.7708, 3005.3333, 760.9850, 19.2944
2025-12-04 02:30:28, 0.1529618359, 0.1185760398, 0.0456537015, 0.0439645230, 3204.7917, 3007.2083, 760.2350, 19.0717
2025-12-04 02:30:34, 0.2221336535, 0.1600030880, 0.0720183328, 0.0504191092, 3067.1429, 2926.8036, 756.6700, 19.2692
2025-12-04 02:30:40, 0.1225028901, 0.1130114917, 0.0682807967, 0.0517207645, 2969.4510, 2882.9608, 760.6950, 18.6130
2025-12-04 02:30:46, 0.0922128144, 0.0754637561, 0.0573809788, 0.0550923765, 3000.8980, 2790.3265, 759.6350, 20.1579
2025-12-04 02:30:52, 0.1064359391, 0.0935248704, 0.0634041314, 0.0582914846, 3234.1224, 3140.0816, 756.1500, 18.2775
2025-12-04 02:30:57, 0.0729840835, 0.0598604429, 0.0621127503, 0.0612530844, 3172.8036, 3025.1786, 759.5600, 18.8283
2025-12-04 02:31:03, 0.0615477168, 0.0542202194, 0.0259926823, 0.0331580902, 3007.5143, 2787.7714, 758.5750, 18.4528
2025-12-04 02:31:09, 0.0757013802, 0.0606025384, 0.0459595539, 0.0276323533, 3107.2857, 2893.4107, 760.3750, 19.0304
2025-12-04 02:31:14, 0.0574740938, 0.0500408128, 0.0631788833, 0.0522247650, 3207.9630, 3044.5926, 759.5500, 19.3669
2025-12-04 02:31:20, 0.0576543496, 0.0561033860, 0.0494141836, 0.0628266887, 2949.7255, 2791.6863, 760.4850, 20.0045
2025-12-04 02:31:26, 0.0759775821, 0.0504486928, 0.0339283510, 0.0636118104, 2850.4750, 2750.1750, 759.8300, 18.6481
2025-12-04 02:31:32, 0.0704324322, 0.0469059773, 0.0743258897, 0.0505762842, 2895.5897, 2945.8974, 759.0200, 19.2268
2025-12-04 02:31:37, 0.0581218189, 0.0568767416, 0.0457841263, 0.0496897915, 3103.4318, 2900.4545, 761.8300, 17.2456
2025-12-04 02:31:43, 0.0873091124, 0.0458790974, 0.0498245705, 0.0557680468, 3089.8548, 2960.1935, 759.4300, 19.4385
2025-12-04 02:31:49, 0.0433546871, 0.0508690282, 0.0848837515, 0.0718162837, 3238.6094, 2943.9844, 758.9350, 18.5839
2025-12-04 02:31:55, 0.0445629940, 0.0464636458, 0.0690271299, 0.0652117790, 3011.8615, 2801.2615, 761.5950, 19.2531
2025-12-04 02:32:01, 0.0602138126, 0.0651688661, 0.0495169349, 0.0495201915, 3144.2200, 2981.8400, 760.3650, 17.9633
2025-12-04 02:32:07, 0.0600168110, 0.0784837923, 0.0660409783, 0.0548915974, 3071.7143, 2744.0816, 758.2000, 16.5076
2025-12-04 02:32:12, 0.0940866825, 0.1077441342, 0.0419713708, 0.0484830374, 3093.2414, 3066.2241, 758.6800, 18.8909
2025-12-04 02:32:18, 0.1251720122, 0.1122685790, 0.0698572265, 0.0569350700, 3176.3800, 2974.5800, 756.0900, 17.5175
2025-12-04 02:32:24, 0.1022896306, 0.0857502063, 0.0587129124, 0.0555336848, 2903.6604, 2925.7547, 757.9600, 19.9870
2025-12-04 02:32:30, 0.0718409492, 0.0628790293, 0.0485900383, 0.0444526795, 3214.6190, 3048.5714, 760.3600, 19.2829
2025-12-04 02:32:35, 0.0852860073, 0.0767077376, 0.0632236677, 0.0627519439, 3066.5345, 3016.0517, 757.2950, 16.9994
2025-12-04 02:32:41, 0.0597263165, 0.0489987446, 0.1007573753, 0.0738426253, 2977.7778, 2835.6889, 756.4800, 16.0916
2025-12-04 02:32:48, 0.0756188165, 0.0674188016, 0.0600940298, 0.0692599406, 3035.7636, 2943.7818, 757.5350, 19.6369
2025-12-04 02:32:53, 0.0671494949, 0.0567425520, 0.0614884457, 0.0678900286, 3072.1887, 2944.1321, 761.6550, 17.1524
2025-12-04 02:32:59, 0.0636357209, 0.0489660370, 0.0922858839, 0.0683630940, 3046.5072, 2980.5942, 762.5100, 17.8323
2025-12-04 02:33:05, 0.0733587627, 0.1038977795, 0.0581526067, 0.0645011623, 2880.9123, 2775.0000, 761.6550, 16.9333
2025-12-04 02:33:11, 0.0725207779, 0.0654881111, 0.0677001300, 0.0529464478, 3174.1786, 2934.6429, 761.3700, 16.5642
2025-12-04 02:33:17, 0.0569660117, 0.0561086904, 0.0763223797, 0.0460753326, 3303.7586, 2985.5172, 764.3650, 19.9903
2025-12-04 02:33:22, 0.0689494369, 0.0679861315, 0.0632099107, 0.0701395706, 3003.4906, 2960.6792, 761.2950, 18.1991
2025-12-04 02:33:28, 0.0551677588, 0.0685850369, 0.0577168619, 0.0397114333, 2949.7547, 2871.9057, 760.8150, 18.4670
2025-12-04 02:33:34, 0.1102901839, 0.0901832011, 0.0640640959, 0.0536315963, 3379.3818, 3106.7091, 761.0900, 17.9681
2025-12-04 02:33:40, 0.0734652866, 0.0645939197, 0.0627244359, 0.0520751902, 3098.5231, 2939.7231, 763.0750, 18.2313
2025-12-04 02:33:46, 0.0951627109, 0.0969565323, 0.0544754784, 0.0668591019, 3198.0488, 3064.4146, 761.6150, 19.2441
2025-12-04 02:33:51, 0.0770905414, 0.0622798454, 0.0665391142, 0.0502084993, 3039.9811, 3018.0377, 766.3400, 18.7897
2025-12-04 02:33:57, 0.0805589385, 0.0787943437, 0.0852816524, 0.0672901213, 3106.2321, 3079.9464, 760.7000, 18.9373
2025-12-04 02:34:03, 0.1115294056, 0.0680933374, 0.0755297771, 0.0628508214, 3032.1887, 3089.2075, 764.7300, 18.5099
2025-12-04 02:34:09, 0.1179880229, 0.1050633807, 0.0592275024, 0.0538543146, 3271.5536, 3168.8393, 764.4000, 18.2296
2025-12-04 02:34:14, 0.1102500451, 0.0827500663, 0.0732377994, 0.0667229437, 3153.3380, 2975.5070, 765.8250, 19.6388
2025-12-04 02:34:20, 0.0607931846, 0.0557835658, 0.0801737169, 0.0491731149, 3148.0571, 2871.1571, 765.2350, 19.0463
2025-12-04 02:34:26, 0.0578868617, 0.0604411401, 0.0599435932, 0.0485726259, 2968.2105, 2785.1228, 762.3050, 19.5006
2025-12-04 02:34:32, 0.0664751169, 0.0436568224, 0.0557123769, 0.0560716155, 3004.6889, 2827.1556, 766.2000, 17.6867
2025-12-04 02:34:37, 0.0688611658, 0.0746456147, 0.0461623357, 0.0460704162, 3059.5714, 2821.9524, 765.2900, 20.6069
2025-12-04 02:34:43, 0.0687579463, 0.0568052761, 0.0523599655, 0.0565202299, 3184.1429, 3134.1111, 763.4150, 17.8354
2025-12-04 02:34:49, 0.0547369751, 0.0606229364, 0.0695546813, 0.0561037545, 3210.4194, 2981.1613, 763.5450, 18.6962
2025-12-04 02:34:55, 0.0969567452, 0.0661044246, 0.0717131620, 0.0534467383, 3353.8333, 3217.7292, 758.4300, 19.9486
2025-12-04 02:35:01, 0.0771319072, 0.0805413563, 0.0619921694, 0.0556797813, 3058.6545, 3055.0909, 760.6450, 19.5757
2025-12-04 02:35:07, 0.0871931268, 0.0725550058, 0.0533363157, 0.0584692241, 3203.5417, 3071.7500, 758.1350, 19.0333
2025-12-04 02:35:12, 0.0766053995, 0.0633370794, 0.0559193918, 0.0682763265, 3022.8276, 2835.8276, 759.1550, 17.4669
2025-12-04 02:35:18, 0.1026030542, 0.0783512201, 0.0679406058, 0.0613749771, 3234.5600, 3139.5200, 760.2200, 17.8763
2025-12-04 02:35:24, 0.0791887960, 0.0814559768, 0.0349979351, 0.0379087941, 3151.3673, 3049.1224, 755.0700, 18.6270
2025-12-04 02:35:30, 0.0964101636, 0.0828583846, 0.0604861638, 0.0758531568, 3086.0962, 2999.8269, 755.1850, 19.8464
2025-12-04 02:35:36, 0.0455863415, 0.0442956492, 0.0568582449, 0.0499694282, 3104.4444, 2918.5741, 758.4250, 18.6356
2025-12-04 02:35:42, 0.0566192606, 0.0429248579, 0.0446754728, 0.0299361290, 3216.1852, 2978.1481, 756.5550, 18.7592
2025-12-04 02:35:47, 0.0450819640, 0.0528100846, 0.0598302041, 0.0406686250, 3063.9643, 2787.6607, 756.2150, 17.3231
2025-12-04 02:35:53, 0.0810091028, 0.0532444287, 0.1027721251, 0.0777341561, 3155.4355, 2870.1935, 756.4850, 18.9246
2025-12-04 02:35:59, 0.0870253411, 0.0728805862, 0.0552841844, 0.0404710402, 2970.6721, 2826.3115, 756.1050, 17.5742
2025-12-04 02:36:05, 0.0733306534, 0.0641351382, 0.0428273232, 0.0460702182, 3215.8636, 3006.5909, 758.0000, 18.6153
2025-12-04 02:36:11, 0.0896654150, 0.0644682518, 0.0547206648, 0.0503870930, 3100.5098, 2963.6863, 757.2750, 19.8897
2025-12-04 02:36:16, 0.0771958914, 0.0707948231, 0.0846163094, 0.0569874549, 3092.1509, 3011.0377, 759.1750, 20.3874
2025-12-04 02:36:22, 0.0818673154, 0.0562274077, 0.0555290128, 0.0349933582, 3142.2708, 2786.3333, 758.6750, 18.6070
2025-12-04 02:36:28, 0.0825180857, 0.0707875607, 0.0454733580, 0.0434588846, 3143.0164, 2932.8197, 760.0150, 17.5666
2025-12-04 02:36:34, 0.0825067880, 0.0859816893, 0.0620453920, 0.0839114418, 3049.3051, 3126.6780, 759.6600, 17.8226
2025-12-04 02:36:39, 0.0926294658, 0.0700569230, 0.0546617436, 0.0581421475, 3015.4444, 2876.9444, 759.7000, 19.2528
2025-12-04 02:36:45, 0.0808124085, 0.0672531622, 0.0559150119, 0.0405496006, 3144.6042, 2892.3750, 759.9950, 17.0295
2025-12-04 02:36:51, 0.0594046734, 0.0772288124, 0.0790065080, 0.0542619708, 3236.0851, 3093.4255, 758.8900, 18.3613
2025-12-04 02:36:57, 0.0661232645, 0.0685671257, 0.0600807811, 0.0404311285, 3122.2545, 2952.8182, 763.3950, 17.6233
2025-12-04 02:37:02, 0.0857491018, 0.0782116622, 0.0409601963, 0.0475537900, 2889.6087, 2803.4783, 757.1100, 18.7138
2025-12-04 02:37:08, 0.0977838747, 0.0871173496, 0.0578219318, 0.0473712120, 2928.7069, 2927.0862, 760.3350, 17.8304
2025-12-04 02:37:14, 0.0990556575, 0.1109776906, 0.0537764009, 0.0516557976, 3075.6346, 2918.8269, 762.2000, 18.8860
2025-12-04 02:37:20, 0.0949471819, 0.0771315776, 0.0751937926, 0.0583333916, 3021.2439, 2904.6341, 762.7800, 18.6944
2025-12-04 02:37:26, 0.0988071018, 0.0736153773, 0.0478083284, 0.0571602359, 2957.6250, 2886.3000, 759.3450, 17.8097
2025-12-04 02:37:32, 0.0778029310, 0.0829815526, 0.0459924644, 0.0410205321, 3009.2778, 2905.0000, 758.6550, 19.5245
2025-12-04 02:37:38, 0.0679916226, 0.0646515965, 0.0621694807, 0.0442391419, 3125.6923, 2888.8077, 758.1700, 19.5837
2025-12-04 02:37:44, 0.0654885511, 0.0465693847, 0.0692927391, 0.0598321630, 2995.6866, 2885.6567, 762.8100, 18.3920
2025-12-04 02:37:50, 0.0870631309, 0.0733575354, 0.0512550511, 0.0509127304, 3147.0800, 2943.4800, 763.1900, 18.4462
2025-12-04 02:37:55, 0.1006058487, 0.0736827465, 0.0410547630, 0.0517447774, 2975.0167, 2945.6667, 762.2650, 18.5859
2025-12-04 02:38:01, 0.0476764431, 0.0421237546, 0.0556560755, 0.0622357071, 3187.9692, 2964.0154, 759.5750, 18.1189
2025-12-04 02:38:07, 0.0561188355, 0.0566848841, 0.0469847057, 0.0406318105, 2968.4310, 2754.3103, 759.8700, 20.9827
2025-12-04 02:38:13, 0.0694323198, 0.0391342365, 0.0450863081, 0.0650254749, 3113.3846, 2967.0769, 760.4500, 17.5658
2025-12-04 02:38:19, 0.0466867127, 0.0348885445, 0.0496825644, 0.0568419456, 3053.4557, 2920.4304, 759.1200, 18.0772
2025-12-04 02:38:24, 0.0647442271, 0.0554301726, 0.0600435829, 0.0702166306, 3061.5652, 2961.6812, 759.8800, 18.9305
2025-12-04 02:38:30, 0.0473948074, 0.0569705215, 0.0449826881, 0.0449437757, 2911.7000, 2766.4000, 761.9550, 18.8174
2025-12-04 02:38:36, 0.0547759140, 0.0542882724, 0.0575038396, 0.0539086890, 2983.3065, 2851.3871, 759.7350, 19.1529
2025-12-04 02:38:42, 0.0458091635, 0.0412134885, 0.0446323238, 0.0471465117, 3209.3966, 2956.2759, 758.7100, 20.6043
2025-12-04 02:38:48, 0.0782775880, 0.0633235940, 0.0322534656, 0.0434772428, 2814.8594, 2810.9219, 760.0100, 19.3721
2025-12-04 02:38:53, 0.1076863106, 0.0658781198, 0.0282800958, 0.0323793370, 2909.4600, 2737.1000, 760.6400, 18.5863
2025-12-04 02:38:59, 0.0714216896, 0.0528754212, 0.0376458617, 0.0432704104, 3028.5893, 2963.9464, 761.0500, 18.3458
2025-12-04 02:39:05, 0.0618638708, 0.0575546970, 0.0553713982, 0.0540654034, 3012.8472, 2897.5694, 760.5450, 18.4398
2025-12-04 02:39:11, 0.0685722527, 0.0714100567, 0.0441803785, 0.0388320338, 3035.2381, 2933.3016, 758.8900, 18.3531
2025-12-04 02:39:17, 0.0691910466, 0.0590617440, 0.0478064602, 0.0405042798, 2919.8333, 2742.5303, 760.1900, 18.5786
2025-12-04 02:39:22, 0.0995188449, 0.0747213710, 0.0752478419, 0.0678089873, 3002.9811, 2934.2453, 760.4850, 18.9800
2025-12-04 02:39:28, 0.0483129115, 0.0555483191, 0.0562299242, 0.0350872102, 3071.5283, 2806.7358, 760.0250, 18.0863
2025-12-04 02:39:34, 0.0427650001, 0.0519474338, 0.0446893360, 0.0489624750, 3166.8036, 3013.5179, 755.8650, 16.9984
2025-12-04 02:39:40, 0.0490562497, 0.0507497760, 0.0439319326, 0.0424406339, 2929.1481, 2768.0370, 757.3650, 19.2557
2025-12-04 02:39:45, 0.0637785800, 0.0447121069, 0.0575886631, 0.0433634744, 3136.8000, 2812.1333, 756.5600, 19.3754
2025-12-04 02:39:51, 0.0511441685, 0.0467041118, 0.0454087848, 0.0495832291, 3004.1250, 2853.2031, 758.9800, 17.9005
2025-12-04 02:39:57, 0.0578129126, 0.0495481423, 0.1380940967, 0.1068847220, 3440.8077, 3242.1154, 760.2300, 20.1630
2025-12-04 02:40:03, 0.0510583359, 0.0510657158, 0.0399918302, 0.0536241039, 3092.6567, 2863.4478, 760.3000, 18.2937
2025-12-04 02:40:09, 0.0489419229, 0.0387866688, 0.0641460192, 0.0671519467, 2989.9577, 3001.3521, 758.4550, 18.3038
2025-12-04 02:40:15, 0.0616609061, 0.0493110332, 0.0365481922, 0.0421948284, 3067.9180, 3035.7213, 758.7800, 17.0558
2025-12-04 02:40:20, 0.0594552078, 0.0603559522, 0.0449752563, 0.0397037039, 3083.4419, 3029.2326, 757.4800, 19.8267
2025-12-04 02:40:26, 0.0353076363, 0.0496425282, 0.0869977330, 0.0698971472, 3024.2000, 2743.4000, 763.2150, 18.6486
2025-12-04 02:40:32, 0.0603257314, 0.0471606792, 0.0398638881, 0.0379222840, 3005.5370, 2832.2407, 760.0350, 18.3293
2025-12-04 02:40:38, 0.0687019775, 0.0519243684, 0.0489231798, 0.0432660701, 2938.1129, 2909.6935, 761.5800, 19.5155
2025-12-04 02:40:44, 0.0535693983, 0.0413158287, 0.0569221157, 0.0875406619, 2935.6667, 2878.7059, 757.6900, 17.5466
2025-12-04 02:40:49, 0.0717958178, 0.0760885864, 0.0424178045, 0.0493855716, 3118.9841, 3016.9683, 758.2600, 19.0101
2025-12-04 02:40:55, 0.0634973246, 0.0763160007, 0.0495839861, 0.0619205441, 3247.2500, 3054.5227, 759.5600, 20.2061
2025-12-04 02:41:01, 0.0639712783, 0.0653165826, 0.0485611230, 0.0469643675, 3231.4068, 3095.4237, 757.3750, 17.1774
2025-12-04 02:41:07, 0.0881671763, 0.0560607500, 0.0496635326, 0.0488011982, 3112.3333, 3011.8788, 758.2550, 17.3663
2025-12-04 02:41:13, 0.0697229465, 0.0700365831, 0.0836816355, 0.0734815295, 3067.7719, 2991.8246, 760.4350, 17.7864
2025-12-04 02:41:18, 0.1021960360, 0.1179091883, 0.0647749799, 0.0631273859, 2969.7288, 3052.5085, 761.0200, 18.8228
2025-12-04 02:41:24, 0.0924578685, 0.0882960251, 0.0613845333, 0.0692241754, 3223.2857, 3066.0000, 761.5550, 21.3709
2025-12-04 02:41:30, 0.1037095040, 0.0981630142, 0.0740538893, 0.0622563415, 3145.8140, 2933.9767, 763.1750, 19.6506
2025-12-04 02:41:36, 0.1395417933, 0.1216677042, 0.0601674672, 0.0537356781, 3031.7736, 2913.7547, 764.0300, 19.7944
2025-12-04 02:41:42, 0.0829488546, 0.0899375733, 0.0729077011, 0.0625296592, 3090.4468, 3020.8511, 762.7150, 18.6127
2025-12-04 02:41:47, 0.0759219024, 0.0642331111, 0.0615741096, 0.0754722423, 2996.8947, 2830.6842, 765.3650, 21.3542
2025-12-04 02:41:53, 0.0695097580, 0.0644524597, 0.0437393984, 0.0663948079, 2913.8846, 2885.8846, 766.2500, 20.0716
2025-12-04 02:41:59, 0.0901943931, 0.1201152593, 0.0539041148, 0.0428383288, 3242.9796, 2989.6327, 760.7150, 18.5993
2025-12-04 02:42:05, 0.0734770493, 0.0735491619, 0.0857107785, 0.0780468844, 3082.6719, 2851.5156, 765.6100, 21.0280
2025-12-04 02:42:10, 0.0630905774, 0.0547239375, 0.0624843631, 0.0475373142, 2978.3889, 2833.8148, 766.5500, 19.1945
2025-12-04 02:42:16, 0.0825052725, 0.0992384988, 0.0767394074, 0.0733945467, 3067.9138, 3006.2931, 762.9650, 19.3389
2025-12-04 02:42:22, 0.0933558016, 0.0953597350, 0.0947303164, 0.1071165553, 2863.0612, 2826.1837, 761.4250, 20.0223
2025-12-04 02:42:28, 0.0512844867, 0.0581704700, 0.0667119949, 0.0690189920, 2896.4754, 2748.0492, 765.4050, 19.8401
2025-12-04 02:42:34, 0.1105204224, 0.0764059773, 0.0791579649, 0.0807239886, 2875.3103, 2915.7414, 762.6250, 19.3009
2025-12-04 02:42:40, 0.0858933934, 0.0825091153, 0.0635490759, 0.0529156974, 2891.2917, 2813.5833, 761.8300, 20.0998
2025-12-04 02:42:46, 0.0932441601, 0.0997039550, 0.0946282577, 0.0708402385, 3096.3778, 2965.6000, 764.0850, 18.4075
2025-12-04 02:42:52, 0.1144777959, 0.0971180347, 0.0695419703, 0.0862307496, 3112.7966, 3141.5254, 761.9150, 18.6268
2025-12-04 02:42:58, 0.1015392733, 0.0795292850, 0.0732927202, 0.0835363128, 2915.9231, 2844.0192, 763.7550, 20.2340
2025-12-04 02:43:04, 0.0665562967, 0.0665478069, 0.0752746659, 0.0889796355, 3158.8372, 2954.5349, 762.3850, 19.9619
2025-12-04 02:43:09, 0.0594880473, 0.0595107853, 0.1146626997, 0.0991426183, 3054.1045, 3022.9403, 759.6550, 19.5833
2025-12-04 02:43:15, 0.0699970402, 0.0495587098, 0.0662596734, 0.0665732628, 3336.5789, 3018.9474, 763.6100, 19.1109
2025-12-04 02:43:21, 0.0867899138, 0.0899014980, 0.0746749203, 0.0907352671, 3074.8167, 2966.9000, 762.4050, 17.5089
2025-12-04 02:43:27, 0.0686540365, 0.0672879492, 0.0756525616, 0.0774229272, 2972.1346, 2850.6731, 770.6350, 23.6392
2025-12-04 02:43:32, 0.0836672202, 0.0729114301, 0.0795708040, 0.0583760828, 2963.0377, 2707.4528, 758.8350, 16.8306
2025-12-04 02:43:38, 0.0846805001, 0.0723709417, 0.0578418660, 0.0485523818, 3074.6304, 2955.9130, 760.3950, 18.7085
2025-12-04 02:43:44, 0.0961220375, 0.0780923426, 0.0382705944, 0.0513206987, 2904.0217, 2745.0435, 767.1200, 22.1365
2025-12-04 02:43:50, 0.0607517804, 0.0532990060, 0.0579641769, 0.0658118208, 2900.1087, 2843.5652, 768.8750, 19.7540
2025-12-04 02:43:55, 0.0653385839, 0.0736539395, 0.0795336623, 0.0863389493, 3086.7826, 2950.2754, 765.7000, 18.0106
2025-12-04 02:44:02, 0.0699563497, 0.0729106988, 0.1268174726, 0.0880159968, 3102.1273, 2979.3273, 765.8650, 18.9744
2025-12-04 02:44:07, 0.0676687390, 0.0544694684, 0.0533743993, 0.0406585438, 2943.2241, 2887.3621, 764.1450, 18.8352
2025-12-04 02:44:13, 0.0580924157, 0.0624020498, 0.0599086574, 0.0549057617, 2963.9762, 2901.7143, 761.7100, 19.5705
2025-12-04 02:44:19, 0.0917978700, 0.0719342066, 0.0473545937, 0.0572852632, 3069.6842, 3069.5965, 763.7300, 17.1545
2025-12-04 02:44:24, 0.0649484583, 0.0442836433, 0.0715435188, 0.0616667530, 2946.1132, 2875.8302, 763.7950, 17.5935
2025-12-04 02:44:30, 0.0641262550, 0.0510576289, 0.0737782653, 0.0618684561, 3009.1129, 2835.8871, 761.3700, 17.8567
2025-12-04 02:44:36, 0.0594397667, 0.0599613040, 0.0594122944, 0.0677587429, 2990.7455, 2801.0727, 762.6650, 17.3566
2025-12-04 02:44:42, 0.0925828946, 0.0950710793, 0.0729723574, 0.0484988992, 3104.0000, 2970.3636, 760.1900, 17.6265
2025-12-04 02:44:48, 0.0597936725, 0.0478997455, 0.0671203866, 0.0719919893, 2970.9836, 2843.9508, 761.0000, 18.9868
2025-12-04 02:44:54, 0.0610798225, 0.0463105636, 0.0618468753, 0.0484017913, 2975.3846, 2807.1731, 759.8750, 18.3221
2025-12-04 02:45:00, 0.0505615141, 0.0385554886, 0.0687192782, 0.0734787869, 3208.6833, 3103.0833, 760.9200, 17.6225
2025-12-04 02:45:06, 0.0786080901, 0.0550386090, 0.0779568223, 0.0668690205, 3352.2545, 3172.9091, 760.6650, 16.6908
2025-12-04 02:45:11, 0.0543484055, 0.0524820528, 0.0829100104, 0.0706560998, 2957.1556, 2879.9778, 759.6500, 17.0607
2025-12-04 02:45:17, 0.0701133465, 0.0606339980, 0.1006277136, 0.0743999762, 3011.9848, 2938.8485, 760.3650, 18.0092
2025-12-04 02:45:23, 0.0735760530, 0.0611830862, 0.0526616054, 0.0569440664, 2980.8478, 2981.7391, 760.3500, 19.3685
2025-12-04 02:45:29, 0.0781294228, 0.0649673982, 0.0728122546, 0.0508563138, 3155.5424, 2914.6102, 760.1200, 19.0726
2025-12-04 02:45:34, 0.0435851820, 0.0409807627, 0.0714730351, 0.0702317751, 3109.8382, 3038.4412, 760.5600, 20.2237
2025-12-04 02:45:40, 0.1015789345, 0.0748918560, 0.0465097297, 0.0450015523, 3025.4717, 2956.0943, 758.9550, 19.7675
2025-12-04 02:45:46, 0.0717233743, 0.0707382441, 0.0697424401, 0.0632458261, 2986.7037, 2961.3333, 760.1900, 18.7538
2025-12-04 02:45:52, 0.0509682112, 0.0397329745, 0.0421939898, 0.0380553729, 2915.2830, 2969.8302, 760.8250, 19.1733
2025-12-04 02:45:58, 0.0690807053, 0.0583164516, 0.0840712823, 0.0780580466, 3398.2857, 3311.3929, 758.6000, 18.4122
2025-12-04 02:46:04, 0.0654364738, 0.0568281342, 0.0972103891, 0.0620932072, 3216.2909, 3041.6000, 758.4800, 19.8917
2025-12-04 02:46:09, 0.0613694837, 0.0655030665, 0.0556393971, 0.0507788604, 2946.9245, 2855.2830, 758.9750, 20.3449
2025-12-04 02:46:15, 0.0642459915, 0.0504619406, 0.0583299208, 0.0442749945, 3105.5000, 2974.3276, 762.9300, 18.4045
2025-12-04 02:46:21, 0.0440206138, 0.0316661864, 0.0602520147, 0.0499507535, 3172.6786, 2945.0357, 764.4250, 18.6870
2025-12-04 02:46:27, 0.0472732154, 0.0401394943, 0.0711349077, 0.0719537547, 3151.3585, 3004.4528, 762.1650, 18.7536
2025-12-04 02:46:33, 0.0498313398, 0.0572670018, 0.0722025025, 0.0631498150, 3245.6038, 3011.5849, 763.1600, 19.7128
2025-12-04 02:46:38, 0.0635877459, 0.0581148424, 0.0660401532, 0.0478022999, 3048.6667, 2917.6471, 763.0950, 17.4862
2025-12-04 02:46:44, 0.0764874108, 0.0736624116, 0.0462345804, 0.0317515545, 3198.6562, 3028.2500, 762.1250, 19.3755
2025-12-04 02:46:50, 0.0917382045, 0.0724035451, 0.0779265185, 0.0522673585, 2931.6415, 2797.7925, 761.8800, 15.8081
2025-12-04 02:46:56, 0.0731127653, 0.0599934563, 0.0589491822, 0.0699458625, 3226.7692, 3136.7692, 761.4050, 19.4250
2025-12-04 02:47:01, 0.0491239857, 0.0572490642, 0.0808976609, 0.0519049618, 3178.7018, 3078.1053, 762.6100, 19.6308
2025-12-04 02:47:07, 0.0656007421, 0.0474920200, 0.0503005978, 0.0527948843, 2852.5116, 2684.1628, 760.2600, 19.8147
2025-12-04 02:47:13, 0.0459184427, 0.0364687960, 0.0638798057, 0.0546550870, 3204.7662, 2962.2338, 761.4300, 18.3473
2025-12-04 02:47:19, 0.0375023496, 0.0400021694, 0.0732770425, 0.0717540818, 3013.2727, 2897.9351, 762.4900, 18.9934
2025-12-04 02:47:24, 0.0520680530, 0.0520882612, 0.0772408330, 0.0633724687, 2855.9800, 2813.7600, 762.2150, 18.0964
2025-12-04 02:47:30, 0.0583000625, 0.0530171737, 0.0939726456, 0.1035300798, 3017.5821, 2872.2836, 762.3000, 18.0189
2025-12-04 02:47:36, 0.0480093788, 0.0514999613, 0.0686283926, 0.0541308719, 3100.8000, 2895.7000, 762.3050, 18.8314
2025-12-04 02:47:42, 0.0651929194, 0.0556724628, 0.0900862898, 0.1018001050, 3269.1957, 3058.9348, 762.1600, 21.5519
2025-12-04 02:47:49, 0.0626746844, 0.0524083351, 0.0705111733, 0.0582160399, 3085.8507, 3043.7612, 762.2050, 19.1912
2025-12-04 02:47:55, 0.0352800720, 0.0474386679, 0.0778699659, 0.0786608552, 2917.9153, 2845.0339, 759.1000, 20.2255
2025-12-04 02:48:00, 0.0514870996, 0.0479710488, 0.0693412948, 0.0613995883, 2899.6316, 2779.9474, 761.6100, 19.0394
2025-12-04 02:48:06, 0.0586911553, 0.0578474215, 0.0554960410, 0.0594457804, 3106.3846, 3038.8462, 763.0300, 19.5923
2025-12-04 02:48:12, 0.0935436867, 0.0568485928, 0.0599196772, 0.0553269009, 3036.9630, 3038.0185, 760.9900, 18.0903
2025-12-04 02:48:18, 0.0487751251, 0.0557168417, 0.0855364135, 0.0666632659, 3113.4444, 3033.8472, 760.1650, 19.9744
2025-12-04 02:48:23, 0.0585909505, 0.0536009688, 0.0661675944, 0.0508215450, 3067.5645, 2948.8548, 760.5850, 18.2812
2025-12-04 02:48:29, 0.0492223296, 0.0507908539, 0.0490113832, 0.0533572868, 3043.9825, 2754.6140, 761.1550, 15.9079
2025-12-04 02:48:35, 0.0637900335, 0.0499543995, 0.0718137289, 0.0575792762, 3136.9667, 2935.8333, 763.1050, 18.6602
2025-12-04 02:48:41, 0.0442975468, 0.0472986163, 0.0608077322, 0.0588646157, 2871.7463, 2746.4179, 759.5550, 19.4445
2025-12-04 02:48:47, 0.0672883576, 0.0680961825, 0.0598500485, 0.0520458325, 3173.3542, 2984.6250, 758.9300, 17.1699
2025-12-04 02:48:53, 0.0995071059, 0.0872052158, 0.0602014203, 0.0594199716, 3020.1481, 2960.8519, 752.7400, 18.1186
2025-12-04 02:48:58, 0.0894021021, 0.0751909083, 0.0585075503, 0.0673696505, 3009.9057, 2919.4906, 754.7750, 16.9196
2025-12-04 02:49:04, 0.0788659185, 0.0713927661, 0.0542088790, 0.0524343487, 3073.6852, 3098.0556, 754.1350, 17.6374
2025-12-04 02:49:10, 0.0752533763, 0.0762843297, 0.0635794023, 0.0537299744, 2774.4737, 2740.9342, 754.2350, 18.3136
2025-12-04 02:49:15, 0.0926186171, 0.0640502314, 0.0587933456, 0.0496126122, 3204.6863, 3028.2941, 754.2600, 18.5122
2025-12-04 02:49:21, 0.0656061740, 0.0604017642, 0.0999605580, 0.0662712814, 3219.1857, 3098.5857, 752.9650, 17.8456
2025-12-04 02:49:27, 0.0625842571, 0.0563682965, 0.0706573447, 0.0803632802, 2906.3810, 2803.2222, 755.3000, 17.2766
2025-12-04 02:49:33, 0.0708301502, 0.0712018330, 0.0471140540, 0.0362276107, 2826.6122, 2719.2653, 755.6750, 16.9967
2025-12-04 02:49:38, 0.0715995397, 0.0546890400, 0.0551364898, 0.0591669747, 2879.1053, 2872.3684, 758.1550, 18.2448
2025-12-04 02:49:44, 0.0692752657, 0.0591456550, 0.0531536328, 0.0428970118, 3039.1020, 2917.1224, 760.2150, 19.2424
2025-12-04 02:49:50, 0.1025145110, 0.0921128616, 0.0533859748, 0.0468747541, 2916.5455, 2858.3455, 759.1400, 17.6207
2025-12-04 02:49:56, 0.0940291641, 0.1317328387, 0.0790194221, 0.0686166873, 3230.7347, 3126.9592, 758.6150, 18.4015
2025-12-04 02:50:02, 0.1099267507, 0.1083071083, 0.0795539927, 0.0705998779, 2996.9483, 2914.7586, 757.9350, 18.5025
2025-12-04 02:50:08, 0.0600748004, 0.0622713136, 0.0964888868, 0.0900251035, 3133.0000, 3032.5238, 757.6100, 18.3322
2025-12-04 02:50:14, 0.0910105232, 0.0934511026, 0.0481517629, 0.0397081693, 3016.4783, 3071.3043, 757.0750, 16.6217
2025-12-04 02:50:19, 0.1081749071, 0.0916548840, 0.0545667716, 0.0522640634, 2803.3818, 2732.0727, 761.7900, 19.9243
2025-12-04 02:50:25, 0.1265693728, 0.1064361451, 0.0498035185, 0.0482588267, 3006.0000, 2982.0000, 762.1600, 18.5428
2025-12-04 02:50:31, 0.0765629801, 0.0801861715, 0.0694705963, 0.0764482041, 3104.9020, 3065.7843, 762.7250, 18.3875
2025-12-04 02:50:37, 0.0742993323, 0.0907530799, 0.0635512754, 0.0659152166, 3073.3492, 2987.3333, 764.1600, 17.5090
2025-12-04 02:50:43, 0.1290605943, 0.0973996712, 0.0437231716, 0.0489842206, 3063.4310, 3066.1724, 763.8000, 18.1945
2025-12-04 02:50:48, 0.1007713382, 0.0910065662, 0.0808201753, 0.0630975757, 2902.4906, 2840.5094, 762.1350, 19.4009
2025-12-04 02:50:54, 0.0929708668, 0.1076971613, 0.0537484162, 0.0555583722, 2883.2400, 2839.9000, 764.6250, 19.2869
2025-12-04 02:51:00, 0.1079303267, 0.0925540972, 0.0579288510, 0.0563736147, 2971.1429, 2878.6667, 767.8650, 18.5453
2025-12-04 02:51:06, 0.0997591442, 0.0977361376, 0.0673042480, 0.0658553644, 3270.0000, 3166.8475, 767.6100, 19.8974
2025-12-04 02:51:12, 0.0563288728, 0.0576795386, 0.0650354305, 0.0540561171, 3125.0741, 2893.2593, 768.0650, 17.9742
2025-12-04 02:51:18, 0.0992148508, 0.0911617243, 0.0453953303, 0.0430646611, 2845.7255, 2817.9216, 766.6400, 17.5940
2025-12-04 02:51:23, 0.0930483654, 0.0772241653, 0.0764937226, 0.0779989469, 3175.9138, 3068.5862, 764.4100, 18.0832
2025-12-04 02:51:29, 0.0907794020, 0.0967440942, 0.0523544075, 0.0496168305, 2932.2727, 2864.4545, 764.5700, 17.4045
2025-12-04 02:51:35, 0.0975085043, 0.1100266611, 0.0833739704, 0.1039895385, 2920.0000, 2965.5000, 762.6700, 16.4131
2025-12-04 02:51:41, 0.1446367761, 0.0854448251, 0.0490206379, 0.0669651492, 2903.8293, 2954.8537, 763.5050, 18.1670
2025-12-04 02:51:46, 0.0844207251, 0.0587893322, 0.0756502900, 0.0721507496, 2927.5849, 2818.8302, 762.2600, 19.1186
2025-12-04 02:51:52, 0.0966831679, 0.0958635001, 0.0698825045, 0.0694402323, 2889.2182, 2885.2000, 762.1700, 17.2442
2025-12-04 02:51:58, 0.0676062917, 0.0914400441, 0.0621234042, 0.0505263343, 2927.4386, 2842.7018, 763.9050, 18.0268
2025-12-04 02:52:04, 0.0531753901, 0.0452034917, 0.0433295271, 0.0582397964, 2942.7193, 2845.2456, 761.8900, 17.9167
2025-12-04 02:52:10, 0.0696936920, 0.0780486025, 0.0744195801, 0.0633990287, 2959.4746, 2918.7627, 763.4700, 17.8292
2025-12-04 02:52:16, 0.0915745306, 0.0883658490, 0.1241404243, 0.1035868179, 3044.6170, 3045.6383, 763.4000, 18.1587
2025-12-04 02:52:22, 0.0671752639, 0.0748364031, 0.0520048427, 0.0566204799, 3071.0517, 3036.7414, 758.7050, 17.6768
2025-12-04 02:52:27, 0.0726866960, 0.1053436063, 0.0471400435, 0.0624402818, 2939.5000, 2790.4500, 758.1300, 19.4094
2025-12-04 02:52:34, 0.1120843599, 0.0912003399, 0.0859387356, 0.0782414549, 3208.6122, 3078.7551, 758.3050, 18.7934
2025-12-04 02:52:39, 0.0900522487, 0.0783330922, 0.0754796403, 0.0753869186, 2892.3256, 2732.5116, 761.1000, 18.1915
2025-12-04 02:52:45, 0.0922894048, 0.0744995113, 0.0744011816, 0.0601153015, 3139.1017, 3044.9322, 763.8750, 18.5324
2025-12-04 02:52:51, 0.0844295937, 0.0977480381, 0.0704144108, 0.0523957907, 3255.4151, 3228.5283, 759.4850, 18.1797
2025-12-04 02:52:57, 0.0920171117, 0.0902362898, 0.0980634950, 0.0782878623, 3077.8571, 2947.8367, 756.3950, 18.2953
2025-12-04 02:53:02, 0.0669908988, 0.0526302256, 0.0983717000, 0.0802153814, 2981.7636, 2917.3091, 756.5400, 17.6499
2025-12-04 02:53:08, 0.0715669913, 0.0751888641, 0.0639325999, 0.0711265867, 3202.9615, 3204.3654, 756.5200, 17.2235
2025-12-04 02:53:14, 0.0931807454, 0.0759952476, 0.0666726388, 0.0733793702, 2902.6250, 2928.5417, 755.5400, 18.6445
2025-12-04 02:53:20, 0.0841361237, 0.0828546800, 0.0714890919, 0.0759899973, 3232.1915, 3042.7234, 757.7800, 17.6958
2025-12-04 02:53:26, 0.0542573908, 0.0655273774, 0.0834888351, 0.0573731733, 2954.4386, 2935.7544, 759.8550, 19.9621
2025-12-04 02:53:31, 0.0697075515, 0.0678017638, 0.0746317600, 0.0695937973, 3338.0000, 3227.9400, 759.1450, 18.3397
2025-12-04 02:53:37, 0.0921646933, 0.0849532963, 0.0771981809, 0.0777773388, 2876.5490, 2816.3137, 759.5450, 19.1713
2025-12-04 02:53:43, 0.0727921337, 0.0922357097, 0.0515660989, 0.0560467780, 2954.7059, 2938.0392, 758.7200, 19.2047
2025-12-04 02:53:49, 0.1071070578, 0.0732442051, 0.0684644946, 0.0553680519, 3016.8305, 3000.2373, 758.7550, 20.0226
2025-12-04 02:53:55, 0.0789894244, 0.0852246452, 0.0594230847, 0.0654793329, 3080.1429, 3023.2500, 760.0900, 18.4781
2025-12-04 02:54:00, 0.1062993872, 0.0819050129, 0.0594048718, 0.0488783815, 3124.8246, 3075.2632, 761.9650, 19.6800
2025-12-04 02:54:06, 0.0818094682, 0.0681154165, 0.0505772343, 0.0607579341, 3008.1905, 2814.8810, 760.4000, 18.7840
2025-12-04 02:54:12, 0.1029758994, 0.0822053269, 0.0515345458, 0.0448002311, 2914.3167, 2945.6500, 760.4800, 17.5040
2025-12-04 02:54:18, 0.0771764692, 0.0779150966, 0.0620313707, 0.0526660526, 3039.1000, 2909.7000, 762.9350, 20.5093
2025-12-04 02:54:24, 0.0770086124, 0.0653978246, 0.0639386252, 0.0801285908, 3005.9808, 3020.8269, 759.2500, 16.9162
2025-12-04 02:54:29, 0.0686858143, 0.0534081696, 0.0787104261, 0.0617973049, 3063.6500, 3043.0750, 760.0500, 18.7371
2025-12-04 02:54:35, 0.0763779983, 0.0589473051, 0.0861088464, 0.0766760358, 2942.7609, 2775.6304, 763.0450, 18.4001
2025-12-04 02:54:41, 0.0747918375, 0.0624891192, 0.0547646421, 0.0490757226, 3208.2656, 3200.6562, 759.3000, 17.7744
2025-12-04 02:54:46, 0.0528070390, 0.0499389491, 0.0935136328, 0.0690945716, 3083.0192, 2941.0577, 761.9950, 17.2318
2025-12-04 02:54:52, 0.1012762640, 0.0691491831, 0.0725786420, 0.0874042507, 2864.4717, 2935.9057, 764.3000, 18.4551
2025-12-04 02:54:58, 0.0981211601, 0.0780580004, 0.0562735728, 0.0515989903, 3309.4717, 3244.9057, 763.6000, 17.9416
2025-12-04 02:55:04, 0.0751217504, 0.0765623323, 0.0825039563, 0.0959267036, 3139.2407, 2902.0370, 764.1400, 18.5758
2025-12-04 02:55:09, 0.0881610481, 0.0782050256, 0.0541544197, 0.0572476795, 3152.0000, 3162.9375, 765.1200, 19.4894
2025-12-04 02:55:15, 0.0819132693, 0.0624803888, 0.0597044262, 0.0512540624, 2930.7818, 2838.2364, 764.0450, 19.2269
2025-12-04 02:55:21, 0.0911551415, 0.0702947675, 0.0772492557, 0.0691957392, 3320.6154, 3053.0256, 767.2300, 19.1052
2025-12-04 02:55:27, 0.0941713629, 0.0811693807, 0.0955661964, 0.0754511644, 3209.2545, 3155.1091, 765.6850, 18.3912
2025-12-04 02:55:34, 0.0546776327, 0.0456389437, 0.0789820574, 0.0665949026, 3075.1045, 2920.2090, 767.5400, 19.9323
2025-12-04 02:55:39, 0.0518917000, 0.0848183396, 0.0397270266, 0.0443436188, 2856.7846, 2815.7846, 771.7400, 19.1915
2025-12-04 02:55:45, 0.0418633831, 0.0430232089, 0.0751637522, 0.0589561794, 3049.5588, 2877.7353, 766.9400, 18.9496
2025-12-04 02:55:51, 0.0444696112, 0.0481795937, 0.1137111107, 0.0814620295, 3183.5098, 3057.9020, 768.1450, 17.7545
2025-12-04 02:55:57, 0.0358084130, 0.0358364899, 0.0550400275, 0.0520881930, 2923.6078, 2647.0980, 766.8550, 19.1223
2025-12-04 02:56:03, 0.0654939857, 0.0563831660, 0.0707525423, 0.0781945327, 2940.7037, 2869.0370, 766.4900, 20.2027
2025-12-04 02:56:08, 0.0547648897, 0.0462250594, 0.0726433551, 0.0709321454, 3055.0408, 2857.9796, 765.1050, 20.8989
2025-12-04 02:56:14, 0.0686214625, 0.0643873285, 0.0829193144, 0.0567186614, 3091.2881, 2933.7966, 767.5450, 19.4984
2025-12-04 02:56:20, 0.0554254410, 0.0664931813, 0.0694025084, 0.0472884447, 3025.5283, 3019.1698, 763.3500, 20.1724
2025-12-04 02:56:26, 0.0797372181, 0.0931223097, 0.0617586054, 0.0634739547, 3100.2632, 3086.0526, 759.7450, 18.9700
2025-12-04 02:56:31, 0.0573960364, 0.0865840267, 0.0886337667, 0.0685489460, 2931.0571, 2919.7714, 762.4450, 18.9596
2025-12-04 02:56:37, 0.1121066990, 0.0807371379, 0.0687721946, 0.0669999733, 3008.8793, 2893.0517, 760.3450, 19.0643
2025-12-04 02:56:43, 0.0989698338, 0.0721522689, 0.0625802156, 0.0542671435, 3151.2419, 3093.1129, 756.8900, 20.2019
2025-12-04 02:56:49, 0.0662793041, 0.0629267982, 0.0664825855, 0.0577035320, 2896.7541, 2793.7377, 761.2500, 19.8020
2025-12-04 02:56:55, 0.1062398160, 0.0780048339, 0.0606674316, 0.0462987378, 2959.0189, 2852.0189, 756.4600, 18.8435
2025-12-04 02:57:00, 0.0591558948, 0.0720482504, 0.0619896939, 0.0716497761, 3114.4839, 2997.6935, 758.7200, 18.9037
2025-12-04 02:57:06, 0.0595274801, 0.0669410493, 0.0538895072, 0.0496748733, 2756.8627, 2581.7059, 759.5850, 18.1866
2025-12-04 02:57:12, 0.0497849909, 0.0491251490, 0.0703270210, 0.0385652084, 3261.2456, 2994.4211, 757.5800, 16.9928
2025-12-04 02:57:18, 0.0439471705, 0.0568952001, 0.0947240433, 0.0680823158, 3117.7833, 2912.6000, 758.8200, 18.3070
2025-12-04 02:57:24, 0.0790967091, 0.0601538591, 0.0970833432, 0.0634098877, 3076.0357, 2781.3214, 760.7550, 17.4738
2025-12-04 02:57:29, 0.0676600022, 0.0786672181, 0.0650709463, 0.0716597055, 2994.1148, 2976.2131, 759.9400, 20.1404
2025-12-04 02:57:35, 0.0740462799, 0.0501464314, 0.0674449017, 0.0607917541, 2998.9589, 2858.5890, 758.5200, 20.3470
2025-12-04 02:57:41, 0.0990374225, 0.0898839607, 0.0767802741, 0.0637509513, 3023.2593, 2926.4074, 756.8750, 17.3640
2025-12-04 02:57:47, 0.0581637666, 0.0684825380, 0.0799437388, 0.0570684590, 2915.8431, 2840.6471, 757.8150, 18.9331
2025-12-04 02:57:53, 0.0531800718, 0.0586301763, 0.0596521331, 0.0660555359, 2927.7206, 2896.9706, 757.0150, 19.7209
2025-12-04 02:57:58, 0.0491742491, 0.0489541493, 0.0763883227, 0.0791106627, 2963.7619, 2965.6190, 759.5800, 17.7934
2025-12-04 02:58:04, 0.0759874188, 0.0683226682, 0.0742663569, 0.0680497342, 2958.5962, 2847.6923, 757.1850, 17.3494
2025-12-04 02:58:10, 0.0647565193, 0.0523754217, 0.0742584374, 0.0735640498, 3144.3333, 3003.3148, 757.1300, 18.0206
2025-12-04 02:58:15, 0.0725868055, 0.0636534006, 0.0861778670, 0.0955184132, 3122.1875, 2984.6458, 758.7750, 17.3858
2025-12-04 02:58:21, 0.0669203519, 0.0577259116, 0.1120967011, 0.1154809707, 3053.8654, 2927.9038, 757.3500, 18.6155
2025-12-04 02:58:27, 0.0821283873, 0.0557571984, 0.0631109745, 0.0734674949, 2984.5769, 2872.0769, 758.6000, 18.4776
2025-12-04 02:58:33, 0.0809090322, 0.0565443100, 0.0533529883, 0.0540462454, 2799.1698, 2789.5849, 755.9400, 18.0484
2025-12-04 02:58:39, 0.0734373574, 0.0670024806, 0.1315768349, 0.0821775896, 3229.1333, 2938.4667, 756.1950, 16.8964
2025-12-04 02:58:44, 0.0632158813, 0.0630304663, 0.0756392452, 0.0592588894, 3053.4167, 2953.7500, 757.3500, 19.6710
2025-12-04 02:58:50, 0.0537745992, 0.0455454282, 0.0860699076, 0.0654333789, 2960.6863, 2823.8627, 760.7250, 18.3060
2025-12-04 02:58:56, 0.0492497904, 0.0470484644, 0.0874011997, 0.0825928826, 2923.6304, 2803.3043, 761.4450, 17.0501
2025-12-04 02:59:02, 0.0509912020, 0.0499091171, 0.0977670046, 0.0818281498, 2996.2586, 3064.7069, 759.9100, 18.2694
2025-12-04 02:59:08, 0.0659562140, 0.0631185171, 0.0846603112, 0.0742287765, 2944.4833, 2856.0000, 761.7850, 19.0898
2025-12-04 02:59:13, 0.0689749112, 0.0482401538, 0.0805588047, 0.0771336231, 2995.2903, 2926.1452, 759.0800, 16.2673
2025-12-04 02:59:19, 0.0660259732, 0.0611691221, 0.0732355835, 0.0816110226, 2883.9298, 2844.3158, 757.0950, 16.5878
2025-12-04 02:59:25, 0.0695487086, 0.0634124103, 0.0862381392, 0.0647739244, 3114.1765, 2971.5686, 759.5750, 17.5478
2025-12-04 02:59:31, 0.0694048329, 0.0673066674, 0.0615225163, 0.0669546742, 2815.5283, 2849.6792, 760.2400, 17.4592
2025-12-04 02:59:37, 0.0664241817, 0.0528254277, 0.1041836925, 0.0636305651, 3238.4318, 2889.2955, 759.0350, 17.2512
2025-12-04 02:59:42, 0.0580840722, 0.0661768150, 0.0760995792, 0.0601701737, 3321.6047, 3157.9535, 759.3200, 17.3729
2025-12-04 02:59:48, 0.0582933095, 0.0537918836, 0.0935653252, 0.0654991194, 3296.8182, 3024.9091, 764.2800, 18.6030
2025-12-04 02:59:54, 0.0658009754, 0.0639513702, 0.0774753604, 0.0795248055, 3014.9623, 2962.3585, 757.4100, 17.9182
2025-12-04 03:00:00, 0.0573441826, 0.0621929860, 0.0695060439, 0.0710925443, 2934.1633, 2846.5918, 763.2350, 18.2869
2025-12-04 03:00:06, 0.0518284115, 0.0536859614, 0.0945685434, 0.0891636980, 3316.6250, 3104.7500, 762.8350, 17.3383
2025-12-04 03:00:12, 0.0582224253, 0.0551348062, 0.0700983369, 0.0745259987, 2708.2909, 2705.1636, 766.6600, 17.4844
2025-12-04 03:00:17, 0.0469587657, 0.0498602940, 0.1169732183, 0.0782112060, 3119.6222, 2954.7333, 762.1850, 17.2601
2025-12-04 03:00:23, 0.0622532233, 0.0868300255, 0.0739645651, 0.0864744311, 3161.1194, 3166.1045, 763.6650, 16.3191
2025-12-04 03:00:29, 0.0533593721, 0.0559822202, 0.0767360997, 0.0783200311, 3051.6379, 2958.3448, 762.1200, 17.4673
2025-12-04 03:00:35, 0.0994250657, 0.0666063723, 0.0735185926, 0.0496499353, 3186.2000, 3138.8444, 764.2550, 17.9950
2025-12-04 03:00:41, 0.0513863244, 0.0510666608, 0.0506867325, 0.0626875428, 2745.4000, 2887.1273, 759.9600, 20.3884
2025-12-04 03:00:46, 0.0509584962, 0.0601973035, 0.0773550015, 0.0487077535, 3053.6731, 2744.9231, 761.0400, 16.4975
2025-12-04 03:00:52, 0.0584994344, 0.0624740336, 0.0508657921, 0.0533716097, 2890.8983, 2946.8305, 765.8450, 17.5975
2025-12-04 03:00:58, 0.0871880932, 0.0642497876, 0.0551974045, 0.0581461523, 2900.3750, 2951.4375, 760.1800, 17.1871
2025-12-04 03:01:04, 0.0658826500, 0.0470793647, 0.0771136769, 0.0696625015, 3123.5128, 2876.7949, 759.7000, 19.0095
2025-12-04 03:01:10, 0.0686154453, 0.0653868326, 0.0956919744, 0.0733555640, 2832.5111, 2762.0889, 758.1600, 18.9403
2025-12-04 03:01:16, 0.0672639556, 0.0701180797, 0.0589522153, 0.0520569750, 2892.1343, 2829.8358, 760.4150, 17.4632
2025-12-04 03:01:21, 0.0513403635, 0.0354145539, 0.0842221358, 0.0868278553, 2925.7344, 2928.9531, 754.7350, 19.0088
2025-12-04 03:01:27, 0.0672701267, 0.0617224060, 0.1226586660, 0.1014380256, 3090.4524, 3077.8571, 756.4450, 16.2270
2025-12-04 03:01:33, 0.0856540659, 0.0716315922, 0.0596469992, 0.0673745007, 3096.2250, 3108.8250, 756.9450, 18.0087
2025-12-04 03:01:39, 0.0778926396, 0.0706978171, 0.0879440326, 0.0683617460, 3166.7660, 2970.2553, 754.7550, 18.9796
2025-12-04 03:01:45, 0.0535009845, 0.0545520902, 0.0541122528, 0.0705231764, 3071.3333, 3079.7963, 754.1850, 17.8376
2025-12-04 03:01:50, 0.0964548423, 0.0512460060, 0.0520930118, 0.0662069029, 2902.4259, 2838.6852, 755.4400, 18.3689
2025-12-04 03:01:56, 0.0858612309, 0.0694596934, 0.0644811404, 0.0661517118, 3080.0682, 2982.7727, 755.1000, 18.0826
2025-12-04 03:02:02, 0.0987480685, 0.0911190915, 0.1037143803, 0.0895586859, 3166.3810, 3179.0238, 755.9750, 18.5355
2025-12-04 03:02:08, 0.0566274400, 0.0527695488, 0.0832885482, 0.0753318218, 3185.4143, 3077.7286, 755.5200, 18.5437
2025-12-04 03:02:13, 0.0852600238, 0.0846212151, 0.0784472117, 0.0842785309, 3202.4565, 3029.3043, 756.5000, 17.3511
2025-12-04 03:02:19, 0.0920086941, 0.0986657580, 0.0911116792, 0.0636779782, 3130.5714, 3141.1633, 754.3300, 17.9452
2025-12-04 03:02:25, 0.0644657071, 0.0692628647, 0.0532973382, 0.1002922911, 2882.7234, 2945.0851, 754.5450, 17.1656
2025-12-04 03:02:31, 0.0757666599, 0.0759230155, 0.0771792041, 0.1062094374, 3016.8621, 3026.4310, 757.7450, 17.8885
2025-12-04 03:02:36, 0.1247699174, 0.0809074900, 0.0722993469, 0.0788537013, 3096.1250, 3219.4792, 760.3700, 20.4796
2025-12-04 03:02:42, 0.0960437234, 0.0734743851, 0.0772328467, 0.0715119602, 2607.0196, 2699.5490, 754.9750, 17.9102
2025-12-04 03:02:48, 0.0864250356, 0.0835731415, 0.0687872213, 0.0706262574, 2895.6042, 2909.4583, 759.8150, 18.3734
2025-12-04 03:02:54, 0.0881005938, 0.0840722977, 0.0972255997, 0.1055578456, 3008.9091, 2982.3636, 761.0850, 18.9694
2025-12-04 03:03:00, 0.0804661028, 0.0692867984, 0.0480747983, 0.0628803327, 2915.7073, 2933.4390, 761.6700, 17.6083
2025-12-04 03:03:06, 0.0907452261, 0.0860555378, 0.0794237500, 0.0607424370, 2852.5091, 2911.5818, 759.5600, 18.8159
2025-12-04 03:03:11, 0.0744624328, 0.0744568278, 0.0907711048, 0.0948946065, 3152.6250, 3048.1250, 762.3200, 18.8525
2025-12-04 03:03:17, 0.0776839284, 0.0664421738, 0.0759887046, 0.0713439358, 3061.0727, 3121.0182, 759.2050, 18.3895
2025-12-04 03:03:23, 0.0646632833, 0.0734458868, 0.1180727381, 0.0887168904, 2954.6136, 2938.3864, 761.0650, 17.8382
2025-12-04 03:03:29, 0.0602729745, 0.0606670477, 0.0560823268, 0.0787551437, 2943.5652, 2982.6957, 760.1800, 18.5504
2025-12-04 03:03:35, 0.0416689166, 0.0385373735, 0.1200628787, 0.1253212534, 3106.8478, 3254.1087, 760.4350, 17.4025
2025-12-04 03:03:40, 0.0575864886, 0.0406719627, 0.0901158877, 0.0956785583, 3025.4444, 2885.2593, 759.2400, 19.3117
2025-12-04 03:03:46, 0.0463242201, 0.0417172709, 0.0787838148, 0.0760189251, 2900.8909, 2867.9636, 762.1550, 18.2771
2025-12-04 03:03:52, 0.0594228489, 0.0415825558, 0.0790778138, 0.0604098553, 2862.1087, 2793.6087, 761.7850, 18.9391
2025-12-04 03:03:58, 0.0421305395, 0.0541760199, 0.0922109335, 0.0677967046, 3454.5349, 3169.0233, 761.2350, 18.7059
2025-12-04 03:04:04, 0.0590262422, 0.0400250108, 0.0830657620, 0.0627864336, 3169.1731, 3175.9231, 761.8850, 19.6146
2025-12-04 03:04:09, 0.0487595095, 0.0524134787, 0.1322479586, 0.1009339078, 3399.8462, 3251.5385, 761.4250, 19.0739
2025-12-04 03:04:15, 0.0895962351, 0.0667896761, 0.0933891238, 0.0933289593, 2853.3725, 2747.8627, 761.1750, 18.1374
2025-12-04 03:04:21, 0.1064976282, 0.0873285607, 0.0886974399, 0.0789832802, 2999.2308, 3042.9423, 761.7000, 17.7688
2025-12-04 03:04:27, 0.0742136147, 0.0704657993, 0.0742624943, 0.1040392119, 3126.3654, 3071.0577, 758.7200, 17.8824
2025-12-04 03:04:32, 0.0725798129, 0.0619459538, 0.0715453427, 0.0838568786, 2960.7660, 2918.5532, 759.8700, 18.9542
2025-12-04 03:04:38, 0.0494319821, 0.0635084220, 0.0576639655, 0.0348837352, 3003.6939, 2963.0000, 761.6700, 16.8232
2025-12-04 03:04:44, 0.0567435236, 0.0495023228, 0.0984200044, 0.0685310510, 2981.0968, 2999.9355, 762.5000, 18.8523
2025-12-04 03:04:50, 0.0515652949, 0.0439849043, 0.0612575475, 0.0826107394, 3087.4510, 3144.4706, 766.8300, 20.3350
2025-12-04 03:04:56, 0.0599536099, 0.0619001242, 0.1492413307, 0.1135783821, 3277.6852, 3228.5000, 762.6750, 18.8364
2025-12-04 03:05:01, 0.0531871230, 0.0587816137, 0.0452015738, 0.0724242523, 2851.2264, 2908.4151, 764.5250, 18.4848
2025-12-04 03:05:07, 0.0949697851, 0.0774792652, 0.1033889158, 0.0779166195, 2994.4444, 3065.6889, 762.0900, 18.4226
2025-12-04 03:05:13, 0.0764952034, 0.0584785128, 0.0610803923, 0.0564419483, 2979.3036, 3045.5000, 761.1600, 20.0179
2025-12-04 03:05:19, 0.0624086740, 0.0436649681, 0.1270525926, 0.1009479254, 3164.0682, 2983.6818, 761.8450, 20.9891
2025-12-04 03:05:24, 0.0502320671, 0.0699373001, 0.0865124193, 0.0778103780, 3128.0952, 2962.5000, 762.6850, 17.4338
2025-12-04 03:05:30, 0.0569974379, 0.0544877261, 0.0890303681, 0.0850215081, 2822.0161, 2842.4516, 762.7000, 18.8645
2025-12-04 03:05:36, 0.0650702403, 0.0627840451, 0.0958224225, 0.1071998739, 2939.2857, 3009.6531, 762.5550, 17.8168
2025-12-04 03:05:42, 0.0758457860, 0.0557222335, 0.1260047601, 0.1033435990, 2895.6818, 2829.2500, 760.5900, 19.3952
2025-12-04 03:05:48, 0.0499889646, 0.0602543764, 0.0790813650, 0.0786321886, 2861.6275, 2946.2157, 764.3650, 18.7566
2025-12-04 03:05:54, 0.0597501001, 0.0572888299, 0.1123448678, 0.1016750309, 3052.3043, 2948.1522, 761.7650, 17.9100
2025-12-04 03:05:59, 0.0975309879, 0.0811098047, 0.1109925988, 0.0971113790, 3119.0877, 2987.5614, 761.9050, 19.6946
2025-12-04 03:06:05, 0.0667312465, 0.0686025769, 0.1714436457, 0.0942957113, 3068.3333, 2984.6970, 763.4000, 19.8816
2025-12-04 03:06:11, 0.0519316444, 0.0461698373, 0.1162671414, 0.0904760565, 2934.2000, 2964.3400, 761.4700, 17.9463
2025-12-04 03:06:17, 0.0583013991, 0.0415143839, 0.0821985482, 0.1143626159, 3075.9556, 3229.6889, 757.9650, 18.5737
2025-12-04 03:06:22, 0.0474749908, 0.0304853848, 0.1320342333, 0.1185662540, 2998.3514, 3013.2703, 762.7500, 17.4945
2025-12-04 03:06:28, 0.0549144029, 0.0568871570, 0.0622264320, 0.0964276119, 2907.8824, 3094.5098, 763.3200, 18.2636
2025-12-04 03:06:34, 0.0522022951, 0.0615154412, 0.0590751907, 0.0548077088, 2786.9483, 2734.7586, 757.4100, 19.6863
2025-12-04 03:06:40, 0.0591197218, 0.0429680639, 0.0837558420, 0.0718677372, 2858.4444, 2901.4222, 759.7900, 17.2941
2025-12-04 03:06:45, 0.0654866392, 0.0562906332, 0.0999796713, 0.0876402454, 2824.7241, 2857.5862, 760.0550, 18.7673
2025-12-04 03:06:51, 0.0383707712, 0.0379377649, 0.0845490820, 0.0762494046, 2856.0678, 2961.5085, 758.4000, 17.2899
2025-12-04 03:06:57, 0.0517559864, 0.0451675127, 0.0965105275, 0.0792798900, 2811.8475, 3001.0847, 759.0550, 18.5769
2025-12-04 03:07:03, 0.0394098089, 0.0431231192, 0.1114239729, 0.0897407716, 3090.4364, 3008.4364, 759.5050, 17.9357
2025-12-04 03:07:09, 0.0377767100, 0.0275894407, 0.0606897031, 0.0530527505, 2943.1552, 2812.6897, 758.8950, 17.9782
2025-12-04 03:07:15, 0.0421331684, 0.0540812740, 0.0859726572, 0.0697610373, 2932.9091, 2829.3182, 760.2950, 19.6956
2025-12-04 03:07:20, 0.0659431340, 0.0426788416, 0.0907179739, 0.0861692847, 2938.2083, 2964.7083, 760.4200, 19.6917
2025-12-04 03:07:26, 0.0503578246, 0.0485961928, 0.0770615279, 0.0905568239, 2964.3750, 3025.7292, 760.3100, 18.5971
2025-12-04 03:07:32, 0.0504718744, 0.0479865969, 0.0691925713, 0.0645231872, 3039.8824, 2915.0000, 761.5200, 17.4963
2025-12-04 03:07:38, 0.0619831109, 0.0439825042, 0.1034206126, 0.0632338749, 2968.6508, 2903.2222, 758.9400, 18.4720
2025-12-04 03:07:44, 0.0642734760, 0.0500641005, 0.0510991525, 0.0445682512, 2665.0185, 2594.9444, 760.2600, 18.5656
2025-12-04 03:07:49, 0.0746243457, 0.0601509170, 0.0711612037, 0.0809415072, 2778.7600, 2882.2000, 762.9100, 17.9224
2025-12-04 03:07:55, 0.0622796049, 0.0552232265, 0.0964420213, 0.1287793247, 3000.7458, 3139.1864, 760.5750, 20.0091
2025-12-04 03:08:01, 0.0928951991, 0.0625716505, 0.0634958496, 0.0747351840, 3081.2500, 3099.2143, 761.5300, 19.9840
2025-12-04 03:08:07, 0.0633154851, 0.0531055799, 0.0667342590, 0.0512749029, 3039.4186, 2993.1860, 763.1600, 20.7341
2025-12-04 03:08:13, 0.0482709957, 0.0711756045, 0.0559724183, 0.0563402066, 2914.4222, 2886.2444, 762.9550, 20.2688
2025-12-04 03:08:19, 0.0879653213, 0.0767223936, 0.0788217250, 0.0665474967, 3163.2963, 3172.0556, 763.6100, 20.9434
2025-12-04 03:08:24, 0.0655230075, 0.0591470022, 0.0642917419, 0.0393922859, 2960.1404, 2967.3158, 766.6850, 19.8700
2025-12-04 03:08:30, 0.0710147898, 0.0643307578, 0.0522659497, 0.0564267386, 2772.2542, 2811.9831, 759.6300, 20.1438
2025-12-04 03:08:36, 0.0570903154, 0.0409710867, 0.0854852863, 0.0724780906, 3023.0714, 3150.6429, 762.4050, 20.4052
2025-12-04 03:08:42, 0.0786385085, 0.0577448565, 0.0569607511, 0.1189536278, 3048.1556, 2991.7556, 760.9350, 18.8606
2025-12-04 03:08:47, 0.0684730238, 0.0638033407, 0.0764557588, 0.0573418848, 3143.4510, 2977.6667, 759.7850, 18.8502
2025-12-04 03:08:53, 0.0955589304, 0.0680612791, 0.0328248583, 0.0495281924, 2909.5294, 2887.1961, 759.0100, 19.3920
2025-12-04 03:08:59, 0.0803867147, 0.0859663293, 0.1013221616, 0.0787247837, 2733.2174, 2666.0217, 761.5350, 18.9689
2025-12-04 03:09:05, 0.0529800630, 0.0504548252, 0.0719041300, 0.0721452458, 2922.1273, 2863.4182, 760.5300, 17.9217
2025-12-04 03:09:11, 0.0548176910, 0.0573730743, 0.0562228071, 0.0678938463, 3109.0328, 3161.7869, 762.0150, 20.7891
2025-12-04 03:09:17, 0.0692896215, 0.0646643196, 0.0536314951, 0.0564272433, 2960.7241, 2806.6379, 762.2750, 20.0733
2025-12-04 03:09:22, 0.0791476547, 0.0605933499, 0.0777384808, 0.0795932123, 2752.0000, 2792.1522, 764.7150, 20.3998
2025-12-04 03:09:28, 0.1015248341, 0.0641232658, 0.0542343522, 0.0527651729, 2729.6383, 2800.2128, 762.7000, 19.1927
2025-12-04 03:09:34, 0.0822630561, 0.0734352886, 0.0746949016, 0.0657797181, 3107.0185, 3003.4074, 763.5500, 19.0787
2025-12-04 03:09:39, 0.0879971704, 0.0880111565, 0.0710399459, 0.0518353859, 2870.0000, 2754.4419, 763.0050, 21.3552
2025-12-04 03:09:45, 0.1028370776, 0.0777560235, 0.0393102147, 0.0477429769, 2839.7333, 2793.7667, 764.8450, 20.9149
2025-12-04 03:09:51, 0.0955461447, 0.0706241085, 0.0738913219, 0.0597533621, 3037.9818, 3047.6364, 772.7350, 19.0608
2025-12-04 03:09:57, 0.0714140434, 0.0762827973, 0.0673086025, 0.0596744515, 3031.9184, 2963.1224, 765.4500, 20.6395
2025-12-04 03:10:02, 0.0868710937, 0.0749566720, 0.0609568792, 0.0621409237, 2961.6800, 2869.0800, 764.8950, 20.1312
2025-12-04 03:10:08, 0.1544865533, 0.0852383622, 0.0543369281, 0.0568231759, 2942.2041, 2994.0204, 765.0600, 19.9927
2025-12-04 03:10:14, 0.1400656802, 0.0627514915, 0.0565279551, 0.0546138558, 2794.7111, 2764.4444, 767.4800, 18.4597
2025-12-04 03:10:20, 0.0851542457, 0.0773764668, 0.0633495723, 0.0571543746, 2899.6415, 3122.0943, 767.5450, 20.0089
2025-12-04 03:10:26, 0.0759884245, 0.0836038530, 0.0559489069, 0.0683632866, 2923.6842, 2887.5965, 764.8100, 21.3259
2025-12-04 03:10:31, 0.0821878452, 0.0713027963, 0.0514162685, 0.0699617472, 2999.2500, 3050.8269, 770.2900, 19.5514
2025-12-04 03:10:37, 0.0791966772, 0.0611674182, 0.0987298789, 0.1069314577, 2856.7750, 2866.7750, 765.9100, 17.5232
2025-12-04 03:10:43, 0.0680902878, 0.0536963836, 0.0865830338, 0.1084534950, 2686.5455, 2799.9273, 763.9900, 21.5574
2025-12-04 03:10:49, 0.0689557285, 0.0629791372, 0.0951990325, 0.1251194066, 2965.3902, 2954.3171, 768.0700, 19.0220
2025-12-04 03:10:55, 0.0954486021, 0.0753066855, 0.0663969739, 0.0498847883, 2730.9722, 2568.4444, 765.4500, 20.6654
2025-12-04 03:11:00, 0.0630099754, 0.0421096109, 0.0877588157, 0.0638826186, 3401.7222, 3239.2500, 764.4150, 20.7840
2025-12-04 03:11:06, 0.0900124828, 0.0687955730, 0.0699608034, 0.0901021309, 3024.2766, 3031.5106, 764.0150, 20.9054
2025-12-04 03:11:12, 0.0665491567, 0.0690410863, 0.0657556137, 0.0855778030, 3112.9322, 3140.6949, 764.6250, 19.6259
2025-12-04 03:11:18, 0.0990690764, 0.0608194546, 0.0527064572, 0.0669465846, 2871.2927, 2810.0000, 760.8450, 18.5887
2025-12-04 03:11:24, 0.0793085681, 0.0534034254, 0.0616309212, 0.0630071895, 2966.0517, 2927.6379, 762.4850, 17.3675
2025-12-04 03:11:29, 0.0592733460, 0.0565338859, 0.0589579960, 0.0585420789, 3196.2787, 3132.3443, 757.3450, 17.2495
2025-12-04 03:11:35, 0.0635895809, 0.0517628602, 0.0454647531, 0.0470605963, 2740.1304, 2650.4783, 762.8600, 17.3332
2025-12-04 03:11:41, 0.0649316779, 0.0499596641, 0.0793039016, 0.0677463742, 2846.2222, 2871.8611, 759.8900, 19.9258
2025-12-04 03:11:47, 0.0699902050, 0.0633250562, 0.0524134034, 0.0497642176, 2957.7692, 2982.0513, 762.3250, 18.8143
2025-12-04 03:11:52, 0.0442870437, 0.0393921994, 0.0733704029, 0.0693997678, 3115.4355, 3181.8871, 758.5500, 18.0146
2025-12-04 03:11:58, 0.0597701431, 0.0524333030, 0.0933359482, 0.0807951536, 2511.8000, 2447.6222, 758.8800, 18.1250
2025-12-04 03:12:04, 0.0866401150, 0.0579952965, 0.0625913783, 0.1098441299, 2788.8750, 2937.3750, 758.2050, 18.6677
2025-12-04 03:12:10, 0.0547946157, 0.0636707555, 0.0787160677, 0.1120114247, 2963.8431, 3160.2941, 759.3350, 18.1976
2025-12-04 03:12:16, 0.0541532788, 0.0523848702, 0.1068629424, 0.0969708915, 3305.1071, 3244.0536, 759.0950, 18.8105
2025-12-04 03:12:21, 0.0711743500, 0.0679636092, 0.1187027562, 0.1229075386, 2974.1915, 3001.9574, 758.7800, 18.4660
2025-12-04 03:12:27, 0.0460308917, 0.0465692720, 0.1063117032, 0.1175168362, 2841.5682, 2894.5682, 757.5700, 17.9470
2025-12-04 03:12:34, 0.0722059757, 0.0503460540, 0.0561819080, 0.0582036446, 3308.2281, 3219.6667, 759.5800, 18.9516
2025-12-04 03:12:39, 0.0574113651, 0.0578472869, 0.1195191417, 0.1209379134, 2883.4634, 2838.0000, 759.5150, 18.6890
2025-12-04 03:12:45, 0.0607430107, 0.0617660851, 0.1059349242, 0.0866460784, 3241.7800, 3181.9800, 760.8100, 17.0448
2025-12-04 03:12:51, 0.0875038065, 0.0518855315, 0.0605470463, 0.0636730420, 2865.6444, 2873.5556, 760.6900, 17.4082
2025-12-04 03:12:57, 0.0814396748, 0.0752236572, 0.0943307693, 0.0787311882, 2843.4634, 2793.7317, 759.4400, 18.4899
2025-12-04 03:13:02, 0.0837699308, 0.0620555655, 0.0678841469, 0.0690241255, 3386.9677, 3365.0645, 765.7200, 17.4692
2025-12-04 03:13:08, 0.0833330934, 0.0645763094, 0.0538425586, 0.0767140177, 2816.5814, 3039.7209, 766.1050, 19.3087
2025-12-04 03:13:14, 0.0747177760, 0.0499014118, 0.0764075663, 0.0729977569, 2943.1176, 2850.7451, 764.2300, 20.2138
2025-12-04 03:13:20, 0.0534823333, 0.0543199552, 0.1129027156, 0.0635985723, 3117.0980, 3135.3725, 763.8750, 17.5114
2025-12-04 03:13:25, 0.0779332625, 0.0462216902, 0.0814565811, 0.0730244580, 3280.2500, 3261.7778, 765.2100, 16.3324
2025-12-04 03:13:31, 0.0705782664, 0.0585896964, 0.0924090903, 0.0835007011, 2933.9167, 2881.8958, 767.2900, 19.2197
2025-12-04 03:13:37, 0.0527385170, 0.0374643495, 0.1284707842, 0.1233122807, 2954.3261, 2978.6304, 761.9850, 18.3192
2025-12-04 03:13:43, 0.0554486086, 0.0523633160, 0.1245132972, 0.0948253863, 2623.7609, 2709.0000, 767.2150, 19.0126
2025-12-04 03:13:48, 0.0535613971, 0.0448428572, 0.0927775303, 0.0938546321, 3210.7143, 3166.4490, 762.4450, 18.1735
2025-12-04 03:13:54, 0.0547054994, 0.0422021219, 0.1095340648, 0.1043653722, 2916.7750, 2978.9500, 763.9300, 19.0362
2025-12-04 03:14:00, 0.0640624465, 0.0554507152, 0.0851569000, 0.1049924388, 2778.1765, 2900.2549, 762.8100, 19.5919
2025-12-04 03:14:06, 0.0485864518, 0.0517767712, 0.0762481091, 0.0672292782, 2924.9070, 2984.6512, 760.9850, 17.5586
2025-12-04 03:14:12, 0.0630589722, 0.0435123242, 0.1226931571, 0.1103448232, 3045.1429, 3148.8929, 757.7300, 17.8470
2025-12-04 03:14:18, 0.0601799355, 0.0478225301, 0.1163821654, 0.1077557313, 2819.7727, 2912.2500, 762.2950, 17.7704
2025-12-04 03:14:24, 0.0501806850, 0.0376641949, 0.0823553393, 0.0747399293, 3023.6552, 2908.2759, 761.1900, 17.2781
2025-12-04 03:14:29, 0.0658496926, 0.0653050981, 0.0711180239, 0.0618496474, 2767.8500, 2674.3500, 762.4400, 18.3689
2025-12-04 03:14:35, 0.0586521931, 0.0684643774, 0.0921310836, 0.1257420137, 2879.3333, 2938.5952, 762.9550, 19.0634
2025-12-04 03:14:41, 0.0579978352, 0.0530389508, 0.0992585684, 0.1244695111, 3170.1373, 3180.7843, 761.4850, 19.2060
2025-12-04 03:14:47, 0.0518288535, 0.0441119192, 0.1169813409, 0.0958341172, 3096.9375, 2846.3333, 758.8950, 17.0163
2025-12-04 03:14:52, 0.0569078385, 0.0623451927, 0.0797167407, 0.0735601582, 2917.6226, 2913.9434, 759.6650, 19.4816
2025-12-04 03:14:58, 0.0545024298, 0.0536010178, 0.0737170862, 0.0919129032, 3309.1957, 3362.5870, 762.4400, 18.8679
2025-12-04 03:15:04, 0.0521479291, 0.0483776579, 0.0739419367, 0.0825034637, 2800.5660, 2737.4717, 761.2150, 18.2819
2025-12-04 03:15:10, 0.0706700011, 0.0632006037, 0.0603169875, 0.0523414831, 3205.8095, 3149.3333, 762.5500, 17.7515
2025-12-04 03:15:15, 0.0619294312, 0.0479899915, 0.0576543643, 0.0614608324, 2756.9318, 2839.0455, 760.4600, 18.3300
2025-12-04 03:15:21, 0.0866094411, 0.0523454145, 0.1000411636, 0.1101533961, 2842.3400, 2937.8200, 760.7900, 18.5838
2025-12-04 03:15:27, 0.0810852699, 0.0697095078, 0.0710895089, 0.0705103652, 2916.5660, 2860.7547, 756.9900, 18.8844
2025-12-04 03:15:33, 0.0814017520, 0.0687055376, 0.0772264202, 0.0560381815, 2917.9630, 2891.4444, 761.4650, 19.6430
2025-12-04 03:15:39, 0.0732433510, 0.0951791405, 0.0704682328, 0.0761064710, 3073.3478, 2894.3261, 755.0850, 17.5610
2025-12-04 03:15:44, 0.0656440569, 0.0550161848, 0.0985462520, 0.0647779727, 3200.1500, 3126.7750, 761.7350, 18.8325
2025-12-04 03:15:50, 0.1196585424, 0.0813119171, 0.0836749941, 0.1180127138, 2807.9231, 2865.3462, 760.9250, 18.0322
2025-12-04 03:15:56, 0.0955672705, 0.0706811861, 0.1084372533, 0.0965857143, 3129.4286, 3101.0179, 763.7750, 19.8740
2025-12-04 03:16:02, 0.0529682815, 0.0515078601, 0.1126993796, 0.0892417853, 3022.5000, 2998.3409, 757.9050, 18.5560
2025-12-04 03:16:08, 0.0935006240, 0.0712829534, 0.0811332321, 0.0737178454, 3014.7917, 3030.2500, 758.0850, 19.5371
2025-12-04 03:16:14, 0.0765743836, 0.0798384260, 0.1003228780, 0.0921039675, 2605.3542, 2719.8958, 753.4450, 17.8336
2025-12-04 03:16:20, 0.0519261528, 0.0530821506, 0.0765878330, 0.0673629975, 2865.9818, 2906.8727, 752.9500, 18.9515
2025-12-04 03:16:25, 0.0613078437, 0.0610002478, 0.0804770854, 0.0548541659, 3125.2500, 3138.7167, 761.9950, 19.4133
2025-12-04 03:16:32, 0.0601873398, 0.0581072108, 0.0797969494, 0.0746395645, 3020.5357, 2924.2857, 753.8450, 16.3230
2025-12-04 03:16:38, 0.0760497099, 0.0482963705, 0.0892291629, 0.0781584866, 2826.8750, 2690.6071, 752.9100, 18.3612
2025-12-04 03:16:44, 0.1003246924, 0.0885329348, 0.1001532926, 0.0647630688, 3026.7045, 3022.2955, 752.4850, 16.7625
2025-12-04 03:16:50, 0.1118685700, 0.1170834686, 0.0387341049, 0.0485328859, 2775.7179, 2717.0256, 754.6850, 17.4386
2025-12-04 03:16:55, 0.0474548782, 0.0549955270, 0.0753701804, 0.0666135274, 2916.7021, 2796.9362, 756.6250, 16.0852
2025-12-04 03:17:01, 0.0879246215, 0.0635079091, 0.0878751162, 0.0607911752, 3113.1395, 3203.9535, 751.3100, 16.8301
2025-12-04 03:17:07, 0.0522157293, 0.0507314286, 0.0813306257, 0.0717716596, 2946.6400, 2747.3000, 757.0150, 18.3620
2025-12-04 03:17:13, 0.0578588754, 0.0642698111, 0.0944415631, 0.0843173846, 3050.5741, 3123.8519, 752.2050, 18.2355
2025-12-04 03:17:18, 0.0743933977, 0.0604431167, 0.1081826217, 0.0869512660, 3042.4912, 2876.7193, 752.4100, 16.8304
2025-12-04 03:17:24, 0.0425484076, 0.0368880066, 0.0710223041, 0.0768541534, 3052.9615, 3029.4231, 754.0150, 18.4520
2025-12-04 03:17:30, 0.0398157452, 0.0527124870, 0.0475667031, 0.0458312188, 3099.5909, 3010.7273, 758.0800, 18.6798
2025-12-04 03:17:36, 0.0538556221, 0.0543912665, 0.0725427124, 0.0515146849, 3053.5641, 2953.5385, 758.3800, 16.2946
2025-12-04 03:17:41, 0.0580121948, 0.0594983695, 0.0620236152, 0.0550188041, 2886.0690, 2940.5517, 756.9700, 16.8710
2025-12-04 03:17:47, 0.0683543943, 0.0617038631, 0.0815080731, 0.0708563086, 2896.4222, 2868.3333, 760.4650, 18.5245
2025-12-04 03:17:53, 0.0683118959, 0.0542049905, 0.0641888123, 0.0564106722, 2920.6792, 2790.1321, 759.1350, 19.0315
2025-12-04 03:17:59, 0.0579892701, 0.0470845280, 0.0718209302, 0.0687019044, 2887.8868, 2884.1509, 758.6700, 19.0702
2025-12-04 03:18:04, 0.0553153932, 0.0522267029, 0.0630559210, 0.0699968403, 2864.9524, 2931.4286, 757.6300, 19.1915
2025-12-04 03:18:10, 0.0747048150, 0.0590140302, 0.0944717123, 0.0909388826, 3056.6444, 3061.8889, 755.9450, 17.9227
2025-12-04 03:18:16, 0.0416152360, 0.0370880996, 0.0752949442, 0.0708533659, 2838.0175, 2694.5965, 756.1500, 18.3779
2025-12-04 03:18:22, 0.0894852552, 0.0857881079, 0.0806363821, 0.0699109486, 2903.0172, 2889.4138, 762.0550, 19.5878
2025-12-04 03:18:28, 0.0573701796, 0.0541184098, 0.0622689625, 0.0787431003, 2923.7800, 2951.9600, 756.6150, 16.9840
2025-12-04 03:18:34, 0.0795930258, 0.0496046735, 0.1221263864, 0.1008096563, 2889.2174, 2792.8478, 757.9150, 17.6036
2025-12-04 03:18:40, 0.0543808850, 0.0597479120, 0.0792682519, 0.0818222458, 3043.7647, 3038.9608, 760.3300, 18.8176
2025-12-04 03:18:46, 0.0513192479, 0.0542248933, 0.0949014527, 0.0853089105, 3131.7288, 3013.4237, 761.3550, 18.7909
2025-12-04 03:18:51, 0.0554332406, 0.0494257431, 0.0790574401, 0.0537270404, 2941.1176, 2677.4510, 761.4000, 20.6228
2025-12-04 03:18:57, 0.0806856018, 0.0991581661, 0.0774313262, 0.0926212088, 2961.0364, 3045.9455, 761.4350, 19.5491
2025-12-04 03:19:03, 0.1090924556, 0.1066866585, 0.0840925932, 0.1165297840, 3036.8462, 3133.7179, 764.8600, 19.4849
2025-12-04 03:19:08, 0.0718834972, 0.0586068386, 0.1219779378, 0.0992138480, 2902.2407, 2948.4259, 760.2950, 20.0982
2025-12-04 03:19:14, 0.0760924782, 0.0807963343, 0.1252121776, 0.1034630667, 2941.8085, 2977.7872, 760.2150, 20.1492
2025-12-04 03:19:20, 0.0693858482, 0.0683893458, 0.0744405448, 0.1031579641, 2822.9767, 2914.1163, 761.6000, 18.7433
2025-12-04 03:19:26, 0.0557177605, 0.0507677245, 0.1300639556, 0.1470454970, 3089.7200, 3014.2000, 763.2250, 17.7176
2025-12-04 03:19:32, 0.0621310579, 0.0574428447, 0.0919879060, 0.0657176258, 3049.3256, 2922.9302, 760.7250, 17.8401
2025-12-04 03:19:37, 0.0722590883, 0.0573267935, 0.0882181644, 0.0783299993, 2947.4634, 2939.0976, 757.3950, 18.2121
2025-12-04 03:19:43, 0.0636356324, 0.0470078222, 0.1574039495, 0.0968284222, 2657.8889, 2824.7222, 761.7300, 18.9102
2025-12-04 03:19:49, 0.0581014667, 0.0409989365, 0.1460735972, 0.1235561362, 2978.8913, 2909.0435, 759.9650, 18.4796
2025-12-04 03:19:55, 0.0545240810, 0.0615282791, 0.1307521634, 0.1077230352, 2860.5814, 2755.2558, 761.0100, 20.4404
2025-12-04 03:20:01, 0.0346257120, 0.0389191815, 0.1730651233, 0.2088019588, 3048.0196, 3056.4118, 761.5200, 19.0329
2025-12-04 03:20:06, 0.0539143072, 0.0465194045, 0.1123079444, 0.1280541633, 3042.9333, 3159.2000, 761.3350, 18.2042
2025-12-04 03:20:12, 0.0591046489, 0.0459247466, 0.1634262206, 0.1120778397, 3140.2143, 3039.2857, 761.0350, 19.1469
2025-12-04 03:20:18, 0.0493515121, 0.0483271994, 0.0929163156, 0.0925942160, 3151.9206, 2993.0476, 760.7950, 20.0166
2025-12-04 03:20:23, 0.0788810461, 0.0674209929, 0.0753325445, 0.0705558733, 2924.1852, 2992.2778, 760.0850, 20.4685
2025-12-04 03:20:29, 0.0552781268, 0.0521808676, 0.0890055461, 0.0784775077, 3110.1455, 3073.9091, 762.0150, 19.9343
2025-12-04 03:20:35, 0.0711632549, 0.0568636111, 0.1015964319, 0.1162433243, 2878.2600, 2899.8000, 760.6950, 19.2565
2025-12-04 03:20:41, 0.0481102540, 0.0566107954, 0.0566771548, 0.0638682547, 3196.8723, 3207.2766, 759.0450, 18.9988
2025-12-04 03:20:47, 0.0477428739, 0.0445273147, 0.0792731035, 0.0741137602, 3143.3111, 2964.2889, 759.1750, 17.2724
2025-12-04 03:20:53, 0.0574264667, 0.0321935050, 0.0677085866, 0.0737088782, 3095.3878, 2849.3265, 759.8450, 19.9642
2025-12-04 03:20:58, 0.0509229316, 0.0455724346, 0.1132403145, 0.2004762647, 2776.6222, 3015.4444, 758.8500, 19.9007
2025-12-04 03:21:04, 0.0523325902, 0.0429655910, 0.1410565808, 0.1346888711, 3142.7818, 3094.8000, 760.6050, 19.5007
2025-12-04 03:21:10, 0.0569549294, 0.0404991632, 0.1475912579, 0.1427784015, 2943.5000, 2930.9348, 760.1500, 19.5051
2025-12-04 03:21:16, 0.0554200899, 0.0514331018, 0.0893032208, 0.1143161251, 2941.9273, 2964.3091, 759.1350, 19.0157
2025-12-04 03:21:21, 0.0323513616, 0.0353191829, 0.1085558066, 0.0689363304, 2917.1406, 2778.0938, 760.5500, 18.6898
2025-12-04 03:21:28, 0.0549341768, 0.0427669197, 0.1362813432, 0.1561285922, 2970.4035, 2984.0351, 759.9650, 18.5727
2025-12-04 03:21:33, 0.0439277075, 0.0394316479, 0.1109406239, 0.0899552411, 3239.0727, 3193.0182, 757.2350, 19.6558
2025-12-04 03:21:39, 0.0593114764, 0.0449438231, 0.0933571294, 0.0985446185, 3061.5556, 3043.9815, 759.0100, 18.1788
2025-12-04 03:21:45, 0.0405348143, 0.0391965044, 0.1298203374, 0.1165757845, 3269.5818, 3024.5091, 756.9100, 19.2845
2025-12-04 03:21:50, 0.0479410105, 0.0480317092, 0.0765629447, 0.0784648574, 2934.7647, 2684.8824, 759.5350, 19.3577
2025-12-04 03:21:56, 0.0326035598, 0.0261918181, 0.1089568247, 0.0931059053, 3313.1053, 3157.9474, 762.9000, 16.4924
2025-12-04 03:22:02, 0.0464984263, 0.0438063570, 0.1154324497, 0.0670176196, 2777.2857, 2697.5536, 763.2400, 19.8144
2025-12-04 03:22:08, 0.0539323088, 0.0441456808, 0.0798085823, 0.1150837932, 3061.8095, 3074.9286, 761.0000, 18.3104
2025-12-04 03:22:14, 0.0471690545, 0.0427154585, 0.1496627842, 0.1223492333, 2999.5370, 2810.3889, 761.7200, 17.8233
2025-12-04 03:22:19, 0.0551864225, 0.0456932306, 0.1083505036, 0.1145515704, 2841.0208, 2861.0000, 760.3650, 16.8006
2025-12-04 03:22:25, 0.0466385309, 0.0474982033, 0.1098540905, 0.0830491836, 2823.0541, 2659.5946, 763.8450, 18.6928
2025-12-04 03:22:31, 0.0504684697, 0.0441133554, 0.0712077270, 0.0885818915, 3021.3810, 3018.6825, 761.6150, 19.3540
2025-12-04 03:22:37, 0.0518683596, 0.0520671238, 0.0634487994, 0.0721334721, 3131.3778, 3181.7556, 763.4150, 15.9957
2025-12-04 03:22:42, 0.0701952048, 0.0570122598, 0.0999689946, 0.1025603238, 2808.7273, 2873.4091, 761.2400, 19.1797
2025-12-04 03:22:48, 0.0476325056, 0.0517972003, 0.0823774400, 0.0506903547, 2924.7193, 2936.0877, 763.2500, 18.4929
2025-12-04 03:22:54, 0.0610038429, 0.0507769641, 0.0757750403, 0.0487118483, 3027.0377, 3000.8679, 761.2000, 17.8704
2025-12-04 03:23:00, 0.0398919772, 0.0317404856, 0.1011892307, 0.1090586063, 3282.7609, 3265.2826, 758.2200, 18.4741
2025-12-04 03:23:06, 0.0320901433, 0.0305535180, 0.1185047290, 0.1296466816, 2905.5769, 2938.5000, 760.1850, 18.1882
2025-12-04 03:23:11, 0.0565494921, 0.0439428244, 0.1140871364, 0.1577511646, 2990.1190, 3138.6429, 761.2250, 18.6272
2025-12-04 03:23:17, 0.0523614489, 0.0304893685, 0.1417706484, 0.1363155004, 2962.0000, 2809.6444, 760.6550, 19.7146
2025-12-04 03:23:23, 0.0490509811, 0.0388660896, 0.1266277594, 0.1233614005, 2795.5778, 2739.6000, 755.3300, 17.9825
2025-12-04 03:23:29, 0.0601760332, 0.0353353902, 0.1597317099, 0.1242085489, 3183.5686, 3157.7255, 757.5700, 16.9742
2025-12-04 03:23:35, 0.0577964502, 0.0610325965, 0.1142411097, 0.0806234345, 3237.9783, 3170.1304, 754.3000, 18.1879
2025-12-04 03:23:41, 0.0566343065, 0.0518132761, 0.0827208315, 0.0704638851, 2977.5932, 2887.0169, 754.8150, 18.6674
2025-12-04 03:23:47, 0.0648476445, 0.0693830952, 0.0651771337, 0.0701376543, 2740.1020, 2793.3061, 753.9100, 19.7477
2025-12-04 03:23:53, 0.0638772383, 0.0456428142, 0.0476281936, 0.0752887758, 2978.0612, 3022.9388, 753.6500, 19.9964
2025-12-04 03:23:59, 0.0723530604, 0.0470877388, 0.1205294544, 0.1231728579, 2877.3636, 2882.3182, 753.0550, 17.3681
2025-12-04 03:24:04, 0.0739068364, 0.0490471047, 0.1117191555, 0.0890585606, 3068.6905, 3057.1190, 751.9500, 18.4748
2025-12-04 03:24:10, 0.0586935889, 0.0581761901, 0.0718953201, 0.0679529964, 3035.6897, 3048.8966, 749.4250, 18.2229
2025-12-04 03:24:16, 0.0468101707, 0.0445877600, 0.1070773462, 0.0894984233, 2825.4237, 2838.8475, 749.2950, 18.8114
2025-12-04 03:24:22, 0.0417291994, 0.0422594201, 0.0736407782, 0.0600895235, 3027.4643, 2825.5179, 748.9400, 19.2215
2025-12-04 03:24:27, 0.0655084619, 0.0697148080, 0.0624151103, 0.0758607859, 2690.2667, 2632.4000, 749.8100, 17.0500
2025-12-04 03:24:33, 0.0578504576, 0.0572951044, 0.0793533782, 0.0753951078, 2942.1707, 2907.1707, 752.1650, 16.0439
2025-12-04 03:24:39, 0.0755776646, 0.0733569892, 0.0670126180, 0.0682183576, 2858.4400, 2805.9800, 748.9250, 19.0473
2025-12-04 03:24:45, 0.0644600259, 0.0558927111, 0.0756148583, 0.0577317075, 3173.7447, 2978.6596, 747.4300, 19.5022
2025-12-04 03:24:50, 0.0564439261, 0.0571102416, 0.1092236605, 0.1006879926, 3078.4583, 2985.1458, 747.7600, 19.8963
2025-12-04 03:24:56, 0.0816530623, 0.0648577538, 0.0695675780, 0.0680933582, 2952.3721, 2932.0698, 746.5450, 20.2753
2025-12-04 03:25:02, 0.1023210084, 0.0804507724, 0.0524171937, 0.0589143131, 2610.5556, 2778.2222, 749.4050, 19.6398
2025-12-04 03:25:08, 0.0822976248, 0.0814827291, 0.0782184916, 0.0537358650, 2962.8913, 2884.5652, 755.8700, 17.4815
2025-12-04 03:25:14, 0.0505262949, 0.0495213610, 0.0883225840, 0.0882330149, 2969.7255, 3020.0980, 757.0350, 18.9550
2025-12-04 03:25:20, 0.0821309833, 0.0535575800, 0.0837648986, 0.0996026621, 3237.0638, 3270.5319, 758.4050, 19.1594
2025-12-04 03:25:26, 0.0715043724, 0.0607846372, 0.0399469625, 0.0539206662, 2933.0702, 3006.5614, 757.1650, 18.8236
2025-12-04 03:25:31, 0.0703035626, 0.0721400745, 0.1139498608, 0.1155417465, 3054.1818, 3151.0682, 756.0200, 18.9396
2025-12-04 03:25:37, 0.0742740594, 0.0598615531, 0.1041754974, 0.0760247575, 2989.4773, 2871.4091, 759.2250, 21.1836
2025-12-04 03:25:43, 0.0735334512, 0.0591542996, 0.1210072228, 0.1067110339, 2984.1489, 3071.7660, 756.5800, 19.8885
2025-12-04 03:25:49, 0.0751289678, 0.0751689756, 0.0745616764, 0.0718188362, 3314.5106, 3290.4681, 756.5350, 18.0673
2025-12-04 03:25:54, 0.0775722703, 0.0568717952, 0.0988917957, 0.0617940126, 2982.9149, 2946.8298, 760.2200, 20.2779
2025-12-04 03:26:00, 0.0677771116, 0.0643944260, 0.0420840673, 0.0511753028, 3032.8776, 2917.5714, 757.8150, 19.5425
2025-12-04 03:26:06, 0.0807702339, 0.0595846897, 0.0668743713, 0.0724587830, 3120.2245, 2975.6939, 758.8450, 17.8056
2025-12-04 03:26:12, 0.0703630791, 0.0553764720, 0.0819265897, 0.0743668281, 3309.2245, 3178.4082, 758.6200, 17.6243
2025-12-04 03:26:18, 0.0519888656, 0.0549648727, 0.0723953605, 0.0613978911, 2919.6964, 2927.4107, 758.6700, 19.4335
2025-12-04 03:26:24, 0.0682478469, 0.0725966407, 0.0732939091, 0.0557573194, 3025.0000, 2969.8654, 757.8850, 18.2022
2025-12-04 03:26:29, 0.0511152539, 0.0593471604, 0.0600500170, 0.0498602037, 3231.0625, 3106.9792, 755.7750, 20.0438
2025-12-04 03:26:35, 0.0431422670, 0.0355821118, 0.0388689696, 0.0392874158, 2992.4407, 2817.4746, 756.0400, 21.0556
2025-12-04 03:26:41, 0.0596810230, 0.0561195951, 0.0694874219, 0.0615090418, 2936.4583, 2908.3889, 757.0700, 17.8702
2025-12-04 03:26:47, 0.0527689161, 0.0435830714, 0.0565478735, 0.0621343196, 2971.1194, 3013.8657, 757.9650, 20.8222
2025-12-04 03:26:52, 0.0470725897, 0.0271869186, 0.0818112188, 0.0979775336, 2823.7963, 2865.0556, 756.7150, 20.3156
2025-12-04 03:26:58, 0.0565325350, 0.0374566549, 0.1205990945, 0.1120781958, 3268.2545, 3245.6000, 756.4900, 18.4510
2025-12-04 03:27:04, 0.0420095230, 0.0383702955, 0.0525973051, 0.0607048684, 3071.3171, 3068.1463, 758.8300, 19.0311
2025-12-04 03:27:10, 0.0590834144, 0.0347587852, 0.0934007775, 0.1121667860, 2795.7018, 2901.3333, 755.8100, 19.3275
2025-12-04 03:27:16, 0.0382663611, 0.0301130167, 0.1088124368, 0.0783027775, 2995.0893, 2830.3571, 752.9150, 18.3002
2025-12-04 03:27:21, 0.0530948652, 0.0380873785, 0.0837146015, 0.0733143224, 2857.6102, 2845.7288, 758.4700, 21.9171
2025-12-04 03:27:28, 0.0679815047, 0.0504897365, 0.0976903468, 0.0936967471, 2972.1935, 2979.2742, 750.1200, 20.9958
2025-12-04 03:27:34, 0.0591031357, 0.0508736392, 0.0661280163, 0.0594914952, 3224.3600, 3147.8200, 750.9500, 20.7188
2025-12-04 03:27:39, 0.0906901871, 0.0708532556, 0.0532861942, 0.0594590276, 2989.5758, 3021.2727, 748.2800, 18.2294
2025-12-04 03:27:45, 0.0740723081, 0.0809580497, 0.0800141370, 0.0567224577, 3023.4717, 2980.0000, 756.9400, 20.3417
2025-12-04 03:27:51, 0.0740244384, 0.0679085517, 0.0608532344, 0.0733837938, 2857.2545, 2876.4182, 754.5250, 19.8063
2025-12-04 03:27:57, 0.0928255791, 0.0678298249, 0.0705540993, 0.0656126567, 2895.3333, 2840.5417, 756.4950, 17.0974
2025-12-04 03:28:02, 0.0712997330, 0.0601125507, 0.0909742864, 0.0701881835, 2962.5000, 2713.8636, 754.3750, 17.2946
2025-12-04 03:28:08, 0.0667273611, 0.0524723702, 0.0601490993, 0.0558153720, 3048.2941, 3071.7843, 757.7950, 19.3340
2025-12-04 03:28:14, 0.0638969694, 0.0585415370, 0.0667485732, 0.0569352246, 3025.6481, 2972.4074, 759.4850, 19.0457
2025-12-04 03:28:20, 0.0663962338, 0.0544758684, 0.0506018837, 0.0422583132, 3089.1607, 3098.9107, 762.1550, 17.6964
2025-12-04 03:28:25, 0.0716986152, 0.0736619963, 0.0523647735, 0.0584664445, 3109.4043, 3136.5957, 760.7350, 19.5986
2025-12-04 03:28:31, 0.0647539944, 0.0452994420, 0.0904493091, 0.0858086925, 3082.7500, 3071.5667, 761.3650, 17.7198
2025-12-04 03:28:37, 0.0679911386, 0.0616312696, 0.0551888262, 0.0674195010, 2811.9750, 2832.5750, 759.9400, 17.7943
2025-12-04 03:28:43, 0.0735196798, 0.0572874402, 0.0470226761, 0.0551514809, 3025.6200, 3079.4600, 762.4100, 19.5321
2025-12-04 03:28:49, 0.0869546159, 0.0565696906, 0.0700252273, 0.0505559558, 2867.9841, 2750.6984, 761.9150, 18.4203
2025-12-04 03:28:54, 0.0613892793, 0.0558254920, 0.0656426703, 0.0616340251, 3164.4167, 3128.7292, 759.5300, 20.5477
2025-12-04 03:29:00, 0.0605337394, 0.0590538780, 0.0791502781, 0.0493756407, 3005.5614, 3031.1228, 761.9600, 17.0973
2025-12-04 03:29:06, 0.0806953073, 0.0688330501, 0.0696896875, 0.0571439921, 2963.7719, 2950.3684, 763.3650, 18.0658
2025-12-04 03:29:12, 0.0688520313, 0.0689718900, 0.0507151249, 0.0573060125, 3091.9649, 3138.0702, 763.4600, 18.5037
2025-12-04 03:29:18, 0.0419369822, 0.0386581863, 0.0516715160, 0.0569778633, 3006.7910, 2957.8657, 759.1550, 19.8051
2025-12-04 03:29:24, 0.0705363857, 0.0471061551, 0.0506815367, 0.0579236066, 3037.5098, 2952.2549, 759.3800, 17.5458
2025-12-04 03:29:29, 0.0424975941, 0.0355352473, 0.0795933579, 0.0957477251, 3045.1207, 2940.1724, 759.5450, 18.7280
2025-12-04 03:29:35, 0.0527560821, 0.0409103708, 0.0642379813, 0.0692041766, 3027.9825, 3042.0526, 759.7350, 18.2460
2025-12-04 03:29:41, 0.0458487782, 0.0460027315, 0.0900024303, 0.0763108980, 2978.2115, 2854.5577, 757.6250, 19.7262
2025-12-04 03:29:47, 0.0666381435, 0.0564503648, 0.0783926219, 0.0666048471, 2938.2727, 2987.8636, 758.6000, 18.4949
2025-12-04 03:29:53, 0.0475898400, 0.0372759176, 0.0538317198, 0.0757404498, 3037.2500, 3052.4792, 758.1400, 18.3382
2025-12-04 03:29:58, 0.0351068541, 0.0310212954, 0.0534185143, 0.0462388324, 2973.6351, 2759.7162, 759.2100, 17.9615
2025-12-04 03:30:04, 0.0548743292, 0.0444366962, 0.0394837564, 0.0348262253, 3042.8103, 2766.6552, 759.8850, 17.6205
2025-12-04 03:30:10, 0.0413849302, 0.0362760905, 0.0628373700, 0.0549412230, 2961.9841, 2894.1429, 759.6450, 18.0989
2025-12-04 03:30:16, 0.0586044171, 0.0417813750, 0.0620392886, 0.0559878254, 3060.6761, 2873.5775, 756.8650, 19.7658
2025-12-04 03:30:22, 0.0681824152, 0.0574995162, 0.0499574360, 0.0411657002, 3284.6897, 3048.1897, 756.8900, 18.8443
2025-12-04 03:30:28, 0.0355611836, 0.0341163620, 0.0544508222, 0.0584697573, 2860.4507, 2743.4225, 758.2100, 18.4458
2025-12-04 03:30:33, 0.0502864856, 0.0443757062, 0.0839908139, 0.0745559463, 3510.8462, 3280.9538, 756.0200, 18.4342
2025-12-04 03:30:39, 0.0551898906, 0.0437171263, 0.0835707023, 0.0473860715, 2943.5000, 2761.3333, 756.7500, 19.4105
2025-12-04 03:30:45, 0.0507965241, 0.0425196216, 0.0713721925, 0.0577103082, 3062.4762, 2976.9206, 755.0950, 17.2822
2025-12-04 03:30:51, 0.0409471893, 0.0495136669, 0.0440684681, 0.0614158871, 2965.0000, 2916.2727, 762.1900, 16.9459
2025-12-04 03:30:57, 0.0559550375, 0.0483433312, 0.0500637208, 0.0654420348, 3092.5873, 3048.3968, 762.5300, 16.4542
2025-12-04 03:31:02, 0.0574383077, 0.0779079472, 0.0428992735, 0.0447540618, 2887.0741, 2875.7963, 762.3950, 17.5889
2025-12-04 03:31:08, 0.0544233671, 0.0414061625, 0.0669274765, 0.0567108473, 3134.8451, 3025.4648, 756.2750, 17.3934
2025-12-04 03:31:14, 0.0635667920, 0.0613254991, 0.0478421493, 0.0535510405, 3241.2745, 3144.1765, 756.6650, 19.3921
2025-12-04 03:31:20, 0.0666677936, 0.0557104372, 0.0503507534, 0.0414110995, 2848.6042, 2827.2500, 762.3450, 18.5816
2025-12-04 03:31:26, 0.0552932049, 0.0523725670, 0.0602561963, 0.0789970777, 3072.5500, 2949.5500, 764.7950, 20.9648
2025-12-04 03:31:32, 0.0780498217, 0.0818658193, 0.0663429564, 0.0605318883, 2882.0690, 2804.3448, 765.3050, 18.1503
2025-12-04 03:31:37, 0.0879668644, 0.0655265545, 0.0490125543, 0.0637209013, 2968.8333, 2962.7778, 765.9850, 18.3884
2025-12-04 03:31:43, 0.0937201865, 0.0652144950, 0.0426686218, 0.0392610758, 2988.2593, 2937.9074, 764.8550, 19.6067
2025-12-04 03:31:50, 0.0673168817, 0.0762948174, 0.0732052104, 0.0621037881, 3104.2037, 3077.9815, 764.2500, 18.7152
2025-12-04 03:31:56, 0.1031774118, 0.0792913592, 0.0692446254, 0.0466234659, 3029.0526, 3015.2982, 764.1900, 18.6111
2025-12-04 03:32:01, 0.0608859616, 0.0703832660, 0.0770224028, 0.0775780805, 3071.2083, 3055.0417, 763.2950, 20.1496
2025-12-04 03:32:07, 0.0415213570, 0.0450820254, 0.0671154500, 0.0474159056, 3226.2576, 3025.1818, 764.8300, 20.3527
2025-12-04 03:32:13, 0.0410671489, 0.0419375429, 0.0586378414, 0.0829512971, 2861.9661, 2818.0678, 766.4750, 20.6286
2025-12-04 03:32:18, 0.0368684999, 0.0356128819, 0.0590667691, 0.0427547924, 2784.4915, 2696.5763, 764.9000, 18.9251
2025-12-04 03:32:24, 0.0463621939, 0.0403756225, 0.1050249585, 0.0918403650, 3323.3333, 3276.6333, 766.6100, 19.6982
2025-12-04 03:32:30, 0.0558526248, 0.0537251950, 0.0549577484, 0.0459496691, 3219.8056, 3051.1944, 766.8700, 18.5041
2025-12-04 03:32:36, 0.0603843745, 0.0603603550, 0.0553609603, 0.0645324381, 2939.0364, 2818.4000, 761.3600, 19.7502
2025-12-04 03:32:42, 0.0456375628, 0.0333448528, 0.0651847465, 0.0716518137, 3019.6056, 2954.1549, 760.7400, 19.7705
2025-12-04 03:32:47, 0.0555691441, 0.0602968078, 0.0608874988, 0.0629446522, 3062.3731, 2855.5224, 759.0650, 20.1990
2025-12-04 03:32:53, 0.0379873353, 0.0367980693, 0.0667824720, 0.0835983884, 2801.8696, 2764.9565, 759.9100, 18.8911
2025-12-04 03:32:59, 0.0852143628, 0.0619609105, 0.0523218570, 0.0481622176, 2998.4386, 2810.4561, 760.9750, 21.3545
2025-12-04 03:33:05, 0.0691918381, 0.0643478378, 0.0646412723, 0.0682640082, 3135.9130, 3122.7391, 759.3950, 18.2024
2025-12-04 03:33:11, 0.0615269975, 0.0585161614, 0.0576578881, 0.0443270476, 2947.0000, 3027.6727, 758.2500, 18.0138
2025-12-04 03:33:16, 0.0565549879, 0.0460473885, 0.0670210052, 0.0318077085, 2902.8070, 2699.7544, 754.6650, 17.7379
2025-12-04 03:33:22, 0.0747109046, 0.0665490506, 0.0592465458, 0.0457408961, 3108.2609, 3116.3261, 753.7000, 16.7699
2025-12-04 03:33:28, 0.0677572009, 0.0440996664, 0.0869060342, 0.0671798138, 2923.0909, 2769.3409, 755.6950, 18.8815
2025-12-04 03:33:34, 0.0591928869, 0.0401655395, 0.0619541308, 0.0643564904, 2983.3175, 2971.8413, 755.7200, 19.4096
2025-12-04 03:33:40, 0.0687142152, 0.0520525871, 0.0554492183, 0.0540347839, 2938.0159, 2955.3492, 758.0900, 18.8701
2025-12-04 03:33:46, 0.0438153236, 0.0446912704, 0.0623028670, 0.0554300781, 3112.8868, 3018.3585, 754.2200, 17.7986
2025-12-04 03:33:52, 0.0602874162, 0.0589997187, 0.0470192046, 0.0470162225, 2872.1525, 2764.1695, 756.2600, 18.6393
2025-12-04 03:33:57, 0.0601717032, 0.0426065172, 0.0503532679, 0.0679375938, 2805.8864, 2692.9091, 752.6250, 17.5563
2025-12-04 03:34:03, 0.0648641935, 0.0448717039, 0.0702584927, 0.0676671048, 2968.6078, 2938.2549, 756.3050, 19.6894
2025-12-04 03:34:09, 0.0722769211, 0.0515779460, 0.0611870387, 0.0595502242, 3074.3167, 3048.2667, 756.2700, 16.1795
2025-12-04 03:34:15, 0.0584684911, 0.0577986475, 0.0923159393, 0.0734274938, 2947.6000, 2988.6800, 757.1350, 18.2553
2025-12-04 03:34:20, 0.1020152437, 0.0822055553, 0.0836094508, 0.0811109264, 3144.9184, 3085.9184, 752.3850, 18.6287
2025-12-04 03:34:26, 0.0953396974, 0.1008004397, 0.0482105871, 0.0620931201, 2879.0465, 2951.8372, 758.3550, 18.8135
2025-12-04 03:34:32, 0.0746314067, 0.0682908480, 0.0618498537, 0.0566824373, 3128.8627, 3166.1961, 760.5050, 17.5653
2025-12-04 03:34:38, 0.0603833329, 0.0668007520, 0.0664522806, 0.0515555319, 2871.1667, 2763.6667, 761.0600, 18.6329
2025-12-04 03:34:44, 0.0864730514, 0.0881523787, 0.0657662449, 0.0475563730, 3186.4098, 2975.3934, 758.9800, 17.5599
2025-12-04 03:34:49, 0.0761913643, 0.0689028692, 0.0433572474, 0.0451370977, 2987.0364, 2944.3636, 759.9000, 18.3453
2025-12-04 03:34:55, 0.0777489748, 0.0785838147, 0.0520785627, 0.0492404849, 2955.5385, 2854.8462, 761.0900, 17.3001
2025-12-04 03:35:01, 0.0367210816, 0.0379230478, 0.0447791499, 0.0489132133, 3059.0448, 2847.6567, 758.7950, 17.9350
2025-12-04 03:35:07, 0.0447196972, 0.0512064398, 0.0449100208, 0.0454255149, 3204.0702, 3077.7719, 760.5350, 18.0216
2025-12-04 03:35:12, 0.0617712605, 0.0652171702, 0.0787046978, 0.0859405746, 3000.5660, 2945.3208, 754.7600, 18.8858
2025-12-04 03:35:18, 0.0528790766, 0.0561292626, 0.0541213227, 0.0549625190, 3266.3934, 2965.3115, 757.3200, 18.5733
2025-12-04 03:35:24, 0.0380182759, 0.0472081718, 0.0770822174, 0.0602392541, 3026.7077, 2858.3077, 755.1250, 16.5659
2025-12-04 03:35:30, 0.0925457578, 0.0748128354, 0.0733456661, 0.0550097024, 2960.3621, 2779.3103, 756.5000, 17.7618
2025-12-04 03:35:36, 0.0585031596, 0.0632638649, 0.0747834495, 0.0507838827, 2916.5800, 2818.0400, 757.2450, 19.4627
2025-12-04 03:35:41, 0.0848939112, 0.0568610499, 0.0688426679, 0.0555810728, 2916.2500, 2739.1667, 757.2450, 17.4698
2025-12-04 03:35:47, 0.0743629013, 0.0606019180, 0.0467874149, 0.0473880435, 3094.1600, 2993.5400, 758.0400, 18.3267
2025-12-04 03:35:53, 0.0636303099, 0.0674608726, 0.0677784141, 0.0585381966, 3123.6207, 3012.5517, 756.3900, 17.9052
2025-12-04 03:35:59, 0.0388488425, 0.0450185824, 0.0488791440, 0.0573407153, 3052.5735, 2855.3529, 758.9650, 17.6840
2025-12-04 03:36:04, 0.0511905132, 0.0490898912, 0.0574274142, 0.0480103886, 3285.8393, 3112.6429, 759.9500, 20.0813
2025-12-04 03:36:10, 0.0534264524, 0.0471056539, 0.0595131439, 0.0475411246, 3271.1400, 3156.7600, 759.4100, 16.1497
2025-12-04 03:36:16, 0.0309125674, 0.0335313873, 0.0777437632, 0.0706979567, 3012.4744, 2904.6154, 761.7250, 17.6853
2025-12-04 03:36:22, 0.0546812915, 0.0534608289, 0.0730839610, 0.0575236631, 3076.9608, 2855.8627, 761.3250, 18.8236
2025-12-04 03:36:28, 0.0814433025, 0.0633146734, 0.0387806503, 0.0522019803, 3155.0147, 3143.8676, 758.2500, 17.9490
2025-12-04 03:36:33, 0.0649263583, 0.0564326352, 0.0389152824, 0.0293393333, 3008.5179, 2854.7500, 758.2700, 17.6623
2025-12-04 03:36:40, 0.0600749637, 0.0414156895, 0.0374597440, 0.0324601459, 3001.3077, 2769.9615, 764.0500, 20.2884
2025-12-04 03:36:46, 0.0433805088, 0.0401530932, 0.0537885406, 0.0449805929, 2965.3231, 2754.6769, 760.8650, 21.0738
2025-12-04 03:36:52, 0.0489199448, 0.0520647732, 0.0510427621, 0.0553856170, 2930.2903, 2719.5968, 761.3600, 20.2388
2025-12-04 03:36:57, 0.0455706974, 0.0320595186, 0.0423317752, 0.0440185696, 2920.6000, 2820.0154, 760.8750, 18.9267
2025-12-04 03:37:03, 0.0303345160, 0.0268151439, 0.0768692169, 0.0811724671, 3309.7812, 2879.6875, 760.6450, 17.5846
2025-12-04 03:37:09, 0.0373238344, 0.0382005061, 0.0508424742, 0.0494294313, 3051.9091, 2940.3636, 760.7300, 16.6288
2025-12-04 03:37:15, 0.0427247637, 0.0366568928, 0.0648177328, 0.0582865802, 3081.8657, 2984.0597, 763.1700, 20.8514
2025-12-04 03:37:20, 0.0625316251, 0.0577151401, 0.0596561904, 0.0424250778, 3030.6739, 2968.8696, 764.9150, 20.3732
2025-12-04 03:37:26, 0.0558194186, 0.0409108026, 0.0635683958, 0.0372006943, 3117.7778, 2973.2407, 762.9200, 17.3440
2025-12-04 03:37:32, 0.0402054403, 0.0356827897, 0.0848718764, 0.0660832469, 3300.9841, 2923.5873, 764.7500, 19.3201
2025-12-04 03:37:38, 0.0531404552, 0.0479195809, 0.0444963316, 0.0444162635, 3059.5614, 3000.5088, 764.4350, 18.2515
2025-12-04 03:37:43, 0.0547496574, 0.0509511826, 0.0392860648, 0.0527112033, 2971.8852, 2997.9180, 763.0800, 20.5520
2025-12-04 03:37:49, 0.0846119810, 0.0723192287, 0.0487141574, 0.0432233606, 2941.9200, 2938.3400, 763.6050, 17.1604
2025-12-04 03:37:55, 0.0542529842, 0.0533048024, 0.0698324095, 0.0486590508, 2856.2931, 2698.6034, 763.6600, 21.5528
2025-12-04 03:38:01, 0.0542407247, 0.0504793669, 0.0442676195, 0.0288759162, 2940.2586, 2723.0345, 764.8900, 19.2025
2025-12-04 03:38:07, 0.0449548897, 0.0403717383, 0.0706579049, 0.0534726576, 3129.9180, 2767.6721, 764.0350, 19.1406
2025-12-04 03:38:12, 0.0958328001, 0.0672319228, 0.0695276248, 0.0595353593, 3006.2727, 2830.2545, 765.0550, 19.0200
2025-12-04 03:38:18, 0.0511813582, 0.0489501664, 0.0557752620, 0.0538329851, 3468.3889, 3165.1296, 763.0500, 17.1630
2025-12-04 03:38:24, 0.0903349945, 0.0658448010, 0.0435676727, 0.0449992717, 2943.7759, 2954.5690, 763.2450, 20.6047
2025-12-04 03:38:30, 0.0710418832, 0.0656618525, 0.0847488371, 0.0572937052, 3211.0909, 3081.8636, 761.1250, 19.2759
2025-12-04 03:38:36, 0.0599003350, 0.0538633717, 0.0358178865, 0.0449993149, 3216.5079, 3128.0952, 767.9700, 18.2789
2025-12-04 03:38:42, 0.0790015414, 0.0685051886, 0.0739370821, 0.0565503998, 2907.1481, 2923.8889, 764.1800, 19.3674
2025-12-04 03:38:48, 0.0850158537, 0.0809688130, 0.0488081303, 0.0613747828, 3106.2881, 3038.5763, 762.4600, 18.7072
2025-12-04 03:38:53, 0.0676495264, 0.0579808369, 0.0667227053, 0.0537020901, 2998.5357, 2955.0893, 761.7550, 19.1939
2025-12-04 03:38:59, 0.0777981560, 0.0550292304, 0.0459923857, 0.0491570713, 2979.3462, 3026.1346, 762.0950, 17.7349
2025-12-04 03:39:05, 0.0561258957, 0.0477976809, 0.0561197093, 0.0552017475, 3087.6316, 2883.7544, 761.0450, 19.9244
2025-12-04 03:39:11, 0.0458051058, 0.0424831584, 0.0789395045, 0.0616614930, 3001.6809, 2840.2766, 763.8900, 20.5290
2025-12-04 03:39:16, 0.0316849715, 0.0252927794, 0.0887510279, 0.0833755226, 3013.5738, 2863.3115, 760.3450, 17.6583
2025-12-04 03:39:22, 0.0425125136, 0.0520459961, 0.0693855246, 0.0727667116, 3087.9245, 3078.2642, 760.1350, 20.6491
2025-12-04 03:39:28, 0.0565139694, 0.0568293738, 0.0524352840, 0.0449566394, 3120.1719, 3026.3438, 761.6900, 17.4609
2025-12-04 03:39:34, 0.0587860355, 0.0756676612, 0.0601320438, 0.0537198429, 2954.0364, 2851.5818, 762.8150, 18.0804
2025-12-04 03:39:39, 0.0634761804, 0.0475826738, 0.0630513811, 0.0756467506, 2845.0426, 2760.3191, 763.3400, 19.0453
2025-12-04 03:39:45, 0.0563010573, 0.0405257878, 0.0535878725, 0.0656159744, 3050.3019, 2967.3396, 761.7150, 16.9291
2025-12-04 03:39:51, 0.0493678912, 0.0333855034, 0.0673684146, 0.0542381189, 2983.6935, 2842.0161, 763.7500, 18.4385
2025-12-04 03:39:57, 0.0629665210, 0.0553321840, 0.0486955103, 0.0618601141, 3043.6479, 2928.0000, 762.1500, 19.4126
2025-12-04 03:40:02, 0.0767444804, 0.0601556470, 0.0490340474, 0.0542968909, 2846.4035, 2843.9474, 764.7350, 19.1035
2025-12-04 03:40:08, 0.0446739877, 0.0403302897, 0.0780537189, 0.0700365487, 2955.1356, 2939.8814, 764.2100, 17.6507
2025-12-04 03:40:14, 0.0682660051, 0.0533826943, 0.0638592101, 0.0725078473, 2874.4032, 2873.5645, 762.5350, 20.4834
2025-12-04 03:40:20, 0.0753303669, 0.0683401412, 0.0718585440, 0.0676918948, 2923.0200, 2852.3200, 765.1500, 19.8974
2025-12-04 03:40:25, 0.0845365521, 0.0685795810, 0.0431653320, 0.0447464497, 3015.0370, 2976.5000, 766.7300, 20.7308
2025-12-04 03:40:31, 0.0572429689, 0.0751457146, 0.0552229104, 0.0572182427, 3172.4000, 3011.0545, 764.1550, 21.3591
2025-12-04 03:40:37, 0.0653946681, 0.0638615886, 0.1013562045, 0.0693277094, 2988.5918, 3032.6327, 762.2800, 20.3372
2025-12-04 03:40:42, 0.0751589646, 0.0642219805, 0.0572872049, 0.0611910998, 2765.7750, 2658.3000, 762.0600, 21.0954
2025-12-04 03:40:48, 0.0520191930, 0.0501858941, 0.0744925900, 0.0761753752, 3078.7174, 3013.8043, 759.1400, 18.3322
2025-12-04 03:40:54, 0.0624064726, 0.0478494846, 0.0772989851, 0.0761499390, 2829.0351, 2778.8421, 760.6800, 15.9429
2025-12-04 03:41:00, 0.0725849578, 0.0573857039, 0.0787030394, 0.0732259765, 2909.3556, 2869.8667, 758.1950, 20.5085
2025-12-04 03:41:06, 0.0362628563, 0.0448304946, 0.0464609582, 0.0413877810, 2832.3273, 2702.8909, 763.4450, 19.5248
2025-12-04 03:41:11, 0.0536828523, 0.0532724085, 0.0803292795, 0.0640871279, 2930.7119, 2906.2203, 764.1950, 19.5849
2025-12-04 03:41:17, 0.0522041814, 0.0501215912, 0.0696502859, 0.0690486583, 3113.5593, 3042.6780, 762.2950, 18.9364
2025-12-04 03:41:23, 0.0434437728, 0.0292086248, 0.0466364384, 0.0352900545, 3071.2000, 2823.2923, 762.9550, 20.9139
2025-12-04 03:41:29, 0.0553081734, 0.0458481769, 0.0566633859, 0.0629088756, 2825.7377, 2797.6230, 761.6700, 19.6767
2025-12-04 03:41:35, 0.0406801646, 0.0398073995, 0.0558448746, 0.0796438943, 2883.7170, 2902.5283, 759.8350, 19.9762
2025-12-04 03:41:41, 0.0352744424, 0.0446355929, 0.0785066477, 0.0632602926, 2866.5763, 2799.6271, 760.0050, 19.5193
2025-12-04 03:41:46, 0.0610342455, 0.0511757584, 0.0808713311, 0.0776680912, 2760.5926, 2732.4074, 759.7100, 17.5894
2025-12-04 03:41:52, 0.0710666723, 0.0661159997, 0.0432095603, 0.0321856394, 3087.4222, 2950.4222, 761.3450, 19.6381
2025-12-04 03:41:58, 0.0753070495, 0.0850494687, 0.0602233051, 0.0452554791, 3051.3509, 2982.1930, 760.8750, 20.5616
2025-12-04 03:42:04, 0.0410558462, 0.0473316445, 0.0838262013, 0.0674472600, 3229.1800, 3184.8800, 757.5800, 19.6047
2025-12-04 03:42:09, 0.0709018433, 0.0506618300, 0.0854048920, 0.0705147523, 2922.0784, 2822.1765, 763.0800, 19.3611
2025-12-04 03:42:15, 0.0500618035, 0.0520590815, 0.0480613966, 0.0441160109, 3104.8281, 2941.9219, 757.6950, 18.7798
2025-12-04 03:42:21, 0.0529106867, 0.0637444360, 0.0466668715, 0.0622653519, 2975.4655, 2994.8448, 757.8900, 17.8538
2025-12-04 03:42:26, 0.0574359636, 0.0385315380, 0.0851873787, 0.0878463125, 3162.5106, 2909.7447, 759.6100, 19.0557
2025-12-04 03:42:32, 0.0343710119, 0.0427495279, 0.0760870723, 0.0804533006, 3161.3030, 2989.3485, 760.1900, 19.4230
2025-12-04 03:42:38, 0.0518586523, 0.0430151577, 0.0524524535, 0.0719306716, 2990.0877, 2907.5263, 758.7750, 19.3030
2025-12-04 03:42:44, 0.0877795646, 0.0598289644, 0.0576600640, 0.0633956502, 2860.2031, 2810.2500, 759.8050, 21.0387
2025-12-04 03:42:49, 0.0444703580, 0.0546728432, 0.0541464887, 0.0493239363, 2940.3182, 2880.2045, 755.7000, 18.8385
2025-12-04 03:42:55, 0.0754907206, 0.0619014343, 0.0512775950, 0.0386188707, 2995.4167, 2851.5833, 757.1350, 19.7908
2025-12-04 03:43:01, 0.0879951323, 0.0600873027, 0.0608232871, 0.0569965178, 2895.8491, 2852.8679, 757.1150, 18.5726
2025-12-04 03:43:07, 0.0571189227, 0.0555487075, 0.0676174195, 0.0476348928, 3075.6119, 3050.3881, 757.1250, 20.1258
2025-12-04 03:43:13, 0.0562530219, 0.0603686424, 0.0652632673, 0.0537542653, 3127.1296, 3146.2778, 754.7250, 19.1193
2025-12-04 03:43:18, 0.0590319214, 0.0439676667, 0.0664217785, 0.0476325619, 3038.7193, 2911.1930, 754.3550, 20.5905
2025-12-04 03:43:24, 0.0835181660, 0.0731813622, 0.0747799885, 0.0526724529, 3017.1463, 2890.6829, 757.0950, 20.3820
2025-12-04 03:43:30, 0.0668950645, 0.0593980912, 0.0763779033, 0.0607014625, 2993.4490, 2964.2041, 760.4200, 20.3557
2025-12-04 03:43:36, 0.0674790671, 0.0486016734, 0.0659300835, 0.0627336834, 3131.2264, 2952.5660, 759.1150, 21.1294
2025-12-04 03:43:42, 0.0623558113, 0.0443731294, 0.0761378078, 0.0587678177, 3055.9245, 2909.3208, 755.6600, 18.7001
2025-12-04 03:43:47, 0.0592605481, 0.0512442351, 0.0652603440, 0.0629836925, 2900.9811, 2914.8302, 757.8350, 18.3463
2025-12-04 03:43:53, 0.0634842161, 0.0523122400, 0.1561971729, 0.0827589320, 3005.0727, 2922.8909, 759.0550, 19.4201
2025-12-04 03:43:59, 0.0481683449, 0.0596626077, 0.0916458362, 0.0704969953, 2845.4000, 2981.0000, 754.8400, 17.5700
2025-12-04 03:44:05, 0.0678628018, 0.0571370911, 0.0763554084, 0.0819654398, 2916.6481, 3102.4815, 754.4400, 18.9601
2025-12-04 03:44:11, 0.0805496399, 0.0619760227, 0.0690616419, 0.0876236999, 2712.5000, 2866.1190, 756.5000, 18.2647
2025-12-04 03:44:17, 0.0569938819, 0.0535571672, 0.0664644726, 0.0770304924, 2847.4231, 2907.0000, 756.3850, 17.9952
2025-12-04 03:44:22, 0.0594124255, 0.0680863087, 0.0838363577, 0.0662397799, 2965.5192, 2925.7308, 756.8300, 17.7941
2025-12-04 03:44:28, 0.0686211557, 0.0587926470, 0.0725800070, 0.0649095700, 3129.0816, 3178.0612, 755.3700, 18.1671
2025-12-04 03:44:34, 0.0557962524, 0.0601578803, 0.1064297653, 0.0794024175, 2963.9400, 2974.8600, 756.1100, 19.0887
2025-12-04 03:44:40, 0.0533295802, 0.0479996716, 0.0976978227, 0.0566783582, 2853.1017, 2782.8475, 756.1200, 17.3979
2025-12-04 03:44:45, 0.0729608721, 0.0587909758, 0.0624437061, 0.0603912724, 3358.6042, 3303.3125, 761.8950, 20.8121
2025-12-04 03:44:51, 0.0650674096, 0.0452817359, 0.0670459912, 0.0560897083, 2654.5294, 2721.8235, 761.3800, 17.8630
2025-12-04 03:44:57, 0.0864895214, 0.0612608207, 0.0770384365, 0.0984280121, 2996.6207, 3073.4655, 759.4850, 19.8547
2025-12-04 03:45:02, 0.0790779429, 0.0724010098, 0.0784293609, 0.0946732065, 2781.9412, 2907.0784, 760.5300, 18.0066
2025-12-04 03:45:08, 0.0574440394, 0.0574837912, 0.0672279736, 0.0668323445, 2823.5000, 2755.7174, 762.0450, 17.3647
2025-12-04 03:45:14, 0.0657961974, 0.0504854095, 0.0915651413, 0.0505806454, 2872.8182, 2861.7273, 759.9450, 18.9431
2025-12-04 03:45:20, 0.0755262063, 0.0600928812, 0.0644102680, 0.0918457509, 3028.3137, 2978.9020, 759.5750, 16.9698
2025-12-04 03:45:26, 0.0655894468, 0.0531187074, 0.0645777468, 0.0610879338, 3082.7556, 3091.0667, 755.8200, 17.5655
2025-12-04 03:45:31, 0.0767333700, 0.0801394925, 0.0518857236, 0.0409183953, 3052.0000, 2966.8039, 753.8250, 19.0477
2025-12-04 03:45:37, 0.0585235105, 0.0671680074, 0.0737010431, 0.0808907981, 2982.9649, 2884.7368, 752.6450, 20.2748
2025-12-04 03:45:43, 0.0688890957, 0.0498795880, 0.0868310934, 0.0463233596, 2891.6383, 2825.0000, 753.6550, 18.0404
2025-12-04 03:45:49, 0.0674204157, 0.0551896416, 0.1025350420, 0.0815170891, 2982.9455, 2829.7818, 759.8950, 18.7022
2025-12-04 03:45:55, 0.0598673579, 0.0561579596, 0.0725309916, 0.0849050249, 2866.0638, 2844.7234, 756.9950, 18.7690
2025-12-04 03:46:00, 0.0607211306, 0.0583853982, 0.0723634970, 0.0690553035, 3065.4038, 3021.5577, 756.5000, 19.8063
2025-12-04 03:46:06, 0.0846995493, 0.0735521265, 0.0944680272, 0.0700448209, 3093.4286, 2955.6071, 759.5000, 18.4350
2025-12-04 03:46:12, 0.1009143822, 0.0885438065, 0.0580552835, 0.0575442817, 3087.0000, 2861.4255, 760.4250, 18.6873
2025-12-04 03:46:18, 0.0561888419, 0.0756524178, 0.0745616071, 0.1153942710, 2991.1064, 2905.0638, 755.8300, 17.7778
2025-12-04 03:46:24, 0.0395219519, 0.0514363258, 0.0688832161, 0.0685906952, 2918.5385, 2773.9231, 761.4700, 18.9111
2025-12-04 03:46:30, 0.0670430334, 0.0799523251, 0.0606196467, 0.0783080245, 2985.6279, 2988.7674, 758.8450, 19.1737
2025-12-04 03:46:36, 0.0421110646, 0.0458247092, 0.0907041338, 0.0846670136, 3185.7069, 3041.3621, 758.3500, 19.1217
2025-12-04 03:46:41, 0.0771020147, 0.0625326012, 0.0603366901, 0.0694750454, 2945.5682, 2849.0682, 758.5250, 17.7223
2025-12-04 03:46:47, 0.0762726084, 0.0533411856, 0.0850683497, 0.0584059616, 3056.5714, 3007.0635, 758.4300, 15.9867
2025-12-04 03:46:53, 0.0490420219, 0.0326309615, 0.0606878078, 0.0738709069, 2988.4186, 3041.4884, 755.5300, 17.6858
2025-12-04 03:46:59, 0.0478901762, 0.0410014643, 0.0841205071, 0.0789872455, 3129.9444, 2913.0000, 757.5200, 17.5023
2025-12-04 03:47:04, 0.0499320131, 0.0619345085, 0.0569132062, 0.0586860151, 3146.5893, 3088.3393, 755.0050, 17.7329
2025-12-04 03:47:10, 0.0788794583, 0.0663983276, 0.0602328965, 0.0611957933, 3101.9655, 3037.1552, 757.9550, 18.2226
2025-12-04 03:47:16, 0.1169967742, 0.0652831811, 0.0808160596, 0.0553023558, 3097.1373, 3017.0196, 759.1100, 19.5578
2025-12-04 03:47:22, 0.0746145913, 0.0778319688, 0.1023023531, 0.0898802741, 2940.0377, 2940.1132, 756.1350, 19.3475
2025-12-04 03:47:28, 0.0867685491, 0.0483655038, 0.0830580648, 0.0907853060, 2978.4500, 3105.2500, 755.9100, 19.5975
2025-12-04 03:47:33, 0.0738235183, 0.0782673135, 0.0673407768, 0.0836858031, 3000.9423, 2987.3077, 753.5850, 18.6025
2025-12-04 03:47:39, 0.1185357456, 0.0852522496, 0.0820504788, 0.0712720525, 2918.8750, 2908.3125, 759.8250, 18.8752
2025-12-04 03:47:45, 0.0775191609, 0.0680074287, 0.1157912100, 0.1073656484, 2887.0769, 2943.5962, 755.2650, 21.3130
2025-12-04 03:47:51, 0.0681508679, 0.0665824358, 0.0576819069, 0.0598251776, 2851.2292, 2807.3333, 757.9600, 18.9042
2025-12-04 03:47:56, 0.1268837490, 0.0635710633, 0.0497495682, 0.0609921251, 2876.5319, 2920.1702, 756.6200, 18.9060
2025-12-04 03:48:02, 0.1137805385, 0.0884695355, 0.0864820205, 0.0759666237, 2719.4048, 2962.3333, 758.3200, 19.1083
2025-12-04 03:48:08, 0.0841330778, 0.0654112179, 0.0815028574, 0.0613975998, 3070.1930, 2945.8596, 756.7450, 21.4779
2025-12-04 03:48:14, 0.0723567726, 0.0748149124, 0.0608912516, 0.0558695001, 3034.5357, 2873.3214, 758.7050, 19.0976
2025-12-04 03:48:19, 0.0634117536, 0.0918983550, 0.0468950732, 0.0613407635, 3285.4762, 3010.0714, 760.0350, 18.6431
2025-12-04 03:48:25, 0.0776389133, 0.0749325988, 0.0574637497, 0.0682715492, 3033.0625, 3012.8542, 759.0700, 19.3847
2025-12-04 03:48:31, 0.0891573322, 0.0745489072, 0.0684178181, 0.0815284612, 3032.4082, 2968.4694, 759.2250, 19.6108
2025-12-04 03:48:37, 0.0759864835, 0.0473660946, 0.1149616815, 0.1015243724, 3032.6415, 3002.7547, 761.6650, 18.7385
2025-12-04 03:48:43, 0.1155091332, 0.1163947772, 0.0730693233, 0.0850328267, 2826.7105, 2973.2368, 763.8500, 19.2012
2025-12-04 03:48:48, 0.0862867657, 0.0691457381, 0.0667080140, 0.0628126556, 2833.8667, 2840.7111, 764.0200, 18.2513
2025-12-04 03:48:54, 0.1068991154, 0.0648617424, 0.0594716380, 0.0651090492, 2876.2400, 3085.8600, 764.5950, 17.7972
2025-12-04 03:49:00, 0.0672280865, 0.0760018807, 0.0808910806, 0.0711183685, 3028.7049, 2985.8033, 766.4000, 17.9580
2025-12-04 03:49:06, 0.0828701209, 0.0763456713, 0.0731386618, 0.0729963483, 2992.9608, 3047.9216, 764.6900, 19.3746
2025-12-04 03:49:11, 0.0777413885, 0.0522514118, 0.0890293929, 0.0724889501, 3018.6875, 2952.9583, 765.4450, 18.4520
2025-12-04 03:49:17, 0.0565124787, 0.0410981282, 0.0850842339, 0.0776493231, 3028.3860, 2877.8070, 765.0600, 18.7114
2025-12-04 03:49:23, 0.0741064637, 0.0599925608, 0.0667152571, 0.0729531670, 2957.8571, 3035.5357, 764.6800, 17.7030
2025-12-04 03:49:29, 0.0448246023, 0.0535550811, 0.0747799720, 0.0876369008, 3010.9623, 3094.0943, 765.9050, 17.1451
2025-12-04 03:49:35, 0.0892994005, 0.0846561811, 0.0627590991, 0.0746250845, 2793.1273, 2849.8182, 763.5800, 19.4829
2025-12-04 03:49:41, 0.0559016995, 0.0500307868, 0.0571725048, 0.0463126220, 3058.4651, 2973.4651, 759.1550, 19.3404
2025-12-04 03:49:46, 0.0550277945, 0.0509682786, 0.1194901338, 0.0911119166, 3103.1304, 3142.1522, 761.4700, 19.2730
2025-12-04 03:49:52, 0.0643586307, 0.0564205057, 0.0970550897, 0.0833881268, 2959.6296, 2933.5185, 761.9700, 17.8320
2025-12-04 03:49:58, 0.0673512449, 0.0576167362, 0.0906049652, 0.1258556737, 3043.7255, 3085.3725, 765.2400, 20.2216
2025-12-04 03:50:04, 0.0915949691, 0.0681852673, 0.1099891224, 0.1074746893, 3134.1400, 3067.8800, 762.9650, 21.2973
2025-12-04 03:50:10, 0.0919287192, 0.0803780652, 0.0892172581, 0.0906585070, 3109.8182, 3171.4182, 762.7250, 18.9058
2025-12-04 03:50:16, 0.0801222627, 0.0736829756, 0.0694442079, 0.0850562709, 2860.5641, 3037.9487, 762.6300, 18.7529
2025-12-04 03:50:22, 0.0671722328, 0.0580824739, 0.1111860869, 0.1261349214, 2793.2453, 2785.4528, 761.9500, 18.9420
2025-12-04 03:50:27, 0.0599870089, 0.0606692953, 0.1206017745, 0.0991679220, 3124.7193, 2958.2105, 761.0550, 18.0931
2025-12-04 03:50:33, 0.0480783131, 0.0626982250, 0.0730224361, 0.0715083676, 3281.4375, 3343.0000, 760.2700, 22.0510
2025-12-04 03:50:39, 0.0406599256, 0.0351172781, 0.1028405812, 0.1390503024, 2923.9032, 2801.0645, 759.4900, 19.4836
2025-12-04 03:50:45, 0.0361440475, 0.0493672742, 0.0715309147, 0.0418882309, 2876.0000, 2894.6591, 759.7700, 20.9849
2025-12-04 03:50:51, 0.0432972737, 0.0478414936, 0.0901053891, 0.0636327738, 3054.1228, 2980.4737, 761.4200, 20.2680
2025-12-04 03:50:57, 0.0582855470, 0.0616880432, 0.0681400133, 0.0573977320, 2784.9608, 2863.4314, 760.0950, 20.7653
2025-12-04 03:51:02, 0.0538062335, 0.0338940970, 0.0738584386, 0.0759560850, 2956.5968, 2755.3548, 761.6500, 19.8685
2025-12-04 03:51:08, 0.0690479844, 0.0536820068, 0.0554669189, 0.0549928198, 2921.5455, 2937.7091, 758.7900, 20.2053
2025-12-04 03:51:14, 0.0520126265, 0.0469493860, 0.0670507087, 0.0515402324, 2887.4242, 2711.0758, 760.4550, 19.5138
2025-12-04 03:51:20, 0.0448040420, 0.0413660167, 0.0878369221, 0.0896301400, 3314.7391, 3173.6667, 761.2550, 21.8616
2025-12-04 03:51:25, 0.0762189404, 0.0643837493, 0.0865120082, 0.0829941966, 2936.8269, 2855.9808, 756.4200, 19.3275
2025-12-04 03:51:31, 0.0613531264, 0.0545038664, 0.0773934841, 0.0855901041, 3112.3273, 3028.5273, 761.1000, 20.2228
2025-12-04 03:51:37, 0.0612393461, 0.0747726440, 0.0941501693, 0.0954154996, 2837.8286, 2883.5429, 758.6550, 19.9879
2025-12-04 03:51:43, 0.0555292800, 0.0474559540, 0.0821848189, 0.0728973269, 2942.1406, 2854.9219, 760.2450, 19.0398
2025-12-04 03:51:48, 0.0620447077, 0.0590884002, 0.0811815707, 0.0842923526, 2841.3704, 2860.2222, 758.6950, 16.1512
2025-12-04 03:51:54, 0.0518693877, 0.0491843007, 0.0876170941, 0.0664743117, 3021.0154, 2836.5385, 759.7200, 18.1208
2025-12-04 03:52:00, 0.0387586728, 0.0289573576, 0.1047496523, 0.0895817349, 2994.4848, 2796.8788, 760.7500, 19.4481
2025-12-04 03:52:06, 0.0354857810, 0.0368529432, 0.1279506259, 0.1058250136, 2815.4310, 2719.0172, 755.2950, 20.1814
2025-12-04 03:52:11, 0.0422443657, 0.0354020814, 0.0922056213, 0.0932665431, 2954.6667, 2923.9500, 760.0000, 18.6242
2025-12-04 03:52:17, 0.0531935895, 0.0479795659, 0.1024056053, 0.0759107770, 2843.2281, 2772.3860, 757.5150, 18.5798
2025-12-04 03:52:23, 0.0449916969, 0.0482861894, 0.0749962585, 0.0696558655, 2686.2545, 2827.9818, 757.1350, 18.5264
2025-12-04 03:52:29, 0.0458016598, 0.0412921440, 0.1109668154, 0.1207645593, 2914.9811, 2819.4340, 758.4100, 18.3568
2025-12-04 03:52:35, 0.0548121810, 0.0526793956, 0.0763401104, 0.0612936212, 2850.5102, 2833.2245, 759.3800, 17.4360
2025-12-04 03:52:41, 0.0456125385, 0.0510625745, 0.1231672337, 0.1418513030, 3094.4921, 2982.6667, 760.3400, 18.7727
2025-12-04 03:52:46, 0.0419010111, 0.0370229594, 0.0630784092, 0.0615796153, 3038.3704, 2833.4074, 759.3650, 18.6599
2025-12-04 03:52:52, 0.0248819828, 0.0227368623, 0.0939065903, 0.0918410455, 2974.7143, 2780.2857, 758.7400, 18.2056
2025-12-04 03:52:58, 0.0382261408, 0.0347671659, 0.0834664488, 0.0987983569, 2809.2131, 2811.9344, 758.0550, 18.1478
2025-12-04 03:53:04, 0.0314134144, 0.0291604519, 0.1254080944, 0.0994210597, 2861.3462, 2848.1923, 762.7250, 17.6156
2025-12-04 03:53:10, 0.0306730197, 0.0285625481, 0.1026104907, 0.1110466943, 2856.9722, 2698.5556, 764.3650, 18.4193
2025-12-04 03:53:16, 0.0542078813, 0.0595525772, 0.1097176395, 0.0917756945, 3027.7846, 3039.3077, 762.0700, 19.7976
2025-12-04 03:53:21, 0.0462458056, 0.0491527743, 0.1368455499, 0.1075289781, 2782.8571, 2683.8254, 760.2800, 18.4543
2025-12-04 03:53:27, 0.0530359917, 0.0471884568, 0.1202592800, 0.1321540264, 3052.8095, 3070.3810, 756.6850, 18.6785
2025-12-04 03:53:33, 0.0526499573, 0.0519898661, 0.1237917673, 0.0989477834, 3006.3158, 3020.6491, 759.7800, 19.0676
2025-12-04 03:53:39, 0.0538740691, 0.0438252953, 0.1293448726, 0.1206055349, 2884.8246, 2857.1930, 758.2000, 19.1403
2025-12-04 03:53:45, 0.0560368338, 0.0523696790, 0.1139054838, 0.1171731275, 2759.0741, 2864.6111, 758.5050, 18.9976
2025-12-04 03:53:50, 0.0300792259, 0.0323075054, 0.0905342252, 0.0799040057, 3108.3571, 3029.5536, 759.6050, 19.2541
2025-12-04 03:53:56, 0.0716512206, 0.0717580957, 0.1086767236, 0.1057093922, 3011.3333, 2956.3778, 759.0300, 18.5580
2025-12-04 03:54:02, 0.0273347360, 0.0267449513, 0.1048090775, 0.0725409423, 2954.1277, 2758.8511, 756.3050, 18.7449
2025-12-04 03:54:07, 0.0338456275, 0.0289920885, 0.0808255133, 0.0955495912, 2699.9322, 2716.2542, 754.0800, 18.1067
2025-12-04 03:54:14, 0.0358446627, 0.0318064373, 0.1453991800, 0.1249627256, 3105.5429, 2873.8857, 753.2350, 18.9876
2025-12-04 03:54:19, 0.0425486692, 0.0398489098, 0.0899971687, 0.1115161705, 2937.8000, 2873.3077, 753.4250, 17.2263
2025-12-04 03:54:25, 0.0269682377, 0.0329713067, 0.1294899979, 0.1137354461, 2758.2500, 2703.3594, 754.5600, 19.4668
2025-12-04 03:54:31, 0.0357846437, 0.0290998735, 0.1064935743, 0.1068540137, 2858.0270, 2732.1486, 751.6300, 18.5570
2025-12-04 03:54:36, 0.0461763185, 0.0249162240, 0.1009545770, 0.0560748431, 3303.2545, 3053.1455, 753.1250, 19.2684
2025-12-04 03:54:42, 0.0317918211, 0.0346665758, 0.0875903816, 0.1086093209, 2881.2182, 2856.7091, 754.8100, 18.5374
2025-12-04 03:54:48, 0.0297251295, 0.0257212048, 0.0890658117, 0.1233891218, 2795.4237, 2680.0847, 751.3100, 19.2947
2025-12-04 03:54:54, 0.0340017754, 0.0367347094, 0.1023559417, 0.0794642762, 2902.1852, 2709.5370, 749.6250, 19.0138
2025-12-04 03:55:00, 0.0423089268, 0.0345036365, 0.1108472800, 0.1050286123, 2811.1515, 2719.3333, 748.3900, 19.3196
2025-12-04 03:55:05, 0.0471020953, 0.0405787938, 0.0928663708, 0.0672737684, 3143.4894, 3030.2340, 749.9750, 20.0094
2025-12-04 03:55:11, 0.0366665930, 0.0331742398, 0.0902376470, 0.0839805522, 2817.9375, 2682.3281, 751.0400, 17.2319
2025-12-04 03:55:17, 0.0382911372, 0.0317844068, 0.1548982558, 0.1018045676, 3148.2778, 2960.0370, 753.4050, 19.0324
2025-12-04 03:55:23, 0.0514848334, 0.0496045188, 0.1273892581, 0.1402739350, 3152.0196, 2963.1569, 752.4200, 18.4370
2025-12-04 03:55:29, 0.0340697886, 0.0320155212, 0.0457931729, 0.0688462271, 3079.4304, 2941.6329, 748.2800, 19.0211
2025-12-04 03:55:34, 0.0430221482, 0.0448245307, 0.0704448314, 0.0969611216, 3028.5758, 2915.2121, 752.7950, 18.7495
2025-12-04 03:55:40, 0.0484257409, 0.0476912215, 0.0461490478, 0.0508621230, 2843.8413, 2857.9206, 751.8350, 17.4874
2025-12-04 03:55:46, 0.0350836663, 0.0367066638, 0.0919581348, 0.0942442812, 3009.7121, 2842.2273, 749.7250, 22.0801
2025-12-04 03:55:52, 0.0334541151, 0.0349816545, 0.0889686263, 0.0737463895, 2869.7917, 2683.4792, 749.8300, 18.8547
2025-12-04 03:55:58, 0.0281319834, 0.0291789361, 0.0660786512, 0.0584434991, 2945.5152, 2684.4848, 748.9850, 19.2287
2025-12-04 03:56:03, 0.0330382289, 0.0278705862, 0.0760191703, 0.0655436411, 3164.6538, 2812.7115, 751.9050, 18.2630
2025-12-04 03:56:09, 0.0491670547, 0.0314774971, 0.0708698264, 0.0516805797, 2936.6866, 2855.9104, 751.7850, 16.3868
2025-12-04 03:56:15, 0.0376715399, 0.0389639410, 0.0546357201, 0.0703923932, 2956.5600, 2859.4533, 748.6750, 17.8460
2025-12-04 03:56:21, 0.0338491557, 0.0353602802, 0.1216887025, 0.0879653822, 2933.8364, 2697.3636, 751.5550, 19.4738
2025-12-04 03:56:27, 0.0490599917, 0.0346556456, 0.0606245149, 0.0680053959, 2985.5500, 3062.9000, 751.4050, 18.8706
2025-12-04 03:56:32, 0.0678897747, 0.0466060766, 0.0626166082, 0.0557425433, 3073.7391, 3052.0435, 758.4150, 17.8023
2025-12-04 03:56:38, 0.0433763676, 0.0336739572, 0.0900032551, 0.0937341706, 2959.2889, 2838.5778, 758.3150, 18.7805
2025-12-04 03:56:44, 0.0387170659, 0.0285723913, 0.0872333727, 0.0527496535, 2849.1458, 2653.7917, 757.6150, 19.5394
2025-12-04 03:56:50, 0.0380389301, 0.0298390760, 0.1207181258, 0.0896772928, 2807.2742, 2725.1774, 757.6200, 19.6279
2025-12-04 03:56:56, 0.0360299234, 0.0307746521, 0.0811842673, 0.0772249157, 2891.6500, 2801.7000, 756.4300, 17.8985
2025-12-04 03:57:01, 0.0330761397, 0.0320432222, 0.0647506239, 0.0829764653, 2606.5370, 2596.6852, 757.2200, 20.1286
2025-12-04 03:57:07, 0.0334355870, 0.0303475223, 0.0840318471, 0.1040979335, 2988.0000, 2947.6667, 758.2100, 17.9317
2025-12-04 03:57:13, 0.0364018022, 0.0225249189, 0.0916436546, 0.1117366190, 2838.6471, 2728.7255, 761.7850, 19.8133
2025-12-04 03:57:19, 0.0338263274, 0.0271916767, 0.0626829508, 0.0555215286, 2798.2969, 2601.2188, 755.3500, 18.4287
2025-12-04 03:57:25, 0.0414748824, 0.0370919627, 0.1100402634, 0.0916473107, 3102.1321, 3012.2642, 763.4850, 20.7759
2025-12-04 03:57:31, 0.0328780190, 0.0346922523, 0.0735173774, 0.0796470496, 3134.2836, 3166.5075, 762.1350, 20.4931
2025-12-04 03:57:36, 0.0274103228, 0.0214053987, 0.0788233622, 0.0589774107, 3011.2763, 2847.8816, 759.8050, 19.1397
2025-12-04 03:57:42, 0.0316475773, 0.0242581089, 0.0976437352, 0.0790382563, 2861.8154, 2697.7231, 763.4800, 18.7925
2025-12-04 03:57:48, 0.0387939296, 0.0332286216, 0.1125974777, 0.1074731115, 3000.9841, 2899.3810, 761.6100, 17.0941
2025-12-04 03:57:54, 0.0334696332, 0.0324197601, 0.1034056711, 0.0950869953, 2855.6508, 2842.0317, 765.0550, 18.9756
2025-12-04 03:58:00, 0.0401271919, 0.0488132075, 0.0946904235, 0.0816050369, 3057.0794, 2857.6984, 763.3200, 19.7078
2025-12-04 03:58:06, 0.0372224767, 0.0497510622, 0.1022885087, 0.0680933513, 2998.1154, 2901.9423, 761.6350, 18.7913
2025-12-04 03:58:11, 0.0382668006, 0.0291940241, 0.0959458572, 0.0968555907, 2736.4561, 2725.1404, 763.3850, 19.3659
2025-12-04 03:58:17, 0.0320609103, 0.0202219957, 0.1258711698, 0.0903740248, 3156.8472, 2913.8194, 759.5250, 19.2231
2025-12-04 03:58:23, 0.0356347146, 0.0210967680, 0.1145696580, 0.0948527803, 2996.5873, 2767.7937, 762.5700, 18.2471
2025-12-04 03:58:30, 0.0246833464, 0.0249313670, 0.0847559038, 0.0695245125, 2974.8442, 2844.1558, 762.6100, 17.4771
2025-12-04 03:58:35, 0.0299173652, 0.0269282011, 0.0963256253, 0.1033025302, 3068.4853, 2869.8382, 760.5350, 19.4959
2025-12-04 03:58:41, 0.0363109075, 0.0320593223, 0.0918675446, 0.0756638547, 2951.6949, 2786.8305, 759.5200, 18.8629
2025-12-04 03:58:47, 0.0393612702, 0.0379798576, 0.1080784404, 0.0725003684, 2940.9322, 2668.7797, 760.0400, 19.4576
2025-12-04 03:58:52, 0.0293595977, 0.0274286631, 0.0804254168, 0.0756576784, 2986.1186, 2832.8475, 761.2150, 18.5685
2025-12-04 03:58:58, 0.0342989799, 0.0286293265, 0.0982087862, 0.0885339832, 2919.9718, 2655.6901, 762.2150, 19.4812
2025-12-04 03:59:05, 0.0284773966, 0.0231712734, 0.0975315379, 0.0888902871, 3149.3448, 2868.2241, 754.9750, 18.2207
2025-12-04 03:59:10, 0.0298867322, 0.0248530185, 0.1322933109, 0.0968360845, 2919.0400, 2727.4400, 758.1050, 18.1346
2025-12-04 03:59:16, 0.0224131419, 0.0244238035, 0.0900632709, 0.0984218559, 3127.8676, 3049.9853, 759.7800, 17.5118
2025-12-04 03:59:22, 0.0318506818, 0.0221441959, 0.0650986027, 0.0837034415, 2755.4500, 2737.0833, 755.8750, 18.2014
2025-12-04 03:59:27, 0.0322836518, 0.0270699776, 0.0628500872, 0.0746905861, 2994.5893, 2879.0714, 755.0350, 19.2677
2025-12-04 03:59:33, 0.0303414840, 0.0280323760, 0.0668143396, 0.0768130139, 3060.4203, 2813.0145, 756.6950, 18.8537
2025-12-04 03:59:39, 0.0433442491, 0.0348626705, 0.1386395184, 0.1032836921, 2945.9286, 2814.1964, 755.0600, 17.9102
2025-12-04 03:59:45, 0.0424059870, 0.0308102703, 0.1429821650, 0.1371331053, 2959.3519, 2767.5741, 756.1600, 16.8417
2025-12-04 03:59:51, 0.0320689197, 0.0303968257, 0.1174572283, 0.1086707730, 3076.9825, 3112.6140, 753.4450, 17.0633
2025-12-04 03:59:57, 0.0361607271, 0.0288044050, 0.0939013759, 0.0814691644, 3079.6885, 3025.8689, 755.7800, 16.5886
2025-12-04 04:00:02, 0.0390475137, 0.0433211948, 0.0806812266, 0.1234992510, 2878.9630, 2890.2222, 753.5600, 19.3527
2025-12-04 04:00:09, 0.0349270207, 0.0385393766, 0.0804827782, 0.0732173149, 3080.8400, 2956.8800, 753.1800, 19.1303
2025-12-04 04:00:14, 0.0378285730, 0.0333582292, 0.1205194172, 0.0977976849, 2994.5873, 2747.9524, 753.1500, 18.9862
2025-12-04 04:00:20, 0.0503568126, 0.0361204473, 0.0974852958, 0.1222541762, 2816.9259, 2824.1296, 753.4200, 17.8158
2025-12-04 04:00:26, 0.0529204827, 0.0459948658, 0.0833754322, 0.0794442424, 2644.8621, 2705.5172, 755.6000, 18.0086
2025-12-04 04:00:31, 0.0337957716, 0.0370077004, 0.0838861730, 0.0773893118, 3137.6667, 3125.5500, 755.3050, 16.2537
2025-12-04 04:00:37, 0.0431979654, 0.0304067540, 0.1253977373, 0.1086946185, 3237.3333, 3128.5417, 752.2750, 21.4527
2025-12-04 04:00:43, 0.0230112436, 0.0254650206, 0.1199060102, 0.1004205662, 2874.4068, 2776.0339, 755.9200, 19.2040
2025-12-04 04:00:49, 0.0518175816, 0.0375886669, 0.1143181851, 0.1014394837, 2901.3860, 3011.3158, 754.4450, 19.4807
2025-12-04 04:00:55, 0.0383162116, 0.0314858823, 0.0936410973, 0.0993953345, 2821.9855, 2753.3043, 755.2100, 18.7309
2025-12-04 04:01:00, 0.0460352277, 0.0351133418, 0.1496762646, 0.1250180663, 2879.2632, 2817.9298, 752.8650, 18.9448
2025-12-04 04:01:06, 0.0365858975, 0.0295640442, 0.1293462184, 0.1326071562, 3055.8704, 3059.1852, 756.1300, 17.8074
2025-12-04 04:01:12, 0.0541831113, 0.0372843540, 0.2288319905, 0.1612681909, 3004.9538, 2915.2769, 756.0050, 18.9456
2025-12-04 04:01:18, 0.0353507095, 0.0432293921, 0.1108751265, 0.0720412215, 2844.4068, 2805.7966, 755.9700, 16.6153
2025-12-04 04:01:24, 0.0346771863, 0.0265588874, 0.1147815721, 0.1035153757, 2977.9375, 2711.7031, 754.6800, 18.2329
2025-12-04 04:01:29, 0.0227240387, 0.0249750180, 0.1650454965, 0.1396979629, 2885.3158, 2751.4561, 758.3750, 18.8612
2025-12-04 04:01:35, 0.0371140310, 0.0299369123, 0.1753788407, 0.2354710774, 3095.1333, 2863.2333, 758.3250, 20.1445
2025-12-04 04:01:41, 0.0276302807, 0.0266518679, 0.1313608241, 0.1205749840, 2650.9815, 2503.6852, 761.9200, 20.8476
2025-12-04 04:01:47, 0.0315444242, 0.0236424451, 0.1856003980, 0.1498917627, 2807.0000, 2809.7500, 758.5350, 19.9937
2025-12-04 04:01:53, 0.0662248381, 0.0560574938, 0.4050005453, 0.2462313766, 3148.0435, 3166.2826, 759.1050, 21.7856
2025-12-04 04:01:58, 0.0482827014, 0.0511976591, 0.1791191009, 0.1510110991, 3054.0000, 3021.4894, 759.9350, 22.0241
2025-12-04 04:02:04, 0.0328043841, 0.0325131526, 0.1881988920, 0.1658670059, 2798.1429, 2876.0635, 760.3700, 19.2840
2025-12-04 04:02:10, 0.0391508440, 0.0277777360, 0.1664892361, 0.1457248620, 3027.6000, 2856.4000, 761.9500, 19.4241
2025-12-04 04:02:16, 0.0456122574, 0.0348429843, 0.1176907820, 0.1303481453, 3071.7963, 2976.3148, 761.1650, 20.1809
2025-12-04 04:02:21, 0.0419575517, 0.0341568079, 0.1670450879, 0.1518368446, 2895.4429, 2756.1286, 760.0000, 19.4956
2025-12-04 04:02:27, 0.0450997371, 0.0388599890, 0.1260331476, 0.1298471865, 3135.3333, 3150.8070, 759.9350, 19.0148
2025-12-04 04:02:33, 0.0507440899, 0.0456631280, 0.1780779812, 0.1529304447, 2912.7231, 2893.3231, 758.2400, 21.4747
2025-12-04 04:02:39, 0.0417545798, 0.0419176367, 0.1622988779, 0.1666282362, 2728.2698, 2780.0952, 758.1850, 21.4234
2025-12-04 04:02:44, 0.0454431930, 0.0426826582, 0.2158196764, 0.1820439483, 3033.2459, 3130.4426, 761.3400, 22.0612
2025-12-04 04:02:50, 0.0458953555, 0.0414846345, 0.1543952458, 0.1552552972, 2829.6981, 2920.9057, 757.9850, 20.9589
2025-12-04 04:02:56, 0.0478360429, 0.0390212286, 0.1201584800, 0.0952252404, 2901.4727, 2908.4727, 763.8150, 19.4193
2025-12-04 04:03:02, 0.0391869718, 0.0250530359, 0.1193993413, 0.1238617289, 3049.7183, 2894.0000, 759.7950, 19.0812
2025-12-04 04:03:07, 0.0301166158, 0.0427608507, 0.1135086062, 0.1218243533, 2872.0000, 2686.1746, 761.1650, 18.9989
2025-12-04 04:03:13, 0.0288024929, 0.0266125518, 0.1028956874, 0.0835067928, 2964.8636, 2843.0303, 763.3150, 20.5591
2025-12-04 04:03:19, 0.0435654754, 0.0401532525, 0.1235506784, 0.0958606688, 2840.1277, 2713.0851, 758.8900, 18.4146
2025-12-04 04:03:25, 0.0540019665, 0.0553805703, 0.1001678054, 0.0762966939, 3049.6852, 3079.4444, 763.0400, 20.2425
2025-12-04 04:03:31, 0.0586491620, 0.0329849722, 0.0697482276, 0.0457536763, 2902.2182, 2751.1818, 759.7650, 20.3273
2025-12-04 04:03:36, 0.0454773602, 0.0342046383, 0.1124171870, 0.1139473445, 3045.8333, 2827.8333, 762.7250, 18.6196
2025-12-04 04:03:42, 0.0479773769, 0.0374633758, 0.0650841674, 0.0741182454, 2897.2899, 2947.1739, 763.0000, 19.7456
2025-12-04 04:03:48, 0.0411344016, 0.0316347381, 0.0961179535, 0.0958082593, 2915.6615, 2730.7231, 763.7400, 20.5376
2025-12-04 04:03:54, 0.0486953077, 0.0496429960, 0.0737808529, 0.0821519551, 3086.6429, 2996.0179, 761.1200, 19.2449
2025-12-04 04:04:00, 0.0575893157, 0.0462118873, 0.0657620016, 0.0691664091, 3025.7234, 3032.0213, 758.0200, 19.0790
2025-12-04 04:04:05, 0.0559070072, 0.0478020805, 0.1129994262, 0.1141073087, 2983.3393, 2990.8393, 758.9800, 19.0413
2025-12-04 04:04:11, 0.0300254320, 0.0316809562, 0.1095426713, 0.1329469409, 2851.9552, 2819.6567, 759.2350, 17.2354
2025-12-04 04:04:17, 0.0761204051, 0.0514706125, 0.0814885626, 0.0882828387, 2903.1020, 2856.7959, 758.0750, 19.5174
2025-12-04 04:04:23, 0.0469213902, 0.0329450603, 0.1062678642, 0.0701975361, 2833.7308, 2796.2179, 757.1750, 20.4774
2025-12-04 04:04:28, 0.0407923136, 0.0407926951, 0.0661288952, 0.0895248675, 2737.9455, 2773.5818, 759.6250, 18.2018
2025-12-04 04:04:34, 0.0400722548, 0.0403507161, 0.1020304409, 0.0990516704, 2749.3333, 2876.2063, 759.5750, 20.4116
2025-12-04 04:04:40, 0.0349324647, 0.0386350132, 0.1279373181, 0.1064760933, 3346.4154, 3204.6615, 758.5050, 17.2421
2025-12-04 04:04:46, 0.0376070002, 0.0365260660, 0.0820966528, 0.0811006771, 3242.6269, 3231.0597, 757.0200, 20.8060
2025-12-04 04:04:52, 0.0366184550, 0.0349823531, 0.0999582823, 0.0908766047, 2781.0000, 2664.6429, 757.8400, 19.6920
2025-12-04 04:04:57, 0.0275955365, 0.0213368657, 0.0877017857, 0.0740725145, 3008.1186, 2755.4576, 757.3600, 20.2793
2025-12-04 04:05:03, 0.0473872448, 0.0397545695, 0.0944490204, 0.0807606601, 3117.6949, 2930.4068, 758.8700, 19.8795
2025-12-04 04:05:09, 0.0384608346, 0.0308204066, 0.0900001059, 0.0691107068, 3008.6389, 2873.3194, 758.0700, 18.3233
2025-12-04 04:05:15, 0.0454235185, 0.0368717703, 0.0984544135, 0.0974687547, 3097.6528, 3030.5417, 754.7600, 19.7973
2025-12-04 04:05:21, 0.0288100465, 0.0272241200, 0.0730153612, 0.1058584674, 2838.6522, 2832.7246, 759.3600, 18.8704
2025-12-04 04:05:27, 0.0238669739, 0.0230555694, 0.0786568112, 0.0531736633, 2985.4507, 2652.9296, 757.3650, 17.1925
2025-12-04 04:05:32, 0.0242958956, 0.0165187578, 0.0674887211, 0.0771922714, 2725.5432, 2559.5556, 756.1350, 17.9805
2025-12-04 04:05:38, 0.0294587217, 0.0201438926, 0.0785897532, 0.0636859523, 3065.6786, 2779.9405, 756.9300, 18.8222
2025-12-04 04:05:44, 0.0307547659, 0.0217659417, 0.1963756153, 0.1126997341, 3086.5965, 2846.8772, 758.6250, 18.2084
2025-12-04 04:05:50, 0.0343577169, 0.0329782373, 0.0485454841, 0.0681545952, 2868.8611, 2706.6806, 757.3650, 16.5572
2025-12-04 04:05:56, 0.0224036511, 0.0231803941, 0.0608353304, 0.0618908574, 2815.3797, 2539.9873, 758.8850, 17.0335
2025-12-04 04:06:01, 0.0464694459, 0.0305868513, 0.0619181381, 0.0655849952, 2915.8889, 2885.6667, 756.7300, 17.7022
2025-12-04 04:06:07, 0.0244368270, 0.0245898307, 0.0895092278, 0.0500735055, 3094.6579, 2707.8026, 758.5550, 20.4894
2025-12-04 04:06:13, 0.0366134005, 0.0276204920, 0.0723891187, 0.0677646171, 3032.4658, 2759.3562, 757.1150, 18.1130
2025-12-04 04:06:19, 0.0210915133, 0.0226940698, 0.0680391022, 0.0568522569, 2839.3896, 2502.7662, 758.8100, 19.6006
2025-12-04 04:06:24, 0.0262388246, 0.0252609469, 0.0847461144, 0.0785718442, 2800.5970, 2579.3284, 756.5750, 20.9278
2025-12-04 04:06:30, 0.0305926121, 0.0267089848, 0.0536504455, 0.0551443111, 3037.3115, 2772.7541, 757.5350, 19.1115
2025-12-04 04:06:36, 0.0245525718, 0.0216801610, 0.0818885888, 0.0922598453, 2984.7000, 2754.5429, 759.2300, 19.4881
2025-12-04 04:06:42, 0.0311051234, 0.0308184442, 0.0624852107, 0.0742570168, 2950.0694, 2969.5000, 759.4300, 19.6892
2025-12-04 04:06:48, 0.0367074664, 0.0271926680, 0.1127148138, 0.0762807736, 2968.5200, 2800.1600, 758.4100, 19.6373
2025-12-04 04:06:53, 0.0261304419, 0.0215969339, 0.0851264652, 0.0879289111, 2858.0339, 2763.7119, 762.4900, 19.2756
2025-12-04 04:06:59, 0.0223903330, 0.0192672545, 0.0897832805, 0.0592609665, 2862.5067, 2770.5600, 761.0250, 19.3084
2025-12-04 04:07:05, 0.0300893243, 0.0296301539, 0.0713565476, 0.0589127404, 3059.0000, 2775.4000, 760.1550, 18.3159
2025-12-04 04:07:11, 0.0316767336, 0.0287584029, 0.0816997023, 0.0758818027, 2934.1864, 2840.8305, 762.6100, 21.3515
2025-12-04 04:07:16, 0.0276770561, 0.0228779644, 0.0635856086, 0.0599506663, 2979.1023, 2729.8182, 763.9300, 20.0949
2025-12-04 04:07:22, 0.0256886235, 0.0248298468, 0.0807451945, 0.0897812524, 2991.9571, 2716.3571, 759.0950, 20.8899
2025-12-04 04:07:28, 0.0281505441, 0.0273182729, 0.0755378334, 0.0680546179, 2912.5000, 2731.6625, 762.9350, 21.2474
2025-12-04 04:07:34, 0.0243553930, 0.0227496071, 0.0727108752, 0.0930815837, 2937.2857, 2669.4921, 762.8750, 20.9714
2025-12-04 04:07:40, 0.0327750663, 0.0227635035, 0.0913258254, 0.0657339450, 2995.8462, 2775.9538, 763.3850, 21.9833
2025-12-04 04:07:46, 0.0220732361, 0.0183706523, 0.0751988130, 0.0600719227, 2846.1585, 2598.1463, 765.4100, 20.7413
2025-12-04 04:07:52, 0.0322260661, 0.0259029296, 0.0699231258, 0.0681135275, 3171.1429, 3066.9524, 767.0600, 22.5201
2025-12-04 04:07:57, 0.0360515061, 0.0283051818, 0.0689033450, 0.0593016004, 2988.4219, 2915.4375, 759.7600, 22.9726
2025-12-04 04:08:03, 0.0300882785, 0.0296867728, 0.0658662315, 0.0654436569, 2978.1765, 2796.7059, 759.1350, 19.4460
2025-12-04 04:08:09, 0.0475023521, 0.0476588188, 0.0635468515, 0.0555315533, 2918.0339, 2914.9492, 758.2600, 19.5098
2025-12-04 04:08:15, 0.0289189362, 0.0240546944, 0.0798196576, 0.0911637697, 2800.3194, 2679.5833, 760.4600, 21.3504
2025-12-04 04:08:21, 0.0400927399, 0.0248666156, 0.0613978256, 0.0734916220, 2786.6623, 2740.0649, 760.0000, 21.1778
2025-12-04 04:08:26, 0.0400753027, 0.0392901427, 0.0815296431, 0.0664985153, 2938.1961, 2782.8627, 758.8950, 21.7657
2025-12-04 04:08:32, 0.0252723867, 0.0256985021, 0.1128642243, 0.0744350398, 3133.4028, 2908.9583, 757.5550, 19.5578
2025-12-04 04:08:38, 0.0349504250, 0.0342254122, 0.0898559779, 0.0766033945, 2850.0750, 2747.0875, 755.8750, 20.2817
2025-12-04 04:08:44, 0.0320565575, 0.0278396226, 0.1098772732, 0.1124171751, 2993.1774, 2889.6613, 755.3750, 18.3846
2025-12-04 04:08:50, 0.0331581771, 0.0320702241, 0.0781305661, 0.0685715646, 2846.7059, 2803.3824, 755.0100, 19.4453
2025-12-04 04:08:56, 0.0468956597, 0.0360050689, 0.0992968389, 0.0888732460, 2920.5735, 2774.5147, 754.5750, 22.0897
2025-12-04 04:09:01, 0.0491342687, 0.0352595441, 0.1359167669, 0.0921399968, 2915.3774, 2881.9057, 756.4250, 20.2732
2025-12-04 04:09:07, 0.0401157402, 0.0410218550, 0.0630385440, 0.0621441536, 2767.7778, 2687.9048, 757.3700, 18.5306
2025-12-04 04:09:13, 0.0484163663, 0.0292767737, 0.0864581061, 0.0525670238, 3082.8873, 2919.6479, 754.6350, 17.5323
2025-12-04 04:09:19, 0.0369322880, 0.0422466511, 0.0710685947, 0.0718741659, 3205.7969, 2976.7656, 758.2700, 20.4171
2025-12-04 04:09:25, 0.0409194672, 0.0375300794, 0.0871063830, 0.0828555030, 3015.6400, 2833.8133, 758.3750, 19.0382
2025-12-04 04:09:30, 0.0395632378, 0.0353596407, 0.0874167506, 0.0868026963, 2830.3509, 2823.5965, 756.9750, 18.1283
2025-12-04 04:09:36, 0.0397970125, 0.0317361482, 0.0739977557, 0.0898687952, 3170.4906, 2959.6981, 759.0150, 18.7469
2025-12-04 04:09:42, 0.0873171093, 0.0631313453, 0.0849939705, 0.0901723995, 2908.1277, 2860.3404, 754.0050, 19.1542
2025-12-04 04:09:48, 0.0411667024, 0.0348611783, 0.0988861378, 0.1062051401, 2865.4894, 2780.9574, 755.0200, 18.0851
2025-12-04 04:09:53, 0.0638084042, 0.0399319060, 0.0690965143, 0.0884093466, 2771.0889, 2678.2444, 757.6300, 19.7242
2025-12-04 04:09:59, 0.0436282078, 0.0504324154, 0.1084350261, 0.0886870070, 2715.4462, 2653.4308, 759.8100, 17.5720
2025-12-04 04:10:05, 0.0304851742, 0.0349921233, 0.0947758234, 0.0692455379, 3336.0370, 3022.8889, 756.8550, 18.4289
2025-12-04 04:10:11, 0.0378067242, 0.0358396573, 0.0953725806, 0.0602844285, 2852.4730, 2778.4189, 758.1050, 19.7042
2025-12-04 04:10:16, 0.0511231567, 0.0332579241, 0.0854961195, 0.0770490471, 3006.1053, 2841.0789, 757.9300, 17.5859
2025-12-04 04:10:22, 0.0594723851, 0.0462927647, 0.0791217727, 0.0915329521, 2809.1667, 2893.0625, 760.0550, 17.8463
2025-12-04 04:10:28, 0.0518356370, 0.0515997876, 0.0923194569, 0.0650334339, 3146.4474, 3045.9474, 755.4150, 19.4808
2025-12-04 04:10:34, 0.0422968408, 0.0324667881, 0.0779929397, 0.0565611939, 3070.2576, 2951.8182, 757.4150, 19.0185
2025-12-04 04:10:40, 0.0493381206, 0.0344906093, 0.0617953244, 0.0667242444, 3064.8302, 2921.9623, 753.6400, 17.9374
2025-12-04 04:10:46, 0.0402378049, 0.0514532479, 0.0680548134, 0.0586279619, 2773.0870, 2736.5942, 754.7500, 18.8713
2025-12-04 04:10:51, 0.0459167052, 0.0547710452, 0.0545384116, 0.0594296601, 3065.3279, 2948.6885, 751.3350, 15.4309
2025-12-04 04:10:58, 0.0297565080, 0.0327751121, 0.0684527827, 0.0789768952, 3087.1364, 2998.5303, 752.1600, 17.6342
2025-12-04 04:11:03, 0.0432920769, 0.0500314138, 0.0631198896, 0.0503711552, 3005.6071, 2890.8571, 750.0950, 18.0407
2025-12-04 04:11:09, 0.0367319082, 0.0356748085, 0.0712679982, 0.0510050670, 2934.8906, 2798.4844, 754.0750, 18.8701
2025-12-04 04:11:15, 0.0329987758, 0.0337466020, 0.0797562222, 0.1005038864, 3240.8710, 3129.2258, 750.1850, 18.9151
2025-12-04 04:11:21, 0.0396496026, 0.0275338987, 0.0656173070, 0.0878740164, 2917.2083, 2758.3472, 755.0600, 19.5391
2025-12-04 04:11:26, 0.0542240702, 0.0503855016, 0.0730503200, 0.0715003008, 3131.0577, 3032.2500, 756.1300, 18.8604
2025-12-04 04:11:32, 0.0420651801, 0.0441639572, 0.0622474378, 0.0574342251, 3044.0741, 2961.9074, 754.0100, 17.6292
2025-12-04 04:11:38, 0.0524381620, 0.0469463587, 0.0701568837, 0.0630356566, 2926.5224, 2869.9851, 750.6950, 17.1009
2025-12-04 04:11:44, 0.0347911252, 0.0401267314, 0.0685506244, 0.0590451894, 2907.6724, 2870.2759, 751.4100, 18.0514
2025-12-04 04:11:50, 0.0582971964, 0.0575719172, 0.0883968298, 0.0896217048, 3036.5769, 3090.8846, 753.7650, 18.8738
2025-12-04 04:11:55, 0.0537815863, 0.0458637203, 0.0566107734, 0.0720789054, 2940.1395, 2905.0698, 757.1400, 18.3210
2025-12-04 04:12:01, 0.0277712116, 0.0256023915, 0.0597635956, 0.0593062174, 2889.8987, 2770.1519, 755.2100, 18.7149
2025-12-04 04:12:07, 0.0299640674, 0.0282453092, 0.0676223161, 0.0539449235, 3047.5000, 2789.7917, 754.7550, 18.1834
2025-12-04 04:12:13, 0.0355180098, 0.0322107872, 0.1069920325, 0.0661260486, 3071.3443, 2844.0328, 756.3050, 18.5761
2025-12-04 04:12:19, 0.0277169746, 0.0216649454, 0.1075300841, 0.0733352395, 2962.5882, 2879.2647, 757.2050, 18.9128
2025-12-04 04:12:24, 0.0203041741, 0.0193430221, 0.0814182337, 0.0875630787, 2899.3947, 2625.0395, 755.2050, 17.4035
2025-12-04 04:12:30, 0.0295774695, 0.0285057146, 0.0723617752, 0.0530626607, 3038.6714, 2707.6714, 756.8700, 17.9417
2025-12-04 04:12:36, 0.0243733036, 0.0226182338, 0.0632133592, 0.0750451133, 2940.4615, 2791.8308, 758.1850, 19.0688
2025-12-04 04:12:42, 0.0340684293, 0.0276949432, 0.0885755692, 0.0697555387, 3081.3966, 2753.4310, 758.5750, 19.2243
2025-12-04 04:12:47, 0.0373014407, 0.0322399706, 0.0632289356, 0.0823716920, 2996.3636, 2871.1364, 761.6900, 15.8434
2025-12-04 04:12:53, 0.0227935678, 0.0209397928, 0.0825160443, 0.0821089322, 2638.4571, 2649.4286, 758.6250, 18.7985
2025-12-04 04:12:59, 0.0255014540, 0.0223375148, 0.0943331601, 0.0668381594, 2899.9114, 2647.1392, 762.4000, 20.0362
2025-12-04 04:13:05, 0.0291862324, 0.0227433581, 0.0834464640, 0.0948149937, 2944.7746, 2745.3662, 759.1400, 18.4629
2025-12-04 04:13:10, 0.0262593443, 0.0192745836, 0.0703996793, 0.0736972735, 2902.9367, 2656.5063, 758.1900, 17.7128
2025-12-04 04:13:16, 0.0274033445, 0.0190850098, 0.1013226639, 0.0742280590, 3042.1000, 2698.4125, 757.5750, 17.1071
2025-12-04 04:13:22, 0.0175347468, 0.0142593837, 0.0969056698, 0.1045704615, 2930.4634, 2550.0366, 756.0500, 18.9744
2025-12-04 04:13:28, 0.0213974733, 0.0229334249, 0.1132096408, 0.1075886581, 2978.1014, 2764.3623, 759.0700, 18.0032
2025-12-04 04:13:34, 0.0233372710, 0.0275104632, 0.1113500234, 0.0880863693, 2945.5606, 2808.7727, 761.0350, 18.2900
2025-12-04 04:13:40, 0.0269556200, 0.0215705821, 0.0791925040, 0.0893777703, 2851.3220, 2672.9661, 758.2750, 19.8045
2025-12-04 04:13:45, 0.0416563737, 0.0306878987, 0.0499725215, 0.0492411110, 3070.8333, 2912.4394, 758.5750, 18.8713
2025-12-04 04:13:51, 0.0430263843, 0.0268778095, 0.0752354988, 0.0706402437, 3044.6379, 2828.4138, 756.1700, 19.1758
2025-12-04 04:13:57, 0.0277444802, 0.0312611079, 0.0816239744, 0.0962858542, 3059.7091, 2829.8182, 756.1800, 18.7178
2025-12-04 04:14:03, 0.0337205311, 0.0278649752, 0.0500908970, 0.0563719440, 2820.0938, 2661.2656, 759.7600, 18.7169
2025-12-04 04:14:09, 0.0326673746, 0.0303391471, 0.1033372707, 0.0818919476, 3062.9275, 2895.6667, 757.4500, 19.4887
2025-12-04 04:14:15, 0.0302390425, 0.0324657459, 0.1019420406, 0.1129974354, 3153.2537, 3017.6269, 757.4900, 17.7513
2025-12-04 04:14:21, 0.0239395827, 0.0215032904, 0.0914576399, 0.0829439829, 3001.3934, 2795.1148, 761.1250, 18.1518
2025-12-04 04:14:27, 0.0350044918, 0.0355565357, 0.0632243431, 0.0715605679, 2896.4062, 2835.6875, 762.3200, 16.7528
2025-12-04 04:14:32, 0.0430814173, 0.0465861648, 0.0651965951, 0.0836491730, 2973.3380, 3005.1972, 757.8350, 19.6425
2025-12-04 04:14:38, 0.0346967756, 0.0296569746, 0.1247316765, 0.0849169228, 3161.7656, 2882.1406, 760.3200, 15.6204
2025-12-04 04:14:44, 0.0206561093, 0.0257624568, 0.0824012096, 0.0822249918, 2958.5397, 2695.4762, 761.0400, 19.1903
2025-12-04 04:14:50, 0.0354826611, 0.0297748519, 0.1186604948, 0.1026219618, 3251.6406, 3048.9062, 758.5750, 17.5056
2025-12-04 04:14:56, 0.0240375872, 0.0204292027, 0.0889302285, 0.0869347851, 3008.2442, 2823.3837, 761.4650, 20.2212
2025-12-04 04:15:02, 0.0277548275, 0.0212095019, 0.1243993012, 0.0691279828, 3109.4648, 2716.1690, 760.9950, 19.2469
2025-12-04 04:15:07, 0.0395130172, 0.0350600051, 0.0763625780, 0.0763796147, 3013.5867, 2922.7067, 762.6050, 18.4613
2025-12-04 04:15:13, 0.0352629968, 0.0336078218, 0.0638668687, 0.0617999459, 2955.1094, 2873.6562, 762.9350, 19.5765
2025-12-04 04:15:19, 0.0357012782, 0.0389376001, 0.0621099614, 0.0563253532, 2961.2615, 2864.3692, 758.0000, 18.3499
2025-12-04 04:15:25, 0.0455844424, 0.0436678540, 0.0725732670, 0.0723138772, 2974.2500, 3021.5667, 762.5900, 18.1210
2025-12-04 04:15:30, 0.0492516509, 0.0350135899, 0.0555316096, 0.0629532543, 2932.2264, 2929.6604, 758.6150, 19.9160
2025-12-04 04:15:36, 0.0318646704, 0.0306141168, 0.0915300512, 0.1016266406, 2826.4638, 2801.1014, 760.1250, 17.6233
2025-12-04 04:15:42, 0.0326263731, 0.0298448973, 0.0696687455, 0.0508888263, 2962.5246, 2774.4918, 756.3250, 16.0343
2025-12-04 04:15:47, 0.0357324221, 0.0449425353, 0.0748294197, 0.0715495039, 2831.8947, 2747.1228, 759.6700, 17.6825
2025-12-04 04:15:54, 0.0365585526, 0.0317384597, 0.0769228900, 0.0900111789, 2767.4930, 2736.8592, 752.1600, 19.0794
2025-12-04 04:15:59, 0.0306258855, 0.0312806118, 0.0965648566, 0.0829149667, 3033.8281, 2882.3906, 754.2350, 19.1922
2025-12-04 04:16:05, 0.0373752863, 0.0282434267, 0.0698760449, 0.0707071014, 2899.9365, 2853.9365, 756.4850, 17.0918
2025-12-04 04:16:11, 0.0463409751, 0.0365525925, 0.0978964419, 0.1011067097, 2779.5588, 2775.1029, 754.7450, 18.1755
2025-12-04 04:16:17, 0.0577215339, 0.0398822502, 0.0861267535, 0.0711124506, 2866.1400, 2786.0200, 751.6950, 18.8542
2025-12-04 04:16:23, 0.0317395848, 0.0240553199, 0.0935775776, 0.1104542113, 2910.5658, 2826.7368, 754.9200, 17.8881
2025-12-04 04:16:29, 0.0478698277, 0.0380453232, 0.0867557447, 0.0895544613, 2995.4688, 3084.3125, 750.9600, 18.5380
2025-12-04 04:16:34, 0.0502711792, 0.0422010236, 0.0607847571, 0.0657730978, 2895.6957, 2895.4130, 753.6650, 18.6934
2025-12-04 04:16:40, 0.0376803132, 0.0346810512, 0.0926086320, 0.0964102092, 2819.5273, 2791.4364, 751.8000, 17.9248
2025-12-04 04:16:46, 0.0283484168, 0.0254426074, 0.0683850118, 0.0819098956, 2996.1774, 2909.1129, 757.5300, 18.4203
2025-12-04 04:16:52, 0.0445045600, 0.0311426792, 0.1358221288, 0.0925801710, 2915.0500, 2742.8500, 758.6250, 18.2632
2025-12-04 04:16:58, 0.0504572038, 0.0401944562, 0.0823114343, 0.1069169125, 3058.9818, 3163.9636, 757.1600, 17.2358
2025-12-04 04:17:03, 0.0426177973, 0.0446391065, 0.0926894810, 0.1254721420, 2982.6122, 2952.4082, 757.3600, 19.4224
2025-12-04 04:17:09, 0.0555415714, 0.0473469204, 0.1454766054, 0.1256779343, 2779.5106, 2718.5745, 761.1450, 18.7172
2025-12-04 04:17:15, 0.0551565298, 0.0398072430, 0.1005078331, 0.1036058929, 2818.2333, 2829.7667, 762.4950, 17.7212
2025-12-04 04:17:21, 0.0615522593, 0.0557316805, 0.0871461536, 0.0690441836, 3139.6078, 3060.6471, 761.2950, 19.9371
2025-12-04 04:17:26, 0.0607135735, 0.0652847953, 0.2508886563, 0.1192277735, 3082.2093, 2926.0000, 759.6800, 18.1755
2025-12-04 04:17:32, 0.0479180009, 0.0377174499, 0.0656738631, 0.0808897416, 2880.0484, 2870.9516, 764.3650, 18.3432
2025-12-04 04:17:38, 0.0548676974, 0.0475516824, 0.0941861041, 0.0535339777, 2913.6750, 2782.8500, 761.8050, 18.6233
2025-12-04 04:17:44, 0.0504752402, 0.0439727499, 0.1196419505, 0.1232982118, 3064.3846, 2974.7885, 762.8350, 20.6799
2025-12-04 04:17:49, 0.0605813433, 0.0428873439, 0.1281119784, 0.1306504869, 3074.9206, 3185.3651, 761.4600, 18.7000
2025-12-04 04:17:55, 0.0419724607, 0.0461521336, 0.1329381432, 0.0797811096, 3360.3750, 3245.6875, 761.3350, 18.2549
2025-12-04 04:18:01, 0.0489259347, 0.0347178185, 0.1371808043, 0.1704267749, 2887.2899, 2736.7681, 763.6650, 17.9834
2025-12-04 04:18:07, 0.0325545080, 0.0238558080, 0.0791930936, 0.0852984816, 2797.8491, 2787.1887, 761.2250, 18.2873
2025-12-04 04:18:13, 0.0325066019, 0.0326273113, 0.1181093655, 0.1052911433, 3041.5370, 2859.6111, 763.1700, 19.7429
2025-12-04 04:18:18, 0.0294710123, 0.0232659497, 0.1085054924, 0.1095325709, 2998.7397, 2788.6027, 764.0650, 19.9993
2025-12-04 04:18:24, 0.0385014903, 0.0320144302, 0.1445888886, 0.1022778930, 3042.8462, 2941.0000, 762.7300, 19.1853
2025-12-04 04:18:30, 0.0504799173, 0.0391164856, 0.1413220183, 0.1332308647, 3149.3462, 3031.2885, 762.7700, 18.5757
2025-12-04 04:18:36, 0.0309853171, 0.0255339720, 0.0986427611, 0.1125398565, 2842.4000, 2726.5067, 760.5100, 17.4086
2025-12-04 04:18:42, 0.0352003184, 0.0440933207, 0.1276451715, 0.1053544198, 2827.0870, 2908.5870, 761.2350, 19.3393
2025-12-04 04:18:48, 0.0485296351, 0.0368676615, 0.1211331616, 0.0899791412, 3105.1803, 2948.5738, 762.2850, 18.7137
2025-12-04 04:18:53, 0.0469038102, 0.0403727479, 0.0811804466, 0.0607548664, 2902.3273, 2709.5091, 759.1600, 18.0076
2025-12-04 04:18:59, 0.0308571980, 0.0263002397, 0.0759127980, 0.0752926999, 2962.9839, 2718.6613, 762.1600, 17.4136
2025-12-04 04:19:05, 0.0245730302, 0.0227391718, 0.1341150322, 0.0993710778, 2863.6486, 2786.4324, 765.1450, 18.2377
2025-12-04 04:19:11, 0.0229706968, 0.0187919659, 0.1104731442, 0.0971932855, 2912.5000, 2787.6714, 761.4750, 20.5163
2025-12-04 04:19:17, 0.0317918985, 0.0223130032, 0.1726858955, 0.1770331591, 3052.8269, 2880.4231, 761.8450, 19.1995
2025-12-04 04:19:22, 0.0318277732, 0.0284292205, 0.1052709113, 0.0864984238, 3022.6038, 2756.3019, 759.8900, 16.9864
2025-12-04 04:19:28, 0.0304588556, 0.0315715743, 0.1602617415, 0.0897788162, 3240.0000, 2922.7429, 759.3100, 18.6388
2025-12-04 04:19:34, 0.0407700139, 0.0274414609, 0.1082787665, 0.1079432287, 2816.8393, 2788.8571, 763.3050, 19.8789
2025-12-04 04:19:40, 0.0268422549, 0.0348210690, 0.1604147945, 0.1103017427, 3231.2083, 3086.1458, 760.7800, 19.2739
2025-12-04 04:19:46, 0.0456677718, 0.0363330166, 0.1082996075, 0.1266465478, 2891.0794, 2969.1587, 762.7050, 19.1350
2025-12-04 04:19:51, 0.0375713550, 0.0263563902, 0.1945945461, 0.1451938756, 2933.5758, 2757.5000, 762.2750, 18.5232
2025-12-04 04:19:57, 0.0335285007, 0.0249077230, 0.0949743598, 0.1285663110, 3065.2615, 2962.7077, 763.7850, 17.9880
2025-12-04 04:20:03, 0.0287404403, 0.0321130695, 0.0958577249, 0.0828970654, 2846.8551, 2650.5652, 757.9900, 20.9017
2025-12-04 04:20:09, 0.0324139738, 0.0332079729, 0.0723057482, 0.0502745635, 3191.7692, 3001.0000, 761.1300, 18.3006
2025-12-04 04:20:15, 0.0261225966, 0.0294407732, 0.1099865281, 0.0863639483, 2795.6111, 2690.8148, 762.1200, 18.2378
2025-12-04 04:20:20, 0.0430897542, 0.0302928159, 0.1180291832, 0.1117048038, 2930.4167, 2794.4333, 760.1700, 17.2876
2025-12-04 04:20:26, 0.0295301298, 0.0274893902, 0.1096775120, 0.0835092768, 2923.5811, 2788.1216, 767.4250, 17.7261
2025-12-04 04:20:32, 0.0326206592, 0.0268259303, 0.0857027025, 0.0810642463, 3166.7368, 2898.8289, 769.2150, 18.5636
2025-12-04 04:20:38, 0.0310955893, 0.0206277046, 0.0743386607, 0.0686315394, 2726.3378, 2666.3514, 767.0600, 17.0266
2025-12-04 04:20:44, 0.0270147132, 0.0208048278, 0.1242955099, 0.1172379914, 2868.4098, 2704.0656, 766.9200, 18.0173
2025-12-04 04:20:49, 0.0396036065, 0.0239753754, 0.1695747162, 0.1908613549, 3044.2097, 3022.4355, 767.6150, 18.3340
2025-12-04 04:20:55, 0.0337481700, 0.0238026277, 0.1015427571, 0.0924134197, 3057.7200, 2800.2800, 767.4000, 18.9784
2025-12-04 04:21:01, 0.0269986331, 0.0237233740, 0.1406178795, 0.0931837897, 2777.2542, 2551.5932, 765.7100, 17.8423
2025-12-04 04:21:07, 0.0312126017, 0.0213052053, 0.1004387007, 0.1272992112, 3154.1481, 3059.6111, 765.1950, 18.0069
2025-12-04 04:21:12, 0.0285805017, 0.0245145720, 0.1211091125, 0.1167740029, 2863.9848, 2952.2121, 763.8300, 17.4267
2025-12-04 04:21:18, 0.0404195565, 0.0276714014, 0.1179766765, 0.1092739082, 2958.5781, 2834.2969, 764.4600, 17.9368
2025-12-04 04:21:24, 0.0214663259, 0.0184341868, 0.1017349851, 0.1657150924, 2883.7231, 2699.9077, 763.2250, 19.0870
2025-12-04 04:21:30, 0.0287561567, 0.0211778539, 0.1108128602, 0.1139933569, 3091.4521, 2833.7260, 763.3850, 17.7887
2025-12-04 04:21:36, 0.0300616588, 0.0219498243, 0.1480888346, 0.1235717554, 3145.7910, 2848.4627, 763.4100, 18.6615
2025-12-04 04:21:41, 0.0379800125, 0.0216337495, 0.0911186777, 0.0609559279, 2915.5873, 2639.1905, 761.2750, 17.6042
2025-12-04 04:21:47, 0.0398406255, 0.0377637463, 0.1147029997, 0.1056003366, 3146.4737, 3061.1053, 757.5350, 18.9005
2025-12-04 04:21:53, 0.0532505863, 0.0400405665, 0.0862517694, 0.1115705905, 2724.6667, 2752.9020, 762.6650, 19.1857
2025-12-04 04:21:59, 0.0347691967, 0.0370823131, 0.0957262489, 0.0813164789, 2883.8182, 2870.4545, 758.2700, 18.9599
2025-12-04 04:22:04, 0.0327516085, 0.0191324610, 0.0900434657, 0.0737150646, 2915.0317, 2756.0476, 758.0400, 17.4774
2025-12-04 04:22:10, 0.0573005317, 0.0494267491, 0.0888959936, 0.0837705936, 3068.2000, 3112.7333, 760.3250, 19.8625
2025-12-04 04:22:16, 0.0386250521, 0.0359196123, 0.0791761496, 0.0830486479, 3105.9273, 2994.6000, 756.8150, 18.7187
2025-12-04 04:22:22, 0.0323858302, 0.0361295638, 0.0995558860, 0.0822429801, 3062.5692, 2846.3077, 757.4050, 17.9934
2025-12-04 04:22:28, 0.0339626570, 0.0289308686, 0.1410417129, 0.1293516318, 2866.2000, 2791.9000, 755.6450, 16.9458
2025-12-04 04:22:33, 0.0355050503, 0.0388419999, 0.0836326817, 0.0649025286, 2876.5238, 2807.4444, 757.1450, 17.8680
2025-12-04 04:22:39, 0.0366309446, 0.0300946476, 0.1121006278, 0.0778322110, 3096.6500, 3023.8500, 757.6500, 17.9643
2025-12-04 04:22:45, 0.0409976047, 0.0338590028, 0.0969098988, 0.0689926257, 3298.3279, 3000.9180, 756.5550, 17.5993
2025-12-04 04:22:51, 0.0354567441, 0.0283924742, 0.0640057297, 0.0720794638, 3181.3425, 2964.5753, 756.8350, 18.3591
2025-12-04 04:22:56, 0.0243608154, 0.0164365925, 0.1131651127, 0.1044913077, 2916.2432, 2595.8784, 757.6350, 19.1636
2025-12-04 04:23:02, 0.0403798118, 0.0219040456, 0.0955919995, 0.0690112727, 3006.4861, 2707.0139, 753.3000, 17.5758
2025-12-04 04:23:08, 0.0242719524, 0.0251099726, 0.0928701767, 0.0759361826, 2757.9452, 2663.6164, 757.2750, 18.7971
2025-12-04 04:23:13, 0.0396410492, 0.0296467431, 0.0824913321, 0.0766168203, 3071.8684, 2853.3816, 757.7750, 17.5734
2025-12-04 04:23:19, 0.0296715302, 0.0261099916, 0.0771649895, 0.0620407625, 3046.8209, 2888.2537, 753.8700, 17.4440
2025-12-04 04:23:25, 0.0254469188, 0.0282301810, 0.0723071413, 0.0550107074, 2945.1636, 2730.1273, 758.9100, 17.7486
2025-12-04 04:23:31, 0.0250219346, 0.0215728807, 0.1100749004, 0.1064077002, 2924.3944, 2790.6056, 757.2000, 18.6430
2025-12-04 04:23:37, 0.0205187461, 0.0177391101, 0.1063674771, 0.0883504615, 3043.3291, 2744.9494, 756.0200, 17.9580
2025-12-04 04:23:42, 0.0257922765, 0.0230903437, 0.0826343306, 0.1061484566, 2821.4000, 2654.1600, 760.3650, 17.7125
2025-12-04 04:23:48, 0.0390580455, 0.0346236196, 0.0926863862, 0.1019190823, 3035.4912, 2979.7895, 760.1500, 20.1392
2025-12-04 04:23:54, 0.0265688674, 0.0278448267, 0.1432384784, 0.1129753630, 2906.3971, 2729.9706, 760.2100, 18.7943
2025-12-04 04:24:00, 0.0419483422, 0.0319687987, 0.0657387071, 0.0587788368, 2888.0286, 2823.1857, 757.9650, 18.8075
2025-12-04 04:24:06, 0.0458929108, 0.0415488917, 0.0867327867, 0.0799371351, 2871.1803, 2872.5902, 760.2500, 19.3095
2025-12-04 04:24:12, 0.0281178300, 0.0288399236, 0.0933368027, 0.0806618906, 3141.1081, 2921.9189, 759.4900, 18.1097
2025-12-04 04:24:17, 0.0339604470, 0.0233809109, 0.0765052120, 0.0736334710, 2964.0147, 2684.6912, 758.6250, 19.6671
2025-12-04 04:24:23, 0.0260094150, 0.0285740159, 0.0613253409, 0.0633829229, 3021.4154, 2740.2154, 758.7900, 18.6469
2025-12-04 04:24:29, 0.0200681841, 0.0189604033, 0.0782759191, 0.1078023868, 2959.2090, 2777.7761, 758.7100, 18.5663
2025-12-04 04:24:36, 0.0252618592, 0.0239378416, 0.0876658947, 0.0822026184, 2894.9467, 2808.1200, 761.0550, 17.3180
2025-12-04 04:24:42, 0.0288016049, 0.0303148448, 0.1061321615, 0.1153647999, 2983.4355, 2744.5161, 756.4750, 18.0494
2025-12-04 04:24:48, 0.0331351315, 0.0230861528, 0.0917476792, 0.0854988657, 3117.1897, 2898.5345, 761.9150, 18.4303
2025-12-04 04:24:54, 0.0285577358, 0.0297552554, 0.0833892822, 0.0690842995, 2922.9107, 2803.7321, 759.2800, 20.0223
2025-12-04 04:24:59, 0.0369865049, 0.0301939448, 0.1029651056, 0.0900666627, 3125.6818, 3131.9242, 760.6300, 20.1986
2025-12-04 04:25:06, 0.0290483148, 0.0204497283, 0.0943790185, 0.0748187802, 2963.0299, 2835.6866, 760.1100, 19.4164
2025-12-04 04:25:12, 0.0296216036, 0.0262606057, 0.0891506989, 0.0833671714, 3052.3846, 2939.0308, 763.0900, 18.6049
2025-12-04 04:25:17, 0.0286813497, 0.0333028797, 0.0812509794, 0.0614956367, 2833.9481, 2730.0909, 761.6950, 18.1348
2025-12-04 04:25:23, 0.0467946437, 0.0413416493, 0.1110652366, 0.0751312911, 3275.2632, 3107.4912, 760.4450, 19.9844
2025-12-04 04:25:29, 0.0358280072, 0.0342475143, 0.0896914202, 0.1120420533, 2931.7302, 2774.0635, 760.7800, 19.0079
2025-12-04 04:25:35, 0.0150542251, 0.0160809644, 0.1114194175, 0.0813512299, 2801.0988, 2542.8889, 760.5250, 19.4355
2025-12-04 04:25:41, 0.0277030163, 0.0229175464, 0.0996707943, 0.0972884168, 2807.4730, 2707.0946, 764.4300, 18.8869
2025-12-04 04:25:46, 0.0300691800, 0.0221127891, 0.0903079115, 0.1180003006, 3016.5833, 2896.8333, 761.2400, 17.9853
2025-12-04 04:25:52, 0.0235158493, 0.0215897517, 0.1197090660, 0.0962497339, 2944.1918, 2692.7945, 761.7950, 19.2191
2025-12-04 04:25:58, 0.0368379383, 0.0274635818, 0.1030949698, 0.0896807211, 2928.2769, 2688.7692, 761.5900, 17.9575
2025-12-04 04:26:04, 0.0283570448, 0.0265818697, 0.1015328996, 0.0950702857, 2863.1538, 2766.0192, 759.4750, 17.8656
2025-12-04 04:26:09, 0.0334135704, 0.0287712170, 0.0854203464, 0.0899793847, 2927.2031, 2741.9688, 763.5550, 17.0046
2025-12-04 04:26:15, 0.0486371642, 0.0485450899, 0.0850351056, 0.1261309239, 3055.8182, 2922.5455, 764.6400, 19.0324
2025-12-04 04:26:21, 0.0486711269, 0.0332610370, 0.1027657876, 0.0688829996, 3219.2857, 3131.0204, 764.4550, 17.5692
2025-12-04 04:26:26, 0.0272256855, 0.0210612641, 0.1013568949, 0.1168326682, 2909.5614, 2782.0526, 759.3100, 17.5964
2025-12-04 04:26:33, 0.0352183575, 0.0341946153, 0.0790899130, 0.0937484501, 3106.8333, 2933.9394, 759.3250, 18.0604
2025-12-04 04:26:39, 0.0393676329, 0.0315745131, 0.1138962744, 0.1151815190, 2987.7213, 2928.0656, 756.1000, 17.8634
2025-12-04 04:26:45, 0.0519188414, 0.0414746447, 0.1456715139, 0.1372027959, 3114.7733, 2838.2267, 759.0050, 17.6846
2025-12-04 04:26:50, 0.0343166775, 0.0277522359, 0.0792667100, 0.1015007733, 2908.2817, 2883.7887, 759.1350, 18.2767
2025-12-04 04:26:56, 0.0366268458, 0.0314232591, 0.0958066879, 0.0869231022, 3066.5625, 2995.1406, 755.7600, 18.3595
2025-12-04 04:27:02, 0.0374038470, 0.0203605464, 0.0725939533, 0.0712064048, 2890.5067, 2749.2000, 757.6700, 18.4133
2025-12-04 04:27:08, 0.0192640617, 0.0180455545, 0.0654851732, 0.0803959272, 2837.0143, 2520.6714, 755.9600, 19.3680
2025-12-04 04:27:13, 0.0228446400, 0.0224161566, 0.0913007658, 0.0760544621, 3096.4800, 2619.5600, 760.0050, 17.3958
2025-12-04 04:27:19, 0.0312267500, 0.0270964958, 0.0960037246, 0.0968098666, 3053.7671, 2881.0000, 758.7550, 16.7154
2025-12-04 04:27:25, 0.0363305332, 0.0331228741, 0.0803842270, 0.0828517769, 2998.5172, 2796.6897, 759.8750, 19.6825
2025-12-04 04:27:30, 0.0321441308, 0.0267893734, 0.0870893157, 0.1159080524, 2823.4426, 2760.9016, 756.1650, 18.6686
2025-12-04 04:27:37, 0.0285318389, 0.0219458224, 0.1045765748, 0.0937836456, 2886.7424, 2570.4545, 759.4250, 18.1770
2025-12-04 04:27:43, 0.0338339204, 0.0268536017, 0.0866998999, 0.0807141406, 2883.2593, 2508.1358, 759.7700, 17.6544
2025-12-04 04:27:48, 0.0290094531, 0.0270896473, 0.1030027706, 0.1048872151, 2820.6667, 2677.7600, 758.6850, 17.6192
2025-12-04 04:27:54, 0.0267054375, 0.0191219043, 0.0932945742, 0.1386183596, 2849.6901, 2692.1127, 757.5500, 18.3354
2025-12-04 04:28:00, 0.0272006648, 0.0212701716, 0.0980477609, 0.1028103089, 2977.9722, 2656.0972, 756.7100, 19.2623
2025-12-04 04:28:06, 0.0281670527, 0.0186875022, 0.1013784283, 0.0939434057, 3112.9701, 2732.4478, 760.6150, 19.4986
2025-12-04 04:28:12, 0.0313703905, 0.0242591983, 0.0897379234, 0.1075574261, 2813.5000, 2671.6389, 754.9450, 21.1150
2025-12-04 04:28:17, 0.0388239103, 0.0300036909, 0.0968724032, 0.0799014825, 3025.0781, 2926.0000, 757.2650, 18.4267
2025-12-04 04:28:23, 0.0389195672, 0.0291365985, 0.0766026072, 0.1005936764, 3043.6000, 2940.2429, 756.9500, 20.5876
2025-12-04 04:28:29, 0.0322520144, 0.0226529684, 0.0924782648, 0.1110287713, 3104.4118, 2888.5294, 756.3850, 19.8841
2025-12-04 04:28:35, 0.0240257012, 0.0163866930, 0.0852638579, 0.0665457311, 2927.1406, 2838.2344, 756.2350, 18.1364
2025-12-04 04:28:41, 0.0385157991, 0.0348486772, 0.0912723353, 0.0732071407, 2937.5469, 2650.3125, 755.6450, 17.0056
2025-12-04 04:28:47, 0.0583736953, 0.0252044495, 0.1197141797, 0.0791242183, 3030.0196, 2787.2157, 758.3900, 16.7567
2025-12-04 04:28:53, 0.0253122558, 0.0206564898, 0.1503845823, 0.1263953062, 2907.5405, 2713.6757, 760.1200, 18.7207
2025-12-04 04:28:58, 0.0343864922, 0.0231520422, 0.0911324735, 0.0847886142, 2915.7143, 2692.3810, 760.0450, 18.1406
2025-12-04 04:29:04, 0.0291928240, 0.0403876521, 0.1344667762, 0.0866246240, 2922.3906, 2769.7031, 760.1950, 19.6234
2025-12-04 04:29:10, 0.0463210130, 0.0361969989, 0.1114169688, 0.0865374795, 2918.8971, 2826.7794, 759.9450, 17.2983
2025-12-04 04:29:16, 0.0281151664, 0.0298336572, 0.1217681884, 0.1011665141, 2994.4923, 2887.8923, 759.4100, 18.1119
2025-12-04 04:29:21, 0.0291569697, 0.0233189764, 0.1190226307, 0.1112587884, 2905.4571, 2821.9286, 756.2350, 18.0278
2025-12-04 04:29:27, 0.0361952512, 0.0271365995, 0.0916298121, 0.1085555514, 3083.3636, 2895.5606, 757.2850, 17.8747
2025-12-04 04:29:33, 0.0365767347, 0.0382817644, 0.0770650970, 0.1052838310, 2904.2041, 2825.1429, 757.4200, 18.1462
2025-12-04 04:29:39, 0.0213507872, 0.0178210423, 0.1102104840, 0.0839500286, 2939.8571, 2653.0595, 755.6900, 18.3577
2025-12-04 04:29:45, 0.0266768985, 0.0261239438, 0.1097753494, 0.1160958128, 2808.2192, 2831.1781, 755.3100, 17.3978
2025-12-04 04:29:50, 0.0403638842, 0.0357905620, 0.0731621072, 0.0773130177, 2926.0308, 2873.7538, 762.3900, 17.0885
2025-12-04 04:29:56, 0.0207912073, 0.0185111798, 0.0743260180, 0.0662289222, 2782.0000, 2506.5952, 759.1950, 17.9471
2025-12-04 04:30:02, 0.0328037762, 0.0244811661, 0.0592360575, 0.0706915207, 2893.8082, 2692.2740, 758.2300, 19.3165
2025-12-04 04:30:08, 0.0244051022, 0.0152087245, 0.0912737304, 0.0807886918, 2909.3600, 2622.8133, 760.0550, 16.8805
2025-12-04 04:30:14, 0.0116593838, 0.0115938976, 0.1180248113, 0.0924908584, 2741.0676, 2520.7027, 757.5500, 19.6771
2025-12-04 04:30:20, 0.0171191630, 0.0151144938, 0.1130108857, 0.0797507885, 2861.9873, 2475.7975, 760.5250, 18.9528
2025-12-04 04:30:25, 0.0206777936, 0.0184798588, 0.1315000167, 0.0865826407, 2937.0448, 2526.0299, 758.3950, 19.0615
2025-12-04 04:30:31, 0.0304737029, 0.0302241513, 0.0909696475, 0.0631249599, 2855.1618, 2672.9118, 760.4800, 18.2118
2025-12-04 04:30:37, 0.0315013190, 0.0213207530, 0.0870374781, 0.0872654778, 3041.7692, 2930.4462, 759.7200, 17.9945
2025-12-04 04:30:43, 0.0279173307, 0.0320053286, 0.0531931052, 0.0712202746, 2727.9615, 2502.7500, 759.2150, 18.9881
2025-12-04 04:30:49, 0.0300499523, 0.0307584457, 0.1065860310, 0.1097322452, 3037.0390, 2911.2597, 762.1950, 18.6726
2025-12-04 04:30:55, 0.0262015374, 0.0224559163, 0.0818334344, 0.0777598883, 2993.3947, 2720.0658, 762.0000, 19.9223
2025-12-04 04:31:00, 0.0233424934, 0.0196590929, 0.1183508728, 0.1247460414, 3084.2400, 2883.9333, 758.7000, 21.4096
2025-12-04 04:31:06, 0.0241986736, 0.0236106612, 0.0696915001, 0.0744764170, 3083.9538, 2955.6000, 759.7300, 19.4874
2025-12-04 04:31:12, 0.0334978286, 0.0296707723, 0.1036945787, 0.0701189466, 3255.4167, 2883.2833, 757.2650, 19.9513
2025-12-04 04:31:18, 0.0307643123, 0.0262691753, 0.0979712897, 0.0893216552, 3103.9474, 2746.0789, 761.2350, 19.7309
2025-12-04 04:31:24, 0.0255819028, 0.0197942628, 0.0673918313, 0.0635812190, 2785.2609, 2707.9710, 759.8400, 18.2139
2025-12-04 04:31:30, 0.0289011694, 0.0270919163, 0.1029300111, 0.0600125842, 3048.3016, 2705.4603, 758.9300, 18.7140
2025-12-04 04:31:36, 0.0245370720, 0.0223289199, 0.1088775973, 0.0765467327, 2868.5833, 2646.6667, 759.7950, 17.8800
2025-12-04 04:31:42, 0.0282656314, 0.0206416928, 0.0751752956, 0.0866320561, 3074.4545, 2872.0303, 757.8100, 19.6258
2025-12-04 04:31:47, 0.0176867186, 0.0138443458, 0.0930623981, 0.0832461434, 2648.5952, 2641.0714, 758.8850, 19.6291
2025-12-04 04:31:53, 0.0242326739, 0.0234761199, 0.1211925256, 0.0870079454, 3044.4697, 2750.3939, 756.0200, 20.4348
2025-12-04 04:31:59, 0.0307900448, 0.0300579882, 0.1142173156, 0.0840430885, 3054.5211, 2785.4648, 755.1750, 19.6834
2025-12-04 04:32:05, 0.0242269278, 0.0242249679, 0.0797281883, 0.0675899956, 3077.6364, 2745.4416, 755.5950, 20.1688
2025-12-04 04:32:11, 0.0325937188, 0.0261149672, 0.0798397586, 0.0831757441, 2896.7681, 2721.5507, 757.4550, 18.2614
2025-12-04 04:32:16, 0.0308025542, 0.0227829275, 0.0796226773, 0.0954123468, 2998.8305, 2871.1695, 752.9250, 20.2504
2025-12-04 04:32:23, 0.0245668785, 0.0163500546, 0.0962038245, 0.0812454964, 3028.9474, 2698.1053, 752.5000, 18.9349
2025-12-04 04:32:28, 0.0226296021, 0.0215732872, 0.0857337757, 0.0895360488, 2783.6711, 2545.6579, 752.3750, 19.0847
2025-12-04 04:32:34, 0.0194469414, 0.0202208817, 0.1171221250, 0.0964561387, 2878.6349, 2675.6032, 753.2800, 19.8291
2025-12-04 04:32:40, 0.0142431538, 0.0111737378, 0.0827672749, 0.0580483596, 2598.3846, 2407.5000, 755.2800, 18.0292
2025-12-04 04:32:46, 0.0215267906, 0.0172904693, 0.0969569560, 0.0853634336, 2892.1839, 2678.1609, 753.2300, 20.1722
2025-12-04 04:32:51, 0.0217730348, 0.0196004244, 0.0779649548, 0.0768610915, 2979.2911, 2739.3924, 752.6400, 19.6072
2025-12-04 04:32:57, 0.0214263935, 0.0196186292, 0.0962095247, 0.0776857138, 2817.3333, 2610.2024, 754.3100, 17.7892
2025-12-04 04:33:03, 0.0218843199, 0.0175795171, 0.1156510128, 0.0859570404, 2778.0230, 2567.0460, 760.4550, 18.6967
2025-12-04 04:33:11, 0.0163714338, 0.0123387005, 0.0923528288, 0.0903841899, 2725.8636, 2368.1818, 751.1600, 18.1726
2025-12-04 04:33:17, 0.0172880199, 0.0179474833, 0.1211117101, 0.0979266207, 2779.8202, 2539.2809, 761.0800, 18.4354
2025-12-04 04:33:22, 0.0301594004, 0.0202489795, 0.1177611105, 0.1237271146, 2958.2273, 2742.2727, 761.7850, 17.8193
2025-12-04 04:33:28, 0.0229962016, 0.0181455237, 0.0752891427, 0.0687728224, 2795.8333, 2684.4167, 759.4550, 16.3511
2025-12-04 04:33:34, 0.0220535402, 0.0220939223, 0.1325362070, 0.0989407766, 2920.4583, 2647.8611, 760.8400, 18.3345
2025-12-04 04:33:40, 0.0192539387, 0.0184094074, 0.0989769120, 0.0915840111, 2757.2025, 2497.8228, 761.9350, 17.7857
2025-12-04 04:33:45, 0.0189596102, 0.0133344994, 0.0856601516, 0.0839976513, 2708.5309, 2574.4198, 761.3000, 16.7278
2025-12-04 04:33:51, 0.0223375287, 0.0172034210, 0.0920829134, 0.0719624050, 2874.7439, 2619.9756, 761.7350, 18.8004
2025-12-04 04:33:57, 0.0205769902, 0.0175051762, 0.0889424868, 0.0864144145, 2832.1875, 2672.9375, 758.5650, 18.7194
2025-12-04 04:34:03, 0.0170452693, 0.0151664623, 0.0832999379, 0.0922166780, 2751.1084, 2548.6627, 760.5600, 17.8803
2025-12-04 04:34:09, 0.0236907846, 0.0179164402, 0.1317783128, 0.1023327812, 2937.3377, 2600.1299, 762.3500, 17.4490
2025-12-04 04:34:15, 0.0175268986, 0.0121528865, 0.1009187044, 0.0575012677, 2710.6154, 2423.5641, 762.8950, 19.7001
2025-12-04 04:34:21, 0.0199476805, 0.0142968644, 0.1066174519, 0.0683810605, 2977.1765, 2689.3882, 762.6000, 20.2280
2025-12-04 04:34:26, 0.0086079476, 0.0116895192, 0.0743912616, 0.0551548445, 2782.3974, 2561.2692, 761.4950, 17.8751
2025-12-04 04:34:33, 0.0247180444, 0.0170422904, 0.1092369614, 0.0719767052, 3051.9692, 2718.6769, 763.2000, 19.0728
2025-12-04 04:34:39, 0.0139426894, 0.0146505301, 0.0932922551, 0.0769926339, 2786.5341, 2553.0682, 756.0350, 17.1955
2025-12-04 04:34:44, 0.0185869176, 0.0167648872, 0.0734866247, 0.0589947544, 2830.9125, 2576.1375, 757.9750, 18.7524
2025-12-04 04:34:50, 0.0228010153, 0.0181256088, 0.0965871572, 0.0818043207, 2886.6154, 2581.0154, 756.4400, 18.9115
2025-12-04 04:34:56, 0.0170830174, 0.0168970885, 0.0741799843, 0.0663563739, 3042.0000, 2679.1356, 758.9850, 18.2383
2025-12-04 04:35:02, 0.0149912855, 0.0136479035, 0.0824820060, 0.0576965583, 2847.3256, 2525.6744, 755.6650, 17.5788
2025-12-04 04:35:08, 0.0228365272, 0.0168258977, 0.0509770387, 0.0486998579, 2800.4643, 2661.0476, 757.2900, 19.0677
2025-12-04 04:35:13, 0.0210298687, 0.0149289267, 0.0531649609, 0.0596258522, 2730.9559, 2543.1912, 756.8750, 18.0593
2025-12-04 04:35:19, 0.0124835322, 0.0180380345, 0.0844439226, 0.0858415344, 2851.8718, 2716.8846, 759.4850, 19.2479
2025-12-04 04:35:25, 0.0174472256, 0.0141396516, 0.0787280295, 0.0821075067, 2805.3895, 2543.2000, 757.7650, 18.2579
2025-12-04 04:35:31, 0.0192354926, 0.0155101686, 0.0781633990, 0.0638384056, 2864.1954, 2580.4713, 761.3150, 18.0858
2025-12-04 04:35:37, 0.0242493245, 0.0179906699, 0.0617814089, 0.0724870781, 3055.1579, 2654.2526, 756.6150, 18.3076
2025-12-04 04:35:43, 0.0267384161, 0.0202943719, 0.0501278116, 0.0528174252, 2993.5190, 2717.0506, 758.6500, 17.3697
2025-12-04 04:35:49, 0.0137763849, 0.0180958476, 0.0624320759, 0.0508772484, 2910.8675, 2584.6024, 757.2800, 16.9550
2025-12-04 04:35:54, 0.0198557034, 0.0161945855, 0.0599736176, 0.0553553440, 2864.8667, 2595.6000, 757.6450, 18.4683
2025-12-04 04:36:00, 0.0077570284, 0.0130085377, 0.0633698477, 0.0579452420, 2682.2474, 2462.2887, 759.6650, 18.1428
2025-12-04 04:36:06, 0.0270275437, 0.0235936274, 0.0590407106, 0.0377426297, 3317.3014, 2896.3014, 762.5950, 17.3416
2025-12-04 04:36:12, 0.0177944581, 0.0146022964, 0.0438547946, 0.0524413307, 2867.1341, 2591.0610, 759.5050, 18.3109
2025-12-04 04:36:17, 0.0143155176, 0.0188019191, 0.0673317510, 0.0625780207, 2967.9655, 2689.2529, 757.2650, 19.2636
2025-12-04 04:36:23, 0.0180160737, 0.0158470922, 0.0893126957, 0.1127401361, 2827.3596, 2594.4270, 758.7750, 16.5896
2025-12-04 04:36:29, 0.0157123268, 0.0157135956, 0.0669832490, 0.0563894120, 2830.0244, 2532.7805, 758.7000, 20.5699
2025-12-04 04:36:35, 0.0176847698, 0.0157987893, 0.0663199588, 0.0552051634, 2848.6939, 2487.0000, 758.4600, 18.6772
2025-12-04 04:36:41, 0.0105566808, 0.0113839008, 0.0696591544, 0.0490854799, 2790.0978, 2451.5109, 760.8250, 17.4185
2025-12-04 04:36:46, 0.0140123599, 0.0149470098, 0.0743843756, 0.0641981739, 2795.6329, 2483.5696, 759.1050, 19.3562
2025-12-04 04:36:52, 0.0089621287, 0.0118255990, 0.0653716967, 0.0565729766, 2758.9364, 2532.8636, 761.0950, 18.6820
2025-12-04 04:36:58, 0.0157945090, 0.0136713114, 0.0605355474, 0.0622858123, 2690.2955, 2413.3636, 758.1300, 18.3099
2025-12-04 04:37:04, 0.0205775842, 0.0208851649, 0.0717269064, 0.0903734851, 2990.3167, 2663.8000, 760.2400, 18.2853
2025-12-04 04:37:09, 0.0247994435, 0.0206161790, 0.0603053440, 0.0495624211, 3098.3026, 2737.8421, 755.3450, 18.1223
2025-12-04 04:37:15, 0.0186531353, 0.0146335101, 0.0897591447, 0.0673262614, 2724.4026, 2499.1429, 755.0600, 16.2928
2025-12-04 04:37:21, 0.0190150475, 0.0113478666, 0.0465075047, 0.0416652603, 2767.7802, 2440.7363, 758.0950, 18.6297
2025-12-04 04:37:27, 0.0093213857, 0.0125986200, 0.0649326533, 0.0624147502, 2665.8750, 2397.5625, 755.0900, 19.0746
2025-12-04 04:37:32, 0.0094476883, 0.0153547133, 0.0575003110, 0.0570839831, 2842.9072, 2595.0000, 755.7500, 17.8826
2025-12-04 04:37:38, 0.0174840161, 0.0133942087, 0.0537295916, 0.0456103743, 2718.8902, 2449.4512, 749.6600, 18.0714
2025-12-04 04:37:44, 0.0103332156, 0.0110851461, 0.0648170297, 0.0699926053, 2642.8913, 2461.0761, 752.1050, 18.6784
2025-12-04 04:37:50, 0.0166757262, 0.0148534412, 0.0623900872, 0.0474966313, 2837.5385, 2606.0641, 755.3550, 17.5063
2025-12-04 04:37:56, 0.0130440250, 0.0145151476, 0.0671427000, 0.0542594284, 3015.4941, 2701.7647, 752.9600, 19.5251
2025-12-04 04:38:01, 0.0187624019, 0.0167349631, 0.0604795919, 0.0506347983, 3014.3444, 2664.1556, 751.2500, 19.2444
2025-12-04 04:38:07, 0.0164367650, 0.0169359922, 0.0690099376, 0.0759075002, 2832.4177, 2678.5063, 749.5400, 18.3319
2025-12-04 04:38:13, 0.0186072295, 0.0215113813, 0.0689799682, 0.0454248849, 3034.5750, 2637.1875, 754.1750, 17.9804
2025-12-04 04:38:19, 0.0098002031, 0.0159721625, 0.0665596646, 0.0522555613, 2854.0349, 2539.3605, 754.8600, 19.0105
2025-12-04 04:38:25, 0.0207064849, 0.0151793411, 0.0841552087, 0.0585473582, 3042.6753, 2711.3506, 757.1700, 18.2560
2025-12-04 04:38:31, 0.0190704825, 0.0193230555, 0.0723723702, 0.0778661958, 3037.8488, 2766.0465, 752.8600, 17.7716
2025-12-04 04:38:37, 0.0243545556, 0.0193403445, 0.0850664700, 0.0516193203, 2854.9429, 2516.8857, 754.7650, 22.7013
2025-12-04 04:38:42, 0.0216782846, 0.0155085409, 0.0647163259, 0.0548096252, 2948.9326, 2664.1461, 760.3400, 22.8189
2025-12-04 04:38:48, 0.0263676173, 0.0221686094, 0.0578440219, 0.0622757274, 2923.2879, 2706.9091, 762.6050, 23.0430
2025-12-04 04:38:54, 0.0157994330, 0.0155867333, 0.0770437873, 0.0725246462, 2802.0482, 2487.1807, 757.8350, 18.8814
2025-12-04 04:39:00, 0.0161253795, 0.0148146522, 0.0912247019, 0.0972363840, 2678.1887, 2580.6038, 755.5000, 18.3213
2025-12-04 04:39:06, 0.0176739484, 0.0158785498, 0.0751514217, 0.0663720133, 2834.6889, 2584.1222, 754.2200, 18.3758
2025-12-04 04:39:11, 0.0170562696, 0.0137990102, 0.1153013173, 0.0745106377, 2692.5444, 2548.0000, 756.9650, 17.5007
2025-12-04 04:39:17, 0.0082256508, 0.0162480374, 0.0657924199, 0.0887255051, 2699.6000, 2531.5900, 757.2900, 19.0933
2025-12-04 04:39:23, 0.0159312927, 0.0156709662, 0.0861522485, 0.0856681328, 2654.2688, 2337.7419, 758.0800, 18.3767
2025-12-04 04:39:29, 0.0076832203, 0.0143233716, 0.0644442701, 0.0729036473, 2789.5610, 2554.6951, 757.2500, 17.2727
2025-12-04 04:39:35, 0.0220638599, 0.0168343321, 0.0675565510, 0.0726898090, 2956.3421, 2676.3289, 755.6250, 19.0875
2025-12-04 04:39:41, 0.0215665282, 0.0191947579, 0.0659926001, 0.0556407080, 2764.7286, 2530.5000, 758.0450, 20.5227
2025-12-04 04:39:46, 0.0217961277, 0.0232028244, 0.0833200601, 0.0978326360, 2946.9516, 2693.7258, 759.4150, 18.7900
2025-12-04 04:39:52, 0.0209153401, 0.0183749137, 0.0684319262, 0.0572581557, 2767.0125, 2693.0500, 761.6100, 18.5035
2025-12-04 04:39:58, 0.0261044573, 0.0248708574, 0.0808272598, 0.0812003700, 2841.6471, 2666.0147, 761.0200, 19.6962
2025-12-04 04:40:04, 0.0306809726, 0.0269296789, 0.0625559698, 0.0665699334, 2977.7917, 2736.9722, 760.3150, 18.7068
2025-12-04 04:40:10, 0.0332111812, 0.0308510448, 0.0614681296, 0.0679573843, 2937.2419, 2672.3871, 759.4500, 18.8989
2025-12-04 04:40:15, 0.0346994317, 0.0301941033, 0.0838008144, 0.0586809561, 3062.4603, 2773.2698, 762.2850, 18.1272
2025-12-04 04:40:21, 0.0291909329, 0.0224051717, 0.0716043789, 0.0552600115, 2936.2892, 2741.8434, 756.9250, 19.5189
2025-12-04 04:40:27, 0.0290824211, 0.0295462110, 0.0614554833, 0.0462084377, 2940.4444, 2750.0952, 757.4950, 19.5671
2025-12-04 04:40:33, 0.0196292078, 0.0183350532, 0.0925766034, 0.0878081661, 3005.9595, 2659.8784, 758.8200, 20.1638
2025-12-04 04:40:39, 0.0275151827, 0.0209885319, 0.0749775247, 0.0660929317, 3007.0563, 2787.4648, 759.1900, 18.7953
2025-12-04 04:40:44, 0.0305594188, 0.0189864218, 0.0630883519, 0.0545310389, 2927.3529, 2697.5441, 758.4800, 18.4431
2025-12-04 04:40:50, 0.0206439373, 0.0142734365, 0.0771269461, 0.0606959892, 3078.7375, 2635.9000, 755.5200, 19.5435
2025-12-04 04:40:56, 0.0143865766, 0.0155383921, 0.0669368184, 0.0685204597, 2861.3605, 2604.9302, 760.1300, 17.4248
2025-12-04 04:41:02, 0.0237625275, 0.0193282343, 0.0511411787, 0.0414172630, 2919.0972, 2656.0417, 760.1600, 20.2767
2025-12-04 04:41:08, 0.0214036657, 0.0195525144, 0.0736414732, 0.0418810059, 2987.9412, 2715.2941, 754.1550, 21.0832
2025-12-04 04:41:13, 0.0267381648, 0.0297812518, 0.0681816028, 0.0564307308, 3148.4521, 2838.9178, 755.0600, 21.6256
2025-12-04 04:41:19, 0.0224293164, 0.0198163055, 0.0957997687, 0.0777354890, 2987.4390, 2670.5610, 762.4700, 19.9203
2025-12-04 04:41:25, 0.0207618344, 0.0155750850, 0.0915346954, 0.0707178783, 3013.0250, 2678.9250, 759.7950, 21.8342
2025-12-04 04:41:31, 0.0243158698, 0.0251165699, 0.0587416669, 0.0912390498, 2881.0143, 2698.9286, 763.8050, 19.9709
2025-12-04 04:41:37, 0.0281458177, 0.0252336865, 0.0869010167, 0.0790049663, 2991.5323, 2859.6613, 758.8300, 19.1807
2025-12-04 04:41:43, 0.0354402463, 0.0327538370, 0.1064664802, 0.0718637045, 2960.8226, 2756.1290, 756.2700, 19.3976
2025-12-04 04:41:49, 0.0232883851, 0.0248415351, 0.0852387541, 0.1020618294, 2907.7606, 2691.7887, 761.6950, 18.9220
2025-12-04 04:41:55, 0.0250588007, 0.0205739322, 0.0749861136, 0.0498075733, 2994.0000, 2680.4167, 761.1650, 18.8769
2025-12-04 04:42:00, 0.0232378317, 0.0248880450, 0.0740084972, 0.0832807757, 3095.8358, 2770.9701, 762.2400, 21.4218
2025-12-04 04:42:06, 0.0317186087, 0.0212538479, 0.0575001673, 0.0631577572, 2653.9054, 2584.6216, 759.2400, 18.6159
2025-12-04 04:42:12, 0.0294305968, 0.0270514798, 0.0834941179, 0.0695720792, 3074.6571, 2852.8714, 761.1900, 21.1112
2025-12-04 04:42:18, 0.0337754765, 0.0263049428, 0.0929239152, 0.0862608970, 3244.5781, 2945.0469, 754.6750, 19.3171
2025-12-04 04:42:24, 0.0260319888, 0.0286263897, 0.0698583215, 0.0623211630, 2944.3580, 2766.0741, 757.4600, 20.8803
2025-12-04 04:42:29, 0.0256576102, 0.0208845834, 0.0766979715, 0.0511401334, 3029.0822, 2620.9726, 756.9450, 18.5656
2025-12-04 04:42:35, 0.0253598011, 0.0229421755, 0.0666929600, 0.1004950832, 2803.5882, 2648.6765, 754.4350, 17.2106
2025-12-04 04:42:41, 0.0355420934, 0.0369940704, 0.0752621738, 0.0581819766, 3032.4394, 2816.3030, 756.6750, 19.8499
2025-12-04 04:42:47, 0.0306020583, 0.0248818007, 0.0735726293, 0.0467842937, 2983.2963, 2640.5556, 753.0450, 17.7390
2025-12-04 04:42:53, 0.0297586700, 0.0286735383, 0.0745516635, 0.0624490339, 2924.0882, 2680.3382, 753.7650, 19.3101
2025-12-04 04:42:58, 0.0245839528, 0.0207686857, 0.0945115717, 0.0818908147, 3004.7831, 2681.7229, 754.7300, 17.2365
2025-12-04 04:43:04, 0.0194032430, 0.0189486104, 0.0802710414, 0.0613856489, 2967.2162, 2624.3378, 753.9700, 18.6598
2025-12-04 04:43:10, 0.0224131792, 0.0165247220, 0.0889601053, 0.0716690900, 2823.6456, 2613.5316, 752.8100, 19.3679
2025-12-04 04:43:16, 0.0288909707, 0.0277444384, 0.0567294925, 0.0494375084, 2818.5397, 2684.4286, 753.2250, 18.6586
2025-12-04 04:43:22, 0.0295456448, 0.0296221301, 0.0589894241, 0.0713663958, 3042.3768, 2801.6812, 752.2050, 17.9737
2025-12-04 04:43:28, 0.0227458590, 0.0186558152, 0.0707966657, 0.0652636379, 2973.5844, 2638.5195, 753.9650, 20.3704
2025-12-04 04:43:33, 0.0307587540, 0.0238016464, 0.0994371777, 0.0855911263, 3045.4643, 2937.0536, 752.1150, 17.5041
2025-12-04 04:43:39, 0.0265675173, 0.0210225657, 0.0594587945, 0.0413122683, 3055.2740, 2756.8767, 753.6750, 18.3810
2025-12-04 04:43:45, 0.0257678337, 0.0213443489, 0.0688013108, 0.0568786145, 3071.9254, 2776.8657, 752.4650, 19.2486
2025-12-04 04:43:51, 0.0271083802, 0.0241041237, 0.0583160669, 0.0649922181, 2917.2464, 2658.2029, 757.4100, 18.2631
2025-12-04 04:43:57, 0.0261034897, 0.0272018130, 0.0485441747, 0.0692425395, 3105.2597, 2857.3377, 756.6700, 18.3737
2025-12-04 04:44:03, 0.0250145760, 0.0207276214, 0.0492484193, 0.0494348849, 2795.2571, 2676.4143, 750.6300, 19.8850
2025-12-04 04:44:09, 0.0082493515, 0.0132625406, 0.0636708646, 0.0721577295, 2661.5862, 2302.0000, 748.6650, 18.1539
2025-12-04 04:44:15, 0.0087200142, 0.0148982693, 0.0714623600, 0.0461553943, 2749.4000, 2455.2429, 754.5200, 18.4664
2025-12-04 04:44:21, 0.0178341545, 0.0150345753, 0.0721196371, 0.0693437864, 2901.3690, 2620.5119, 754.8450, 19.3272
2025-12-04 04:44:26, 0.0299911119, 0.0179386031, 0.0764332594, 0.0520502481, 2923.2000, 2652.3000, 750.4300, 19.0936
2025-12-04 04:44:32, 0.0254521224, 0.0200721599, 0.0767198471, 0.0779754660, 2941.3875, 2726.8125, 751.9950, 19.4135
2025-12-04 04:44:38, 0.0210570419, 0.0136693718, 0.1005136550, 0.0790398643, 3015.3810, 2649.0635, 750.4650, 18.5930
2025-12-04 04:44:44, 0.0181015912, 0.0173988108, 0.0774006401, 0.0513291230, 2819.6310, 2423.6429, 751.8800, 18.1352
2025-12-04 04:44:49, 0.0190686016, 0.0159826506, 0.0844772378, 0.0777993461, 2888.1625, 2667.1125, 755.9100, 18.6768
2025-12-04 04:44:55, 0.0182942540, 0.0167953464, 0.0908186106, 0.0611109514, 2831.9011, 2516.5385, 755.6900, 18.4259
2025-12-04 04:45:01, 0.0203936459, 0.0211419517, 0.0703462370, 0.0658279075, 2881.5402, 2569.5862, 755.0000, 17.8351
2025-12-04 04:45:07, 0.0198434215, 0.0174796226, 0.0611185506, 0.0451369742, 2740.9333, 2486.8222, 755.4300, 17.7959
2025-12-04 04:45:13, 0.0216474176, 0.0143670107, 0.0805790831, 0.0819007925, 2968.1127, 2634.6338, 750.6200, 18.1842
2025-12-04 04:45:18, 0.0103517326, 0.0098921941, 0.0768640926, 0.0730660519, 2578.4902, 2241.2353, 756.8200, 19.0633
2025-12-04 04:45:24, 0.0118963431, 0.0134154994, 0.0828650893, 0.0629064212, 2852.4382, 2419.9213, 756.9050, 18.8206
2025-12-04 04:45:30, 0.0129072490, 0.0225630004, 0.0680095096, 0.0636955334, 2922.2857, 2661.6593, 755.0850, 18.5186
2025-12-04 04:45:36, 0.0168173591, 0.0133311892, 0.0551040943, 0.0596367642, 2962.0357, 2590.4405, 756.4000, 18.9913
2025-12-04 04:45:42, 0.0218718289, 0.0160396060, 0.1105704551, 0.0766467038, 2744.7051, 2502.7179, 755.5000, 19.7717
2025-12-04 04:45:48, 0.0205719669, 0.0166821640, 0.0470983979, 0.0589835270, 2894.1609, 2583.8391, 759.7800, 18.3758
2025-12-04 04:45:54, 0.0089018335, 0.0125876877, 0.0892479863, 0.0781608859, 2891.0000, 2631.0244, 755.6550, 19.0349
2025-12-04 04:45:59, 0.0210331313, 0.0185316961, 0.0891968260, 0.0647149513, 2854.3562, 2628.1644, 753.5450, 18.1234
2025-12-04 04:46:05, 0.0109228238, 0.0114646364, 0.0787166177, 0.0792448056, 2811.5765, 2516.0000, 754.8800, 18.7018
2025-12-04 04:46:11, 0.0108112116, 0.0112030653, 0.0993404427, 0.0805982934, 2581.7634, 2342.9355, 761.3100, 17.5409
2025-12-04 04:46:17, 0.0108138218, 0.0103179544, 0.0705344380, 0.0650194469, 2559.5361, 2265.4330, 759.3300, 19.7717
2025-12-04 04:46:23, 0.0109949088, 0.0132017861, 0.0918502796, 0.0636903371, 2718.0217, 2478.3913, 759.0800, 19.0401
2025-12-04 04:46:28, 0.0199346410, 0.0186061906, 0.0825960419, 0.0654217865, 2959.9877, 2647.4198, 757.9150, 19.8617
2025-12-04 04:46:34, 0.0173821553, 0.0145593178, 0.0749677557, 0.0463026145, 2926.2759, 2590.0575, 760.1550, 19.4718
2025-12-04 04:46:40, 0.0209611251, 0.0159344525, 0.0820827710, 0.0667376442, 3001.7381, 2676.4167, 760.7550, 20.9362
2025-12-04 04:46:46, 0.0208862496, 0.0138712628, 0.0985200121, 0.0650463113, 2917.6596, 2583.8617, 758.5200, 19.9429
2025-12-04 04:46:52, 0.0260120287, 0.0165823115, 0.0871509796, 0.0762679023, 2926.9167, 2603.5833, 758.4100, 20.1666
2025-12-04 04:46:57, 0.0223024903, 0.0204636856, 0.0647902308, 0.0617398557, 2932.5467, 2647.5867, 757.8250, 21.1765
2025-12-04 04:47:03, 0.0130606135, 0.0151980312, 0.0896826489, 0.0582985242, 2813.7273, 2483.2386, 757.2150, 18.7069
2025-12-04 04:47:09, 0.0117460728, 0.0140578921, 0.0727777080, 0.0623087407, 2632.1546, 2386.3402, 754.9450, 19.1544
2025-12-04 04:47:15, 0.0175640748, 0.0139768761, 0.0744674066, 0.0723812167, 2841.9540, 2565.6207, 756.2250, 22.5503
2025-12-04 04:47:21, 0.0122107625, 0.0139621795, 0.0645363733, 0.0726807863, 2872.9651, 2549.2558, 755.4450, 20.4467
2025-12-04 04:47:26, 0.0203592300, 0.0175562333, 0.0591467135, 0.0563428867, 2827.7714, 2463.1286, 758.5500, 19.0378
2025-12-04 04:47:32, 0.0154582097, 0.0135822661, 0.0632067885, 0.0494903785, 2831.5269, 2545.0968, 757.4150, 21.8028
2025-12-04 04:47:38, 0.0178573709, 0.0194742269, 0.0883690842, 0.0704050679, 2914.7857, 2694.1000, 757.8900, 21.0078
2025-12-04 04:47:44, 0.0226901959, 0.0157637600, 0.0778042964, 0.0720826067, 2781.0109, 2681.7500, 753.9300, 20.5250
2025-12-04 04:47:49, 0.0227834846, 0.0263221804, 0.0659200661, 0.0763591868, 2892.8806, 2820.0896, 754.5500, 22.9414
2025-12-04 04:47:55, 0.0290811890, 0.0212844956, 0.1155143377, 0.0911842849, 2836.7846, 2730.0308, 753.1400, 19.7871
2025-12-04 04:48:01, 0.0234830669, 0.0192785583, 0.0784510607, 0.0798564496, 2845.4032, 2596.8548, 752.7900, 19.3392
2025-12-04 04:48:07, 0.0096572694, 0.0128737524, 0.0920663831, 0.0627422918, 2795.8415, 2473.2195, 759.2850, 19.2324
2025-12-04 04:48:13, 0.0237138203, 0.0165699804, 0.0937059803, 0.0663948485, 2793.0758, 2536.5606, 753.7300, 18.7269
2025-12-04 04:48:18, 0.0182158630, 0.0155704934, 0.0913960694, 0.0739563779, 2698.1818, 2412.9091, 754.4400, 18.4368
2025-12-04 04:48:24, 0.0111572351, 0.0153871062, 0.1227173024, 0.0836072627, 2745.7901, 2496.6790, 755.9650, 20.7320
2025-12-04 04:48:30, 0.0192061600, 0.0157111989, 0.0807485991, 0.0771395230, 2940.5309, 2783.8395, 757.4500, 19.9117
2025-12-04 04:48:36, 0.0075389581, 0.0129437640, 0.0942733781, 0.0919326575, 2813.3053, 2639.9474, 754.6350, 17.8687
2025-12-04 04:48:42, 0.0192817509, 0.0148355795, 0.0810956342, 0.0779565983, 2732.7500, 2536.2500, 758.2550, 19.0271
2025-12-04 04:48:47, 0.0286400723, 0.0200606100, 0.0840737618, 0.0733418380, 2927.3253, 2820.2651, 756.0800, 19.0880
2025-12-04 04:48:53, 0.0193055035, 0.0181964870, 0.0898152848, 0.0871292807, 2896.9875, 2695.8750, 757.0000, 18.0748
2025-12-04 04:48:59, 0.0169952820, 0.0164392162, 0.0872983505, 0.0604623185, 2829.7349, 2511.4096, 755.5500, 16.9964
2025-12-04 04:49:05, 0.0093414578, 0.0118939806, 0.0959906875, 0.0659728080, 2629.7667, 2348.1222, 755.0800, 18.9025
2025-12-04 04:49:11, 0.0182501916, 0.0162864225, 0.0712098771, 0.0634132574, 3001.5556, 2779.6667, 755.4950, 16.7520
2025-12-04 04:49:16, 0.0130641444, 0.0185857005, 0.0834080615, 0.0554032624, 2913.0000, 2541.7722, 752.7000, 17.5011
2025-12-04 04:49:22, 0.0192692493, 0.0162377540, 0.0816968925, 0.0839819535, 2895.3714, 2596.1571, 754.2250, 19.2918
2025-12-04 04:49:28, 0.0208661348, 0.0179862888, 0.0723284875, 0.0620659371, 2778.0750, 2561.6500, 752.3600, 17.5918
2025-12-04 04:49:34, 0.0256811309, 0.0196165884, 0.0502711281, 0.0523233275, 2850.1786, 2677.8571, 754.3850, 18.5353
2025-12-04 04:49:39, 0.0183912471, 0.0181271410, 0.0708737019, 0.0546603781, 3062.1667, 2614.6923, 752.8350, 17.8784
2025-12-04 04:49:45, 0.0227783819, 0.0181770961, 0.0730782885, 0.0619822335, 2834.5735, 2598.2059, 753.9750, 17.6956
2025-12-04 04:49:51, 0.0284523869, 0.0195714308, 0.0537004619, 0.0518373078, 2878.1026, 2752.7436, 751.9950, 17.8285
2025-12-04 04:49:57, 0.0165096316, 0.0156454662, 0.0706951304, 0.0528933780, 2841.3289, 2482.3289, 751.8900, 17.9016
2025-12-04 04:50:03, 0.0164071284, 0.0158754347, 0.0839101495, 0.0658524973, 2705.3171, 2516.3171, 756.5700, 18.8734
2025-12-04 04:50:08, 0.0222558497, 0.0224409991, 0.0894444438, 0.0597258937, 3026.6154, 2847.5692, 748.3650, 18.6135
2025-12-04 04:50:14, 0.0194636626, 0.0178920337, 0.0786448406, 0.0489660868, 2942.7674, 2604.7209, 750.7700, 18.7999
2025-12-04 04:50:20, 0.0221522631, 0.0182552974, 0.1269179985, 0.0843226027, 2966.8202, 2696.1236, 752.4800, 18.0294
2025-12-04 04:50:26, 0.0103505989, 0.0172947929, 0.0680266817, 0.0802187417, 2586.9189, 2341.9324, 757.2800, 18.4329
2025-12-04 04:50:32, 0.0141191562, 0.0114120186, 0.0986224927, 0.0700866030, 2649.2222, 2372.4747, 751.2100, 17.7450
2025-12-04 04:50:37, 0.0157644880, 0.0116873425, 0.0784737119, 0.0837695681, 2724.3614, 2390.9518, 752.5800, 18.4576
2025-12-04 04:50:43, 0.0123840451, 0.0129084397, 0.1200275868, 0.0969530292, 2745.0482, 2427.3253, 751.6150, 17.9588
2025-12-04 04:50:49, 0.0300107162, 0.0265677641, 0.0708226430, 0.0621965179, 2855.3125, 2717.7750, 753.1300, 17.9731
2025-12-04 04:50:55, 0.0113391433, 0.0157501671, 0.0938768724, 0.0833457092, 2766.2907, 2581.2791, 751.2000, 18.6647
2025-12-04 04:51:00, 0.0090111918, 0.0114015006, 0.1032962613, 0.0985581650, 2733.4353, 2566.4000, 752.3100, 18.6084
2025-12-04 04:51:07, 0.0180004301, 0.0174565292, 0.0914615701, 0.0841167763, 2841.3108, 2521.0946, 750.0700, 18.1512
2025-12-04 04:51:13, 0.0280969323, 0.0192799675, 0.1189776323, 0.1058424915, 3125.1600, 2731.8933, 753.4150, 18.0076
2025-12-04 04:51:18, 0.0265568970, 0.0184582896, 0.0671704754, 0.0569212190, 2974.3529, 2777.1471, 755.4700, 18.4475
2025-12-04 04:51:24, 0.0303324671, 0.0225331523, 0.0608297129, 0.0398622120, 2796.7288, 2599.6610, 753.4550, 17.3464
2025-12-04 04:51:30, 0.0199468290, 0.0141928761, 0.0939252918, 0.0697317894, 2995.9875, 2635.7875, 753.3200, 17.7245
2025-12-04 04:51:36, 0.0169278683, 0.0158081825, 0.0850804913, 0.0725254437, 2827.8732, 2481.6197, 755.1600, 18.1751
2025-12-04 04:51:42, 0.0211488971, 0.0127286926, 0.0897691617, 0.0841907966, 2780.1325, 2543.5663, 751.7650, 17.1817
2025-12-04 04:51:47, 0.0058697006, 0.0109744244, 0.0995518669, 0.0889376459, 2702.5402, 2471.9885, 752.2000, 18.5876
2025-12-04 04:51:53, 0.0061633288, 0.0132012027, 0.0777154602, 0.0861805489, 2683.6024, 2543.8675, 758.4550, 20.9284
2025-12-04 04:51:59, 0.0205240912, 0.0180329893, 0.1048874836, 0.1174872927, 2726.4459, 2614.0541, 756.1450, 17.4555
2025-12-04 04:52:05, 0.0185497109, 0.0160681817, 0.0687264306, 0.0755952599, 2949.0253, 2898.3544, 753.0850, 17.6348
2025-12-04 04:52:11, 0.0219167374, 0.0187647042, 0.1208414973, 0.0852049525, 3059.8696, 2679.6232, 754.6700, 18.1613
2025-12-04 04:52:17, 0.0364468500, 0.0258846268, 0.0999324621, 0.1026176418, 2931.0357, 2738.0000, 761.1200, 20.0359
2025-12-04 04:52:23, 0.0269284471, 0.0233342997, 0.0968575060, 0.0747817867, 2844.7887, 2694.4930, 759.3550, 17.4069
2025-12-04 04:52:29, 0.0258631476, 0.0226359477, 0.0612645970, 0.0513813330, 2858.7273, 2805.4026, 763.1200, 20.5055
2025-12-04 04:52:34, 0.0250320513, 0.0222802060, 0.0835141209, 0.0537805024, 2970.7143, 2657.7143, 761.2750, 19.6934
2025-12-04 04:52:40, 0.0242794522, 0.0176986547, 0.0583147674, 0.0726920211, 2753.1410, 2594.9103, 757.8650, 17.2513
2025-12-04 04:52:46, 0.0213449513, 0.0241188599, 0.0806883696, 0.0953234595, 2584.5000, 2613.9219, 761.5900, 20.4815
2025-12-04 04:52:52, 0.0285292165, 0.0207749258, 0.0861375496, 0.0719421828, 3061.7887, 2760.4225, 758.0950, 19.3599
2025-12-04 04:52:58, 0.0248108766, 0.0213300436, 0.0807530067, 0.0560415718, 2915.1143, 2667.7571, 754.9450, 16.3805
2025-12-04 04:53:03, 0.0223788112, 0.0166754057, 0.0874123239, 0.0753651822, 2858.6111, 2683.7361, 756.0500, 17.9663
2025-12-04 04:53:09, 0.0301322458, 0.0203360901, 0.0928234065, 0.1003755361, 2844.6857, 2696.4571, 758.9500, 18.5040
2025-12-04 04:53:15, 0.0233537449, 0.0251157377, 0.0826076619, 0.1191003272, 2742.6154, 2616.7538, 755.8900, 16.7445
2025-12-04 04:53:21, 0.0274815916, 0.0320369349, 0.1232852716, 0.1190552702, 2904.8429, 2850.2000, 755.7350, 17.4463
2025-12-04 04:53:26, 0.0257399626, 0.0197486989, 0.1074842235, 0.0882340339, 2925.2576, 2641.5606, 753.6850, 17.2141
2025-12-04 04:53:33, 0.0242335676, 0.0168738038, 0.0757448538, 0.0605806893, 2960.2462, 2727.9385, 755.7300, 18.4780
2025-12-04 04:53:38, 0.0312359215, 0.0305053295, 0.0874697716, 0.0643612388, 2938.3385, 2811.4462, 752.7300, 19.3945
2025-12-04 04:53:44, 0.0209083979, 0.0189953041, 0.0899309671, 0.0967473352, 2991.2727, 2752.6364, 753.8750, 19.1105
2025-12-04 04:53:50, 0.0350567700, 0.0288177937, 0.1425347948, 0.0942729832, 2821.9062, 2830.6562, 753.1150, 17.2856
2025-12-04 04:53:56, 0.0276978502, 0.0240809541, 0.1068311632, 0.0817625020, 2783.6753, 2651.5325, 756.9450, 17.6290
2025-12-04 04:54:01, 0.0249995767, 0.0268957358, 0.1139538505, 0.0958729628, 3047.4658, 2806.6027, 756.6150, 17.5028
2025-12-04 04:54:07, 0.0276324973, 0.0251370258, 0.0974379628, 0.0808672979, 2904.2432, 2753.5405, 757.0650, 18.3374
2025-12-04 04:54:13, 0.0257558980, 0.0207089370, 0.0739173458, 0.0811438893, 3096.1897, 2899.7414, 754.4300, 18.4934
2025-12-04 04:54:19, 0.0326153678, 0.0222751372, 0.1033572871, 0.0953912629, 3263.6774, 3053.2903, 753.5350, 18.4680
2025-12-04 04:54:25, 0.0324790465, 0.0276170933, 0.0720807589, 0.0712841710, 2895.2453, 2658.1321, 757.8450, 20.6400
2025-12-04 04:54:30, 0.0336067120, 0.0235979028, 0.1020787623, 0.0771921308, 3012.6957, 2844.1159, 753.9100, 18.2311
2025-12-04 04:54:36, 0.0315001553, 0.0265148882, 0.0935726912, 0.1343792885, 3255.3509, 3009.6667, 752.1350, 17.6863
2025-12-04 04:54:42, 0.0217431704, 0.0210001962, 0.0711464097, 0.0786534620, 2836.3857, 2703.7714, 748.4900, 20.3231
2025-12-04 04:54:48, 0.0270564449, 0.0205236012, 0.0711838582, 0.0639253134, 2667.0667, 2530.8500, 749.9150, 17.8955
2025-12-04 04:54:54, 0.0195857858, 0.0192715605, 0.0842141515, 0.0770187313, 2967.2097, 2835.6774, 753.1550, 17.8259
2025-12-04 04:54:59, 0.0276849565, 0.0268145002, 0.0760469858, 0.0586701519, 2899.0000, 2826.9077, 755.6250, 16.1600
2025-12-04 04:55:05, 0.0336527397, 0.0204523995, 0.0684076031, 0.0424141803, 3142.7213, 2830.9836, 752.1000, 18.7449
2025-12-04 04:55:11, 0.0281259108, 0.0280712766, 0.0880653679, 0.0875228843, 3106.1127, 2922.6620, 752.9350, 19.1800
2025-12-04 04:55:17, 0.0279776754, 0.0285639891, 0.0936312005, 0.1140664328, 2938.2069, 2789.7759, 752.3000, 19.9469
2025-12-04 04:55:23, 0.0124337638, 0.0167633570, 0.0773699163, 0.0732647591, 2929.9359, 2653.7821, 753.4100, 19.1599
2025-12-04 04:55:28, 0.0249446852, 0.0173667004, 0.0991383004, 0.0888424595, 2844.1750, 2620.7875, 752.4550, 19.1128
2025-12-04 04:55:38, 0.0120156621, 0.0266996982, 0.0858070372, 0.0710674581, 2978.4091, 2745.5606, 754.3000, 18.6309
2025-12-04 04:55:44, 0.0243697018, 0.0228825809, 0.1800839480, 0.1410754971, 2941.3472, 2817.3611, 754.6050, 18.4578
2025-12-04 04:55:49, 0.0239985196, 0.0170709844, 0.1727287742, 0.1202029213, 3035.6949, 2671.9153, 754.2150, 18.7883
2025-12-04 04:55:55, 0.0202956290, 0.0220291008, 0.1012712652, 0.0694387594, 2711.4938, 2689.7407, 757.1450, 18.2478
2025-12-04 04:56:01, 0.0167754809, 0.0186593482, 0.1182377851, 0.0888795650, 2693.1098, 2496.3171, 755.9650, 18.3020
2025-12-04 04:56:07, 0.0263794415, 0.0189190431, 0.1088507510, 0.1073723368, 2886.3867, 2729.5867, 756.2350, 18.8701
2025-12-04 04:56:12, 0.0128638781, 0.0154828505, 0.1253262812, 0.0971866639, 2618.5977, 2592.2184, 755.8050, 19.0060
2025-12-04 04:56:18, 0.0182415273, 0.0163954759, 0.0964718643, 0.0938093532, 2678.5169, 2643.2022, 761.0400, 20.6705
2025-12-04 04:56:24, 0.0287905720, 0.0241637072, 0.0660460179, 0.0818729796, 2953.2740, 2864.0959, 756.8150, 17.4700
2025-12-04 04:56:29, 0.0159067641, 0.0135505585, 0.1462684976, 0.1104279230, 2861.0233, 2599.3140, 755.1350, 19.3942
2025-12-04 04:56:35, 0.0258953122, 0.0232593795, 0.1147234353, 0.1179320836, 3025.2656, 3020.5781, 757.9850, 16.7730
2025-12-04 04:56:41, 0.0321297022, 0.0311209201, 0.0794990400, 0.0698227443, 2972.7377, 2668.2951, 756.7150, 16.2269
2025-12-04 04:56:47, 0.0199372935, 0.0177654077, 0.0607061689, 0.0609633897, 2887.2614, 2638.9318, 756.4350, 17.7751
2025-12-04 04:56:53, 0.0264047404, 0.0247700468, 0.0495071994, 0.0547994042, 2816.6393, 2703.4262, 754.9150, 18.5321
2025-12-04 04:56:58, 0.0197010659, 0.0164531475, 0.0467511793, 0.0502779503, 2952.2714, 2540.3143, 753.7650, 17.3931
2025-12-04 04:57:04, 0.0181007570, 0.0128362381, 0.0782513185, 0.0905827984, 2542.5789, 2450.5395, 751.6000, 19.8356
2025-12-04 04:57:10, 0.0240977144, 0.0147112377, 0.1040036211, 0.0832341515, 3178.5833, 2908.0972, 754.7350, 17.4435
2025-12-04 04:57:16, 0.0235863982, 0.0202861895, 0.0684725057, 0.0913320095, 2869.1235, 2717.3827, 756.5550, 17.8910
2025-12-04 04:57:22, 0.0080722853, 0.0123434209, 0.1173780951, 0.0960759817, 2587.1910, 2422.7753, 755.7750, 16.7196
2025-12-04 04:57:27, 0.0122261582, 0.0134253917, 0.1220508447, 0.1034486668, 2815.0946, 2631.4865, 755.9200, 16.9928
2025-12-04 04:57:33, 0.0154112118, 0.0116571780, 0.0914312313, 0.1203057029, 2613.7791, 2482.3605, 753.8700, 18.1583
2025-12-04 04:57:39, 0.0076211793, 0.0131323695, 0.0778768621, 0.0846841068, 2756.1733, 2502.8667, 753.6750, 16.6223
2025-12-04 04:57:45, 0.0201847843, 0.0165298698, 0.0916108883, 0.0846474089, 3003.6429, 2743.2262, 752.3650, 17.6545
2025-12-04 04:57:51, 0.0247948647, 0.0209490293, 0.0715185167, 0.0846284707, 2806.1200, 2621.9467, 751.3050, 17.5143
2025-12-04 04:57:56, 0.0236688563, 0.0239863616, 0.0669576076, 0.0820016299, 2818.5976, 2631.5732, 751.8850, 18.0505
2025-12-04 04:58:02, 0.0235628900, 0.0208094342, 0.0637236232, 0.0598100564, 2935.2131, 2775.3115, 754.0900, 18.9349
2025-12-04 04:58:08, 0.0330881227, 0.0278447686, 0.0790898073, 0.0529358919, 2864.4146, 2689.0244, 752.9050, 18.0803
2025-12-04 04:58:14, 0.0289624447, 0.0250147484, 0.0730079440, 0.0699119150, 2944.6528, 2664.0139, 756.4750, 18.1350
2025-12-04 04:58:20, 0.0244521587, 0.0215452161, 0.1348731018, 0.1083951506, 3035.8824, 2806.4706, 758.4500, 17.1180
2025-12-04 04:58:26, 0.0246269600, 0.0286411259, 0.0853187339, 0.0859064330, 3206.1111, 2948.1389, 758.1500, 18.7445
2025-12-04 04:58:31, 0.0236284248, 0.0182821084, 0.0807149343, 0.0851938933, 2831.5789, 2682.5000, 756.8850, 18.5046
2025-12-04 04:58:37, 0.0216900629, 0.0191624636, 0.0656616017, 0.0703349515, 3050.3906, 2703.3906, 758.3950, 19.2733
2025-12-04 04:58:43, 0.0268523070, 0.0274988752, 0.0753329115, 0.0788605239, 2941.6750, 2756.1625, 757.4950, 17.0024
2025-12-04 04:58:49, 0.0292424163, 0.0243456003, 0.1254433033, 0.1244022862, 3090.8615, 2898.5231, 757.4150, 18.8088
2025-12-04 04:58:55, 0.0178366196, 0.0189971728, 0.0755398250, 0.0493872188, 2953.5441, 2672.6471, 757.0500, 18.5728
2025-12-04 04:59:01, 0.0204413295, 0.0218168169, 0.0738653611, 0.0866688916, 3033.9846, 2830.8769, 756.9200, 16.8346
2025-12-04 04:59:06, 0.0224686743, 0.0208450820, 0.1063582815, 0.0690704691, 2829.4875, 2562.3125, 759.2800, 17.8659
2025-12-04 04:59:12, 0.0185793756, 0.0147544990, 0.0877203477, 0.0553917745, 2762.4706, 2459.8706, 756.8000, 18.3641
2025-12-04 04:59:19, 0.0268006548, 0.0216737737, 0.0924863845, 0.0884825695, 3145.5972, 2974.2222, 754.3150, 18.0908
2025-12-04 04:59:24, 0.0235419307, 0.0162350982, 0.0900852057, 0.0695705842, 3077.1471, 2654.0147, 755.3450, 18.5444
2025-12-04 04:59:30, 0.0247994985, 0.0181219747, 0.0540507162, 0.0557206868, 2919.8986, 2728.0580, 756.9550, 17.3290
2025-12-04 04:59:36, 0.0170673124, 0.0155382173, 0.0977389078, 0.0665100969, 2983.0405, 2665.0541, 758.0650, 17.6669
2025-12-04 04:59:42, 0.0133458091, 0.0121623506, 0.0749402237, 0.0644328837, 2885.5050, 2795.0990, 762.9150, 18.7994
2025-12-04 04:59:47, 0.0113378612, 0.0128319875, 0.1243233258, 0.0782063205, 2934.3286, 2583.6000, 758.2700, 20.1794
2025-12-04 04:59:53, 0.0223410750, 0.0191305187, 0.0718862220, 0.0748552607, 2899.3750, 2642.7361, 756.6150, 17.9691
2025-12-04 04:59:59, 0.0281369220, 0.0211537393, 0.0961560128, 0.0646078178, 2741.5641, 2606.5641, 758.7700, 19.4861
2025-12-04 05:00:05, 0.0136358581, 0.0228653649, 0.0850997442, 0.0783863261, 3070.0506, 2729.8734, 760.0800, 18.2443
2025-12-04 05:00:11, 0.0298202623, 0.0219696373, 0.0611733988, 0.0702460603, 2799.9000, 2675.7167, 757.4600, 18.3785
2025-12-04 05:00:17, 0.0204496839, 0.0187666058, 0.0794361261, 0.0623040353, 2853.2727, 2584.6932, 756.8050, 17.3769
2025-12-04 05:00:23, 0.0129051532, 0.0117124246, 0.0797660353, 0.0842503237, 2736.3023, 2526.1977, 756.0550, 18.3323
2025-12-04 05:00:28, 0.0171179338, 0.0167507120, 0.0828335185, 0.0489443980, 2894.2184, 2543.9885, 757.4750, 18.2348
2025-12-04 05:00:34, 0.0188367281, 0.0162774000, 0.0964076174, 0.0675174645, 2884.0488, 2599.3415, 757.9450, 18.8908
2025-12-04 05:00:40, 0.0221837579, 0.0192246778, 0.0949500574, 0.0871538978, 2922.7200, 2782.9733, 757.3050, 17.7511
2025-12-04 05:00:46, 0.0262906455, 0.0174204100, 0.0921415692, 0.1202275373, 2945.8056, 2697.9028, 761.6600, 16.5995
2025-12-04 05:00:51, 0.0155316469, 0.0143469003, 0.0913822769, 0.0878604811, 2743.4744, 2516.9359, 754.6250, 17.4251
2025-12-04 05:00:57, 0.0256920137, 0.0158642576, 0.0832008234, 0.0950616563, 2990.9342, 2681.8289, 758.8050, 18.2520
2025-12-04 05:01:03, 0.0161865180, 0.0137070521, 0.0780598695, 0.0671727389, 2848.9167, 2520.1905, 758.5650, 17.4214
2025-12-04 05:01:09, 0.0148008437, 0.0129038207, 0.0848897347, 0.0879978401, 2821.2000, 2589.6667, 755.5850, 18.2047
2025-12-04 05:01:14, 0.0161931247, 0.0140508625, 0.0757975726, 0.0621715917, 2705.0588, 2432.7765, 758.1850, 19.1959
2025-12-04 05:01:20, 0.0206343330, 0.0161271981, 0.1024140713, 0.0598390769, 2780.2692, 2606.4872, 756.4900, 18.0205
2025-12-04 05:01:26, 0.0132917449, 0.0134175693, 0.0953289249, 0.0821536449, 2739.1750, 2667.9250, 762.4200, 18.8073
2025-12-04 05:01:32, 0.0261045985, 0.0220967472, 0.1204481873, 0.1008421208, 2872.7568, 2673.2568, 758.8550, 20.4283
2025-12-04 05:01:38, 0.0300799167, 0.0203119839, 0.1162719457, 0.1090651984, 3037.2286, 2950.7000, 755.9800, 17.8807
2025-12-04 05:01:44, 0.0356260151, 0.0196466378, 0.0602669965, 0.0516157808, 2875.6761, 2695.1972, 754.0200, 17.8502
2025-12-04 05:01:49, 0.0257564161, 0.0220147504, 0.0757845406, 0.0712726836, 2834.6341, 2794.0488, 755.2650, 18.1175
2025-12-04 05:01:55, 0.0202215589, 0.0215277474, 0.0874907890, 0.0754232069, 2900.2025, 2620.6582, 756.1600, 17.1737
2025-12-04 05:02:01, 0.0189371353, 0.0157871819, 0.0777866635, 0.0741568446, 2895.8235, 2641.2843, 754.8100, 16.8749
2025-12-04 05:02:07, 0.0190661919, 0.0163570931, 0.1035048557, 0.0801032599, 2994.2073, 2786.1220, 755.2650, 18.1658
2025-12-04 05:02:13, 0.0157908379, 0.0141406408, 0.0986123036, 0.0663747292, 2928.8228, 2695.2658, 752.1000, 19.7775
2025-12-04 05:02:18, 0.0161571756, 0.0169840175, 0.0940809364, 0.0945214955, 2629.7079, 2509.8876, 753.1600, 19.5940
2025-12-04 05:02:24, 0.0281607273, 0.0218328941, 0.0776415931, 0.1113664954, 2835.6582, 2707.3291, 754.5600, 17.9175
2025-12-04 05:02:30, 0.0238139643, 0.0195598110, 0.0713351899, 0.0672867343, 2855.1667, 2709.3974, 755.7850, 19.4966
2025-12-04 05:02:36, 0.0348614950, 0.0321521690, 0.0734119361, 0.0926811756, 2950.2308, 2822.9487, 751.1600, 18.3351
2025-12-04 05:02:42, 0.0312834157, 0.0239304493, 0.0836189214, 0.0980179119, 3022.3243, 2867.4189, 750.2250, 19.4179
2025-12-04 05:02:47, 0.0115638061, 0.0141988615, 0.0931623041, 0.0797799702, 2808.0864, 2450.9753, 748.9400, 20.1890
2025-12-04 05:02:53, 0.0179222104, 0.0132470806, 0.0731369239, 0.0750878234, 2718.1481, 2556.6420, 750.1100, 18.2756
2025-12-04 05:02:59, 0.0139848296, 0.0115306220, 0.0647529984, 0.0835933275, 2778.7556, 2543.9000, 748.0400, 16.9280
2025-12-04 05:03:05, 0.0217561798, 0.0209645115, 0.0696123034, 0.0631118621, 2755.5443, 2572.4430, 748.4850, 17.6360
2025-12-04 05:03:11, 0.0285481167, 0.0217004368, 0.0685642703, 0.0630125063, 3064.1129, 2852.6774, 747.6800, 20.0895
2025-12-04 05:03:17, 0.0136821312, 0.0176572703, 0.0680123764, 0.0541730841, 2872.7500, 2657.5455, 747.6800, 20.0855
2025-12-04 05:03:23, 0.0114455419, 0.0169789715, 0.0631313086, 0.0609332594, 2792.9865, 2490.8784, 748.3900, 17.9212
2025-12-04 05:03:29, 0.0300193400, 0.0240705805, 0.0869015427, 0.0725101347, 2971.0000, 2900.8000, 749.7950, 16.9093
2025-12-04 05:03:35, 0.0347619285, 0.0306203180, 0.0658596843, 0.0935189930, 2890.7910, 2853.0746, 749.5100, 19.0623
2025-12-04 05:03:40, 0.0536910456, 0.0396887195, 0.0525919946, 0.0394309022, 2998.8730, 2849.1270, 749.0000, 19.1596
2025-12-04 05:03:46, 0.0244624170, 0.0186135209, 0.0695365387, 0.0559635524, 3050.8205, 2697.2949, 749.5950, 16.3475
2025-12-04 05:03:52, 0.0192232706, 0.0156758815, 0.0899235523, 0.0532226455, 2818.7356, 2605.5402, 749.4400, 18.2040
2025-12-04 05:03:57, 0.0164470715, 0.0141063313, 0.0855243199, 0.0736317493, 2698.9643, 2518.2500, 749.6200, 20.5749
2025-12-04 05:04:03, 0.0093342834, 0.0093451870, 0.0662788747, 0.0677978473, 2608.5455, 2355.2500, 749.9250, 19.1619
2025-12-04 05:04:09, 0.0190082991, 0.0152756866, 0.1216785791, 0.0627004590, 2810.5250, 2545.3250, 746.6900, 17.9943
2025-12-04 05:04:15, 0.0202920887, 0.0149248087, 0.1244564222, 0.0989322699, 2860.6517, 2581.6742, 750.8200, 17.2432
2025-12-04 05:04:21, 0.0194834612, 0.0168493952, 0.0928248668, 0.0656852533, 2827.6098, 2632.5854, 750.3200, 18.5940
2025-12-04 05:04:27, 0.0088989279, 0.0182014172, 0.0837296840, 0.0608955318, 2870.2179, 2615.9872, 752.5300, 18.6467
2025-12-04 05:04:32, 0.0272840131, 0.0209844703, 0.0771506563, 0.0591328520, 2989.2899, 2768.7536, 751.8850, 17.0083
2025-12-04 05:04:38, 0.0325930136, 0.0245425774, 0.0567300731, 0.0562261358, 2799.4242, 2808.7121, 753.0800, 18.4099
2025-12-04 05:04:44, 0.0329978050, 0.0242575706, 0.0949646053, 0.0974170937, 2972.3889, 2898.8472, 755.3650, 19.5244
2025-12-04 05:04:50, 0.0216030254, 0.0183808289, 0.0760779523, 0.0716073151, 2951.6032, 2676.5556, 748.0150, 19.3302
2025-12-04 05:04:56, 0.0219691658, 0.0200243539, 0.1167204991, 0.0614075897, 2936.7647, 2615.3676, 752.9350, 17.6312
2025-12-04 05:05:02, 0.0311697435, 0.0214594493, 0.0995574891, 0.0698883842, 2961.4265, 2803.0882, 750.0300, 17.1683
2025-12-04 05:05:08, 0.0225549221, 0.0209101800, 0.0629368582, 0.1008644869, 2761.1159, 2634.5942, 751.6100, 17.9627
2025-12-04 05:05:14, 0.0226809207, 0.0150353776, 0.0743132578, 0.0672293599, 2763.5200, 2480.2667, 751.0550, 18.1392
2025-12-04 05:05:19, 0.0247031250, 0.0194945570, 0.0818320282, 0.0781806367, 2843.9265, 2579.2794, 750.7600, 19.5694
2025-12-04 05:05:25, 0.0178470853, 0.0162942828, 0.0711211395, 0.0749690351, 2789.8478, 2627.6630, 755.2400, 19.4361
2025-12-04 05:05:31, 0.0242356131, 0.0200198736, 0.0841043317, 0.1076986503, 2881.4024, 2643.3171, 753.6700, 18.5575
2025-12-04 05:05:36, 0.0253596820, 0.0221880528, 0.0434581136, 0.0497845958, 2894.1471, 2841.3676, 755.0400, 17.0768
2025-12-04 05:05:42, 0.0180617840, 0.0155183767, 0.0771901843, 0.0792779970, 2945.1481, 2843.8519, 754.4450, 18.1328
2025-12-04 05:05:48, 0.0134016194, 0.0134015408, 0.0859311680, 0.0561658557, 2823.6186, 2625.8454, 754.1800, 17.8555
2025-12-04 05:05:54, 0.0191035407, 0.0161313627, 0.0797516947, 0.0808197867, 2840.4096, 2669.2410, 751.2900, 18.1688
2025-12-04 05:06:00, 0.0223627328, 0.0184529084, 0.0864308418, 0.0995069925, 2979.7922, 2772.3766, 754.6450, 19.7628
2025-12-04 05:06:05, 0.0156657178, 0.0144535847, 0.1101305640, 0.0714436282, 2684.1558, 2507.0779, 754.3000, 19.2003
2025-12-04 05:06:11, 0.0239705023, 0.0164645706, 0.0987213143, 0.0758349510, 2903.7816, 2714.6092, 752.2300, 18.9712
2025-12-04 05:06:17, 0.0111777522, 0.0158626547, 0.0604359658, 0.0881226920, 2736.6933, 2478.2133, 753.8500, 19.1676
2025-12-04 05:06:23, 0.0188424693, 0.0166344685, 0.0801651715, 0.0722295879, 2896.2222, 2711.7361, 752.5850, 17.5378
2025-12-04 05:06:29, 0.0165686695, 0.0132041408, 0.1223877033, 0.0978336822, 2898.8866, 2657.0515, 751.8150, 18.9188
2025-12-04 05:06:35, 0.0176416903, 0.0141355395, 0.0678786905, 0.0787417826, 2569.8554, 2442.3735, 754.3550, 18.3491
2025-12-04 05:06:40, 0.0112542464, 0.0134071461, 0.1199328522, 0.0955187186, 2853.3000, 2655.8125, 755.4250, 16.8539
2025-12-04 05:06:46, 0.0070048524, 0.0113204000, 0.0682522239, 0.0690650524, 2555.3297, 2302.5385, 752.4400, 18.2254
2025-12-04 05:06:52, 0.0222220532, 0.0197783346, 0.0938824843, 0.0701110296, 2919.8068, 2769.3977, 755.2150, 19.0447
2025-12-04 05:06:58, 0.0203410350, 0.0183961769, 0.0757269115, 0.0725503466, 2974.2533, 2796.3067, 755.9800, 17.4751
2025-12-04 05:07:04, 0.0305144138, 0.0248182964, 0.0405994223, 0.0533512837, 2916.1875, 2881.4375, 756.9350, 18.6550
2025-12-04 05:07:09, 0.0213603389, 0.0203982644, 0.0668630709, 0.0880927878, 3011.2727, 2837.5195, 753.1800, 18.5555
2025-12-04 05:07:15, 0.0240989433, 0.0167887086, 0.1090944348, 0.0997986674, 2739.5467, 2448.1600, 756.8200, 16.3502
2025-12-04 05:07:22, 0.0108359565, 0.0147220537, 0.0849856033, 0.0696177624, 2824.0405, 2547.1216, 754.1150, 19.0277
2025-12-04 05:07:27, 0.0081032298, 0.0117193338, 0.0716312131, 0.0711359588, 2490.1358, 2211.9136, 756.3050, 19.0032
2025-12-04 05:07:33, 0.0077134601, 0.0128859131, 0.0644826730, 0.1174949352, 2752.0488, 2433.8902, 755.3850, 16.3816
2025-12-04 05:07:39, 0.0208103773, 0.0142544678, 0.0788411798, 0.0793808349, 2888.2174, 2752.8116, 757.0400, 18.4241
2025-12-04 05:07:44, 0.0209187715, 0.0207247442, 0.0651806529, 0.0814030125, 3169.4394, 2879.8030, 752.5600, 17.6657
2025-12-04 05:07:50, 0.0178960958, 0.0126365478, 0.0956657975, 0.0633968576, 2708.1412, 2645.6588, 754.4650, 17.6810
2025-12-04 05:07:56, 0.0235129863, 0.0168851356, 0.0851412501, 0.0631586422, 2804.0290, 2661.5072, 761.8200, 19.9323
2025-12-04 05:08:02, 0.0391471978, 0.0258394458, 0.0551030672, 0.0588084100, 3029.4722, 2828.6667, 755.4550, 18.4553
2025-12-04 05:08:07, 0.0238189031, 0.0196092797, 0.0880335170, 0.0596864112, 2815.6386, 2627.0602, 763.4250, 20.2861
2025-12-04 05:08:13, 0.0092650241, 0.0142044918, 0.1044508687, 0.0594614136, 2654.8529, 2308.7255, 763.0200, 17.8899
2025-12-04 05:08:19, 0.0055917185, 0.0094615886, 0.0685006906, 0.0525945598, 2352.1515, 2158.9697, 760.9950, 18.2651
2025-12-04 05:08:25, 0.0190429006, 0.0181919173, 0.0690851991, 0.0723789898, 2802.8750, 2595.6389, 762.8300, 20.1033
2025-12-04 05:08:31, 0.0095666477, 0.0127827727, 0.0552746224, 0.0690413344, 2732.7872, 2491.1277, 760.2250, 19.4775
2025-12-04 05:08:37, 0.0118511375, 0.0163898877, 0.0538656278, 0.0726119899, 2861.6795, 2544.3462, 764.9900, 18.8345
2025-12-04 05:08:42, 0.0218121278, 0.0133214284, 0.0664516869, 0.0586103461, 2947.9176, 2597.2118, 761.8500, 20.1111
2025-12-04 05:08:48, 0.0258019120, 0.0187282711, 0.0860974658, 0.0853563971, 2845.6389, 2659.2222, 760.4750, 17.9109
2025-12-04 05:08:54, 0.0361420150, 0.0295250473, 0.0673155235, 0.0609982778, 2932.2857, 2710.5286, 762.5850, 19.5794
2025-12-04 05:09:00, 0.0242778149, 0.0208544896, 0.0650693543, 0.0605220660, 2949.8571, 2757.8312, 758.0000, 20.2569
2025-12-04 05:09:05, 0.0277364318, 0.0252017128, 0.0535162284, 0.0531256881, 2907.0563, 2847.1408, 763.1800, 21.7609
2025-12-04 05:09:11, 0.0494447710, 0.0428100455, 0.0527595502, 0.0535917924, 2907.8000, 2934.2182, 760.3800, 20.5977
2025-12-04 05:09:17, 0.0272038031, 0.0247001850, 0.0673842447, 0.0462669161, 3018.2203, 2879.0508, 763.9250, 18.7080
2025-12-04 05:09:23, 0.0297457239, 0.0265002968, 0.0535072481, 0.0428818326, 3112.5323, 2823.5484, 764.5700, 18.2520
2025-12-04 05:09:29, 0.0239974172, 0.0278789617, 0.0694046113, 0.0644434472, 3002.6143, 2789.0143, 765.9900, 20.5847
2025-12-04 05:09:34, 0.0215604408, 0.0158864042, 0.0661724210, 0.0515719463, 2887.8046, 2641.5977, 759.6000, 20.3961
2025-12-04 05:09:40, 0.0217144814, 0.0170768145, 0.0637078227, 0.0620530934, 2880.5684, 2652.3579, 759.1950, 20.5353
2025-12-04 05:09:46, 0.0071797334, 0.0131043918, 0.0654869450, 0.0562714212, 2877.3034, 2531.8539, 761.0150, 21.4111
2025-12-04 05:09:52, 0.0288239359, 0.0214503329, 0.0906490886, 0.0618427858, 2811.5811, 2659.3243, 761.5600, 20.6545
2025-12-04 05:09:58, 0.0225834970, 0.0195960134, 0.0668352434, 0.0606881000, 2944.1266, 2697.6076, 761.6750, 19.6242
2025-12-04 05:10:04, 0.0308499453, 0.0252664737, 0.0628278620, 0.0569179443, 2865.9275, 2717.5797, 759.2550, 18.6582
2025-12-04 05:10:09, 0.0313736148, 0.0251633942, 0.0945556557, 0.0649100364, 2947.5325, 2837.4416, 762.0300, 18.6105
2025-12-04 05:10:15, 0.0208111114, 0.0169287824, 0.0610045615, 0.0715552970, 2900.7753, 2622.6180, 759.8800, 19.7078
2025-12-04 05:10:21, 0.0095448470, 0.0103749804, 0.0867547699, 0.0751180005, 2813.8763, 2533.6289, 757.3800, 19.1025
2025-12-04 05:10:27, 0.0116479490, 0.0145456347, 0.0807659512, 0.0719260882, 2829.0482, 2552.4940, 759.9050, 19.6953
2025-12-04 05:10:34, 0.0204706231, 0.0178159136, 0.0597679281, 0.0761767766, 2735.4648, 2731.7746, 761.1850, 19.5561
2025-12-04 05:10:39, 0.0241934800, 0.0201494594, 0.0739762115, 0.0656517086, 2983.3611, 2803.1667, 761.4400, 20.3147
2025-12-04 05:10:45, 0.0228412535, 0.0200562356, 0.1078519969, 0.0947995399, 2958.7692, 2728.5231, 760.1850, 20.5171
2025-12-04 05:10:51, 0.0278190581, 0.0246135703, 0.0814323781, 0.0929071673, 2935.8267, 2715.9333, 760.3250, 21.1322
2025-12-04 05:10:57, 0.0359669928, 0.0255247986, 0.0476741229, 0.0540647646, 2915.5811, 2734.2162, 760.6000, 20.6407
2025-12-04 05:11:03, 0.0322350840, 0.0202911334, 0.0773702275, 0.0579731631, 2935.6727, 2739.3091, 756.7850, 17.3994
2025-12-04 05:11:09, 0.0264652435, 0.0214067544, 0.1223741623, 0.0852371146, 2986.1975, 2714.7284, 755.3050, 19.5236
2025-12-04 05:11:14, 0.0202075701, 0.0178898523, 0.0898775407, 0.0659394835, 2827.9130, 2622.0870, 751.9300, 18.2344
2025-12-04 05:11:20, 0.0195978979, 0.0172141187, 0.0596485637, 0.0755055433, 2959.9559, 2642.7794, 756.6700, 18.2869
2025-12-04 05:11:26, 0.0272331011, 0.0226534969, 0.0909921717, 0.0932582987, 2902.3425, 2811.2055, 757.4150, 19.2214
2025-12-04 05:11:32, 0.0308268158, 0.0227250937, 0.0992640889, 0.0721989122, 3204.6774, 2901.0000, 753.0200, 18.8005
2025-12-04 05:11:38, 0.0269832495, 0.0216512393, 0.1337540793, 0.0660510511, 2909.2923, 2738.2154, 755.5300, 19.0360
2025-12-04 05:11:43, 0.0219343681, 0.0190406983, 0.0511586902, 0.0575766578, 2724.2533, 2629.1467, 755.1400, 16.2071
2025-12-04 05:11:49, 0.0321192005, 0.0254017703, 0.0709948963, 0.0801805271, 2821.0548, 2737.7808, 756.0100, 19.6642
2025-12-04 05:11:55, 0.0211487633, 0.0146267178, 0.0491417918, 0.0687700889, 2780.4286, 2590.7619, 755.1400, 18.3655
2025-12-04 05:12:01, 0.0128747755, 0.0161142635, 0.1084524804, 0.0902221471, 2995.4390, 2785.8780, 758.5000, 18.8536
2025-12-04 05:12:07, 0.0222767895, 0.0195550797, 0.0741152066, 0.0750957416, 2774.2143, 2590.5119, 755.8100, 19.2615
2025-12-04 05:12:12, 0.0292283243, 0.0214832137, 0.0877028512, 0.0808589183, 2802.1733, 2561.9200, 757.4350, 16.8596
2025-12-04 05:12:18, 0.0177842928, 0.0134689529, 0.0805412099, 0.0806976139, 2855.0435, 2588.4565, 761.5400, 18.2545
2025-12-04 05:12:24, 0.0250207403, 0.0227470270, 0.0808421038, 0.0702727226, 2990.2105, 2605.7368, 756.3900, 19.8625
2025-12-04 05:12:30, 0.0214800930, 0.0230599051, 0.0607275649, 0.0596707772, 2737.2933, 2585.7067, 759.4750, 18.6344
2025-12-04 05:12:35, 0.0278370977, 0.0182292517, 0.0808500238, 0.0711228493, 2841.0127, 2661.0253, 758.4850, 17.5508
2025-12-04 05:12:41, 0.0117924046, 0.0155449666, 0.0932093997, 0.0795708258, 2825.4066, 2606.4176, 761.6400, 19.3616
2025-12-04 05:12:47, 0.0182982371, 0.0156064056, 0.0913411843, 0.0754221601, 2690.8395, 2413.9506, 759.0400, 18.0119
2025-12-04 05:12:53, 0.0251882037, 0.0227671273, 0.0553826420, 0.0629058029, 2985.8636, 2809.1818, 758.4150, 19.1683
2025-12-04 05:12:59, 0.0224192598, 0.0164863283, 0.1021325369, 0.0832767634, 3000.0500, 2636.1125, 762.4150, 18.9993
2025-12-04 05:13:05, 0.0108987013, 0.0140611680, 0.1018850028, 0.0993760997, 2795.4167, 2718.7083, 760.1650, 18.0035
2025-12-04 05:13:11, 0.0215258013, 0.0179346252, 0.0662963030, 0.0613172595, 2959.5733, 2742.7200, 759.5850, 18.6990
2025-12-04 05:13:16, 0.0188464225, 0.0155348613, 0.0740166905, 0.0665241430, 2898.9114, 2521.6076, 758.4050, 17.5685
2025-12-04 05:13:22, 0.0222186500, 0.0185567210, 0.0951345829, 0.0909181958, 3142.7662, 2836.1169, 755.2350, 18.0928
2025-12-04 05:13:28, 0.0200522227, 0.0177004430, 0.0590497906, 0.0583363134, 2780.2800, 2528.2400, 755.9300, 19.6144
2025-12-04 05:13:33, 0.0207551682, 0.0142167226, 0.0797344689, 0.0709444605, 2814.5000, 2493.9459, 757.3500, 18.8578
2025-12-04 05:13:39, 0.0197615717, 0.0167590070, 0.0690799062, 0.0948244621, 2883.5789, 2560.3421, 752.8500, 18.4236
2025-12-04 05:13:45, 0.0321027152, 0.0283621313, 0.0671965845, 0.0694314313, 2923.1325, 2738.0000, 750.0800, 18.4009
2025-12-04 05:13:51, 0.0338470476, 0.0261390799, 0.0550851533, 0.0517426622, 2985.2031, 2728.5469, 750.7600, 18.8314
2025-12-04 05:13:57, 0.0209667656, 0.0160311162, 0.1383109131, 0.0886726546, 2920.6627, 2671.0120, 752.4050, 18.2847
2025-12-04 05:14:02, 0.0214887136, 0.0171744123, 0.0727102813, 0.0533155330, 2899.4328, 2607.8955, 751.4100, 19.8480
2025-12-04 05:14:08, 0.0112303062, 0.0129967420, 0.0707081389, 0.0644470877, 2865.3563, 2735.4368, 758.3650, 16.4220
2025-12-04 05:14:14, 0.0227341750, 0.0218121564, 0.0803851474, 0.0825454565, 2821.4744, 2648.6538, 758.7000, 16.8277
2025-12-04 05:14:20, 0.0267793893, 0.0204471851, 0.0624454534, 0.0598656506, 3119.1154, 2761.8462, 756.9450, 18.1357
2025-12-04 05:14:26, 0.0233854925, 0.0213995720, 0.1046406759, 0.0758331006, 2932.8493, 2637.3014, 758.3400, 19.6039
2025-12-04 05:14:32, 0.0085558366, 0.0124940433, 0.0875722201, 0.1034760025, 2692.9890, 2669.5275, 758.3650, 18.4546
2025-12-04 05:14:37, 0.0232820549, 0.0207212440, 0.0772491792, 0.0780229040, 2862.2162, 2571.8378, 760.7050, 19.0769
2025-12-04 05:14:43, 0.0184399875, 0.0169167909, 0.0913326852, 0.0767071907, 2970.5000, 2713.5811, 758.6550, 19.6460
2025-12-04 05:14:49, 0.0355894923, 0.0340366027, 0.0941556547, 0.0835861064, 3028.3585, 2852.4340, 757.4950, 18.2702
2025-12-04 05:14:55, 0.0311305546, 0.0218053383, 0.0814355840, 0.0582559392, 2971.2410, 2776.6506, 758.2650, 18.0636
2025-12-04 05:15:01, 0.0245689028, 0.0236680022, 0.0599758428, 0.0673393519, 2812.6000, 2668.7077, 758.1100, 18.4111
2025-12-04 05:15:06, 0.0222420470, 0.0177241593, 0.1017990921, 0.0682388032, 2832.3088, 2657.9412, 759.2000, 19.2507
2025-12-04 05:15:12, 0.0271826485, 0.0256076415, 0.0424315203, 0.0481988570, 2965.8451, 2918.6479, 757.1200, 17.5358
2025-12-04 05:15:18, 0.0236976632, 0.0178543796, 0.0591495753, 0.0780493746, 2916.9811, 2730.0943, 758.3600, 18.9106
2025-12-04 05:15:24, 0.0297490504, 0.0233518460, 0.0730235394, 0.0653400686, 3111.0676, 2814.9324, 760.3550, 19.3997
2025-12-04 05:15:30, 0.0224622739, 0.0164650161, 0.0498025717, 0.0735742094, 2738.3418, 2578.6962, 759.4550, 18.0562
2025-12-04 05:15:36, 0.0294445780, 0.0228741530, 0.0864805963, 0.0780759783, 2916.8800, 2673.9600, 757.1550, 18.7091
2025-12-04 05:15:41, 0.0303774501, 0.0289520979, 0.0645410061, 0.0601170905, 2835.8421, 2832.1053, 759.1400, 17.7927
2025-12-04 05:15:47, 0.0348414254, 0.0283608123, 0.0907706160, 0.0989781857, 3207.8305, 3065.2712, 759.6100, 18.0792
2025-12-04 05:15:53, 0.0417234247, 0.0233561588, 0.0894166188, 0.0861367610, 3113.1389, 2899.1250, 759.2250, 19.1346
2025-12-04 05:15:59, 0.0254153084, 0.0212333957, 0.0871027192, 0.0790850886, 2997.6711, 2714.0789, 761.2450, 17.7095
2025-12-04 05:16:05, 0.0283224764, 0.0209763830, 0.0705523631, 0.0788342881, 2983.2254, 2692.3099, 761.8300, 17.9039
2025-12-04 05:16:11, 0.0416745968, 0.0363514148, 0.0694159206, 0.0812903660, 2903.2712, 2785.8983, 761.0100, 17.0807
2025-12-04 05:16:16, 0.0241620608, 0.0223702145, 0.0903896411, 0.0631398054, 3182.3562, 2708.8356, 760.3750, 18.6321
2025-12-04 05:16:22, 0.0172710206, 0.0167593047, 0.0654271701, 0.0671891950, 2890.9306, 2609.7639, 759.9600, 17.4745
2025-12-04 05:16:28, 0.0147964758, 0.0147237888, 0.0888666538, 0.0756931307, 2850.3766, 2580.5455, 761.2600, 17.2480
2025-12-04 05:16:34, 0.0213465997, 0.0144747305, 0.1114022315, 0.0809652672, 3110.5890, 2748.4521, 760.1600, 18.2100
2025-12-04 05:16:40, 0.0071574516, 0.0114730206, 0.0886378679, 0.0554269529, 2658.1446, 2396.8554, 760.8800, 16.3094
2025-12-04 05:16:45, 0.0296706087, 0.0265375153, 0.0753682986, 0.0738592255, 2620.1400, 2511.1200, 758.1650, 18.8002
2025-12-04 05:16:51, 0.0315020976, 0.0331342396, 0.0845762168, 0.0852502454, 3068.3696, 2936.1739, 760.5150, 16.6484
2025-12-04 05:16:57, 0.0334819134, 0.0293096993, 0.0815074339, 0.0690848173, 3046.8088, 2825.4706, 760.4400, 17.3065
2025-12-04 05:17:03, 0.0262737700, 0.0193057370, 0.1092657831, 0.1239210260, 2800.3768, 2657.1594, 760.3550, 18.3455
2025-12-04 05:17:09, 0.0303853702, 0.0333664511, 0.0590390947, 0.0747332899, 2906.1311, 2820.7541, 758.6900, 18.3187
2025-12-04 05:17:14, 0.0213191518, 0.0188958415, 0.0935138522, 0.0830991847, 2931.4819, 2762.6145, 755.2000, 17.1193
2025-12-04 05:17:20, 0.0225107552, 0.0175086498, 0.0722971171, 0.0725691426, 2864.5062, 2640.1605, 758.4600, 17.6255
2025-12-04 05:17:26, 0.0224266767, 0.0159596967, 0.0825137557, 0.0706853390, 2695.6538, 2558.4872, 758.5150, 18.2376
2025-12-04 05:17:32, 0.0219808743, 0.0149303594, 0.0609594559, 0.0537743983, 2909.3750, 2564.2727, 760.3550, 17.9955
2025-12-04 05:17:38, 0.0176180992, 0.0134539189, 0.0725917120, 0.0557834099, 2775.5604, 2449.3407, 760.8300, 17.3061
2025-12-04 05:17:43, 0.0238881364, 0.0167861313, 0.0915333254, 0.0990749688, 2915.6486, 2730.1892, 759.2150, 17.4324
2025-12-04 05:17:49, 0.0313371596, 0.0257035612, 0.0781321240, 0.0554919746, 3004.5763, 2917.5593, 760.7800, 17.6924
2025-12-04 05:17:55, 0.0280639730, 0.0197935741, 0.0645119538, 0.0431339524, 2855.4407, 2850.9492, 760.9000, 18.1598
2025-12-04 05:18:01, 0.0294047153, 0.0218528755, 0.0940017267, 0.0692642224, 3101.6780, 2888.8983, 761.1150, 20.3365
2025-12-04 05:18:07, 0.0273627050, 0.0233671616, 0.0713656866, 0.1071365011, 3065.3226, 2984.6290, 758.7300, 20.6249
2025-12-04 05:18:13, 0.0187054898, 0.0178669953, 0.0693575942, 0.0737068094, 2882.5696, 2717.1646, 760.8450, 18.7083
2025-12-04 05:18:18, 0.0116287629, 0.0120868878, 0.1110858189, 0.0670141574, 2738.9487, 2298.6667, 754.7900, 17.1548
2025-12-04 05:18:24, 0.0200401739, 0.0154949871, 0.0660765638, 0.0559419030, 3026.9459, 2649.2838, 754.1650, 17.4808
2025-12-04 05:18:30, 0.0225810802, 0.0222949173, 0.0647827334, 0.0824607650, 2796.2698, 2649.3810, 751.7750, 17.9823
2025-12-04 05:18:36, 0.0258989478, 0.0226100248, 0.0445664466, 0.0534348050, 2942.8243, 2803.0405, 753.6450, 18.4702
2025-12-04 05:18:41, 0.0282185227, 0.0191625669, 0.0632544667, 0.0515255398, 2861.4512, 2734.4390, 753.9400, 19.2168
2025-12-04 05:18:47, 0.0294105252, 0.0252300124, 0.0697007481, 0.0725084460, 2918.2319, 2859.3188, 753.6000, 16.8348
2025-12-04 05:18:53, 0.0225642771, 0.0207239909, 0.0704773899, 0.0513577065, 3148.6140, 2764.0702, 757.8050, 18.4371
2025-12-04 05:18:59, 0.0337958175, 0.0428438326, 0.0850766167, 0.0688569037, 2849.2069, 2760.2069, 751.7600, 17.8889
2025-12-04 05:19:05, 0.0440586175, 0.0361512986, 0.0805878686, 0.0877332410, 2745.0317, 2661.3016, 753.3850, 17.5900
2025-12-04 05:19:10, 0.0377350728, 0.0287522085, 0.0731623714, 0.0757061368, 2989.4727, 2856.9091, 754.1050, 17.5839
2025-12-04 05:19:16, 0.0131711220, 0.0129765176, 0.0627179169, 0.0787974087, 2696.0714, 2529.4881, 754.8950, 18.1800
2025-12-04 05:19:22, 0.0125803083, 0.0152823694, 0.1049168453, 0.0750768310, 2805.3908, 2578.4138, 752.5800, 18.0736
2025-12-04 05:19:28, 0.0312144812, 0.0301003248, 0.0993968033, 0.0866079686, 3063.5152, 2835.4394, 756.3550, 17.8446
2025-12-04 05:19:34, 0.0222201962, 0.0181016872, 0.0796983344, 0.0518712139, 3143.2586, 2680.5172, 755.0500, 18.3422
2025-12-04 05:19:39, 0.0203437439, 0.0174790954, 0.1476729146, 0.0982993966, 2911.9342, 2564.7237, 755.0600, 16.4944
2025-12-04 05:19:45, 0.0250418077, 0.0200142935, 0.0703838238, 0.0569005920, 2680.0270, 2508.6351, 751.5750, 17.4260
2025-12-04 05:19:51, 0.0154769287, 0.0118077092, 0.1086471570, 0.0761748289, 2627.4815, 2475.3210, 752.8200, 19.4195
2025-12-04 05:19:57, 0.0068112677, 0.0120054499, 0.0649378125, 0.0944277811, 2629.5309, 2716.0741, 755.0650, 19.0827
2025-12-04 05:20:03, 0.0110307414, 0.0120440168, 0.0828397933, 0.0935135650, 2780.1154, 2705.5000, 754.9550, 17.6092
2025-12-04 05:20:09, 0.0191067051, 0.0119697810, 0.1312067384, 0.0939666910, 2837.6462, 2579.2923, 754.1050, 19.8790
2025-12-04 05:20:14, 0.0076420167, 0.0091907717, 0.0782375567, 0.0747936484, 2545.2955, 2370.6023, 752.4050, 18.7654
2025-12-04 05:20:20, 0.0109712395, 0.0128939616, 0.0925662274, 0.1039037206, 2793.8764, 2668.8315, 753.0400, 17.4719
2025-12-04 05:20:26, 0.0202558850, 0.0192536627, 0.1062777277, 0.1150591593, 2619.2308, 2645.0615, 755.4350, 17.2048
2025-12-04 05:20:32, 0.0169991017, 0.0131736015, 0.1224055270, 0.1004006002, 2616.3205, 2479.2308, 755.8200, 20.5034
2025-12-04 05:20:38, 0.0225792711, 0.0219080537, 0.0938410131, 0.0942947105, 2902.2373, 2705.2373, 753.6750, 17.5952
2025-12-04 05:20:43, 0.0256097705, 0.0217804707, 0.0892503127, 0.0730920369, 2897.3158, 2729.0351, 754.6750, 19.3933
2025-12-04 05:20:49, 0.0128216537, 0.0137950738, 0.0741853290, 0.0612485380, 2648.9101, 2368.7865, 755.3950, 19.9677
2025-12-04 05:20:55, 0.0153081145, 0.0174814858, 0.1045912763, 0.1133544959, 2538.1972, 2346.3944, 756.2900, 18.4213
2025-12-04 05:21:02, 0.0132963970, 0.0187528925, 0.1083586473, 0.0980887421, 2736.9610, 2792.6104, 757.4150, 19.3042
2025-12-04 05:21:07, 0.0251216120, 0.0156494501, 0.0838088777, 0.0953108355, 2870.0541, 2711.9324, 754.9250, 18.0779
2025-12-04 05:21:13, 0.0292906637, 0.0239138273, 0.0700648587, 0.0767950612, 2894.0462, 2538.2923, 757.0050, 18.6769
2025-12-04 05:21:19, 0.0178737217, 0.0151049322, 0.0865148019, 0.0801422229, 2980.5077, 2708.3538, 754.8450, 18.3055
2025-12-04 05:21:25, 0.0257473823, 0.0238999929, 0.1025594244, 0.0779523709, 2869.3016, 2656.9206, 754.9600, 18.5879
2025-12-04 05:21:31, 0.0354825901, 0.0268499590, 0.0918792674, 0.0905870318, 3018.7606, 2925.8592, 749.5100, 19.4317
2025-12-04 05:21:36, 0.0225559179, 0.0213588721, 0.0749227830, 0.0741629853, 3102.8485, 2930.5000, 754.5300, 18.1728
2025-12-04 05:21:42, 0.0029308237, 0.0014612184, 0.1748882614, 0.2095472369, 1061.1429, 1109.9286, 754.2650, 18.9759
2025-12-04 05:32:05, 0.0129842244, 0.0118898267, 0.0835828013, 0.0590120238, 2794.4598, 2568.0460, 762.6150, 17.0434
2025-12-04 05:32:11, 0.0202980162, 0.0161224522, 0.0780557874, 0.0660305846, 2994.3721, 2674.6512, 762.0300, 18.6035
2025-12-04 05:32:16, 0.0241201420, 0.0201746010, 0.0860890397, 0.0620708291, 3151.7101, 2831.0870, 760.1750, 18.3165
2025-12-04 05:32:23, 0.0286512519, 0.0220013891, 0.0603088443, 0.0687525800, 2952.7000, 2696.1167, 760.8650, 17.4782
2025-12-04 05:32:29, 0.0263357868, 0.0304105027, 0.0923644569, 0.0700802280, 2979.7679, 2749.8036, 759.2400, 18.0461
2025-12-04 05:32:35, 0.0301317165, 0.0194669394, 0.1014925772, 0.0974314175, 2960.6429, 2901.5857, 760.0500, 17.8812
2025-12-04 05:32:41, 0.0078722535, 0.0132021470, 0.0857428147, 0.0770082214, 2977.0964, 2757.4699, 761.5850, 19.2001
2025-12-04 05:32:46, 0.0174254686, 0.0172977760, 0.0968816807, 0.0591403910, 3041.7711, 2637.1446, 757.6700, 18.6714
2025-12-04 05:32:52, 0.0299151614, 0.0233026322, 0.0774818082, 0.0673258714, 2693.7288, 2647.7627, 758.9100, 18.5300
2025-12-04 05:32:58, 0.0120072948, 0.0176927978, 0.0855423947, 0.1021089888, 2571.6111, 2471.0000, 762.0050, 19.1441
2025-12-04 05:33:04, 0.0209539050, 0.0184046118, 0.1007973751, 0.0821549027, 2689.5529, 2551.8235, 760.1250, 16.8781
2025-12-04 05:33:09, 0.0215655625, 0.0256154670, 0.0694519752, 0.1013459049, 2931.5286, 2880.2143, 756.6500, 19.0614
2025-12-04 05:33:15, 0.0302431083, 0.0254225091, 0.0401796293, 0.0347558930, 2880.6842, 2794.7018, 755.8050, 18.2265
2025-12-04 05:33:21, 0.0478556301, 0.0429920774, 0.0563011750, 0.0690837115, 3058.7660, 3014.7234, 762.8050, 18.5080
2025-12-04 05:33:27, 0.0382301515, 0.0401794048, 0.0637620634, 0.0590716436, 3122.8596, 3019.5439, 760.2700, 17.7538
2025-12-04 05:33:33, 0.0430464262, 0.0304175822, 0.0584957415, 0.0481236466, 2790.3731, 2710.4179, 759.0700, 17.2272
2025-12-04 05:33:39, 0.0287572099, 0.0314542287, 0.0774859141, 0.0787367509, 3072.3077, 2970.2615, 752.1850, 17.0731
2025-12-04 05:33:44, 0.0673122928, 0.0413189219, 0.1294948339, 0.0948488114, 3108.8500, 3150.6500, 751.5450, 17.9783
2025-12-04 05:33:50, 0.0313465538, 0.0293873233, 0.1283691439, 0.0997896427, 3196.1667, 2976.3125, 755.1700, 18.8208
2025-12-04 05:33:56, 0.0124333496, 0.0175415429, 0.0865720128, 0.0834524587, 2861.5342, 2684.5616, 753.7150, 19.1116
2025-12-04 05:34:02, 0.0310538825, 0.0224768056, 0.1483626815, 0.0943761461, 3008.2742, 2749.6129, 753.7950, 20.1951
2025-12-04 05:34:07, 0.0295025789, 0.0275812247, 0.1069073401, 0.1014020939, 2776.2333, 2753.0833, 752.5150, 19.0526
2025-12-04 05:34:13, 0.0304865207, 0.0405717480, 0.0745875668, 0.0618891217, 2989.6538, 2794.3462, 751.8000, 17.4029
2025-12-04 05:34:19, 0.0318791162, 0.0234458997, 0.0979354711, 0.0643738032, 3006.8254, 2736.5556, 750.0750, 17.5037
2025-12-04 05:34:25, 0.0597979278, 0.0322014655, 0.0787898666, 0.0770562841, 2680.1636, 2779.7455, 751.5650, 18.2153
2025-12-04 05:34:31, 0.0340147702, 0.0340193476, 0.0882404416, 0.0935454726, 2930.6786, 2796.1071, 750.4350, 17.9763
2025-12-04 05:34:37, 0.0576139172, 0.0519570114, 0.0639492493, 0.0667627183, 2601.7381, 2676.9048, 751.9100, 17.9305
2025-12-04 05:34:43, 0.0416728979, 0.0423212471, 0.0547765881, 0.0605207230, 2911.4800, 2920.4600, 749.0500, 17.4879
2025-12-04 05:34:48, 0.0300786582, 0.0275249444, 0.0785394130, 0.0615791011, 2816.1370, 2698.0685, 751.2100, 18.7914
2025-12-04 05:34:54, 0.0547241163, 0.0587018842, 0.1156693063, 0.1024356210, 3258.3556, 3147.6444, 748.6400, 16.6895
2025-12-04 05:35:00, 0.0398555143, 0.0372261126, 0.0611709099, 0.0531338242, 2972.5593, 2873.5763, 748.8100, 16.9966
2025-12-04 05:35:06, 0.0328402572, 0.0213354700, 0.1072570819, 0.0746460040, 2781.4364, 2765.1636, 751.7400, 17.5195
2025-12-04 05:35:12, 0.0227610417, 0.0130153407, 0.0718614661, 0.0552312233, 2783.9545, 2478.6515, 754.5950, 20.8490
2025-12-04 05:35:18, 0.0196270062, 0.0176556586, 0.1059206167, 0.0828393981, 2870.8533, 2682.3867, 758.2550, 19.5185
2025-12-04 05:35:23, 0.0221020779, 0.0182373673, 0.0469016621, 0.0434233404, 3010.5111, 2646.3778, 752.2150, 21.0969
2025-12-04 05:35:29, 0.0430191876, 0.0351755004, 0.0452751810, 0.0319059348, 2936.3077, 2628.1538, 754.3400, 20.4251
2025-12-04 05:35:35, 0.0410505168, 0.0487917443, 0.0339597514, 0.0542535635, 2862.0000, 2837.5455, 758.1100, 20.9086
2025-12-04 05:35:41, 0.0531822316, 0.0386206677, 0.0612243207, 0.0731512214, 2951.0000, 2883.0645, 752.3100, 18.4020
2025-12-04 05:35:47, 0.0614868346, 0.0462467243, 0.0451474520, 0.0299779401, 3095.1702, 2854.9787, 754.9150, 19.8766
2025-12-04 05:35:52, 0.0447630792, 0.0383680933, 0.0423078024, 0.0475873168, 2676.5385, 2734.7500, 753.9300, 20.0531
2025-12-04 05:35:58, 0.0278497303, 0.0293887678, 0.0494316345, 0.0485406480, 2712.3273, 2519.1455, 752.4550, 20.7345
2025-12-04 05:36:04, 0.0280859925, 0.0300216952, 0.0707560140, 0.0679048305, 2868.5224, 2874.8507, 752.6700, 20.4578
2025-12-04 05:36:11, 0.0313735563, 0.0348140793, 0.0822368977, 0.0690120575, 3141.5303, 3010.3182, 753.3050, 20.6430
2025-12-04 05:36:16, 0.0479871056, 0.0479749046, 0.0449570625, 0.0411102895, 3010.3448, 2845.8621, 752.5700, 19.1239
2025-12-04 05:36:22, 0.0494998922, 0.0377209831, 0.0565253184, 0.0411937706, 3065.2500, 2892.8333, 755.1300, 19.3055
2025-12-04 05:36:28, 0.0450027233, 0.0533975667, 0.0619025236, 0.0723725236, 3032.3137, 2978.8431, 754.7650, 19.4474
2025-12-04 05:36:34, 0.0561744370, 0.0600457331, 0.0664927902, 0.0540526501, 2817.2683, 2818.4146, 754.1050, 17.1824
2025-12-04 05:36:40, 0.0575712288, 0.0542855189, 0.0803679676, 0.0915700776, 2858.1475, 2899.8525, 753.1550, 16.8642
2025-12-04 05:36:45, 0.0517534347, 0.0591570124, 0.0440536069, 0.0463680302, 2888.4694, 2888.1429, 754.6550, 18.7626
2025-12-04 05:36:51, 0.0433984727, 0.0394956731, 0.0608310629, 0.0685870151, 3141.1194, 3063.1791, 750.4800, 18.8483
2025-12-04 05:36:57, 0.0552974643, 0.0479243595, 0.0490038097, 0.0380838187, 2994.8000, 3073.6667, 757.0250, 18.6635
2025-12-04 05:37:03, 0.0766564772, 0.0612738937, 0.0668469118, 0.0564670789, 2926.9167, 2986.9167, 760.2150, 19.1086
2025-12-04 05:37:09, 0.0600647940, 0.0643353582, 0.0763246724, 0.0496412398, 3008.6792, 2820.6981, 754.8800, 19.7450
2025-12-04 05:37:15, 0.0602492118, 0.0588808840, 0.0450422348, 0.0528126901, 3052.8824, 3021.6667, 758.4550, 17.7025
2025-12-04 05:37:20, 0.0676769120, 0.0514819065, 0.0363733097, 0.0327404331, 2909.0179, 2935.0893, 759.6900, 20.3333
2025-12-04 05:37:26, 0.0743795291, 0.0545581487, 0.0392492922, 0.0480874772, 2848.2683, 2860.5122, 758.0900, 18.3851
2025-12-04 05:37:32, 0.0423194584, 0.0385782239, 0.0651036699, 0.0601915296, 3089.4333, 2976.0333, 755.6350, 17.9956
2025-12-04 05:37:38, 0.0529993055, 0.0424984403, 0.0543827315, 0.0388989643, 2846.4773, 2780.2727, 758.1750, 19.6770
2025-12-04 05:37:43, 0.0411715088, 0.0328334559, 0.0394640465, 0.0753344099, 2909.2203, 3069.9831, 752.7850, 16.7442
2025-12-04 05:37:49, 0.0438900430, 0.0313177302, 0.0689593722, 0.0820825741, 3100.3881, 2952.9254, 754.6350, 16.7759
2025-12-04 05:37:55, 0.0561718446, 0.0491137357, 0.0788676830, 0.0482031696, 3015.0545, 2822.7455, 752.9000, 18.2882
2025-12-04 05:38:00, 0.0429828358, 0.0364931764, 0.0595743630, 0.0757284838, 3094.9773, 2942.5682, 756.0450, 17.9029
2025-12-04 05:38:06, 0.0486090641, 0.0409415370, 0.0423847325, 0.0544160969, 2811.1282, 2746.9744, 752.7400, 17.8265
2025-12-04 05:38:12, 0.0381224124, 0.0417055340, 0.0814201207, 0.0868754742, 3047.7541, 2947.1967, 753.6150, 17.6810
2025-12-04 05:38:18, 0.0269500243, 0.0217879807, 0.0776876456, 0.0705975294, 3003.2250, 2955.5375, 751.9950, 17.4090
2025-12-04 05:38:24, 0.0262315610, 0.0223558423, 0.0738252483, 0.0665101542, 3132.5000, 2925.6970, 751.6200, 19.2594
2025-12-04 05:38:29, 0.0484281512, 0.0417828855, 0.0817176260, 0.0672498458, 2976.1964, 2896.3214, 755.6050, 18.2381
2025-12-04 05:38:35, 0.0342131079, 0.0341182103, 0.0335949258, 0.0594577732, 2939.1667, 2843.4074, 753.2950, 17.1941
2025-12-04 05:38:41, 0.0492826468, 0.0483661689, 0.0453509612, 0.0329851316, 2805.1111, 2759.9815, 754.4250, 19.6093
2025-12-04 05:38:47, 0.0467430335, 0.0335224045, 0.0536151843, 0.0491710918, 3093.5909, 2977.5909, 754.3200, 17.9326
2025-12-04 05:38:53, 0.0378657382, 0.0549053626, 0.0621976591, 0.0540163619, 2966.1111, 2885.5370, 755.4750, 19.5576
2025-12-04 05:38:59, 0.0358389205, 0.0307884090, 0.0672464602, 0.0752957084, 2720.7297, 2737.1351, 760.8350, 18.9960
2025-12-04 05:39:04, 0.0628498303, 0.0576805916, 0.0788601681, 0.0890685972, 2834.5000, 2965.3846, 754.8200, 17.5119
2025-12-04 05:39:10, 0.0260877568, 0.0238581390, 0.0788229533, 0.0742853691, 2719.0145, 2638.6087, 759.1950, 19.2291
2025-12-04 05:39:16, 0.0343668849, 0.0302124175, 0.0700163376, 0.0567362976, 2880.0000, 2843.8163, 757.9000, 19.9349
2025-12-04 05:39:22, 0.0659961896, 0.0507428751, 0.0698525112, 0.0666129992, 2934.2794, 2936.3971, 759.2350, 19.1510
2025-12-04 05:39:28, 0.0424017215, 0.0412363559, 0.0804722824, 0.0813047629, 3120.0517, 2982.4655, 759.9350, 19.7297
2025-12-04 05:39:33, 0.0353943010, 0.0321705211, 0.0709027495, 0.0976417018, 2833.4074, 2871.3704, 755.4200, 17.8551
2025-12-04 05:39:39, 0.0625054669, 0.0317059032, 0.0527330694, 0.0631827919, 2932.0000, 2883.0185, 760.0450, 19.2329
2025-12-04 05:39:45, 0.0430463744, 0.0378165870, 0.0988611940, 0.0887869596, 3103.9800, 2929.5200, 755.1350, 20.3769
2025-12-04 05:39:51, 0.0436306963, 0.0442005979, 0.0700219680, 0.1126609479, 2809.8000, 2938.7500, 759.8650, 18.4739
2025-12-04 05:39:57, 0.0420801812, 0.0340301550, 0.0825971699, 0.0894286781, 2963.1231, 2945.8308, 758.7000, 17.0652
2025-12-04 05:40:03, 0.0343463402, 0.0259872243, 0.0882956497, 0.0907961911, 3076.8101, 2928.7722, 757.8050, 18.6418
2025-12-04 05:40:08, 0.0320663158, 0.0262439413, 0.1067689730, 0.1366672064, 3004.3396, 2995.6038, 758.1700, 17.9544
2025-12-04 05:40:14, 0.0252267321, 0.0187905154, 0.0777790927, 0.0673447388, 2748.0172, 2657.9828, 760.4450, 20.1667
2025-12-04 05:40:20, 0.0239782930, 0.0246049298, 0.1226745286, 0.0648654720, 2983.4493, 2739.7246, 755.0600, 17.6945
2025-12-04 05:40:26, 0.0510650090, 0.0415915148, 0.0470976076, 0.0493655237, 2811.6792, 2916.2830, 750.8900, 16.7400
2025-12-04 05:40:31, 0.0365939250, 0.0352998498, 0.0732497307, 0.0630043487, 2901.9778, 2737.0889, 754.7750, 18.7031
2025-12-04 05:40:37, 0.0347959489, 0.0424407871, 0.0509343168, 0.0648731389, 2779.3750, 2818.4219, 756.3050, 18.6119
2025-12-04 05:40:43, 0.0288331090, 0.0347913876, 0.0967740389, 0.0896762190, 2993.7500, 2810.0625, 753.4350, 19.0165
2025-12-04 05:40:49, 0.0433127249, 0.0412756065, 0.0857502619, 0.0737631643, 2768.1132, 2830.6792, 755.8850, 17.1861
2025-12-04 05:40:54, 0.0426042317, 0.0359230702, 0.0650724032, 0.0556027358, 2933.0923, 2798.1846, 754.4000, 19.1361
2025-12-04 05:41:00, 0.0444708964, 0.0323552270, 0.0497266236, 0.0495149848, 2818.1719, 2761.2656, 753.6150, 17.7859
2025-12-04 05:41:06, 0.0330349797, 0.0309529960, 0.0628444437, 0.0683845131, 2967.1000, 2892.0167, 752.2950, 17.6980
2025-12-04 05:41:12, 0.0609452325, 0.0491887421, 0.0631534770, 0.0651803243, 2985.5283, 2926.3585, 755.3750, 17.2657
2025-12-04 05:41:18, 0.0318511631, 0.0258177662, 0.1095861328, 0.0792275209, 3073.7059, 3039.2941, 755.1750, 19.0493
2025-12-04 05:41:23, 0.0322456394, 0.0311288001, 0.0865638965, 0.0805097762, 3054.7838, 3001.1622, 754.7450, 18.4702
2025-12-04 05:41:29, 0.0425969493, 0.0291692323, 0.0695218259, 0.0621262952, 2871.5345, 2801.7586, 756.6550, 18.5010
2025-12-04 05:41:35, 0.0174281610, 0.0159491189, 0.1226787689, 0.0691598958, 2689.1111, 2483.6049, 755.8850, 17.3494
2025-12-04 05:41:41, 0.0285426730, 0.0266321223, 0.0928053982, 0.1034341632, 2995.0741, 2914.2963, 752.6250, 19.1532
2025-12-04 05:41:46, 0.0348903171, 0.0216645588, 0.0663994889, 0.0696435210, 2842.2344, 2693.8594, 757.1150, 17.2497
2025-12-04 05:41:52, 0.0328404176, 0.0272848423, 0.0996457621, 0.0941712580, 2873.2333, 2694.4167, 755.9550, 17.3831
2025-12-04 05:41:58, 0.0325103437, 0.0327953192, 0.0704476508, 0.0694776155, 2900.5286, 2793.4571, 753.4150, 18.4982
2025-12-04 05:42:04, 0.0429439459, 0.0377689325, 0.0770494849, 0.0786198052, 2807.1875, 2698.4219, 756.5050, 19.5072
2025-12-04 05:42:10, 0.0379515411, 0.0404370528, 0.0572273112, 0.0603787450, 3114.2055, 3044.7534, 757.0400, 18.6051
2025-12-04 05:42:16, 0.0301252974, 0.0324196846, 0.0556741565, 0.0369405985, 2931.2931, 2882.2759, 756.1300, 19.5280
2025-12-04 05:42:21, 0.0556000965, 0.0415018541, 0.0616937965, 0.0767031971, 2710.2679, 2772.8929, 756.1400, 20.2877
2025-12-04 05:42:27, 0.0425655797, 0.0319271487, 0.0578124337, 0.0879991704, 3042.2195, 3184.8049, 757.9750, 17.7453
2025-12-04 05:42:33, 0.0518686766, 0.0465397128, 0.0912344094, 0.0538765411, 2770.2857, 2692.8095, 756.7150, 17.6829
2025-12-04 05:42:39, 0.0485842333, 0.0493207007, 0.1075608098, 0.0749821691, 2971.6757, 2933.7568, 756.6300, 19.1959
2025-12-04 05:42:44, 0.0530846004, 0.0396090013, 0.0549802692, 0.0618655239, 2895.2000, 2977.0000, 761.4600, 18.5062
2025-12-04 05:42:50, 0.0417988779, 0.0349835133, 0.0665594766, 0.0575168543, 2881.2800, 2844.9000, 756.7050, 18.7040
2025-12-04 05:42:56, 0.0411829058, 0.0390338433, 0.1077228704, 0.1029374345, 3056.3385, 3149.9231, 754.0650, 18.9502
2025-12-04 05:43:02, 0.0303563496, 0.0276256301, 0.1175764921, 0.1010167664, 2787.3846, 2735.8846, 755.9800, 18.5229
2025-12-04 05:43:07, 0.0253122791, 0.0192557746, 0.1344106745, 0.1032127870, 2740.4667, 2878.3467, 757.9700, 18.8034
2025-12-04 05:43:13, 0.0402012212, 0.0230501444, 0.0780154185, 0.1283769815, 2699.7400, 2924.2400, 754.7950, 18.5783
2025-12-04 05:43:19, 0.0262220651, 0.0209982420, 0.1129482698, 0.0785537086, 2983.9615, 2836.8077, 756.8500, 18.3972
2025-12-04 05:43:25, 0.0339342149, 0.0250321625, 0.1131791772, 0.1353767628, 3028.7273, 3064.0682, 757.1750, 18.6878
2025-12-04 05:43:31, 0.0257760107, 0.0221015989, 0.0680577369, 0.0703020319, 2593.0845, 2554.8592, 754.9950, 17.9216
2025-12-04 05:43:37, 0.0327528066, 0.0284124994, 0.0754894163, 0.0519851030, 2745.9800, 2562.4600, 755.7550, 19.9438
2025-12-04 05:43:43, 0.0304329289, 0.0248575234, 0.0876990954, 0.0833538002, 2887.5357, 2856.5536, 754.7100, 17.1932
2025-12-04 05:43:48, 0.0195341998, 0.0161496304, 0.0812638696, 0.0841934705, 3017.7083, 2903.0417, 754.1850, 16.2933
2025-12-04 05:43:54, 0.0214431519, 0.0182762255, 0.1192219945, 0.1100893568, 2785.2794, 2630.8235, 754.9750, 18.0575
2025-12-04 05:44:00, 0.0233251145, 0.0208699409, 0.1393353876, 0.1126312651, 2763.5510, 2627.1020, 754.4550, 18.5423
2025-12-04 05:44:05, 0.0423841466, 0.0318477118, 0.0921554974, 0.1186441459, 2701.3818, 2934.0909, 756.5100, 18.5467
2025-12-04 05:44:11, 0.0364783307, 0.0414600237, 0.2251115022, 0.1446114315, 2975.3265, 2910.0816, 754.2950, 16.0751
2025-12-04 05:44:17, 0.0297860469, 0.0328280546, 0.0814833499, 0.1197244263, 2932.9322, 2977.7627, 755.4500, 19.3778
2025-12-04 05:44:23, 0.0357824155, 0.0387383915, 0.1170452667, 0.1296054118, 2953.6078, 3087.6863, 756.0250, 18.4852
2025-12-04 05:44:29, 0.0192167220, 0.0181884085, 0.1103336000, 0.0884460280, 2879.5000, 2731.8429, 757.3850, 19.5963
2025-12-04 05:44:34, 0.0452778118, 0.0414601769, 0.0770355288, 0.1221190450, 2810.8000, 2845.1000, 760.0300, 18.6435
2025-12-04 05:44:40, 0.0561022169, 0.0531063407, 0.1053542265, 0.1105243130, 2732.0769, 2750.5962, 757.2450, 18.5253
2025-12-04 05:44:47, 0.0210607078, 0.0207977087, 0.1164177139, 0.0611306871, 2610.5769, 2561.2115, 760.8550, 20.0076
2025-12-04 05:44:53, 0.0100721372, 0.0146363110, 0.1090397101, 0.0925469186, 2669.6901, 2478.3099, 757.3700, 18.8996
2025-12-04 05:44:58, 0.0223704059, 0.0231862310, 0.0878955023, 0.1075362434, 2900.4808, 2834.2308, 755.5950, 17.2227
2025-12-04 05:45:04, 0.0363110971, 0.0332805999, 0.0930065871, 0.0735805831, 2927.0652, 2877.6087, 760.1950, 20.1888
2025-12-04 05:45:10, 0.0514525103, 0.0426545319, 0.1551650258, 0.1126554452, 2767.9512, 2741.9268, 758.4200, 18.3688
2025-12-04 05:45:15, 0.0357509283, 0.0300686287, 0.0878121984, 0.1179041566, 2743.6216, 2895.7838, 760.7150, 19.5840
2025-12-04 05:45:21, 0.0493701458, 0.0308974023, 0.1134931643, 0.1247219288, 2870.9615, 3175.8269, 760.2700, 16.3834
2025-12-04 05:45:27, 0.0394123451, 0.0259645834, 0.1503874124, 0.0879479911, 2782.7308, 2789.0769, 759.8250, 18.1746
2025-12-04 05:45:33, 0.0340763349, 0.0234953469, 0.1443305268, 0.1073721723, 2804.6667, 2821.5111, 758.2500, 18.8983
2025-12-04 05:45:39, 0.0352881803, 0.0387644158, 0.1320201960, 0.1105960746, 2864.5763, 2882.6949, 759.2650, 19.0779
2025-12-04 05:45:44, 0.0372023599, 0.0355592457, 0.1096262786, 0.1342025741, 3153.4528, 3022.4717, 763.2750, 17.8989
2025-12-04 05:45:50, 0.0217741935, 0.0185815569, 0.1312686520, 0.1240384432, 2730.4483, 2733.1379, 755.8150, 17.1820
2025-12-04 05:45:56, 0.0322905051, 0.0284986808, 0.0929640871, 0.1055294950, 2856.8462, 2775.2615, 752.5600, 16.1640
2025-12-04 05:46:01, 0.0247746974, 0.0201066590, 0.0744832846, 0.0693864263, 2930.6038, 2761.9811, 757.8700, 18.4023
2025-12-04 05:46:07, 0.0238640157, 0.0265368955, 0.0732937468, 0.0531726532, 3014.2258, 2821.1935, 759.8600, 17.5653
2025-12-04 05:46:13, 0.0408190060, 0.0253854082, 0.0760410752, 0.0944120011, 3089.9032, 2944.4032, 756.4850, 17.6661
2025-12-04 05:46:19, 0.0336534524, 0.0347809029, 0.2206298154, 0.1130523234, 2789.2045, 2816.5455, 757.6750, 18.1546
2025-12-04 05:46:25, 0.0438314690, 0.0345214525, 0.1254165270, 0.0985032156, 3028.8644, 3104.4068, 754.7050, 22.1858
2025-12-04 05:46:30, 0.0461134107, 0.0354365122, 0.0825462667, 0.0879934602, 2787.6087, 2722.9348, 751.6800, 18.1068
2025-12-04 05:46:36, 0.0340564922, 0.0289605500, 0.1015262925, 0.1115171757, 2801.0526, 2849.2632, 755.0250, 17.2834
2025-12-04 05:46:42, 0.0534091214, 0.0566813924, 0.0701905540, 0.0597936091, 2770.0392, 2747.2941, 756.0950, 21.8203
2025-12-04 05:46:48, 0.0533024990, 0.0337242990, 0.0948287078, 0.1166271846, 2912.9423, 2969.4038, 754.8800, 22.3008
2025-12-04 05:46:54, 0.0455921417, 0.0389763044, 0.1392013287, 0.1272718674, 2843.2340, 2807.2553, 752.4850, 19.9807
2025-12-04 05:47:00, 0.0380157166, 0.0245715182, 0.1433770970, 0.1013330572, 2965.1373, 2796.1569, 754.2000, 21.2050
2025-12-04 05:47:05, 0.0399277484, 0.0310970746, 0.0752631811, 0.0719653102, 2776.0526, 2699.1053, 753.9450, 21.4080
2025-12-04 05:47:12, 0.0265143950, 0.0263415313, 0.1323531894, 0.1197216745, 3279.0588, 3098.0392, 757.0050, 22.0423
2025-12-04 05:47:18, 0.0345602818, 0.0304148822, 0.0998874282, 0.0886703739, 2968.1061, 2893.7121, 756.9200, 20.7739
2025-12-04 05:47:23, 0.0378017812, 0.0249299787, 0.1481032913, 0.1142529828, 2947.7600, 2910.5200, 756.2000, 19.7109
2025-12-04 05:47:29, 0.0400786875, 0.0313997998, 0.1035266463, 0.0882130655, 2794.7414, 2878.4828, 753.8850, 22.5719
2025-12-04 05:47:35, 0.0410810293, 0.0459101481, 0.0512135867, 0.0526804108, 2798.9333, 2821.5667, 758.8450, 20.7916
2025-12-04 05:47:41, 0.0457073133, 0.0242516237, 0.0753809095, 0.0703559220, 2713.1017, 2566.6610, 761.2400, 21.2686
2025-12-04 05:47:46, 0.0410506570, 0.0273056301, 0.1414404686, 0.1306604071, 3059.3704, 2916.0185, 757.2250, 20.7912
2025-12-04 05:47:52, 0.0334390145, 0.0334370287, 0.0755263758, 0.0660483175, 3129.0208, 2943.1875, 761.5600, 21.3899
2025-12-04 05:47:58, 0.0345774354, 0.0460820306, 0.0920523666, 0.0974443379, 2849.8800, 2915.6800, 757.0900, 21.5114
2025-12-04 05:48:03, 0.0363629053, 0.0309333766, 0.1065407723, 0.1138829936, 2827.3265, 2738.6531, 761.0050, 22.3673
2025-12-04 05:48:09, 0.0297881221, 0.0267438479, 0.1141938006, 0.1104389303, 2634.3333, 2659.3485, 760.2550, 21.4086
2025-12-04 05:48:15, 0.0217340479, 0.0193482340, 0.0577819228, 0.0627997049, 2961.1091, 2835.7091, 754.6150, 17.3138
2025-12-04 05:48:21, 0.0198878514, 0.0162244362, 0.0717486638, 0.0846949211, 2769.7119, 2533.8814, 755.4800, 18.3861
2025-12-04 05:48:27, 0.0261712569, 0.0215359438, 0.0657901098, 0.0828814556, 2870.7077, 2827.1231, 753.3100, 18.5271
2025-12-04 05:48:33, 0.0338263753, 0.0277114042, 0.0856551806, 0.0755867223, 3082.0161, 2821.4839, 755.4750, 18.8279
2025-12-04 05:48:38, 0.0261136866, 0.0245739362, 0.0866776808, 0.1363461421, 2748.8286, 2724.0000, 753.8350, 18.2293
2025-12-04 05:48:44, 0.0300179003, 0.0257272669, 0.0885364046, 0.0711658533, 2862.3016, 2786.1270, 755.5500, 19.1167
2025-12-04 05:48:50, 0.0338932606, 0.0188323262, 0.1146300047, 0.0877494514, 2834.4462, 2797.2615, 759.4600, 18.0751
2025-12-04 05:48:56, 0.0263861781, 0.0232435689, 0.1048783862, 0.1048251917, 2877.9434, 2884.5094, 759.3050, 18.0428
2025-12-04 05:49:01, 0.0373329879, 0.0253314101, 0.1195236999, 0.1138220273, 2858.1087, 2825.1522, 757.4850, 17.9318
2025-12-04 05:49:07, 0.0404044354, 0.0297537481, 0.0902105373, 0.0988318844, 2857.0200, 2881.1400, 759.1850, 18.9061
2025-12-04 05:49:13, 0.0370885535, 0.0282052809, 0.0925531786, 0.1199037302, 2806.8421, 2895.6491, 758.0900, 18.2722
2025-12-04 05:49:19, 0.0235169892, 0.0290348888, 0.0826871047, 0.0867212029, 2873.9630, 2885.7407, 758.1000, 18.1364
2025-12-04 05:49:25, 0.0335125369, 0.0356580385, 0.1329687264, 0.1958196263, 2852.5800, 2978.8400, 753.3900, 19.7149
2025-12-04 05:49:30, 0.0375516996, 0.0314803299, 0.0832056973, 0.1460240835, 2895.5094, 2989.0189, 752.2500, 18.9546
2025-12-04 05:49:36, 0.0285427813, 0.0168735414, 0.1210970013, 0.1198178263, 2744.3519, 2661.8148, 754.0750, 18.3673
2025-12-04 05:49:42, 0.0308009589, 0.0277368052, 0.1433445398, 0.0893948962, 2829.9804, 2679.6863, 751.8000, 18.2332
2025-12-04 05:49:48, 0.0297405376, 0.0172117955, 0.0757963645, 0.0634865335, 2795.9259, 2778.1296, 749.5500, 20.4230
2025-12-04 05:49:54, 0.0435014936, 0.0312952477, 0.0811102723, 0.0555477668, 2623.0652, 2678.5870, 755.1650, 19.4594
2025-12-04 05:49:59, 0.0316798697, 0.0243437505, 0.1023046177, 0.1242701876, 3064.7288, 2953.4068, 750.6350, 17.3690
2025-12-04 05:50:05, 0.0311308344, 0.0290045605, 0.1232665439, 0.0975478760, 2984.6346, 2854.0385, 752.3900, 18.3883
2025-12-04 05:50:11, 0.0275400336, 0.0271428626, 0.1168715566, 0.1360459340, 2909.2653, 2919.3265, 753.0400, 17.8033
2025-12-04 05:50:17, 0.0240322026, 0.0239651787, 0.0799416830, 0.0843043728, 3042.6620, 2836.8732, 755.2050, 18.2840
2025-12-04 05:50:23, 0.0577598671, 0.0423324813, 0.0512890197, 0.0524199303, 2798.6667, 2832.3016, 752.1150, 17.4929
2025-12-04 05:50:29, 0.0344345891, 0.0301981216, 0.0868090217, 0.0628051056, 2940.9630, 2864.7778, 755.3700, 19.3438
2025-12-04 05:50:34, 0.0353768134, 0.0335405233, 0.0765674655, 0.0821559054, 3034.5962, 3112.8269, 754.5850, 18.9437
2025-12-04 05:50:40, 0.0284479134, 0.0263010924, 0.0771967686, 0.1164278116, 2868.8727, 2968.5455, 753.4350, 18.8716
2025-12-04 05:50:46, 0.0242421709, 0.0242523756, 0.0998085226, 0.0672088343, 2925.2167, 2903.7333, 747.4300, 17.8400
2025-12-04 05:50:52, 0.0115701142, 0.0136418003, 0.1108312967, 0.0925428487, 2765.7536, 2621.8116, 750.0200, 17.7871
2025-12-04 05:50:57, 0.0306298311, 0.0315831568, 0.0777261642, 0.0943777416, 2568.2759, 2548.8621, 748.7300, 17.8546
2025-12-04 05:51:03, 0.0297671043, 0.0221730703, 0.1157394788, 0.0990797373, 2741.3585, 2753.4717, 748.7950, 17.7970
2025-12-04 05:51:09, 0.0270912372, 0.0257814786, 0.0763220528, 0.0772724828, 2918.4143, 2863.1857, 752.4450, 17.3132
2025-12-04 05:51:15, 0.0392232498, 0.0299574283, 0.0859161113, 0.0933137040, 2951.9020, 2951.1176, 746.8150, 18.4527
2025-12-04 05:51:20, 0.0388320753, 0.0327429114, 0.0738514321, 0.0805344698, 2846.0328, 2925.7213, 748.9050, 17.0621
2025-12-04 05:51:27, 0.0441451727, 0.0394269731, 0.0903200872, 0.0762948356, 2985.1186, 3033.0000, 751.5450, 19.5325
2025-12-04 05:51:33, 0.0398653129, 0.0410882979, 0.0687314325, 0.0893069047, 2731.5476, 2686.4286, 751.7500, 19.2514
2025-12-04 05:51:39, 0.0367779231, 0.0292082634, 0.0523037087, 0.0614876347, 2919.4783, 2848.6739, 753.9700, 19.7509
2025-12-04 05:51:45, 0.0317100588, 0.0350610118, 0.0954988953, 0.0729658300, 2730.4167, 2812.7500, 751.5400, 17.7806
2025-12-04 05:51:51, 0.0354800829, 0.0274049729, 0.0871196321, 0.0981566696, 2870.3279, 2846.0000, 751.3700, 18.4985
2025-12-04 05:51:56, 0.0470149404, 0.0438000298, 0.0892442152, 0.0739893674, 3044.7000, 2933.5857, 753.3500, 18.5585
2025-12-04 05:52:02, 0.0351194007, 0.0288212200, 0.0750410493, 0.0789515364, 2854.6667, 2808.6133, 752.6250, 17.2674
2025-12-04 05:52:08, 0.0318263806, 0.0331290152, 0.0585887576, 0.0718838307, 2767.3929, 2836.7500, 752.3150, 17.5569
2025-12-04 05:52:14, 0.0451012726, 0.0343562728, 0.0833990181, 0.0663835373, 3000.7500, 2997.7727, 751.3850, 19.0921
2025-12-04 05:52:19, 0.0335722558, 0.0247939163, 0.0739927792, 0.0830042466, 2575.7143, 2614.8929, 754.1350, 18.6576
2025-12-04 05:52:26, 0.0471580824, 0.0403753219, 0.0559374658, 0.0586466524, 2924.9048, 2917.3968, 759.2800, 17.7534
2025-12-04 05:52:32, 0.0360806235, 0.0329573681, 0.0961197027, 0.0701225718, 2861.7255, 2658.2353, 760.2350, 19.4584
2025-12-04 05:52:37, 0.0218941478, 0.0224384000, 0.0969935685, 0.1006849799, 2893.0333, 2698.0667, 762.4150, 19.8561
2025-12-04 05:52:43, 0.0230329973, 0.0268398099, 0.0628869664, 0.0811457825, 2863.1311, 2754.8525, 754.7600, 18.1459
2025-12-04 05:52:49, 0.0257096198, 0.0218912024, 0.1446254569, 0.1237485966, 2925.7656, 2880.7344, 756.0200, 18.7238
2025-12-04 05:52:55, 0.0429738102, 0.0359674942, 0.1137767324, 0.0988233650, 2862.7500, 2939.1667, 753.2150, 18.1741
2025-12-04 05:53:00, 0.0425550388, 0.0257448639, 0.0595724545, 0.0592153721, 2984.0476, 2980.9365, 752.9400, 18.4078
2025-12-04 05:53:06, 0.0283565016, 0.0255140603, 0.0745284020, 0.0569798606, 2719.7407, 2671.4630, 753.7850, 19.7777
2025-12-04 05:53:12, 0.0448063920, 0.0336002103, 0.0716160515, 0.0580881258, 3060.2041, 2919.5102, 753.2150, 19.6621
2025-12-04 05:53:18, 0.0321898990, 0.0282316845, 0.0515838958, 0.0636363524, 2850.1613, 2987.6452, 755.2250, 17.1407
2025-12-04 05:53:24, 0.0366314843, 0.0385931840, 0.0970279144, 0.0965308037, 3028.2692, 3089.8654, 753.9450, 21.3101
2025-12-04 05:53:30, 0.0287006713, 0.0240007848, 0.0601727250, 0.0610842028, 2838.5000, 2779.0000, 754.8800, 18.4436
2025-12-04 05:53:35, 0.0443696215, 0.0317599693, 0.0663186948, 0.0856635607, 3002.3519, 3052.2222, 750.8950, 19.2165
2025-12-04 05:53:41, 0.0357412103, 0.0397806237, 0.0726426381, 0.0645149866, 2853.9180, 2821.0984, 753.8900, 18.6751
2025-12-04 05:53:47, 0.0360509522, 0.0459624595, 0.0765018105, 0.0729854656, 2860.5082, 2959.6557, 754.4600, 18.1270
2025-12-04 05:53:53, 0.0379836786, 0.0301342038, 0.0632026320, 0.0606414525, 2898.6610, 2918.4746, 752.9400, 18.5916
2025-12-04 05:53:59, 0.0539484720, 0.0379191142, 0.0614663287, 0.0615163490, 2923.5319, 3034.8085, 752.6450, 17.1645
2025-12-04 05:54:05, 0.0409517173, 0.0391356250, 0.1404403400, 0.1209393484, 3043.7447, 3054.5532, 757.3800, 17.7554
2025-12-04 05:54:11, 0.0412494422, 0.0337948817, 0.1008124830, 0.0940546727, 2840.5932, 2826.4407, 754.1200, 18.2706
2025-12-04 05:54:16, 0.0391645935, 0.0306509312, 0.1761152366, 0.1735118183, 2979.3171, 3084.0488, 756.3900, 18.6582
2025-12-04 05:54:22, 0.0254506241, 0.0265691433, 0.0875927706, 0.0788002666, 2823.6615, 2767.0923, 755.2500, 19.7126
2025-12-04 05:54:28, 0.0297261037, 0.0236399610, 0.1010258144, 0.1049933293, 2657.1148, 2731.8033, 756.9650, 19.6722
2025-12-04 05:54:34, 0.0272392460, 0.0221230441, 0.1065582342, 0.0868286236, 2805.1111, 2674.5556, 756.7150, 18.2815
2025-12-04 05:54:39, 0.0236096214, 0.0188989727, 0.1301817274, 0.0914803012, 3087.3200, 3017.6533, 755.8700, 18.0381
2025-12-04 05:54:46, 0.0282170612, 0.0200782088, 0.0892034806, 0.0918042325, 3171.5397, 2915.6984, 756.7650, 17.9485
2025-12-04 05:54:51, 0.0182522487, 0.0181262213, 0.0645329793, 0.0757858474, 2682.3611, 2619.0833, 752.5700, 17.4024
2025-12-04 05:54:57, 0.0352924025, 0.0317344050, 0.0596129890, 0.0475772606, 2992.7500, 2797.4545, 754.7150, 18.0689
2025-12-04 05:55:03, 0.0463747322, 0.0323150305, 0.0420975740, 0.0545019570, 3013.0926, 2886.3148, 753.5550, 19.5202
2025-12-04 05:55:09, 0.0323829145, 0.0307720657, 0.0664271225, 0.1013009192, 3073.6957, 2933.4130, 754.8850, 19.4505
2025-12-04 05:55:15, 0.0341447166, 0.0243341613, 0.0965599442, 0.0639902375, 3187.5263, 3144.5789, 756.7850, 19.2878
2025-12-04 05:55:20, 0.0340318136, 0.0348703312, 0.1399340642, 0.0809666401, 3020.0179, 2955.6786, 755.0550, 19.1343
2025-12-04 05:55:26, 0.0341714182, 0.0247626805, 0.0869271019, 0.0632658994, 3098.5370, 3001.5741, 755.4300, 20.1136
2025-12-04 05:55:32, 0.0468646988, 0.0374496493, 0.0743702483, 0.0562776993, 2860.5789, 2890.8772, 756.3000, 20.2825
2025-12-04 05:55:37, 0.0311476963, 0.0327451130, 0.0796289373, 0.0740999609, 3100.7465, 3061.3662, 755.3700, 18.7348
2025-12-04 05:55:44, 0.0249203096, 0.0312662071, 0.0602585608, 0.0700277725, 2755.2712, 2667.9153, 756.6800, 17.7594
2025-12-04 05:55:49, 0.0392147461, 0.0346942253, 0.1088036556, 0.0675775372, 2722.2182, 2925.7091, 756.0650, 19.5443
2025-12-04 05:55:55, 0.0378374398, 0.0306853509, 0.0669889341, 0.0721113600, 2571.8689, 2662.5738, 757.0100, 19.5192
2025-12-04 05:56:09, 0.0366368411, 0.0366760653, 0.1085826354, 0.0886440318, 2867.9153, 2893.5424, 759.1750, 18.6270
2025-12-04 05:56:15, 0.0349797675, 0.0336603484, 0.1008450099, 0.0555485732, 2927.4340, 2868.5472, 759.6350, 19.8059
2025-12-04 05:56:20, 0.0378405078, 0.0289867008, 0.0548502352, 0.0648328384, 2847.3939, 2983.1970, 761.9050, 19.1535
2025-12-04 05:56:26, 0.0072226380, 0.0439961199, 0.0000067290, 0.0003783038, 771.0000, 745.5000, 759.3850, 18.4999
2025-12-04 06:02:00, 0.0016884686, 0.0031902518, 0.0142048618, 0.0001327530, 744.2500, 777.5000, 758.0850, 16.8448
2025-12-04 06:31:06, 0.0018275800, 0.0009005366, 0.0311489994, 0.0323293221, 704.4545, 661.4545, 752.7250, 17.5137
2025-12-04 17:28:24, 0.0614940354, 0.0583158963, 0.0425738346, 0.0333477899, 4069.8023, 3983.6395, 2116.8550, 43.4100
2025-12-04 17:28:30, 0.0623257151, 0.0605765756, 0.0437682918, 0.0358962163, 4355.6389, 4136.6389, 2083.2500, 43.8790
2025-12-04 17:28:36, 0.0627118094, 0.0482072202, 0.0549270191, 0.0465813146, 4043.3733, 3833.9867, 2057.7800, 40.3964
2025-12-04 17:28:42, 0.0561455722, 0.0599816404, 0.0371780330, 0.0370709287, 4092.9615, 3959.2692, 2030.8950, 40.8309
2025-12-04 17:28:48, 0.0375081481, 0.0403685624, 0.0477599719, 0.0557959308, 3807.8750, 3789.3125, 1996.5750, 43.1666
2025-12-04 17:28:54, 0.0586966663, 0.0564710094, 0.0742152209, 0.0470824953, 4193.1852, 3959.3580, 1972.7350, 45.0524
2025-12-04 17:29:00, 0.0404114658, 0.0419190099, 0.0426383141, 0.0370611201, 4119.9000, 3835.7375, 1950.0150, 41.9583
2025-12-04 17:29:06, 0.0539389378, 0.0466957840, 0.0571774035, 0.0429302805, 3996.4878, 3881.7683, 1914.4450, 42.6177
2025-12-04 17:29:13, 0.0489625759, 0.0677622619, 0.0305146910, 0.0289407128, 3819.1429, 3819.6104, 1887.2600, 40.1616
2025-12-04 17:29:19, 0.0595192349, 0.0542308879, 0.0527119294, 0.0467907616, 3853.1605, 3687.2222, 1853.9850, 38.8181
2025-12-04 17:29:25, 0.0557376051, 0.0551465180, 0.0536335515, 0.0476190894, 4015.3108, 3820.0135, 1835.7400, 40.6153
2025-12-04 17:29:31, 0.0520012439, 0.0404158568, 0.0724661628, 0.0602031234, 3763.4595, 3687.0135, 1817.9600, 37.3218
2025-12-04 17:29:37, 0.0437105411, 0.0364642601, 0.0398066755, 0.0268879770, 4074.1774, 3718.9516, 1793.1450, 41.3512
2025-12-04 17:29:43, 0.0588036892, 0.0527036336, 0.0373833059, 0.0381679413, 3912.2278, 3731.2658, 1767.6450, 41.9335
2025-12-04 17:29:49, 0.0601950317, 0.0539262801, 0.0316561838, 0.0354654203, 3440.5244, 3294.3902, 1757.0500, 36.2327
2025-12-04 17:29:55, 0.0880962314, 0.0595262993, 0.0398245018, 0.0404034803, 3766.7342, 3651.1519, 1733.9000, 38.3084
2025-12-04 17:30:01, 0.0601581413, 0.0420862503, 0.0386592669, 0.0400770650, 3458.2933, 3342.0400, 1712.3100, 40.5999
2025-12-04 17:30:07, 0.0680525287, 0.0561006937, 0.0372729935, 0.0344130026, 3388.2250, 3274.4875, 1682.6500, 37.6138
2025-12-04 17:30:14, 0.0643948300, 0.0651828946, 0.0402437579, 0.0436650935, 3693.4127, 3631.8254, 1656.7750, 38.0490
2025-12-04 17:30:20, 0.0514244955, 0.0521879636, 0.0504227270, 0.0503574107, 3594.3467, 3529.2800, 1635.3250, 36.5030
2025-12-04 17:30:26, 0.0430859826, 0.0350909019, 0.0598665000, 0.0560622423, 3695.8523, 3581.8636, 1607.4800, 37.7313
2025-12-04 17:30:32, 0.0337940301, 0.0351531940, 0.0449113419, 0.0445500267, 3591.2093, 3458.7558, 1580.3800, 38.2096
2025-12-04 17:30:38, 0.0402516791, 0.0374932876, 0.0507904797, 0.0617677382, 3326.1111, 3269.5873, 1565.0900, 36.0601
2025-12-04 17:30:44, 0.0641927822, 0.0576891110, 0.1003147191, 0.0663227886, 3620.5493, 3532.8310, 1548.0500, 34.3569
2025-12-04 17:30:50, 0.0543192766, 0.0443501208, 0.0432736039, 0.0323882834, 3342.6049, 3145.8642, 1539.7950, 36.2741
2025-12-04 17:30:56, 0.0620180697, 0.0621749680, 0.0776494735, 0.0610288075, 3404.8861, 3232.3165, 1529.3350, 35.1207
2025-12-04 17:31:02, 0.0567605228, 0.0451206681, 0.0514432660, 0.0528520318, 3116.5570, 3040.6329, 1510.3000, 35.9430
2025-12-04 17:31:08, 0.0517337901, 0.0514000545, 0.0498743408, 0.0520704377, 3213.9412, 3130.5441, 1495.5750, 31.1863
2025-12-04 17:31:15, 0.0490323209, 0.0586845963, 0.0644667605, 0.0786333602, 3351.7037, 3311.3704, 1467.0150, 34.3973
2025-12-04 17:31:21, 0.0158807288, 0.0365629248, 0.0946410996, 0.0972115694, 3522.4426, 3321.8689, 1449.4950, 35.8805
2025-12-04 17:31:27, 0.0357945010, 0.0264869229, 0.0560750893, 0.0697462451, 3235.0746, 3237.3433, 1436.5050, 34.0204
2025-12-04 17:31:33, 0.0350353016, 0.0323417887, 0.0960615211, 0.1126363307, 3325.6119, 3205.5224, 1420.2800, 32.7318
2025-12-04 17:31:39, 0.0576853850, 0.0682685054, 0.0549428278, 0.0615071669, 3284.6066, 3245.0984, 1400.0100, 31.8148
2025-12-04 17:31:45, 0.0522964051, 0.0550649434, 0.0513480226, 0.0604170286, 3408.0706, 3424.9412, 1379.9550, 32.9615
2025-12-04 17:31:51, 0.0466226168, 0.0441481123, 0.0752304577, 0.0697860024, 3451.6835, 3335.0000, 1363.3000, 33.6479
2025-12-04 17:31:57, 0.0547154528, 0.0554870616, 0.0672799642, 0.0874016160, 3334.3750, 3317.5156, 1344.0800, 32.7708
2025-12-04 17:32:03, 0.0366269663, 0.0377262339, 0.0758717022, 0.0635577792, 3439.7971, 3329.3768, 1329.3350, 32.6256
2025-12-04 17:32:10, 0.0432766076, 0.0434170409, 0.0526066857, 0.0655136214, 3288.5000, 3147.2738, 1313.8700, 33.6543
2025-12-04 17:32:16, 0.0490108412, 0.0466104211, 0.0711975198, 0.0620182443, 3375.6575, 3233.1233, 1300.3200, 31.1969
2025-12-04 17:32:22, 0.0577431782, 0.0532610030, 0.0531592772, 0.0632458997, 3447.3607, 3309.9344, 1286.4200, 33.5363
2025-12-04 17:32:28, 0.0520099340, 0.0447113957, 0.0765871386, 0.0554161208, 3455.8375, 3323.8000, 1275.7900, 29.7455
2025-12-04 17:32:34, 0.0480559325, 0.0571415116, 0.0689153311, 0.0570769799, 3286.8537, 3198.6220, 1260.8800, 31.2345
2025-12-04 17:32:40, 0.0606116767, 0.0567733924, 0.0503311945, 0.0632465392, 3441.2167, 3274.0333, 1247.3500, 30.4024
2025-12-04 17:32:46, 0.0559480339, 0.0590931334, 0.0683481752, 0.0538454421, 3152.4516, 3007.2419, 1234.7550, 29.3712
2025-12-04 17:32:53, 0.0624441360, 0.0529292712, 0.0854107578, 0.0730260726, 3316.0429, 3171.3571, 1224.1450, 28.4298
2025-12-04 17:32:59, 0.0587725559, 0.0607302371, 0.0839793050, 0.0691525371, 3389.8730, 3240.1111, 1214.9250, 31.9377
2025-12-04 17:33:05, 0.0445206344, 0.0556040007, 0.0430899891, 0.0566948521, 3285.3939, 3348.8485, 1200.8800, 29.9380
2025-12-04 17:33:11, 0.0459873181, 0.0354680460, 0.0872771335, 0.0567885173, 3379.4487, 3198.2821, 1189.4700, 29.8273
2025-12-04 17:33:17, 0.0651873692, 0.0566996131, 0.0762368914, 0.0564897705, 3374.9492, 3301.9831, 1183.3000, 30.5387
2025-12-04 17:33:23, 0.0621803131, 0.0664993862, 0.0645954047, 0.0499069880, 3252.5385, 3136.9846, 1172.3750, 30.5481
2025-12-04 17:33:29, 0.0535760931, 0.0410450086, 0.0739734779, 0.1050524242, 3271.0308, 3195.7692, 1163.5850, 29.6034
2025-12-04 17:33:35, 0.0527173321, 0.0604330120, 0.0744800195, 0.0598620864, 3183.0781, 3101.2656, 1153.4100, 26.3540
2025-12-04 17:33:42, 0.0662503200, 0.0856198011, 0.0361228223, 0.0404362553, 3289.9848, 3242.5758, 1140.3000, 25.9925
2025-12-04 17:33:48, 0.0491605861, 0.0526196422, 0.0755022079, 0.0646417866, 3298.8025, 3101.8395, 1132.0450, 28.1786
2025-12-04 17:33:54, 0.0628132406, 0.0453527154, 0.0556135589, 0.0615434830, 3265.4648, 3249.2817, 1120.3900, 28.5659
2025-12-04 17:34:00, 0.0615146115, 0.0539186680, 0.0691392892, 0.0592006175, 3262.1311, 3273.2131, 1108.8350, 28.3836
2025-12-04 17:34:06, 0.0709421188, 0.0643123369, 0.0882687314, 0.0869929362, 3382.7910, 3379.8955, 1103.4100, 26.1117
2025-12-04 17:34:12, 0.0725685694, 0.0646654480, 0.0781783478, 0.0745565783, 3255.1803, 3186.2131, 1092.0000, 25.7447
2025-12-04 17:34:18, 0.0712427411, 0.0608143317, 0.0721958912, 0.0637100182, 3286.2857, 3214.6234, 1082.4600, 27.0909
2025-12-04 17:34:24, 0.0507332556, 0.0698282794, 0.0632482807, 0.0678415947, 3253.1429, 3164.4921, 1066.9950, 26.5529
2025-12-04 17:34:30, 0.0576801200, 0.0621530974, 0.0696917261, 0.0775183399, 3071.5500, 3067.9375, 1065.3250, 26.8600
2025-12-04 17:34:37, 0.0515050407, 0.0528371210, 0.0830443498, 0.0677206409, 3396.2329, 3165.3288, 1054.0900, 28.1944
2025-12-04 17:34:43, 0.0531415590, 0.0503247178, 0.0882456985, 0.0629810642, 3320.2364, 3281.1455, 1045.7450, 26.2747
2025-12-04 17:34:49, 0.0581745059, 0.0651428817, 0.0919617644, 0.1089806787, 3232.6986, 3134.4521, 1039.3900, 24.2381
2025-12-04 17:34:55, 0.0633331644, 0.0533373433, 0.0948856348, 0.1082430977, 3094.2540, 3025.1429, 1032.3500, 25.6706
2025-12-04 17:35:01, 0.0563939496, 0.0506675195, 0.0641106393, 0.0707825801, 3077.8983, 3043.0169, 1026.0250, 26.8322
2025-12-04 17:35:07, 0.0727335454, 0.0558142619, 0.0609957530, 0.0600382148, 3025.7222, 2934.6250, 1020.6900, 23.8093
2025-12-04 17:35:14, 0.0963267008, 0.0604202446, 0.0575438284, 0.0658291336, 3257.7536, 3038.8841, 1017.1550, 26.0866
2025-12-04 17:35:20, 0.0720846337, 0.0594877040, 0.1055646615, 0.0829662729, 3194.6338, 3034.9014, 1011.7650, 25.0382
2025-12-04 17:35:26, 0.0664917452, 0.0587087639, 0.1106403108, 0.0700836974, 3056.7077, 2920.7846, 1005.9550, 25.7799
2025-12-04 17:35:32, 0.0623435880, 0.0670993108, 0.0679350566, 0.0587616720, 2988.0597, 3062.7313, 993.9300, 24.3851
2025-12-04 17:35:38, 0.0616940311, 0.0580436383, 0.0786447903, 0.0563262817, 3137.5057, 3049.5862, 990.7400, 25.2238
2025-12-04 17:35:44, 0.0633830590, 0.0800221403, 0.0705032255, 0.0641633722, 2821.9219, 2827.5469, 983.2900, 25.0581
2025-12-04 17:35:50, 0.0710055480, 0.0629816072, 0.0707378176, 0.0639086207, 3228.6154, 3082.6000, 980.7250, 25.7282
2025-12-04 17:35:56, 0.0804193796, 0.0605689168, 0.0683871666, 0.0723144707, 2952.0781, 2880.9219, 973.7900, 26.0178
2025-12-04 17:36:02, 0.0537632034, 0.0590864290, 0.0727666294, 0.0755877664, 3145.5484, 3044.2903, 971.0300, 27.9542
2025-12-04 17:36:08, 0.0757766768, 0.0592863908, 0.0741866014, 0.0947732042, 3217.7541, 3278.7541, 962.0150, 25.3776
2025-12-04 17:36:15, 0.0578631079, 0.0642737118, 0.0543762670, 0.0574473502, 2988.1622, 3007.7432, 959.0950, 24.3923
2025-12-04 17:36:21, 0.0556980617, 0.0751519335, 0.0923785758, 0.0981160705, 3067.0000, 3077.1571, 956.3600, 26.1285
2025-12-04 17:36:27, 0.0735646715, 0.0718260146, 0.0549594009, 0.0741427924, 3059.8169, 3035.3239, 949.6950, 24.2961
2025-12-04 17:36:33, 0.0659971187, 0.0636587830, 0.0753741717, 0.0693200400, 3006.3289, 2943.9737, 942.3100, 25.9912
2025-12-04 17:36:39, 0.0511965487, 0.0526856717, 0.0889879829, 0.0649343670, 3137.9605, 3100.6447, 939.3350, 25.1424
2025-12-04 17:36:45, 0.0629654543, 0.0619923125, 0.0696629080, 0.0579818670, 3222.2857, 3153.6364, 936.2000, 24.4606
2025-12-04 17:36:51, 0.0541635419, 0.0609551331, 0.0782292940, 0.0619935595, 3261.4091, 3192.1818, 934.2250, 25.5639
2025-12-04 17:36:58, 0.0581617230, 0.0512552358, 0.0887876250, 0.1037791563, 3036.0000, 3011.6119, 927.0250, 22.8314
2025-12-04 17:37:04, 0.0723120647, 0.0521434685, 0.1046416265, 0.0530149174, 3166.1231, 3068.7538, 918.6700, 23.7889
2025-12-04 17:37:10, 0.0616861707, 0.0691440460, 0.0725854851, 0.0532343598, 3204.4324, 3051.5811, 916.9300, 21.6496
2025-12-04 17:37:16, 0.0682455760, 0.0674863758, 0.0886822082, 0.0969132838, 3325.7797, 3139.0000, 911.4250, 22.5101
2025-12-04 17:37:22, 0.0656404250, 0.0458118849, 0.0577236946, 0.0518653758, 3237.0145, 3088.5652, 908.9950, 21.3664
2025-12-04 17:37:28, 0.0499987235, 0.0495610336, 0.0618850710, 0.0556719597, 2898.4722, 2739.4722, 905.3550, 23.9361
2025-12-04 17:37:34, 0.0605056999, 0.0588307948, 0.0859170171, 0.0804677925, 2856.6494, 2808.5325, 898.7050, 20.8973
2025-12-04 17:37:40, 0.0519035758, 0.0442341200, 0.0886845964, 0.1071078409, 3110.1270, 3038.6825, 895.4300, 23.6788
2025-12-04 17:37:46, 0.0502842105, 0.0566548447, 0.0985186582, 0.0859622540, 3281.6875, 3195.7250, 890.0650, 21.1429
2025-12-04 17:37:53, 0.0720516039, 0.0637218990, 0.0539194789, 0.0610395953, 3032.8548, 2962.1452, 887.5200, 21.9023
2025-12-04 17:37:59, 0.0620839512, 0.0600961290, 0.1004297374, 0.1068225733, 3249.1250, 3174.8125, 886.3150, 23.4245
2025-12-04 17:38:05, 0.0510279797, 0.0455268984, 0.1337381189, 0.1151288780, 3318.2063, 3182.3492, 880.8100, 21.9846
2025-12-04 17:38:11, 0.0389553238, 0.0426716842, 0.0686547453, 0.0858469397, 3008.1970, 2960.2273, 881.6650, 21.5031
2025-12-04 17:38:17, 0.0485762418, 0.0448630792, 0.0648750104, 0.0689859571, 3021.7612, 2822.7612, 876.3000, 22.0150
2025-12-04 17:38:23, 0.0475266473, 0.0453225630, 0.0482495542, 0.0560292811, 2941.1528, 2920.3333, 873.9250, 20.7916
2025-12-04 17:38:30, 0.0417231872, 0.0499334101, 0.1213910099, 0.0911262059, 2898.9385, 2799.1385, 870.9750, 21.7530
2025-12-04 17:38:36, 0.0421202458, 0.0475796326, 0.0834766871, 0.0696247743, 3029.2373, 2970.7966, 867.0200, 20.7608
2025-12-04 17:38:42, 0.0453561929, 0.0469653008, 0.1075094984, 0.0874203125, 3152.0390, 3043.0390, 863.2900, 20.7703
2025-12-04 17:38:48, 0.0650626373, 0.0519793681, 0.0902666969, 0.0773572878, 3066.5897, 3017.7821, 861.5050, 22.2011
2025-12-04 17:38:54, 0.0438949739, 0.0390236572, 0.0740718976, 0.1014565551, 2952.0545, 3020.4182, 861.7750, 19.5608
2025-12-04 17:39:00, 0.0437329082, 0.0408301948, 0.0793599177, 0.1066641799, 3159.6170, 3022.7660, 861.8700, 20.8368
2025-12-04 17:39:06, 0.0505786221, 0.0577804988, 0.0867575909, 0.1011340950, 2950.2317, 2855.0000, 859.8150, 21.1837
2025-12-04 17:39:12, 0.0420574213, 0.0554013844, 0.1238146070, 0.1015717523, 2888.8939, 2870.4848, 855.8850, 21.4218
2025-12-04 17:39:18, 0.0549889161, 0.0629679611, 0.0821503059, 0.0878684431, 2869.0833, 2870.8833, 852.3700, 21.5382
2025-12-04 17:39:24, 0.0508538421, 0.0492956480, 0.1242101926, 0.1033937237, 3334.8462, 3142.0615, 851.3850, 19.5713
2025-12-04 17:39:30, 0.0448148771, 0.0414605406, 0.0751700565, 0.0515782553, 2918.2297, 2775.7162, 845.2700, 22.2577
2025-12-04 17:39:37, 0.0500980496, 0.0622338336, 0.0945865402, 0.0513713224, 2942.1207, 2825.6897, 847.2100, 19.9029
2025-12-04 17:39:43, 0.0484729727, 0.0469870823, 0.0931621517, 0.0608514201, 3098.9412, 2928.5686, 842.6550, 18.8935
2025-12-04 17:39:49, 0.0436419085, 0.0353695500, 0.1065413621, 0.1112983766, 2893.1270, 2810.6667, 845.7250, 19.7509
2025-12-04 17:39:55, 0.0505779100, 0.0433345901, 0.1246165573, 0.0905109211, 3098.8133, 2988.6533, 837.3600, 20.4017
2025-12-04 17:40:01, 0.0525677051, 0.0449218862, 0.0539479518, 0.0873452006, 2722.0500, 2768.6500, 837.3750, 21.9903
2025-12-04 17:40:07, 0.0503478209, 0.0468938832, 0.0692682046, 0.0802202623, 2922.3286, 2712.8571, 836.1550, 18.7516
2025-12-04 17:40:13, 0.0489792076, 0.0500070810, 0.0785078123, 0.0736394595, 3059.9394, 2880.3788, 831.9200, 22.1742
2025-12-04 17:40:20, 0.0428111799, 0.0377510908, 0.0989444983, 0.0604701179, 2868.2500, 2844.4531, 835.4700, 19.7879
2025-12-04 17:40:26, 0.0483042535, 0.0503841557, 0.1023878780, 0.1052772143, 2849.6508, 2780.8413, 834.7950, 20.5451
2025-12-04 17:40:32, 0.0489096302, 0.0405964790, 0.0832454546, 0.0718182781, 2900.4110, 2706.3562, 835.0050, 20.7419
2025-12-04 17:40:38, 0.0567446506, 0.0511182537, 0.1229647276, 0.0733082088, 3173.9000, 2933.9857, 836.0450, 20.8042
2025-12-04 17:40:44, 0.0505040957, 0.0391693059, 0.1729927148, 0.1198453971, 2812.6604, 2684.8679, 834.0550, 21.6620
2025-12-04 17:40:50, 0.0426200506, 0.0536721726, 0.1056687768, 0.0778616806, 2799.5616, 2744.3836, 831.8000, 19.4561
2025-12-04 17:40:56, 0.0570517457, 0.0449495664, 0.0706944720, 0.0659447483, 2921.0938, 2770.8438, 829.2100, 21.5580
2025-12-04 17:41:02, 0.0510596749, 0.0457359512, 0.0631538771, 0.0578880323, 2863.1186, 2674.3898, 832.7900, 21.2225
2025-12-04 17:41:08, 0.0523773374, 0.0516504216, 0.0541708297, 0.0643102721, 2901.4058, 2867.5652, 829.6350, 21.1814
2025-12-04 17:41:14, 0.0509378185, 0.0395089525, 0.0895779109, 0.0644902207, 2621.8246, 2667.4386, 828.9000, 19.5179
2025-12-04 17:41:21, 0.0692451472, 0.0454912485, 0.0637048073, 0.0648508983, 2646.7286, 2626.0286, 828.0200, 20.4306
2025-12-04 17:41:27, 0.0587848110, 0.0466247832, 0.0812826747, 0.1051558328, 2693.6825, 2589.5079, 831.0350, 19.8417
2025-12-04 17:41:33, 0.0413555511, 0.0347932554, 0.0611834704, 0.0598937725, 2521.0182, 2302.4182, 828.5150, 21.8335
2025-12-04 17:41:39, 0.0425539690, 0.0365518647, 0.0771405850, 0.0846900543, 2627.2712, 2610.0000, 823.7000, 21.1272
2025-12-04 17:41:45, 0.0432859682, 0.0422171711, 0.0863211677, 0.0842662278, 2690.3043, 2675.8406, 828.0650, 20.1921
2025-12-04 17:41:51, 0.0461578730, 0.0401244445, 0.0782424306, 0.0667619934, 2587.2031, 2516.4688, 824.5150, 20.9081
2025-12-04 17:41:57, 0.0308873712, 0.0298917774, 0.0623482568, 0.0681940076, 2479.1905, 2447.0833, 821.7200, 19.5914
2025-12-04 17:42:03, 0.0444216457, 0.0422079320, 0.0912288251, 0.0716321989, 2588.1014, 2556.7971, 819.8500, 19.2312
2025-12-04 17:42:09, 0.0509448154, 0.0468188559, 0.0782985836, 0.0778219691, 2393.8793, 2403.0172, 820.8800, 19.1676
2025-12-04 17:42:16, 0.0569066490, 0.0473787663, 0.0642417087, 0.0802220564, 2321.4247, 2250.2329, 818.3700, 19.8034
2025-12-04 17:42:22, 0.0445797380, 0.0371247645, 0.1169255987, 0.0946016971, 2643.4355, 2474.0161, 818.9300, 20.9985
2025-12-04 17:42:28, 0.0519026909, 0.0397625160, 0.0717985304, 0.0805206491, 2371.1529, 2302.4471, 814.9050, 21.8075
2025-12-04 17:42:34, 0.0479616400, 0.0379360833, 0.0881056567, 0.1217047869, 2569.4828, 2476.4310, 812.1700, 20.3755
2025-12-04 17:42:40, 0.0492992955, 0.0528569352, 0.0715795994, 0.0507901912, 2526.4103, 2416.4103, 809.2350, 22.4268
2025-12-04 17:42:46, 0.0663965372, 0.0415513860, 0.0616130345, 0.0518594605, 2512.3553, 2366.2368, 811.3350, 20.9307
2025-12-04 17:42:52, 0.0598475497, 0.0537834719, 0.0439832070, 0.0473523610, 2318.3836, 2253.3425, 809.9400, 21.3149
2025-12-04 17:42:58, 0.0572267222, 0.0424143029, 0.0499278285, 0.0497362091, 2518.1892, 2484.4595, 810.2400, 20.5149
2025-12-04 17:43:04, 0.0511522119, 0.0516654322, 0.0789115396, 0.0632939935, 2614.6582, 2391.8608, 804.0450, 19.6197
2025-12-04 17:43:10, 0.0579670829, 0.0434557261, 0.0755312410, 0.0603191842, 2526.6087, 2520.7681, 804.9500, 18.9499
2025-12-04 17:43:16, 0.0516210208, 0.0531329154, 0.0959509106, 0.0848438481, 2458.7123, 2402.7534, 804.3700, 20.7257
2025-12-04 17:43:22, 0.0661835384, 0.0437696873, 0.0712243170, 0.0579198651, 2530.4923, 2442.2154, 804.5600, 19.8403
2025-12-04 17:43:28, 0.0534086181, 0.0445924245, 0.0534532074, 0.0715025147, 2372.4603, 2361.7778, 803.9100, 19.2528
2025-12-04 17:43:35, 0.0761152259, 0.0459732022, 0.0864767421, 0.0653098561, 2359.2899, 2296.2754, 802.9250, 20.3728
2025-12-04 17:43:41, 0.0552132523, 0.0556709402, 0.0866926622, 0.0708037652, 2392.6406, 2366.6719, 802.3550, 22.7936
2025-12-04 17:43:47, 0.0403458375, 0.0448202725, 0.0925975011, 0.0732123596, 2693.0317, 2597.6825, 792.1000, 18.5836
2025-12-04 17:43:54, 0.0471714800, 0.0495993623, 0.0804965798, 0.0647228267, 2303.5867, 2217.0000, 797.6050, 20.1301
2025-12-04 17:44:00, 0.0403569213, 0.0432510635, 0.0880519332, 0.0811506402, 2355.7778, 2258.5972, 794.9450, 19.5837
2025-12-04 17:44:06, 0.0458137999, 0.0397163651, 0.0694107034, 0.0795137918, 2377.0317, 2260.5397, 790.6350, 17.7463
2025-12-04 17:44:12, 0.0597318000, 0.0414040436, 0.0509657385, 0.0543347093, 2287.9688, 2203.7188, 790.2800, 20.3573
2025-12-04 17:44:18, 0.0442506769, 0.0367447852, 0.0624958758, 0.0619230304, 2597.4627, 2490.0448, 792.1300, 20.0901
2025-12-04 17:44:24, 0.0498861586, 0.0420826203, 0.0660601338, 0.0407529252, 2402.9600, 2300.2933, 794.1100, 17.5390
2025-12-04 17:44:30, 0.0626748738, 0.0489018366, 0.0736843443, 0.0634508552, 2599.6389, 2446.1111, 791.0850, 18.6182
2025-12-04 17:44:36, 0.0554023273, 0.0503522494, 0.0766545485, 0.0808504728, 2462.8000, 2435.3250, 790.9100, 18.0810
2025-12-04 17:44:42, 0.0375697021, 0.0403062920, 0.0791263668, 0.0487912198, 2293.3485, 2131.2727, 788.8800, 18.8689
2025-12-04 17:44:48, 0.0548522139, 0.0380742002, 0.0909639306, 0.1120464347, 2521.1525, 2481.8305, 789.2100, 18.1057
2025-12-04 17:44:54, 0.0424226920, 0.0401146300, 0.0541521714, 0.0526575874, 2395.8444, 2279.9778, 790.4450, 18.5450
2025-12-04 17:45:00, 0.0721099104, 0.0556967906, 0.0486136084, 0.0632570672, 2390.1220, 2360.4512, 790.7650, 19.0344
2025-12-04 17:45:07, 0.0598944709, 0.0532491641, 0.0496543492, 0.0695635469, 2248.4848, 2251.7879, 791.1000, 19.3848
2025-12-04 17:45:13, 0.0579248483, 0.0402137118, 0.0676105882, 0.0596309322, 2290.5882, 2297.0882, 789.2650, 17.9807
2025-12-04 17:45:19, 0.0672721128, 0.0409312305, 0.0797691529, 0.0602613274, 2304.0909, 2121.6061, 788.1850, 19.4466
2025-12-04 17:45:25, 0.0559623137, 0.0528263681, 0.0729694933, 0.0731769752, 2213.7750, 2200.5625, 786.6350, 18.1588
2025-12-04 17:45:31, 0.0580150687, 0.0540212885, 0.0886473310, 0.0864671733, 2206.2118, 2144.3059, 788.5500, 18.7967
2025-12-04 17:45:37, 0.0479827837, 0.0525032378, 0.0460222334, 0.0366684067, 2056.2571, 1994.4571, 788.8250, 18.0689
2025-12-04 17:45:43, 0.0600993615, 0.0553851294, 0.0603924532, 0.0442256051, 2076.6753, 2025.3377, 789.7400, 18.0738
2025-12-04 17:45:50, 0.0669323542, 0.0427047774, 0.0574143077, 0.0715496256, 2005.7500, 1939.6471, 788.3850, 17.9086
2025-12-04 17:45:57, 0.0603857181, 0.0480800259, 0.0603641624, 0.0400091578, 2105.7432, 2040.3243, 781.3200, 18.7557
2025-12-04 17:46:03, 0.0581983762, 0.0438296012, 0.0502428813, 0.0557136964, 1873.4096, 1863.9157, 785.1450, 18.2045
2025-12-04 17:46:09, 0.0383762934, 0.0335147831, 0.0563350451, 0.0370606948, 1784.8974, 1761.9103, 785.4650, 20.6876
2025-12-04 17:46:15, 0.0485186581, 0.0511168146, 0.0328524882, 0.0361992769, 1803.0976, 1756.6951, 784.3400, 18.9051
2025-12-04 17:46:21, 0.0477796552, 0.0506808251, 0.0596974281, 0.0505163967, 1919.7714, 1933.3286, 786.3850, 19.8453
2025-12-04 17:46:27, 0.0430376439, 0.0424782331, 0.0721394200, 0.0467193702, 2097.9851, 1947.7015, 785.1600, 18.8320
2025-12-04 17:46:33, 0.0618040575, 0.0493463762, 0.0472444674, 0.0461189870, 1960.9067, 1818.7867, 781.6400, 19.4023
2025-12-04 17:46:39, 0.0343636854, 0.0357183510, 0.0727018932, 0.0731089594, 1977.3030, 1900.2879, 783.3800, 19.9227
2025-12-04 17:46:45, 0.0361290719, 0.0413712869, 0.0792423356, 0.0456490038, 1831.2368, 1710.9342, 781.4700, 19.3582
2025-12-04 17:46:51, 0.0510729902, 0.0347410352, 0.0477935890, 0.0554828801, 1776.0111, 1686.3556, 782.5350, 19.7676
2025-12-04 17:46:58, 0.0390051129, 0.0421936143, 0.0412403937, 0.0506978602, 1743.2639, 1659.3889, 780.9150, 19.7580
2025-12-04 17:47:04, 0.0401497271, 0.0305233226, 0.0533061602, 0.0450461275, 1772.7273, 1714.3636, 781.0300, 20.0172
2025-12-04 17:47:10, 0.0295986100, 0.0373400579, 0.0594741430, 0.0514924741, 1737.6176, 1557.4559, 781.1100, 18.4713
2025-12-04 17:47:16, 0.0515088447, 0.0376861545, 0.0490121369, 0.0385747300, 1665.8621, 1644.8276, 784.8700, 21.9516
2025-12-04 17:47:22, 0.0607819300, 0.0449003053, 0.0552812040, 0.0444308362, 1760.2821, 1699.8590, 783.9200, 20.1761
2025-12-04 17:47:29, 0.0469490323, 0.0388705314, 0.0450937846, 0.0400854229, 1864.8495, 1779.1505, 781.3650, 20.2406
2025-12-04 17:47:35, 0.0557554898, 0.0441344867, 0.0509651729, 0.0368460918, 1631.0000, 1599.5362, 783.1550, 17.4287
2025-12-04 17:47:40, 0.0345124049, 0.0388176236, 0.0578019570, 0.0458966858, 1698.2809, 1631.7640, 779.6050, 18.7430
2025-12-04 17:47:46, 0.0409028767, 0.0356221477, 0.0429272657, 0.0275715636, 1675.5000, 1535.8026, 784.6700, 18.1122
2025-12-04 17:47:52, 0.0493912310, 0.0434201534, 0.0484626310, 0.0371819798, 1720.2235, 1636.6118, 782.8400, 18.2761
2025-12-04 17:47:59, 0.0554731798, 0.0400690934, 0.0480706845, 0.0354387143, 1744.7719, 1649.5789, 778.0050, 19.7450
2025-12-04 17:48:05, 0.0339527314, 0.0302774599, 0.0473822533, 0.0550028178, 1772.6111, 1737.5556, 781.2750, 18.2880
2025-12-04 17:48:11, 0.0404633080, 0.0345970680, 0.0497112684, 0.0406312048, 1675.6235, 1638.0471, 780.6900, 18.0860
2025-12-04 17:48:17, 0.0296461680, 0.0297541663, 0.0614119559, 0.0426792433, 1843.7356, 1759.1724, 780.0900, 18.7585
2025-12-04 17:48:23, 0.0396914792, 0.0495410629, 0.0491312736, 0.0571525183, 1770.7846, 1777.0923, 782.3300, 17.7626
2025-12-04 17:48:29, 0.0427556629, 0.0351966140, 0.0838119789, 0.0709642465, 1841.0548, 1747.0685, 779.4850, 18.1188
2025-12-04 17:48:36, 0.0512760639, 0.0397916773, 0.0707731378, 0.0459074632, 2042.2923, 1929.3538, 778.6250, 17.7962
2025-12-04 17:48:42, 0.0470025646, 0.0411968875, 0.0718846890, 0.0484531124, 2031.9041, 1999.2055, 780.5100, 19.7482
2025-12-04 17:48:48, 0.0387474986, 0.0284322189, 0.0817401462, 0.0467752244, 1886.5000, 1872.5833, 778.9300, 18.7025
2025-12-04 17:48:54, 0.0349628881, 0.0321072188, 0.0445432338, 0.0524937315, 1860.7639, 1792.1250, 774.8250, 17.6387
2025-12-04 17:49:00, 0.0430170297, 0.0272257263, 0.0866718749, 0.0819479915, 2040.1791, 1881.2687, 774.7300, 19.9055
2025-12-04 17:49:06, 0.0326536855, 0.0301518450, 0.0633308052, 0.0548505714, 1918.2817, 1820.0141, 773.9750, 19.4701
2025-12-04 17:49:12, 0.0303618041, 0.0296335381, 0.1219203847, 0.1205438761, 1996.7907, 1909.3605, 777.0000, 17.1143
2025-12-04 17:49:18, 0.0322012996, 0.0315115126, 0.1165657088, 0.0554200536, 2124.0882, 2061.8676, 775.3150, 17.7428
2025-12-04 17:49:24, 0.0280560382, 0.0250282808, 0.0967200438, 0.1081955114, 2087.0735, 2134.5000, 771.0550, 18.3265
2025-12-04 17:49:30, 0.0304260547, 0.0246408442, 0.0880540886, 0.1043692896, 2352.2969, 2279.0469, 772.9900, 19.4139
2025-12-04 17:49:36, 0.0427862115, 0.0335311227, 0.1487364719, 0.1214572693, 2165.1846, 2254.3385, 770.0350, 17.7906
2025-12-04 17:49:42, 0.0379795347, 0.0268156301, 0.1092405947, 0.0741724461, 2234.4138, 2142.4655, 772.4500, 19.0682
2025-12-04 17:49:48, 0.0357445997, 0.0284743992, 0.0868155194, 0.0904900610, 2319.2400, 2380.5733, 771.6600, 19.6243
2025-12-04 17:49:54, 0.0336129393, 0.0358185553, 0.0875364793, 0.0768809070, 2448.2429, 2326.7286, 773.0250, 19.4171
2025-12-04 17:50:00, 0.0433930399, 0.0331131409, 0.0839144188, 0.0787019694, 2396.6986, 2401.5753, 769.2950, 18.5736
2025-12-04 17:50:06, 0.0380695209, 0.0386252945, 0.1474377374, 0.0868100265, 2662.9219, 2455.0625, 771.2100, 18.2920
2025-12-04 17:50:13, 0.0411946130, 0.0343284373, 0.1182686045, 0.1162797825, 2537.0182, 2420.1091, 773.4050, 18.0602
2025-12-04 17:50:19, 0.0426032694, 0.0398899569, 0.1078075649, 0.1159404737, 2516.9286, 2413.5893, 773.0200, 17.3410
2025-12-04 17:50:25, 0.0298617986, 0.0357303574, 0.1214402470, 0.1132892881, 2721.8679, 2683.4151, 774.2600, 19.3184
2025-12-04 17:50:31, 0.0418152370, 0.0374518709, 0.0844275955, 0.0731236295, 2301.4348, 2285.6522, 772.8100, 18.2897
2025-12-04 17:50:37, 0.0550613018, 0.0368625916, 0.0584071149, 0.0583527771, 2525.4545, 2507.2879, 769.3050, 19.7226
2025-12-04 17:50:43, 0.0408404541, 0.0315907212, 0.0850725071, 0.0829156059, 2594.2941, 2521.2941, 775.6250, 18.5185
2025-12-04 17:50:49, 0.0334022864, 0.0280152167, 0.1129224682, 0.0633271096, 2347.6232, 2267.4928, 770.3450, 17.6115
2025-12-04 17:50:55, 0.0353003709, 0.0266811718, 0.0521858223, 0.0647202468, 2361.6029, 2373.3382, 772.9100, 18.9792
2025-12-04 17:51:01, 0.0416666348, 0.0320779444, 0.0542515449, 0.0719447794, 2495.3690, 2508.9643, 771.9800, 16.9935
2025-12-04 17:51:07, 0.0310942277, 0.0219601758, 0.0721626321, 0.1122335459, 2574.3235, 2511.6912, 774.1600, 18.1081
2025-12-04 17:51:13, 0.0289704672, 0.0242812072, 0.1131334584, 0.0782325158, 2501.5270, 2379.6216, 768.1400, 18.2379
2025-12-04 17:51:19, 0.0423220397, 0.0316630510, 0.0996712202, 0.0792662383, 2720.0395, 2498.8421, 773.4450, 20.3336
2025-12-04 17:51:25, 0.0267554894, 0.0200535668, 0.0793547373, 0.0637095262, 2578.2614, 2519.7386, 776.6100, 18.7584
2025-12-04 17:51:31, 0.0240648164, 0.0209692358, 0.1194472447, 0.1217349701, 2563.3433, 2363.5373, 773.7850, 19.5233
2025-12-04 17:51:37, 0.0302455645, 0.0237770293, 0.0891699991, 0.0820112657, 2589.4024, 2532.1585, 771.1900, 17.8766
2025-12-04 17:51:43, 0.0293163729, 0.0236480241, 0.0821425831, 0.1046438306, 2632.6400, 2540.8400, 773.2950, 20.8257
2025-12-04 17:51:49, 0.0364281385, 0.0310523839, 0.0985401811, 0.0918676955, 2603.3654, 2476.8269, 776.8750, 20.4917
2025-12-04 17:51:55, 0.0334055892, 0.0267558614, 0.0753654897, 0.1021544129, 2738.4154, 2594.2769, 774.6100, 19.3620
2025-12-04 17:52:01, 0.0325180113, 0.0210628830, 0.1018121121, 0.0992829365, 2634.1585, 2492.3049, 777.5550, 20.2254
2025-12-04 17:52:07, 0.0286625718, 0.0283061622, 0.0790686667, 0.1144137331, 2659.8025, 2692.1852, 775.3550, 20.0980
2025-12-04 17:52:13, 0.0370828769, 0.0296994973, 0.0830832171, 0.0882652078, 2755.6508, 2599.6032, 778.8250, 18.3140
2025-12-04 17:52:19, 0.0219735683, 0.0243378821, 0.1091463862, 0.0885278284, 2599.7647, 2491.9412, 778.7000, 19.7449
2025-12-04 17:52:25, 0.0312287252, 0.0246723556, 0.1175701137, 0.1264254144, 2641.0149, 2633.1940, 780.4700, 21.1809
2025-12-04 17:52:31, 0.0279194482, 0.0254090290, 0.1590573012, 0.0885768948, 2744.4925, 2581.8060, 778.8350, 20.1407
2025-12-04 17:52:37, 0.0359220309, 0.0327044644, 0.1037840281, 0.0954569368, 2903.2840, 2752.6420, 777.6700, 22.2859
2025-12-04 17:52:43, 0.0362779169, 0.0240727455, 0.1054633941, 0.1304356295, 2797.5538, 2834.7538, 776.0750, 18.1132
2025-12-04 17:52:49, 0.0290949896, 0.0245818792, 0.1314226705, 0.1226331254, 2723.0000, 2736.4189, 774.8550, 17.9528
2025-12-04 17:52:55, 0.0270795257, 0.0247395497, 0.1215890040, 0.1507822599, 2559.4375, 2468.5625, 778.4950, 21.6259
2025-12-04 17:53:01, 0.0265341758, 0.0226943997, 0.1109439477, 0.0610262773, 2691.9130, 2377.9275, 777.6050, 17.6374
2025-12-04 17:53:07, 0.0300857055, 0.0287434120, 0.1119211818, 0.1094760293, 2971.0000, 2737.3333, 774.4750, 19.3551
2025-12-04 17:53:13, 0.0269518217, 0.0274056159, 0.0596376335, 0.0488370162, 2905.7273, 2654.0000, 777.4750, 19.2486
2025-12-04 17:53:19, 0.0336353151, 0.0339479946, 0.0856631461, 0.0610364801, 2620.1379, 2528.2759, 775.4200, 17.8195
2025-12-04 17:53:25, 0.0275056599, 0.0232282536, 0.0882428012, 0.0975567866, 2634.1486, 2488.8514, 778.3850, 18.4915
2025-12-04 17:53:31, 0.0274752378, 0.0216428106, 0.1252467614, 0.1514660226, 2867.2687, 2706.5075, 770.4400, 19.1788
2025-12-04 17:53:37, 0.0303788579, 0.0194549945, 0.1023302417, 0.0668855393, 2611.6824, 2415.2941, 775.2100, 19.4408
2025-12-04 17:53:43, 0.0367275090, 0.0274016730, 0.0982398191, 0.0858444670, 2936.5714, 2765.5556, 770.5950, 16.8722
2025-12-04 17:53:49, 0.0287927112, 0.0235921353, 0.1164346528, 0.1230644000, 3070.4242, 2819.1667, 768.3650, 16.8482
2025-12-04 17:53:55, 0.0325066094, 0.0277852520, 0.0784672364, 0.0784325960, 2693.1061, 2645.7879, 769.9250, 20.3570
2025-12-04 17:54:01, 0.0342073933, 0.0282158673, 0.0622787263, 0.0649504505, 2669.6667, 2631.7407, 768.5950, 18.9782
2025-12-04 17:54:07, 0.0255480266, 0.0231161125, 0.1436886369, 0.0888619918, 2913.7703, 2695.2838, 765.9850, 20.1357
2025-12-04 17:54:13, 0.0300184084, 0.0311189406, 0.1065006083, 0.0962153727, 2882.1014, 2801.8116, 767.7000, 18.3270
2025-12-04 17:54:19, 0.0318936074, 0.0199630496, 0.0894772334, 0.0925388607, 2921.4928, 2626.7391, 767.3250, 20.5815
2025-12-04 17:54:25, 0.0380533539, 0.0354325349, 0.1151304291, 0.0587706631, 2982.7879, 2854.4394, 767.7050, 18.8878
2025-12-04 17:54:31, 0.0312251450, 0.0280248697, 0.0793448321, 0.0850517632, 3041.6212, 2910.4545, 771.1950, 18.3065
2025-12-04 17:54:37, 0.0344453983, 0.0311071269, 0.0799828229, 0.0549945900, 2763.6143, 2634.0857, 773.7200, 16.9694
2025-12-04 17:54:43, 0.0353775592, 0.0310293161, 0.0912749853, 0.0979622777, 2903.1887, 2871.0943, 772.6850, 19.8183
2025-12-04 17:54:49, 0.0318946685, 0.0260428903, 0.0813783553, 0.1541829186, 2848.3623, 2814.8406, 767.1100, 20.3789
2025-12-04 17:54:55, 0.0264621453, 0.0208911841, 0.1661582762, 0.0887269177, 2714.6615, 2524.8462, 768.0900, 18.8349
2025-12-04 17:55:01, 0.0290401533, 0.0237595882, 0.1350480610, 0.1094239706, 2764.2537, 2643.0896, 766.0050, 18.5684
2025-12-04 17:55:07, 0.0353777069, 0.0310369036, 0.0895963634, 0.0812039266, 2749.0290, 2570.5072, 767.7450, 19.8212
2025-12-04 17:55:13, 0.0333340971, 0.0234837475, 0.1431024410, 0.1037545711, 2972.5873, 2744.2698, 771.4150, 19.7130
2025-12-04 17:55:19, 0.0244659104, 0.0208098903, 0.1015345482, 0.0932897247, 2755.1250, 2673.0833, 767.4500, 20.2980
2025-12-04 17:55:25, 0.0279483590, 0.0221385679, 0.0898487938, 0.1022189283, 2851.9143, 2661.1143, 767.8000, 17.8393
2025-12-04 17:55:31, 0.0331710842, 0.0234308025, 0.0906364117, 0.0793931678, 2888.6024, 2853.9518, 762.0800, 15.9648
2025-12-04 17:55:37, 0.0313011621, 0.0263881171, 0.0974946992, 0.0987829200, 3159.1286, 2970.9000, 763.7250, 17.2832
2025-12-04 17:55:43, 0.0364467896, 0.0348424788, 0.0836937634, 0.0625122688, 2730.8472, 2542.0000, 767.0250, 16.9710
